Date,Close,High,Low,Open,Volume
2015-01-02,9.123822212219238,9.237037576727543,8.997287729303324,9.230377699963336,5228700
2015-01-05,8.864092826843262,9.12382165353518,8.817474327469231,9.103842659586746,5411400
2015-01-06,8.664299964904785,8.963987379434384,8.62434134657785,8.864091786298083,7171200
2015-01-07,8.67762279510498,8.744220309114525,8.611025916216402,8.73090055226423,4932000
2015-01-08,8.81081771850586,8.904054116708826,8.717581955423894,8.757539958138736,6674400
2015-01-09,8.591044425964355,8.857433789362826,8.571065430123738,8.830794916535062,5302400
2015-01-12,8.577725410461426,8.624343279691493,8.357954548204207,8.571065533394036,9183300
2015-01-13,8.6709623336792,8.777517833028476,8.591045074046367,8.637663581352331,6227800
2015-01-14,8.750875473022461,8.770854462413297,8.537763924077936,8.604361402208216,4677000
2015-01-15,8.724237442016602,8.910709509421828,8.710917691070174,8.75753554914131,7513500
2015-01-16,8.904052734375,8.917372489959421,8.744219478087377,8.750879355879587,6423000
2015-01-20,8.717583656311035,8.983972510121763,8.611028114786743,8.950673744615141,6672500
2015-01-21,8.790840148925781,8.804159908747472,8.58438895265841,8.637666721702963,5309500
2015-01-22,8.604364395141602,8.864093888048995,8.551086648153548,8.83079513740125,4864700
2015-01-23,8.444534301757812,8.664305248780247,8.444534301757812,8.611027481933661,7662200
2015-01-26,8.477829933166504,8.477829933166504,8.311336802019126,8.437871937358834,4682200
2015-01-27,8.477829933166504,8.517788564095067,8.357955310622598,8.417892939454998,3538500
2015-01-28,8.20478343963623,8.537769788778883,8.191464315933475,8.484492023725744,5554400
2015-01-29,8.284695625305176,8.311334493484779,8.14484140858208,8.178140152586764,5447100
2015-01-30,8.20413589477539,8.351836731442914,8.170567289980813,8.20413589477539,6475000
2015-02-02,8.298123359680176,8.304837205569457,8.177277335011018,8.217559129811542,5405000
2015-02-03,8.378687858581543,8.539816963760115,8.291410420288807,8.291410420288807,8190100
2015-02-04,8.405542373657227,8.519674544297665,8.318264304123625,8.331691354677043,5828300
2015-02-05,8.506248474121094,8.526389372406305,8.398829496243158,8.445825138997852,3305000
2015-02-06,8.103425025939941,8.492819062032446,8.069857082351005,8.45925111844351,7097700
2015-02-09,7.955724716186523,8.163848794989004,7.922156130495554,8.089998418682885,7783500
2015-02-10,8.163850784301758,8.190705531344816,7.740888038172837,7.88187562021581,11226000
2015-02-11,8.009437561035156,8.123570416158122,7.928873305701496,8.090001816368817,9966500
2015-02-12,7.9624409675598145,8.083287666176538,7.9423000645462825,8.056432915402572,4403100
2015-02-13,7.9624409675598145,8.083287666176538,7.8751628674774885,7.949013912306714,4336600
2015-02-17,7.8147406578063965,7.955728268445897,7.747603456447471,7.955728268445897,5690200
2015-02-18,7.942298412322998,7.982580850237937,7.774456094834739,7.808024686385917,5922600
2015-02-19,7.955724716186523,8.03628893768434,7.902015235187979,7.915442285303857,4350600
2015-02-20,7.98258113861084,7.989294344949488,7.814738815059231,7.962439598791937,5632400
2015-02-23,8.002721786499023,8.036290378207239,7.902016651642013,7.9892940937086845,3463700
2015-02-24,8.136998176574707,8.157139082085372,7.95572874644304,7.96915580336087,6940600
2015-02-25,8.05643081665039,8.170563637774345,7.969152739304566,8.13028120197335,9024400
2015-02-26,8.479394912719727,8.553245310247712,8.13699639276073,8.13699639276073,11809400
2015-02-27,8.707658767700195,8.734513510288183,8.439110701552753,8.512961723870395,13541900
2015-03-02,8.49282169342041,8.667377871343717,8.425685145173688,8.667377871343717,8969000
2015-03-03,8.727804183959961,8.741231882340799,8.492824584438495,8.492824584438495,9570200
2015-03-04,8.559961318969727,8.727803697773055,8.53310656397191,8.674094187777419,7084500
2015-03-05,8.526392936706543,8.613671052784264,8.5062520300018,8.580102448097774,6011000
2015-03-06,8.210844993591309,8.512961645250483,8.183990251251334,8.405542675890583,7885800
2015-03-09,8.183990478515625,8.271268553611092,8.136994838182519,8.230986759116309,7395500
2015-03-10,8.136998176574707,8.20413538196738,8.110143422471207,8.136998176574707,10515700
2015-03-11,8.090001106262207,8.170565354524275,8.029577759998725,8.130282910259375,7554500
2015-03-12,8.123568534851074,8.15042328040977,8.063145197277098,8.11685468839449,6946800
2015-03-13,8.002721786499023,8.089999868833328,7.942298449477764,8.083286022438159,7016800
2015-03-16,8.063143730163574,8.143707952180756,8.0295751442562,8.056429884928594,5400700
2015-03-17,8.183990478515625,8.210845221601339,8.049716763087051,8.056430608925375,5414700
2015-03-18,8.486108779907227,8.533104429330008,8.15713731314465,8.210846809704314,6143000
2015-03-19,8.405542373657227,8.5398160805291,8.371973786872374,8.472678906959393,4109700
2015-03-20,8.620384216308594,8.620384216308594,8.385404642455901,8.418973244473118,9076500
2015-03-23,8.647235870361328,8.707659204280668,8.573385484608579,8.613667280376406,3821100
2015-03-24,8.519676208496094,8.714373281558517,8.465966715255954,8.606954295078237,4734200
2015-03-25,8.392115592956543,8.526389314390327,8.304837513957683,8.526389314390327,5064400
2015-03-26,8.365262031555176,8.43239922189937,8.277983940214803,8.371975878643134,3967500
2015-03-27,8.378687858581543,8.479393629351602,8.318265164440634,8.378687858581543,3532800
2015-03-30,8.55324649810791,8.593528946160614,8.37869029032584,8.405545682539504,3694100
2015-03-31,8.627094268798828,8.640521319537045,8.512961456320024,8.553243248802222,4051300
2015-04-01,8.613666534423828,8.694230759250136,8.486106671849061,8.633807430563518,5371200
2015-04-02,8.620384216308594,8.660666026514992,8.53310610717096,8.593529462748386,3860700
2015-04-06,8.949357032775879,8.98292564201476,8.627099920725755,8.633813130359158,7424500
2015-04-07,8.82179069519043,8.935923499760232,8.82179069519043,8.935923499760232,3424900
2015-04-08,8.808363914489746,8.915782885111836,8.754654429178702,8.875501091262336,5015800
2015-04-09,8.761371612548828,8.801653421743659,8.680807353891355,8.781512517146243,2901000
2015-04-10,8.862072944641113,8.868786790027059,8.721085392873906,8.77479487542641,2411700
2015-04-13,8.707658767700195,8.848646326354022,8.707658767700195,8.841932480640132,3576500
2015-04-14,8.909071922302246,8.909071922302246,8.721088036125408,8.741229578387896,3806000
2015-04-15,8.96278190612793,9.003063712297175,8.915785611906788,8.935927155259177,4993300
2015-04-16,8.915786743164062,9.009778703264512,8.86207723461176,8.929214440436061,3877900
2015-04-17,8.835222244262695,8.95606895541033,8.815081339160699,8.841936092719303,2823200
2015-04-20,8.888930320739746,8.996349317685478,8.84193466964292,8.84864851701896,2949500
2015-04-21,8.949357032775879,8.989639491916128,8.727805108174428,8.895647514100858,10480800
2015-04-22,9.103767395019531,9.123908293428894,8.848647000853001,9.009775468663141,8470900
2015-04-23,8.93592357635498,9.144047652165623,8.929209731259796,9.070197276921121,4945000
2015-04-24,9.036629676818848,9.177617237849589,8.909069807442263,8.949351601869573,4989100
2015-04-27,8.895645141601562,9.137337911178857,8.882217445380036,9.090342254939111,4778000
2015-04-28,8.98963451385498,8.98963451385498,8.815078354688644,8.888928741904735,3413900
2015-04-29,9.029915809631348,9.043343501253739,8.808364020002493,8.909069786367704,7989500
2015-04-30,8.895645141601562,9.016491846524108,8.828507941029526,9.009777998413345,6241600
2015-05-01,8.976822853088379,8.997116920852694,8.827998184164247,8.956528140187283,3362800
2015-05-04,9.227117538452148,9.281235476906918,9.003880881042047,9.078292885133175,5057000
2015-05-05,9.118880271911621,9.200057818102897,9.091821304893415,9.200057818102897,7864900
2015-05-06,9.098587036132812,9.145940716577545,8.997116061862295,9.125646005614065,6778000
2015-05-07,9.159469604492188,9.23388160705337,9.051233729808033,9.125645732369215,4461000
2015-05-08,9.240644454956055,9.355645207510628,9.179761627705215,9.281233221502134,6244500
2015-05-11,9.254175186157227,9.362411047610378,8.929466956661146,8.9903497900127,6797700
2015-05-12,9.274470329284668,9.281235232697695,9.037703870922352,9.179763616912402,8164600
2015-05-13,9.037702560424805,9.132409259064278,8.997114436105461,9.118879454200094,46067600
2015-05-14,9.159469604492188,9.193293476615162,9.024174761136992,9.132410635821149,9334000
2015-05-15,9.267704963684082,9.30152883392569,9.12564522477866,9.172998901171578,4707600
2015-05-18,9.294759750366211,9.308289550432251,9.186523930383386,9.240641840374797,3979600
2015-05-19,9.213587760925293,9.254176537465368,9.003880910022271,9.254176537465368,7772500
2015-05-20,9.220353126525879,9.328589009206972,9.200059059807362,9.240647193244397,7149900
2015-05-21,9.321823120117188,9.328588023354023,9.179763377827058,9.213587248874552,4188200
2015-05-22,9.267704963684082,9.328587801091643,9.200057868337531,9.287999027774381,4367900
2015-05-26,9.078290939331055,9.267703683324829,9.04446707376231,9.254174524179275,5193500
2015-05-27,9.09182071685791,9.233880445799594,9.05799749412525,9.220351285733853,4055900
2015-05-28,9.01740837097168,9.112115068274235,8.997114309098489,9.05799713985466,3498600
2015-05-29,9.200058937072754,9.200058937072754,8.990351433323205,9.017410403632494,7877800
2015-06-01,9.227117538452148,9.287999735361227,9.13917572717897,9.193293665633739,5456900
2015-06-02,9.098587036132812,9.179763944576571,8.990351158207801,9.172999686058798,5670500
2015-06-03,8.895644187927246,9.09858677579828,8.726525472224168,9.091821872337349,7423400
2015-06-04,8.807700157165527,8.902406194251292,8.79417035464671,8.848288274449,5949000
2015-06-05,8.895644187927246,8.956527028802226,8.780643409638216,8.85505605743506,8965600
2015-06-08,8.848289489746094,8.902407416981388,8.807701366887914,8.87534845336374,4516900
2015-06-09,9.139174461364746,9.139174461364746,8.834760938435048,8.841525195952482,9146200
2015-06-10,9.01064395904541,9.23388058721011,8.99711479877248,9.227116329641962,5886500
2015-06-11,9.145938873291016,9.186526996764341,9.010643408015685,9.06476133607118,4962400
2015-06-12,9.030939102172852,9.145939873147087,9.003880135186952,9.118880261024527,3640200
2015-06-15,9.09182071685791,9.11887968212601,8.983584855785507,9.017408723654787,5385800
2015-06-16,9.186529159545898,9.200058967313387,9.017410433272762,9.112117152234946,3959700
2015-06-17,9.247408866882324,9.287996986141078,9.145937923598915,9.206820102487047,5207500
2015-06-18,9.369176864624023,9.389470929342941,9.206822411462623,9.247411186037144,5044800
2015-06-19,9.369176864624023,9.450353768636381,9.315058928615784,9.38270602605774,6009000
2015-06-22,9.430057525634766,9.48417609798105,9.315057414166581,9.396234304981137,4468300
2015-06-23,9.274470329284668,9.45035394720315,9.247411360769263,9.430059236964073,5309400
2015-06-24,9.227117538452148,9.335353415361686,9.15946979281533,9.281235476906918,5063500
2015-06-25,9.152706146240234,9.240647969591182,9.112118009393214,9.227118805687777,4029100
2015-06-26,9.105351448059082,9.152704480809826,9.017409640710067,9.125645512789875,5044700
2015-06-29,8.9024076461792,9.145938970144464,8.895642743816476,9.0715263344277,4530100
2015-06-30,8.97005558013916,8.997114545058603,8.82799585302794,8.936231712705705,6799700
2015-07-01,8.922701835632324,9.037702596895544,8.895642870931367,8.997114472412411,4997500
2015-07-02,8.997116088867188,9.064763190205003,8.90240937283018,8.976822022979515,3617500
2015-07-06,8.929471015930176,8.997118782658863,8.86858815490174,8.956529993594266,3919700
2015-07-07,8.956526756286621,9.02417449856425,8.90917372377429,8.942997594913104,8859100
2015-07-08,8.733291625976562,9.024176065073732,8.64534980380447,8.922704434042796,7149300
2015-07-09,8.800936698913574,8.882113591926828,8.7874068941764,8.7874068941764,6932200
2015-07-10,8.861821174621582,8.902409306092656,8.814467494389707,8.821232398013791,6068600
2015-07-13,8.827997207641602,8.922703276823531,8.807703142122147,8.909174114856132,4851900
2015-07-14,8.875350952148438,8.963292769949256,8.827997913769828,8.827997913769828,6135600
2015-07-15,8.915936470031738,8.922700726513705,8.827994684400904,8.861818547356844,6103400
2015-07-16,9.030939102172852,9.05123316612811,8.888879364212716,8.929467492123234,4576000
2015-07-17,8.936230659484863,9.051231408122698,8.888877637741004,9.03093734810912,4233400
2015-07-20,8.848289489746094,8.909172319169944,8.753582794516038,8.909172319169944,5091500
2015-07-21,8.753585815429688,8.807704406478205,8.706232774041139,8.807704406478205,3617400
2015-07-22,8.909173965454102,8.94299783751046,8.726525443431791,8.726525443431791,5692200
2015-07-23,8.753585815429688,8.929469462211157,8.712997678564305,8.888881325345775,4408000
2015-07-24,8.65211009979248,8.740051875123454,8.577698126113864,8.740051875123454,3495300
2015-07-27,8.746820449829102,8.787408581561285,8.584465987490198,8.611524957023894,5414800
2015-07-28,8.63858413696289,8.800937945994717,8.597995362136588,8.746820009650774,5980600
2015-07-29,8.679171562194824,8.685936464972906,8.59122976148967,8.658877498997215,6472300
2015-07-30,8.651901245117188,8.760988020208917,8.631447759251998,8.69280886705216,4720300
2015-07-31,8.726895332336426,8.835981418332421,8.699623810837426,8.733713375262266,4256500
2015-08-03,8.679171562194824,8.822347243631247,8.631446551784185,8.740532661411077,3023700
2015-08-04,8.563268661499023,8.747351321908617,8.542814526849977,8.665536733926071,2903500
2015-08-05,8.583719253540039,8.713258811644447,8.563265775987622,8.597354688506874,2677200
2015-08-06,8.590540885925293,8.610994372024775,8.413275605850849,8.576904795055905,5253400
2015-08-07,8.61781120300293,8.720079269292913,8.576903586364232,8.61781120300293,4149100
2015-08-10,8.645082473754883,8.713260965853715,8.52917832196193,8.576903331451563,3423100
2015-08-11,8.420092582702637,8.726897436077067,8.365549526556272,8.624628718149244,5916000
2015-08-12,8.904157638549805,8.931429151140291,8.406451721018243,8.406451721018243,7759600
2015-08-13,8.631444931030273,9.00642885011417,8.610991451866973,8.870071238684856,5960000
2015-08-14,8.733715057373047,8.76780397815904,8.59053937937662,8.60417481765012,3262300
2015-08-17,8.77462100982666,8.856435580639905,8.638263391804587,8.726896006070037,4593400
2015-08-18,8.740533828735352,8.774623405097646,8.692808811950893,8.760987964675481,3080100
2015-08-19,8.54963207244873,8.692807755608102,8.48827097249407,8.679171666638396,4928900
2015-08-20,8.39281940460205,8.597355499836885,8.379183318144054,8.460997886278864,5791500
2015-08-21,8.181466102600098,8.40645636840524,8.126923047265791,8.290552213268711,5420800
2015-08-24,7.861026287078857,7.997383944880715,7.601946412153028,7.683761657038743,16765000
2015-08-25,7.7314839363098145,8.113285242925102,7.72466589328345,8.038288720248191,9287700
2015-08-26,7.9428391456604,7.963293277513384,7.7723919481122845,7.8814787007148235,8578600
2015-08-27,8.092836380004883,8.120107917460988,7.942842598893935,8.01783981455178,8194900
2015-08-28,8.24964427947998,8.276915803949151,8.051925564527373,8.086014482460516,4923800
2015-08-31,8.181466102600098,8.229191113466488,8.058743902995653,8.201919585799335,6464400
2015-09-01,7.799661636352539,8.045105959133581,7.731483163516709,8.031469874443832,6132200
2015-09-02,7.717846870422363,7.929201625976136,7.6496683994275525,7.908748149698122,5959000
2015-09-03,7.799661636352539,7.847387282562355,7.6701220828214485,7.738301205861584,6344100
2015-09-04,7.520130634307861,7.717849369564042,7.49967715140674,7.717849369564042,4799600
2015-09-08,7.717846870422363,7.745118388861145,7.561035801950441,7.663303833544799,7716800
2015-09-09,7.704214572906494,7.881479840030369,7.683761088301293,7.765575676926647,5740900
2015-09-10,7.663308620452881,7.82012043708205,7.642855131398536,7.656490574033201,6734000
2015-09-11,7.588308334350586,7.663304857527313,7.533765290184897,7.636033335444469,3949800
2015-09-14,7.54740047454834,7.670122644932655,7.492857432200722,7.581490038566689,5485900
2015-09-15,7.581491947174072,7.615581519774322,7.49285931849523,7.574673902613119,5604700
2015-09-16,7.622396945953369,7.63603238018683,7.567853908610944,7.60194281929674,7226200
2015-09-17,7.615581035614014,7.75875671126906,7.54058450082498,7.622399079741509,6194500
2015-09-18,7.458771705627441,7.581493939150816,7.417864727922774,7.533768915093809,9536700
2015-09-21,7.3496832847595215,7.561038104681889,7.329229802252352,7.499677006955896,5736900
2015-09-22,7.14514684677124,7.34968363212329,7.111057924382996,7.31559405953053,9721400
2015-09-23,6.913336277008057,7.1655979678085755,6.9133362770080575,7.1587799261156375,8352600
2015-09-24,6.817887783050537,6.872430833298585,6.715619726386557,6.851977352006679,10031700
2015-09-25,6.790616035461426,6.92697365661438,6.75652646762208,6.8724306081531985,8741400
2015-09-28,6.688347816467285,6.851976957797489,6.674711729587563,6.763344343692526,6557900
2015-09-29,6.449722766876221,6.722438056091152,6.4224512379547285,6.6883491325926885,7961200
2015-09-30,6.674713134765625,6.695166619186719,6.456540900395164,6.4974478692373525,11244700
2015-10-01,6.742889404296875,6.817885915291545,6.626985291720577,6.7224352784039265,8680300
2015-10-02,6.879247188568115,6.879247188568115,6.674710475240773,6.68834655955793,5792100
2015-10-05,7.0019731521606445,7.0974231934404575,6.913340506540361,6.92015790219989,6932900
2015-10-06,7.131512641906738,7.131512641906738,6.920157775422003,6.981518886666108,9134500
2015-10-07,7.1792378425598145,7.329231601579675,7.145148263209212,7.192873934381913,9647600
2015-10-08,7.336052417755127,7.363323961493051,7.138333563103962,7.151969009870478,5153600
2015-10-09,7.308775424957275,7.390589995174166,7.261049771344119,7.342864991765414,4889000
2015-10-12,7.301957607269287,7.390590223628453,7.2610499957941235,7.315593044291391,3739100
2015-10-13,7.247415542602539,7.39740927143376,7.240597498063731,7.254233587141348,6091200
2015-10-14,7.206508159637451,7.336048409264153,7.199690765081732,7.2542338227547,5219300
2015-10-15,7.3496832847595215,7.35650132899674,7.165600641786027,7.2405971777819715,5732500
2015-10-16,7.3496832847595215,7.376954811503909,7.2405971777819715,7.376954811503909,4815100
2015-10-19,7.32241153717041,7.32241153717041,7.172418469702329,7.28150457338983,8835900
2015-10-20,7.417861461639404,7.445132984835695,7.220142755915199,7.288321238803724,5857200
2015-10-21,7.336052417755127,7.547406719172809,7.315598272298017,7.46559208795904,4407900
2015-10-22,7.526951313018799,7.526951313018798,7.3292325085634165,7.370140138887337,6531500
2015-10-23,7.533768177032471,7.608764728946958,7.445135533749192,7.5542216638810356,6876400
2015-10-26,7.417861461639404,7.533765597774739,7.349682328546478,7.492857987878103,5762700
2015-10-27,7.4110426902771,7.431496168114002,7.329228128725153,7.383771169759783,6140600
2015-10-28,7.581491947174072,7.6428530478136185,7.370137767420655,7.417862778938295,6819300
2015-10-29,7.567732810974121,7.615890900726796,7.478295889930037,7.533333894248741,5062400
2015-10-30,7.533329963684082,7.615886927087496,7.5126908868593345,7.574608773438,4194600
2015-11-02,7.581490993499756,7.629649072793089,7.5058132619192355,7.553971341212568,4724800
2015-11-03,7.519571304321289,7.588368450405798,7.409495345702499,7.526450559656613,8388300
2015-11-04,7.4438934326171875,7.609008023143535,7.423254354840563,7.533330311121826,5298800
2015-11-05,6.79719877243042,7.361338535030808,6.7765596888511626,7.2099837245387635,12512200
2015-11-06,7.017349720001221,7.037988800560249,6.611444084414586,6.721520711640003,8551800
2015-11-09,6.810959815979004,7.03799176610465,6.749042548212315,6.989833672473397,6001500
2015-11-10,6.927914142608643,6.962313054130282,6.838477235094248,6.85223706214477,6384600
2015-11-11,6.914156913757324,6.969194925209524,6.790321059937449,6.948555834941161,3917400
2015-11-12,6.694000720977783,6.927912475719016,6.694000720977782,6.769678439337892,7210300
2015-11-13,6.742161750793457,6.8109589246772755,6.687123749244509,6.7146427500189825,5439800
2015-11-16,6.749040603637695,6.8109578535644095,6.652723788021759,6.7215216071909465,5320300
2015-11-17,6.563290119171143,6.824721042270387,6.5357711091662205,6.755923189205603,5588400
2015-11-18,6.694000720977783,6.707760544717623,6.535766684596659,6.583924755477087,4158500
2015-11-19,6.583925247192383,6.714640958065241,6.5013682669011565,6.687121964634832,5628600
2015-11-20,6.6527252197265625,6.749042056070437,6.590807300370127,6.618326302739124,3592600
2015-11-23,6.645846843719482,6.707764777410831,6.5908088262393765,6.652726759930726,5665400
2015-11-24,6.810959815979004,6.838478820354694,6.611446870229048,6.6320866155894285,5932800
2015-11-25,6.79719877243042,6.824717769237643,6.645843961938376,6.645843961938376,3414000
2015-11-27,6.872875690460205,6.893515429666119,6.762799705780483,6.80407852808769,3529100
2015-11-30,6.872875690460205,6.934793595868705,6.865995777391567,6.879755603528843,5934700
2015-12-01,6.865996360778809,6.941674098754739,6.824718191068917,6.89351601539164,5685100
2015-12-02,6.604565620422363,6.879755581229703,6.604565620422362,6.872875668183364,6522100
2015-12-03,6.549527168273926,6.707761220598883,6.535767343147629,6.577046162421943,8198300
2015-12-04,6.411931991577148,6.604565620241635,6.398172821589467,6.549527628081673,7114600
2015-12-07,6.336254596710205,6.39817249879247,6.1642607158615075,6.370653504100862,6041600
2015-12-08,6.329376697540283,6.37753544564951,6.239939772314343,6.267458775760417,5166400
2015-12-09,6.370654106140137,6.48761000865818,6.29497637150808,6.322495368800288,4657500
2015-12-10,6.384413242340088,6.432571979420499,6.301856250908213,6.370654071820431,3841400
2015-12-11,6.171140670776367,6.329374727309422,6.164260758030254,6.308735645175674,5028900
2015-12-14,6.074825763702393,6.294977791708206,6.026667671602319,6.226180611008788,8153300
2015-12-15,6.363775253295898,6.4394523444346765,6.116104236392365,6.122983494783339,9588900
2015-12-16,6.446330547332764,6.460090372670787,6.281216579903981,6.391292558189836,6392500
2015-12-17,6.329376697540283,6.535769551438239,6.301857694094209,6.446332626212299,5173700
2015-12-18,6.233058452606201,6.315615435647429,6.150500813460395,6.308735523034516,10816500
2015-12-21,6.3018574714660645,6.3844144788877655,6.198661376215133,6.246819466518265,6410900
2015-12-22,6.391293525695801,6.40505335311677,6.288097444457265,6.322495700800322,5072600
2015-12-23,6.563290119171143,6.5908091291760655,6.405055975669074,6.411935236091591,4075600
2015-12-24,6.59080696105957,6.638965048699829,6.54952878768356,6.556408045843071,1518200
2015-12-28,6.508249282836914,6.625205188773571,6.460091200194056,6.577047106130713,3747700
2015-12-29,6.61144495010376,6.632084689469855,6.515128790813821,6.570166783580822,3064000
2015-12-30,6.535768032073975,6.645844020269004,6.535768032073975,6.611445109931896,3101100
2015-12-31,6.583925247192383,6.694001220914016,6.44633028004034,6.535767172715307,5060200
2016-01-04,6.487611293792725,6.522009555143468,6.343136365363355,6.494490552400006,4813500
2016-01-05,6.577048301696777,6.5976873899947925,6.384414623899344,6.515130380697944,4393800
2016-01-06,6.350014686584473,6.522008592367645,6.3293756015998035,6.466970595005405,4588100
2016-01-07,6.191780090332031,6.329375072229595,6.184900177210996,6.253697996212091,7402900
2016-01-08,6.2812180519104,6.329376139670186,6.040426300901995,6.198661048848737,8175600
2016-01-11,6.212419509887695,6.343135241844892,6.061065349659427,6.27433741911956,7406300
2016-01-12,6.019787311553955,6.267458324745895,5.971629223015043,6.260579066458013,6157100
2016-01-13,5.94411039352417,6.246819418405623,5.895951647487181,6.054186402571971,8486900
2016-01-14,6.088582992553711,6.116101984298736,5.854671234668734,5.957867289686451,10538000
2016-01-15,5.875311851501465,5.950988934572163,5.723957029255378,5.937229763152349,8596100
2016-01-19,5.999147891998291,6.0679450637974925,5.799634978402594,5.944109892117044,8836700
2016-01-20,5.930351257324219,5.985389268279514,5.655161202547744,5.916592082637817,9920300
2016-01-21,6.267456531524658,6.377533161997777,5.909709614826846,5.94410852084316,10491700
2016-01-22,6.308736324310303,6.460091140495161,6.239938501652277,6.384413404350401,5393900
2016-01-25,6.0129075050354,6.322496441105667,6.0129075050354,6.281218266218836,7285300
2016-01-26,6.219301223754883,6.260580060560481,6.033548098391823,6.061067104227271,4372000
2016-01-27,6.246819496154785,6.3362564186454655,6.164262488341413,6.219300493550328,4714200
2016-01-28,6.3018574714660645,6.425693310651002,6.253699381162933,6.3431363032293016,5352200
2016-01-29,6.615208625793457,6.622172162673356,6.34363666419229,6.350600201072187,11456200
2016-02-01,6.587355136871338,6.643062103705307,6.475941203203401,6.594318673745441,6064600
2016-02-02,6.468977451324463,6.6082448637806515,6.455051042118546,6.517720879664277,7765200
2016-02-03,6.7892937660217285,6.8171472523447925,6.517721776312241,6.552538800235944,9212100
2016-02-04,6.824110507965088,7.039974852029182,6.754476462995044,6.754476462995044,8354700
2016-02-05,6.7892937660217285,6.942488272838324,6.643062796805773,6.643062796805773,8137700
2016-02-08,6.573429584503174,6.761441139141511,6.489869114912662,6.740551187763779,6015300
2016-02-09,6.622173309326172,6.712697312201114,6.406308277227536,6.496832280102478,5530300
2016-02-10,6.636099815368652,6.6987703308677595,6.44112539476664,6.615209864895468,4248700
2016-02-11,6.2670392990112305,6.545574113335533,6.246149353956753,6.531647704659008,8645900
2016-02-12,6.385417461395264,6.399343871599072,6.183479532844158,6.274003523446992,6144600
2016-02-16,6.531649112701416,6.587356087575156,6.4063080871957405,6.46201506206948,4704600
2016-02-17,6.698770046234131,6.782330508655902,6.531649121390588,6.573429020561712,6398100
2016-02-18,6.754477024078369,6.796257587346933,6.615209586649032,6.71269712488933,4311100
2016-02-19,6.552539348602295,6.712697406422776,6.503795909477587,6.712697406422776,4271100
2016-02-22,6.817147254943848,6.824110792547142,6.636099261735164,6.726623258339505,4768200
2016-02-23,6.6709160804748535,6.817147045248498,6.622172646910132,6.761440074294679,4175100
2016-02-24,6.984267234802246,7.060864809990723,6.489867420728743,6.615208424433955,7188700
2016-02-25,6.9424896240234375,7.0190865602997,6.629137675882841,6.984269529599716,6824300
2016-02-26,6.872853755950928,7.0608652738603235,6.8241103242319525,6.970341283468332,4623500
2016-02-29,6.824110507965088,6.9424879859664825,6.810183433339292,6.85892753045011,4281200
2016-03-01,7.046938419342041,7.081755441975286,6.796257051725734,6.845000484964592,5069600
2016-03-02,7.158352375030518,7.16531591238719,6.921597417539402,7.005158537660538,4193600
2016-03-03,7.276728630065918,7.28369216625155,7.026047304097412,7.165314707413248,4893400
2016-03-04,7.513484477996826,7.534374425060773,7.151389184544161,7.262803120991135,6368500
2016-03-07,7.583120822906494,7.652754222290092,7.4368898208974,7.47866972771163,6156000
2016-03-08,7.395105838775635,7.569190253052121,7.367252359054571,7.555263845231259,6293500
2016-03-09,7.311546325683594,7.513484245258344,7.290656379266736,7.443850205096255,9489500
2016-03-10,7.5274128913879395,7.5274128913879395,7.262804413206874,7.311547853055115,4153900
2016-03-11,7.5970458984375,7.666679949630175,7.541338923115171,7.617935848163491,4683300
2016-03-14,7.631861209869385,7.6666782276455985,7.52741082062012,7.5691907106880745,4162000
2016-03-15,7.6388258934021,7.6597158415732265,7.555265436638111,7.583118922226107,6634000
2016-03-16,7.931285381317139,7.94521178778213,7.5970429931267915,7.610970063671057,8630500
2016-03-17,8.028776168823242,8.056629659535915,7.854691685849142,7.917362205972554,6899200
2016-03-18,8.091443061828613,8.147150018282428,8.028772569798246,8.028772569798246,8059800
2016-03-21,8.035736083984375,8.105370111405936,8.014846141389627,8.077516633253172,6269900
2016-03-22,8.035736083984375,8.11233298288465,7.93824857841005,8.007882605831611,6774400
2016-03-23,7.868618488311768,8.063592916487966,7.85469141140225,8.063592916487966,5362000
2016-03-24,8.056628227233887,8.063591764693982,7.771129832164813,7.826836803686609,7712200
2016-03-28,7.945217609405518,8.098412177244855,7.945217609405518,8.084485096495934,6335000
2016-03-29,8.112334251403809,8.119297788050707,7.903433464632082,7.931286947140273,4601000
2016-03-30,8.091443061828613,8.202856974736243,8.077516654754811,8.168039960932783,3254400
2016-03-31,8.216784477233887,8.216784477233887,8.05662647096211,8.09144348659331,5656000
2016-04-01,8.056628227233887,8.14018868451658,7.945214284190295,8.133225811135969,8260700
2016-04-04,7.910396575927734,8.11929803308331,7.875580219801327,8.04966465675107,5432700
2016-04-05,7.708459377288818,7.882543830536204,7.7014965038593335,7.847727471150318,9099700
2016-04-06,7.715423583984375,7.743277072356611,7.617936042641777,7.70846004587143,6786500
2016-04-07,7.562227249145508,7.778092230230526,7.513483822224116,7.638824821826991,7210500
2016-04-08,7.631861209869385,7.771128616894862,7.59704419209317,7.59704419209317,4505400
2016-04-11,7.673641204833984,7.757201642960173,7.631860653731225,7.666677668970303,4628500
2016-04-12,7.771129608154297,7.792019555852925,7.666679205581686,7.701496227799044,3976300
2016-04-13,7.8198747634887695,7.861655332169534,7.729351415493064,7.812911888774984,4542900
2016-04-14,7.826834678649902,7.896468706185796,7.798981200451406,7.812908271590305,2511000
2016-04-15,7.833801746368408,7.889508727882882,7.805948255611171,7.819874668949988,3402300
2016-04-18,7.875579833984375,7.910396188405164,7.7014954055628575,7.833799278968278,3226800
2016-04-19,8.007885932922363,8.035739422647605,7.910398386844226,7.91736192529543,3985300
2016-04-20,7.847725868225098,8.028773157922432,7.833798796051806,8.007883213741845,2991400
2016-04-21,7.736314296722412,7.896472368707351,7.70149793088533,7.847728925271749,3405600
2016-04-22,7.785055160522461,7.875579134956365,7.7084575938049005,7.764164552828944,2706900
2016-04-25,7.6597161293029785,7.805947100152852,7.652752591624531,7.778093613518567,3372000
2016-04-26,7.805947303771973,7.805947303771973,7.67364340482783,7.67364340482783,3576900
2016-04-27,7.924325466156006,7.993958858450496,7.7502409893004165,7.826837920048228,3914800
2016-04-28,7.818853855133057,7.952449756525375,7.776666169843711,7.875104549226296,4888700
2016-04-29,7.846978664398193,7.854010168318246,7.678226593683659,7.818853319279104,4691900
2016-05-02,7.945418357849121,7.994637548195348,7.8188539591746204,7.839947802099978,3722700
2016-05-03,7.8258843421936035,7.90322886887696,7.699319961656221,7.8751035254865505,4572100
2016-05-04,7.846978664398193,7.889167017357388,7.755571125120873,7.790727974160015,4180300
2016-05-05,7.783697128295898,7.924324536341508,7.741509442331158,7.903230022797959,3350200
2016-05-06,7.790729522705078,7.811823368096889,7.699321965258893,7.755572666677891,3152900
2016-05-09,7.846978664398193,7.903229354636372,7.593850558326392,7.699320434882695,4775400
2016-05-10,8.050886154174805,8.079011494298346,7.82588343318648,7.875102610762425,3476500
2016-05-11,7.959477424621582,8.064947937018207,7.903226752901076,8.022759597947378,4283700
2016-05-12,7.924323558807373,8.043855768002919,7.882135207485755,8.008699590889515,3482300
2016-05-13,7.846978664398193,7.917292362476477,7.783696470239963,7.8961978507163195,3384800
2016-05-16,7.811823844909668,7.9032314079351265,7.804793009724091,7.861043714576481,3072800
2016-05-17,7.748539924621582,7.839946789006753,7.692288566487578,7.790727605020724,3695600
2016-05-18,7.54463005065918,7.790727302144088,7.5094738752136765,7.713382777378491,4378700
2016-05-19,7.551660537719727,7.572755044821545,7.375877001903749,7.488378357536219,7749600
2016-05-20,7.657135486602783,7.664166322472201,7.544633395394406,7.565727914686742,2864700
2016-05-23,7.551660537719727,7.657131061545896,7.544629035352454,7.636036554444078,2852100
2016-05-24,7.671196460723877,7.6922903056927066,7.565726565318488,7.607914255256147,3485800
2016-05-25,7.71338415145874,7.783697185436538,7.607913594650267,7.657133456052027,3651800
2016-05-26,7.657135486602783,7.755573894388241,7.650103980172004,7.7274485392264864,4934000
2016-05-27,7.811823844909668,7.825886856403414,7.657134741846241,7.664165577031818,3013800
2016-05-31,7.797759532928467,7.89619790625712,7.727445834355605,7.818853374275874,6156100
2016-06-01,7.69228982925415,7.783697379205877,7.6711959855918135,7.76260353554354,4592200
2016-06-02,7.62197732925415,7.741510236011038,7.586820473638376,7.664165019544083,5454800
2016-06-03,7.889165878295898,7.9454165604124345,7.6360371382104635,7.685256987983201,7127800
2016-06-06,8.008698463439941,8.043854635604125,7.889165600510913,7.903227935264386,3685300
2016-06-07,8.093080520629883,8.12120588167778,7.987609913779145,8.008704437486193,4208700
2016-06-08,8.036825180053711,8.121201214709465,8.001668331306867,8.121201214709465,4651400
2016-06-09,8.043854713439941,8.057917718890495,7.88916567684989,7.994635535485017,3313900
2016-06-10,7.87510347366333,8.008699356809439,7.846978130458003,7.952448670398785,4540200
2016-06-13,7.854008674621582,7.8961963489962885,7.818851832268663,7.854008674621582,3823100
2016-06-14,7.818853855133057,7.854010706581623,7.7415093183951456,7.83291686393695,3944000
2016-06-15,7.776665687561035,7.8821355648046785,7.7485403422586545,7.8188533702340415,4433200
2016-06-16,7.91729211807251,7.924323621775503,7.671194852956574,7.734477045161306,4554000
2016-06-17,8.163390159606934,8.170421664556278,7.924325026380249,7.938387365717715,7971200
2016-06-20,8.332141876220703,8.374329559481131,8.212608989380929,8.233702831011144,7611300
2016-06-21,8.444643020629883,8.493862206564785,8.289953288398753,8.346203978198961,6218900
2016-06-22,8.43057918548584,8.47979903715121,8.395422340170875,8.458704527625601,5205700
2016-06-23,8.507926940917969,8.53605229152591,8.444644734409787,8.486832425041074,3924900
2016-06-24,8.360267639160156,8.437612176038488,8.177452547744643,8.332142292062475,8944300
2016-06-27,8.02276611328125,8.254800490204998,7.9383900371782,8.247768982889383,10444200
2016-06-28,8.28995418548584,8.29698569011205,7.959480844227019,8.079013740627843,8064500
2016-06-29,8.45870590209961,8.500894257445056,8.332142177185586,8.367298357652105,6747200
2016-06-30,8.775115966796875,8.775115966796875,8.437611816025214,8.49386250782049,10361000
2016-07-01,8.669650077819824,8.81027687203624,8.613399360133258,8.775120005841774,4320900
2016-07-05,8.57823657989502,8.641518761304503,8.472766724586538,8.613393421851509,5444400
2016-07-06,8.599333763122559,8.61339677360192,8.458707011135184,8.529020722409495,4760600
2016-07-07,8.507926940917969,8.620428343349735,8.437613229117488,8.585271487449495,4849600
2016-07-08,8.662613868713379,8.662613868713379,8.458704960133634,8.543080990867209,4182400
2016-07-11,8.824337005615234,8.831368510670648,8.606365042825988,8.662615742146846,3808100
2016-07-12,8.775115966796875,8.915743366846208,8.76808513324332,8.838398162706847,3396100
2016-07-13,8.88058853149414,8.88762003720401,8.718867252973594,8.838400167796214,5046500
2016-07-14,8.803240776062012,8.915742144225186,8.746989421419377,8.887616802184391,2987500
2016-07-15,8.88058853149414,8.915745389482199,8.803243980369448,8.824337826937766,3748800
2016-07-18,8.838398933410645,8.880587291216475,8.796211246166013,8.880587291216475,2273700
2016-07-19,8.796211242675781,8.80324274740083,8.683709849319804,8.789179737950734,3343400
2016-07-20,8.831367492675781,8.845429830604411,8.71183460275725,8.78917913776759,3038500
2016-07-21,8.852459907531738,8.86652224319304,8.768083881880791,8.824334565648089,3530300
2016-07-22,8.89465045928955,8.915744975439543,8.8032435715513,8.845431262728761,2738400
2016-07-25,8.908711433410645,8.94386828172873,8.866523081316721,8.887617592644236,3189100
2016-07-26,8.866522789001465,8.915742643248525,8.81730360531549,8.901679636160484,3532400
2016-07-27,8.697772026062012,8.901680965358684,8.620427487211959,8.873555617544012,4207000
2016-07-28,8.690677642822266,8.726149931781965,8.584261452520803,8.683583049714798,2244000
2016-07-29,8.76162338256836,8.797094999654101,8.60554569639573,8.66939568967443,5621400
2016-08-01,8.633922576904297,8.775811061519383,8.60554487998128,8.747433364596365,4826500
2016-08-02,8.641016960144043,8.676488573001956,8.562977788070285,8.612639263911126,4365300
2016-08-03,8.797094345092773,8.931888915668816,8.612639649607276,8.66230045109441,4452700
2016-08-04,8.804186820983887,8.825469919848153,8.662298367592923,8.78290372211962,3850900
2016-08-05,8.676486015319824,8.882225098082115,8.584259037183038,8.825469045769362,6722800
2016-08-08,8.641016960144043,8.740338558670432,8.612639263911126,8.711960862437515,3218200
2016-08-09,8.562975883483887,8.69067582641768,8.534598193562767,8.641015038200093,3806000
2016-08-10,8.641016960144043,8.648110876769039,8.54878927824265,8.54878927824265,3237300
2016-08-11,8.683582305908203,8.683582305908203,8.591354633143952,8.648110019986941,3343700
2016-08-12,8.669392585754395,8.775808752066682,8.655203402738097,8.683581092193206,3451800
2016-08-15,8.577166557312012,8.747432726428363,8.577166557312012,8.683582743865328,3011700
2016-08-16,8.513318061828613,8.570073461447919,8.477845767922116,8.52041265592546,5935000
2016-08-17,8.711959838867188,8.733243615974473,8.435277502248127,8.513315988575478,6745100
2016-08-18,8.86803913116455,8.86803913116455,8.683583754857683,8.704867535908416,5215500
2016-08-19,8.669392585754395,8.804186441521791,8.626825713282988,8.797091850013643,4115600
2016-08-22,8.719054222106934,8.740337322126171,8.626826553253503,8.66939342986953,2751100
2016-08-23,8.641016960144043,8.797093951136267,8.633922366941402,8.761622338278356,4733300
2016-08-24,8.57007122039795,8.641015789659138,8.541693528008985,8.633921197417509,2799600
2016-08-25,8.591355323791504,8.626827612564337,8.527506015893566,8.577166814228951,2631900
2016-08-26,8.527503967285156,8.733242380848772,8.4849370956683,8.626825540095368,5161400
2016-08-29,8.619733810424805,8.67648920703805,8.52750679836155,8.562978413811557,2851400
2016-08-30,8.527503967285156,8.64101472282681,8.506220193187993,8.619730948729647,3245700
2016-08-31,8.562975883483887,8.570070475108542,8.456559715424056,8.5133150952663,6618500
2016-09-01,8.52040958404541,8.577164963202586,8.406898825731057,8.562975780124548,5600300
2016-09-02,8.676486015319824,8.697769788653648,8.541692167092835,8.541692167092835,3539000
2016-09-06,9.109249114990234,9.116343708059471,8.690677595992073,8.726149884760627,7370500
2016-09-07,9.24404239654541,9.27951468299672,9.080870826078014,9.116343112529323,8097200
2016-09-08,9.187287330627441,9.244042720306284,9.137626533802855,9.222759618321122,6269900
2016-09-09,8.747432708740234,9.095059639127589,8.740338115896995,9.073776537175485,4979800
2016-09-12,8.93188762664795,8.974453828471711,8.683582301891546,8.711959995299914,6041500
2016-09-13,8.789999008178711,8.89641518748244,8.726149029965447,8.860942902188674,5888300
2016-09-14,8.740337371826172,8.9247927105819,8.697771171545652,8.811281941063775,5306100
2016-09-15,8.903510093688965,8.953170888904147,8.669393949706548,8.704866236250645,5503800
2016-09-16,8.896414756774902,8.917697856289744,8.761620891077532,8.853847881167686,5634700
2016-09-19,9.00992488861084,9.031207986627237,8.882225623934968,8.931886411499057,3410800
2016-09-20,9.066682815551758,9.10924970012384,8.98864431651023,9.038305118029596,4173300
2016-09-21,9.293705940246582,9.300799857856367,9.066683662289982,9.087967444852556,5100900
2016-09-22,9.357555389404297,9.378839172265291,9.222761480840074,9.34336687740805,3388900
2016-09-23,9.407215118408203,9.44978132303618,9.293704337296768,9.314987439610755,3955800
2016-09-26,9.307890892028809,9.414307734406908,9.293702385658218,9.385929368510762,2636100
2016-09-27,9.279515266418457,9.32208214815181,9.130532195218166,9.29370445252212,4674100
2016-09-28,9.32917594909668,9.343365135024628,9.194382065669293,9.314987439746357,5722200
2016-09-29,9.151814460754395,9.322081295537263,9.080870566457639,9.322081295537263,6109400
2016-09-30,9.116342544555664,9.229853312865743,9.095058768064364,9.15890874438317,5867900
2016-10-03,8.846755027770996,9.0453988924377,8.662299672291677,8.967360400463042,8951200
2016-10-04,8.477843284606934,8.78290397563615,8.421087901612317,8.78290397563615,9760200
2016-10-05,8.413992881774902,8.55588200862447,8.350143586585597,8.5133151352541,14013500
2016-10-06,8.272104263305664,8.392709612729021,8.229538067378295,8.364331923251614,8281500
2016-10-07,8.222444534301758,8.392710693083783,8.21534994187478,8.321766121969153,6837800
2016-10-10,8.279199600219727,8.350144168589337,8.236632723882453,8.279199600219727,4412900
2016-10-11,8.172782897949219,8.265009883682106,8.123121432657468,8.243726785172786,4010100
2016-10-12,8.279199600219727,8.31467188440453,8.15859423993792,8.186971931970254,5039800
2016-10-13,8.32176685333252,8.406900616783135,8.165689865687531,8.236633766459535,5451800
2016-10-14,8.20825481414795,8.428182428998705,8.194066306796868,8.314671663879938,5647500
2016-10-17,8.307577133178711,8.321765640634425,8.229538650728458,8.229538650728458,6197700
2016-10-18,8.421090126037598,8.477845524024115,8.32886243516508,8.406901614829824,5544300
2016-10-19,8.59844970703125,8.62682740204148,8.428183536969867,8.442372046186174,5088000
2016-10-20,8.548789024353027,8.697772094295624,8.541694431361089,8.619732924539543,4042400
2016-10-21,8.527503967285156,8.57007016232454,8.421087126531752,8.470747912936858,4317500
2016-10-24,8.548789024353027,8.61263900812523,8.492033633572765,8.591355229149412,3445800
2016-10-25,8.527503967285156,8.57007016232454,8.449464815417166,8.520409375919435,3173300
2016-10-26,8.513318061828613,8.541695761638266,8.428184962399655,8.499128873634922,3757900
2016-10-27,8.385618209838867,8.548790493813192,8.343051997725736,8.513318199333751,4578700
2016-10-28,8.342649459838867,8.464387750920903,8.299683405888215,8.392777433358779,6259500
2016-10-31,8.428582191467285,8.543159235824632,8.371292986355558,8.378454222361155,5699900
2016-11-01,8.342649459838867,8.45722719721787,8.306844642524362,8.428582933606398,5119600
2016-11-02,8.206588745117188,8.299682765403707,8.056206202028664,8.299682765403707,9286400
2016-11-03,8.414261817932129,8.478711592189862,8.192268226925854,8.206590702509006,6656200
2016-11-04,8.672060012817383,8.929859103331662,8.056207919907106,8.249557237792816,10314500
2016-11-07,8.886890411376953,8.901212883456612,8.743669105245656,8.786635838551573,6915200
2016-11-08,8.901214599609375,8.937019420845571,8.800959324521738,8.908375154096701,4824800
2016-11-09,8.600449562072754,8.808120669265747,8.528838552861433,8.808120669265747,6599000
2016-11-10,8.213750839233398,8.607609986840659,8.170784101176933,8.578965039514259,6489300
2016-11-11,8.063370704650879,8.28536364970657,7.970276646651179,8.256719376701534,5538900
2016-11-14,8.034725189208984,8.056208219907433,7.934469907727506,8.013241475577303,10628500
2016-11-15,8.263877868652344,8.278200341860531,8.070529260873592,8.070529260873592,6126400
2016-11-16,8.127820014953613,8.256718894481478,8.05620899515668,8.235235861715717,4207800
2016-11-17,8.18510627746582,8.242394804170996,8.09917348740806,8.127817750760647,3140300
2016-11-18,8.16362190246582,8.35697117653882,8.14930011342322,8.177944374441473,6746800
2016-11-21,8.271041870117188,8.321169177236278,8.142142299887134,8.199430846004192,4347700
2016-11-22,8.170783996582031,8.235233761375136,8.106334231788926,8.177945233321958,5732300
2016-11-23,8.120655059814453,8.192265363904268,8.056205308080532,8.084849566303054,5093300
2016-11-25,8.328328132629395,8.33548936966377,8.120657039164566,8.120657039164566,2851400
2016-11-28,8.550321578979492,8.571805291494083,8.392778451471678,8.392778451471678,5435400
2016-11-29,8.507355690002441,8.60044973062838,8.48587265999129,8.507355690002441,6530500
2016-11-30,8.199427604675293,8.442904170890353,8.199427604675293,8.399937436821137,5507100
2016-12-01,7.89866304397583,8.206589390450487,7.862857543675711,8.13497838985025,5479300
2016-12-02,8.006081581115723,8.092014393931997,7.920148768299448,7.941631800770194,5521000
2016-12-05,8.120655059814453,8.156460553325854,7.927305804612687,7.991755556346609,6499200
2016-12-06,8.113495826721191,8.206589859650775,8.092012798486104,8.156462566124521,4712400
2016-12-07,8.3211669921875,8.335489466422507,8.127818370547024,8.156462636083878,5863300
2016-12-08,8.47870922088623,8.535997741330082,8.24239390332209,8.285359952188461,4463500
2016-12-09,8.53599739074707,8.564641649792543,8.378453624530465,8.485870108150744,4492100
2016-12-12,8.600449562072754,8.62193259166287,8.4858724936812,8.507355523271316,4652900
2016-12-13,8.729348182678223,8.7508318946112,8.636254829368038,8.657737858367836,5258400
2016-12-14,8.550321578979492,8.929858971538895,8.535999786902963,8.78663763610761,6920800
2016-12-15,8.450066566467285,8.550321154829323,8.399938589353104,8.507355097797925,4545200
2016-12-16,8.414261817932129,8.536000128656019,8.349812043674397,8.457228561748359,10487500
2016-12-19,8.47870922088623,8.550319529974526,8.364132179998531,8.47870922088623,5199600
2016-12-20,8.550321578979492,8.60044955858034,8.464388777720721,8.471550015225585,3419800
2016-12-21,8.578967094421387,8.664900591117839,8.528839790459536,8.550322823167,4125600
2016-12-22,8.435745239257812,8.571806031869453,8.421423445944262,8.521678047938886,3311000
2016-12-23,8.39993953704834,8.478711788715058,8.364134713127003,8.471550550757495,3593100
2016-12-27,8.493032455444336,8.514516166468093,8.37845539505023,8.407099660148756,2355000
2016-12-28,8.335488319396973,8.5359981505633,8.328327083264908,8.50735388896811,2588500
2016-12-29,8.378457069396973,8.421423817097791,8.34265156013517,8.414262578658773,2364000
2016-12-30,8.3211669921875,8.442905291452421,8.29968396376815,8.39993855168056,3245200
2017-01-03,8.349813461303711,8.378457734400007,8.271041881022231,8.35697470031112,5020400
2017-01-04,8.278200149536133,8.414260227187324,8.249555886718351,8.263877676660695,5282600
2017-01-05,8.170783996582031,8.30684476290817,8.063368177215605,8.249556234854992,8106400
2017-01-06,8.464387893676758,8.485871603947531,8.156462225393398,8.163622779217198,4164800
2017-01-09,8.25671672821045,8.52167633924978,8.249556174456071,8.500193312120405,3761100
2017-01-10,8.113495826721191,8.292522655524278,8.084851561430025,8.26387839023311,6459800
2017-01-11,8.428582191467285,8.435742744539828,8.113494636551525,8.113494636551525,7781400
2017-01-12,8.292524337768555,8.47871244139835,8.292524337768555,8.43574569327867,4953900
2017-01-13,8.392779350280762,8.407101143891058,8.285362825003828,8.31400709515769,2741300
2017-01-17,8.528838157653809,8.621932192141474,8.421422331747438,8.450066597518015,4101400
2017-01-18,8.543160438537598,8.63625447091706,8.500193699388173,8.550320992618209,4558500
2017-01-19,8.39993953704834,8.557483357448538,8.37845650610889,8.514517295569636,3298900
2017-01-20,8.170783996582031,8.4787103470677,8.12781794200871,8.414260582274595,7689900
2017-01-23,8.034725189208984,8.206590800663033,8.013241475577303,8.17794653208736,8791900
2017-01-24,8.142138481140137,8.335487745802416,8.056205702267908,8.056205702267908,7539200
2017-01-25,8.142138481140137,8.228071260012365,8.127816692794608,8.142138481140137,10297000
2017-01-26,8.034725189208984,8.256718099937157,8.02040271345453,8.170785294210132,8797300
2017-01-27,8.16362190246582,8.213749871447552,8.049044858392806,8.092011591386713,7487100
2017-01-30,8.112960815429688,8.207045189280848,8.06953699280675,8.17085878546144,4700400
2017-01-31,8.2794189453125,8.416927169001038,8.149148832058243,8.149148832058243,9192100
2017-02-01,8.134674072265625,8.27941902742725,8.055064519476328,8.250470036394926,6091600
2017-02-02,8.192573547363281,8.221522543671338,8.076777562131062,8.1563878196271,3232800
2017-02-03,8.228755950927734,8.279416497202629,8.163620568461054,8.235993369023628,3321100
2017-02-06,8.170859336853027,8.243232149375753,8.127435511299732,8.243232149375753,4308600
2017-02-07,8.272181510925293,8.35179105614653,8.178097126464746,8.178097126464746,5680200
2017-02-08,8.38797664642334,8.38797664642334,8.243231719130952,8.27218070458943,4002000
2017-02-09,8.301132202148438,8.416928179024692,8.25770836572061,8.366267611690947,4258300
2017-02-10,8.402453422546387,8.409690843724613,8.286657444488664,8.301132286845116,3692300
2017-02-13,8.453110694885254,8.489296403317583,8.359026334525273,8.424161714020501,2045000
2017-02-14,8.315604209899902,8.438637576155198,8.264943655629471,8.431400156917054,3680400
2017-02-15,8.366265296936035,8.38797686404362,8.214282946786387,8.235994513893973,3350700
2017-02-16,8.431400299072266,8.467586705674808,8.330079188823106,8.40968873119006,5787500
2017-02-17,8.293892860412598,8.424163649330579,8.141910503407722,8.424163649330579,6336800
2017-02-21,8.525486946105957,8.576148204893837,8.243234418023903,8.293894986613301,4089900
2017-02-22,8.39521312713623,8.561669602370683,8.38797570903086,8.525483202042007,5081300
2017-02-23,8.503776550292969,8.525488126953007,8.416929553454231,8.46035270677431,5074900
2017-02-24,8.63404369354248,8.63404369354248,8.453112355053817,8.51824774734146,6329300
2017-02-27,8.062301635742188,8.496536484851399,8.033352645801575,8.474824914945529,12986600
2017-02-28,8.337313652038574,8.395211605994561,8.062298025648616,8.149144956582594,10598700
2017-03-01,8.214286804199219,8.322845380914314,8.185337804395287,8.235998381502517,6811800
2017-03-02,8.4169282913208,8.453114707127035,8.15638733987317,8.178098913277521,6778200
2017-03-03,8.359029769897461,8.431401906703577,8.235996378108787,8.424165176161868,6001500
2017-03-06,8.337313652038574,8.402448332590518,8.308363984862527,8.359025212222555,6884600
2017-03-07,8.199810028076172,8.395216248381912,8.185335876682286,8.359029834599541,5982500
2017-03-08,8.011638641357422,8.185333233381686,8.004401913096663,8.141909412826067,4542600
2017-03-09,8.004404067993164,8.098487772495586,7.989929227178393,7.997166647585779,5151400
2017-03-10,8.069539070129395,8.105725483264186,7.997166934058235,8.033353347193026,4206300
2017-03-13,7.975454807281494,8.112962339387076,7.968217387118471,8.084013348933356,3492900
2017-03-14,7.960978984832764,8.018876958597502,7.910318430338189,7.975453823373093,3926600
2017-03-15,8.185333251953125,8.250467947637016,7.982689675831414,7.997164512782199,3914900
2017-03-16,8.178099632263184,8.221522782889474,8.12020163796244,8.149150635112813,3925400
2017-03-17,8.293892860412598,8.301130279840999,8.185334329779817,8.221520046525207,8240900
2017-03-20,8.10572624206543,8.308369208312481,8.062303094397448,8.308369208312481,2725400
2017-03-21,8.178099632263184,8.235997626563927,8.047828799987244,8.09848937245076,5866900
2017-03-22,8.069539070129395,8.272182707604856,8.033353347193026,8.207047302001916,4494400
2017-03-23,8.0912504196167,8.20704637643009,8.047826590712505,8.055064010562928,3383000
2017-03-24,8.127439498901367,8.185338191445616,8.084016342241469,8.09125376508433,3479800
2017-03-27,8.055066108703613,8.149150520670688,8.01164226848861,8.149150520670688,3331500
2017-03-28,8.185333251953125,8.192569980230303,7.997164512782199,8.018876078010162,3855300
2017-03-29,8.141911506652832,8.243233320540376,8.098487674930059,8.149148926973027,5728300
2017-03-30,8.018877029418945,8.156385235973367,7.982690622946818,8.134672977971114,7207900
2017-03-31,8.0912504196167,8.156385817873819,8.02611502135958,8.04058917086208,13804600
2017-04-03,8.098484992980957,8.120197246751163,8.004401320769382,8.084010847332316,6425000
2017-04-04,8.15638542175293,8.192571138850969,8.018877212066457,8.09848675595978,5616500
2017-04-05,8.076774597167969,8.185333811120255,8.018876625806055,8.134672568529883,9859600
2017-04-06,8.076774597167969,8.185333811120255,8.06230044942662,8.084012016137773,6020600
2017-04-07,7.989928722381592,8.112962100740415,7.982691302431459,8.091250531088374,5612100
2017-04-10,8.069539070129395,8.098488062597543,7.968217941590087,7.997166934058235,7859400
2017-04-11,8.185333251953125,8.214282235656482,7.982689675831414,8.055062480188912,8621800
2017-04-12,8.228755950927734,8.24323078711952,8.13467158627566,8.170857986556946,8744600
2017-04-13,8.221524238586426,8.257710663981166,8.170863657152985,8.221524238586426,5228200
2017-04-17,8.272181510925293,8.30113049920559,8.207046114745042,8.23599510302534,3405600
2017-04-18,8.257705688476562,8.286654673310029,8.207045137567556,8.250468269718636,5916000
2017-04-19,8.228755950927734,8.286653915298523,8.17809540465284,8.264942351209022,5732700
2017-04-20,8.264945030212402,8.272182450654237,8.14191164349483,8.228758618201633,6281600
2017-04-21,8.235997200012207,8.279420348389563,8.192573361436352,8.235997200012207,5026200
2017-04-24,8.38797664642334,8.395214065337523,8.221519462388402,8.25046844784688,6947300
2017-04-25,8.409688949584961,8.409688949584961,8.337316824698712,8.359028393144754,4193100
2017-04-26,8.28665542602539,8.39521464666051,8.272181277393024,8.39521464666051,5299000
2017-04-27,8.257399559020996,8.37442193935122,8.213515817642959,8.264713632168737,12780700
2017-04-28,8.272027969360352,8.32322508801194,8.198888630565145,8.264713895979146,6136700
2017-05-01,8.272027969360352,8.34516661064713,8.264713895979146,8.272027969360352,5087700
2017-05-02,8.264715194702148,8.293970795315792,8.220831445027416,8.286656720785246,3563400
2017-05-03,8.184259414672852,8.26471281633944,8.176946039755437,8.242771296570524,5099400
2017-05-04,8.111126899719238,8.206207820431603,8.08187128546227,8.169638128233176,5737900
2017-05-05,8.279342651367188,8.28665672590225,8.089181596015356,8.147692797278772,3918900
2017-05-08,8.272027969360352,8.315911014630734,8.008726907704348,8.103807769134747,7730600
2017-05-09,8.29396915435791,8.38905001191768,8.21351574545666,8.235457964707036,5450400
2017-05-10,8.462189674377441,8.55727054344453,8.257400485814438,8.293970158149238,7413300
2017-05-11,8.389053344726562,8.484134240060136,8.374425192748163,8.462192012092535,6102200
2017-05-12,8.28665542602539,8.418305956971132,8.250085756595082,8.410991883583385,3927700
2017-05-15,8.33785343170166,8.374423105022244,8.272028856734815,8.293970381723764,3727400
2017-05-16,8.279342651367188,8.418307277499203,8.272029274340664,8.359796076235787,4295900
2017-05-17,8.28665542602539,8.352480691498261,8.228144233940268,8.279341352637644,3927700
2017-05-18,8.176947593688965,8.28665591089067,8.030668907408732,8.264714386952022,6620100
2017-05-19,8.191573143005371,8.220828733971135,8.103806370108078,8.206201287242408,6100500
2017-05-22,8.308602333068848,8.323230489324118,8.155010179932917,8.169638336188187,5721900
2017-05-23,8.315912246704102,8.447562797037255,8.301284795282935,8.323226321168951,3695600
2017-05-24,8.593843460083008,8.65235467890415,8.30860074519838,8.30860074519838,8910000
2017-05-25,8.615782737731934,8.637724962178426,8.53533000728716,8.564585609040583,4913100
2017-05-26,8.62309741973877,8.666981174213243,8.542644683628952,8.60115589125584,2565100
2017-05-30,8.557271003723145,8.623096277964699,8.542643552507533,8.601154752387021,2884000
2017-05-31,8.542640686035156,8.623093384496519,8.469501361973343,8.579209650557775,6780000
2017-06-01,8.740118026733398,8.740118026733398,8.513387318465098,8.542642916225796,4574400
2017-06-02,8.71086311340332,8.776688387914039,8.6450378388926,8.769374313522064,5061600
2017-06-05,8.564581871032715,8.732801333318456,8.564581871032715,8.681604226972059,3925400
2017-06-06,8.71086311340332,8.776688387914039,8.520701364263136,8.630410387617177,7884800
2017-06-07,8.462189674377441,8.71817668321256,8.447562223948612,8.71817668321256,5520300
2017-06-08,8.454876899719238,8.484132500167739,8.359796023884476,8.462190276699964,3954000
2017-06-09,8.571897506713867,8.571897506713867,8.432932910548745,8.432932910548745,2672400
2017-06-12,8.593843460083008,8.65235467890415,8.571901927402266,8.579215306623349,4502500
2017-06-13,8.725489616394043,8.747431137922854,8.535327903121974,8.564583497663186,4702600
2017-06-14,8.71086311340332,8.813258062365385,8.688921587735921,8.754746862246641,4336800
2017-06-15,8.718174934387207,8.813255784381518,8.601152564396775,8.645035604389015,5362700
2017-06-16,8.718174934387207,8.762057974379445,8.674291196886623,8.732802381881838,7206400
2017-06-19,8.71086311340332,8.754746862246641,8.674293438951974,8.72549126218727,2659000
2017-06-20,8.703547477722168,8.710861550802104,8.615780693288128,8.696234102150632,2305000
2017-06-21,8.535330772399902,8.732805927560179,8.513389243495121,8.725492549597671,2671000
2017-06-22,8.462189674377441,8.55727054344453,8.403678477645155,8.520700871109728,4758600
2017-06-23,8.454876899719238,8.557271152534726,8.410993150292219,8.484132500167739,6861300
2017-06-26,8.542640686035156,8.659663046527426,8.50607102400425,8.50607102400425,5189400
2017-06-27,8.410994529724121,8.571900707334308,8.410994529724121,8.520702875021412,4684300
2017-06-28,8.28665542602539,8.484131222444002,8.242772380715763,8.440247479625947,6527700
2017-06-29,8.162317276000977,8.272026261543612,8.12574761415343,8.228142527824902,5909300
2017-06-30,8.125751495361328,8.22814645794103,8.125751495361328,8.176949325405488,4224400
2017-07-03,8.052611351013184,8.184261195785522,8.016041678434233,8.15500559722406,2754900
2017-07-05,7.950218677520752,8.111124864310655,7.935591222817318,8.045299574373482,5348800
2017-07-06,7.811251163482666,7.920959465101228,7.752739976284984,7.906332017055992,5693800
2017-07-07,7.8697638511657715,7.877077925337109,7.774682979463888,7.818566029474908,5535100
2017-07-10,8.001412391662598,8.030667986060493,7.8990181600241565,7.935587827398624,6330200
2017-07-11,7.994097709655762,8.037980745326259,7.950213976476989,8.008725155709836,4824000
2017-07-12,8.118436813354492,8.206203611105916,8.037983392284309,8.111122739164747,6016700
2017-07-13,8.05992603302002,8.213517413922286,8.04529788388159,8.133064686186545,5105400
2017-07-14,8.067237854003906,8.155004639379666,8.052610405195484,8.125749044254412,4242800
2017-07-17,8.133065223693848,8.140379298746444,8.023356887939258,8.08186809334285,3358400
2017-07-18,8.220831871032715,8.264715622981512,8.11112353742358,8.133065064643693,4629800
2017-07-19,8.279342651367188,8.293970800437311,8.198889924007126,8.250087050735479,3800400
2017-07-20,8.315912246704102,8.359795995984664,8.235459520116358,8.301284795282935,2791500
2017-07-21,8.352479934692383,8.367107382634078,8.286654675183842,8.323224341300627,3197300
2017-07-24,8.279342651367188,8.374423527797372,8.272029274340664,8.352482001700725,2906800
2017-07-25,8.220831871032715,8.308598677421736,8.206204418722164,8.30128530002075,4625000
2017-07-26,8.162317276000977,8.220828455953736,8.074550506071839,8.220828455953736,5336200
2017-07-27,8.118436813354492,8.2208310619769,8.059925614853544,8.16231986347595,5997300
2017-07-28,8.030671119689941,8.125752012961494,8.016043665537444,8.111124558808996,4831600
2017-07-31,8.176947593688965,8.23545878919767,8.037982981224436,8.045297055040143,17391400
2017-08-01,8.280452728271484,8.302632315321407,8.132587639478064,8.17694751865427,6287700
2017-08-02,8.16955280303955,8.250878412815963,8.073440334171291,8.24348498327004,6518100
2017-08-03,8.221306800842285,8.310025855284755,8.176947626159235,8.236093662454214,7349200
2017-08-04,8.191734313964844,8.250880354095704,8.103015253768552,8.191734313964844,3612200
2017-08-07,8.206521034240723,8.339599269689474,8.18434074076893,8.191734171926194,6061900
2017-08-08,8.413533210754395,8.620544373202982,8.139982569821067,8.139982569821067,11148400
2017-08-09,8.31742000579834,8.46528510933058,8.221307512233276,8.46528510933058,7057800
2017-08-10,8.413533210754395,8.502252280375219,8.26566809471969,8.317420709062713,8965400
2017-08-11,8.206521034240723,8.38395915155666,8.132588132820882,8.38395915155666,4800000
2017-08-14,8.213912963867188,8.243485980552324,8.132587344252146,8.221306394307556,4860100
2017-08-15,8.206521034240723,8.213913760321585,8.088228250953696,8.169554583530802,4525800
2017-08-16,8.265666961669922,8.273059687650901,8.206520923363723,8.228700511459449,3108500
2017-08-17,8.13998031616211,8.302631546229941,8.132586886138219,8.236092791243808,3812100
2017-08-18,8.184338569641113,8.221305010544638,8.12519254622596,8.147372833813805,4446700
2017-08-21,8.302634239196777,8.310027671618734,8.199129005595468,8.206522438017425,3785300
2017-08-22,8.39135456085205,8.413534154475954,8.265669021855649,8.302634776203298,4243900
2017-08-23,8.39135456085205,8.4283203151997,8.317421642003612,8.383961127951894,2914400
2017-08-24,8.428317070007324,8.45049736016762,8.36917103973246,8.398744054869892,4933600
2017-08-25,8.450498580932617,8.517038050873252,8.406138699280062,8.443105149811124,2562900
2017-08-28,8.273056983947754,8.494854907648811,8.22869782225324,8.480068755442694,4903700
2017-08-29,8.25827407836914,8.332206983693924,8.243487215273607,8.273060236388233,3624400
2017-08-30,8.176948547363281,8.280453770002072,8.154768252446585,8.243487316884027,4393200
2017-08-31,8.162160873413086,8.236093772306102,8.15476744250851,8.18434046105044,3913000
2017-09-01,8.221306800842285,8.265666680601704,8.18434035188883,8.191733782694795,2410600
2017-09-05,8.19913101196289,8.258277075658834,8.184344143500557,8.258277075658834,2960400
2017-09-06,8.213912963867188,8.250879410992692,8.147374205132882,8.250879410992692,4235200
2017-09-07,8.243486404418945,8.258273266059998,8.176947642263325,8.228700247854265,2912200
2017-09-08,8.28784465789795,8.310024240930739,8.221305203723348,8.250878216125813,3542800
2017-09-11,8.420928001403809,8.450501029381874,8.295242456227886,8.30263518441495,6470300
2017-09-12,8.310028076171875,8.457893206426853,8.287848482902767,8.413534019888639,3397500
2017-09-13,8.302634239196777,8.38396058568526,8.23609546262873,8.280454647007428,4243500
2017-09-14,8.324812889099121,8.354385907858342,8.236093832821458,8.280453008422098,3676200
2017-09-15,8.39135456085205,8.39135456085205,8.236095995331587,8.310028209103455,8216400
2017-09-18,8.332206726074219,8.420925786675031,8.295240274554777,8.398745492717515,3521000
2017-09-19,8.376565933227539,8.413532384876687,8.332206755309697,8.33959948157839,3943200
2017-09-20,8.33959674835205,8.465282219721043,8.32481059558427,8.42092305634151,5381600
2017-09-21,8.228700637817383,8.383959167024368,8.228700637817383,8.339599285075343,3260000
2017-09-22,8.213912963867188,8.287845858118196,8.19173337762242,8.265666271873426,2554800
2017-09-25,8.28784465789795,8.295238087267624,8.206519050060233,8.228698633093023,3914100
2017-09-26,8.25088119506836,8.339600264307359,8.213914739949654,8.258274627107397,5685000
2017-09-27,8.228700637817383,8.2582736574246,8.176948029773856,8.199127618210166,4690100
2017-09-28,8.191734313964844,8.221307334030273,8.132588273833981,8.199127745250305,4447500
2017-09-29,8.14737606048584,8.22130826649665,8.13998262836181,8.191735243077026,5082100
2017-10-02,8.19913101196289,8.273063239044472,8.176951414346085,8.176951414346085,3142500
2017-10-03,8.273056983947754,8.295237269871174,8.14737222242919,8.206518241405984,3770100
2017-10-04,8.33959674835205,8.346990177274035,8.24348428759481,8.258271145438782,2510700
2017-10-05,8.346992492675781,8.369172080518021,8.28784645504555,8.354385923648657,2846300
2017-10-06,8.273056983947754,8.33220370800071,8.243483974459357,8.310023422077291,2843900
2017-10-09,8.280452728271484,8.346992194497613,8.265666571930323,8.287846158980246,2901400
2017-10-10,8.31742000579834,8.346993026504787,8.265667395831162,8.295240416537611,3666200
2017-10-11,8.332206726074219,8.36177974627449,8.280453411916431,8.280453411916431,3079500
2017-10-12,8.295241355895996,8.324814379951311,8.24348803499181,8.295241355895996,2833100
2017-10-13,8.31742000579834,8.383959478656955,8.3026331429069,8.332206868689779,2038200
2017-10-16,8.332206726074219,8.346992883636146,8.27305998059726,8.302633000797531,2561000
2017-10-17,8.273056983947754,8.31741685071843,8.265664260382778,8.310023422077291,3623700
2017-10-18,8.228700637817383,8.28045324586091,8.213913775475573,8.24348679508279,3153200
2017-10-19,8.346992492675781,8.346992492675781,8.184340536654451,8.228700417415318,2997300
2017-10-20,8.228700637817383,8.361779578588058,8.191734187039263,8.354386147417152,3792600
2017-10-23,8.228700637817383,8.250880226253694,8.169554598602952,8.228700637817383,4139800
2017-10-24,8.12519359588623,8.25827251830035,8.095620580358238,8.2434856579982,3787500
2017-10-25,8.0586576461792,8.132590569753054,7.903399070735395,8.110410974711543,7459600
2017-10-26,8.029083251953125,8.154768777602587,7.9477576139173225,8.11040959506542,4660100
2017-10-27,7.969936370849609,8.014296253819436,7.925577192956203,7.999509391137354,4910700
2017-10-30,7.94036340713501,7.992116721814607,7.859037777033391,7.977329859027172,5087200
2017-10-31,7.947841167449951,8.030085738506642,7.843165675433154,7.940364193796583,7255300
2017-11-01,7.902978420257568,7.9702697432715395,7.888025189056301,7.917932364502143,7046900
2017-11-02,8.067466735839844,8.172142186882988,7.820732406206809,7.940361085660017,6642800
2017-11-03,7.843164443969727,8.05251539513291,7.828211212054265,8.015131245779244,6025700
2017-11-06,7.738489627838135,7.880548538746211,7.731012655410516,7.843164389651453,5259600
2017-11-07,7.858118534088135,7.88802571151486,7.7085826469545085,7.738489824381234,6848200
2017-11-08,7.858118534088135,7.88802571151486,7.790827206617164,7.850641561470615,4696600
2017-11-09,7.701106548309326,7.865596399345385,7.686152601377214,7.805781324660371,6323600
2017-11-10,7.648768901824951,7.693630032244936,7.476802780142542,7.663722849646105,26490500
2017-11-13,8.089898109436035,8.104852053060227,7.805779597965874,7.970269412615605,8512700
2017-11-14,8.10485553741455,8.202054073628544,8.03008721323653,8.10485553741455,9935600
2017-11-15,8.127284049987793,8.149714257333477,8.059992714907304,8.082423635296424,6803000
2017-11-16,8.05251693725586,8.16466869375149,8.022609041610647,8.157191719840187,5917000
2017-11-17,7.93288516998291,8.067467808788438,7.925408911305146,8.052514578389639,7575000
2017-11-20,7.925407409667969,7.985221746016598,7.858116103014976,7.9403606372335584,5426600
2017-11-21,7.947841167449951,7.985225322673339,7.910457012226563,7.962794401713234,3741100
2017-11-22,7.985221862792969,8.007652060990942,7.910453584742197,7.917930555155904,3070200
2017-11-24,7.992700099945068,8.059991424250107,7.985223840722647,8.022607275964717,1213200
2017-11-27,8.030083656311035,8.045037599740224,7.932885163151115,8.030083656311035,5929400
2017-11-28,7.902978420257568,8.067468241731351,7.895502161178588,8.030084094163222,6173100
2017-11-29,7.93288516998291,7.962792343823775,7.858117591902383,7.888024765743248,6947500
2017-11-30,7.910455703735352,7.9852240018144895,7.850641350489376,7.932885907941759,5254600
2017-12-01,7.97774600982666,7.98522298128767,7.880547519963269,7.9403618655648565,5811000
2017-12-04,8.05251693725586,8.089900380725418,7.94036446771675,7.992701859008914,5055100
2017-12-05,8.015130996704102,8.082422320840909,7.985223820759223,8.07494534859386,4910800
2017-12-06,8.097373962402344,8.17961850184152,8.02260568069896,8.074943763108601,8070200
2017-12-07,8.000176429748535,8.030083603366457,7.917931880560064,8.015130373079128,6142800
2017-12-08,8.045038223266602,8.067468427105558,7.977746898706411,8.015131047133552,4345400
2017-12-11,8.119805335998535,8.187096656654749,8.030083812804678,8.045037756525296,5273600
2017-12-12,8.015130996704102,8.142236672730668,8.007654024457052,8.09737555229169,4361000
2017-12-13,7.962796211242676,8.052518489385397,7.880551621496067,8.045041514032901,5795700
2017-12-14,7.947841167449951,8.0749468673834,7.850642649086522,7.925410959533299,5587900
2017-12-15,8.074946403503418,8.239436249210836,7.9852248639475745,7.9852248639475745,22897000
2017-12-18,8.18709659576416,8.224480741744381,8.022606781277155,8.059990927257376,11128400
2017-12-19,7.962796211242676,8.209530693526121,7.9403659982288035,8.179623505159752,11735400
2017-12-20,7.910455703735352,7.977747029397909,7.7983039696599805,7.962793084564747,7972600
2017-12-21,7.94036340713501,7.98522453156732,7.820734692706693,7.917933201440546,6183900
2017-12-22,8.007655143737793,8.022608377278681,7.910456630070054,7.932886836903096,3625400
2017-12-26,7.955315589904785,8.104851449800073,7.940361647393645,8.037560134586387,3203900
2017-12-27,7.97774600982666,8.030083383967238,7.932884894103847,7.98522298128767,3006200
2017-12-28,8.045038223266602,8.052515195560694,7.932885777985177,8.00765407483946,3365800
2017-12-29,8.097373962402344,8.134758103254036,8.030082651477935,8.052513563814857,4774300
2018-01-02,8.134759902954102,8.164667079643356,8.059991604709294,8.127282930520954,4564500
2018-01-03,8.127284049987793,8.202052358531322,8.067469688370343,8.112330816105148,6181200
2018-01-04,8.097373962402344,8.202049414178443,8.097373962402344,8.104850933181318,5150000
2018-01-05,8.127284049987793,8.164668204259558,8.059992714907304,8.119807076524753,5388200
2018-01-08,8.127284049987793,8.172145177722596,8.097376869179069,8.149714257333477,6689100
2018-01-09,8.045038223266602,8.157189955504702,8.037561250972509,8.097375603238605,9311600
2018-01-10,8.059990882873535,8.074944826400587,7.955316130357261,8.022606737099178,5026200
2018-01-11,8.194575309753418,8.21700551689295,8.037562433689832,8.052516380478473,8242700
2018-01-12,8.254389762878418,8.32915807156862,8.149714273320821,8.202052374621339,8527400
2018-01-16,7.985221862792969,8.314200717521441,7.977744892379262,8.299247489737173,12412800
2018-01-17,8.015130996704102,8.112329496785788,8.000177052210002,8.05251514489603,7138300
2018-01-18,8.620749473571777,8.934775104141165,8.49364382724402,8.83010036931347,30169700
2018-01-19,8.785243034362793,8.785243034362793,8.590845996089016,8.665614307130763,15030300
2018-01-22,8.508602142333984,8.83010490868107,8.433833824983283,8.822627934337296,17730200
2018-01-23,8.538508415222168,8.650660166233058,8.43383292471348,8.448786871804767,10852600
2018-01-24,8.344109535217285,8.531029554242917,8.269341955433003,8.516076323503375,14293200
2018-01-25,8.59084415435791,8.598321126467841,8.329156547900089,8.336632806966714,11566600
2018-01-26,8.762807846069336,8.777761071953188,8.590841113625176,8.635702217362843,9121100
2018-01-29,8.83010482788086,8.912349405779233,8.6805681945478,8.732906301431775,12887400
2018-01-30,8.680567741394043,8.860011549417466,8.650660558897385,8.807673445265708,12587800
2018-01-31,8.741059303283691,8.80155100328278,8.703251810504774,8.73349766050432,24509200
2018-02-01,8.703253746032715,8.824237172936554,8.665446244845738,8.763745459484635,6781000
2018-02-02,8.408354759216309,8.688129069528165,8.400793115962964,8.582268948453294,10120000
2018-02-05,8.015155792236328,8.408351724988165,7.969786670206098,8.400790084463505,15763900
2018-02-06,8.00003433227539,8.045403464633228,7.674890926878263,7.863927656319775,11696000
2018-02-07,7.924417495727539,8.151261662141849,7.916856576370652,8.015155739187444,8786300
2018-02-08,7.606837749481201,7.901734564163978,7.599276107792453,7.89417292247523,13049500
2018-02-09,7.712697505950928,7.773189194537381,7.4631691102523545,7.659767458717233,10305200
2018-02-12,7.765630722045898,7.818560785963262,7.584154877967152,7.735384147101077,9008800
2018-02-13,7.8034348487854,7.856365615847826,7.6824514745589285,7.75806644400937,6312200
2018-02-14,7.765630722045898,7.810999142227057,7.667331516829338,7.735384147101077,5931500
2018-02-15,7.9546661376953125,7.9546661376953125,7.8034361731287625,7.83368202181849,7138200
2018-02-16,7.901736259460449,8.022719667965728,7.886613693956287,7.894174616149369,5665600
2018-02-20,7.863928318023682,7.969789155020946,7.833682467612743,7.856367396259413,7467400
2018-02-21,7.735383987426758,7.992474100206575,7.735383987426757,7.894174897019115,5365600
2018-02-22,7.7883148193359375,7.8866140231288,7.750507322320525,7.758068965947213,6706800
2018-02-23,7.931982517242432,7.954667448335816,7.810999102549847,7.8336833125251975,4672300
2018-02-26,7.901736259460449,7.9697896070241665,7.8261219897036485,7.947105398208926,10759900
2018-02-27,8.483968734741211,8.506652940669985,7.992472798831758,8.128579476640208,22078300
2018-02-28,8.219315528869629,8.559581440481557,8.211753887893908,8.529335597696447,10198400
2018-03-01,8.287372589111328,8.52177851714076,8.234442520670337,8.257126732699604,9875400
2018-03-02,8.21175765991211,8.317618518845386,8.09077423319871,8.24200351659046,7723600
2018-03-05,8.302492141723633,8.310053783360091,8.166386197856545,8.24200045086763,12072500
2018-03-06,8.264686584472656,8.393231626620604,8.189071599285178,8.347862491284529,8263100
2018-03-07,8.166386604309082,8.257124145109222,8.09833326842951,8.219316656163029,7118300
2018-03-08,8.196634292602539,8.272248566363672,8.189072648891017,8.196634292602539,5443800
2018-03-09,8.204195976257324,8.211756898887625,8.052965985762707,8.211756898887625,5797300
2018-03-12,8.121021270751953,8.226882145078424,8.030283687522783,8.204197929550682,7481000
2018-03-13,8.068086624145508,8.189069999922514,8.030279138935743,8.158824155978262,5786400
2018-03-14,8.090770721435547,8.151262408536098,8.052963236718254,8.090770721435547,4334800
2018-03-15,8.083212852478027,8.1437052889265,7.931983564152167,8.083212852478027,9498900
2018-03-16,8.196634292602539,8.249564356347134,8.090773443995314,8.11345765401185,7325800
2018-03-19,8.143701553344727,8.242000004827643,8.09077078587185,8.226877443490963,5646600
2018-03-20,8.098331451416016,8.211753171688418,8.037839771121707,8.166384772026541,6359700
2018-03-21,8.166386604309082,8.279808350029787,8.06808742149613,8.105894910442323,5687900
2018-03-22,8.18150806427002,8.34786056053661,8.083208894708752,8.166385503400935,7888900
2018-03-23,8.105895042419434,8.332739258672108,8.075649194993602,8.24956263741266,6536200
2018-03-26,8.196634292602539,8.234441790042123,8.060527590267254,8.13614258514642,5769700
2018-03-27,8.27980899810791,8.400792395311054,8.181509807600873,8.196633092810231,6993600
2018-03-28,8.491532325744629,8.491532325744629,8.272249676508714,8.302495534295801,12332900
2018-03-29,8.597390174865723,8.642759306201915,8.431037654790186,8.499090991235537,8712900
2018-04-02,8.597390174865723,8.673005153386752,8.491529349159858,8.604951816941401,13767500
2018-04-03,8.695690155029297,8.710813440565962,8.461284277036611,8.582268397976094,8743000
2018-04-04,8.612516403198242,8.741061477956286,8.54446304348891,8.657884828925713,12904900
2018-04-05,8.695690155029297,8.748620212171733,8.552022548020709,8.627636812350197,6277400
2018-04-06,8.635198593139648,8.741059430234497,8.62007530736126,8.673006086467662,6935200
2018-04-09,8.612516403198242,8.71081562043193,8.567147256352646,8.635200616061978,6087300
2018-04-10,8.6427583694458,8.703250057259005,8.597389243026997,8.703250057259005,4313600
2018-04-11,8.635198593139648,8.695690294017288,8.604952742700828,8.604952742700828,3826300
2018-04-12,8.53689956665039,8.642760405824987,8.50665371561736,8.627637119749485,5565300
2018-04-13,8.574706077575684,8.635197772705983,8.552021872181292,8.567144435404924,2556300
2018-04-16,8.748618125915527,8.756179766880658,8.589827271236643,8.627634754944525,6429200
2018-04-17,8.877165794372559,8.945219141188378,8.665444831815115,8.7486207439689,6433700
2018-04-18,8.884726524353027,8.930095657939479,8.854480675668032,8.907410730587296,6396800
2018-04-19,8.884726524353027,8.899849809254484,8.801550620748769,8.862042318118759,4225800
2018-04-20,8.78642749786377,8.877165045591903,8.756181648621059,8.877165045591903,3287300
2018-04-23,8.967903137207031,9.013272274381617,8.793989673793389,8.824235524870456,8928900
2018-04-24,9.073765754699707,9.156941681181934,8.945220682152012,8.96790489462569,8287800
2018-04-25,9.096445083618164,9.11156836456021,8.998145920848039,9.035953402085429,5840600
2018-04-26,9.202309608459473,9.262801314456276,9.07376455293676,9.119133692993373,5236800
2018-04-27,9.308168411254883,9.41402851295268,9.179623383949393,9.194745946569995,6476600
2018-04-30,9.354023933410645,9.407519664918306,9.300528930717736,9.331097607801505,7833500
2018-05-01,9.331096649169922,9.369307673802707,9.247032978029535,9.361665323113215,5700300
2018-05-02,9.315810203552246,9.399874587767577,9.269957565629829,9.30052623384962,7816100
2018-05-03,9.399873733520508,9.415157701834149,9.208819392305923,9.315809356944827,5957600
2018-05-04,9.42280101776123,9.476296005572582,9.354021331252609,9.384589999832603,3365700
2018-05-07,9.453369140625,9.461011489532464,9.315809775548667,9.415158124902185,13131900
2018-05-08,8.964269638061523,9.300525697917394,8.910774653963111,9.285241000280992,15873700
2018-05-09,9.224102973937988,9.239387670425355,8.994838357143015,9.071259653136524,8094400
2018-05-10,9.407516479492188,9.415158099564582,9.224103750279168,9.24703079693986,4207700
2018-05-11,9.392232894897461,9.461012585402385,9.35402187474866,9.430443915046263,3981600
2018-05-14,9.438088417053223,9.48394106863612,9.392235036655569,9.415161362447018,5406700
2018-05-15,9.399873733520508,9.430442398962263,9.338736402636998,9.399873733520508,6206100
2018-05-16,9.384590148925781,9.41515881799142,9.254673123193177,9.315810461324455,5025700
2018-05-17,9.208821296691895,9.415159648890931,9.178252624928533,9.38459097712757,8142800
2018-05-18,9.117114067077637,9.21646241927984,9.017765714875432,9.21646241927984,6871600
2018-05-21,9.216463088989258,9.26995807913358,9.124756350435305,9.162967370030355,5888400
2018-05-22,9.32345199584961,9.369305359847393,9.247030694272631,9.262314663062229,5304000
2018-05-23,9.315810203552246,9.346378871772037,9.224104198892872,9.269957565629829,5047900
2018-05-24,9.468656539916992,9.49922521545381,9.285243757881371,9.338739486681838,4152300
2018-05-25,9.48393726348877,9.552716942082075,9.445726249957549,9.468653295364959,3671700
2018-05-29,9.48393726348877,9.545074593612938,9.399873616771654,9.453368598426685,5008900
2018-05-30,9.682634353637695,9.713203019971564,9.438085022966746,9.499222355634483,7856100
2018-05-31,9.7437744140625,9.827838087810532,9.644426038461352,9.644426038461352,6844900
2018-06-01,9.77434253692627,9.812553560586304,9.652067844265886,9.713205190596078,6194900
2018-06-04,9.881333351135254,10.003608044955405,9.789627330770141,9.82783762597794,8255300
2018-06-05,9.881333351135254,10.125882738775557,9.835479976545365,9.934828347477904,13218800
2018-06-06,9.560359954833984,9.919541612066887,9.529791287647896,9.904257642881099,7097800
2018-06-07,9.720844268798828,9.774339246626262,9.560358606502112,9.575642573532344,6098200
2018-06-08,9.759057998657227,9.759057998657227,9.629140963038004,9.713204627162071,5656300
2018-06-11,9.804909706115723,9.858404693745378,9.667350333565704,9.781983386962235,3889200
2018-06-12,9.9653959274292,9.988322247801104,9.78962625655362,9.8278365475686,6081400
2018-06-13,10.034175872802734,10.057102193758283,9.973038531044871,10.011249551847186,6413700
2018-06-14,10.072386741638184,10.202303773117173,9.995964701186569,10.072386741638184,7081300
2018-06-15,9.988323211669922,10.148808927389227,9.843122196883241,10.034176585653148,9932400
2018-06-18,9.988323211669922,10.057102908237432,9.934828216035038,9.97303923955195,5218200
2018-06-19,9.995965003967285,10.08767101799827,9.9042589899363,9.995965003967285,9251400
2018-06-20,9.881333351135254,10.041819068977869,9.812553653657753,10.003608044955405,7131900
2018-06-21,9.850761413574219,9.934825055516939,9.83547671750404,9.896614044155912,4496300
2018-06-22,9.827837944030762,9.911902345363643,9.797269269586447,9.896617643734142,7895500
2018-06-25,9.835478782653809,9.873689802037982,9.75905747270004,9.82783643301406,4960400
2018-06-26,10.095314025878906,10.118240348676947,9.797268914245729,9.858406260916945,8508400
2018-06-27,10.118239402770996,10.255798784328793,10.011249420505681,10.049459711992098,7917200
2018-06-28,10.324577331542969,10.362788347611671,10.125880631037319,10.15644929812938,9042900
2018-06-29,10.24815559387207,10.339861597783297,10.133523271186672,10.32457762820536,6384100
2018-07-02,10.041818618774414,10.041818618774414,9.789626891873162,9.973038924380504,7761300
2018-07-03,9.942469596862793,10.072386626861354,9.904258577072408,10.057101927419366,3846200
2018-07-05,9.911900520324707,9.911900520324707,9.781983495653805,9.896615821509517,5292000
2018-07-06,9.934828758239746,9.965397432958666,9.873691408801907,9.904260083520827,5476100
2018-07-09,9.652068138122559,9.934828555711984,9.606214762571582,9.934828555711984,7724900
2018-07-10,9.812551498413086,9.858404134117164,9.590928482338033,9.62149714907892,9155900
2018-07-11,9.95775318145752,10.02653286865091,9.804909837035847,9.820194535885292,6661900
2018-07-12,10.011248588562012,10.041817256499618,9.919541855934662,9.980679920624407,4562600
2018-07-13,10.072386741638184,10.080028362631671,10.003607050994649,10.026533371604296,3615100
2018-07-16,10.034175872802734,10.095313214560598,10.018891172955968,10.07238689360505,3590800
2018-07-17,9.82019329071045,10.02653159731291,9.804908593799064,10.011247629215987,9094300
2018-07-18,9.72848892211914,9.827837289651802,9.713204950321998,9.82019566816055,9829800
2018-07-19,9.95775318145752,10.018890519226188,9.720846179807566,9.720846179807566,8820300
2018-07-20,9.95775318145752,9.995964199766576,9.904258193113572,9.95775318145752,3413200
2018-07-23,9.988323211669922,10.057102908237432,9.87369086993384,9.950112916967665,6031800
2018-07-24,10.01888656616211,10.072382262213283,9.873685628455817,10.00360260215768,5683000
2018-07-25,10.240513801574707,10.248156151186548,10.034175463757006,10.049459434166113,10616600
2018-07-26,10.240513801574707,10.378073179329556,10.187018811920964,10.271082471207498,6653100
2018-07-27,10.217588424682617,10.309294442045866,10.171735780408314,10.27872576959145,5321000
2018-07-30,10.164091110229492,10.286365772139076,10.156448761656526,10.225228441184285,7106900
2018-07-31,10.20994758605957,10.286369642918052,10.133526258015838,10.16409493499628,10961300
2018-08-01,10.294007301330566,10.385713290463148,10.194658964233332,10.20994293134822,9492500
2018-08-02,10.45605754852295,10.46377437267166,10.23999162377708,10.247707712008934,10164800
2018-08-03,10.564091682434082,10.6026750728835,10.247709205399394,10.247709205399394,8038000
2018-08-06,10.664405822753906,10.702989204590837,10.579522971446096,10.61038952973228,8094900
2018-08-07,10.517791748046875,10.648974828354952,10.209125373709133,10.239992673468146,7520700
2018-08-08,10.764723777770996,10.803307164828764,10.56409075380412,10.641257527919656,7915900
2018-08-09,10.60267448425293,10.780157776100092,10.579524745635274,10.764724126410373,6606400
2018-08-10,10.463777542114258,10.64897696227842,10.456060715628148,10.57952699573759,5187700
2018-08-13,10.324874877929688,10.479207687242868,10.30172514051193,10.463774774269991,6132600
2018-08-14,10.41747760772705,10.463777832009361,10.340310812562233,10.355744465962037,6105700
2018-08-15,10.409758567810059,10.456058782248487,10.340308614110885,10.40204174275083,7684800
2018-08-16,10.70298957824707,10.749289785251152,10.394323984609269,10.425190543973049,7318100
2018-08-17,10.75700855255127,10.7955919453457,10.571809150238415,10.618109368775132,4541800
2018-08-20,10.772439956665039,10.803306517277731,10.718423659572045,10.795589693145343,3721800
2018-08-21,10.780158042907715,10.818741432170025,10.733857828609555,10.772441217871865,3670300
2018-08-22,10.7955904006958,10.811024049972106,10.726140450786236,10.764723838060094,3528200
2018-08-23,10.81102466583252,10.888190708859174,10.772441276360722,10.787874190599274,4758900
2018-08-24,10.81102466583252,10.87275779462062,10.764724451282973,10.857324144465123,3877200
2018-08-27,10.772439956665039,10.865039638503111,10.741573396052349,10.849606726155194,2827000
2018-08-28,10.733858108520508,10.787874413346183,10.679841803694833,10.733858108520508,3084500
2018-08-29,10.81102466583252,10.880474619698369,10.733857886888922,10.818741490910268,5860800
2018-08-30,10.726141929626465,10.83417528170472,10.67212562154584,10.803308714813362,6190000
2018-08-31,10.386609077453613,10.70299155329434,10.340308861905648,10.70299155329434,9630300
2018-09-04,10.147392272949219,10.440624998185493,10.101092795021716,10.36345895633401,10959700
2018-09-05,10.34802532196045,10.417475274872979,10.162825938138328,10.178258852165037,9487900
2018-09-06,10.247712135314941,10.386612086278838,10.23227921627294,10.34802868479807,4479800
2018-09-07,10.116524696350098,10.216841203040474,10.09337495970366,10.155108081372067,4933200
2018-09-10,10.201409339904785,10.224559078932419,10.085659172932747,10.17054277589563,5441200
2018-09-11,10.093376159667969,10.20912559257804,10.031643030660337,10.16282611378079,9088300
2018-09-12,10.209123611450195,10.232274082273312,10.054790818880113,10.124240759515851,8296100
2018-09-13,10.37889289855957,10.409759465541455,10.170543755411089,10.209126412200693,8968300
2018-09-14,10.45605754852295,10.525507494027622,10.332591305811025,10.340307394042878,6918000
2018-09-17,10.525510787963867,10.556377358301477,10.417477423823694,10.46377764728865,5282900
2018-09-18,10.610391616821289,10.679841570605376,10.471491709253115,10.525508748816819,7925500
2018-09-19,10.486927032470703,10.625826962198916,10.456060463188551,10.625826962198916,8376600
2018-09-20,10.656693458557129,10.695276117958002,10.409760170072621,10.525510356026407,5128900
2018-09-21,10.772439956665039,10.811023341410117,10.633540065949504,10.664406626562196,8521700
2018-09-24,10.618107795715332,10.811023995190174,10.602674146517234,10.772440608111825,5382800
2018-09-25,10.571807861328125,10.641257812707389,10.409758220082148,10.56409103652667,10257900
2018-09-26,10.502357482910156,10.625824466962372,10.448341183330172,10.625824466962372,5492700
2018-09-27,10.571807861328125,10.625824899021396,10.456058432973963,10.510074734750315,4194500
2018-09-28,10.803305625915527,10.811022449411212,10.556373161387976,10.57180607246255,5578200
2018-10-01,10.841890335083008,10.911340283214832,10.710707263259982,10.795590124356163,7027300
2018-10-02,11.135124206542969,11.181423686200986,10.89590777525334,10.903624600501997,8300000
2018-10-03,11.21229076385498,11.366623596298723,11.07339158261411,11.181424197366233,8214700
2018-10-04,11.196855545043945,11.212288457154814,11.042522744351038,11.204572369057802,4890800
2018-10-05,11.312606811523438,11.351190201985379,11.1891405507788,11.23544076651652,5965400
2018-10-08,11.397489547729492,11.436072199329377,11.289456209865858,11.358906160212701,6298200
2018-10-09,11.436074256896973,11.466940825280508,11.351191377821511,11.420641340663725,7623900
2018-10-10,11.405207633972168,11.659857005897827,11.366624239698,11.37434106573624,7697200
2018-10-11,11.142839431762695,11.551822307221899,11.042523654977355,11.474655532553435,7313100
2018-10-12,11.304887771606445,11.32803824289858,11.088821857630903,11.158271799673674,6177200
2018-10-15,11.451505661010742,11.582688734867578,11.374338887241935,11.397489360922714,4671500
2018-10-16,11.852770805358887,11.86820445426343,11.459222325212531,11.47465523820019,7945700
2018-10-17,11.63670539855957,11.875921815983983,11.613555660072342,11.8682049911826,5120400
2018-10-18,11.420639038085938,11.675288359888118,11.35118908924591,11.6135552355674,7601100
2018-10-19,11.559537887573242,11.605838097521444,11.451505290888885,11.482371852215397,8470400
2018-10-22,11.582690238952637,11.683006763512058,11.567256587827961,11.590407064514974,4684500
2018-10-23,11.358906745910645,11.590406347031273,11.23544048822416,11.536389307355728,8080900
2018-10-24,11.320322036743164,11.544104786691781,11.320322036743164,11.45922192840674,7718700
2018-10-25,11.351188659667969,11.412921781652438,11.220005591471756,11.328038922903009,7673700
2018-10-26,11.2277250289917,11.358908127721241,11.127408498438694,11.32032473352131,6645600
2018-10-29,11.204575538635254,11.397491778053213,11.104259005827869,11.312608161722398,4884900
2018-10-30,11.436074256896973,11.459224735122405,11.196858535903834,11.204575361978977,7849300
2018-10-31,11.35043716430664,11.52170597227015,11.334867677635078,11.428286824952615,9375800
2018-11-01,11.474998474121094,11.490568706541962,11.264805533446186,11.373794190674085,4214000
2018-11-02,11.366008758544922,11.552847075620583,11.3582236430594,11.47499740562432,6687900
2018-11-05,11.731902122497559,11.747472355917612,11.381580037271881,11.412719761682395,9114000
2018-11-06,12.463685989379883,12.487041338066316,11.521708456150652,11.56063329486516,10947900
2018-11-07,12.144503593444824,12.673879615740333,12.105578754906118,12.525965377779155,8263100
2018-11-08,12.199000358581543,12.25349469796276,12.01994636251089,12.167860630016607,4322200
2018-11-09,12.082222938537598,12.175642096215428,11.988803038430298,12.113362657763542,4191600
2018-11-12,12.082222938537598,12.2457059076517,12.074437823123745,12.082222938537598,4366200
2018-11-13,11.996590614318848,12.121149516769382,11.926526046083017,12.105580025177876,3846000
2018-11-14,11.864246368408203,12.058869835379845,11.840891760251896,12.012160619067231,8214500
2018-11-15,12.004371643066406,12.05108084436305,11.778608523654315,11.86424255431774,6866700
2018-11-16,12.07443904876709,12.167858215927644,11.965449649198336,12.136718493540792,6505200
2018-11-19,11.973233222961426,12.105577211663835,11.926523274183742,12.051082147684964,5560000
2018-11-20,11.599556922912598,11.9888038094859,11.583987433513014,11.949879714772182,5361500
2018-11-21,11.731902122497559,11.770826963618099,11.420504878392421,11.607343224855503,7286000
2018-11-23,11.677407264709473,11.755256943446026,11.646267541700764,11.700761871358615,1296700
2018-11-26,11.988800048828125,11.996585162300633,11.708542645681373,11.708542645681373,5742200
2018-11-27,11.848675727844238,12.012159453940397,11.817536005846376,11.934309777730975,6403300
2018-11-28,12.07443904876709,12.097793654949841,11.918740436832831,11.918740436832831,7985600
2018-11-29,12.019942283630371,12.10557706494667,11.981018192955078,12.097791949839836,4800800
2018-11-30,12.058869361877441,12.082224711546287,11.957665073934512,12.019944521525609,7152000
2018-12-03,12.144503593444824,12.222352528092694,12.082224148754712,12.136718477251174,5589200
2018-12-04,12.035514831542969,12.269063132716708,12.019944598330914,12.152288610915047,7138100
2018-12-06,12.027727127075195,12.074437074231758,11.70854483919853,11.942093090122492,7542200
2018-12-07,12.090005874633789,12.167855534661008,11.996586728058753,12.058866159108778,3844500
2018-12-10,12.276847839355469,12.29241732961802,12.058869036243282,12.066654152589336,6072200
2018-12-11,12.253490447998047,12.401404664201632,12.144501807036916,12.370264946437104,7325800
2018-12-12,12.370267868041992,12.471472160286456,12.33134302603572,12.432547318280184,7201100
2018-12-13,12.284631729125977,12.401406242425958,12.230137401710369,12.401406242425958,4633300
2018-12-14,12.416975975036621,12.42476109122819,12.245707130969832,12.269062479544537,6789800
2018-12-17,11.583988189697266,12.424761460185573,11.48278390349021,12.424761460185573,10098600
2018-12-18,11.661835670471191,11.90316905243519,11.545061908429256,11.599556231724895,9852900
2018-12-19,11.474998474121094,11.70076164721687,11.41271902929671,11.692977273435982,9350300
2018-12-20,11.436071395874023,11.545060774187137,11.202523894734977,11.420501908931806,14089900
2018-12-21,11.249237060546875,11.498355621239218,11.101323541560824,11.38158108710634,21011000
2018-12-24,10.758782386779785,11.257018607714915,10.735427784332186,11.171384570454103,3929800
2018-12-26,11.116889953613281,11.116889953613281,10.548589902564135,10.774353048415493,8239800
2018-12-27,11.124676704406738,11.140246937237736,10.797709239251446,11.046827025110883,5755600
2018-12-28,11.109105110168457,11.342652618967785,11.062395162950937,11.179168917350601,5577600
2018-12-31,11.257020950317383,11.366010355136073,11.17917126938552,11.257020950317383,5301500
2019-01-02,11.039041519165039,11.140245794900189,10.976762079086408,11.109106074860872,5577700
2019-01-03,11.031255722045898,11.186954312623545,10.87555713146825,11.046825209888942,7934700
2019-01-04,11.397149085998535,11.521707970693134,11.054611410658872,11.062396526559663,6141100
2019-01-07,11.451642990112305,11.560632381415346,11.319298994397718,11.39714866567553,4918900
2019-01-08,11.716330528259277,11.74747024707977,11.490567381203347,11.576201422352336,4443700
2019-01-09,11.692977905273438,11.87203113321141,11.661837438749005,11.716332512737177,5003500
2019-01-10,11.942094802856445,11.96544940856953,11.615127353155144,11.661836564581312,3948900
2019-01-11,11.981019020080566,12.012158740228237,11.864244512704685,11.942094184288607,3292400
2019-01-14,11.708545684814453,11.872029398025425,11.506137136566682,11.872029398025425,7846600
2019-01-15,12.019942283630371,12.05108200162827,11.716330218758221,11.716330218758221,4604400
2019-01-16,12.07443904876709,12.11336388735804,11.934309926811483,11.981019881606533,6021400
2019-01-17,12.058869361877441,12.191213373615918,12.004375030842624,12.066654478433723,6409300
2019-01-18,12.105575561523438,12.152284761504626,11.918737276739984,12.035511019122305,4663200
2019-01-22,12.152287483215332,12.253491762413452,12.019943482912367,12.121147762110489,3378000
2019-01-23,12.354696273803711,12.362481389833613,12.175643059693142,12.183427433293517,6438400
2019-01-24,12.378052711486816,12.393622945851103,12.245708689108925,12.378052711486816,4708000
2019-01-25,12.362481117248535,12.525964838124114,12.3002016752416,12.378050606535513,4711700
2019-01-28,12.354696273803711,12.424760833213771,12.253491992703575,12.323556552113633,4603600
2019-01-29,12.479253768920898,12.5337480869521,12.362479275730522,12.416973593761723,5614100
2019-01-30,12.681662559509277,12.736156878670624,12.487039142585136,12.533748346886457,5809200
2019-01-31,12.867730140686035,12.8912835729109,12.522288037377399,12.687158319319916,8579600
2019-02-01,13.095412254333496,13.118964195270658,12.852032714113761,12.875584655050924,5875600
2019-02-04,13.213174819946289,13.236728255428316,12.852031127272165,13.07185720195978,7062100
2019-02-05,13.307382583618164,13.393742156401329,13.166065013215485,13.20531922834853,5185600
2019-02-06,13.330940246582031,13.401599062169632,13.22887834487381,13.268132576887826,3914400
2019-02-07,13.433001518249512,13.448702310096676,13.23672739435903,13.31523584595304,4121900
2019-02-08,13.519360542297363,13.527211686615017,13.385894083802587,13.409447516755547,3836100
2019-02-11,13.47225570678711,13.707784055823211,13.456553417530644,13.542914510988485,4830800
2019-02-12,13.487958908081055,13.535064281582931,13.401597808783592,13.50366119839929,6210500
2019-02-13,13.378046989440918,13.503662327585184,13.307388174553148,13.44085465851305,4903400
2019-02-14,13.39374828338623,13.51936362621764,13.330940611970526,13.362345196404881,4180700
2019-02-15,13.283833503723145,13.550766446858644,13.275982358636476,13.480107638531434,7201100
2019-02-19,13.487958908081055,13.495810053240172,13.23672825280061,13.268131335984254,6778500
2019-02-20,13.464406967163086,13.558619222077297,13.409450442401877,13.472258113193686,4653100
2019-02-21,13.597871780395508,13.613574070523198,13.385895356030117,13.409448791221651,4167800
2019-02-22,13.76274299621582,13.81769951486634,13.590020797653816,13.660679606619576,3323200
2019-02-25,13.605720520019531,13.80984576323251,13.487956359787729,13.74703811127871,5480700
2019-02-26,13.57431697845459,13.629273484852789,13.43299939202923,13.629273484852789,5170400
2019-02-27,13.47225570678711,13.660678685506536,13.354491532269058,13.401596902585734,6029100
2019-02-28,13.527210235595703,13.574317096448626,13.244576557740693,13.550763666022164,6014400
2019-03-01,13.739188194274902,13.770592771781958,13.574318654720887,13.574318654720887,6068500
2019-03-04,13.440853118896484,13.817699090162508,13.252428635810695,13.762742573201143,9289400
2019-03-05,13.676383018493652,13.73919068745246,13.393747759452545,13.45655542841135,7573100
2019-03-06,13.801998138427734,13.896210389104466,13.629277425882135,13.699936239526455,8832400
2019-03-07,13.87265396118164,14.092481500398101,13.817697450740674,13.911908183653015,8028500
2019-03-08,13.896202087402344,13.919754012911726,13.794138752021592,13.888350946415207,5000500
2019-03-11,14.108182907104492,14.108182907104494,13.927611079925347,13.943313368580752,5676500
2019-03-12,14.22594928741455,14.241650079404039,14.053227098455515,14.131737048213918,3995400
2019-03-13,14.22594928741455,14.33586231860467,14.202395853251208,14.265203513567382,3735100
2019-03-14,14.273056030273438,14.29660796924795,14.139589552090627,14.25735373932184,4302200
2019-03-15,14.375115394592285,14.437923049883166,14.084630550416696,14.241648939917587,7845800
2019-03-18,14.249502182006836,14.41437323732774,14.170992226970828,14.3829686563322,6730500
2019-03-19,14.006122589111328,14.335863200417084,13.927612634523703,14.241650955421367,11346700
2019-03-20,14.076781272888184,14.186694309858407,13.904059074846037,14.037525547218232,7786900
2019-03-21,14.351567268371582,14.375119209447966,14.08463428818376,14.123888521613079,4984600
2019-03-22,14.178838729858398,14.46147387646797,14.170987587180093,14.367261661780661,5223300
2019-03-25,14.320158958435059,14.406520046457302,14.13958713570912,14.194543647195045,5060700
2019-03-26,14.453629493713379,14.453629493713379,14.335865293365508,14.367268381313517,5177100
2019-03-27,14.328008651733398,14.539985029531199,14.225946783230278,14.422220874349913,4920100
2019-03-28,14.218094825744629,14.430069693951998,14.155287180080894,14.343710117072105,4272100
2019-03-29,14.19454288482666,14.288755111922983,14.170989453689444,14.225947459676284,7653100
2019-04-01,14.068928718566895,14.257351690551173,14.013972205586397,14.233798257508388,8350000
2019-04-02,14.139588356018066,14.194544872246983,14.045376115730809,14.100332631959727,9343500
2019-04-03,14.178838729858398,14.375112804458967,14.123882228562616,14.23379523115418,9269200
2019-04-04,14.131735801696777,14.178841168415703,13.998269348115981,14.178841168415703,4134200
2019-04-05,14.343711853027344,14.359414140706754,14.139586605552736,14.163140037071852,5314900
2019-04-08,14.123891830444336,14.320166038478504,14.061084143771536,14.320166038478504,4111100
2019-04-09,14.218094825744629,14.21809482574463,14.076777248638123,14.08462839152764,4410800
2019-04-10,14.178838729858398,14.343709731198098,14.139584513919225,14.249497516510791,3554100
2019-04-11,14.19454288482666,14.225947459676284,14.10033065773034,14.163139807429587,2622500
2019-04-12,14.147440910339355,14.218099723231346,14.068930951853487,14.186695140855836,3333400
2019-04-15,14.20239543914795,14.225948872624539,14.100332058202094,14.17884200567136,3875500
2019-04-16,13.998270034790039,14.265202955045815,13.974716601548877,14.16314107257281,4353000
2019-04-17,13.896202087402344,14.053220414788997,13.833394456957278,14.037518132814723,3893500
2019-04-18,13.911906242370605,13.966864242595273,13.762739019832255,13.85694973959833,4256600
2019-04-22,13.888355255126953,13.966865191903151,13.825547605196492,13.872652968281214,3326200
2019-04-23,13.93546199798584,14.061077310284148,13.833400118288203,13.911908565385165,6153300
2019-04-24,13.919759750366211,14.021823127815503,13.864803238256275,13.951164327259116,5098600
2019-04-25,13.809844970703125,13.927609124176593,13.747037322353778,13.84124804615157,4845300
2019-04-26,13.707786560058594,13.982570682435368,13.637129240401764,13.880508778528393,7674700
2019-04-29,13.519360542297363,13.747039235151314,13.487957462479415,13.7156346578807,5803900
2019-04-30,13.54864501953125,13.596128163547917,13.366623533453811,13.516988583878849,10823400
2019-05-01,13.374537467956543,13.643611129645368,13.374537467956543,13.54073073404054,6113800
2019-05-02,13.493245124816895,13.58821291434268,13.232085590448238,13.342881596471956,12720700
2019-05-03,13.398282051086426,13.651527537810114,13.398282051086426,13.54864712487693,7534300
2019-05-06,13.303309440612793,13.35870668217022,13.176686742921065,13.311223547901228,7146200
2019-05-07,13.081721305847168,13.39036396240514,12.899699845567246,13.224170717708118,8430400
2019-05-08,12.646455764770508,13.168774858271837,12.622714193628886,13.121291715988592,9000200
2019-05-09,12.757251739501953,12.875960349600945,12.559402798118741,12.622714157468995,12445700
2019-05-10,12.860130310058594,12.891786739978794,12.598970801063562,12.741421716781153,6019400
2019-05-13,12.749336242675781,12.780991164173193,12.567315538315112,12.73350802719622,5597600
2019-05-14,12.725594520568848,12.978839942357396,12.717680412455232,12.923442695023875,6664300
2019-05-15,12.836389541625977,12.868045975378593,12.58314410945243,12.646455467495816,6849400
2019-05-16,12.939270973205566,13.018410545258861,12.77307772094747,12.804734153553502,7046100
2019-05-17,12.931356430053711,12.947184645824278,12.836388644892038,12.844302752777322,6037800
2019-05-20,12.852217674255371,12.99466860628468,12.828475349096543,12.844303565869096,6653400
2019-05-21,12.955099105834961,13.081721816517694,12.868045426192415,12.883873642393201,7310800
2019-05-22,13.09754753112793,13.137118068632459,13.010495367541294,13.057978503085065,6908800
2019-05-23,13.287485122680664,13.319140048059797,12.994669138248733,13.018411464379504,7848500
2019-05-24,13.057978630065918,13.350794572600233,13.042150414910187,13.3349663574445,5521000
2019-05-28,12.931356430053711,13.168773628765285,12.931356430053711,13.057979137294781,8771800
2019-05-29,12.709765434265137,12.915527702747845,12.7018513266933,12.883872781922177,7667300
2019-05-30,12.575230598449707,12.788906240490675,12.527746703145652,12.71768077490005,3985100
2019-05-31,12.504002571105957,12.614797046231587,12.43277712010762,12.519830029810723,5239600
2019-06-03,12.60688591003418,12.614799263412037,12.472349091109038,12.559402016112587,5563800
2019-06-04,12.725594520568848,12.757250953023307,12.480263206893913,12.614799271170913,7018800
2019-06-05,13.050064086914062,13.057978194227779,12.804732798035403,12.804732798035403,7267100
2019-06-06,13.422019958496094,13.445762283770936,12.986754561356845,13.042151810869639,9597200
2019-06-07,13.21625804901123,13.540728919424526,13.200429833512603,13.501158380677959,3810200
2019-06-10,13.002582550048828,13.208344837101414,12.93135708493594,13.208344837101414,3534500
2019-06-11,12.963011741638184,13.145033209545518,12.852217246838592,13.034237205284144,6020600
2019-06-12,13.263744354248047,13.279572573527432,12.963014225788022,12.963014225788022,3860100
2019-06-13,13.34288215637207,13.398279406977633,13.247914362861202,13.303311613466763,3035800
2019-06-14,13.52489948272705,13.611953150647482,13.350793656347761,13.350793656347761,3837500
2019-06-17,13.319140434265137,13.572385882488955,13.208345928032701,13.524902738312473,4251600
2019-06-18,13.327054023742676,13.477419068812862,13.255828555523212,13.461590851550342,4057100
2019-06-19,13.11337661743164,13.327053005768565,12.875959414476235,13.263741651016339,7217000
2019-06-20,13.398282051086426,13.45367931262446,13.137122454219849,13.24791697729592,6072100
2019-06-21,13.263744354248047,13.390367089558982,13.184604767313195,13.390367089558982,5048000
2019-06-24,13.16086196899414,13.350797574648302,13.050067456914226,13.327055246576029,3864200
2019-06-25,13.176689147949219,13.255828725816622,13.073808753344922,13.19251736541508,4843600
2019-06-26,12.91553020477295,13.168775658284268,12.883875277815019,13.168775658284268,4009800
2019-06-27,13.08963680267334,13.08963680267334,12.883874506645883,12.89970121444655,4797000
2019-06-28,13.263744354248047,13.287486683167124,13.081724360921337,13.09755107073865,6924600
2019-07-01,13.271656036376953,13.358708207566766,13.184602355725346,13.311225067875796,3894300
2019-07-02,13.414105415344238,13.548642220145425,13.271654503265145,13.327051744748877,5548100
2019-07-03,13.675268173217773,13.793976791723047,13.477419972554992,13.49324668141691,5265100
2019-07-05,13.54864501953125,13.596128163547917,13.382451751280012,13.588214054634818,3812200
2019-07-08,13.572385787963867,13.619868931809652,13.4774195002723,13.493246208579608,3363100
2019-07-09,13.501160621643066,13.604042529999091,13.422021040475807,13.540731166957677,3769400
2019-07-10,13.445759773254395,13.572382465487603,13.429931559359854,13.52489933326554,3433900
2019-07-11,13.422019958496094,13.477418717470728,13.279570535232553,13.453676392195884,3450400
2019-07-12,13.516986846923828,13.524900954819952,13.334966893698185,13.437847277424323,2863000
2019-07-15,13.572385787963867,13.588214005733105,13.422020738079969,13.516988535233464,3370400
2019-07-16,13.68317985534668,13.691092453643163,13.540728934622573,13.556555640677253,6047500
2019-07-17,13.9680814743042,14.08679008269112,13.714836040555609,13.722750149042984,11336300
2019-07-18,13.873115539550781,13.960167716172936,13.627782698670634,13.952253607486941,4861700
2019-07-19,13.627779006958008,13.88893848500116,13.619864900415914,13.873111781378455,3367400
2019-07-22,13.501160621643066,13.683182111166351,13.342882968770507,13.659439783977586,5520900
2019-07-23,13.319140434265137,13.501160411493263,13.26374318114892,13.485333703075728,2965600
2019-07-24,13.350794792175293,13.390363821253718,13.255827009140688,13.327052469051216,2357900
2019-07-25,13.382451057434082,13.42993419898887,13.27957066582173,13.295397373365423,2750600
2019-07-26,13.406193733215332,13.48533331084895,13.327054155581713,13.406193733215332,3677800
2019-07-29,13.501160621643066,13.524902948831832,13.382452004623156,13.461591585790416,3365700
2019-07-30,13.572385787963867,13.61195633238696,13.350796777042255,13.390365812003422,3871200
2019-07-31,13.394485473632812,13.649770228258767,13.330662763359161,13.593926878386483,12159300
2019-08-01,13.801345825195312,13.857190701641064,13.370553143934872,13.378530983427122,5299500
2019-08-02,13.4263916015625,13.79336447626824,13.410435928397742,13.737519620191584,5935300
2019-08-05,13.019535064697266,13.39448589115687,12.915826200504164,13.338641017926667,4466700
2019-08-06,12.52491569519043,12.91582129029663,12.261653193658523,12.772223285530748,12373600
2019-08-07,12.50098705291748,12.53289764658738,12.221768787699448,12.485031375678249,9128000
2019-08-08,12.644582748413086,12.71638100018373,12.453118461266095,12.49300688612207,5104400
2019-08-09,12.421209335327148,12.67649482796348,12.405254419992167,12.604695806934778,3548200
2019-08-12,12.157947540283203,12.381322455677285,12.086148514678573,12.381322455677285,4513100
2019-08-13,12.102102279663086,12.229744633544003,12.054236016553523,12.09412444234342,3489800
2019-08-14,11.79895305633545,12.054237801907522,11.73513186994243,12.030305047212279,6614400
2019-08-15,11.78299617767334,11.934571279909656,11.67130873968292,11.918615605564556,5641100
2019-08-16,12.12603759765625,12.16592603188974,11.775021050180461,11.798953806397115,5172500
2019-08-19,12.253679275512695,12.349411055695386,12.11008198564294,12.126036901935775,4586600
2019-08-20,12.118058204650879,12.269634083138616,12.046259945208194,12.245701329991054,6022700
2019-08-21,12.22176742553711,12.293566443494248,12.118057817466628,12.157946245310425,3385700
2019-08-22,12.12603759765625,12.221769383331464,11.98244029954773,12.189858788106392,3598300
2019-08-23,11.79895305633545,12.165925258499582,11.743109708443697,12.126036826801807,3937600
2019-08-26,11.83884048461914,11.92659441826972,11.790974218477059,11.846818322444237,2276100
2019-08-27,11.655353546142578,11.966482361430824,11.647376469449386,11.886705508031236,5481900
2019-08-28,11.854796409606934,11.902662679827696,11.647377934139774,11.655355011836106,5050200
2019-08-29,12.062213897705078,12.118057237528793,11.910638792122805,11.910638792122805,4897500
2019-08-30,12.229744911193848,12.293566089583226,12.094124716914301,12.12603530610899,5103600
2019-09-03,12.237723350524902,12.325477284923771,12.102103149575786,12.141991578232908,5740400
2019-09-04,12.197837829589844,12.349412981649213,12.141994472643024,12.301547464497276,3373200
2019-09-05,12.317499160766602,12.38929817851908,12.134013458340025,12.134013458340025,5652100
2019-09-06,12.213790893554688,12.421209358141505,12.189857379295484,12.389298766604416,3491100
2019-09-09,11.990416526794434,12.2696347858043,11.84681923887693,12.189857922999039,4366500
2019-09-10,12.110081672668457,12.118058750204435,11.958505787356792,11.974461464045826,3254000
2019-09-11,12.405253410339355,12.461096750679522,12.06221400925902,12.126035187021623,5890600
2019-09-12,12.50098705291748,12.580763917496508,12.309523490898092,12.445143704197301,6214100
2019-09-13,12.59671688079834,12.732337073069553,12.477052363292422,12.500985114631916,5643200
2019-09-16,12.764248847961426,12.772226686085446,12.46109784652532,12.636606481211174,4362400
2019-09-17,12.676494598388672,12.796159884872177,12.636606169560837,12.764248533163109,4324900
2019-09-18,12.8041353225708,12.812113159950634,12.604694713734116,12.716381393817983,3859500
2019-09-19,12.724359512329102,12.852002630801223,12.692448922913188,12.820091280576845,4635400
2019-09-20,12.83604907989502,12.915825947041114,12.692451023355487,12.740317295804862,7443100
2019-09-23,12.963689804077148,12.995601155509492,12.724359993994026,12.828069603723662,3675800
2019-09-24,12.89986801147461,13.043466042880736,12.804135483331553,13.003576855480748,4858000
2019-09-25,12.859979629516602,12.979644141818593,12.82806828137376,12.875933781971192,4336400
2019-09-26,12.939756393432617,13.003577575187984,12.804136192000335,12.915824401284977,3612100
2019-09-27,13.011552810668945,13.187062166605331,12.89986614533975,12.971665150656145,4431100
2019-09-30,13.03548812866211,13.123242818808565,12.939755601082622,13.059421640961208,3559100
2019-10-01,12.955711364746094,13.099309396291082,12.875934511485887,12.939755689770669,3743000
2019-10-02,12.52491569519043,12.963686784679714,12.52491569519043,12.963686784679714,4670900
2019-10-03,12.604694366455078,12.668515542118472,12.46109634080823,12.548850267143289,4055000
2019-10-04,12.788180351257324,12.788180351257324,12.500984310425345,12.652559406902357,3923500
2019-10-07,12.644582748413086,12.812112763353015,12.636604911280207,12.764247262172585,3266400
2019-10-08,12.37334156036377,12.660536831024471,12.3573858871451,12.604693496375873,4203400
2019-10-09,12.397275924682617,12.500985531691663,12.30952199297118,12.413231599980227,4693900
2019-10-10,12.620648384094238,12.644581893875419,12.357385862968234,12.381319372749415,3050400
2019-10-11,12.772225379943848,12.883912059024507,12.652560102746573,12.660537940054747,3461400
2019-10-14,12.756271362304688,12.796160554026963,12.660539584596844,12.788182715682508,2969700
2019-10-15,12.780203819274902,12.915824016668592,12.636605784197238,12.70840480173607,4768100
2019-10-16,12.86795711517334,12.87593495293457,12.724359839513607,12.740315515036068,4117100
2019-10-17,12.955711364746094,13.003576868055452,12.820091170688817,12.844024683151954,3028400
2019-10-18,13.067398071289062,13.147174924701583,12.859980382680197,12.915823723583886,4070200
2019-10-21,13.115267753601074,13.163133266699885,13.027513044905563,13.083356397123714,4114300
2019-10-22,13.482239723205566,13.49819540203576,13.035491367281113,13.147178075857905,5380000
2019-10-23,13.66572093963623,13.681676613182866,13.434369759677143,13.450325433223776,6329900
2019-10-24,13.46628475189209,13.729547379952942,13.442352754006698,13.721571061736054,5099800
2019-10-25,13.402460098266602,13.498192629970307,13.29077341262642,13.418415773820048,3455300
2019-10-28,13.546060562133789,13.71359214222856,13.36257482524395,13.402462499657483,5094100
2019-10-29,13.63381290435791,13.689656247486907,13.474259191174799,13.506170542458213,5620100
2019-10-30,13.729545593261719,13.745501270853834,13.530104188211778,13.625836732147302,6598000
2019-10-31,13.711048126220703,13.759299255466752,13.646714821052953,13.74321554571807,5335300
2019-11-01,14.080965995788574,14.105091560779082,13.743215755056491,13.743215755056491,5284800
2019-11-04,14.008593559265137,14.169427622829492,13.936218384043908,14.080968734486365,6026000
2019-11-05,13.82363224029541,14.072923600315162,13.767340791306463,13.968382557025251,5836900
2019-11-06,14.21767520904541,14.34634182809158,14.032717135894929,14.16942561035987,5706200
2019-11-07,14.129218101501465,14.314176197798979,13.944260005203951,14.257884736649933,6037900
2019-11-08,14.185506820678711,14.19354867554946,13.976423195520217,14.06488206527146,4905500
2019-11-11,14.418716430664062,14.499133447888207,14.12117392708284,14.193549089201866,6040100
2019-11-12,14.523253440856934,14.587586729981515,14.33025357348319,14.362420984958781,8803300
2019-11-13,14.595634460449219,14.64388406326591,14.458925974279243,14.555426713739845,5824400
2019-11-14,14.804719924926758,14.82884549619365,14.5956362420959,14.603678099184865,7964200
2019-11-15,14.836881637573242,14.86100566571927,14.74038092350868,14.7966723676185,6745200
2019-11-18,14.869049072265625,14.877090927096265,14.740382462629329,14.812757622278117,5863900
2019-11-19,14.861006736755371,14.901216009608003,14.796673434018086,14.852964882184844,5954800
2019-11-20,14.95750904083252,14.973592751675824,14.72429983508587,14.844924598756476,14625700
2019-11-21,14.877087593078613,14.989670467823336,14.74037915924861,14.957504589536258,7280800
2019-11-22,15.142468452453613,15.166594020850969,14.869051479259157,14.941426650623997,6909600
2019-11-25,15.102258682250977,15.142466423699064,14.997716100362718,15.102258682250977,5648700
2019-11-26,15.078133583068848,15.09421729367595,14.941425110562609,15.078133583068848,9390100
2019-11-27,15.190711975097656,15.2067956809248,15.03792137121961,15.078129101960863,3455400
2019-11-29,15.206796646118164,15.303297353379437,15.102255619259601,15.142463352552886,2357100
2019-12-02,15.214841842651367,15.263091439970383,15.150508534950335,15.198758132269349,5518400
2019-12-03,15.150507926940918,15.255048972574588,15.1183405074678,15.182673812587055,5816700
2019-12-04,15.198759078979492,15.271134246379686,15.094218022638731,15.110301734022585,5882200
2019-12-05,15.126381874084473,15.24700662556116,15.086174134867887,15.230924450170685,5927400
2019-12-06,15.054008483886719,15.166592927799893,15.029884451055198,15.094217761651107,6558800
2019-12-09,15.110301971435547,15.15855157251806,14.989675667988516,15.078134548162428,5287400
2019-12-10,15.38371753692627,15.464134561997037,15.134426139651346,15.15855170732073,3757300
2019-12-11,15.206796646118164,15.464129820379279,15.198754792694166,15.415880233661998,4766900
2019-12-12,15.222885131835938,15.399801361222503,15.166593674023268,15.182675852093181,4581900
2019-12-13,15.214841842651367,15.295258860734421,15.182674421887329,15.263091439970383,4867400
2019-12-16,15.576709747314453,15.584750064595575,15.230917818828154,15.255041838324049,4945600
2019-12-17,15.214841842651367,15.59279983366656,15.182674421887329,15.59279983366656,8284300
2019-12-18,15.415881156921387,15.57671516738031,15.126380551626045,15.182671995138628,11938900
2019-12-19,15.721463203430176,15.75363061755337,15.391754877801073,15.456088172220735,8291600
2019-12-20,15.930547714233398,16.051172456511736,15.673214521685791,15.713423791663114,9091600
2019-12-23,15.938594818115234,16.0270537073753,15.826011892749571,16.0270537073753,2614900
2019-12-24,15.890341758728027,15.994882804730132,15.874258048934784,15.94663320917739,986200
2019-12-26,16.027050018310547,16.06725775844985,15.914467118858921,15.96271671379148,2224000
2019-12-27,16.067258834838867,16.075300690170867,15.92250850651701,16.01096738134194,2250400
2019-12-30,16.11551284790039,16.147678741151815,15.978804350470313,16.002928386952046,2491600
2019-12-31,16.0029296875,16.179847483156536,15.890346751229455,16.123554481193793,6044800
2020-01-02,16.107467651367188,16.163759103256076,15.986841358660113,16.059216520753548,3069900
2020-01-03,15.922507286071777,16.115508731592254,15.874257691605134,15.994882444685219,5349500
2020-01-06,16.107467651367188,16.11550950646946,15.87425845488234,15.882300309984613,4348400
2020-01-07,16.163759231567383,16.179842941899608,15.986841485567012,16.09942592406553,3240600
2020-01-08,16.1315975189209,16.28438975348707,15.994889000378029,16.19593084918651,4476400
2020-01-09,16.292428970336914,16.421095610010017,16.139636760539855,16.139636760539855,4163200
2020-01-10,16.228092193603516,16.348716950873232,16.195924773623855,16.268299934751084,2555000
2020-01-13,16.33263397216797,16.421092847245728,16.19592549878738,16.19592549878738,3143700
2020-01-14,16.405010223388672,16.41305207927644,16.24417770711484,16.324593198338167,3893400
2020-01-15,16.453258514404297,16.549759243544163,16.292426010940595,16.36480117433873,3099200
2020-01-16,16.541723251342773,16.549765109440372,16.36480697467841,16.445224021826792,2819500
2020-01-17,16.485424041748047,16.565841051156095,16.27634043081787,16.49346589607154,5006100
2020-01-21,16.46129608154297,16.533671226087638,16.284379913670808,16.380880617672585,6399900
2020-01-22,16.405010223388672,16.654301620600776,16.388926511613136,16.445219502827513,3833100
2020-01-23,16.533676147460938,16.549759858553113,16.332634360290065,16.38892581528557,3144900
2020-01-24,16.38892364501953,16.533673958026665,16.340674051959457,16.5256321035455,2052400
2020-01-27,16.14767837524414,16.38892793755879,16.09942876954667,16.332636475273862,3593900
2020-01-28,16.228092193603516,16.348716950873232,16.147675177481368,16.212008483613683,3129500
2020-01-29,16.34067726135254,16.39696871994971,16.123551749197272,16.212010632036947,3345300
2020-01-30,16.34310531616211,16.3593030159966,16.148737552241265,16.26211836168734,2355500
2020-01-31,16.08395004272461,16.343107089404516,16.02725963185061,16.245922424550628,3644200
2020-02-03,16.44838523864746,16.505075636349698,16.116340156650796,16.173030554353033,3843300
2020-02-04,16.69134521484375,16.756134458133157,16.480779787978822,16.51317363727482,4225300
2020-02-05,16.81282615661621,16.93430580411639,16.69944535824238,16.748036908302947,3629100
2020-02-06,16.66705322265625,16.90191525917869,16.65085552123446,16.869519856335113,3116000
2020-02-07,16.602258682250977,16.69134446704425,16.537469441864232,16.64275137823119,2206300
2020-02-10,16.61846160888672,16.650855466926814,16.505079244001834,16.602263907517763,2505700
2020-02-11,16.83712387084961,16.918109278330533,16.68324881618011,16.69134766586773,3166000
2020-02-12,16.97480010986328,17.015294359323388,16.756137341569396,16.80472889622385,3134300
2020-02-13,16.86952018737793,16.97480215928992,16.796632074247377,16.93430944963866,3407700
2020-02-14,16.95050811767578,16.982901978303893,16.861422297727064,16.88571885172161,3469300
2020-02-18,17.031496047973633,17.193468449655835,16.877620953382213,16.95860792657233,2535800
2020-02-19,16.93430519104004,17.128672928943097,16.93430519104004,17.12057408010995,2224400
2020-02-20,16.84522247314453,16.95860483280551,16.731841658181306,16.901914425323895,2819000
2020-02-21,16.804731369018555,16.926211045879107,16.764238658297668,16.845224079739438,3949000
2020-02-24,16.39979362487793,16.59416136395723,16.30260898298954,16.464582871237695,3922000
2020-02-25,15.695211410522461,16.45648632006455,15.679015255194267,16.448387470051603,5871000
2020-02-26,15.136407852172852,15.816695949665881,15.128309000452933,15.784300542786204,4952800
2020-02-27,14.812456130981445,15.436052040113372,14.780060735859028,15.031118869267921,8442900
2020-02-28,13.549064636230469,14.083576341978763,12.755395927052406,12.95786252906911,12558200
2020-03-02,14.755765914916992,14.771963614372206,13.346598500963795,13.581460508971482,8987900
2020-03-03,14.115971565246582,14.925837963301372,14.09977386655807,14.585694014330457,11037900
2020-03-04,14.439916610717773,14.504705855368488,14.01068689947089,14.318436970084864,5851300
2020-03-05,13.549064636230469,14.205057538946853,13.427584983959962,14.196958689502475,6056400
2020-03-06,13.62195110321045,13.711036891719315,12.868775959213945,13.063142916132168,9374100
2020-03-09,11.807853698730469,12.795891060930025,11.734965588978605,12.674410620560623,6968000
2020-03-10,12.318069458007812,12.37475986568181,11.572992218511503,12.228984421327404,7209200
2020-03-11,11.467708587646484,12.115601889642932,11.370524708199339,11.953628757231023,7915400
2020-03-12,9.864171981811523,10.641643676521033,9.475435748282417,10.576854432990967,7510200
2020-03-13,10.528265953063965,10.714534903044505,9.702201638326816,10.520167101582466,7406400
2020-03-16,8.900432586669922,10.285304322766565,8.900432586669922,9.353958163294951,6959300
2020-03-17,9.362056732177734,9.491635243790073,7.969086187647383,9.151491264633256,7799000
2020-03-18,7.742323398590088,9.030010371514052,6.568016459037702,9.030010371514052,9184300
2020-03-19,8.900432586669922,9.127195761156875,7.288798448435202,7.693731695570491,8728900
2020-03-20,9.613116264343262,9.82368176165533,8.778953898651864,9.078604442204133,12070600
2020-03-23,9.613116264343262,10.520166746207988,9.337761502065781,9.702201310583462,10708200
2020-03-24,10.252907752990723,10.868406357484794,9.839875733736907,10.244808904217418,7597200
2020-03-25,10.382488250732422,11.006085824530924,9.564523675247765,10.325797843059423,7160900
2020-03-26,10.933197975158691,11.078974195312455,10.285304607346175,10.471574307803637,7775900
2020-03-27,10.892705917358398,11.200455326567766,10.269109019700494,10.406786407303342,5612400
2020-03-30,11.062775611877441,11.305735701972097,10.755026267404055,11.135663716140723,7614500
2020-03-31,11.014182090759277,11.28143791044201,10.674038179826947,10.933195151071123,6793600
2020-04-01,10.366290092468262,10.746927517386805,9.993751516927489,10.528263218279731,7036000
2020-04-02,10.560660362243652,10.989889441105797,10.107134729453275,10.252910963626784,6683700
2020-04-03,9.912765502929688,10.593053467858974,9.823680468417084,10.325797591972306,6542600
2020-04-06,11.030378341674805,11.15995681938368,10.366288257242493,10.447274419636214,5157900
2020-04-07,10.714532852172852,11.832148655179914,10.690237074727804,11.605386263545519,6269800
2020-04-08,11.443411827087402,11.556793396202789,10.657841236988748,10.698334709697725,4545500
2020-04-09,11.921232223510742,12.139895724196375,11.66207448076465,11.702567950476418,7452900
2020-04-13,11.492005348205566,11.848347042365564,11.273341793817785,11.848347042365564,3747500
2020-04-14,11.346230506896973,11.734966078663133,11.143763870181534,11.670176816702106,5190000
2020-04-15,10.277204513549805,11.05467630640183,10.25290873724628,10.779322372814674,10034200
2020-04-16,9.847975730895996,10.431079780642127,9.726496074525429,10.285303575118391,10028000
2020-04-17,10.625449180603027,10.682139592683832,10.107134303860585,10.196220119814923,7584500
2020-04-20,10.285304069519043,10.60925112266029,10.171923257416136,10.422981431943024,4971500
2020-04-21,10.090933799743652,10.188117659891825,9.920861851397182,10.042341483495232,5763800
2020-04-22,10.269107818603516,10.414883268395323,10.00185192624481,10.358192858606781,4492000
2020-04-23,10.277204513549805,10.641645019846695,10.244809887695505,10.382487240663485,4019300
2020-04-24,10.414881706237793,10.544460980009637,10.147625853965549,10.317697830170504,5041000
2020-04-27,10.75502872467041,10.892706114768405,10.439181230497725,10.528266282535071,3550600
2020-04-28,11.038479804992676,11.346229148641383,10.85221011989135,11.095170209334942,4307100
2020-04-29,11.59728717803955,11.726865684912802,11.232847434371324,11.32193246475948,5761100
2020-04-30,10.838969230651855,11.48521717621722,10.814428386681854,11.477036634847433,5606800
2020-05-01,10.58537769317627,10.773526240145534,10.30724631353283,10.63446016025414,3957400
2020-05-04,10.479035377502441,10.53629761438372,10.258165412149854,10.528117071932261,3618800
2020-05-05,10.675362586975098,10.806248131804256,10.552656803593223,10.650821742354477,5684900
2020-05-06,10.249982833862305,10.724443279857764,10.18454006752771,10.724443279857764,7499000
2020-05-07,9.914589881896973,10.675363124712193,9.873687952042712,10.249984302450953,7777500
2020-05-08,10.528114318847656,10.59355708106722,10.02911306188868,10.151818046015544,7502100
2020-05-11,10.143637657165527,10.421769790821298,10.07819489396879,10.421769790821298,5335000
2020-05-12,10.20090103149414,10.315425481188765,10.102736883124761,10.143638026507524,6686900
2020-05-13,9.497389793395996,10.135457905304024,9.415586729401644,10.110916283980371,9049000
2020-05-14,9.66917896270752,9.677359504604558,8.998390129938532,9.350145630117105,7523100
2020-05-15,9.611916542053223,9.677359315673073,9.456490149740931,9.58737569698063,7669600
2020-05-18,10.667182922363281,10.74080624241728,9.980032975378558,9.99639405989698,5725300
2020-05-19,10.479035377502441,10.847151206283954,10.479035377502441,10.75716679959684,5433300
2020-05-20,10.609919548034668,10.87987117249835,10.552656538505845,10.70808370419061,5266600
2020-05-21,10.070014953613281,10.63445897112722,10.053653873037009,10.552655128524384,7769100
2020-05-22,10.0127534866333,10.0945573417762,9.791884325970482,10.061835955746917,5943600
2020-05-26,10.536295890808105,10.773526122116934,10.421770655640644,10.495393965381203,5538100
2020-05-27,10.446310997009277,10.822606480367657,10.282703315379598,10.757163719771482,7715800
2020-05-28,10.544477462768555,10.757166091530465,10.323607511954238,10.585378612054688,8437500
2020-05-29,10.217260360717773,10.49539247803832,10.061834002288824,10.479032178269645,8117900
2020-06-01,10.266345977783203,10.438133468954408,10.086377944142066,10.200903198302694,6523200
2020-06-02,10.724442481994629,10.740803562430724,10.192719850049636,10.364507293932354,5416500
2020-06-03,11.149819374084473,11.247983500105057,10.904408668963447,10.912589207833276,5804000
2020-06-04,11.321610450744629,11.419774608508733,10.96985496698539,11.084380207779866,9202300
2020-06-05,11.697905540466309,12.319612587292273,11.632462775551923,11.84515137145403,8321300
2020-06-08,12.245990753173828,12.335974370708474,11.820611949978659,11.86151387799964,5488500
2020-06-09,11.321610450744629,11.935137021874812,11.223446292980524,11.869694250032078,6287500
2020-06-10,10.773526191711426,11.280708041919015,10.765345650545333,11.272527500752922,7941300
2020-06-11,9.98002815246582,10.307242663450694,9.81642128704292,10.225438840669709,8830900
2020-06-12,10.364509582519531,10.601739840250927,10.020934618889315,10.413591274387032,6952800
2020-06-15,10.536295890808105,10.618098961522572,9.840965498968776,10.004572420537048,5975900
2020-06-16,11.174362182617188,11.370690469306567,10.928951434185834,11.108919420387394,7945200
2020-06-17,10.969854354858398,11.354331203084879,10.871690202571935,11.264347591857122,6822400
2020-06-18,10.994396209716797,11.051659222258355,10.732625112861927,10.798067887075645,4560800
2020-06-19,10.912592887878418,11.378872838754203,10.896231804621323,11.21526590688019,11402400
2020-06-22,11.436132431030273,11.567018726467346,10.781704854540948,10.928950669181441,9029900
2020-06-23,11.321610450744629,11.763349550752787,11.26434822041708,11.558840693709392,7689800
2020-06-24,11.321610450744629,11.460676535945288,11.02711719731294,11.190724907059156,8331500
2020-06-25,11.354330062866211,11.419772824485326,11.100738776487693,11.23980483996313,9719400
2020-06-26,11.247984886169434,11.436132622525806,11.06801690955174,11.305247105036292,13077500
2020-06-29,11.730627059936523,11.812430126965314,11.223445235856529,11.41977353289279,9840400
2020-06-30,11.853334426879883,11.902416901048547,11.526120532886988,11.665186632868833,9237100
2020-07-01,11.78788948059082,12.016939164269486,11.681544789562325,11.943316636762974,5702400
2020-07-02,11.845152854919434,12.115105269173744,11.812431468364274,11.951497556258552,4701800
2020-07-06,11.836973190307617,12.311433689312068,11.730628488097736,12.098744284892307,5526900
2020-07-07,11.567020416259766,11.65700402613769,11.47703602624252,11.6488234852017,4165200
2020-07-08,11.812432289123535,11.836973915849669,11.419775623178785,11.517939789664972,6383700
2020-07-09,11.387051582336426,11.763347856298148,11.264346597841213,11.689724553545314,5579300
2020-07-10,11.746988296508789,11.804251306141103,11.362512212571339,11.387053056619836,5158000
2020-07-13,11.976037979125977,12.172366278749521,11.779708899363117,11.812430282633708,6735900
2020-07-14,12.074201583862305,12.262349334139667,11.902414134412014,11.943316056688612,6563500
2020-07-15,12.327794075012207,12.434138777932544,12.164187139803765,12.229629913887143,4961900
2020-07-16,12.172365188598633,12.409595391099028,12.12328272801889,12.319611790198618,3706000
2020-07-17,12.785892486572266,12.859515792160131,12.082382373440213,12.164185439540612,8238800
2020-07-20,12.483221054077148,12.704090218132567,12.393236656009902,12.695910456604139,5591900
2020-07-21,12.614106178283691,12.933140271403012,12.52412256336564,12.5977450954953,5172800
2020-07-22,12.7613525390625,12.85951669334583,12.180547374448285,12.46685929607316,6716500
2020-07-23,12.826794624328613,13.006761840844542,12.744990776720059,12.80225300196246,4130400
2020-07-24,12.597743034362793,12.957678995424152,12.524120514278607,12.859514855172664,4226600
2020-07-27,12.475038528442383,12.605924053754576,12.286890780840919,12.589563753160187,5329200
2020-07-28,12.434137344360352,12.581383959141109,12.376875118674198,12.376875118674198,3344000
2020-07-29,12.728631019592285,12.785893247283376,12.458678622995889,12.491400787550045,4142500
2020-07-30,12.614106178283691,12.66318786637013,12.385056480221785,12.581384792846276,3175300
2020-07-31,12.575296401977539,12.600067743945335,12.245019716824237,12.575296401977539,4080000
2020-08-03,12.484471321105957,12.567040891476843,12.34410352394052,12.567040891476843,3457000
2020-08-04,12.773465156555176,12.823006273193704,12.368875170983983,12.476215306956597,5566600
2020-08-05,12.71566390991211,12.938601258060753,12.558782684780693,12.880803036292608,6045100
2020-08-06,13.665210723876953,13.879890970385386,12.591811066218307,12.674380634088246,9526700
2020-08-07,14.1688871383667,14.284483616747094,13.516590699798034,13.566131822691931,8627800
2020-08-10,14.523934364318848,14.63127371974875,13.970720205832883,14.30925407857524,5848600
2020-08-11,14.020258903503418,14.74686921816484,14.003744674787583,14.639528306395444,5873700
2020-08-12,14.251457214355469,14.55696265335827,13.846867951288763,14.028519791374645,5144100
2020-08-13,14.689071655273438,14.854209225231743,14.168884451439942,14.276225368052264,7945700
2020-08-14,14.507416725158691,14.623013169221013,14.400077394941311,14.623013169221013,4269300
2020-08-17,14.589988708496094,14.697328056515863,14.441363784404338,14.532190476879009,4249500
2020-08-18,14.647786140441895,14.77163971212888,14.44136299600238,14.523932568754908,4635000
2020-08-19,14.548702239990234,14.837693349065587,14.515673784733949,14.647784455992232,2614800
2020-08-20,14.821184158325195,14.920266397471305,14.251455771141774,14.367052241773502,5172300
2020-08-21,14.878978729248047,14.994575171410698,14.71383960482991,14.862464501829551,5183400
2020-08-24,14.920267105102539,15.011093807697323,14.788156396719511,14.961552685774654,3912300
2020-08-25,14.771642684936523,15.002837220195007,14.573476615379507,15.002837220195007,2839400
2020-08-26,14.6395263671875,14.788151256175528,14.51567281799192,14.77163702964723,3181300
2020-08-27,14.78815746307373,14.870727055488073,14.614762736399198,14.680818095353874,3515400
2020-08-28,14.779897689819336,14.829438806409875,14.507419186245817,14.77164057457363,4775000
2020-08-31,14.65604305267334,14.85420907961078,14.589987710360859,14.804667966597316,4074700
2020-09-01,14.78815746307373,14.821185929993062,14.499164677065524,14.573477152750034,3914300
2020-09-02,15.011090278625488,15.068888503094353,14.639528014349214,14.796410034252919,4967300
2020-09-03,14.606501579284668,15.143201419192424,14.474390897919175,15.068888964063891,4419100
2020-09-04,14.507416725158691,14.697325618942056,14.144111590398408,14.65604162460078,4318200
2020-09-08,14.3753080368042,14.474391841730915,14.210168886887558,14.449620496778323,4264800
2020-09-09,14.482646942138672,14.64778449420057,14.309250701357733,14.490902481090849,2988900
2020-09-10,14.33402156829834,14.573471562069658,14.29273600048716,14.482646462651825,2737000
2020-09-11,14.69732666015625,14.738612232305787,14.251453505126074,14.367049957377686,7266200
2020-09-14,14.821184158325195,14.928523513214115,14.631273646008191,14.771641463868344,4413900
2020-09-15,14.689071655273438,14.978062796421375,14.548703854622895,14.9367787976527,3703300
2020-09-16,14.912006378173828,14.969804602235651,14.639527911251305,14.705583249448173,4346300
2020-09-17,15.21751594543457,15.349626644780413,14.540448217566183,14.763384038409942,6893600
2020-09-18,15.5147705078125,15.787249104642381,15.234034792910897,15.250547454170102,11655500
2020-09-21,15.159720420837402,15.30008826084086,14.845956272648943,15.209261548225669,4674800
2020-09-22,15.060632705688477,15.24228450917052,14.862466672376165,15.159716509786453,4816300
2020-09-23,14.664297103881836,15.234025296610303,14.664297103881836,15.167969968097093,5635800
2020-09-24,14.829440116882324,14.969807938696192,14.383566878398405,14.738614990920768,7458000
2020-09-25,14.85421085357666,14.920266203777807,14.631273456066369,14.87072508484789,3652700
2020-09-28,14.755125999450684,15.23402759721478,14.73861177110763,15.093659806065814,5012600
2020-09-29,14.862464904785156,15.052373800596495,14.713840003755953,14.912006013500408,4226900
2020-09-30,14.953291893005371,15.085402568905737,14.829436756325729,14.895493669159396,6615400
2020-10-01,14.796408653259277,15.11842820232132,14.59824265576853,15.060629983246939,4895900
2020-10-02,15.30833911895752,15.316594657743522,14.416589741262843,14.474389536948662,6500200
2020-10-05,15.341363906860352,15.506503007963849,15.316592569229872,15.39916211978162,3444800
2020-10-06,15.407423973083496,15.556048894830873,15.209257935714886,15.34962574237811,3555500
2020-10-07,15.48173713684082,15.63036206533589,15.34962643926381,15.48999425229985,3546900
2020-10-08,16.051462173461914,16.084489053560592,15.506505265324687,15.580817714150983,8813800
2020-10-09,15.952377319335938,16.158800424554848,15.671641770247557,16.10100220707488,7942800
2020-10-12,16.117523193359375,16.191835668396447,15.861557301616582,15.952384009969443,5156600
2020-10-13,16.142288208007812,16.19183089334479,15.91109530930261,15.944122191310422,5105700
2020-10-14,16.208345413208008,16.299172105233815,16.076234720197935,16.14229006670297,3657800
2020-10-15,16.398256301879883,16.472568765323377,15.919354634623877,15.968895751958298,3941700
2020-10-16,16.43128204345703,16.53862296089921,16.224858898250577,16.456053387839905,3838900
2020-10-19,16.43128204345703,16.59642118957564,16.24963024263345,16.43128204345703,8025400
2020-10-20,16.51384735107422,16.83586687045754,16.472563362649815,16.654215116553676,4668200
2020-10-21,16.687244415283203,16.73678709844587,16.456051526724504,16.489078407282847,5450700
2020-10-22,16.852388381958008,16.885416846884045,16.546882955811604,16.678993665747974,4140900
2020-10-23,17.050548553466797,17.141375225735946,16.778070111542693,16.967978994575148,3881500
2020-10-26,16.99275016784668,17.05054838603828,16.55513261243648,16.835868164981388,5676100
2020-10-27,16.79458999633789,17.067068530059082,16.73679175810671,16.98449894335002,3719000
2020-10-28,16.101001739501953,16.654215708418633,15.985405307898942,16.51384793795072,6373700
2020-10-29,16.244909286499023,16.41126684677797,15.787422426065513,16.070232023709966,4772900
2020-10-30,16.219947814941406,16.477802951364236,16.061906853545224,16.219947814941406,5949800
2020-11-02,16.635847091674805,16.752297513630765,16.36135567812289,16.461171458740864,5621600
2020-11-03,16.860435485839844,17.209788422716056,16.777255912961053,16.9269788268392,4908200
2020-11-04,16.585941314697266,16.985201295910176,16.544350741747085,16.852114635505874,6436200
2020-11-05,17.442684173583984,17.70054093203647,16.719025752166807,16.818839940939835,5604300
2020-11-06,16.976882934570312,17.742132014031647,16.935293948742743,17.39277913891847,4317800
2020-11-09,17.442684173583984,18.56560410964704,17.392777079197472,18.241205616357817,7284000
2020-11-10,17.317916870117188,17.52586496238376,17.068379794004517,17.426050766545906,6543700
2020-11-11,17.708860397338867,17.966715588956987,17.367824064530325,17.467639847440783,6060800
2020-11-12,17.08501625061035,17.55913765347518,16.868750041379048,17.55913765347518,5706800
2020-11-13,17.359508514404297,17.475958945591856,17.15987693734257,17.234738382111185,4756600
2020-11-16,17.742130279541016,17.825309829582544,17.525864084040226,17.708859411435178,5490200
2020-11-17,17.75876808166504,17.90017285331974,17.575772738042424,17.575772738042424,4546300
2020-11-18,17.775405883789062,17.925127196571385,17.617364869358667,17.767087768659227,11401900
2020-11-19,17.367822647094727,17.717175478992623,17.317915552971577,17.700540838630186,6364300
2020-11-20,16.985200881958008,17.342871868021952,16.95192842440876,17.243056081892302,6956400
2020-11-23,17.018470764160156,17.218102324820208,16.93529279815614,17.14324088620219,5700700
2020-11-24,17.592409133911133,17.65895246317368,17.09333337118298,17.234738144180653,5722200
2020-11-25,17.451000213623047,17.700538828942467,17.326231699222202,17.592404953015397,4538700
2020-11-27,17.500911712646484,17.5674550368326,17.401095933108312,17.534182581480547,1924100
2020-11-30,17.00183868408203,17.492596372721476,16.951929993139608,17.442687681779052,8001700
2020-12-01,17.134923934936523,17.40109725185297,17.085016834644218,17.18483103522883,5935400
2020-12-02,17.600727081298828,17.792038952797746,16.8604323519659,17.035107994677585,6780500
2020-12-03,17.600727081298828,17.91680908218392,17.475958538430753,17.559138095848837,5008800
2020-12-04,17.525867462158203,17.792040804381745,17.376144560527898,17.667272248529244,4094300
2020-12-07,17.359508514404297,17.600727491366833,17.168195051929988,17.459322716417024,4225000
2020-12-08,17.625682830810547,17.758769498691056,17.268011815937346,17.31791891976298,4626100
2020-12-09,17.342870712280273,17.68390544684279,17.20978406398846,17.617362122696882,4848400
2020-12-10,17.342870712280273,17.442684905240135,17.168193494823527,17.226418705136446,4779400
2020-12-11,17.592409133911133,17.65895246317368,17.068380614283345,17.193149158335856,4495300
2020-12-14,17.71717643737793,17.941760752857554,17.609044129842186,17.75044889293847,4869900
2020-12-15,18.532337188720703,18.5489718327133,17.717179345389507,17.808677026680968,5431700
2020-12-16,18.21625328063965,18.698692810183815,18.182982409559756,18.64046759590543,6493400
2020-12-17,18.37429428100586,18.682056581193624,18.282796609130422,18.282796609130422,6010000
2020-12-18,18.748598098754883,18.873366619099233,18.324383860369842,18.4158799291462,13712900
2020-12-21,18.81514549255371,19.25599446573547,18.36597681815929,18.573924925967486,6095800
2020-12-22,18.981504440307617,19.264314014907043,18.79019254764279,18.890006758373016,4832900
2020-12-23,19.538803100585938,19.59702831419165,19.131225018827863,19.24767544603929,5114100
2020-12-24,19.35580825805664,19.572074458240948,19.21440349587913,19.547120116732685,2859700
2020-12-28,19.38076400756836,19.638620816774555,19.33085690335868,19.530486906715637,3892600
2020-12-29,19.38907814025879,19.64693489650235,19.197766291317755,19.44730334763059,2818800
2020-12-30,18.948230743408203,19.23104027588579,18.848414961026332,19.114588265353934,8226300
2020-12-31,19.5471248626709,19.597031971286615,18.989823792487204,19.056367132814287,4316400
2021-01-04,19.330854415893555,19.954698691053057,19.147860666326594,19.72179625718035,6523400
2021-01-05,19.97965431213379,20.12105908701553,19.29758478147532,19.305901309540598,6392600
2021-01-06,20.778173446655273,20.97780342915464,20.046196844157603,20.195919727661646,6504300
2021-01-07,20.570226669311523,21.044348106473194,20.570226669311523,20.961170131651844,6068300
2021-01-08,21.1441593170166,21.16911365596816,20.58685843924108,20.703308847979365,4479300
2021-01-11,21.177433013916016,21.252294454262046,20.811445512799907,20.869670724953924,6026000
2021-01-12,21.643239974975586,21.72641953745298,21.18575317460901,21.235661864006367,5220000
2021-01-13,22.35858154296875,22.50830444574719,21.659877307533165,21.718102528276273,8193500
2021-01-14,22.832704544067383,22.940836869978572,22.358581490867724,22.358581490867724,5924700
2021-01-15,22.95747184753418,23.140465614672078,22.591482726740196,22.682980403568237,5220400
2021-01-19,23.3400936126709,23.63122126140407,23.08223842048691,23.331775498533602,6587000
2021-01-20,23.306819915771484,23.8558026901029,23.190367918491766,23.281865576386288,6807900
2021-01-21,22.691293716430664,23.356726898400773,22.599796058965577,23.315137919471834,7104900
2021-01-22,22.54157257080078,22.691295444777587,22.400167810546908,22.574843439174533,5784600
2021-01-25,21.817909240722656,22.63306522400938,21.551735987936603,22.341939220348213,10717100
2021-01-26,20.428821563720703,21.92604888429211,20.34564200371371,21.826233094980093,10506600
2021-01-27,19.097951889038086,19.963016707909482,18.981501465927717,19.92974425186765,14199900
2021-01-28,20.55569076538086,20.748270758056407,19.29137062207005,19.55930605898416,12017000
2021-01-29,20.421724319458008,20.857120230084753,20.296129775206023,20.33799568797087,7250300
2021-02-01,20.773386001586914,21.066440946426958,20.337991771818157,20.6477914815186,10704400
2021-02-02,21.560447692871094,21.92048649239191,20.8822359990185,21.024576882619264,11209600
2021-02-03,21.644180297851562,21.73628210540248,21.275768276584405,21.60231438803645,5264400
2021-02-04,21.912111282348633,21.95397558664016,21.45996913030012,21.56044569642896,4831800
2021-02-05,22.489852905273438,22.690804484837685,21.98747315785222,22.12144087756172,4324400
2021-02-08,23.17643928527832,23.41088201059551,22.56521132709952,22.7326701884659,8431900
2021-02-09,23.369014739990234,23.377387921553137,22.875008206926733,23.101079318061778,5275100
2021-02-10,23.142942428588867,23.553218721766225,22.67405546453203,23.511354413144026,7563500
2021-02-11,23.444372177124023,23.611832617197642,23.151317205505748,23.276911737050405,5576500
2021-02-12,23.888139724731445,23.896512905911226,23.402506395451184,23.44437070432908,4984200
2021-02-16,24.206317901611328,24.340285635651753,23.81278788249525,23.946755616535675,7370000
2021-02-17,24.080717086791992,24.290041816409076,23.8881387188293,24.114208213079834,4720300
2021-02-18,23.285287857055664,24.13096015180012,22.916877397638896,23.955128104854115,7613800
2021-02-19,23.703933715820312,23.94675118699184,23.385760805583594,23.452744660213487,4352100
2021-02-22,22.607078552246094,23.553225951928415,22.58195900114919,23.544854365250945,9607600
2021-02-23,22.79128074645996,22.89175734035309,21.384619611105112,22.506598926954254,9793400
2021-02-24,23.444372177124023,23.678816473822863,22.76616042916599,22.799651558968044,8672000
2021-02-25,22.06283187866211,23.35227167823976,21.928864148758493,23.176439631624252,8306200
2021-02-26,22.238658905029297,22.724292215556336,21.87024852947151,22.10469120536811,5892200
2021-03-01,22.607078552246094,22.858267675129117,22.272159189394895,22.665689241117366,6045600
2021-03-02,22.447982788085938,22.69080023269487,22.305641912940917,22.590323663230958,5638100
2021-03-03,22.51496696472168,22.556832868036068,22.062826388072708,22.406118810146104,6996900
2021-03-04,21.669296264648438,22.171675957329402,21.418107216818463,21.878621003513754,18935500
2021-03-05,21.761398315429688,21.970723041353814,20.790131714903413,21.769771496109165,10636900
2021-03-08,22.00421714782715,22.247033014717957,21.560448126033645,21.8702494425727,8455700
2021-03-09,23.050840377807617,23.4108775802707,22.355882321950336,22.498223205536576,6344100
2021-03-10,23.017343521118164,23.603453312306673,22.941986502336196,23.17643073821574,6912000
2021-03-11,23.59508514404297,23.712306488368583,23.201553607485195,23.293657004895916,4632800
2021-03-12,23.8211612701416,23.871398771582996,23.22667804783648,23.47786874908621,3393000
2021-03-15,23.86302375793457,24.080721710175823,23.67881853543255,23.762547165738127,4334700
2021-03-16,23.35226821899414,23.821156801220162,23.33552345300263,23.729053401672,4547300
2021-03-17,22.481477737426758,23.268539218966627,22.07957461379744,23.268539218966627,11942900
2021-03-18,21.769779205322266,22.590332038237715,21.753032838033015,22.48148384490056,8796100
2021-03-19,22.02933692932129,22.230288503940894,21.686044456385158,21.778147860302074,11160700
2021-03-22,21.736286163330078,22.154935757511517,21.67767547566811,22.079580299818602,7979800
2021-03-23,21.41810417175293,21.786516106943726,21.27576330568063,21.744650206910233,6874200
2021-03-24,21.476713180541992,22.11306043884954,21.401356163306843,21.401356163306843,5497100
2021-03-25,21.870254516601562,21.979102703491346,21.07481968471427,21.250651739771936,5455900
2021-03-26,22.037708282470703,22.087945772701463,21.686042656813363,21.9121137583833,5056700
2021-03-29,21.82838249206543,22.03770722113705,21.753025461837968,21.928859064709023,3794900
2021-03-30,22.50659942626953,22.50659942626953,21.81164122723982,21.861880323811594,4603100
2021-03-31,22.447982788085938,22.8666322329806,22.414491662945228,22.67405387161407,5728000
2021-04-01,22.665685653686523,22.87501042196515,22.523344747376207,22.640567703586683,6138300
2021-04-05,22.891756057739258,23.05084332373093,22.57358152575591,22.967113099681566,6462500
2021-04-06,23.293657302856445,23.461117737196,22.71592056110816,22.824770322535187,5735800
2021-04-07,22.68242835998535,23.327148925581653,22.540087476633193,23.26853825544035,6073200
2021-04-08,23.17643928527832,23.23504996660762,22.824773600281247,22.824773600281247,4565800
2021-04-09,23.20992660522461,23.260165692699125,22.565207619511916,23.02572140888113,5970800
2021-04-12,23.17643928527832,23.318780195801455,23.06758950821995,23.184812467899835,3761100
2021-04-13,23.64532470703125,23.67044425316851,23.000604062698756,23.21830200482484,4947500
2021-04-14,23.75417137145996,23.938376561323725,23.54484663874256,23.5532182226728,3954600
2021-04-15,23.888139724731445,24.038852194904482,23.745798838717178,23.8630201811921,4727800
2021-04-16,23.971872329711914,24.156079152264084,23.871397332884623,24.09746847127795,5055200
2021-04-19,23.729053497314453,24.03048164467168,23.51972874987662,23.9216318816722,5036800
2021-04-20,23.6536922454834,23.904881258839506,23.469487075490306,23.620199525291493,5736900
2021-04-21,23.77091407775879,23.80440679866314,23.3104003444698,23.4694875747238,3878000
2021-04-22,23.71230697631836,24.16444919434308,23.695560613349798,24.005361940183892,4960600
2021-04-23,23.695560455322266,23.86302088984893,23.58671229079468,23.636949782344253,3297100
2021-04-26,23.620206832885742,23.812786839527803,23.436001605903435,23.812786839527803,3420100
2021-04-27,23.276912689208984,23.687190624469945,23.201555647795438,23.67044426037334,2982300
2021-04-28,23.419254302978516,23.461120214494628,23.209929536461658,23.251795447977766,3352200
2021-04-29,23.487442016601562,23.83259785081568,23.386421658421142,23.546370826488417,5413800
2021-04-30,23.420093536376953,23.521115495762984,23.184378307292167,23.27698003056566,5369000
2021-05-03,23.024431228637695,23.63897689674471,23.01601259686625,23.57162944826298,5982100
2021-05-04,22.485647201538086,22.940243625770616,22.359370952258924,22.940243625770616,8082200
2021-05-05,22.283607482910156,22.881317487618784,22.140493955503004,22.645600617274706,8271700
2021-05-06,21.4249267578125,22.199423168849272,20.90298286106805,21.871102973441584,16043700
2021-05-07,21.711156845092773,21.887943308778656,20.987170514135464,21.5259501433,10752300
2021-05-10,21.660640716552734,22.022633809600848,21.256556075531897,21.48385428823973,7076800
2021-05-11,21.33232307434082,21.433343436145364,20.970329965546853,21.28181289343855,5083900
2021-05-12,20.7261905670166,21.49226813040009,20.67567879387602,21.197622543170457,4838700
2021-05-13,20.574663162231445,21.079769769277025,20.31369042508262,20.902981734250734,5307700
2021-05-14,21.357582092285156,21.635390536426023,20.751453410021497,20.751453410021497,4893000
2021-05-17,21.189208984375,21.408088569955584,20.93665648099952,21.163953091761588,5523100
2021-05-18,20.9534912109375,21.26497411664383,20.92823692512995,21.26497411664383,4574900
2021-05-19,20.995586395263672,21.020840683515186,20.49047975626677,20.63359327722106,7925100
2021-05-20,21.340742111206055,21.525947181828954,21.004004889305453,21.046096439909377,8464600
2021-05-21,21.34916114807129,21.626969562128505,21.264976439574305,21.458600145134536,7333900
2021-05-24,21.635387420654297,21.770082307161786,21.4165078286572,21.55962134628262,6359100
2021-05-25,21.33232307434082,21.761663626234384,21.28181289343855,21.761663626234384,7455900
2021-05-26,21.4333438873291,21.593294670191334,21.163954109259915,21.424926861742957,5827700
2021-05-27,21.33232307434082,21.601712846739204,21.315485812143496,21.57645695344322,5363900
2021-05-28,21.39124870300293,21.500689285309434,21.281809726385884,21.41650459254046,3574900
2021-06-01,21.576459884643555,21.719573421383636,21.399673424623998,21.525949696879383,4035200
2021-06-02,21.20604705810547,21.54278427739646,21.13869961424727,21.54278427739646,5187700
2021-06-03,21.105026245117188,21.332324482718377,20.776707639042005,20.995587244988727,3555000
2021-06-04,21.012418746948242,21.290228719533314,20.734610380052658,21.172369505369787,6034500
2021-06-07,21.315486907958984,21.332324171021902,20.978749675149558,21.172373383303757,3692600
2021-06-08,21.315486907958984,21.534366510707557,21.19762927789813,21.37441572298941,3198800
2021-06-09,21.214462280273438,21.46701475273572,21.189206390751426,21.424923209221827,3357200
2021-06-10,21.365995407104492,21.45018011009273,21.113442903829434,21.264975048070333,3485400
2021-06-11,21.786914825439453,21.803752085250014,21.433340397865045,21.500689437107287,3660800
2021-06-14,21.66905975341797,22.09840029468314,21.458598798230508,21.86268344682491,2618700
2021-06-15,21.93844985961914,22.132075161720692,21.61013127825209,21.727988901165453,4043100
2021-06-16,21.660640716552734,22.064725357573572,21.64380345508779,21.963705000163177,4970000
2021-06-17,21.946866989135742,22.005795796560783,21.44176040226604,21.601711169340852,4101000
2021-06-18,21.163951873779297,21.71956863378141,21.14711621869557,21.55961947350383,6538300
2021-06-21,22.01421546936035,22.06472564873206,21.256556356026064,21.37441397645661,4941300
2021-06-22,21.66905975341797,21.98054267359886,21.643803860747195,21.921613863056713,3566600
2021-06-23,21.77008056640625,21.938448358232918,21.584873908000468,21.7279874141824,3178200
2021-06-24,21.86268424987793,21.930031693784116,21.702735074156816,21.90477740587537,2949800
2021-06-25,22.073143005371094,22.106817526801425,21.89635658493053,21.913193845645697,3341300
2021-06-28,22.334117889404297,22.418300989742672,21.96370614629453,22.073145140148245,3359800
2021-06-29,22.199424743652344,22.729785703565337,22.182587479987845,22.300445114259656,4447600
2021-06-30,21.946866989135742,22.266768523285368,21.73640604508083,22.191002454970434,6329100
2021-07-01,22.165746688842773,22.266768649063184,21.963704374091535,22.165746688842773,4103100
2021-07-02,22.02263069152832,22.300439043607877,21.955283260893562,22.300439043607877,3312800
2021-07-06,21.887941360473633,22.123658230096297,21.618551569870483,22.089983703425997,3579200
2021-07-07,21.879518508911133,22.031050638321908,21.744823639588105,21.820589704293496,2948500
2021-07-08,21.458602905273438,21.82901470689098,21.155538557978176,21.500696067781092,5596600
2021-07-09,21.660640716552734,21.7784999411177,21.48385428823973,21.70273387021509,6073200
2021-07-12,21.845848083496094,21.862683739812567,21.3828330124649,21.60171260147588,6083600
2021-07-13,20.978748321533203,21.871102332323076,20.945073797580157,21.820592152083186,6107600
2021-07-14,21.004003524780273,21.382832272674193,20.995584894068458,21.062932334073352,3645300
2021-07-15,20.69251823425293,20.961907963327718,20.532567480481234,20.818794469045557,5489000
2021-07-16,20.507314682006836,20.902980674527047,20.38103683238015,20.768285800235503,6356800
2021-07-19,19.85067367553711,20.246339622412147,19.724397446167576,20.128482022425832,7643800
2021-07-20,20.288436889648438,20.439969037941857,19.875933600232855,19.92644378110076,6737400
2021-07-21,20.507314682006836,20.642009556298376,20.372619807715292,20.439967244861062,4619000
2021-07-22,20.221088409423828,20.61675441635922,20.15374096982441,20.60833578569809,5477000
2021-07-23,20.120065689086914,20.423129958710124,19.918023377901296,20.313689369928607,5729500
2021-07-26,20.20425033569336,20.355782470121387,20.069555461910568,20.128484268479344,4904300
2021-07-27,20.465221405029297,20.465221405029297,19.93486054146227,20.09481130583849,5488400
2021-07-28,20.38945770263672,20.61675593010733,20.221089894120873,20.583083010680056,2984300
2021-07-29,20.431550979614258,20.599918789123763,20.381039191640635,20.49047979322707,3328000
2021-07-30,20.07660675048828,20.51710489696226,20.03425007196246,20.237557281660163,5208900
2021-08-02,19.966482162475586,20.262972466419438,19.92412709723025,20.262972466419438,5567500
2021-08-03,20.26297378540039,20.432397288894382,19.92412839415469,20.03425254040619,10843600
2021-08-04,20.02578353881836,20.246033472746483,19.864832969047495,20.1104953004434,4894500
2021-08-05,21.050792694091797,21.398109461093437,20.18673563756664,20.58487881502786,10640800
2021-08-06,20.839006423950195,21.584466093865466,20.80512108562857,21.287975846518695,7489800
2021-08-09,20.474750518798828,20.83053855160191,20.466279182810407,20.796653207648223,5950600
2021-08-10,20.618764877319336,20.95761031831315,20.41545761272305,20.508639099157275,4612800
2021-08-11,21.084672927856445,21.118558273030846,20.644174750784558,20.644174750784558,4700600
2021-08-12,21.271041870117188,21.347282290964678,20.991494198923856,20.991494198923856,4353900
2021-08-13,20.999963760375977,21.338809148963218,20.96607841364612,21.17785698348093,3286100
2021-08-16,20.63570213317871,20.991490156707382,20.63570213317871,20.889835743238294,2679900
2021-08-17,20.406980514526367,20.53404731706455,20.11049023144257,20.483220919197688,3452300
2021-08-18,20.127439498901367,20.50017030880952,20.110496822145862,20.466284955298512,4970600
2021-08-19,20.02578353881836,20.27991882369348,19.924130717462283,19.991899803613823,5192600
2021-08-20,20.601816177368164,20.635701519430736,19.932596829052763,19.97495189088894,5292600
2021-08-23,20.54252052307129,20.737356412419196,20.33074196097777,20.66958733717896,5704300
2021-08-24,20.500165939331055,20.69500183326357,20.347685112517002,20.69500183326357,5848600
2021-08-25,20.550996780395508,20.771246731600844,20.398515920657765,20.48322768892791,6158300
2021-08-26,20.220619201660156,20.55099326406904,20.21214786470835,20.500166858100513,3919800
2021-08-27,20.4916934967041,20.4916934967041,20.085077441899955,20.127434122474426,4578700
2021-08-30,20.415454864501953,20.6102907648778,20.39851219079737,20.58487675432092,2120000
2021-08-31,20.220619201660156,20.525579253213618,20.135907447884406,20.46628151029329,6436300
2021-09-01,20.432395935058594,20.703472230093837,20.35615552511216,20.398510590308103,3941600
2021-09-02,20.779714584350586,20.78818592133085,20.42392650989101,20.440867568109223,3283600
2021-09-03,20.87289810180664,20.94913852634591,20.669590841616085,20.737359928346272,7178600
2021-09-07,20.711944580078125,20.83054006102545,20.567935089323985,20.728885637540426,7112100
2021-09-08,20.45780372619629,20.805120353054182,20.432391339091733,20.703467573152352,4804900
2021-09-09,20.381567001342773,20.576404493411616,20.322269266438294,20.491692751087175,4377700
2021-09-10,20.135908126831055,20.491696212091888,20.12743678959361,20.474753537617,3686800
2021-09-13,20.220619201660156,20.36462869835624,20.085079426173568,20.330743350549014,5941400
2021-09-14,20.178260803222656,20.44933709968952,20.07660799991867,20.356155632617895,4703200
2021-09-15,20.423925399780273,20.483223139676777,20.042723335099545,20.14437775759515,4909500
2021-09-16,20.567935943603516,20.635705023494207,20.339214693069067,20.457810178942196,5230700
2021-09-17,20.839006423950195,21.050784941234767,20.73735202472718,20.771237363048808,10357800
2021-09-20,20.26297378540039,20.695002265142016,19.932599730903615,20.50016636714352,5734000
2021-09-21,20.26297378540039,20.466281020147814,20.203676043900177,20.390040605149746,4272000
2021-09-22,20.051193237304688,20.474750338544126,20.008838173477592,20.35615486723456,3426600
2021-09-23,19.941070556640625,20.38156874610065,19.881771200917747,20.18673285309504,3411200
2021-09-24,19.856359481811523,20.06813805507735,19.79706173981586,19.94107123426631,5970300
2021-09-27,19.864830017089844,20.271444473575276,19.763175595097373,19.788589604531047,3741900
2021-09-28,19.53445816040039,20.10202488897552,19.50904576176164,19.924131635534117,5135500
2021-09-29,19.432798385620117,19.61916291054877,19.33961531528481,19.59374890525497,3551000
2021-09-30,19.339616775512695,19.509040258779677,19.144780900775125,19.475154915829446,5642000
2021-10-01,19.3989200592041,19.66152507922105,19.237967865632566,19.51751717771381,4779600
2021-10-04,19.348087310791016,19.49209678088744,19.204077840694595,19.32267330462976,4485700
2021-10-05,19.805532455444336,19.85636047891495,19.229496064458676,19.42433197386893,5162200
2021-10-06,19.839418411254883,19.856361086263316,19.339620808703053,19.619168483372516,4515300
2021-10-07,20.406980514526367,20.618759057337357,19.84788529076472,19.91565435983455,10589200
2021-10-08,20.390037536621094,20.72041154139937,20.26297073599422,20.373094865672968,9921100
2021-10-11,20.33074188232422,20.491694041300434,20.1952037323681,20.34768455500428,7662500
2021-10-12,20.347684860229492,20.50016568515296,20.24603043836644,20.347684860229492,6733400
2021-10-13,20.288387298583984,20.51710692223231,20.178261539288275,20.406982778678834,5890200
2021-10-14,20.567935943603516,20.59334833872358,20.262974276224252,20.440867505033946,3200600
2021-10-15,20.67806053161621,20.889839112739473,20.593348776018434,20.74582961294596,3537800
2021-10-18,20.20367431640625,20.52557700663015,20.16131763628328,20.406981533770104,3269100
2021-10-19,20.45780372619629,20.576400790404165,20.262967884932944,20.36462228057658,3291600
2021-10-20,21.203271865844727,21.254098272288278,20.4832243756347,20.4832243756347,6982600
2021-10-21,20.999963760375977,21.211742330210786,20.788185190541167,21.110087905763482,4068600
2021-10-22,21.118558883666992,21.28798076721121,21.00843312440813,21.127030220205537,3740200
2021-10-25,21.321868896484375,21.39810931954063,21.04232121719226,21.076204952027012,3834200
2021-10-26,21.49129295349121,21.770840639750208,21.321869427867732,21.474350277780367,6284900
2021-10-27,21.73694610595703,21.948724615653216,21.4658698720646,21.525167596260847,5546200
2021-10-28,21.66071128845215,22.279104308155,21.575999539621378,21.82166344965639,5746400
2021-10-29,21.287982940673828,21.65224237031033,21.11856103983196,21.542118215550232,5021400
2021-11-01,21.621206283569336,21.78312979030084,21.25474491215993,21.348489672501973,3070500
2021-11-02,21.621206283569336,21.723473590398758,21.41666841889143,21.621206283569336,4968700
2021-11-03,21.56155014038086,21.766088021016728,21.28883513354592,21.663819080698794,5918100
2021-11-04,21.40814781188965,22.115502925620554,21.06725244943319,22.030279085006438,5778400
2021-11-05,21.297353744506836,21.62972489446915,21.25474264213041,21.510412507407676,6858600
2021-11-08,20.376941680908203,21.391101933417204,20.257629283734026,21.314400642231092,7360300
2021-11-09,20.35989761352539,20.564433858484552,20.172406462023552,20.479211642217084,5107700
2021-11-10,20.53886604309082,20.666700981793845,20.300239632138258,20.300239632138258,3500000
2021-11-11,21.203609466552734,21.3229234909285,20.624090939552744,20.67522459256549,7503900
2021-11-12,21.0672550201416,21.18656906176435,20.768973979859123,21.169523966459703,4154500
2021-11-15,21.331445693969727,21.382579346159357,21.02464052981296,21.305878055120164,3207600
2021-11-16,21.357009887695312,21.36553243325238,21.084294931906573,21.30587623986226,2730000
2021-11-17,21.092817306518555,21.22065223781983,20.786012170988023,21.050206204587912,4116100
2021-11-18,20.85419273376465,21.16099789613534,20.555911743137017,21.058728966841947,2918700
2021-11-19,20.947938919067383,20.990550024323497,20.675223944205527,20.751925234074108,4313600
2021-11-22,21.254743576049805,21.433712164505778,20.896804773628425,21.0416848037873,4611800
2021-11-23,20.973506927490234,21.29735555947387,20.939416742276432,21.288833013170418,2536800
2021-11-24,21.0672550201416,21.23770272216852,20.67522758119334,20.90533149127676,4134900
2021-11-26,20.308761596679688,20.683745481580942,20.240582856289404,20.649655298631107,2500100
2021-11-29,20.129796981811523,20.54739205222994,20.061618227978105,20.53886950481205,4307000
2021-11-30,19.925254821777344,20.334328882560555,19.686630047288947,20.112747573743214,10330900
2021-12-01,20.095703125,20.845669280310968,20.05309202119609,20.215015516058482,9058000
2021-12-02,20.521818161010742,20.692265806447246,19.72923937309667,20.03604448467869,5494800
2021-12-03,20.24910545349121,20.743401728954396,20.061614323318757,20.62408933934551,6167800
2021-12-06,20.760448455810547,21.01611834668614,20.32580834091442,20.496254392994974,5585100
2021-12-07,21.152475357055664,21.339968123238712,20.939416577672738,20.990550229581984,3693500
2021-12-08,21.203609466552734,21.34848950468011,21.00759577541261,21.17804345280112,3044100
2021-12-09,20.922372817993164,21.28883420195758,20.90532934994404,21.19508943840383,4454000
2021-12-10,20.81157875061035,21.135427335162042,20.68374382580072,21.058726055174407,3414800
2021-12-13,20.385465621948242,20.75192701035248,20.266153216610906,20.75192701035248,5358800
2021-12-14,20.121274948120117,20.48773636889721,20.03605109727502,20.283198476665074,5302500
2021-12-15,20.564437866210938,20.590005511379708,20.019007773356343,20.070141438183985,3671000
2021-12-16,20.50477409362793,21.050205610911625,20.50477409362793,20.581475375347367,4556000
2021-12-17,20.53034210205078,20.717833224374367,20.104224584989552,20.3428509797272,6214300
2021-12-20,19.788898468017578,20.24910620298772,19.379826009494863,20.197972552049745,5578900
2021-12-21,20.206491470336914,20.453640405480936,19.92525397978192,19.95082161547212,4944800
2021-12-22,20.08717918395996,20.24910429308508,20.00195535676204,20.095701729230683,3587000
2021-12-23,20.07013702392578,20.223539610179,20.03604846337481,20.163883410082644,3790700
2021-12-27,20.17240333557129,20.232059527916437,19.976389667720284,20.06161349628878,2798500
2021-12-28,20.232065200805664,20.46216911480687,20.155363896138596,20.24058774860309,1908700
2021-12-29,20.266149520874023,20.376939359125107,20.129792046637622,20.180925693098946,2611100
2021-12-30,20.598522186279297,20.700791112283383,20.300239579735926,20.368418321902176,3201700
2021-12-31,20.709312438964844,20.82010391310166,20.46216510333022,20.521821300707217,2491100
2022-01-03,20.777494430541992,21.050211072698836,20.48773594448671,20.803062072918806,2741200
2022-01-04,20.83714485168457,21.01611340814002,20.683742303003246,20.82009976282906,4105000
2022-01-05,19.882648468017578,20.86271868783606,19.874125920391883,20.75192881972152,6392500
2022-01-06,19.805944442749023,20.197973452101444,19.737765696623757,19.891168281782985,6035900
2022-01-07,19.68663215637207,20.001958249444737,19.584363223842576,19.805944556398536,4655400
2022-01-10,19.567317962646484,19.865600585658314,19.32869316464464,19.729243093797393,7277100
2022-01-11,19.89116668701172,19.933777790357595,19.601406632833427,19.601406632833427,3959500
2022-01-12,19.967870712280273,20.197974603132145,19.814468118379025,19.976393259220302,3596600
2022-01-13,19.831510543823242,20.180926793800428,19.788897814856877,19.97639057129008,3049000
2022-01-14,19.65254020690918,19.81446532492214,19.45652653145156,19.754809130261943,4467700
2022-01-18,19.251989364624023,19.558794494103072,19.141197900974674,19.430957939813926,4523800
2022-01-19,19.66106605529785,19.80594610617062,19.23494844984966,19.26051609136003,5725900
2022-01-20,19.933778762817383,20.496253807071923,19.771855261796166,19.82298891340763,7856900
2022-01-21,19.55879783630371,20.010481436876614,19.50766255564635,19.865601392699933,5997300
2022-01-24,19.251989364624023,19.286077920394302,18.357143237655883,19.175288082254262,10357800
2022-01-25,18.894052505493164,19.021887447241557,18.553158785660955,18.8429188538957,9369900
2022-01-26,19.107114791870117,19.66958993924775,18.911101070164836,19.20938373935231,7061000
2022-01-27,18.80883026123047,19.62697688358924,18.783264246022444,19.4394841026791,6652600
2022-01-28,18.87700843811035,18.894053531404847,18.425324844373154,18.663949648457844,4187800
2022-01-31,19.038379669189453,19.072713135989254,18.54053212168333,18.66928548726135,9913700
2022-02-01,19.021211624145508,19.15854876216052,18.80662214134857,19.07271264160418,6924800
2022-02-02,19.149961471557617,19.19288034255227,18.755117681531956,18.96112335074372,5703500
2022-02-03,18.677873611450195,19.107052688081342,18.63495472147413,18.91821448375141,5251400
2022-02-04,18.806625366210938,18.96113008226845,18.463282462298746,18.56628451487835,6201000
2022-02-07,18.712202072143555,18.94395910434822,18.540531469804694,18.763704726314245,5478400
2022-02-08,19.304468154907227,19.3645529434061,18.729368320837338,18.798036884434293,8517400
2022-02-09,19.725065231323242,19.80231757753684,19.50189196861594,19.544810848283415,4202100
2022-02-10,19.184301376342773,19.79373476251595,19.072713920978035,19.433224341746993,7026300
2022-02-11,18.49761390686035,19.424640464420367,18.471864215131525,19.184301276615727,8335400
2022-02-14,18.420358657836914,18.626365982368444,18.145684408045106,18.58344710759618,7996200
2022-02-15,18.506196975708008,18.780871258234693,18.471863508986104,18.669285444903675,6016400
2022-02-16,18.78945541381836,18.95254388630893,18.480447658326838,18.497613573440663,5071100
2022-02-17,18.428945541381836,18.72937116671273,18.308775946124655,18.677870145486505,4914400
2022-02-18,18.248685836791992,18.592028607008864,18.145682187133197,18.394606718782597,3115500
2022-02-22,18.034101486206055,18.317359556159534,17.836679542308644,18.222939653779065,5021200
2022-02-23,17.639257431030273,18.24869250334096,17.5534229350099,18.059854320032837,6087900
2022-02-24,17.95684814453125,18.05126804169593,16.961153066534443,17.192910102927108,10375600
2022-02-25,18.119937896728516,18.25727504569912,17.46758562052415,18.128521673187674,5580600
2022-02-28,18.222936630249023,18.46327741589135,17.93109483239322,18.025514719107644,8264600
2022-03-01,17.742259979248047,18.24010755526905,17.596339053318374,18.1456876510828,5071600
2022-03-02,18.377443313598633,18.48903076231521,17.716507308701495,17.845262309095673,6606400
2022-03-03,18.420358657836914,18.660699444998585,18.34310795762218,18.428942432791366,12627400
2022-03-04,18.729372024536133,18.78087304812116,18.197190960718828,18.25727576109936,8911400
2022-03-07,18.77229118347168,19.08129896669589,18.643536166841212,18.90962833983534,7689600
2022-03-08,18.506196975708008,19.0469634019718,18.506196975708008,18.88387493277613,8533300
2022-03-09,18.84954071044922,19.08129776111571,18.66928631805613,18.84954071044922,6540500
2022-03-10,19.184301376342773,19.235802397256073,18.626369011082897,18.729371052909492,3953100
2022-03-11,19.05554962158203,19.519062123488453,19.04696584450383,19.218636474503658,4679500
2022-03-14,18.643535614013672,19.32163923599131,18.531949791722518,19.158550753699927,5516900
2022-03-15,19.17571449279785,19.244383055284644,18.746535567958485,18.789452805567354,4247700
2022-03-16,19.441802978515625,19.68214374122175,19.201463852997,19.227213538052567,5490400
2022-03-17,20.094161987304688,20.248666699544838,19.330223840326227,19.39030864237783,5810700
2022-03-18,20.334501266479492,20.437503308580713,19.99115839749552,20.09416043959674,8964900
2022-03-21,20.15424156188965,20.463250906221266,19.982570977295808,20.28299490963194,6253600
2022-03-22,20.360246658325195,20.55767019883456,20.24866086341781,20.325913197271998,4527200
2022-03-23,20.0855770111084,20.386002640618262,20.04265976568755,20.29158273606683,5353100
2022-03-24,20.806594848632812,20.815178623909322,20.06840654673018,20.222911227331917,6925100
2022-03-25,20.91818618774414,20.943935881183904,20.677845346782103,20.91818618774414,5146800
2022-03-28,21.15852165222168,21.175689202939566,20.81517882380269,20.84093014987952,3714200
2022-03-29,21.845211029052734,21.931045516450457,21.270111122673313,21.49328439172078,5255100
2022-03-30,21.845211029052734,21.931045516450457,21.682122556058836,21.785124595811265,6506800
2022-03-31,22.08555030822754,22.3258911306631,21.742207445596677,21.82804357055137,5997800
2022-04-01,22.506141662597656,22.53189298682729,22.051213061520848,22.145631309320915,4588900
2022-04-04,22.45464324951172,22.531895593951724,22.1370517332031,22.40314223228099,3804000
2022-04-05,22.265806198120117,22.763653755185814,22.145634969043638,22.48897946676169,4404200
2022-04-06,21.870960235595703,22.162802070405,21.70787340340476,21.931045030317406,6107100
2022-04-07,21.656370162963867,21.956795765651574,21.61345292137469,21.84520995520702,6435900
2022-04-08,21.313024520874023,21.76795475306348,21.244355961032937,21.725035879920547,6107300
2022-04-11,21.192855834960938,21.42461121085497,20.866678934211645,21.321609185388215,9024500
2022-04-12,20.986848831176758,21.407443956038904,20.909596498325794,21.373108858244,5878800
2022-04-13,21.004018783569336,21.08985490738189,20.798013068731937,20.93535021195687,4850800
2022-04-14,20.952518463134766,21.27011164067979,20.91818499477711,21.072688058168477,4368800
2022-04-18,20.686426162719727,21.098437570663343,20.574838716492618,20.926765332092934,3880700
2022-04-19,20.961097717285156,21.012598727304567,20.729340716416427,20.755092040019925,5368700
2022-04-20,21.381694793701172,21.8022899610721,20.96968340164652,21.235773887700017,7459100
2022-04-21,19.750816345214844,21.51044946282742,19.725065017693257,21.433197117450494,7223600
2022-04-22,19.304468154907227,19.922485227279825,19.295884379809145,19.750814636881284,7457000
2022-04-25,18.952543258666992,19.29588610739164,18.63495010035429,19.244385089379904,5962500
2022-04-26,18.317358016967773,18.840956868443104,18.28302291455532,18.669284630756433,7094900
2022-04-27,18.11134910583496,18.531944212757047,18.042680550361712,18.343106094502488,6770200
2022-04-28,18.19610595703125,18.403665894051336,17.91070918789642,18.308533637673058,4263700
2022-04-29,17.659910202026367,18.2739415452419,17.616669162194825,18.152865314081637,5822800
2022-05-02,17.81557846069336,18.005841322624722,17.383161515771384,17.798281387006945,5730300
2022-05-03,17.91935920715332,18.299886614605306,17.72909632819727,17.746393403431423,7434500
2022-05-04,18.9571590423584,19.07823525979276,17.971248930016337,17.997192891158132,9105800
2022-05-05,18.44690704345703,19.130126617067177,18.204752957328164,18.715005090912012,7265800
2022-05-06,18.109622955322266,18.43825912291116,17.374513784944703,18.144215454760133,6054100
2022-05-09,17.348567962646484,18.126918160259258,17.227491741773772,17.962600903229088,7248600
2022-05-10,17.262083053588867,17.76368827594022,16.7604794807772,17.590720844126672,7188600
2022-05-11,17.262083053588867,17.96259966784802,17.20154494731603,17.288028663222804,5472900
2022-05-12,16.821020126342773,17.40910579662851,16.55292042789659,17.184250432732654,8280400
2022-05-13,17.50423812866211,17.677205570361487,17.063172636914494,17.149656357764183,5685300
2022-05-16,17.348567962646484,17.608019128210604,17.279381315070676,17.46964583305899,4846000
2022-05-17,17.95395278930664,17.962601326649956,17.521535819379814,17.651260580449897,3971200
2022-05-18,17.49559211730957,17.9107120578676,17.39181295694007,17.85882247768285,3547100
2022-05-19,17.876117706298828,18.049085155087358,17.443700733867352,17.443700733867352,5312600
2022-05-20,17.755043029785156,18.075030693539198,17.4004612134415,17.997195499752543,5709400
2022-05-23,18.27393913269043,18.29988474288794,17.832875306110804,18.066379199729514,3943400
2022-05-24,18.36907196044922,18.42096153292383,17.694500920120205,18.1788090950158,4420100
2022-05-25,18.533390045166016,18.628522298447386,18.299884505042485,18.31718157828268,4470000
2022-05-26,19.026350021362305,19.225261466605097,18.619878592013098,18.65447109792744,4105200
2022-05-27,19.398223876953125,19.49335613005919,19.034993587276876,19.069586084153823,3025000
2022-05-31,19.06093978881836,19.346334907456686,19.01769710445513,19.25120265139733,5242300
2022-06-01,18.922569274902344,19.164723415363664,18.68041678398115,19.07823967594604,3550900
2022-06-02,19.14742088317871,19.156069419610837,18.749598104538848,19.000399062911878,3458400
2022-06-03,19.259849548339844,19.354980146759313,18.974454454002228,19.01769548514384,2780500
2022-06-06,19.64037322998047,20.48791153961125,19.605780738517268,20.055494674314918,5583100
2022-06-07,19.623083114624023,19.649027077851184,19.406874623518327,19.45876419951253,4689900
2022-06-08,19.216609954833984,19.57984028321165,19.18201745427128,19.380928868741464,4644500
2022-06-09,18.637170791625977,19.16472002413671,18.62852390380041,19.11283044948413,4708800
2022-06-10,17.893413543701172,18.265292378202055,17.720446106873876,18.24799530461138,5348500
2022-06-13,16.743186950683594,17.512888691235734,16.648054681791994,17.417756422344134,6406400
2022-06-14,16.3540096282959,16.838316171487946,16.103208644148882,16.7604809851396,7640600
2022-06-15,16.907501220703125,17.227490473139557,16.53562404833061,16.6134575777744,8139500
2022-06-16,16.379955291748047,16.66535042607582,16.17239534401329,16.431844866296778,11495900
2022-06-17,16.648052215576172,16.77777696786752,16.31941606646877,16.345360027203206,11788000
2022-06-21,17.201541900634766,17.253433110711835,16.821016257305917,16.864257282830756,6041500
2022-06-22,17.512882232666016,17.608014466473833,16.976684618757442,17.00263022330667,6987200
2022-06-23,17.902061462402344,17.962599568339815,17.512885567747638,17.538831177237842,4685100
2022-06-24,18.524742126464844,18.57663169837658,17.99719292181965,18.057731030639967,8178800
2022-06-27,18.550683975219727,18.63716602768798,18.282584334042014,18.438254667747934,3791600
2022-06-28,18.325830459594727,18.905269227722364,18.282587775680888,18.766895938277532,4235100
2022-06-29,17.60801887512207,18.247995768384534,17.426402896883662,18.247995768384534,8174200
2022-06-30,18.170162200927734,18.256645929231638,17.322625292537293,17.365866331919285,7777600
2022-07-01,18.57663345336914,18.619876141997317,18.15286500205244,18.17016207750371,4741900
2022-07-05,18.317182540893555,18.351775039652164,17.824227474419953,18.29988546674436,4844800
2022-07-06,18.19610595703125,18.68906101364642,18.10962223755461,18.412314430952975,4473900
2022-07-07,18.516096115112305,18.697712115885043,18.282590535350202,18.360425728604238,5086500
2022-07-08,18.59392738342285,18.715003592020366,18.317180821177317,18.429608493512205,4849500
2022-07-11,18.42095947265625,18.593926894279335,18.317180339314067,18.472850688866924,3747200
2022-07-12,18.2220516204834,18.542040917578138,18.083678316209973,18.2220516204834,2781200
2022-07-13,18.083677291870117,18.360423884740815,17.668557402564073,17.910709846556028,3798200
2022-07-14,17.74639129638672,17.798280866388406,17.348566860934625,17.74639129638672,4974400
2022-07-15,17.599374771118164,17.72045102074783,16.345364630233064,17.556132075150295,6335500
2022-07-18,17.538827896118164,17.97124474282142,17.49558522172422,17.824222948960735,3688800
2022-07-19,17.832876205444336,17.91070974088267,17.668557298319413,17.78963351960104,6212700
2022-07-20,17.279380798339844,17.815578538172478,17.25343683723713,17.72909481890402,7499300
2022-07-21,17.21884536743164,17.4091082597784,17.097769131350976,17.253439520334688,4754300
2022-07-22,17.06317138671875,17.530182455365924,16.786424819908415,17.331271066663458,5321800
2022-07-25,17.29667854309082,17.30532708030714,16.76048078245749,17.080470061302183,4736900
2022-07-26,17.41775894165039,17.547485381462568,17.28803415137842,17.313979769248895,3061300
2022-07-27,17.599374771118164,17.677209974320146,17.36586916151222,17.530188107109755,4546200
2022-07-28,19.26850128173828,19.329039395197597,18.325832130483562,19.225258593881716,9046200
2022-07-29,19.353858947753906,19.46709127957704,19.240628277251993,19.249338584416943,4829000
2022-08-01,19.475805282592773,19.493224238906983,19.136109883981863,19.292892120060507,3796200
2022-08-02,19.362567901611328,19.737102776920736,19.353857595055167,19.449669305851835,4830600
2022-08-03,19.641292572021484,19.667423493693427,19.214497485973848,19.589032389998835,3138100
2022-08-04,20.033248901367188,20.20745173025542,19.519352383600324,19.63258472077407,5486900
2022-08-05,21.09588050842285,21.278793636239065,20.338102059627573,20.65166481095059,8553400
2022-08-08,20.791027069091797,21.426864509789077,20.72134627643074,21.304921876641373,6019100
2022-08-09,20.764896392822266,20.98264908011166,20.68650529249239,20.834577186302024,3756000
2022-08-10,21.27879524230957,21.2875055501317,20.886839696920443,21.078463146364616,4228900
2022-08-11,21.20911407470703,21.479126967243726,21.16556253634865,21.383315244176604,4379200
2022-08-12,21.67945671081543,21.78397873022954,21.261371955801273,21.444285074445677,4125200
2022-08-15,21.932052612304688,21.958181873538603,21.574938310656687,21.601067571890603,3456000
2022-08-16,21.827531814575195,22.036574222843875,21.766561319828668,21.81882150656549,3748700
2022-08-17,21.783979415893555,21.897210084278466,21.522675189794143,21.59235764581094,3101400
2022-08-18,22.663700103759766,22.681120717469188,21.89720971375667,21.89720971375667,6184100
2022-08-19,22.28045654296875,22.654991458586696,22.045283224605676,22.628860536105925,7786000
2022-08-22,21.74913787841797,22.02786271455562,21.609776291009727,21.914630386460694,4855500
2022-08-23,21.60977554321289,21.92333993469126,21.49654488035743,21.818817917091433,3614900
2022-08-24,22.271747589111328,22.271747589111328,21.531388020371324,21.60977913125682,3986000
2022-08-25,22.88145637512207,22.93371656311478,22.41110969922343,22.47208019543516,4942700
2022-08-26,22.324005126953125,22.968554553600573,22.315296481284893,22.794351736454583,4253100
2022-08-29,22.193355560302734,22.48949937555015,22.027864698674893,22.097545498655382,2985800
2022-08-30,22.158512115478516,22.41110434823425,21.844947739747646,22.384975091137363,4932900
2022-08-31,22.167226791381836,22.297878086584284,22.036573834858032,22.175935437916824,5223100
2022-09-01,22.515628814697266,22.54175807464214,21.93205153032449,21.93205153032449,4118800
2022-09-02,22.776933670043945,23.238570024189364,22.56789126288037,22.707252867656084,7663400
2022-09-06,22.689830780029297,22.925004095830108,22.45465912554975,22.81177342228968,6786000
2022-09-07,23.674074172973633,23.700203434128852,22.811773667104422,22.811773667104422,7019800
2022-09-08,23.839567184448242,24.205391800059154,23.51729244587524,23.639233430638434,7397600
2022-09-09,23.891826629638672,24.0486088402364,23.761175341247654,23.952797120133063,4636900
2022-09-12,24.031185150146484,24.08344532655087,23.61310041626928,23.891823572187416,4271500
2022-09-13,23.369216918945312,23.883113362748684,23.186305470127703,23.508578497469507,4038100
2022-09-14,23.54342269897461,23.62181380446932,23.282118460218484,23.360509565713194,4343900
2022-09-15,23.24728012084961,23.543423943636586,23.073077285802672,23.18630962697959,4884400
2022-09-16,22.576597213745117,23.195014007922797,22.30658436426761,23.151464137830672,11416500
2022-09-19,23.168886184692383,23.186306798336098,22.41981641122419,22.41981641122419,3406900
2022-09-20,22.550466537475586,23.064362984431796,22.524337279667655,22.98597188836586,3652400
2022-09-21,22.12367057800293,22.829188752097473,22.114960271986824,22.733378708562316,3180400
2022-09-22,21.80139923095703,22.13238257830154,21.766558004225438,22.097543012891077,2708200
2022-09-23,21.156850814819336,21.452992926005056,20.52972204418326,21.383312136081166,5154800
2022-09-26,19.9984073638916,21.087170874416742,19.980988410327367,21.026200383638738,6714700
2022-09-27,19.371278762817383,20.364230480155072,19.345147842400703,20.320680607448423,7457800
2022-09-28,20.059377670288086,20.163898027341464,19.249337427179373,19.580320772943228,7129700
2022-09-29,19.81549644470215,20.02453884519979,19.493221705609127,19.74581564453627,8189200
2022-09-30,19.684846878051758,20.050671526328987,19.65000564425323,19.86775837152964,8481500
2022-10-03,20.521015167236328,20.74747818766559,19.8416277672699,20.08550974210037,5741200
2022-10-04,22.01044273376465,22.045282300958025,20.825867545408,20.834577852536647,7743900
2022-10-05,22.141098022460938,22.30659056519357,21.479129512851916,21.58365155597819,4867700
2022-10-06,22.12367057800293,22.20206167082688,21.444283321956704,22.06270009721119,6672500
2022-10-07,21.705591201782227,22.09754676241425,21.435578294080948,21.94076453816144,4444000
2022-10-10,21.67945671081543,22.010441721192493,21.557515739266584,21.740427196589852,4360100
2022-10-11,21.496543884277344,21.775267036533606,21.261370601565734,21.574934978514545,4794200
2022-10-12,21.017494201660156,21.42687042521852,20.88684288701622,21.418160116066044,4230600
2022-10-13,21.25266456604004,21.400736478095833,20.242292105419807,20.573277161225167,5199900
2022-10-14,20.30325698852539,21.6968743060282,20.250996816748795,21.452990735535913,4402900
2022-10-17,20.799732208251953,21.20039794450259,20.747472037896085,20.80844251353141,3994700
2022-10-18,21.25266456604004,21.487837896008894,21.11330296190769,21.261374873963483,3353800
2022-10-19,21.017494201660156,21.26137787396468,20.84329300257544,20.9652340080669,3103100
2022-10-20,20.451330184936523,21.0436177078554,20.277129047285747,20.99135753269227,2936400
2022-10-21,21.322343826293945,21.33105413358755,20.477463954669403,20.730056220898906,4534200
2022-10-24,21.426868438720703,21.574940357941756,21.069754103185478,21.5052595525037,2757800
2022-10-25,21.940763473510742,22.123674952049175,21.426866946205628,21.496547746789982,4641900
2022-10-26,22.167226791381836,22.419819073930388,21.905922539655585,22.036573834858032,3305400
2022-10-27,22.44594955444336,22.794353555213263,22.341427523551726,22.44594955444336,3732300
2022-10-28,23.04694366455078,23.0643642782807,22.437237135894144,22.567888416226197,5180300
2022-10-31,22.922517776489258,23.115290643484617,22.764793761992618,23.00137978373758,4763400
2022-11-01,23.080242156982422,23.4482643062102,23.03643067283904,23.150341534392428,4851400
2022-11-02,22.63335609436035,23.430737072026908,22.545731462147366,23.010140842965594,3976100
2022-11-03,22.94880485534668,23.20291445867727,22.344196711655282,22.440583977384595,4106100
2022-11-04,23.18539047241211,23.807523911594142,22.554496073410082,23.658562525139374,4356000
2022-11-07,23.465791702270508,23.676089853624173,22.88747136822264,23.264254511501413,5138600
2022-11-08,23.21167755126953,23.518362944538364,22.94004268125471,23.500837682911357,4160000
2022-11-09,23.001380920410156,23.40445193621951,22.869944792268022,22.99261828902721,4489000
2022-11-10,24.72757911682129,24.74510437953417,23.623512635425442,23.807524551308603,6382200
2022-11-11,24.604909896850586,25.034268880133965,24.473473746262012,24.806445439173153,4518400
2022-11-14,24.12297248840332,24.55233139516649,24.11420985708558,24.55233139516649,3022700
2022-11-15,24.342031478881836,24.517279078529032,24.00905819834061,24.37708033029091,3895400
2022-11-16,24.499753952026367,24.596141218708457,24.193070233130488,24.236881715458207,3190500
2022-11-17,24.070396423339844,24.21935781142419,23.737424793604788,24.122972210640917,3238200
2022-11-18,24.236881256103516,24.587378121985168,23.895147020781515,24.447179375632505,6902300
2022-11-21,24.596141815185547,24.65747856045219,24.114208812689668,24.15802029607985,4659200
2022-11-22,24.604909896850586,24.981694754158802,24.43842321474435,24.718820781680325,3461600
2022-11-23,24.955398559570312,24.9729238195032,24.438415090655482,24.54356497895205,2486400
2022-11-25,25.06931495666504,25.50743649497068,25.025501800053853,25.156937927285338,1896600
2022-11-28,24.569854736328125,24.964163086983625,24.50851632190087,24.736339704442248,3330900
2022-11-29,24.76262855529785,24.859015824686757,24.429655263573064,24.604904540407265,3672800
2022-11-30,25.3409481048584,25.402284848607252,24.58737857582753,24.736339955489424,5484700
2022-12-01,25.165699005126953,25.94555643165503,25.10436226095865,25.691445152899576,3003600
2022-12-02,25.121889114379883,25.253325241826307,24.701292838030906,24.762629586085833,3320300
2022-12-05,24.85901641845703,25.060551921719462,24.710055030980232,24.876540009518237,2910800
2022-12-06,24.648714065551758,24.990449961096417,24.420892363589765,24.85025121928865,2594800
2022-12-07,24.51728057861328,24.74510397626478,24.429655937777934,24.578617325807723,3048700
2022-12-08,24.83272933959961,25.384761751711764,24.61366856678825,24.885303457110037,4091400
2022-12-09,24.99045181274414,25.191987310112815,24.65747852280368,24.736340529826368,3861500
2022-12-12,25.507434844970703,25.533721065936003,24.99045132950809,25.156936299958073,2450500
2022-12-13,25.647634506225586,26.19090426196667,25.27961235791992,26.094518662832535,6077700
2022-12-14,25.621347427368164,25.875458722482474,25.27085053005622,25.682684175485125,4156700
2022-12-15,25.156936645507812,25.411047927002294,24.972926411019493,25.393522665250753,3491800
2022-12-16,24.83272933959961,25.034264849473804,24.55233181780924,24.97292810049479,6868400
2022-12-19,24.71005630493164,24.94664067381483,24.526044383243498,24.85901770008829,2463300
2022-12-20,24.850255966186523,25.02550359127163,24.68376930174969,24.68376930174969,2891800
2022-12-21,25.1832275390625,25.279614818880887,24.75386860279146,25.00797991456679,2610600
2022-12-22,24.806442260742188,25.08683979175104,24.385845964228913,25.016740408998828,1916800
2022-12-23,25.13064956665039,25.15693578707979,24.66624017388729,24.762627438930792,1532500
2022-12-27,25.25332260131836,25.340947234220888,25.086835965933645,25.209511120517526,1605000
2022-12-28,24.815202713012695,25.402285618737686,24.67500395982174,25.402285618737686,3244900
2022-12-29,25.24456214904785,25.47238554573112,24.981689898960006,24.990452530136402,1421200
2022-12-30,25.20075035095215,25.26208709712284,24.85901609582916,25.156937195615235,2233000
2023-01-03,24.63119125366211,25.507434253265306,24.596140731453556,25.235797720051675,4295300
2023-01-04,23.903913497924805,24.99921742462277,23.597228064189142,24.771394007313454,8624200
2023-01-05,22.668407440185547,23.798760055809847,22.510683430726132,23.6497986770205,8116400
2023-01-06,23.159103393554688,23.351876257181555,22.799843887390427,22.878705893260722,4184300
2023-01-09,23.877622604370117,23.930196718287036,23.027667465626017,23.141578324329494,4583600
2023-01-10,23.860097885131836,23.98277304879514,23.3168281292693,23.851335254062956,2932500
2023-01-11,24.298219680786133,24.306982311952385,23.877623412611996,23.91267393727701,3086700
2023-01-12,24.26317024230957,24.44718047846042,24.096683596767633,24.324506987693187,6403400
2023-01-13,24.412132263183594,24.455943747800966,23.91267398482114,24.026584847606905,4944800
2023-01-17,24.184309005737305,24.692529918213406,24.17554637450311,24.482231782495813,3161800
2023-01-18,23.588462829589844,24.45594324326517,23.562174936581147,24.31574448982073,4381700
2023-01-19,23.343111038208008,23.59722228923781,23.13281293630442,23.492072402635642,5246000
2023-01-20,23.597227096557617,23.605989728168016,23.16786817545451,23.42197780695178,2983000
2023-01-23,23.579700469970703,23.886385873397984,23.39569023069493,23.570937838866953,2716100
2023-01-24,23.64980125427246,23.711138004346243,23.255492858954824,23.570939240948714,3774700
2023-01-25,23.667325973510742,23.75495061644535,23.132817155780582,23.404452044706918,8757300
2023-01-26,24.20183753967285,24.210598500790287,23.544655149983306,23.72866541687178,3864100
2023-01-27,23.632274627685547,24.280694288817298,23.623511996566076,24.18430868910513,4816600
2023-01-30,23.176631927490234,23.58846560528177,23.132818767320177,23.430741571271895,4121100
2023-01-31,24.169509887695312,24.178327860412725,23.0761064985811,23.217190698347043,5743000
2023-02-01,23.63162612915039,24.037244478673575,23.199555542431085,23.993154613586064,4940400
2023-02-02,23.384729385375977,23.860888150710156,23.314187283776235,23.71980394751067,5524400
2023-02-03,23.137832641601562,23.305370774116295,22.96147821745764,23.217192721116096,3681400
2023-02-06,23.11137580871582,23.129011753464724,22.74103106012641,23.04965168395092,2821700
2023-02-07,23.29654884338379,23.42881505948857,22.802754185059715,22.952656345140117,3462800
2023-02-08,23.06728744506836,23.270095762497473,22.926203251912778,23.18191940316742,4631700
2023-02-09,22.555858612060547,23.252463342599242,22.538222666054313,23.16428529442447,3745400
2023-02-10,23.0231990814209,23.102559149668764,22.44122636884072,22.573492588635084,3454500
2023-02-13,23.234827041625977,23.27009725124322,22.99674681974824,23.023200738353438,2368500
2023-02-14,23.18192481994629,23.42882137473124,22.96148050639879,23.1554708968522,2019700
2023-02-15,23.53463363647461,23.605175744293806,22.99674901319291,23.0232029343213,3449000
2023-02-16,23.252458572387695,23.437630921896112,23.06728454102324,23.164280542302528,3325500
2023-02-17,23.12901496887207,23.261281209164046,22.908570674433285,23.234828970219546,3229400
2023-02-21,22.54704475402832,23.00556934273553,22.502956562822764,22.979115418898182,2634000
2023-02-22,22.38831901550293,22.6528531426202,22.34423083524485,22.599945308082983,2901000
2023-02-23,22.38831901550293,22.66167111504307,22.273688737718167,22.538221182979168,7165100
2023-02-24,22.326595306396484,22.485315449252926,21.96506683960406,22.308959361222147,3863100
2023-02-27,21.938613891601562,23.28773348366054,21.72698758572383,22.652854566027337,9350500
2023-02-28,21.762258529663086,22.458861545934404,21.753440557070245,21.85925454632802,7601600
2023-03-01,21.71816635131836,22.194326729430284,21.66526020325796,21.762256209582123,4371200
2023-03-02,21.726987838745117,21.92097988278445,21.383095297921052,21.638811471661487,3317300
2023-03-03,22.132606506347656,22.15905874410693,21.70935388363508,21.81516619838502,3246500
2023-03-06,22.0444278717041,22.317778306393446,21.98270374276035,22.17669410256305,4768200
2023-03-07,21.61235809326172,22.25605500747625,21.51536206881477,22.176694929629917,2799900
2023-03-08,21.797529220581055,22.07969930422775,21.61235683760226,21.665262992473867,4575800
2023-03-09,21.41836929321289,22.10615444239155,21.356643475594815,21.74462591991134,3208300
2023-03-10,20.510135650634766,21.391912755054886,20.439593549555408,21.374276809320957,5486000
2023-03-13,20.192697525024414,21.153834806687406,20.183879551209756,20.369053637604548,5837200
2023-03-14,20.474864959716797,20.933389484546506,20.29851053760599,20.651221063684055,5635800
2023-03-15,20.32496452331543,20.457232453590674,19.94580172634374,20.227970171465277,4902900
2023-03-16,20.501319885253906,20.660040050236788,20.08688520702035,20.18387955528814,4643700
2023-03-17,19.74298858642578,20.37786917017097,19.65481222255569,20.324961333621314,8431200
2023-03-20,19.972251892089844,20.183878203946133,19.742989633781427,19.831167684185655,5717700
2023-03-21,20.254417419433594,20.510133560952752,20.025155193820062,20.183875325541443,5516700
2023-03-22,19.601905822753906,20.289692611604668,19.593087849349306,20.10451853382096,2989700
2023-03-23,19.36382484436035,19.795897115346126,19.161016509395694,19.57545283424809,3238200
2023-03-24,19.58426856994629,19.601904515579417,18.984661555126987,19.196287857155507,3925000
2023-03-27,19.928163528442383,19.94579947473577,19.62835916888041,19.83998547883185,5489200
2023-03-28,20.21915054321289,20.386688674493886,19.945800094596027,20.007524226684694,3687500
2023-03-29,20.686494827270508,20.70413077706665,20.28087807309975,20.421962307755383,4271000
2023-03-30,20.78348731994629,21.127379872958286,20.765851373161965,20.8804833454036,5041500
2023-03-31,21.233192443847656,21.286098598786158,20.906934177704823,20.933388096102245,4311000
2023-04-03,21.003931045532227,21.34782358931573,20.880482785067667,21.162651198618892,3467700
2023-04-04,21.003931045532227,21.10974504154214,20.801122708524332,21.07447314892003,2781400
2023-04-05,21.25082778930664,21.374276041295655,20.968659395128157,20.968659395128157,3539500
2023-04-06,21.515357971191406,21.515357971191406,21.197919402119034,21.374273788968992,4738900
2023-04-10,21.95625114440918,22.02679325056715,21.347824427636414,21.39191429514544,5365700
2023-04-11,22.353050231933594,22.441228279924445,21.92979761980516,21.98270377585712,5145000
2023-04-12,22.317779541015625,22.69694399048138,22.15905938246192,22.476499699569334,4044000
2023-04-13,22.52058982849121,22.58231396156661,21.929799054709353,22.22078545481943,3830700
2023-04-14,21.92098045349121,22.485317290429496,21.806348482327845,22.39713923919378,3869200
2023-04-17,21.45363426208496,21.691714454835534,21.03038170732138,21.409546084993142,7225000
2023-04-18,21.532997131347656,21.656445388770745,21.312552853459927,21.47127300263611,4386500
2023-04-19,21.603538513183594,21.638810403761454,21.33900606127489,21.45363634194031,2833500
2023-04-20,21.048019409179688,21.4536360542479,20.88929926742037,21.400729900946896,4972100
2023-04-21,21.162649154663086,21.400729361298545,21.04801887842541,21.109743002696177,4430500
2023-04-24,21.303735733032227,21.339007626196793,20.959843183959872,21.145015577504545,3268800
2023-04-25,21.048019409179688,21.23319178666136,20.986293601496172,21.23319178666136,2764100
2023-04-26,20.33378028869629,20.959842929928037,20.29851007781563,20.84521096038896,3910800
2023-04-27,20.78348731994629,20.889301318795763,20.527772818999445,20.55422505731947,4640300
2023-04-28,21.010822296142578,21.144026664264054,20.700010974668842,20.708891491714997,3752900
2023-05-01,20.566804885864258,21.09962400755829,20.54904385325789,20.948658617974736,3848900
2023-05-02,20.069509506225586,20.566806604256918,19.820860110317202,20.549045570166584,5597100
2023-05-03,19.936304092407227,20.362558725504474,19.88302099293106,20.176071264908586,4575700
2023-05-04,19.96294593811035,19.99846800796836,19.510049710133863,19.891903492179857,9565600
2023-05-05,20.131669998168945,20.229353984924224,19.65213227459066,20.060627560652012,8358700
2023-05-08,19.279157638549805,20.48688068144226,18.994987909348097,20.433599280663238,10712700
2023-05-09,19.776456832885742,19.811977202995514,18.86178401301221,19.199236844873806,12860300
2023-05-10,20.105031967163086,20.3003999748616,19.874143581382956,20.016230175066248,7297700
2023-05-11,19.563331604003906,20.033987143991585,19.492289162470744,19.980705736288066,4653900
2023-05-12,19.634376525878906,19.9007852918364,19.572214593407864,19.749819872784318,5058700
2023-05-15,19.52781105041504,19.829741873787256,19.474529638580396,19.74981890914252,4990300
2023-05-16,18.515457153320312,19.563334596565088,18.435534182646684,19.510051486925555,5993100
2023-05-17,18.604257583618164,18.835144245621006,18.41777011811077,18.55985499955193,5808800
2023-05-18,18.524333953857422,18.54209329305406,18.169120069359433,18.435530482732926,5175700
2023-05-19,18.47993278503418,18.772983076512315,18.44441241013843,18.675300775209912,5907500
2023-05-22,18.79074478149414,18.79962529898139,18.497694479557044,18.542095373207765,3653100
2023-05-23,18.435529708862305,18.781861368545968,18.337845725347318,18.53321369237729,3169100
2023-05-24,17.991518020629883,18.382252346797326,17.90271453371197,18.337849756445554,5220400
2023-05-25,17.716224670410156,17.9915138922805,17.538617737328178,17.938232489870007,5551800
2023-05-26,17.645183563232422,17.716226003052086,17.334372253851875,17.716226003052086,4689900
2023-05-30,17.671823501586914,18.062557769301662,17.66294298484506,17.74286594173638,7773100
2023-05-31,17.529739379882812,17.716226851961217,17.334373084463703,17.60078182310662,7029700
2023-06-01,17.654064178466797,17.85831269574675,17.485339425381262,17.654064178466797,4703200
2023-06-02,17.929351806640625,18.071436674267126,17.760625391164698,17.83166782497795,7185000
2023-06-05,17.8316707611084,18.178002471251187,17.74286728077331,17.991516686954455,6366800
2023-06-06,17.876070022583008,18.14248043926925,17.778387727538203,17.81390810015849,12934800
2023-06-07,18.36448860168457,18.382249635205323,17.796149079303508,18.106958696989786,14685100
2023-06-08,18.124717712402344,18.400006926180247,17.831667467081303,18.400006926180247,14641500
2023-06-09,17.840547561645508,18.23128177744357,17.61853975395334,18.186879199634042,7058900
2023-06-12,18.018157958984375,18.124720778700883,17.671824560442023,17.920473962756343,5614100
2023-06-13,18.49769401550293,18.524335567296315,17.94711380160469,17.96487483613361,8249600
2023-06-14,18.417766571044922,18.71969730940509,18.311203777379607,18.648654882366525,4741800
2023-06-15,19.08379554748535,19.137076959918943,18.417771963815984,18.44441351692556,6267800
2023-06-16,18.95058822631836,19.24363848986822,18.906187338483804,19.137073987765863,12279000
2023-06-20,18.65753936767578,18.870666694143623,18.550974857549146,18.870666694143623,3434600
2023-06-21,18.630895614624023,18.79074151402832,18.391126765517583,18.56873369680796,3938400
2023-06-22,18.568735122680664,18.57761563930563,17.65406223573338,18.160241520644337,13166800
2023-06-23,18.142480850219727,18.50657357019794,18.0980782662069,18.47105150298768,13059500
2023-06-26,18.391130447387695,18.444413553713122,18.124721690902817,18.169122585721773,5520300
2023-06-27,18.568735122680664,18.657538595144974,18.10695842089454,18.55097408943073,7256300
2023-06-28,17.9382381439209,18.47993624236974,17.867195687052895,18.46217689849207,5914700
2023-06-29,18.142480850219727,18.213523290854855,17.76062709663638,17.81390850366638,3254000
2023-06-30,18.408891677856445,18.453294266931376,18.151363436364175,18.284567816017802,3843600
2023-07-03,18.710819244384766,18.755221825713818,18.28456462633759,18.28456462633759,2361000
2023-07-05,19.04827117919922,19.172595013422725,18.568733486419617,18.639775919373793,4642200
2023-07-06,18.73746109008789,18.799623011148267,18.44441082381375,18.772981461928683,3372200
2023-07-07,18.728578567504883,18.959466887986245,18.613133560371633,18.657536137647934,4315900
2023-07-10,18.666419982910156,18.85290575938146,18.497693546732236,18.639778431791928,6638300
2023-07-11,19.003870010375977,19.012750526877475,18.6664188522457,18.728580773970858,2250400
2023-07-12,19.172595977783203,19.385723287365803,19.04827213730634,19.181476494072307,3217700
2023-07-13,19.385725021362305,19.412366572612623,19.199239243966407,19.199239243966407,4292700
2023-07-14,19.181474685668945,19.341320576232164,19.021628795105723,19.341320576232164,2752900
2023-07-17,18.98611068725586,19.163717645710385,18.79074438798427,19.030513273762235,2656000
2023-07-18,19.314682006835938,19.341323557297763,18.781862854097177,18.835144261235435,4113200
2023-07-19,19.625492095947266,19.723174387308607,19.359081689306993,19.359081689306993,4282900
2023-07-20,19.385725021362305,19.696536344140913,19.341324129730552,19.64325493542572,4261200
2023-07-21,19.971826553344727,20.033988482115028,19.403486983118505,19.47452942939678,3811600
2023-07-24,19.199237823486328,20.069508107850023,19.163715757780714,20.051747074997216,7193000
2023-07-25,19.421245574951172,19.510047351288655,18.97722991812251,19.074912210850805,6787100
2023-07-26,19.447885513305664,19.616611937880254,19.305800638017164,19.350203220160644,4084600
2023-07-27,18.98611068725586,19.55445193803905,18.861786832608985,19.447887424209238,4733900
2023-07-28,19.270280838012695,19.439005573809567,19.074912858353667,19.305801210996375,4272700
2023-07-31,19.35618782043457,19.597805008361068,19.266701490247577,19.463573806238237,3825200
2023-08-01,18.80136489868164,19.26670132168922,18.71187686243521,19.17721328544279,4716200
2023-08-02,18.82821273803711,18.899802829150307,18.46131160088427,18.56869759097527,4754800
2023-08-03,18.47920799255371,18.756619358875934,18.461310044573626,18.613439188719802,6175400
2023-08-04,17.575382232666016,18.515004026516714,17.530639069224577,18.515004026516714,7884000
2023-08-07,17.62907600402832,18.058616515920182,17.56643318589044,17.718562330540756,4290500
2023-08-08,17.55748748779297,17.602230655047798,17.1726901047687,17.476948421260335,5062300
2023-08-09,17.54853630065918,18.049666879474778,17.49484245851157,17.816998684028412,6259900
2023-08-10,17.54853630065918,17.906486714098893,17.423252375823626,17.673818518652528,4916100
2023-08-11,17.414306640625,17.5753847833387,17.28007542397776,17.557488539470253,3865400
2023-08-14,17.02056121826172,17.360613732617782,16.84158513270014,17.342715782693134,4722400
2023-08-15,16.107786178588867,16.814739835711304,16.045145060989146,16.805790860790996,9257400
2023-08-16,16.474685668945312,16.635763804342584,16.054094087396557,16.116735205197177,11081300
2023-08-17,16.152528762817383,16.60891622621092,16.125683545868714,16.546275110874188,5883400
2023-08-18,16.11673355102539,16.20622158448826,16.018296543532006,16.080937654903334,6197900
2023-08-21,16.027244567871094,16.089885675530635,15.901962352552014,16.018295594370848,3849900
2023-08-22,16.071989059448242,16.13463187913739,15.88406572090773,16.027245895084018,5206300
2023-08-23,16.39414405822754,16.447836192750557,16.161475866171553,16.34045192370452,7279300
2023-08-24,15.857220649719238,16.519429459316594,15.794579529558241,16.295710197688738,5114100
2023-08-25,16.161474227905273,16.28675813821537,16.018294079129745,16.018294079129745,3195400
2023-08-28,16.036195755004883,16.322556119173154,15.982503613433932,16.23306807865997,2336000
2023-08-29,16.295711517333984,16.385199570600474,16.027249064377166,16.134635069665485,4705600
2023-08-30,16.304656982421875,16.438889886838226,16.17937475893172,16.22411792250898,3083400
2023-08-31,16.045146942138672,16.40309744670531,15.991454793164337,16.40309744670531,5258000
2023-09-01,16.009347915649414,16.206221934892916,15.696142352020765,16.107784925271165,5346800
2023-09-05,15.606656074523926,16.018298694140885,15.535065979510433,15.96460654959139,5297900
2023-09-06,15.597705841064453,15.606654815574561,15.40978079003691,15.588756866554345,10449000
2023-09-07,15.203960418701172,15.731937998914145,15.11447237501648,15.722989023861428,9263400
2023-09-08,15.4545259475708,15.561910229987552,15.186061827844137,15.203959777194394,6048900
2023-09-11,15.427678108215332,15.696142212013916,15.382934944336714,15.526115116959042,4543800
2023-09-12,15.239754676818848,15.454524934415,15.212907754553472,15.275548866330398,8104700
2023-09-13,15.203960418701172,15.418730699438953,15.195011443648456,15.32029538754401,6629100
2023-09-14,15.561909675598145,15.66929566103169,15.284498297921465,15.37398633464236,11388300
2023-09-15,15.427678108215332,15.731936401748351,15.391883918480897,15.597705203270205,10176800
2023-09-18,15.284497261047363,15.454524348598488,15.2218561516449,15.400830506103048,5241700
2023-09-19,14.998138427734375,15.302396738254947,14.98024047844672,15.257651865035811,6291500
2023-09-20,15.024983406066895,15.293445783248718,15.007085459096862,15.114469727232724,5185100
2023-09-21,14.702829360961914,15.007087677051294,14.693880386154296,14.854958519006605,5510700
2023-09-22,14.282235145568848,14.68492957389117,14.246440104238443,14.622288464918238,6984700
2023-09-25,14.532801628112793,14.55964855138072,14.112210071302705,14.183800159841494,7299600
2023-09-26,14.192748069763184,14.514903463396516,14.094311912841622,14.470160298791091,6904400
2023-09-27,14.255390167236328,14.29118521130197,13.98692691003342,14.192748200055576,6600800
2023-09-28,13.315767288208008,14.443311441631186,13.288921222355825,14.38961930992682,10088100
2023-09-29,13.602128982543945,13.816899238037001,13.441051717634718,13.521589923378764,9409600
2023-10-02,12.671459197998047,13.539490196455235,12.617767051615042,13.494746172188545,9800200
2023-10-03,12.116634368896484,12.528277817021172,11.84817110213322,12.438789776959684,16112300
2023-10-04,11.81237506866455,12.22401848235446,11.561809772242341,12.17927446606664,10910000
2023-10-05,11.284398078918457,11.758683478842405,11.060678840493594,11.758683478842405,16193800
2023-10-06,11.141218185424805,11.185962204928758,10.228444113281636,10.828011755739514,27880000
2023-10-09,11.347040176391602,11.4186302652365,11.078576916512647,11.141218030896638,12585200
2023-10-10,11.633401870727539,11.8571211374723,11.364938579949571,11.508118774118815,10449600
2023-10-11,11.982402801513672,12.009248871355478,11.526015347097083,11.71393954283208,9173400
2023-10-12,11.678144454956055,11.839221726826512,11.517066329664427,11.803426682697392,13743600
2023-10-13,11.776580810546875,11.982402957808542,11.669195676357774,11.803426880738854,9307300
2023-10-16,12.26876163482666,12.367197780992296,11.785528170468062,11.86606722343134,10671300
2023-10-17,12.304558753967285,12.447738937466056,11.946608295220358,12.009249412145767,8952700
2023-10-18,12.411943435668945,12.438789505733537,12.143480174759485,12.241917187364956,11462800
2023-10-19,12.38509750366211,12.635662818374128,12.322456388339402,12.331404509513225,10553100
2023-10-20,12.376147270202637,12.474583420471575,12.170325995980011,12.304557187566845,12450700
2023-10-23,12.528278350830078,12.787792653960423,12.125583860237645,12.188224978897,8186800
2023-10-24,13.002561569213867,13.038356612319063,12.66250823300393,12.671457207135514,8650500
2023-10-25,13.13679313659668,13.154690230778874,12.823585880907684,12.832534854709339,7998400
2023-10-26,13.333667755126953,13.396309729195337,13.109948491762935,13.18153858776572,6991000
2023-10-27,13.199435234069824,13.387359430861226,13.002562062807124,13.253128227476443,18329700
2023-10-30,13.378409385681152,13.494743484233993,13.172588109840742,13.333665370326813,9187600
2023-10-31,13.483383178710938,13.51053155213524,13.2752508271474,13.483383178710938,8905100
2023-11-01,13.438136100769043,13.528628079637313,13.30239683796109,13.510530029065137,15484100
2023-11-02,14.026337623596191,14.044436537997464,13.573875119609218,13.601022628207389,12379500
2023-11-03,15.19368839263916,15.238933942748995,14.143974887822154,14.478796964055512,12325300
2023-11-06,14.78647518157959,15.311331631831175,14.768376266672547,15.04890254370162,9131900
2023-11-07,14.605488777160645,14.867917852580405,14.569292675107109,14.840769481534672,5877500
2023-11-08,14.67788314819336,14.840769927345933,14.551194198189133,14.813623281492166,6343200
2023-11-09,14.143977165222168,14.78647391847423,14.107780201503898,14.750276091752271,6536000
2023-11-10,14.207322120666504,14.406405859410652,14.098731225807072,14.279716050572791,4816000
2023-11-13,14.062535285949707,14.388307994275369,14.035387776006846,14.243520123908409,5024900
2023-11-14,15.329428672790527,15.347525859477752,14.614537155422028,14.632636068116568,7531900
2023-11-15,15.392775535583496,15.628056259188844,15.18464318524293,15.238938205764907,7047100
2023-11-16,15.302281379699707,15.555660997217233,15.157493519977532,15.447069239421882,4826900
2023-11-17,15.392775535583496,15.492317844880107,15.238938205764907,15.456120013860401,4858200
2023-11-20,15.573759078979492,15.619006366494133,15.085100455874121,15.320381172927647,4738200
2023-11-21,15.148444175720215,15.55566111297376,15.048901874167692,15.492316639624864,5930500
2023-11-22,15.302281379699707,15.311330836683272,15.048901762182183,15.257035820789316,4408200
2023-11-24,15.320381164550781,15.456119575005415,15.257036688072455,15.266086145570435,2055800
2023-11-27,15.302281379699707,15.356576395593665,15.094149047100009,15.284182465732577,4581000
2023-11-28,15.537561416625977,15.628054256571687,15.175591782850496,15.329429092955996,3751000
2023-11-29,15.582807540893555,15.818088242914945,15.383724666571188,15.646153739366849,5351400
2023-11-30,15.573759078979492,15.854287083547657,15.41992347945232,15.646154739002917,8903800
2023-12-01,16.406288146972656,16.41533760335245,15.501363221080993,15.501363221080993,5483700
2023-12-04,16.270553588867188,16.41534147306118,16.026223387036932,16.198159646770193,7498900
2023-12-05,16.23435401916504,16.351993502735446,16.062417796093804,16.261500662908094,4779200
2023-12-06,16.23435401916504,16.469634712313212,16.16196009250463,16.406288516228912,10153300
2023-12-07,16.44248390197754,16.58727173380726,16.234351609473205,16.342941620341943,4040500
2023-12-08,16.48773193359375,16.523929760002545,16.315797436174062,16.42438746338572,6169900
2023-12-11,16.333894729614258,16.641569352060824,16.198156331713097,16.3700925562585,5257200
2023-12-12,16.478683471679688,16.532980214570344,16.161961101521513,16.40628954049961,4472200
2023-12-13,17.492198944091797,17.573642326413555,16.379141687037517,16.578224551597742,10544600
2023-12-14,17.763673782348633,18.315678484976218,17.600788761612748,17.872265522179706,10522500
2023-12-15,17.510297775268555,17.881316859220398,17.338361554947085,17.736529008215157,10852600
2023-12-18,17.211673736572266,17.591742301689262,17.130230349332376,17.58269284466178,4448500
2023-12-19,17.519350051879883,17.646039010401356,17.34741380388102,17.43790665682819,5259700
2023-12-20,16.623470306396484,17.492197336654204,16.605371395097652,17.465048969705958,6999800
2023-12-21,17.057836532592773,17.21167385106843,16.795407455072407,16.831605283423126,4595400
2023-12-22,17.284067153930664,17.48315002460572,17.066885369737676,17.157376485312543,2907700
2023-12-26,17.519350051879883,17.591743989036097,17.22072484535955,17.31121597229911,2204900
2023-12-27,17.44695472717285,17.55554476126724,17.35646188142255,17.492200287044266,2940900
2023-12-28,17.510297775268555,17.64603616983505,17.31121318563085,17.31121318563085,3077500
2023-12-29,17.4198055267334,17.56459338264124,17.320263228543986,17.35646105552464,3749600
2024-01-02,17.50124740600586,17.67318361735954,17.193572807165477,17.32026173868543,4785300
2024-01-03,17.13022804260254,17.338360348185507,16.80445453751114,17.293114795148238,7540700
2024-01-04,17.07593536376953,17.311214342875815,16.967343605252637,17.27501824070848,4501400
2024-01-05,17.012588500976562,17.51029826292454,16.85875118924826,17.012588500976562,12185600
2024-01-08,17.256919860839844,17.410757183330073,16.913049112571535,16.913049112571535,4824200
2024-01-09,17.06688690185547,17.311215352251658,16.97639405214954,17.012590156427382,3265800
2024-01-10,17.084980010986328,17.238817300946796,16.94924163184642,17.021635549121513,2884900
2024-01-11,16.315797805786133,16.985442075452454,16.08051710682109,16.940194791416445,4921000
2024-01-12,16.686819076538086,16.777311930379827,16.451538346952606,16.451538346952606,4861300
2024-01-16,16.189105987548828,16.578223972605723,16.107662608071465,16.415337213650997,4828800
2024-01-17,15.745694160461426,16.11671326073266,15.519462917563969,15.890482017835204,7030900
2024-01-18,15.727594375610352,15.763792200952443,15.474216502244962,15.637103264269749,4630800
2024-01-19,15.28418254852295,15.845236802491039,15.184641973179415,15.836187345458455,6380700
2024-01-22,15.184639930725098,15.727593471589023,15.166541019094376,15.383722780641389,7773200
2024-01-23,15.21178913116455,15.36562645389051,15.039854619770686,15.329430350547197,5105200
2024-01-24,14.931262969970703,15.528513350688929,14.913164055159237,15.47421833226205,5300400
2024-01-25,15.501363754272461,15.76379282029118,15.130344659975735,15.257035327643251,7909200
2024-01-26,15.519462585449219,15.75474328014848,15.50136367216296,15.591856512586887,5193100
2024-01-29,15.637103080749512,15.70949700457675,15.229886180466728,15.519461875775688,4556000
2024-01-30,15.356575965881348,15.600906119578386,15.193690922757375,15.537561648473389,4965900
2024-01-31,15.249610900878906,15.560454422362293,15.158186028010073,15.487314872824108,7354800
2024-02-01,15.688448905944824,15.688448905944824,15.112475145317692,15.295323155520746,4543300
2024-02-02,15.560453414916992,15.816440949834785,14.947909073274088,15.322749458361685,10426900
2024-02-05,15.094188690185547,15.331892655044888,14.838199402540633,15.258753107686964,5550500
2024-02-06,15.08504581451416,15.222182245889242,14.966194705664913,15.011906268195162,5464400
2024-02-07,14.920480728149414,15.277035782441786,14.76505898124018,15.194755322345609,8234000
2024-02-08,14.810772895812988,14.929624004213249,14.60049604702111,14.85648445817055,6388900
2024-02-09,15.048476219177246,15.06676154297858,14.746775351593026,14.801631322997034,5498400
2024-02-12,15.432456970214844,15.450742291255608,15.002762388462013,15.10332991040203,6294100
2024-02-13,14.627923965454102,15.1216172363047,14.353650216723395,15.021049701031188,7946300
2024-02-14,14.755916595458984,14.957051650375812,14.5273561731524,14.746773934436922,7907900
2024-02-15,15.341033935546875,15.469027695956063,14.902194947116138,14.957050910535106,6395700
2024-02-16,15.331892013549805,15.405031557847527,15.002763192317905,15.103330719646381,5774000
2024-02-20,15.011906623840332,15.441601250671248,14.993621300881305,15.185613704382352,5732400
2024-02-21,15.130757331848145,15.213039539184278,14.92048135478217,15.039334207060731,4480900
2024-02-22,14.627923965454102,15.139900815985357,14.618781303721562,14.99362171583357,6579900
2024-02-23,14.627923965454102,14.819914630484163,14.545641753645668,14.65535195065172,5890600
2024-02-26,14.216513633728027,14.573068718748937,14.088518986450762,14.518214492695968,10295600
2024-02-27,13.805103302001953,14.646208982149718,13.430262025848902,14.43593212616668,14453800
2024-02-28,13.768532752990723,14.061090930704667,13.585683020027364,13.73196298077648,11942400
2024-02-29,13.896526336669922,14.216512493246967,13.841672115017483,13.951381430214493,8748100
2024-03-01,14.143373489379883,14.179943262507427,13.567398908701914,13.896526866849825,7914100
2024-03-04,14.69192123413086,14.847343000038627,14.106804818376657,14.152516384438279,7255000
2024-03-05,14.765059471130371,15.706732644681196,14.646208363684302,14.7193479091398,16423200
2024-03-06,14.829056739807129,15.286179346698912,14.710205629280381,15.185613558956083,13567000
2024-03-07,14.774203300476074,15.112474814819956,14.765060638598191,15.085046829186306,6692600
2024-03-08,14.856484413146973,14.993620843588387,14.701062660304215,14.938766620168686,17778700
2024-03-11,14.984478950500488,15.240468245888454,14.783345625128494,14.883913159706697,10349400
2024-03-12,14.57306957244873,14.957053536774557,14.445075789565708,14.920482888073975,6213800
2024-03-13,14.399361610412598,14.81077263965239,14.362791838023742,14.637065566886221,12248400
2024-03-14,13.741106033325195,14.454217964907619,13.585684269151505,14.307937990708915,14105300
2024-03-15,13.722820281982422,13.951381575665438,13.649680737755228,13.768532715097454,16883900
2024-03-18,13.603968620300293,13.768533034576025,13.475973978986705,13.713677939186727,9107000
2024-03-19,14.207371711730957,14.335366365671685,13.58568463815063,13.686252177637005,8790800
2024-03-20,14.207371711730957,14.271368602755198,13.960525937857282,14.125089496475649,9195200
2024-03-21,14.408504486083984,14.536498255405247,14.170800526069982,14.216512960209931,34627800
2024-03-22,14.847341537475586,14.938766404377333,14.463358491515686,14.600495791868306,11787400
2024-03-25,15.039334297180176,15.112473843718973,14.783345012402215,14.84734189765062,10622700
2024-03-26,15.213041305541992,15.432459969319865,15.07590485865389,15.167329737840802,14859300
2024-03-27,15.770730018615723,15.807300664371038,15.222182538776563,15.432458520516525,10702700
2024-03-28,16.392417907714844,16.438129473527077,15.752445523636837,15.843870399045759,11908100
2024-04-01,16.520408630371094,16.55697927128206,16.090714062372065,16.520408630371094,8752600
2024-04-02,16.29184913635254,16.556981080577422,16.154712705518847,16.41070198851691,7593100
2024-04-03,16.364988327026367,16.447270532496734,16.154712354728442,16.21870923814222,6434400
2024-04-04,16.584407806396484,17.05067307992006,16.520410919717943,16.65754735456973,9475600
2024-04-05,16.529552459716797,16.712402189636123,16.246136947747676,16.45641291650592,7587100
2024-04-08,16.73068618774414,16.80382573279171,16.50212489149745,16.72154527042446,7052000
2024-04-09,16.721542358398438,16.950103614841606,16.538692655730305,16.79468189070889,7804200
2024-04-10,16.163856506347656,16.291850284978484,15.862155639728961,16.273564961235664,6844500
2024-04-11,16.29184913635254,16.38327400483644,15.971862968551044,16.37413134360962,8324800
2024-04-12,15.40503215789795,16.4289858179507,15.386746835165205,16.20042451514445,7682500
2024-04-15,14.774203300476074,15.725019210362536,14.554784646760226,15.450744585379386,10443200
2024-04-16,14.54564094543457,14.838199129482499,14.46335873819805,14.71934802113215,12295200
2024-04-17,14.755916595458984,14.92962366730962,14.381076212475811,14.637065489740733,7886800
2024-04-18,14.874770164489746,15.094188808280217,14.765059970702326,14.938767050955587,5497500
2024-04-19,14.993621826171875,15.075904038585826,14.810773821528771,14.838200063143798,7100700
2024-04-22,15.267898559570312,15.322752794168292,14.792490542962028,15.011909225138618,6514900
2024-04-23,15.66102123260498,15.843870990245703,15.185615001551243,15.222183906808672,5742400
2024-04-24,15.880438804626465,15.944435685241906,15.423316235905641,15.487313116521083,5290100
2024-04-25,15.66102123260498,15.87129897702717,15.587881678305596,15.706734543907423,4465600
2024-04-26,15.734160423278809,15.971864405204464,15.670163532718918,15.761588409426398,4772200
2024-04-29,16.328420639038086,16.419843768540378,15.789015804809354,15.907866919432985,8094100
2024-04-30,16.52505874633789,16.561987097906812,15.980377886581328,16.01730623815025,8122400
2024-05-01,16.774320602416992,17.125131154127704,16.377349609138555,16.525059500473674,8971500
2024-05-02,17.475942611694336,17.549797553748654,16.894333402280974,17.014348783644685,11059100
2024-05-03,17.235912322998047,18.168331997346055,16.940492576836416,17.282070998020583,11127600
2024-05-06,17.42978286743164,17.549798253581198,17.162059352124015,17.411320451812372,9578100
2024-05-07,17.392854690551758,17.817520145393633,17.300535577504203,17.59595533058388,8983200
2024-05-08,17.882144927978516,18.039086893406743,17.0328122493388,17.17129003981297,11959500
2024-05-09,18.45452117919922,18.509911945965218,17.780594607550615,17.872913726054428,7898300
2024-05-10,18.408363342285156,18.879189283431458,18.242189273546366,18.50991279252712,8197900
2024-05-13,18.42682456970215,18.65762148121149,18.399130067259073,18.463752920747176,7010100
2024-05-14,18.759172439575195,18.879187818055925,18.5099113558143,18.639158821935137,9218400
2024-05-15,19.506956100463867,19.654667758300096,19.1561455353101,19.19307388997937,10406800
2024-05-16,19.580808639526367,19.940853009884556,19.396172171422272,19.580808639526367,12829200
2024-05-17,19.645435333251953,19.84853599793275,19.368477960497227,19.479261261767284,9083200
2024-05-20,19.645435333251953,19.820839732405027,19.525419943472656,19.710058191975804,5920300
2024-05-21,19.423870086669922,19.663897339543574,19.24846393033228,19.396173821719515,8788700
2024-05-22,19.322317123413086,19.66389555594821,19.22076592198017,19.239230096939,6937800
2024-05-23,18.980737686157227,19.386940747229822,18.89765065637327,19.322317893140237,6524600
2024-05-24,19.30385398864746,19.414637283529377,19.008434216749997,19.119215750791177,7006000
2024-05-28,19.506956100463867,19.867000515125824,19.37771038080314,19.414638735472415,6978500
2024-05-29,19.451562881469727,19.534649908178856,19.10998444796832,19.202301801342337,5329200
2024-05-30,20.097797393798828,20.153188164808945,19.460797364239458,19.543884401175067,7466400
2024-05-31,19.931621551513672,20.50399690979678,19.69159255064502,20.227041318477948,11403100
2024-06-03,19.165374755859375,20.14395311721861,19.036129055540403,20.14395311721861,7078200
2024-06-04,18.91611671447754,19.248464866686508,18.620696917332186,19.07305870181612,7232900
2024-06-05,19.257694244384766,19.497723235984687,18.95304240136191,18.97150481545372,6247500
2024-06-06,18.796100616455078,19.29462101852975,18.68531732663812,19.01766543524834,6630900
2024-06-07,18.343738555908203,18.8145626867097,18.31604229375021,18.482216345016916,5768500
2024-06-10,18.814563751220703,18.925347045280066,18.23295629972104,18.33450750587206,5453900
2024-06-11,18.30681037902832,18.722245511113336,18.140636326194315,18.55607145827933,6538600
2024-06-12,18.14986801147461,19.04535934643118,18.0390864859339,18.96227408269595,6665400
2024-06-13,18.094478607177734,18.399130466547838,17.928304545550272,18.048318167369697,5093500
2024-06-14,17.854448318481445,18.11294148029161,17.725202617996665,17.946767430616546,3960500
2024-06-17,17.392854690551758,17.7344331197349,17.051274500527995,17.70673861840907,8519300
2024-06-18,17.50363540649414,17.642114950069246,17.152824906177212,17.30053477587282,5872000
2024-06-20,17.41132164001465,17.540567362373576,17.26361173993562,17.49440867891422,4682100
2024-06-21,17.05127716064453,17.383625315128075,16.98665429968182,17.05127716064453,17808600
2024-06-24,17.53133201599121,17.66980980147943,17.106666572381926,17.14359316011985,4883000
2024-06-25,17.4482479095459,17.76213188157628,17.383625049570387,17.679044844224656,3922600
2024-06-26,17.457477569580078,17.826752261525066,17.30053560539838,17.309767692802083,8909500
2024-06-27,17.623655319213867,17.69751027310017,17.291307146305,17.346699682350476,4599700
2024-06-28,16.220407485961914,17.734434739170275,16.01730682738348,17.734434739170275,28445300
2024-07-01,16.10039520263672,16.515828642652835,15.832669904119747,16.46043786948554,9712200
2024-07-02,16.18347930908203,16.38657994777151,15.915754059098045,16.174247221754243,8387000
2024-07-03,16.515827178955078,16.65430674086211,16.266567841372126,16.358885201522448,3243100
2024-07-05,16.349653244018555,16.66353720139262,16.201943353588497,16.626610609205503,6928000
2024-07-08,16.478900909423828,16.552755855493302,16.321958928921095,16.377349698262996,3802800
2024-07-09,16.321958541870117,16.626610407287433,16.294262277435536,16.414277662477954,4176200
2024-07-10,16.54352378845215,16.608146646241128,16.26656818054486,16.534291700076462,3388200
2024-07-11,17.21744728088379,17.282070126994544,16.866636790208045,16.9312596363188,5480700
2024-07-12,17.43901252746582,17.66057733161357,17.24514398415174,17.328231005812214,6349800
2024-07-15,15.694189071655273,16.91279641195519,15.657260722753778,16.84817356221816,13899300
2024-07-16,16.294260025024414,16.340420459367802,15.814202072896336,15.878826680977078,7590000
2024-07-17,15.592638969421387,16.220406858163923,15.48185743660842,16.128087740259307,8844200
2024-07-18,15.768044471740723,15.89729017501085,15.481856802710878,15.740348209251133,9984100
2024-07-19,15.786508560180664,15.952682612525825,15.749580210397014,15.878827673799156,4641800
2024-07-22,16.17424774169922,16.22040641898138,15.841899630577517,16.063464451045096,8080300
2024-07-23,16.21117401123047,16.506593766020174,15.980377107695931,15.998841282580447,4993000
2024-07-24,15.980376243591309,16.53428913429067,15.95268174360269,16.321956417122085,10045500
2024-07-25,15.906524658203125,16.165017864515914,15.82343761906119,15.998843786232044,11284600
2024-07-26,16.17424774169922,16.31272553438637,16.035769949012067,16.17424774169922,5224700
2024-07-29,16.238872528076172,16.358886159806307,15.99884350377502,16.257336705524153,5334500
2024-07-30,16.201942443847656,16.349652325983786,16.04500047397293,16.257334970279224,7028800
2024-07-31,16.42350959777832,16.682001020065698,16.303494213852822,16.51582695668624,18534600
2024-08-01,16.696659088134766,16.743271049216798,16.40766101753502,16.42630651322077,9614600
2024-08-02,15.969499588012695,16.46359451864275,15.708469780091479,16.127982733450093,10660600
2024-08-05,15.186408996582031,15.801696108747153,14.91605465250194,15.615244714337967,8794300
2024-08-06,15.400826454162598,15.792372949713586,15.167763106290156,15.177085853580923,6182900
2024-08-07,15.279632568359375,15.857630455384555,15.195729620595523,15.661856317891486,7055500
2024-08-08,15.522018432617188,15.680501578457276,15.195729393754393,15.279632340265746,11742500
2024-08-09,15.531341552734375,15.633889996073332,15.102505840830108,15.438115856801891,7689200
2024-08-12,15.577953338623047,15.605921580531849,15.326246273972776,15.52201863293768,6237000
2024-08-13,15.745759010314941,15.801695493338576,15.51269566544642,15.755081757485547,6322000
2024-08-14,15.79237174987793,15.941532138933157,15.503371940217844,15.79237174987793,5670200
2024-08-15,16.100017547607422,16.27714442328511,15.755082987886015,15.792373979480695,7799600
2024-08-16,16.090694427490234,16.202563843421757,15.997468728792427,16.090694427490234,6108300
2024-08-19,16.1932430267334,16.305112443720958,16.025437123119737,16.0720490838425,5804400
2024-08-20,16.202564239501953,16.2864671925678,16.0720493250139,16.118663064568455,7780300
2024-08-21,16.472917556762695,16.556820504542838,16.155951260289324,16.249176955393065,5766400
2024-08-22,16.566143035888672,16.631400488170836,16.351725184638067,16.463594594798288,6082900
2024-08-23,16.85514259338379,16.99498025765092,16.547499020743153,16.659370219036283,6788500
2024-08-26,16.687334060668945,16.976332091789253,16.678011314099635,16.9390428836441,4255700
2024-08-27,16.1932430267334,16.68733621167104,16.165274783420347,16.59411051209319,5240900
2024-08-28,16.034759521484375,16.26782287628425,15.960179319073706,16.202563643309166,4646100
2024-08-29,16.090694427490234,16.21188659110477,15.829662826762835,16.081371679807223,5947700
2024-08-30,15.969499588012695,16.26782216270184,15.848307431211017,16.23053117406612,5713800
2024-09-03,15.61524486541748,15.978823132087552,15.522019167310916,15.969500384463666,7982100
2024-09-04,15.79237174987793,15.941532138933157,15.587274881327922,15.624565867657775,8667000
2024-09-05,15.79237174987793,16.016112333460768,15.689823315602926,15.95085488551562,7326600
2024-09-06,15.093183517456055,15.885599287946144,15.083860769787664,15.848308297272586,8732000
2024-09-09,15.102505683898926,15.21437509534966,15.018602736244757,15.11182665307629,7817700
2024-09-10,15.326247215270996,15.568633325637293,15.121150318274408,15.139795814025433,6992100
2024-09-11,16.65004539489746,16.66868911051131,15.615243607712438,15.643211848331438,13642600
2024-09-12,16.892431259155273,17.181429295925128,16.491562039498824,16.733948120643007,9276000
2024-09-13,17.283979415893555,17.38652608388672,16.97633407751714,17.09752801896221,7082900
2024-09-16,17.722137451171875,17.92723256024548,17.32126820232288,17.32126820232288,10000500
2024-09-17,17.936555862426758,18.262844920055866,17.787395455190417,17.899266649683828,12312200
2024-09-18,17.955202102661133,18.318780388114703,17.768750696815392,17.99249131695085,10658500
2024-09-19,17.61958885192871,18.318778899847565,17.57297689332035,18.234875951846725,13604000
2024-09-20,17.61958885192871,17.861974948583114,17.470428450623267,17.861974948583114,19704200
2024-09-23,18.01113510131836,18.029780595757277,17.63823410320113,17.647556850420585,10068500
2024-09-24,17.81536293029785,18.309456091167455,17.80604018298096,18.039103531506544,9284400
2024-09-25,18.2069091796875,18.30013309532592,17.86197464617583,17.86197464617583,8380700
2024-09-26,18.30945587158203,18.66371315284636,18.197586461385455,18.365392354812535,6737500
2024-09-27,18.710325241088867,18.812873682927,18.505230135544828,18.505230135544828,6670300
2024-09-30,18.701004028320312,18.831520722678025,18.505231653982303,18.72897227242533,7123800
2024-10-01,18.86880874633789,18.924743452886887,18.290812629689658,18.626422647115895,6086000
2024-10-02,18.54252052307129,18.878132333559133,18.4306511049969,18.654391719278017,6538500
2024-10-03,17.83400535583496,18.654389279013277,17.806038894040952,18.570486337367036,8837100
2024-10-04,17.6289119720459,17.98316926623639,17.498397062676915,17.78739512405064,10667600
2024-10-07,17.405170440673828,17.712813980793907,17.228041802988876,17.56365358425885,7919000
2024-10-08,16.920398712158203,17.32126795529007,16.8924322483979,17.209396765852155,4914400
2024-10-09,16.49156379699707,16.920399524476892,16.40766084542366,16.780561864565314,7439000
2024-10-10,16.15595054626465,16.48223957564102,16.15595054626465,16.48223957564102,7463400
2024-10-11,16.14662742614746,16.230530368280153,15.922886839837652,16.06272448401477,7075000
2024-10-14,16.277145385742188,16.333081876441696,16.127984966808402,16.146630463708238,5815300
2024-10-15,16.230531692504883,17.069559404154703,16.19324248081027,16.845818799590237,10491900
2024-10-16,16.67801284790039,16.733949332460487,16.33308008377441,16.398337537628933,10226900
2024-10-17,16.081371307373047,16.761915869281147,16.016113853235595,16.67801292020949,8137500
2024-10-18,16.28646469116211,16.28646469116211,16.025434902277052,16.20256175098275,4422400
2024-10-21,16.044082641601562,16.472920196547058,15.932213212055798,16.33308252054859,7460900
2024-10-22,15.848308563232422,15.978823476515519,15.596599706358734,15.866954058882103,11199300
2024-10-23,15.922886848449707,16.15595018158166,15.689823515317755,15.773726457495828,9463600
2024-10-24,15.82966423034668,16.006792895764917,15.708472055986283,15.904244440291338,6478700
2024-10-25,15.811018943786621,16.053405073866262,15.755084230116701,15.932212897892684,6809000
2024-10-28,15.894918441772461,16.19324099868601,15.876274726697694,15.913563934979326,5239100
2024-10-29,15.400826454162598,15.717792749519695,15.26098880106558,15.70847000222893,11215700
2024-10-30,15.307600975036621,15.522018831348193,15.26098901605837,15.475406872369941,11624000
2024-10-31,15.372858047485352,15.48472923564299,15.242343143078287,15.30760059528182,14759600
2024-11-01,13.858842849731445,15.262628426708655,13.830578975924276,15.158992725261786,30895200
2024-11-04,14.348753929138184,14.763294939095108,14.00016315623807,14.037848620916666,15466000
2024-11-05,14.612553596496582,14.62197518762209,13.953057492081525,14.198012571898056,14503200
2024-11-06,13.378353118896484,13.858843488216591,13.04860551330824,13.830579613107288,30290800
2024-11-07,12.860177040100098,13.40661674050703,12.83191316552522,13.34066740033486,25879800
2024-11-08,12.813070297241211,13.02976148991373,12.530428868913827,12.775384833363715,19844700
2024-11-11,13.086291313171387,13.133397473390106,12.558693872893047,13.058026538849258,21883800
2024-11-12,12.671749114990234,13.302981307868984,12.502164977039817,13.161661043161581,14508400
2024-11-13,12.831912994384766,12.860176868582684,12.605800203816697,12.841334585281526,11706100
2024-11-14,13.189926147460938,13.529095353509806,12.794228291157717,12.897863101716212,13488300
2024-11-15,13.161661148071289,13.350088468680529,12.954390646154954,13.31240300455868,11948600
2024-11-18,12.944969177246094,13.123975807377645,12.935547586503938,13.058025570674909,8499600
2024-11-19,12.954391479492188,13.029762412584386,12.681171622409865,12.813071204567413,11811200
2024-11-20,12.51158618927002,13.02034042125637,12.398529793105538,12.95439108145018,17947500
2024-11-21,12.483322143554688,12.605800129008648,12.285473228358656,12.492743734395535,21346600
2024-11-22,12.28547477722168,12.747122004716086,12.219525430006042,12.52100918698321,29753100
2024-11-25,12.398530006408691,12.60580051885562,12.29489519943142,12.370266131504415,17646800
2024-11-26,11.852090835571289,12.294895755392556,11.804983776272444,12.24778869609371,20868700
2024-11-27,12.238367080688477,12.426794419024274,11.918040156271408,11.918040156271408,16716300
2024-11-29,12.28547477722168,12.398531186088118,12.210103837977389,12.247789307599534,7963500
2024-12-02,12.257209777832031,12.511586449877507,12.134731788146288,12.30431683517153,11820600
2024-12-03,12.29489517211914,12.605800490852687,12.27605198989656,12.351422921802124,13176900
2024-12-04,12.652907371520996,13.142818422077248,12.257209535287068,12.257209535287068,24649700
2024-12-05,12.52100944519043,12.860178678784063,12.436216912168899,12.718858389409839,13809100
2024-12-06,12.29489517211914,12.709435297599741,12.257209706166359,12.615222081963978,8687500
2024-12-09,12.813070297241211,13.142817881546216,12.455057941158836,12.539850459506283,18021600
2024-12-10,12.850757598876953,12.973235598617205,12.634065476723446,12.671750945990256,13348900
2024-12-11,12.803648948669434,12.992076271618656,12.728278019489744,12.879019877849123,14140300
2024-12-12,12.737700462341309,12.99207714071605,12.728278870940509,12.831913680872084,12058100
2024-12-13,12.577536582946777,12.82249166174972,12.332580605651456,12.718856855275105,10761000
2024-12-16,12.389108657836914,12.539851423426608,12.35142319106259,12.417373431786958,11369200
2024-12-17,12.125310897827148,12.483323296411243,12.059361552835387,12.323159831294873,10465700
2024-12-18,11.77672004699707,12.35142366183325,11.767298455321288,12.153574729104003,12404900
2024-12-19,11.72019100189209,11.852090585446785,11.531763667165672,11.729612593251511,15220600
2024-12-20,12.247788429260254,12.351423238665959,11.64482006005479,11.64482006005479,25105700
2024-12-23,12.304316520690918,12.33258039497528,12.040517365729006,12.1441530689256,10108300
2024-12-24,12.266632080078125,12.294895956723288,12.134732491579967,12.247788896653057,3967400
2024-12-26,12.0970458984375,12.238366167015776,12.021674968730105,12.210102292998593,7272100
2024-12-27,12.012253761291504,12.08762469340453,11.852090305928227,12.012253761291504,9280700
2024-12-30,11.918041229248047,11.97456988508425,11.62597905315642,11.936884414024282,10800300
2024-12-31,12.125310897827148,12.34200301471677,11.927461964359424,11.96514743271078,9508000
2025-01-02,12.29489517211914,12.445637035930268,12.210102649102286,12.29489517211914,8670100
2025-01-03,12.464479446411133,12.605800619040439,12.266631422016406,12.389108513739126,8762900
2025-01-06,12.257209777832031,12.662328314569995,12.247788186665653,12.53042963221026,12320300
2025-01-07,12.20068073272705,12.492743759944144,12.097045928742848,12.455058294996038,12871800
2025-01-08,11.68250560760498,12.068782769312056,11.390443461585681,12.068782769312056,17785700
2025-01-10,11.324494361877441,11.597714229421465,11.267965710647589,11.588292637801084,16108800
2025-01-13,11.01358699798584,11.381020947054353,10.900530605616837,11.30565001880835,14181400
2025-01-14,11.16433048248291,11.305650757555394,11.032430900187501,11.098380242089007,11151300
2025-01-15,11.088960647583008,11.616557232033987,11.070117463177802,11.475236942964882,9278300
2025-01-16,11.30565071105957,11.418707110351079,11.032430854815328,11.060694730015106,14563000
2025-01-17,11.136065483093262,11.40928533492659,11.032430676705578,11.333914403282389,12469700
2025-01-21,11.07011604309082,11.286807244998387,11.013587395619245,11.258543370508786,13194000
2025-01-22,10.485991477966309,11.03243120794544,10.448306010329555,10.9759025572441,17876100
2025-01-23,10.862846374511719,10.909953434635574,10.438884630381905,10.504833975459837,14042700
2025-01-24,10.92879581451416,11.154908608292208,10.900531041422623,10.909952632453136,12143900
2025-01-27,10.77805233001709,11.041851470209444,10.53309726911321,10.881688027411341,15476500
2025-01-28,10.37293529510498,10.81573932460726,10.184507952923962,10.768633162931337,22668100
2025-01-29,10.504834175109863,10.608469889050484,10.429463236876206,10.476570297895355,14872400
2025-01-30,10.617892265319824,10.759212560324457,10.467149479224352,10.636734552023931,13074100
2025-01-31,10.527924537658691,10.767195549878208,10.451357886768164,10.700199958535615,21783800
2025-02-03,10.250370025634766,10.384362118787216,9.944103427282263,10.346078793993152,19129300
2025-02-04,10.154661178588867,10.288653270703026,9.886677907107005,10.145091032024355,15267800
2025-02-05,10.030240058898926,10.269511063121666,9.963244469795422,10.173803209080438,14480200
2025-02-06,10.355648040771484,10.441785742259754,10.039810410478754,10.087664790499613,11712800
2025-02-07,10.116377830505371,10.374790954820238,10.087665565385871,10.346078689700736,9380100
2025-02-10,10.288652420043945,10.37479012122792,10.06852355057057,10.145090193234907,10232700
2025-02-11,9.790968894958496,10.049382013421917,9.570840012782778,10.001527630808717,26357200
2025-02-12,9.656977653503418,9.72397324106009,9.570839947932598,9.656977653503418,14970500
2025-02-13,9.704832077026367,9.762256605819951,9.475131223612747,9.714402223327678,13016500
2025-02-14,9.503844261169434,9.819681903134605,9.4847021433551,9.72397313955577,18458200
2025-02-18,9.848393440246582,9.886676760303322,9.455989181478405,9.551697025247082,16920900
2025-02-19,9.953672409057617,9.98238558385275,9.810110186067368,9.838822448116147,10035800
2025-02-20,10.212085723876953,10.36521900840334,9.97281473861788,10.011098059749477,13167600
2025-02-21,10.135519981384277,10.470498842836566,10.097236656854118,10.317365544715924,19723000
2025-02-24,10.259941101074219,10.269511247727865,9.915390264642054,10.116377948311996,10345900
2025-02-25,10.393932342529297,10.499212171053793,10.145091185895186,10.259941161129344,12792000
2025-02-26,10.4513578414917,10.566207817329946,10.240799096081677,10.480070107264643,12192600
2025-02-27,9.934532165527344,10.4992118792969,9.934532165527344,10.4992118792969,16285600
2025-02-28,11.09260368347168,11.48500797663391,10.288652979067878,10.575778361033011,71508400
2025-03-03,10.709769248962402,11.121315649150764,10.508781578259528,10.67148592657835,25025200
2025-03-04,10.355648040771484,10.8533321325942,10.279081397836665,10.776765489659379,20308000
2025-03-05,10.489640235900879,10.547065675097198,10.192943806754947,10.33650694837255,13399300
2025-03-06,10.403502464294434,10.432214727328455,10.116377095715055,10.393931405700965,10358800
2025-03-07,10.767194747924805,10.987323624652992,10.3652194043159,10.413073785744848,20483000
2025-03-10,11.274449348449707,11.408441438036949,10.671486314426774,10.681057373557241,20807600
2025-03-11,11.47543716430664,11.561574872022712,11.217024953904872,11.341445985856259,16320000
2025-03-12,11.322303771972656,11.389299360633396,11.035178386253655,11.18831168190474,11100100
2025-03-13,11.752991676330566,11.89655482900979,11.360587368617653,11.360587368617653,16779800
2025-03-14,11.78170394897461,12.030545084882414,11.55200310489191,11.877411797324875,13828200
2025-03-17,12.489946365356445,12.614367394714748,11.743421101953064,11.906124542002383,18247100
2025-03-18,12.365524291992188,12.451661990640545,12.145394516252345,12.298528709819621,13361900
2025-03-19,12.42294979095459,12.489946291131796,12.250675292883088,12.32724193930296,10427200
2025-03-20,12.59522533416748,12.671791981392186,12.355954333403671,12.442092039718073,10160200
2025-03-21,12.489946365356445,12.60479633566878,12.202820983202399,12.547370894139398,23655300
2025-03-24,12.327242851257324,12.50908842177063,12.202821813433909,12.403809503341504,10513700
2025-03-25,12.116683959960938,12.365526032697826,11.944408538412864,12.346383913527381,11417600
2025-03-26,11.9539794921875,12.260247006978314,11.886983901176919,12.135825971711183,10499700
2025-03-27,11.896553993225098,12.087970603936418,11.829557494916338,11.953978520065295,6917000
2025-03-28,11.877412796020508,12.183679396887584,11.867841736556795,11.982692624628417,11105600
2025-03-31,11.886982917785645,11.992261825342212,11.513719842863713,11.666853131217408,10863300
2025-04-01,11.839129447937012,12.03054607310747,11.714708413389598,12.03054607310747,7998200
2025-04-02,11.94440746307373,11.982691697967939,11.74342070635752,11.819987350653143,9354400
2025-04-03,11.389299392700195,11.752991427268721,11.351016068679638,11.485008159124813,19800900
2025-04-04,10.317364692687988,10.95861101017265,10.068523560164957,10.95861101017265,19561200
2025-04-07,10.23122787475586,10.537495384893663,9.704832388676097,10.058953370096456,17012000
2025-04-08,9.790968894958496,10.527924014061057,9.714402247875949,10.460928426050435,16248600
2025-04-09,10.661916732788086,10.748053531285521,9.484702867031977,9.65697828951982,19457000
2025-04-10,9.857965469360352,10.269510972316926,9.618694467253288,10.145090854438116,17437700
2025-04-11,9.857965469360352,9.944103176158325,9.56126902513916,9.886677734044197,12487100
2025-04-14,10.030240058898926,10.192944414790105,9.867536615754194,10.020669912417315,13416200
2025-04-15,9.829253196716309,10.212086434679,9.771827754648687,10.011098756561978,12446000
2025-04-16,9.532556533813477,9.886677498982937,9.436847770147605,9.78139858914761,15587000
2025-04-17,9.743115425109863,9.819682072192553,9.522985630187305,9.589982130944483,10475700
2025-04-21,9.379423141479492,9.762256366541347,9.159293352509122,9.6282651941429,13719100
2025-04-22,9.551698684692383,9.628266250854525,9.379424170880455,9.50384521086749,9778600
2025-04-23,9.685689926147461,10.011098630697777,9.6186943385329,9.838823219407274,10423400
2025-04-24,9.685689926147461,9.877106542722228,9.628265397548242,9.781398690808057,13945100
2025-04-25,9.618693351745605,9.685688932487052,9.48470127751638,9.647405613099608,13192100
2025-04-28,9.752685546875,9.819682047463457,9.62826543023878,9.656977694635875,13953800
2025-04-29,9.92496109008789,10.020669856339962,9.704832205553142,9.723973411155692,13877400
2025-04-30,9.570839881896973,9.857965260903166,9.494273235861511,9.857965260903166,18034800
2025-05-01,9.69359302520752,9.995604880786619,9.6448813157143,9.6448813157143,17623700
2025-05-02,9.9176664352417,10.122254870142905,9.65462376361219,9.839728072336342,17920100
2025-05-05,9.995604515075684,10.015088640700954,9.703335197908254,9.956635334726597,16502400
2025-05-06,10.170965194702148,10.32684284263159,9.937150116455784,9.966376768961947,12178400
2025-05-07,10.034574508666992,10.219677898052042,9.927408557197932,9.995605325159685,10993400
2025-05-08,10.541172981262207,10.658080521658446,10.015088584929861,10.122254527116986,14049100
2025-05-09,10.833442687988281,10.960092760265399,10.511946708015047,10.638596780292167,14690100
2025-05-12,11.564115524291992,11.593342178135421,11.077000291108174,11.21339289087513,24137700
2025-05-13,12.226592063903809,12.314272951127508,11.642053435144835,11.642053435144835,23720200
2025-05-14,12.197365760803223,12.226592414349321,11.973292272686965,12.138911524612462,23330800
2025-05-15,12.08045768737793,12.343500365275473,12.002519322615383,12.099942743117865,14632400
2025-05-16,11.895354270935059,12.18762360254768,11.827158434228265,12.18762360254768,13460500
2025-05-19,11.408239364624023,11.749220416418128,11.06725831282992,11.710251232992968,19366800
2025-05-20,10.950350761413574,11.213393446329956,10.872412394571377,10.989319944834673,25909700
2025-05-21,9.8689546585083,10.969835188374129,9.859212130937264,10.969835188374129,44831900
2025-05-22,9.381839752197266,9.635139903175054,9.216220494180911,9.596170720647594,40712700
2025-05-23,9.732562065124512,9.810500427538233,9.28441601669633,9.294158544272687,22740500
2025-05-27,9.810501098632812,9.84947028250539,9.605912651027127,9.810501098632812,13960900
2025-05-28,9.450035095214844,9.791016121324583,9.333127553745419,9.742304413437685,17583000
2025-05-29,9.791015625,9.82998480351439,9.498746321592828,9.54745802701044,11828100
2025-05-30,9.829985618591309,9.946893163828147,9.664366363897807,9.752047255100083,11261000
2025-06-02,9.9176664352417,10.01508892432411,9.703335472702681,9.761789709430985,12773400
2025-06-03,10.00534725189209,10.083285614221847,9.800758818501837,10.044316433056968,10549000
2025-06-04,9.907923698425293,10.063800420945098,9.82998533716539,10.063800420945098,9996900
2025-06-05,10.23916244506836,10.346327462108507,9.781273864808503,9.956635646418357,16978500
2025-06-06,10.609370231628418,10.667823539967662,10.24890506654113,10.336585029049997,17205200
2025-06-09,10.599627494812012,10.794473400597449,10.395039061462661,10.70679251071936,11537500
2025-06-10,10.999061584472656,11.106226597949352,10.628853907327873,10.78473062842072,18812700
2025-06-11,11.184165954589844,11.22313606743239,11.008805092291519,11.135455171733915,11586100
2025-06-12,11.242618560791016,11.466692031576446,11.164680204630471,11.184164329121362,18362600
2025-06-13,11.145195960998535,11.223135251921672,10.794473332787943,11.106226780086248,16793900
2025-06-16,11.164680480957031,11.427722207234542,11.008803764777987,11.232876312010735,11948600
2025-06-17,10.258646011352539,11.145195540480737,10.131995945891578,11.145195540480737,28143100
2025-06-18,10.24890422821045,10.531431006336481,10.18070746859485,10.229419174292133,18232800
2025-06-20,10.141738891601562,10.424265686490898,10.131996364064346,10.326843198414423,18140300
2025-06-23,9.888439178466797,10.219677696288693,9.810500812990892,10.161224386731067,13611700
2025-06-24,10.200193405151367,10.219677531657167,9.898181546973474,9.937150729083662,17165100
2025-06-25,10.229419708251953,10.385296431340976,10.09302711099978,10.161223874175144,9776000
2025-06-26,10.531431198120117,10.638596209326872,10.268388540023729,10.307357719471506,11127100
2025-06-27,10.443751335144043,10.60937059629557,10.336585384340928,10.570401413030423,13078300
2025-06-30,10.24890422821045,10.307357531768382,9.761789029434633,9.93714986920694,24219300
2025-07-01,10.492463111877441,10.7749899245848,10.093027819547585,10.278132138034357,27268100
2025-07-02,10.843184471130371,11.125711250165459,10.511945986241265,10.570400219085789,20482100
2025-07-03,11.223134994506836,11.330300007283041,10.989318985297372,11.067257345334347,13837900
2025-07-07,11.223134994506836,11.349784132743016,11.02828816531586,11.106226525352834,11717000
2025-07-08,10.784730911254883,10.9893193453293,10.697050021066051,10.84318514774696,19675200
2025-07-09,12.918296813964844,12.996235180608183,12.177881401754503,12.431181557894664,70142200
2025-07-10,12.090200424194336,12.772161592201776,12.041488713101245,12.752677465223707,35389100
2025-07-11,12.265562057495117,12.42143878774437,11.836900120211077,11.953808596996614,20994400
2025-07-14,12.255819320678711,12.479892813416614,12.099942593086388,12.236335194278961,15830000
2025-07-15,12.80138874053955,12.86958457628923,12.333757630702753,12.440923577279195,20842500
2025-07-16,12.684481620788574,13.103400106142313,12.450665593478769,12.937780845968064,12922400
2025-07-17,12.850099563598633,13.035203874246863,12.742934545764477,12.801388783100387,12464500
2025-07-18,13.025461196899414,13.083915433563927,12.859841943631624,12.908553652668957,9223800
2025-07-21,13.337214469909668,13.522318775957636,13.054687676187797,13.161853620457219,18075400
2025-07-22,13.454123497009277,13.541803460805305,13.249535056621347,13.424895913312003,10987900
2025-07-23,13.580771446228027,13.639225679371538,13.317729719828518,13.55154479420553,9254400
2025-07-24,13.444380760192871,13.571030833617202,13.200823141091908,13.541803250374105,8090800
2025-07-25,13.444380760192871,13.522319123977292,13.31773068676854,13.463864886589684,7837600
2025-07-28,13.161853790283203,13.49309229666524,13.09365702602312,13.454123115273152,10307000
2025-07-29,13.083915710449219,13.23979243938853,12.889068870176486,13.142369019252165,11333500
2025-07-30,12.742934226989746,13.05468767405295,12.587057503458144,13.03520354816078,9419600
2025-07-31,12.811129570007324,12.898810455906297,12.6357687273079,12.76241879259547,15200000
2025-08-01,13.063916206359863,13.587263507888169,12.836803972706027,12.994795255543883,19650900
2025-08-04,13.261406898498535,13.38977505749165,13.004670580512304,13.17253656214158,9850700
2025-08-05,12.57019329071045,13.310778153793377,12.510947029017132,13.300904404646058,9892100
2025-08-06,12.678812980651855,12.945423041129754,12.530695443317601,12.609692028250613,8651300
2025-08-07,12.688687324523926,13.08366552987702,12.659063252845701,12.93554893829519,6860200
2025-08-08,12.955297470092773,12.965172160722595,12.639314903557102,12.698561163931375,6522000
2025-08-11,12.639315605163574,13.113289481277297,12.550445267966655,12.984921321070901,6236900
2025-08-12,12.747934341430664,12.896051883509834,12.599817741053872,12.708436518550027,5914900
2025-08-13,12.886177062988281,13.113289306846163,12.678813259521256,12.767683595536035,6164500
2025-08-14,12.777557373046875,12.866427709257557,12.471449483546051,12.668938596401803,5770600
2025-08-15,13.142912864685059,13.370025099638434,12.649189632140505,12.817054664839507,13878400
2025-08-18,13.19228458404541,13.330527429737007,13.123163632050783,13.182410834976423,9581000
2025-08-19,13.133038520812988,13.409523274662066,13.103415389754748,13.251531986748308,12492300
2025-08-20,13.034293174743652,13.28115479146873,12.84667876038162,13.192284458775328,6568600
2025-08-21,12.807181358337402,13.024418910136323,12.728185713737364,12.994795778836899,6464600
2025-08-22,13.320652961730957,13.35027703454036,12.86642753737938,12.905925359422893,6481500
2025-08-25,13.320652961730957,13.449021118797964,13.142913233386329,13.24165731764393,6339600
2025-08-26,13.17253589630127,13.370024999499469,13.17253589630127,13.320652488274337,6535900
2025-08-27,13.19228458404541,13.310778048194347,13.054042680056154,13.123163632050783,7315000
2025-08-28,13.310778617858887,13.389775205708023,13.133038884879884,13.27128079478551,7638700
2025-08-29,13.370025634765625,13.488519102314667,13.261406858271261,13.291029989732928,8383900
2025-09-02,13.241657257080078,13.251531947971381,12.994795635011613,13.182410995136964,7490700
2025-09-03,13.063916206359863,13.27128000051013,13.0244183856504,13.182410610190582,6474600
2025-09-04,12.649189949035645,13.152786943153734,12.185089835140195,13.152786943153734,14742500
2025-09-05,12.767683029174805,12.935549002711387,12.510946723565642,12.718310517834222,12318500
2025-09-08,12.560319900512695,12.826929969156526,12.471449563730626,12.826929969156526,7808200
2025-09-09,12.560319900512695,12.649190237294764,12.402328609212296,12.599817723337795,6095100
2025-09-10,12.57019329071045,12.718310828348445,12.491197647317792,12.599817363259458,8260800
2025-09-11,12.688687324523926,12.826929225546348,12.619565432310392,12.639314813429209,10472000
2025-09-12,12.718311309814453,12.846679470612631,12.540570634601226,12.639315663431328,12349600
2025-09-15,12.866427421569824,13.034293399169396,12.708436134817838,12.767683338201008,14860600
2025-09-16,12.540570259094238,12.876302217020774,12.530695568166433,12.846679085939714,8826000
2025-09-17,12.35295581817627,12.688687775510278,12.175215148598886,12.560319618782431,12631800
2025-09-18,12.787431716918945,12.817054847617406,12.362830371233178,12.45169976332856,7340100
2025-09-19,12.886177062988281,12.925674885472363,12.589942923506479,12.866427680895056,13127500
2025-09-22,12.96517276763916,13.014545281397131,12.738059581033436,12.915800253881187,6105000
2025-09-23,12.97504711151123,13.33052750599149,12.955297729855596,13.024418682245615,7183300
2025-09-24,13.19228458404541,13.281154917582699,12.905925143593228,12.994795477130515,10851800
2025-09-25,12.866427421569824,13.192284685921383,12.807181159889005,13.152786864233386,7644900
2025-09-26,13.07379150390625,13.251532176201511,12.94542334521549,12.94542334521549,5898400
2025-09-29,12.994795799255371,13.202159602081887,12.935549536563432,13.133038648373837,9288700
2025-09-30,12.994795799255371,13.103415517027868,12.807181378461078,12.95529797689329,6187500
2025-10-01,15.17705249786377,15.315295346019203,14.554961093717855,14.732701763960218,58988500
2025-10-02,14.110610008239746,15.13755429861533,13.94274403312719,15.13755429861533,29422700
2025-10-03,14.39696979522705,14.456216999166884,14.071112527813865,14.317974151108846,14296000
2025-10-06,14.090862274169922,14.495715196173268,13.982242554421054,14.416719550011756,14574500
2025-10-07,14.219228744506836,14.396969409866431,14.071112151175397,14.090861532527502,10747400
2025-10-08,14.545085906982422,14.663580310906537,14.140233008965739,14.327848363760312,13480200
2025-10-09,14.38709545135498,14.703078977152813,14.337723878866852,14.614208639950373,8210800
2025-10-10,13.89337158203125,14.584584866904367,13.873623142244718,14.466090461375808,9074500
2025-10-13,14.258727073669434,14.456217127419396,14.06123796162184,14.258727073669434,11563700
2025-10-14,14.209355354309082,14.347597260454979,14.080987197386209,14.120485019385374,7653000
2025-10-15,14.564835548400879,14.8116971678653,14.436467393275098,14.505588345380385,11038300
2025-10-16,14.633956909179688,14.811697581502477,14.515463441531953,14.673454731728933,6478000
2025-10-17,14.39696979522705,14.525337952344723,14.278476329049743,14.505588570463992,8815100
2025-10-20,14.219228744506836,14.604333205551846,14.189605614181016,14.515462872872048,6856300
2025-10-21,14.140233039855957,14.317973704428086,14.011864886743012,14.298224323163481,4900900
2025-10-22,14.110610008239746,14.248852852950774,13.80450118841616,14.169857210745139,9979700
2025-10-23,14.021739959716797,14.268601582041748,13.952619006810565,14.248853141940977,5771900
2025-10-24,14.36734676361084,14.545086493256576,14.189606092262737,14.308099559260684,7043600
2025-10-27,14.308099746704102,14.47596572924258,14.209355660430065,14.426593215254373,7837400
2025-10-28,14.27847671508789,14.387095493261489,14.051363525830965,14.337723920629552,6781600
2025-10-29,14.189605712890625,14.387094819273816,14.100735379592605,14.367346379486667,5900100
2025-10-30,13.843999862670898,14.219228689896417,13.814375790756518,14.100735227345885,7956700
2025-10-31,13.869999885559082,13.960000038146973,13.550000190734863,13.770000457763672,14090300
2025-11-03,13.619999885559082,13.890000343322754,13.4399995803833,13.890000343322754,9559400
2025-11-04,13.4399995803833,13.739999771118164,13.210000038146973,13.279999732971191,10859400
2025-11-05,14.220000267028809,14.430000305175781,13.369999885559082,13.479999542236328,15497800
2025-11-06,14.1899995803833,14.600000381469727,13.920000076293945,14.350000381469727,11561800
2025-11-07,14.130000114440918,14.149999618530273,13.720000267028809,14.0,12468900
2025-11-10,14.210000038146973,14.34000015258789,13.890000343322754,14.329999923706055,6632800
2025-11-11,14.270000457763672,14.369999885559082,14.020000457763672,14.350000381469727,7805000
2025-11-12,14.069999694824219,14.270000457763672,13.960000038146973,14.270000457763672,7859200
2025-11-13,13.670000076293945,14.140000343322754,13.619999885559082,14.010000228881836,9732800
2025-11-14,13.819999694824219,14.029999732971191,13.359999656677246,13.479999542236328,7612600
2025-11-17,13.920000076293945,14.180000305175781,13.800000190734863,13.84000015258789,7689500
2025-11-18,13.720000267028809,14.140000343322754,13.609999656677246,14.050000190734863,7941600
2025-11-19,13.770000457763672,13.989999771118164,13.6899995803833,13.800000190734863,9155100
2025-11-20,13.510000228881836,14.109999656677246,13.449999809265137,13.989999771118164,10222500
2025-11-21,13.75,13.760000228881836,13.279999732971191,13.520000457763672,9306300
2025-11-24,13.880000114440918,13.989999771118164,13.720000267028809,13.789999961853027,5428400
2025-11-25,13.8100004196167,14.029999732971191,13.770000457763672,13.9399995803833,4853900
2025-11-26,13.90999984741211,14.020000457763672,13.829999923706055,13.859999656677246,4373200
2025-11-28,14.0600004196167,14.079999923706055,13.90999984741211,13.970000267028809,2200700
2025-12-01,13.989999771118164,14.0600004196167,13.850000381469727,13.989999771118164,7534600
2025-12-02,13.960000038146973,14.140000343322754,13.9399995803833,14.0600004196167,4755400
2025-12-03,13.710000038146973,14.109999656677246,13.699999809265137,14.020000457763672,8534500
2025-12-04,13.930000305175781,14.039999961853027,13.699999809265137,13.699999809265137,10009200
2025-12-05,13.920000076293945,14.170000076293945,13.899999618530273,14.09000015258789,5813900
