Date,Close,High,Low,Open,Volume
2015-01-02,79.46623229980469,80.25218582728732,78.7144577493106,79.59437739259111,2437500
2015-01-05,77.36466217041016,79.26119098100857,77.15963396642708,78.98781786978812,3469600
2015-01-06,75.71589660644531,77.65514307057869,75.12643956634315,77.56117043041026,4800300
2015-01-07,77.36953735351562,77.97786845905925,76.70979347414514,77.97786845905925,5665200
2015-01-08,78.46624755859375,78.66330915865564,77.96929881050427,78.34629531414554,3774200
2015-01-09,77.47235107421875,78.65474683766065,77.31812582407011,78.4662485833782,3681700
2015-01-12,76.68408966064453,77.91789163079363,76.32423293165337,77.54089513171319,3230700
2015-01-13,76.45272827148438,78.08922274862388,75.7672815200398,77.34379989669576,3537600
2015-01-14,74.6020278930664,75.75871359623594,73.8994478962823,74.91904816776228,6628400
2015-01-15,73.58244323730469,75.42457610057521,72.44289705682658,74.97047029781913,5830900
2015-01-16,73.71952056884766,73.86517588473421,72.60567118839828,73.2911179666602,6768700
2015-01-20,74.76482391357422,75.15895352289179,74.04510414319499,74.07937713577543,6364100
2015-01-21,75.11612701416016,75.1589698984465,74.34500085535062,75.02187789825531,7185700
2015-01-22,72.28868103027344,73.78809062710557,71.54325790599034,72.40006338989441,16390100
2015-01-23,72.08304595947266,73.10264661888296,71.93739059010186,72.34009022993305,7366100
2015-01-26,71.37191009521484,72.22871570722506,71.21768482357668,71.78317312831123,6632800
2015-01-27,70.60074615478516,71.35473233870479,70.32656876636851,70.68642536299575,6329500
2015-01-28,70.02671813964844,71.44901190596816,70.00957836855247,70.94349978606212,7942200
2015-01-29,70.25802612304688,70.54077340678948,69.5383128955983,70.31800222533425,7545900
2015-01-30,69.13563537597656,70.42940692741682,69.02424648140132,70.36086745795548,7210500
2015-02-02,70.36943054199219,70.4722495511588,69.27272059184278,69.36696971601877,5459300
2015-02-03,71.74030303955078,71.77456949544097,70.72070274883588,70.75497574163104,5586200
2015-02-04,71.63749694824219,72.37435008363039,71.39759249242393,71.543247835327,6155700
2015-02-05,72.59715270996094,72.76851124197823,72.04022767554127,72.18588308144686,3966600
2015-02-06,72.83704376220703,73.69384933722024,72.63140571763027,72.9227230123268,5139700
2015-02-09,72.811279296875,73.04261373098835,72.2286517352573,72.4257131908164,3101300
2015-02-10,73.54817962646484,73.65956852303205,72.931285168839,73.34254814058956,3589900
2015-02-11,73.69384765625,73.83950303182195,73.10264973116573,73.5738954014369,4374800
2015-02-12,68.9556884765625,69.85533005492063,68.54441908580935,68.5701221970617,32653100
2015-02-13,66.89936065673828,68.33022396591318,66.59091021995849,68.06461640970505,34874400
2015-02-17,67.75618743896484,67.96181894966283,66.07684927163089,66.1111222795652,18578300
2015-02-18,68.35594940185547,68.77578231355437,67.44773756192087,67.44773756192087,13417000
2015-02-19,67.17353057861328,68.5272843955387,66.45381079437374,68.4501685265214,20858000
2015-02-20,68.39875793457031,68.44159427070494,67.00216133110777,67.01930109508534,11348700
2015-02-23,68.80148315429688,68.95570840328395,68.09033303191721,68.53586900848704,6868600
2015-02-24,69.28128051757812,70.00099386756403,68.76719861945877,68.80147161758752,10951000
2015-02-25,70.40369415283203,70.47224014979871,69.28985111820073,69.5383254545254,8184700
2015-02-26,71.32904815673828,71.5175463869614,70.60933477251145,71.12341669508865,8702800
2015-02-27,69.90674591064453,71.4404282834611,69.84676979715589,71.32904594038393,8121200
2015-03-02,70.28372192382812,70.4379471046576,69.8810224773898,69.90672558471068,5503100
2015-03-03,70.18093872070312,70.19807195375061,69.31556337139938,69.39267272547343,6856100
2015-03-04,69.08421325683594,69.88104249657603,69.02423714360415,69.87247914961868,6141000
2015-03-05,69.52976989746094,69.743971279439,69.09279724789161,69.10993701911801,5571800
2015-03-06,68.81005859375,69.52977872779313,68.5958571845682,69.08423613602638,6530200
2015-03-09,68.98143005371094,69.25560762146674,68.50161440745666,68.67297947287206,5846100
2015-03-10,67.78186798095703,68.34735608122611,67.5762365387597,68.31308962161462,7525000
2015-03-11,68.07319641113281,68.33024068363987,67.78188567007172,68.03036005698657,4546200
2015-03-12,69.88102722167969,70.25802358639177,68.57011636408225,68.6300924642042,9386600
2015-03-13,69.05850982666016,69.95815805793305,68.50158504239153,69.8296359481932,6919400
2015-03-16,69.8296127319336,69.95813479894369,69.18700893378696,69.29839123884699,5295100
2015-03-17,69.4526596069336,69.58118175387615,69.01569345900003,69.5726118675712,4258200
2015-03-18,70.13810729980469,70.53223709340348,68.77578298960356,69.04139717206752,6449400
2015-03-19,69.8638916015625,70.22374818996809,69.34980982713961,70.12092922032174,4677000
2015-03-20,70.8577880859375,71.16623848376598,69.82962445111255,70.07809874585799,9338100
2015-03-23,70.42940521240234,71.57752791193938,70.42940521240234,70.85780793641186,7291700
2015-03-24,69.71825408935547,70.39513110423148,69.63256832433095,70.2923121083457,5217800
2015-03-25,68.63867950439453,69.80393534397119,68.57013350514737,69.76109246021514,8908000
2015-03-26,67.2420883178711,68.35593137679416,66.73656975034956,68.26168226313602,16181300
2015-03-27,66.80512237548828,67.37918046150841,66.58235112684358,67.17354898263238,9022600
2015-03-30,66.87366485595703,67.47342602811098,66.83082197070038,67.13070255677736,7285200
2015-03-31,67.1573715209961,67.50983254151711,66.72753684895407,66.95964468600387,5918300
2015-04-01,67.85367584228516,68.18894623455144,66.92523172889202,67.0971694677171,6163500
2015-04-02,68.51563262939453,68.57580921105564,67.54420879436366,67.85369023112236,5695200
2015-04-06,68.45542907714844,68.85947449143652,67.68173234883406,68.20612432027382,3831100
2015-04-07,67.337890625,68.24053935798928,67.27771404280071,67.56139989673703,5919200
2015-04-08,67.64737701416016,68.22335385146155,67.31210652326794,67.41526263815415,6405800
2015-04-09,68.0514144897461,68.19755667421056,67.40666261372085,67.59578432133385,4288100
2015-04-10,68.42109680175781,68.74777543058539,68.08582619967765,68.27495455136558,3442000
2015-04-13,68.14598846435547,68.76495146370169,68.13739649291115,68.54144214852641,4092000
2015-04-14,68.33509826660156,68.74774234064684,67.81929809311126,68.42966239692954,4213200
2015-04-15,68.55860900878906,69.03142962545495,68.27491663878953,68.28351516602561,6042700
2015-04-16,69.55583190917969,69.77934115891736,68.12877801640654,68.28351872093911,8084800
2015-04-17,66.46961975097656,67.48402963070552,65.79048032178252,67.39806402572957,22112500
2015-04-20,66.39226531982422,66.92525610744681,66.16015092754765,66.52980900223258,8432600
2015-04-21,66.4352035522461,66.88223499938212,66.40081601333159,66.52116912015612,5125000
2015-04-22,67.43244171142578,67.61297142308321,66.34925688272692,66.54698364811607,7318100
2015-04-23,67.18315124511719,67.37227952401702,66.83068371466648,67.10577760431467,4815400
2015-04-24,67.04560852050781,67.33789950025421,66.85648022045245,67.31211047002056,3400700
2015-04-27,66.61573791503906,67.01978332736635,66.2288895527592,66.90802873706954,6901700
2015-04-28,66.61573791503906,66.822063163091,66.14292397878067,66.78767562174902,6493400
2015-04-29,66.33207702636719,66.59857237316206,66.19452680946964,66.3062814416324,4322600
2015-04-30,66.58135986328125,66.77908661449071,66.17732095212074,66.2288989921085,6754100
2015-05-01,66.7790756225586,66.95960529155414,66.46099579123154,66.92521775097127,3859200
2015-05-04,67.29489135742188,67.51840714412567,66.83066928907749,67.01979752715346,3896700
2015-05-05,66.9166488647461,67.50122419606863,66.86507081040328,67.03700858947205,5325800
2015-05-06,66.92522430419922,67.78489322669054,66.52977738690362,67.65594157656616,5896600
2015-05-07,67.42385864257812,67.69035400772974,66.71033160047229,66.91665038127496,7924600
2015-05-08,67.89667510986328,68.46405336134957,67.71613880932793,67.81930147266878,7198100
2015-05-11,68.51563262939453,68.98845331298573,67.92246534123662,67.95685289629374,5827400
2015-05-12,67.98265075683594,68.28353370423942,67.4324629219392,68.04282734631663,4575700
2015-05-13,68.65318298339844,68.78213467542508,68.14597474376178,68.3437015460367,5494500
2015-05-14,69.41828918457031,69.54724087870764,69.005645075082,69.06582165784535,4450800
2015-05-15,68.96265411376953,69.7707451415227,68.76492734104637,69.54722934599968,4479300
2015-05-18,68.91968536376953,69.24636389137711,68.58441486557157,69.01424951031319,4579900
2015-05-19,69.94269561767578,70.14901441571655,69.09162483684577,69.09162483684577,6063500
2015-05-20,69.59880828857422,70.02004430349467,69.44406759102625,69.98566331182144,3986700
2015-05-21,69.4268798828125,69.77934081102926,69.12599700293116,69.23775162724283,4249700
2015-05-22,69.8481216430664,70.13181404968724,69.39249802205711,69.49565412718802,3395800
2015-05-26,68.93685150146484,70.02862812354937,68.7219342754932,69.73634384442948,5282700
2015-05-27,68.86809539794922,69.31512046533742,68.63598105701772,69.16037975763476,5105100
2015-05-28,68.85089874267578,68.98844895421372,68.67036900909855,68.74774264277741,4443000
2015-05-29,68.53282165527344,68.85949355190186,68.41246850605482,68.80791550473809,7385100
2015-06-01,68.3178939819336,68.91965963643352,67.8708624453733,68.72193944656372,4716900
2015-06-02,68.76493835449219,69.00564468418199,68.06860839235304,68.13738350333745,4197300
2015-06-03,69.28933715820312,69.86531395599842,68.87669960944895,69.04863082830393,4321400
2015-06-04,68.22334289550781,69.06581497264776,68.08579268607396,68.8165166958701,5438100
2015-06-05,68.2491455078125,68.67038163024638,68.11160182975004,68.55002845240813,4817000
2015-06-08,67.75051879882812,68.63597691101295,67.74192683024229,68.28351599510897,5883600
2015-06-09,68.05998229980469,68.24911049903791,67.79348705111401,67.81067754252025,4506300
2015-06-10,68.93685150146484,69.19474823737887,68.08577456431482,68.08577456431482,5865400
2015-06-11,69.03144836425781,69.43548743146731,68.77354494720326,69.06582936502583,4013400
2015-06-12,68.36945343017578,69.1603470921021,68.00839413565532,69.14315660325671,6253500
2015-06-15,68.12877655029297,68.23193920401296,67.75911857290649,67.91385927410909,4929300
2015-06-16,68.22334289550781,68.60159941269593,67.91386148303661,67.94824903539508,6992700
2015-06-17,69.04863739013672,69.51285959566783,68.30932127304156,68.4640620082186,6945600
2015-06-18,69.43547058105469,69.54723176207605,68.61018902901611,68.97984700574999,4632300
2015-06-19,68.93685150146484,69.30650939248619,68.59298262815958,69.22053725509495,13054800
2015-06-22,69.8481216430664,70.2435686831642,69.34091996949167,69.35811046742835,5548600
2015-06-23,69.94269561767578,70.42410833268971,69.88251902829904,70.01147073660815,5356300
2015-06-24,69.40966796875,69.94266506954982,69.40966796875,69.5816056909855,5637600
2015-06-25,68.67036437988281,69.63319611947662,68.67036437988281,69.62459759214637,6591100
2015-06-26,68.67036437988281,69.16037549763264,68.62738486074085,68.91966920242285,15746700
2015-06-29,66.88224792480469,68.2147308818021,66.83066332708768,68.102976277797,8553300
2015-06-30,67.06346893310547,67.65886209530589,67.00306720529488,67.45176481427426,7793000
2015-07-01,67.65025329589844,68.09032693143341,67.44316253112181,67.85734406067508,5319900
2015-07-02,67.48628997802734,68.2801432440482,67.46040446028901,67.90047801172696,4577700
2015-07-06,66.9512939453125,67.17564605603266,66.73557253435331,66.91678431285864,5724800
2015-07-07,66.91676330566406,67.1324846489018,65.9330745071634,66.92538741942265,7183000
2015-07-08,65.51889038085938,66.61475197056959,65.36357074150821,66.34725959630111,5544800
2015-07-09,65.87268829345703,66.8304919051785,65.82954796032341,66.12292592549458,3934000
2015-07-10,66.70968627929688,66.86500595679853,66.36453729222204,66.70968627929688,3036000
2015-07-13,67.76237487792969,67.83140727511696,67.10658027123407,67.27916126420224,3677500
2015-07-14,68.14205169677734,68.28874061456341,67.4862570398678,67.82278177280864,3904900
2015-07-15,67.77102661132812,68.47859244391556,67.58119075177889,68.17658384158442,3947000
2015-07-16,68.098876953125,68.30597407586016,67.88315572107636,68.16790932737005,4095800
2015-07-17,68.3577880859375,68.38367359674808,67.86594363065541,67.94360016308715,3084400
2015-07-20,68.42681121826172,68.71155838183223,68.32326260577703,68.34051741621141,3553000
2015-07-21,68.12480163574219,68.5217347243382,67.69335892346189,68.34052299188234,3974600
2015-07-22,68.15931701660156,68.33189804939794,67.8227922317652,67.99537326456158,4392700
2015-07-23,66.45081329345703,67.26192117577226,65.69146985048896,67.04619980370974,12256800
2015-07-24,65.49300384521484,66.57161060622532,65.30316800195008,66.14016790182113,8639900
2015-07-27,64.64737701416016,65.23413938966519,64.11239224283948,65.09608113952532,9861400
2015-07-28,64.81134033203125,65.20826693266919,64.17280680781326,64.81997103167194,5516600
2015-07-29,65.3204345703125,65.58793357182886,64.64738488362862,64.811335247465,4594200
2015-07-30,65.68285369873047,65.76051024210673,65.26866571750652,65.39809987309492,4767100
2015-07-31,65.6310806274414,66.15744140216968,65.57067889509365,65.91583447277868,6344800
2015-08-03,65.56204223632812,65.71736188740853,65.08745258488973,65.45849360784325,5159500
2015-08-04,65.33768463134766,65.71735632033548,65.26002152073957,65.38082495209147,4137600
2015-08-05,65.22551727294922,65.99349148919526,65.22551727294922,65.88131215144864,5562000
2015-08-06,64.71642303466797,65.39810348062854,64.46618540893851,65.27730001762743,4522100
2015-08-07,68.7892074584961,69.22065004759024,64.14688098653663,64.71638836412079,23689600
2015-08-10,70.11807250976562,70.23024524667929,68.59939229611439,68.76334263592882,12609000
2015-08-11,70.18710327148438,70.45460225259625,69.24656123832189,69.40188089134708,8509800
2015-08-12,69.89373779296875,69.97139434164596,68.85827764416872,69.65213086380174,6945600
2015-08-13,69.6866455078125,69.89373621624175,69.35874475423002,69.89373621624175,4866900
2015-08-14,69.81607055664062,70.17848089491228,69.39325191202963,69.47091503211303,5387100
2015-08-17,69.89373779296875,70.040426773778,69.24657355414496,69.36737701872846,4574700
2015-08-18,70.100830078125,70.25614976225765,69.63487102572704,69.93688627725375,4458300
2015-08-19,69.8505859375,70.4632405002283,69.38463351179689,69.82470042310479,5314600
2015-08-20,67.96085357666016,69.4277560721733,67.93496806889002,69.12574750936682,7240600
2015-08-21,66.46805572509766,67.83141612256043,66.46805572509766,67.40860415540037,8483300
2015-08-24,64.41441345214844,65.64834016362155,61.877527598965756,63.30129020194165,12873200
2015-08-25,63.439334869384766,66.0538832915042,63.2322442063978,65.81226983751036,7779000
2015-08-26,65.26002502441406,65.49300778545341,63.8190078849989,65.05293435716301,6505800
2015-08-27,66.33865356445312,66.5975219207206,65.16512842708657,65.47576782128924,7025000
2015-08-28,66.14018249511719,66.2782407676755,65.51890381036813,65.85542866739142,4919000
2015-08-31,66.20055389404297,66.66651269412642,65.55338999114232,65.8036274902589,4559700
2015-09-01,63.85354232788086,65.02706741624608,63.50838672836835,64.58699386228525,6101100
2015-09-02,64.66466522216797,64.89764149606987,63.82766492648604,64.63014899949799,5914400
2015-09-03,64.94076538085938,65.79502019315971,64.75956021360136,65.04430742883882,4783000
2015-09-04,63.92255401611328,64.30221912737734,63.48248060499386,64.09512846820664,5095200
2015-09-08,65.13922882080078,65.34632609434523,64.64738431689781,65.21689194420354,6046300
2015-09-09,64.81999969482422,66.01941072675362,64.69919617961534,65.64836947766985,4959800
2015-09-10,64.98392486572266,65.45851466986572,64.69917756653275,64.84586656661482,4764600
2015-09-11,65.14785766601562,65.17374317864856,64.53520972829077,64.78544732256613,3843600
2015-09-14,64.83722686767578,65.14786622667852,64.52658750867305,64.85448826722873,4452100
2015-09-15,66.01072692871094,66.22644825854333,64.91486546981112,65.1133254066131,5473700
2015-09-16,66.71830749511719,66.88225784897904,65.91582370597894,65.97622542846057,4193100
2015-09-17,66.49397277832031,67.65024308907071,66.24373512462586,66.83912838973666,4181800
2015-09-18,65.53616333007812,66.26962140868115,65.33770331466177,65.622457162828,12402900
2015-09-21,66.21784210205078,66.71831735272592,65.85543171361498,65.94171896086708,3266300
2015-09-22,65.32906341552734,65.3808344412511,64.71641547238409,65.24277617822301,5047200
2015-09-23,65.26002502441406,65.54477880644276,64.82858229405309,65.15648298243535,3183300
2015-09-24,64.44891357421875,64.74229145452414,63.72408640431697,64.7077752480247,6108900
2015-09-25,64.80271911621094,65.29456373499276,64.47482489812168,65.05295677605375,4478000
2015-09-28,63.28399658203125,64.45752096537763,63.21497077023382,64.25043036340224,5894700
2015-09-29,63.076927185058594,63.43071339135566,62.697262051017695,63.24950823079878,5283000
2015-09-30,63.96569061279297,64.01746821204067,63.249500753344975,63.75859996568108,4912200
2015-10-01,63.75861740112305,64.3712653961964,63.17185492110571,63.99160020321679,4741100
2015-10-02,64.20732116699219,64.20732116699219,62.5592064978938,62.7317809859494,5072400
2015-10-05,66.70106506347656,66.90815578138596,64.75094160188536,64.75957230192603,6480600
2015-10-06,66.36453247070312,66.90814801081665,66.20058210544745,66.6492797060229,3887100
2015-10-07,66.84957122802734,67.42989113137611,66.41649548972921,66.52909280273064,3431800
2015-10-08,66.84957122802734,66.91886493212577,65.9227894123978,66.68500033284643,3298900
2015-10-09,66.9794921875,67.40390454119353,66.54641646914018,67.08342613065129,2651800
2015-10-12,66.96217346191406,66.97083682761584,66.64170162127802,66.83225601744638,1895100
2015-10-13,66.34720611572266,66.88422244521631,66.31255926141225,66.56374399900388,3247400
2015-10-14,65.97474670410156,66.50309955594264,65.77553559431843,66.1826277858888,3098600
2015-10-15,66.46846771240234,66.85823987257595,65.88814776322842,66.69366896439963,3615800
2015-10-16,66.87554168701172,67.1267263592768,66.36451558731417,66.76294439594533,5613700
2015-10-19,66.69367218017578,66.96217705744209,66.45981415936515,66.65036195755313,4054900
2015-10-20,66.65033721923828,66.8235714372181,66.41647928522768,66.73695763233306,3470800
2015-10-21,66.26924896240234,67.22201423105308,66.13066155914568,66.94484603275085,5833500
2015-10-22,62.795997619628906,63.47159488153291,61.834568713623064,63.28104045213168,23652600
2015-10-23,64.60623931884766,64.81412044353567,62.89992635912942,63.07315402149103,9341300
2015-10-26,64.25977325439453,64.38103391942373,63.34164829433128,63.48889905176155,5227700
2015-10-27,64.10387420654297,64.27710186282935,63.86135284445743,63.913319819701044,4099000
2015-10-28,64.48497009277344,64.48497009277344,63.93063371678186,64.3983562730643,7841100
2015-10-29,64.28575134277344,64.93536482585205,64.12984384250616,64.22512101534784,5250200
2015-10-30,63.45424270629883,64.33771407759896,63.28100849060591,64.16448647011568,6310100
2015-11-02,64.04324340820312,64.15584072316321,63.46291688654809,63.6015042971557,4940600
2015-11-03,64.12117767333984,64.32905212853018,63.98259690594954,64.2251182050399,5047900
2015-11-04,64.15582275390625,64.83141967086331,64.04322547048328,64.36369720338314,12872700
2015-11-05,64.03459930419922,64.38106132672041,63.722784144751486,64.22515374699655,4983700
2015-11-06,64.35506439208984,64.78814017774802,64.19049347891188,64.58025904271942,7440800
2015-11-09,63.59284973144531,64.32042052138817,63.42828541884192,64.16451296698702,5622600
2015-11-10,63.54951477050781,63.731405726224175,63.31565025015169,63.332976974434644,4961900
2015-11-11,63.151084899902344,63.748724712894,63.021160902918425,63.627464077898075,4719500
2015-11-12,62.34559631347656,63.04717700877842,62.207008882783036,62.986546659903105,6112500
2015-11-13,61.66996765136719,62.54478228253105,61.58335384619081,62.09438653068803,4486700
2015-11-16,62.068416595458984,62.068416595458984,60.81249301758083,61.34950930000575,5244600
2015-11-17,61.592044830322266,62.38890276843408,61.46212076018796,62.29362555754976,5867700
2015-11-18,62.49283981323242,62.510159937771895,61.609361472835566,61.609361472835566,5817000
2015-11-19,63.00385284423828,63.12511351515847,62.42353297509013,62.449516460542895,4851300
2015-11-20,62.7266731262207,63.53219406829471,62.449504985303285,63.125101915776376,4429600
2015-11-23,62.57077407836914,63.00384977001274,62.51014374586746,62.761328440006025,3251400
2015-11-24,62.04242706298828,62.32825863242738,61.496754018959194,62.25030817251376,4873100
2015-11-25,62.094398498535156,62.18967568505548,61.71328975245388,62.10305525497444,4391300
2015-11-27,62.23299026489258,62.3629143247115,61.86920818396935,62.18968665042773,1547500
2015-11-30,62.05109405517578,62.423539471249754,61.86053966441073,62.2329850804847,5377200
2015-12-01,62.536163330078125,62.744044539981545,61.99049002256414,62.36293559670638,4193500
2015-12-02,61.66996765136719,62.7439999818255,61.5487070024783,62.48415195808661,4146000
2015-12-03,60.99439239501953,62.1030653549687,60.73455088715075,61.85188721315917,6807800
2015-12-04,61.583351135253906,61.76524210058028,60.942401075312006,61.063661718862924,4993400
2015-12-07,61.15895462036133,61.574703617171636,60.77784586644258,61.34084563249223,5926400
2015-12-08,60.55264663696289,60.7605211195434,60.03295051819563,60.66524393831678,7669100
2015-12-09,60.509334564208984,61.32351895758553,60.067595520120605,60.14555257882347,6910700
2015-12-10,60.725894927978516,61.19361762904613,60.29281908716179,60.405416426817496,4783000
2015-12-11,59.6431884765625,60.48335642771112,59.31405330948007,59.799095999540704,9094300
2015-12-14,59.61720657348633,60.128232762908226,58.72507162706424,59.75578737080654,6393000
2015-12-15,60.76053237915039,61.18494478712874,60.27548301896326,60.41407043850583,6247200
2015-12-16,61.24556350708008,61.46210135285884,60.457369184714906,61.24556350708008,5581800
2015-12-17,60.25815963745117,61.4621096947289,60.11957883361357,61.314865525585354,4800000
2015-12-18,58.785701751708984,59.877047829360045,58.52585367138567,59.877047829360045,17898900
2015-12-21,59.2447395324707,59.565211226287346,58.88961439172288,59.02820174661241,4733400
2015-12-22,59.634521484375,59.87704281465294,59.08018512710809,59.53924430345,3796800
2015-12-23,60.604618072509766,60.62193819391364,59.71248313545951,59.80776032370868,5278000
2015-12-24,60.769195556640625,61.072347275685885,60.40540688557444,60.40540688557444,1956400
2015-12-28,60.42271423339844,60.71720249222402,60.076252404972664,60.63058868717001,2860700
2015-12-29,61.106990814208984,61.15895778945027,60.73454540581961,60.8731262092002,3838800
2015-12-30,60.769195556640625,61.280221796143806,60.69990184708403,61.072347275685885,2792700
2015-12-31,60.2408332824707,60.907766961373724,60.22350655365144,60.639262138572754,3531300
2016-01-04,58.54315185546875,59.05418445975283,57.8329081913687,58.97622742158363,9248300
2016-01-05,57.64239501953125,58.64712749845894,56.880177337366106,58.352639109049804,10809200
2016-01-06,56.04168701171875,57.02472615739231,55.88509711647815,56.75503950400734,9752200
2016-01-07,55.53711700439453,55.89379321747545,54.87596231132986,55.07604864368583,11323900
2016-01-08,55.35442352294922,56.032980700572566,55.302225795880915,55.832891072760475,10003600
2016-01-11,55.719810485839844,55.85899781131356,54.893361266410096,55.45012716113856,8157100
2016-01-12,56.0242805480957,56.45925166005742,55.32832411410398,56.372258765091566,7560000
2016-01-13,54.675872802734375,55.998188829438924,54.13650950025918,55.37182930490867,11291200
2016-01-14,55.05864715576172,55.45881980416723,54.2582985403843,54.67587043244654,6664000
2016-01-15,54.72808074951172,54.84987216455139,53.50146199743516,53.962530445390264,8643800
2016-01-19,54.493194580078125,55.49362972579529,54.145219590943476,55.16305066533535,7652100
2016-01-20,54.83246612548828,55.276138589400325,53.31876827095329,53.53625386189185,9043800
2016-01-21,54.493194580078125,55.95469816271806,54.380101132289994,54.80637439329627,8992300
2016-01-22,47.89902114868164,51.23089821750249,47.098672558557894,50.795927095508326,43783400
2016-01-25,47.86424255371094,48.51669950784784,47.098692131658034,47.377073499937694,18498300
2016-01-26,47.92512130737305,48.49058512823784,47.81202787948679,48.02081549107938,12844800
2016-01-27,47.42924880981445,48.56017299817501,47.3422525992845,48.168698347205485,11044100
2016-01-28,46.0025520324707,47.63804124813581,45.36749452023371,47.56844758634227,18015000
2016-01-29,46.541908264160156,46.724595331918735,46.15043360570165,46.263527022271035,13981100
2016-02-01,47.585838317871094,47.83812234869086,46.1069359354729,46.463612099589575,9861900
2016-02-02,46.68111801147461,47.31617568714287,46.5332293680002,47.2639812570072,11698400
2016-02-03,47.07257080078125,47.229160655040616,45.95904589810662,46.97687663222653,9729800
2016-02-04,47.307472229003906,47.377065900627116,46.81160528888264,47.04649015292436,6904000
2016-02-05,46.959476470947266,47.7163252059982,46.81158789958029,47.60323511679966,9159600
2016-02-08,45.58498764038086,46.49842658790027,45.43709569195487,46.31573946210984,11830600
2016-02-09,45.785064697265625,46.12434166714138,45.15870517222328,45.46318365324856,8588900
2016-02-10,45.489280700683594,46.481014327120135,45.48057941985307,46.1069388969988,7081900
2016-02-11,44.46274948120117,44.88032136816418,43.73199784937431,44.558443660861386,9214500
2016-02-12,45.8111572265625,45.87205291654912,44.92381576288656,45.13260335610228,6107700
2016-02-16,46.26353073120117,46.524512751574285,45.872056041358285,46.11563881789767,7163800
2016-02-17,46.63762283325195,46.9768999127622,46.36793943536472,46.541928617273655,8638900
2016-02-18,47.107364654541016,47.28135041456242,46.49840453876915,46.54190097877451,8502900
2016-02-19,47.59453201293945,47.8729132224863,47.00297111301097,47.194359439036596,6557000
2016-02-22,48.39490509033203,48.39490509033203,47.594556216946536,47.594556216946536,6537800
2016-02-23,47.9425163269043,48.3687861567672,47.812023666337,48.29919250474653,5884100
2016-02-24,47.53364562988281,47.73373195597761,46.594109693499995,47.368357791430526,5596400
2016-02-25,48.18611145019531,48.18611145019531,47.237874053335084,47.65544602829641,4385900
2016-02-26,48.17741394042969,48.629784413880564,47.97732757461687,48.46449322405082,5886800
2016-02-29,48.35139846801758,48.847265352924644,47.68154244557526,48.10781234804151,10380500
2016-03-01,49.412723541259766,49.44752203081785,48.38619132926267,48.74286755081647,9160800
2016-03-02,49.69111251831055,49.786806720136084,49.21264482774999,49.48232818575222,7266200
2016-03-03,50.53495407104492,50.613249019667215,49.725907374803484,49.725907374803484,6848000
2016-03-04,50.70893859863281,51.02211836461434,50.291366683512976,50.83942795541406,5410000
2016-03-07,51.32659912109375,51.74417105469837,50.134779019853475,50.45665676310911,9373500
2016-03-08,51.70065689086914,52.1965235995799,51.07429754573319,51.187390942730644,10556900
2016-03-09,51.37009048461914,52.01384922590209,50.909022142519476,51.96165149491167,6469000
2016-03-10,51.1091194152832,51.72677776410116,50.50015903087704,51.57888913913085,6484100
2016-03-11,51.726768493652344,52.11824319336546,51.3439950753587,51.78766418932255,7837300
2016-03-14,51.82246398925781,52.14434172002651,51.335295093001626,51.770266255119665,4253400
2016-03-15,51.526695251464844,51.674587206065475,51.00473106496615,51.639788708680925,3881900
2016-03-16,51.93556213378906,52.109551278139215,51.08301897689692,51.24830683881777,4882600
2016-03-17,52.26612854003906,52.63150266812922,51.604970615067195,51.80505692119744,4609800
2016-03-18,53.25786590576172,53.45795222615641,52.22263249857076,52.466218586562576,8341300
2016-03-21,53.24917221069336,53.39706414074633,52.93599242334996,53.057787143979915,3665600
2016-03-22,52.72720718383789,52.97949126571433,52.11824686566146,52.86639782925821,4783200
2016-03-23,52.744606018066406,52.98818881601096,52.44012420206897,52.805501717552545,3605100
2016-03-24,52.60541915893555,52.648915616188745,51.84856686474866,52.387933554102595,3549900
2016-03-28,52.44011688232422,52.883789280727555,52.074742736407366,52.86639003779347,3261900
2016-03-29,52.718502044677734,52.76200181452443,51.72676835379691,52.292232176138825,4210300
2016-03-30,52.44882583618164,53.0664841171548,52.36182960878396,53.04908487167526,5103200
2016-03-31,53.41444778442383,53.51883991019021,52.440110215384806,52.64019650583947,6310200
2016-04-01,53.153465270996094,53.64063408098455,52.683699021205314,53.04907313977215,4167500
2016-04-04,52.735904693603516,53.11868145414134,52.596714049380694,53.075181681486235,3367300
2016-04-05,52.36183547973633,52.57932109476549,51.91816628524638,52.31833902044392,4640000
2016-04-06,52.3443603515625,52.49296498175041,51.9422468397487,52.30939337929451,4112100
2016-04-07,51.45271301269531,52.029654609453395,51.3128484842277,51.9684640866634,4051300
2016-04-08,52.01217269897461,52.676528395621936,51.56635554307928,51.57509561747062,4602800
2016-04-11,52.27442169189453,52.519187141058666,51.819861097313954,52.16078070959096,4033400
2016-04-12,53.043670654296875,53.06989421001625,52.274414118407364,52.44924560401406,4360300
2016-04-13,54.337406158447266,54.57342811102908,53.18352328002451,53.227230307991704,4689700
2016-04-14,54.643375396728516,54.79198333881464,54.171334681865176,54.337422772776954,4017900
2016-04-15,54.319923400878906,54.9318318044339,54.11886840185688,54.774483833958826,4395700
2016-04-18,54.71329879760742,54.748265757794194,53.961525826756194,54.03145974712973,3140100
2016-04-19,55.56997299194336,55.604939954444205,54.84442686053283,54.8531669338415,4798400
2016-04-20,56.83749008178711,57.108482356583934,55.87592201671853,56.05075681808193,8498700
2016-04-21,57.353248596191406,58.865531390108075,57.16967704330786,58.56832220999173,9466700
2016-04-22,57.632991790771484,57.88649733159569,56.863738427395454,56.863738427395454,5946300
2016-04-25,57.43193435668945,57.563058834434365,56.94241008699429,57.37948723329868,4201700
2016-04-26,57.8690071105957,58.07006551711281,57.370739468399144,57.676698783003545,3979600
2016-04-27,57.89521408081055,58.279837250744265,57.54555119692688,58.035075232805134,4539700
2016-04-28,57.55430603027344,58.1225075615826,57.30954393537518,57.45815520950646,3797800
2016-04-29,57.195899963378906,57.51059595604872,56.688889011936865,57.31828099727649,5051200
2016-05-02,57.414451599121094,57.73789107364104,56.97737447265679,57.327037507681766,4330000
2016-05-03,56.68890380859375,56.863738666414925,56.23434651679448,56.846251845998864,4745400
2016-05-04,56.17314529418945,56.601478943121116,55.79725875798957,56.05950099091509,4998000
2016-05-05,55.87592315673828,56.575249037928515,55.76228553548287,56.34796712615181,4037200
2016-05-06,56.39167785644531,56.56650599323143,55.465073392167284,55.73605900496554,3667700
2016-05-09,55.92837142944336,56.45286581999734,55.744799893334225,56.146913259815456,4261100
2016-05-10,56.680145263671875,56.933650737870714,55.93711899145517,56.24306823972894,4042300
2016-05-11,56.46162414550781,57.09975973152834,56.30428277091257,56.487854377208514,4959500
2016-05-12,56.24307632446289,57.13471731626559,56.007057632083985,56.88121180562628,3607800
2016-05-13,56.05076599121094,56.802539086942495,55.989575468035895,56.25181770910029,4524000
2016-05-16,56.007057189941406,56.20811558274641,55.65739418943146,55.96334681390253,4879500
2016-05-17,54.86190414428711,56.03327064987517,54.713299563362796,55.82347555508404,7977600
2016-05-18,55.52627944946289,55.60495346689166,54.66086525774643,54.66086525774643,5316800
2016-05-19,54.844425201416016,55.53500434943477,54.47727877553,55.12415422369442,4587000
2016-05-20,55.87592315673828,56.06823810752889,55.02799602793947,55.21156757116709,5278200
2016-05-23,55.58744430541992,56.033261308503086,55.56122075660102,55.82346624868713,3074100
2016-05-24,56.70637893676758,56.90743064522237,55.762290906997656,55.762290906997656,3946100
2016-05-25,57.09099197387695,57.484365250411166,56.82874979211946,56.85497334336868,5755900
2016-05-26,57.021080017089844,57.14346106857937,56.77631124484366,57.07352713365189,3593500
2016-05-27,57.274574279785156,57.43192228615544,57.10848953419794,57.160936646565844,3957100
2016-05-31,57.484375,57.624236186805305,57.16967899310501,57.43192121933987,5256000
2016-06-01,57.615501403808594,57.65920510836493,56.97736596003268,57.48437695160624,3816000
2016-06-02,58.05257797241211,58.05257797241211,57.344508604233816,57.57179054150504,3052200
2016-06-03,57.24834060668945,57.5368130122673,56.61894869243429,57.283307565177566,4352000
2016-06-06,57.641727447509766,57.86900272724916,57.25709748292469,57.30080785863371,3915200
2016-06-07,57.5980110168457,58.21865960492007,57.589267608769646,57.82529294195919,3779500
2016-06-08,57.92146682739258,58.201195941654134,57.641737713131015,57.641737713131015,2601100
2016-06-09,57.440670013427734,57.501860538879875,56.73260726615766,57.44941342256863,3883800
2016-06-10,56.79378890991211,57.23960933663926,56.56650699266175,57.04729438121712,3939100
2016-06-13,55.65739440917969,56.72386356377554,55.622430776697456,56.645192889715375,5883400
2016-06-14,53.38459777832031,55.648657334282795,52.781432568912685,55.587466805848706,12323200
2016-06-15,53.69053268432617,54.337408058612105,53.20100861856314,53.73424304845439,5979900
2016-06-16,54.13636016845703,54.29370816302202,53.02618413330766,53.27094619834962,5543600
2016-06-17,54.07517623901367,54.57344383761834,53.86537777582744,54.13636676272768,6521500
2016-06-20,54.45979309082031,55.430104556481936,54.39860257808785,54.76574898911545,4289100
2016-06-21,54.4510612487793,54.61714933206805,53.97901722094807,54.45980132279098,3360600
2016-06-22,54.15385437011719,54.757019578933985,54.09266384174304,54.451066937063224,3462800
2016-06-23,55.29023742675781,55.307720905941956,54.60839841173954,54.93183444006453,3624600
2016-06-24,52.50168991088867,53.935301922886715,52.449239470949905,52.86883298656156,10798700
2016-06-27,50.41246795654297,51.87230711313721,50.115258748402525,51.87230711313721,7567600
2016-06-28,50.613521575927734,51.234170160276804,49.95790602875061,50.91947416409048,8294300
2016-06-29,52.38819885253906,52.44969739130111,50.83315719080093,50.91222721941199,6281100
2016-06-30,53.38096237182617,53.38096237182617,51.67656809015211,52.599049513989,8535400
2016-07-01,53.31947326660156,54.048675135831374,53.214047661305294,53.38097181564268,4166500
2016-07-05,51.96650314331055,53.055908912084455,51.799575633355126,52.9065562467766,4911800
2016-07-06,52.25641632080078,52.476054925049986,51.175794790064984,51.6150719985634,5484400
2016-07-07,52.54634094238281,53.003189641872176,52.16856227456313,52.2564163757876,5077400
2016-07-08,54.02232360839844,54.11896179881183,53.196480142856366,53.31069317878832,5768400
2016-07-11,54.61093521118164,54.87450083117415,54.347369591189135,54.42643961232876,3414400
2016-07-12,55.34892654418945,55.638851101435385,55.023862358438365,55.023862358438365,4531900
2016-07-13,55.43678665161133,55.65642527281648,55.032652392934516,55.331361051830285,3887600
2016-07-14,55.88484573364258,56.22748141227156,55.709134183945416,55.9287727832121,4417200
2016-07-15,56.03420639038086,56.32413099157926,55.621288043640085,56.18356240199142,3675600
2016-07-18,56.218685150146484,56.332898135391844,55.823335086926654,56.192326244986276,3260000
2016-07-19,56.36805725097656,56.376837969514085,55.788208091248315,55.95513223178205,3840500
2016-07-20,56.649192810058594,56.93032996060913,55.788206516151,56.48226532281852,8315800
2016-07-21,55.72671127319336,56.561335353130296,55.24350697654055,56.05177549437152,9498600
2016-07-22,56.47348403930664,56.526195166126584,55.67399955214839,55.70035846697792,4063400
2016-07-25,56.51740264892578,56.5964693226506,56.26262108441627,56.4031862942063,3060300
2016-07-26,56.552547454833984,56.71068751023236,56.209908433858196,56.60525857235413,2745900
2016-07-27,56.74583435058594,57.05333380093256,56.411986039412035,56.46469716674497,3168500
2016-07-28,56.92155075073242,57.07969083965709,56.28020297263813,56.54377202179236,3044000
2016-07-29,56.63161087036133,56.87760500840866,56.376829312287285,56.84246203113939,3732700
2016-08-01,56.341697692871094,56.877616474296936,56.192345036497045,56.65797784921549,2913900
2016-08-02,55.7618522644043,56.42076810486377,55.52464215966857,56.192342070043026,2531000
2016-08-03,56.078128814697266,56.2450495923328,55.76184869529356,55.78820425477085,3034500
2016-08-04,56.17477798461914,56.245060607462534,55.79699925150422,56.12206685534152,3680000
2016-08-05,57.562889099121094,57.72981660253371,56.53498192122442,56.70190942463704,4863800
2016-08-08,57.83523941040039,58.20423066024451,57.64195636443299,57.83523941040039,3253700
2016-08-09,57.448673248291016,57.99337940418483,57.25539020255972,57.83523933975361,3701600
2016-08-10,56.877601623535156,57.545304746240134,56.73703642566088,57.48380621538817,2883000
2016-08-11,57.527748107910156,57.68588817639876,57.00939749898255,57.10603902432773,2450100
2016-08-12,57.43988037109375,57.554096725179285,57.114819554912266,57.24660404655991,2103800
2016-08-15,57.659515380859375,57.82644284011802,57.34323530165209,57.34323530165209,3136700
2016-08-16,57.369598388671875,57.694659189388716,57.35202354910821,57.64194807637244,2805600
2016-08-17,57.70346450805664,57.85281717648831,57.18511382554045,57.45747030055992,3054500
2016-08-18,57.659515380859375,57.791299864335286,57.34323530165209,57.5628738731662,2807500
2016-08-19,57.57166290283203,57.703447389993336,57.167528724284814,57.51895178910249,2783200
2016-08-22,57.42231750488281,57.580457568809656,57.07089439584112,57.57167014780308,3230700
2016-08-23,57.70346450805664,58.23059591024097,57.70346450805664,57.7473949177551,3551700
2016-08-24,57.24662399291992,58.09003564936081,57.14998244556149,57.85282214117555,4128200
2016-08-25,57.10602569580078,57.23781017258925,56.89517455464139,57.10602569580078,4243800
2016-08-26,56.92155075073242,57.53653626163981,56.68433726592575,57.34325318597195,3623600
2016-08-29,57.562889099121094,57.782527728731786,56.93033547622709,57.10604369878003,4173800
2016-08-30,57.50138854980469,57.958240637085616,57.19389581961875,57.782525717808795,3775800
2016-08-31,57.6156120300293,57.738609137275574,56.983051648282945,57.51897048821585,4783600
2016-09-01,56.98304748535156,57.668318947900644,56.596481346338585,57.58925225737843,3657700
2016-09-02,57.27297592163086,57.69467837164287,56.98305129797285,57.15875953500459,3131700
2016-09-06,57.773738861083984,57.78251957898586,57.1499660453083,57.24660756493364,3956400
2016-09-07,58.15151596069336,58.160296678359956,57.37838382440647,57.536523879298066,3200700
2016-09-08,58.19544219970703,58.608363844563854,58.028521419857185,58.11637552022629,4078900
2016-09-09,57.21147918701172,58.002172981628554,57.21147918701172,57.75617876082867,5144900
2016-09-12,57.89674377441406,58.06366457403181,56.35048595401414,56.86004918047443,4923200
2016-09-13,56.54376983642578,57.387181377147094,56.262632656185346,57.29932726510429,5620300
2016-09-14,55.77064514160156,56.54377412156368,55.647648034852544,56.54377412156368,5403300
2016-09-15,56.078128814697266,56.37683409255736,55.57734972469536,55.70035015556718,4634300
2016-09-16,55.928768157958984,56.183549716378735,55.4894909957534,55.67398659953924,10475800
2016-09-19,56.28019714355469,56.737049221059436,55.93756143684546,56.19234303721567,3388600
2016-09-20,55.98149490356445,56.78976345063672,55.963923411051645,56.684334495559845,2927600
2016-09-21,56.47348403930664,56.6667671080986,55.98149564808283,56.21870577303126,3849300
2016-09-22,56.780982971191406,57.17633657393966,56.517420605532415,56.53498874877374,3213700
2016-09-23,56.095703125,56.95668947873236,56.042992000246194,56.6755523086473,5083900
2016-09-26,55.71792984008789,56.34170278738112,55.21715399773476,55.735501333853584,6946600
2016-09-27,56.47348403930664,56.59648113711259,55.85849855027688,56.16599129479176,3916300
2016-09-28,56.42076873779297,56.66676291520324,55.99027557590569,56.46469243927988,3580100
2016-09-29,55.67399978637695,56.939117106671574,55.31379256210712,56.41198572773704,4132500
2016-09-30,56.26262664794922,56.55255121928488,55.90241946476864,56.03420061876005,4307000
2016-10-03,56.06057357788086,56.27142816908817,55.82336341955516,56.078145073099805,2770000
2016-10-04,56.14842224121094,56.56134060872302,55.972710657532325,56.08692368963638,3709400
2016-10-05,56.82829284667969,56.978397036185704,56.236697623354395,56.30733726661622,3345000
2016-10-06,54.69150924682617,56.22788832330753,54.53257336414587,56.121932190948904,7975900
2016-10-07,54.53255844116211,54.98287777495342,54.285326410552784,54.84160184770755,4217400
2016-10-10,54.656192779541016,55.17714853535502,54.6297012202388,54.87693668677941,2522900
2016-10-11,53.73789596557617,54.479595609975426,53.464172314901994,54.32948800532035,3926500
2016-10-12,53.587791442871094,53.905663218507215,53.49066694990213,53.702579221469655,3293800
2016-10-13,53.34055709838867,53.473004788774354,52.537049418484415,53.18162121723973,4220500
2016-10-14,53.110992431640625,54.0381162906277,53.06684094974373,53.87034874330388,4963800
2016-10-17,52.89022445678711,53.34936867161114,52.78426499033513,53.21692439097162,3903900
2016-10-18,53.04917907714844,53.48183526273953,52.87258327213205,53.43768715355664,3416600
2016-10-19,54.082237243652344,54.46191689294801,53.21692185194792,53.349366126268414,7888500
2016-10-20,58.965091705322266,59.84806703900261,57.17265285580193,57.69360506912108,25870700
2016-10-21,59.47722625732422,59.68030683631929,58.62957064217225,58.67371537229083,8561200
2016-10-24,59.238826751708984,59.9805297209287,59.22117020469919,59.76861747396687,5174000
2016-10-25,58.92979049682617,59.494894349946804,58.81500609235674,59.097558018917056,3882300
2016-10-26,58.98277282714844,59.22117327527026,58.40000569707629,58.717877452284874,3621800
2016-10-27,59.09754943847656,59.35361313733262,58.65606169629059,59.15935745291986,4751300
2016-10-28,58.67372512817383,59.35362010341487,58.54128417922867,59.291812081717424,4994500
2016-10-31,58.647212982177734,59.00923605893301,58.55008516824663,58.99157278190934,3233400
2016-11-01,58.49712371826172,58.99158781587656,58.037979447129096,58.95626798939434,3761600
2016-11-02,57.790748596191406,58.30287604564444,57.51702832408365,58.06447560486817,3659000
2016-11-03,57.684791564941406,58.064471302913425,57.428727859186466,57.861383971946225,3796500
2016-11-04,57.84373474121094,58.34703057505047,57.419903479602695,57.83490309877323,3429900
2016-11-07,59.15935134887695,59.450734845431235,58.85031130854709,59.0269036925734,4012100
2016-11-08,59.221160888671875,59.388928373433444,58.5500976861934,58.97392885001344,3956000
2016-11-09,60.695735931396484,60.92531145500239,59.21233677433368,59.30063971642195,9319100
2016-11-10,61.90541076660156,62.16147446139719,60.969458923710654,61.137219682214656,9418700
2016-11-11,62.249759674072266,62.32922421882741,61.4992320040387,61.781783835224296,4656100
2016-11-14,63.94509506225586,64.17467061787602,62.364567837746705,62.51467881828851,8084100
2016-11-15,63.989234924316406,63.99806656546744,62.90317210606387,63.68901975429659,4431200
2016-11-16,63.29167556762695,63.927418919678075,62.93848406797994,63.53007595636235,4663700
2016-11-17,63.379981994628906,63.574237687636554,62.973814062235014,63.00913389156083,3797400
2016-11-18,62.691253662109375,63.221037557010845,62.4881663551705,63.15922954821514,5430600
2016-11-21,63.16806411743164,63.28284850006944,62.65593674276819,62.964976801076126,3368200
2016-11-22,63.327003479003906,63.46827605496469,62.576475656755676,63.41529968105045,4086200
2016-11-23,64.35124969482422,64.38656952193907,63.1415776148395,63.52125733561391,4661400
2016-11-25,64.33360290527344,64.616154828471,63.980411317134184,64.43073076042596,1900400
2016-11-28,63.689029693603516,64.25413355722907,63.547757095981844,64.04222129251184,4467700
2016-11-29,63.12392044067383,63.80381538942492,63.03562423262753,63.75083227534205,3814800
2016-11-30,63.60956954956055,63.86563330818408,63.37999398379981,63.57424971355352,4812500
2016-12-01,64.04222106933594,64.25413333331468,63.379989349904115,63.97158140248655,4298200
2016-12-02,63.450626373291016,64.15700953921693,63.070946600505444,64.03338675909613,2959100
2016-12-05,63.6007194519043,64.1393350057284,63.565399626145734,63.86561477680951,3929100
2016-12-06,63.84794235229492,64.22762200411742,63.644861803975324,63.989221635097245,3843900
2016-12-07,65.59625244140625,65.97593218592887,63.77732501891441,63.989237258290004,5801500
2016-12-08,66.14369201660156,66.39974896049613,65.33134950953988,66.04656418137209,3415800
2016-12-09,66.02008056640625,66.14370334415231,65.5962560642475,66.08188858699478,2566900
2016-12-12,64.96935272216797,65.9582811810546,64.58967290696832,65.9582811810546,3654900
2016-12-13,65.19891357421875,65.54328024795967,64.5543451734895,65.04880934244005,2892900
2016-12-14,65.40198516845703,66.86772751132419,64.66911399702344,64.9251776618581,5415800
2016-12-15,66.17019653320312,66.87657300236364,65.64040576062085,65.81700493033811,4061600
2016-12-16,66.22315216064453,66.5586803730942,65.8523041253211,66.47921582405378,8200600
2016-12-19,65.82582092285156,66.33794155185096,65.46379776342945,65.94060530345062,3076600
2016-12-20,66.276123046875,66.6646343297964,65.80814722148342,66.22314668522822,3244900
2016-12-21,66.5057373046875,66.7264812557435,65.94946497319188,66.32031319418896,3244500
2016-12-22,65.85230255126953,66.54985387907634,65.78166290721049,66.22315057772867,2865200
2016-12-23,66.19668579101562,66.43508625326292,65.9935984267112,65.9935984267112,1957500
2016-12-27,66.20550537109375,66.32028975991834,66.03773787186918,66.31145811875693,2049400
2016-12-28,65.66690063476562,66.55870117897231,65.47264491652037,66.2496610529319,2517300
2016-12-29,65.26956939697266,65.94063288995557,64.89872117844423,65.57860957907968,2573700
2016-12-30,65.41081237792969,65.64038110748672,65.19889345386123,65.30485291589545,3378800
2017-01-03,66.5322265625,66.885418237139,65.99361077440398,66.12605849446496,5853900
2017-01-04,67.6229019165039,67.88005773760354,66.55880816381922,66.73616050525004,4635800
2017-01-05,66.78937530517578,67.5519736025759,66.34600451670136,67.39235984811306,3383000
2017-01-06,66.92237854003906,67.321409487767,66.55881129696661,66.86030690894137,3089600
2017-01-09,67.26819610595703,67.83571000134566,66.97556985090685,67.51648258952714,4818700
2017-01-10,67.96870422363281,69.1658033125208,67.49873253998251,67.85342355498824,9561400
2017-01-11,68.19930267333984,68.6692746593583,67.48103734565525,67.98647980905459,4500200
2017-01-12,68.17268371582031,68.23475534987261,67.25047174897146,68.12835070024052,4056700
2017-01-13,67.9421157836914,68.83771955900451,67.75590093638971,68.21700340133219,3454300
2017-01-17,67.92438507080078,68.8997991885796,67.80911113248222,68.63378084662148,6450300
2017-01-18,68.71359252929688,68.82000393797352,67.84458970365536,68.37663321643797,5988400
2017-01-19,68.00419616699219,68.97074098930916,67.93325523545528,68.81999658376792,8111400
2017-01-20,67.56967163085938,68.19926378877373,66.85141347799943,67.38345680475857,8465900
2017-01-23,67.36573028564453,67.81797019353388,67.15291429117245,67.32139051936771,4444300
2017-01-24,68.66038513183594,68.86433862539701,67.47214816800583,67.68497096962604,4024300
2017-01-25,68.18154907226562,69.18356446824721,67.74704765908957,69.16583261610343,5278300
2017-01-26,68.21702575683594,68.68699768241714,67.95100059334045,68.2347576105952,3344900
2017-01-27,68.14608001708984,68.54511773426059,67.87119232870367,68.27909258948009,3530900
2017-01-30,68.5273666381836,68.56283710204882,67.8711799699251,68.12833575897352,5344500
2017-01-31,67.72931671142578,68.50078429039887,67.36575619625532,68.15495562938015,5568100
2017-02-01,68.06626892089844,68.66925331837464,67.90665520494004,68.14607239622778,3916800
2017-02-02,67.84459686279297,68.1815562112087,67.44555911212328,67.59631031498127,3655500
2017-02-03,69.20130157470703,69.53826088048409,68.19928620060408,68.40323293965592,5235800
2017-02-06,69.0062026977539,69.5293835448192,68.70471392493225,68.9175299272357,3229500
2017-02-07,68.91754913330078,69.50279499405731,68.74019677754076,69.2190379901419,2060200
2017-02-08,68.98847961425781,69.11262286181456,68.35002476093764,68.75792496938118,2223100
2017-02-09,69.32545471191406,69.49393777146183,68.87321462672332,68.98849535811965,3031800
2017-02-10,69.59146881103516,69.77768369523895,69.36978345860682,69.60920066249739,2191200
2017-02-13,69.9727783203125,70.21219555989865,69.59147918667453,69.89296806358308,3317100
2017-02-14,70.41614532470703,70.45160903102196,69.75995174776874,70.05257806462224,3511200
2017-02-15,70.5845947265625,71.02796530495209,69.75992518014594,70.75307771124595,5704100
2017-02-16,70.50480651855469,70.58460999258158,69.98162560494653,70.46046674500668,4295000
2017-02-17,70.6821517944336,70.74422341796839,69.96389346991685,70.2476504296901,2690300
2017-02-21,70.9126968383789,71.33832883776773,70.62007061048743,70.86835707101402,3505500
2017-02-22,70.8151626586914,70.9127047455317,70.39839315406456,70.78856150142576,2943000
2017-02-23,70.98367309570312,71.33836434999284,70.7353797462775,70.82405932515195,3339500
2017-02-24,70.72647857666016,70.84175249482263,70.2831079856222,70.72647857666016,3932300
2017-02-27,71.09007263183594,71.21421591493227,70.57576087883595,70.71764278254693,2619400
2017-02-28,70.99250793457031,71.37380697289113,70.73535213986098,71.04571701418908,4415300
2017-03-01,72.641845703125,72.71278663082688,71.84377717972681,71.87038510158943,4746400
2017-03-02,71.02798461914062,72.4113058002766,70.99251415138842,72.4113058002766,4409800
2017-03-03,70.83290100097656,71.52456497977823,70.77969868156875,71.02798519253857,4579600
2017-03-06,70.49593353271484,70.6555472377405,70.13236635142891,70.49593353271484,3670300
2017-03-07,70.56686401367188,70.95702552851913,70.34517872091615,70.73534023576342,4433500
2017-03-08,70.08802795410156,71.26739541910946,70.0259563383274,70.93929872698959,4326800
2017-03-09,70.31858825683594,70.67327936692044,69.88408014597367,70.22104617197292,4573500
2017-03-10,70.3895263671875,70.46046729930255,69.94615568941794,70.3895263671875,3762800
2017-03-13,70.23876953125,70.53139575046788,70.10575699839656,70.38951391134462,3664300
2017-03-14,70.66443634033203,70.76197845213333,69.9018380655043,70.01711203158713,3321400
2017-03-15,70.25651550292969,70.84176123736957,70.04369272195231,70.80629077387333,4337200
2017-03-16,70.73533630371094,71.02796249755349,70.39837711296057,70.4693180263705,3474800
2017-03-17,70.27427673339844,70.90386250176047,70.03485946132352,70.86839202343418,6672600
2017-03-20,69.9195556640625,70.58461169149233,69.90182381339626,70.18558078115434,3099500
2017-03-21,68.74903869628906,70.16782315060699,68.56282387090651,69.99047763080397,6804000
2017-03-22,68.87320709228516,69.32544712800274,68.33229426424853,68.6603910376594,4877300
2017-03-23,69.02392578125,69.52050541063524,68.73130635222587,68.78450865472156,4082900
2017-03-24,69.34317779541016,69.91069177491477,69.05055826228767,69.26337431327683,4726800
2017-03-27,68.81114959716797,69.0062338395267,67.98647960511632,68.46532090036906,3835300
2017-03-28,69.73334503173828,69.92842922743722,68.62491825190355,68.73132965827575,4235900
2017-03-29,69.38751220703125,70.35405705305048,69.2899701151009,69.56485777492293,2913600
2017-03-30,70.23876953125,70.31857975708144,69.24561695328256,69.34315902635518,2924100
2017-03-31,70.15010070800781,70.43385763690756,69.87521308587648,69.99048701267053,5228400
2017-04-03,69.68898010253906,70.2121608717527,69.13920494795595,70.20329156643105,3022700
2017-04-04,69.39636993408203,69.7067280087495,69.29882785842959,69.60031662659266,2563700
2017-04-05,69.23611450195312,70.36689678822924,69.14707764992039,69.97512648759356,2858400
2017-04-06,69.37857055664062,69.71692009711305,68.69297933892099,69.23611295518609,2914800
2017-04-07,69.24500274658203,69.66348335894278,68.88885539340934,68.98679795345443,2203000
2017-04-10,68.99568939208984,69.5477285984997,68.87994219418155,69.37855386895524,2217100
2017-04-11,68.79092407226562,69.06694035399195,68.28340653869466,69.03132425424074,4642300
2017-04-12,68.27449798583984,68.98680636518942,68.1854611366902,68.90666844580142,3055800
2017-04-13,67.49095916748047,68.3902401077952,67.40191553189824,67.96286054653338,3666600
2017-04-17,68.2656021118164,68.30121821522991,67.33960380229679,67.5176843193643,4160800
2017-04-18,67.48207092285156,68.10533577489593,67.2505696379162,68.06971967005377,3845900
2017-04-19,67.26834869384766,67.92722933345065,67.23273260615639,67.83819251075957,5283600
2017-04-20,71.24835968017578,71.47986088608552,68.96898409298794,69.00460018567213,11099300
2017-04-21,70.86550903320312,71.64904963932982,70.77647218061865,71.12372066085156,5837800
2017-04-24,71.63125610351562,72.04973688768284,71.4442766284133,71.80043092087976,3563200
2017-04-25,71.79149627685547,72.47709420247364,71.79149627685547,72.17436079824506,5061300
2017-04-26,71.69357299804688,72.04972724283719,71.36413592590453,71.78261665405236,3661600
2017-04-27,71.5243911743164,72.00519829290576,71.3017956634737,71.91615465410796,2922700
2017-04-28,70.56279754638672,71.38194763519851,70.38472380293298,71.17716350953451,5313200
2017-05-01,70.54498291015625,70.7764773852839,70.23334371357909,70.53607718631997,3458100
2017-05-02,70.82099151611328,70.92783981130782,70.47374304807624,70.47374304807624,3334900
2017-05-03,70.18882751464844,70.79428765699603,70.06417455531894,70.54498173833704,3800600
2017-05-04,69.74361419677734,70.71412718399401,69.44088082558638,70.54495924631267,3902200
2017-05-05,69.73471069335938,70.09977053595159,69.34294048044575,69.9929222615911,2936700
2017-05-08,69.5922622680664,70.10867867933455,69.40527606508871,69.89498889560029,2608600
2017-05-09,69.84156036376953,70.10867086539771,69.52992125559084,69.59225451168658,2570600
2017-05-10,70.02854919433594,70.03745491684674,69.57445244934756,69.69910539219521,2396900
2017-05-11,69.37857055664062,69.85047197564035,68.78201618896459,69.62787645399322,3780600
2017-05-12,68.99568939208984,69.2806113195426,68.75528927548814,69.18266877012998,2865800
2017-05-15,69.74361419677734,70.00182575679843,68.98679095841189,68.98679095841189,3327000
2017-05-16,69.5655517578125,70.01964853564112,69.30734013093256,69.98403243609805,2457500
2017-05-17,67.99848937988281,69.5655571221593,67.8827353491727,69.5655571221593,4441600
2017-05-18,68.00737762451172,68.4258582693105,67.64232452129048,67.90943505687474,3545700
2017-05-19,68.38134002685547,68.87104604893065,67.93614902874593,68.1587445278007,3283900
2017-05-22,68.5416259765625,68.66627894335619,68.11423952392897,68.51490880389767,2800000
2017-05-23,68.73748779296875,68.93337292017489,68.39914507793353,68.57721876098879,2239600
2017-05-24,68.66625213623047,68.96897871080942,68.49707740745131,68.96897871080942,2091300
2017-05-25,68.95120239257812,69.37858206088535,68.79093331869358,68.99571742844323,3185200
2017-05-26,68.96898651123047,69.09363944345829,68.57721627104286,68.71077492502275,1858800
2017-05-30,68.63954162597656,68.9333693013606,68.55050478912312,68.77310027779433,2073000
2017-05-31,68.50598907470703,68.65735237513528,67.65122322201945,68.63954093209951,3117100
2017-06-01,69.69910430908203,69.78814115357875,68.51489457735593,68.76420725225285,3553400
2017-06-02,69.88607788085938,70.10867337003927,69.24500178512923,69.24500178512923,3534800
2017-06-05,70.31346893310547,70.51825299278742,69.99293086370479,70.11758380257442,2738600
2017-06-06,70.20662689208984,70.27785909008898,69.70801509224844,69.85937841818941,2878000
2017-06-07,71.0614013671875,71.3107072968529,70.1532145101097,70.26006281985649,4284000
2017-06-08,71.18605041503906,71.40864595328881,70.93674449909162,71.06139745706534,4079800
2017-06-09,71.50658416748047,71.88054981164458,70.99016771301098,71.57781636570947,3849400
2017-06-12,71.38192749023438,71.88054605872799,71.29289064363493,71.54219653134376,3352300
2017-06-13,71.75587463378906,71.8894332784714,71.29287903104176,71.40862623345987,3174400
2017-06-14,71.97850036621094,72.04973257906012,70.89223968911067,71.32852510492589,4013100
2017-06-15,71.85383605957031,72.3346432308668,71.43536215949574,71.56891404618091,2773400
2017-06-16,72.52162170410156,72.54833887416112,71.91616158453927,71.99629950856485,5914700
2017-06-19,72.90450286865234,72.95793042784346,72.37918055366599,72.61958079425271,3076500
2017-06-20,73.46541595458984,73.73252646141061,72.83324559078302,72.99351461210554,3929100
2017-06-21,73.19831848144531,73.72364750204632,73.00243331420687,73.54556698952184,2683400
2017-06-22,73.2339096069336,73.57225227572016,73.064734876003,73.10925668721883,2312100
2017-06-23,73.20720672607422,73.63458626793606,73.06474235007005,73.35857003077216,3785300
2017-06-26,73.8660888671875,74.15991655339805,73.40309322264474,73.45651396811013,2491600
2017-06-27,73.97293090820312,74.36469433034529,73.91060444606177,73.95511946583423,2994500
2017-06-28,74.76538848876953,75.03249905172989,74.25787094676066,74.35581352443576,3668500
2017-06-29,74.46263122558594,76.02970517429418,74.04415746476599,75.61122462039984,5092600
2017-06-30,75.00578308105469,75.36193726485088,74.42703338152037,74.87222441299662,3320800
2017-07-03,75.77153015136719,76.34137426322519,75.4064769514633,75.4064769514633,2306900
2017-07-05,75.86982727050781,76.75463075104035,75.79832620857962,76.16476403692418,3501200
2017-07-06,74.8420181274414,75.82513381696243,74.82414627216266,75.67319918158621,3213400
2017-07-07,75.36933898925781,75.69108697276057,74.86883833785514,75.01184047217507,2454600
2017-07-10,75.34251403808594,75.58382157229774,75.04757730393699,75.19057259343248,2147000
2017-07-11,75.2174072265625,75.35146320924355,74.66328416285066,75.27996895805276,2733200
2017-07-12,75.8072738647461,75.95027600429488,75.12802733932396,75.32465187184489,4629100
2017-07-13,76.298828125,76.35245051300265,75.73576577610548,75.90557909640278,3309400
2017-07-14,76.2183609008789,76.46860771511122,75.6016763810105,75.83405134510377,3354700
2017-07-17,76.16474914550781,76.43286784724222,75.77150020050573,76.08430876188683,2190500
2017-07-18,76.4328842163086,76.46863474793932,75.75364457147482,75.93239041091178,2816000
2017-07-19,76.79931640625,76.8440062721826,76.23626091656672,76.64738177202508,5539700
2017-07-20,76.28095245361328,76.3703253767092,75.54808357427956,75.91452142330489,5386400
2017-07-21,76.49543762207031,77.11212229287338,76.35244232981677,76.6741902607822,3570400
2017-07-24,75.9681167602539,76.56692263234325,74.94925079861355,76.37029818032238,5389100
2017-07-25,76.3345718383789,76.95124970147779,76.03963509327471,76.7188746763609,3255200
2017-07-26,76.23624420166016,76.6116144458152,76.12005330319691,76.33455643018382,3038100
2017-07-27,74.94033813476562,76.14688964309126,74.47559484353746,76.12901778596273,6119300
2017-07-28,75.78941345214844,76.05753227621695,74.73479637922163,74.967164663004,3321200
2017-07-31,76.17369842529297,76.5937517947177,75.82513247571872,76.12006922297286,3079800
2017-08-01,76.1826400756836,76.71888443215319,76.09326715272482,76.61163965208944,3148800
2017-08-02,76.23624420166016,76.28986657404954,75.94130751608918,76.10218145197202,3252300
2017-08-03,76.45074462890625,76.75461384710404,76.09324621671497,76.18261911508404,2381800
2017-08-04,76.83506774902344,77.15681569474047,76.71887682385457,76.85293960435604,2840200
2017-08-07,76.72782897949219,77.03170512064399,76.57589431827499,76.95126471141775,2089100
2017-08-08,76.80826568603516,77.46069417332453,76.33458304818251,76.35245490563935,2922800
2017-08-09,76.5848388671875,76.83508581297471,76.18265043112845,76.62952192538215,2961000
2017-08-10,75.57490539550781,76.48652706792844,75.56597287504414,76.36140359425782,3755200
2017-08-11,75.33357238769531,75.84300544979763,75.04757499877323,75.75363254426865,3078600
2017-08-14,76.3882064819336,76.56695233381011,75.71789930932094,75.73577116702172,2893600
2017-08-15,77.56794738769531,77.7288213830215,76.7546380727915,76.85295033764179,3774100
2017-08-16,78.10417938232422,78.45273851381343,77.74668091397945,77.75562025083501,3379600
2017-08-17,76.94231414794922,78.3186788740618,76.90657043652702,78.0594926445942,3870400
2017-08-18,76.30775451660156,76.97806158767798,76.15581988364944,76.85293814657433,4271200
2017-08-21,76.23624420166016,76.54011340348625,75.92342884614959,76.3703001326336,2505100
2017-08-22,76.23624420166016,76.620553780785,75.8876851436998,76.3881788025732,2155300
2017-08-23,76.2183609008789,76.42392468040647,75.69998860356095,75.70892793798761,1960400
2017-08-24,76.28987884521484,76.44181347056644,76.00388144861121,76.40606294365152,2057900
2017-08-25,76.3882064819336,76.82613859213306,76.34351660960589,76.41501767784335,2302100
2017-08-28,76.3345718383789,76.58481871832815,76.15581919647511,76.5580075267216,2105500
2017-08-29,76.34352111816406,76.42396152936101,75.43190630980989,75.74471497842566,2779400
2017-08-30,76.5848388671875,76.62952192538215,76.16477857159417,76.30777390402206,2131700
2017-08-31,76.95125579833984,77.11212977944129,76.59375730492366,76.86188287966495,3792300
2017-09-01,76.98698425292969,77.34448264383039,76.90655069480222,77.13891885298023,2262700
2017-09-05,76.24520111083984,76.78145228115385,75.6821455644704,76.61163895597328,3089800
2017-09-06,76.17369842529297,76.71887523560441,75.96813459028417,76.47756769067037,2823300
2017-09-07,75.44084167480469,76.43289002338346,75.14590488048054,76.20945429775314,2905400
2017-09-08,75.29783630371094,75.97708278969732,75.09227244472352,75.23527457596988,3462100
2017-09-11,76.5848388671875,76.96914862499439,75.94134282446733,75.94134282446733,3397500
2017-09-12,77.35344696044922,77.39813001204577,76.6920723371384,76.83507446716783,3333300
2017-09-13,77.43387603759766,77.55006014744654,77.21044033646915,77.23725152960994,2396500
2017-09-14,77.03172302246094,77.5769068805549,77.00491181939385,77.34453175610854,2764900
2017-09-15,77.74668884277344,77.74668884277344,76.92444705482758,77.3266286110333,7791600
2017-09-18,78.53317260742188,78.53317260742188,77.71092415058246,77.82711506423438,3395100
2017-09-19,79.54310607910156,79.74866991527144,78.54211172763797,78.62255212221442,4043800
2017-09-20,79.03368377685547,79.88273679209057,78.89068164193915,79.76655267150889,4251000
2017-09-21,79.02476501464844,79.36439176414575,78.68514508387,79.05157621724689,2877800
2017-09-22,79.00686645507812,79.28392454659915,78.73874088225891,78.91749353704391,2770100
2017-09-25,78.83705139160156,79.22136106748177,78.50636410161091,78.89961311471153,2863100
2017-09-26,79.26606750488281,79.33756176144215,78.82812853284855,79.06944295722953,2197800
2017-09-27,79.98102569580078,80.20446135231279,79.56990490606448,80.15083897673874,2888900
2017-09-28,80.56197357177734,80.71390820774978,79.74867118843592,79.74867118843592,2458800
2017-09-29,80.84797668457031,81.12503478365406,80.3742940692142,80.47260632735039,2996300
2017-10-02,80.91947937011719,81.48253491723109,80.52623032969147,80.83010644785232,4466400
2017-10-03,81.71488952636719,81.90257466178275,80.96414216598978,80.96414216598978,2912300
2017-10-04,81.33953857421875,81.87578291972697,81.25016565308685,81.86684358199875,3091700
2017-10-05,81.78813171386719,82.20083974587384,81.43822008418965,81.60868897492479,2991000
2017-10-06,82.13804626464844,82.17392797166264,81.72533133852974,81.86888554675214,1891800
2017-10-09,82.26363372802734,82.50587284201588,82.09316485649184,82.17390894614141,1653700
2017-10-10,82.44308471679688,82.84681892914479,82.34439291466008,82.43411086795506,2247200
2017-10-11,82.50586700439453,83.12493236139913,82.37128668612753,82.4161490738963,3051400
2017-10-12,82.19185638427734,82.74811854305273,82.02138751327332,82.2097972335747,3279000
2017-10-13,83.31336212158203,83.36719152382925,81.87785435298129,82.09317880701116,3224200
2017-10-16,82.50586700439453,83.75296471992601,81.47409369106664,83.47483708186974,4294000
2017-10-17,82.26363372802734,82.63147932260841,82.16494194398466,82.48793199266257,2939600
2017-10-18,82.61357879638672,82.78404090608382,82.2547000287961,82.36236571258623,4720200
2017-10-19,82.4520492553711,83.39409792615629,80.7832695013627,81.10625957278629,6512100
2017-10-20,82.62252044677734,83.6991564191389,82.51486164106993,83.29541536261291,4442200
2017-10-23,82.88270568847656,83.51971204165935,82.7391583353147,82.7391583353147,2963100
2017-10-24,84.21055603027344,84.27335928176251,82.83785150126856,83.080090658429,4481500
2017-10-25,83.91446685791016,84.55147311708606,83.68119474277647,84.33614869659954,4266100
2017-10-26,85.85243225097656,85.88832080571237,84.31823247249066,84.32719947739318,4136800
2017-10-27,85.94210815429688,86.14845868673521,85.26023963811411,85.63705901085778,3212200
2017-10-30,85.29617309570312,86.23822886872557,85.08981560955002,85.88832400332687,3096500
2017-10-31,85.69989013671875,85.78064108290052,84.80269695049036,85.21541183979132,3146400
2017-11-01,85.94210815429688,86.64191751654613,85.6280920103438,86.39070460138369,2320000
2017-11-02,86.11260986328125,86.34587517637463,85.58326229424989,86.13055071619567,3013300
2017-11-03,86.51634216308594,86.51634216308594,85.93316520320316,86.38176181156821,2089500
2017-11-06,86.39073944091797,86.78550666396788,86.06774932115738,86.4445688458643,1848300
2017-11-07,85.5653076171875,86.93801195224269,85.39483873935657,86.50735625642142,3200900
2017-11-08,85.3499984741211,85.4845788417708,84.73990673981203,85.32308376959952,2163700
2017-11-09,84.11185455322266,84.92830357370525,83.69017269385606,84.64119520559161,3949800
2017-11-10,83.9054946899414,84.47073071696153,83.78886205256013,84.14774065724718,2714400
2017-11-13,84.24642944335938,84.31820653074772,83.24157075504202,83.43895432284006,2708500
2017-11-14,84.12084197998047,84.14775668257569,83.38514378053166,83.95037307015554,2843700
2017-11-15,83.67223358154297,84.14774484728883,83.25952556136656,83.68120058445261,3236600
2017-11-16,83.94139099121094,84.37204672563657,83.70812569489438,83.93242398791924,2586500
2017-11-17,84.05801391601562,84.12081715188202,83.36717147644592,83.71707619699289,3261200
2017-11-20,84.29129028320312,84.64119504989768,84.04905115435314,84.26437558500204,3456600
2017-11-21,84.70401000976562,84.91933445279619,84.44382317046008,84.71297701298812,2917000
2017-11-22,84.17467498779297,84.97317647581977,83.86963255193628,84.68607489411397,2159100
2017-11-24,83.86962127685547,84.4438243630736,83.8606474284656,84.30924401738856,837300
2017-11-27,83.86065673828125,84.3361680801221,83.76196493015864,83.95037469701776,2731300
2017-11-28,85.48456573486328,85.48456573486328,83.95934005546651,84.1208351028766,3536400
2017-11-29,86.66886138916016,87.31484158566981,85.77166819290584,86.09465829116066,4325500
2017-11-30,87.66474151611328,88.36455107512094,86.85726631531963,87.04567605466474,5328300
2017-12-01,87.79932403564453,88.12231412397632,85.99596384996548,87.99670762796292,3445200
2017-12-04,88.45427703857422,88.97465075348097,87.90699546708255,88.48119858524134,4562400
2017-12-05,88.56194305419922,89.49502483630346,88.44531039832661,89.0015658209941,3525600
2017-12-06,88.11336517333984,88.66065370848825,88.07747661504654,88.49915861868966,3081300
2017-12-07,88.44532012939453,88.92980534908273,87.45840883523347,87.7096218724699,3026100
2017-12-08,88.41838836669922,88.82212254936191,88.0505358866834,88.82212254936191,3850300
2017-12-11,88.82213592529297,88.85802447838495,88.14026710662857,88.46325723941479,2984100
2017-12-12,89.15409851074219,89.41428538280121,88.6875541728979,88.71446887603479,3455500
2017-12-13,87.72754669189453,89.10025114091246,87.70960584038922,88.92978909396975,3463900
2017-12-14,87.16232299804688,88.50811283277213,87.16232299804688,88.20306357747971,3464600
2017-12-15,88.3914566040039,88.67855810727359,87.42249330861856,87.7275356611377,7891800
2017-12-18,89.4322280883789,90.1948410215615,88.81316252324591,88.99260528960993,3485400
2017-12-19,88.95671844482422,90.06923623748143,88.92980374061311,89.90774116717299,3282600
2017-12-20,88.38248443603516,89.66547070113484,88.33762204797401,89.45911329910872,3091000
2017-12-21,88.37351989746094,88.9925853237037,88.25688725927263,88.86697883795011,2339500
2017-12-22,88.58887481689453,88.85803557618001,88.1133634078603,88.34663560957155,1980300
2017-12-26,88.43634796142578,88.7503642639435,88.04158069823664,88.64270544310429,1575200
2017-12-27,88.9387435913086,89.04640922032327,88.43631767931946,88.73239302533005,2569900
2017-12-28,89.45016479492188,89.63858140212811,89.14512237380951,89.3963353900294,1914900
2017-12-29,89.10025787353516,89.94362170386486,89.05540231886216,89.71932339537642,2056800
2018-01-02,88.768310546875,89.47709410126572,88.12233025198513,89.47709410126572,2746700
2018-01-03,89.31556701660156,89.50397672757758,88.84004897075988,89.03743252846031,2976400
2018-01-04,90.8011703491211,91.52146003163524,89.95483787173718,90.06287651568026,3122000
2018-01-05,91.00827026367188,91.00827026367188,90.27897495571744,90.80118471469899,2550300
2018-01-08,90.1709213256836,91.1162937987712,90.14391166490844,90.93622481414255,1896500
2018-01-09,90.50405883789062,90.75616505887648,90.2789691496188,90.36000500937658,2978500
2018-01-10,91.13430786132812,91.467436180932,90.33298917535261,90.38700849870638,2279200
2018-01-11,90.69315338134766,91.33240736449828,90.21595740284441,91.33240736449828,2745400
2018-01-12,90.90918731689453,90.96320662190408,89.97281377132275,90.81014734491747,3231500
2018-01-16,90.34197998046875,92.1877178858016,90.17091651495541,91.84558408558384,3814000
2018-01-17,90.72014617919922,90.93623034774092,89.35159708365408,90.92722483720405,4469700
2018-01-18,89.90984344482422,90.79219135090364,89.65774404308723,90.79219135090364,5290700
2018-01-19,88.26216125488281,89.08149095974653,86.74955838137352,87.34379841380544,12306000
2018-01-22,88.52326202392578,88.54126617444714,87.19072820203014,87.56888405489232,4983600
2018-01-23,88.21717071533203,88.5953198161746,87.73097607030869,88.37923559700648,4375200
2018-01-24,89.40560913085938,89.59468360706472,88.37920090620703,88.46022988064185,4949500
2018-01-25,89.75675964355469,90.13490864322911,89.31557894140957,89.52266446172173,3375200
2018-01-26,89.7027359008789,89.99085041362115,89.09049170265268,89.90081591636266,3668700
2018-01-29,89.50464630126953,90.19791935882895,89.34258148831933,89.81076490951405,3472100
2018-01-30,88.8744125366211,90.12591066575743,88.85640838383299,89.54067609685667,3466500
2018-01-31,89.49565887451172,89.77476788185528,88.68533464603946,88.90141881723474,3202900
2018-02-01,90.03587341308594,90.07188858675421,88.59530081231497,89.09049399457174,2952100
2018-02-02,87.04666137695312,89.75674242649086,87.01064621210325,89.61268176709136,4663300
2018-02-05,82.84203338623047,87.08272344541868,79.78081141708995,86.28140448618404,6421900
2018-02-06,84.79579162597656,84.83180680209584,79.69075890463846,80.80720188756631,7244000
2018-02-07,84.2825698852539,85.39901263634138,84.10250091124307,84.21053954797316,3796800
2018-02-08,79.53768920898438,84.60671340162108,79.48366988176508,84.40863337622744,5814900
2018-02-09,82.58092498779297,83.3012080349529,78.81742425669228,80.55511732589126,8017600
2018-02-12,85.26398468017578,86.1463394204592,83.21116749692881,83.35522821746211,7419200
2018-02-13,85.13790893554688,85.3629985906169,83.57128685963298,84.66071996586899,3366700
2018-02-14,86.64151763916016,86.93863077899773,84.33659477816094,84.60670512622218,3446800
2018-02-15,86.93863677978516,87.52387132818498,85.93023939836216,87.38881614483242,3057400
2018-02-16,87.14569854736328,87.7759467388973,86.65950414138413,86.76754963244287,3280700
2018-02-20,87.50585174560547,87.97403518025261,86.88460213324743,86.95663246755953,3514700
2018-02-21,87.78498077392578,88.67633403994871,87.10971169104943,87.26277103456191,4431500
2018-02-22,87.6499252319336,88.2981846479654,87.37982172138189,87.86600941421342,4270100
2018-02-23,88.95545196533203,88.99146027235263,87.8300034681451,88.0370821448797,2440600
2018-02-26,91.51245880126953,91.54847397399868,89.10850269243116,89.52266687502868,4953100
2018-02-27,89.6577377319336,91.94465008115793,89.6577377319336,91.53048582614466,5167300
2018-02-28,87.7939682006836,90.35998881320921,87.72193786474125,90.07187433863074,4053700
2018-03-01,85.66012573242188,88.50526250715107,85.11090637868227,88.07308731090664,4369800
2018-03-02,86.07429504394531,86.20935023015474,83.9134326721709,85.20094595820878,3584700
2018-03-05,87.02869415283203,87.59591778419559,85.26398467242561,85.61512409220208,2661400
2018-03-06,86.4974594116211,87.32578776105274,85.66012555188058,87.32578776105274,3221100
2018-03-07,86.11031341552734,86.19134927793874,84.88582492169579,85.72315886425424,3594900
2018-03-08,86.96563720703125,87.04667305611373,85.61509925531405,86.47944958930135,3760500
2018-03-09,89.18051147460938,89.23453078604567,87.38879312781722,87.85698339089895,3044300
2018-03-12,87.93803405761719,89.7657611502495,87.76697057279397,89.21654178448813,4020900
2018-03-13,85.86719512939453,88.44222106424537,85.60609033245478,88.3431810768134,4858700
2018-03-14,85.11091613769531,86.58750401795253,84.71475606814593,86.39842949453828,3013800
2018-03-15,84.98482513427734,85.90319450912465,84.59767076432979,85.58806358746402,3213000
2018-03-16,86.08329010009766,86.78556874006522,84.87680595079622,85.1289121400588,5124900
2018-03-19,85.39002227783203,85.96625820912986,84.45365520380466,85.93024303409923,2610400
2018-03-20,85.48907470703125,86.11933005780783,85.28199600702241,85.8492196404474,2501600
2018-03-21,85.29998016357422,86.67752785691468,84.99386150691707,85.19194151731483,2124000
2018-03-22,82.30179595947266,84.59770663162074,82.04069109981182,84.39962660917513,4113900
2018-03-23,81.43743896484375,83.1571273219884,81.40143066292741,82.67093281581961,5100400
2018-03-26,83.3912353515625,83.72436371456561,81.75258259416492,82.26578684045997,2769800
2018-03-27,82.310791015625,84.39962293273018,81.81559785027366,83.56228906380659,4357300
2018-03-28,83.02208709716797,84.21956599266238,82.47286765996205,82.61692837033405,5509700
2018-03-29,83.98545837402344,84.96685292826807,83.09410518506476,83.18413968115898,4940600
2018-04-02,81.93264770507812,84.2285653060292,80.9962737641456,83.85941491476108,4998400
2018-04-03,83.49923706054688,83.67030735667053,82.09468013840592,82.42781522317581,2864500
2018-04-04,84.2555923461914,84.56171109254736,82.00469496700822,82.12173915781602,4619200
2018-04-05,85.13218688964844,85.90037033769667,84.77069690818978,85.13218688964844,2482300
2018-04-06,83.0626449584961,84.77974333907262,82.06852666029212,84.26461244590355,2968900
2018-04-09,83.27046966552734,85.16831924654872,83.1077964502982,83.77656104847226,3109700
2018-04-10,84.04768371582031,84.67126551107253,83.62292550137187,84.41821982458694,4584000
2018-04-11,82.782470703125,83.87599379733624,82.56557532695393,83.08974547309873,4064900
2018-04-12,84.36400604248047,84.89721545945685,83.19818229517185,83.6139012686729,3137300
2018-04-13,84.07482147216797,85.22257363681494,83.63199138016827,85.06893279695463,2510300
2018-04-16,84.58995819091797,85.13220014249825,84.14712806820847,84.7526314658901,2811500
2018-04-17,84.8249282836914,85.4936930963502,84.5809149350993,84.91530078891878,2651700
2018-04-18,85.99070739746094,86.07204054127902,84.9514068916003,84.98755725384498,4981400
2018-04-19,92.51576232910156,93.04896502038655,89.51534917624265,89.79550605505467,11716900
2018-04-20,91.08783721923828,92.78686373215074,90.70826856661635,92.3621053801776,5614700
2018-04-23,90.92516326904297,91.42222237823857,90.29254885277584,91.07879721371069,3183300
2018-04-24,90.77151489257812,91.91925997817664,89.9942990790312,91.44931890009146,5048900
2018-04-25,89.27134704589844,90.64503433679712,88.47605912141854,90.3739098492565,5129200
2018-04-26,90.58174896240234,90.83479473997983,89.07249982617041,89.33458492294146,3021100
2018-04-27,90.02141571044922,90.63595832444756,89.4068730964509,90.36483394666207,2017000
2018-04-30,89.24421691894531,90.70827642806181,89.22614517462664,90.3738905508307,2567000
2018-05-01,89.090576171875,89.30747156207686,87.92475224519727,89.30747156207686,2915200
2018-05-02,88.23200988769531,89.8045202451318,88.15971602934852,88.62061781809913,3542000
2018-05-03,87.78919219970703,87.9518654701041,86.31610034193054,87.81630326227649,3572300
2018-05-04,88.8826904296875,89.42493221373412,86.79505645836772,87.07521321954651,2363200
2018-05-07,89.090576171875,89.46110550951234,88.82849108184853,89.04538647205038,2152100
2018-05-08,90.13890075683594,90.7082605806222,88.91885482654737,89.27131238652008,3199100
2018-05-09,90.82577514648438,91.25053360608791,89.9129967691437,90.57272931394996,2694300
2018-05-10,91.62103271484375,92.06386967021882,90.57269934197149,91.01552940236704,2847600
2018-05-11,91.65719604492188,92.79590897040542,91.52163383320088,91.72045749106093,2522100
2018-05-14,91.53968811035156,92.31690389606321,91.37701487857521,91.90118494707444,2234800
2018-05-15,91.04266357421875,91.48550064201363,90.3467875883688,91.11496434793807,3442300
2018-05-16,90.90707397460938,91.49450551798269,90.58173438079656,90.6269171795304,2135200
2018-05-17,91.4764404296875,91.85600906255416,90.6450024067473,90.96130960080284,2876100
2018-05-18,91.26860046386719,91.57587531189857,90.78961989294733,91.2143783297952,2927600
2018-05-21,92.21751403808594,92.5247819406831,91.59393201872307,91.79275567098254,2084000
2018-05-22,92.81397247314453,93.30199225501937,92.2536588270874,92.47055420959404,2910700
2018-05-23,92.11808776855469,92.40728388241197,91.19627731031562,92.01867595801195,2553900
2018-05-24,92.1904067993164,92.46152433138614,91.02458279496891,91.90121062812032,2230000
2018-05-25,91.36798095703125,91.85600068117904,90.79862805968172,91.59391563145269,1850800
2018-05-29,88.3133544921875,90.22927628882191,87.64458972704038,90.22927628882191,4377800
2018-05-30,89.46111297607422,89.84972098406728,88.53026299983009,89.33459007998165,3076800
2018-05-31,88.83753204345703,89.79549302162685,88.38566261677613,89.18095032554162,2780300
2018-06-01,88.7923355102539,90.02142080784664,88.76522444993608,89.77740747502676,2711200
2018-06-04,89.8768081665039,89.93103717540599,89.14478204862525,89.29841596806021,2417400
2018-06-05,89.75030517578125,89.84068457896946,88.95501745058003,89.57859947868054,1811500
2018-06-06,91.25050354003906,91.27761459959468,89.98526789926659,90.37387584118287,2872700
2018-06-07,91.71142578125,92.53382458746621,91.17821624965396,91.67527539817733,4245700
2018-06-08,91.2776107788086,91.54873515297498,90.00333587319757,91.53969583517497,3580500
2018-06-11,91.45838928222656,91.88314773976064,91.08785985638696,91.44031753498294,3453000
2018-06-12,91.03360748291016,91.72948328785463,90.59077053023873,91.72948328785463,2426100
2018-06-13,90.39195251464844,91.16916844088848,90.33773039257864,91.16013601719679,3183800
2018-06-14,90.15699005126953,91.36799680665197,89.93105533765517,90.84382661627139,3285500
2018-06-15,89.0363540649414,89.71415824504747,87.9428308151013,89.66897543669548,6741200
2018-06-18,88.99118041992188,89.06348119470663,87.9428398704872,88.43085975781216,3621300
2018-06-19,87.78919219970703,88.50314672561746,87.31925102688237,87.78919219970703,3119600
2018-06-20,87.13851165771484,88.46700907463712,87.08428952477314,88.29529646034663,4495300
2018-06-21,87.32827758789062,87.62651304609184,86.54202924624357,86.90352614451962,3350700
2018-06-22,87.87053680419922,88.53026234393978,87.7259352697472,87.97898106005758,7235400
2018-06-25,89.05442810058594,90.46425851593136,86.44262334652662,87.70785912964755,7996700
2018-06-26,88.75617980957031,90.22023903376356,88.62965693902045,89.9220035981906,5166100
2018-06-27,87.62651824951172,89.84068257357112,87.5994071871526,88.9550154649513,3693700
2018-06-28,87.63553619384766,88.06932687575043,87.2740393622763,87.67168656650264,3142300
2018-06-29,88.56641387939453,89.90395051054834,88.25010663739285,88.68389745642922,4698500
2018-07-02,89.47015380859375,89.50630419308584,87.80727749184301,88.02417290381467,3148700
2018-07-03,88.42179870605469,89.75029581255274,88.31335446551097,89.75029581255274,2041200
2018-07-05,89.36505889892578,89.45575584036847,88.54877258647541,89.2018016364357,2385500
2018-07-06,89.35601043701172,89.81857395468023,89.06577599684879,89.30159364189832,1996600
2018-07-09,90.61670684814453,90.7074037962233,89.86390903159686,90.02716630603209,4991700
2018-07-10,90.61670684814453,91.12461529317255,90.30832892099637,90.61670684814453,4675500
2018-07-11,90.97042083740234,91.42391245290338,90.38995212313964,90.38995212313964,3469600
2018-07-12,91.74137878417969,91.90463608451867,91.24253511099538,91.63253827737547,3688800
2018-07-13,91.15184783935547,91.74138853768645,90.3537047971405,91.67789996523452,3456500
2018-07-16,91.32416534423828,91.49648749346856,90.76183311690828,91.24253323587907,3264800
2018-07-17,91.74137878417969,92.02254144375557,91.28788705209747,91.40579241133436,3092200
2018-07-18,93.40116119384766,93.48278638503204,91.98626226903885,92.10417454928486,5923800
2018-07-19,90.8525161743164,91.9409002942314,90.0453015849062,90.87972456636092,7171100
2018-07-20,90.8343734741211,91.8774055910053,90.68018798303146,90.81622993414994,3325500
2018-07-23,91.80485534667969,91.96811262567329,90.70740632889697,90.83438344369935,2617900
2018-07-24,92.24925994873047,92.59391107178519,91.75948819297948,92.02251414994201,3155100
2018-07-25,93.08370971679688,93.21975861931716,91.67788951004613,91.81393841256643,2549400
2018-07-26,92.96580505371094,93.55534568921799,92.8388279223383,93.27417610997743,2744000
2018-07-27,94.1902084350586,94.54393134637559,93.11996793114913,93.30136873165337,3815800
2018-07-30,91.46926879882812,93.51905309245741,91.01577712712374,93.17440191306622,4423000
2018-07-31,90.26301574707031,91.78674865619647,90.19046230929216,91.65070663552709,4330400
2018-08-01,90.19950103759766,91.54183958386082,89.94554677959141,90.60764774059446,3315400
2018-08-02,90.45346069335938,90.6348546118161,89.49205355028232,89.70066278426854,2481800
2018-08-03,91.41484069824219,91.5146094072476,90.42622537802471,90.6620429556496,1830400
2018-08-06,91.53275299072266,91.89554769473061,91.0611247193257,91.396704111753,2004600
2018-08-07,92.48509216308594,93.19253806018101,91.94090354376155,92.0497371157862,1852800
2018-08-08,93.2197494506836,93.37393496249885,92.33997447661523,92.51230353084048,2228900
2018-08-09,93.41020202636719,93.70950815654756,92.7662447558092,92.91136539579955,2435500
2018-08-10,92.13137817382812,92.69370346992854,91.75951164729194,92.59393473938148,2473800
2018-08-13,92.3399658203125,92.78439261115388,91.96810627257443,92.04066659594444,3389200
2018-08-14,92.6755599975586,93.05649134800589,92.35811720551918,92.44881415756845,2327100
2018-08-15,92.0678939819336,92.44882537861673,91.46020979800413,92.12231077582126,2219600
2018-08-16,93.10184478759766,93.54626470363073,92.3943988625598,92.42160725664064,2290400
2018-08-17,93.44649505615234,93.70044929137796,92.56672008431073,93.08370032594404,1950800
2018-08-20,94.17208862304688,94.29906574619667,93.35580217441661,93.43742735941252,2267900
2018-08-21,95.06094360351562,95.46001857958883,94.10861502843456,94.25372879808415,3218400
2018-08-22,95.98603057861328,96.37603361865202,94.78881307054387,95.1425359534008,2761300
2018-08-23,95.5688247680664,96.15835832765856,95.37835912146593,95.72301025535258,1866800
2018-08-24,95.92254638671875,96.44859139039708,95.64137688573268,96.05859525239165,1844000
2018-08-27,97.09256744384766,97.34652166699637,96.39418641045508,96.85674984246658,1972000
2018-08-28,97.30115509033203,97.43720395218331,96.75696656265947,97.10161768224782,2275000
2018-08-29,96.7842025756836,97.32839125868104,96.04047642764904,97.08350877323927,1896200
2018-08-30,96.3488540649414,96.747922073905,96.11303643255302,96.6844335097698,1868300
2018-08-31,96.12210083007812,96.50303218566454,95.50535186019508,95.70488238950179,2115500
2018-09-04,97.0562973022461,97.29210800824248,95.75931074032869,96.45768492609915,2941800
2018-09-05,95.84999084472656,97.27395428095448,95.12440147147423,97.04720846677976,5511800
2018-09-06,95.59605407714844,96.02233739271016,94.82511955227918,95.68675103541524,3623900
2018-09-07,96.21279907226562,96.45768154135632,95.55069815700934,95.81372416883805,2498400
2018-09-10,97.31024169921875,97.77280513215952,96.64814082776495,96.64814082776495,3337000
2018-09-11,98.23536682128906,98.38048748230247,96.5665207380387,96.78419480982484,2795800
2018-09-12,97.84535217285156,98.58001332318858,97.6458216670545,98.2353552537334,4103100
2018-09-13,98.55281066894531,99.03351072039425,97.89070980203122,98.13559225324222,3429600
2018-09-14,99.36911010742188,99.77725683451642,98.71608087985855,98.71608087985855,2999800
2018-09-17,99.04257202148438,99.98583546889407,98.80676134943194,99.95862707748289,2383100
2018-09-18,99.4416732788086,99.65028253455965,98.83399597686991,99.26027934142651,2173200
2018-09-19,99.85884857177734,100.18536307616486,99.52326921763041,99.76815163605474,2365700
2018-09-20,100.77493286132812,101.37353834706498,100.35772129981828,100.53911522404529,2844800
2018-09-21,100.58443450927734,101.13769479420357,100.45745741959583,100.93815739049478,5662900
2018-09-24,99.63212585449219,100.53003748971175,99.17863415108555,100.43934053297727,1871600
2018-09-25,99.65025329589844,99.98583267356553,99.20582651616306,99.98583267356553,1910600
2018-09-26,97.9632797241211,99.8679434948067,97.77281403902596,99.84073509975514,2944200
2018-09-27,97.81816101074219,98.2716527232813,97.35559752642665,97.96328168022721,2121700
2018-09-28,96.58466339111328,97.83630495143193,96.39419770144184,97.29210935838847,3931500
2018-10-01,97.8635025024414,98.85211100876498,97.60047650688,97.78187040463715,3361300
2018-10-02,98.30793762207031,98.38049796030505,97.32839381510554,97.9632863950574,2223100
2018-10-03,98.3623275756836,99.22396578770216,98.18093369932855,99.08791692056946,2505100
2018-10-04,98.07105255126953,99.08143801950924,97.22451356287159,98.53528540160578,2478700
2018-10-05,97.60684204101562,98.73555855534113,97.14260911745666,98.36234992500529,2399800
2018-10-08,97.38837432861328,97.60684096358739,96.09581132287065,97.06068132086045,2723400
2018-10-09,97.08796691894531,97.33373313167957,96.43258109204554,96.76027400549543,2604400
2018-10-10,94.27530670166016,97.40659265486694,94.22979107885068,97.36107703205747,4555600
2018-10-11,92.46388244628906,94.97618607921204,92.4365758549085,93.95670296256198,6069300
2018-10-12,93.75645446777344,95.50414593286985,92.58222231146252,94.94888870520246,4855900
2018-10-15,93.4105453491211,94.26618192742242,93.03733676748276,93.61990050174612,2780900
2018-10-16,94.91246032714844,95.09451582874374,93.47426006043571,93.82015509640583,3121000
2018-10-17,94.97618103027344,95.8409290646995,94.59387488185308,94.96708346343546,3792400
2018-10-18,93.61079406738281,95.35849217898175,93.11015705790946,95.14913008594961,4538200
2018-10-19,97.15171813964844,97.89812849025755,94.72132703505856,94.72132703505856,5726300
2018-10-22,95.13093566894531,97.36106194689265,95.07631554109501,97.04247347071559,5003100
2018-10-23,95.01260375976562,95.14003915816846,92.70055061848679,93.21940366946622,4223800
2018-10-24,92.70053100585938,95.5314296544768,92.40015159872296,95.05809926693841,4056700
2018-10-25,94.30260467529297,94.82145078222099,92.66414657459268,93.28312148677946,3378900
2018-10-26,92.16349029541016,93.4469555677984,91.15310480918758,93.33772226439064,5395700
2018-10-29,92.10890197753906,93.98402905156351,91.06210510763547,93.27402974954296,4238700
2018-10-30,92.91899108886719,93.20116839948496,91.39886430403942,92.48206488544338,3778200
2018-10-31,93.51068115234375,94.40272889900022,93.34683465575468,93.81106060883369,4511300
2018-11-01,94.70310974121094,94.91246489724199,93.77464400013696,93.99311061257062,2786800
2018-11-02,94.40272521972656,95.62247285673048,93.65631497429112,95.51323954835904,4322200
2018-11-05,95.76810455322266,95.94105554488031,94.48464624454758,94.70310590342065,2697700
2018-11-06,95.55874633789062,96.1777211387491,95.00348922485402,95.55874633789062,2856000
2018-11-07,97.67964172363281,97.83439063660067,95.48592674472393,96.24144145287694,3606900
2018-11-08,98.76284790039062,98.88117876644397,97.42476949510315,97.42476949510315,2896700
2018-11-09,98.56260681152344,99.51837924510322,97.71606769583254,98.65363110407667,4444000
2018-11-12,96.9332504272461,98.70825545917545,96.76030634740707,98.45338465123696,3154600
2018-11-13,98.18030548095703,98.48978947991507,96.91504900105923,97.07889551365723,3021800
2018-11-14,98.09834289550781,99.51834780055474,97.2973196515449,98.86296198971864,4978100
2018-11-15,99.76412963867188,99.85515391672641,96.79669095008431,97.10618182911848,3742600
2018-11-16,99.63671875,100.47415342546513,98.83569518364756,98.83569518364756,3486200
2018-11-19,98.5353012084961,100.146452731476,97.77978637776559,100.03722635719777,3161200
2018-11-20,96.56914520263672,98.21671481193022,95.99568589127229,97.89812630561664,3779000
2018-11-21,96.9423599243164,98.00735883140267,96.60556237096297,96.82402902732093,2791000
2018-11-23,96.25055694580078,96.89683847305734,95.8591462242557,96.37799234865652,938800
2018-11-26,99.83695983886719,99.88247545389522,97.24272951054877,97.53401139048789,4488500
2018-11-27,100.22836303710938,100.45592720585321,98.97221132573806,99.67310590979785,2837900
2018-11-28,102.7588882446289,103.0228635465213,100.42863308959008,100.42863308959008,3995900
2018-11-29,101.32069396972656,102.18544219712547,100.565186015836,101.94877345708156,4249500
2018-11-30,102.19450378417969,102.35835024733512,100.46502182773587,100.46502182773587,3949500
2018-12-03,102.27645874023438,104.26992343516838,101.9487657234039,103.76017488414956,3399400
2018-12-04,97.98003387451172,102.09439818368924,97.88900959044129,101.82131838677023,5238400
2018-12-06,98.5353012084961,98.662736608293,95.37670891772629,96.15953034202636,7455200
2018-12-07,97.10618591308594,99.78234285762497,96.26875140823276,98.48977305394304,4419400
2018-12-10,96.29606628417969,97.14260537347437,94.21157740957862,96.4326061911062,4110000
2018-12-11,95.94107818603516,98.31684923914901,95.13095010452066,97.75248746377676,3132200
2018-12-12,97.83438873291016,98.97220955628704,96.9423341517115,97.64322872324053,4183800
2018-12-13,97.12440490722656,98.63543463953665,96.78761431113267,98.09837947688965,3542600
2018-12-14,96.214111328125,96.89680371771351,95.51321686381816,96.27782900669835,5245400
2018-12-17,92.09976196289062,95.99565905308405,91.73565793830944,95.99565905308405,7345500
2018-12-18,91.9541244506836,93.36502504716526,91.45348745606961,92.82797695289999,5220800
2018-12-19,89.90604400634766,92.84617596766132,89.38719800666959,90.80720306739924,6195600
2018-12-20,87.17528533935547,89.99708680223861,86.71105939998716,89.12324116114155,7110500
2018-12-21,83.13375091552734,87.95810753944636,82.96990442220434,86.6564401049102,11005300
2018-12-24,81.46796417236328,83.33399294525536,81.46796417236328,82.5966803906804,3190900
2018-12-26,85.41849517822266,85.46401079631893,81.05837119716442,81.7865724737468,5383700
2018-12-27,86.18311309814453,86.18311309814453,83.07003654512779,84.07131762452573,4226600
2018-12-28,85.94644927978516,87.06606825013829,85.51862745326574,86.83850403983719,3225100
2018-12-31,86.76567840576172,87.02965371267088,85.83721952000218,86.59272739044337,2821100
2019-01-02,87.09335327148438,87.6304013413098,85.35475980196782,85.48220211730127,4175400
2019-01-03,85.39334869384766,86.99281738405546,85.21055506136166,86.6363649195167,4776600
2019-01-04,89.24120330810547,89.89012970140807,86.73689454168863,87.16646720406078,4637200
2019-01-07,89.72563934326172,90.4111260577632,88.67455831973317,89.36004503423464,3289000
2019-01-08,90.16435241699219,90.95951252985421,89.13154798809312,90.20091254460317,3227200
2019-01-09,90.3288803100586,91.02350189836574,89.70737201258808,90.24661826981064,2954500
2019-01-10,89.8078842163086,90.1826132559452,89.4057298559014,89.9815360757416,3523800
2019-01-11,90.07292175292969,90.19173689318963,88.98528102770021,89.4605485618687,2770600
2019-01-14,89.9723892211914,90.51163524755522,89.22292426919796,89.35088118979715,4120500
2019-01-15,89.56111907958984,90.365427925578,89.33262351618525,90.12779058716049,5795100
2019-01-16,90.85897064208984,91.36165665046825,90.03638529649815,90.42939790755138,4701900
2019-01-17,90.93207550048828,91.61756206285358,90.09121365753802,90.8589622334147,5693300
2019-01-18,91.83692932128906,92.13853813062245,88.08046213425582,89.74390936509039,9872500
2019-01-22,91.24283599853516,92.01971939982455,90.44766905003605,91.26111257261473,4699800
2019-01-23,91.13316345214844,91.571877972123,89.99068571309363,91.334240649923,3585100
2019-01-24,91.1423110961914,91.89177626235242,90.83155350512743,91.11489274438924,3415900
2019-01-25,92.10196685791016,92.85143184979366,91.4804587934363,91.791216312238,3488300
2019-01-28,91.74553680419922,91.77296212944614,90.92295834820459,91.44392795779578,3185400
2019-01-29,92.27567291259766,92.69610402832477,91.89180193386417,92.2573963306674,2827400
2019-01-30,93.83853912353516,94.00305617798851,91.89175979011212,92.3944457536813,3501500
2019-01-31,93.865966796875,94.0487674161694,92.95198461979489,93.22618206217118,4302100
2019-02-01,94.19501495361328,94.62458775645734,93.60093202862298,93.60093202862298,4727800
2019-02-04,94.5240478515625,94.56060798036116,93.70146238642175,94.17673708767266,2578300
2019-02-05,94.9627456665039,95.2186595498033,94.51489637072997,94.71596658394354,2231200
2019-02-06,95.93157958984375,96.04125997413442,94.53318781251193,94.91705869783215,3595700
2019-02-07,95.41059112548828,95.76704358762545,94.69768620121395,95.10897535810145,3857300
2019-02-08,95.52941131591797,95.52941131591797,94.53317411883128,94.80737155327317,2581900
2019-02-11,96.3428726196289,96.47996437905088,95.79447768941618,95.92243464696416,2653800
2019-02-12,97.79609680175781,98.18910943231627,97.11975191654007,97.12888671801682,3238600
2019-02-13,98.30793762207031,99.13966489318493,97.88750658517006,98.29880281938443,3182100
2019-02-14,97.44878387451172,98.12512874448396,97.10146617855862,97.79609459733406,2385900
2019-02-15,98.14341735839844,98.79234395789378,97.90578697985529,98.09772242704703,3882300
2019-02-19,97.33910369873047,98.00631376878663,97.30254357418062,97.84179669487763,3692800
2019-02-20,97.59503936767578,97.96063372159566,97.33912541187156,97.40310390082261,3840800
2019-02-21,97.43963623046875,97.75038681009624,97.17458057383513,97.55845139800921,2566500
2019-02-22,98.19824981689453,98.2987884167629,97.66813846724871,97.77781884159533,2256400
2019-02-25,97.73210906982422,99.48695307922935,97.57673378186372,98.89286330235244,3333500
2019-02-26,97.74124908447266,98.36275719825936,97.26597448227277,97.49447000979538,2548100
2019-02-27,98.1799545288086,98.37188993111786,97.43048949321197,97.66812678931723,2393500
2019-02-28,98.47244262695312,99.12136916767318,97.8692179865767,97.99717493978173,3295800
2019-03-01,99.53267669677734,100.21816344128251,98.89288488469346,99.07568553377389,2682000
2019-03-04,99.62406158447266,100.62029885321454,98.49072558864889,100.13588939423869,4053200
2019-03-05,99.4869613647461,99.91653411569649,99.00255191303805,99.65147844014984,2685700
2019-03-06,99.60578155517578,100.03534732454808,99.48695940836306,99.56007965668925,2616000
2019-03-07,98.5821304321289,99.2858937277856,98.16169941518534,99.22191524636226,3048200
2019-03-08,98.69181060791016,98.77406566679497,97.50363084327645,97.60416945288999,2077100
2019-03-11,100.13589477539062,100.34611376463049,99.35901124435264,99.63320871325136,3289200
2019-03-12,100.93104553222656,101.70792893761235,100.30039563963884,100.30039563963884,3917500
2019-03-13,102.49394989013672,102.60363025006004,100.6202838369435,100.70254585016846,4234100
2019-03-14,102.6858901977539,103.07890278984978,102.25631748393631,102.72245031947564,3538200
2019-03-15,103.75525665283203,103.9837522036623,102.85041622402079,103.01493329954383,4780400
2019-03-18,103.78267669677734,104.42246141730294,103.42622421346587,103.96547033889024,2918000
2019-03-19,102.97838592529297,104.395061305104,102.69505363858343,104.395061305104,3331300
2019-03-20,101.2418212890625,102.78645368353898,101.08644596396172,102.60366000378886,3309300
2019-03-21,102.20148468017578,102.53051881507214,100.36437858919277,100.501477307588,3111000
2019-03-22,100.04449462890625,101.74450214424046,99.61492186265832,101.71708379288525,3737400
2019-03-25,99.6606216430664,100.60202220959656,98.88373815429799,99.87997542237176,3596200
2019-03-26,100.0810546875,100.90364009325634,99.66976547118735,100.52890402997193,2844500
2019-03-27,99.60578155517578,100.53804031537723,99.01169174050423,100.24556629520319,3346600
2019-03-28,99.7702865600586,100.42834779600923,99.15791327080713,100.00791687868112,2693300
2019-03-29,99.89825439453125,100.8944916169597,99.75201389960748,100.72083277252037,4891000
2019-04-01,102.09181213378906,102.40256971750594,100.61116538642884,100.80310081763734,5125100
2019-04-02,101.4520263671875,101.87245735139292,100.87622007921438,101.64396179651186,3568900
2019-04-03,101.04986572265625,102.36600226894444,100.85793030517763,102.20148520065841,3719700
2019-04-04,101.0040283203125,101.34339443330457,100.43535075572365,101.19664322174987,3619600
2019-04-05,101.77445983886719,102.00376422936513,101.29750978566992,101.33419932788735,4553700
2019-04-08,101.53599548339844,101.67357953646092,100.82056680485229,101.46262338653865,4776600
2019-04-09,100.75635528564453,101.17827455583111,100.42615637892196,100.90311346543909,2869300
2019-04-10,101.04071044921875,101.33421984858067,100.45368465267885,101.33421984858067,2650100
2019-04-11,100.75635528564453,101.65523164234824,100.36195142471564,101.3617222805743,2320600
2019-04-12,101.72862243652344,102.31564122761013,101.3066961199774,101.64606920143713,2316900
2019-04-15,101.38006591796875,101.78364392399861,101.12324609515531,101.73778024228965,2285000
2019-04-16,102.61831665039062,102.75590070883332,101.75613674659378,101.89371380722058,2523400
2019-04-17,102.50826263427734,103.18700184256429,102.04047959986912,103.01272822237335,3799900
2019-04-18,104.26012420654297,104.69121760354385,102.1046642193536,102.9576768778533,6186800
2019-04-22,103.03105926513672,104.01248186082864,102.93933890062458,103.27870494910101,3174400
2019-04-23,104.53529357910156,104.59949853277816,102.63665338001913,102.9026473303408,3342800
2019-04-24,104.58114624023438,104.8930038588258,104.03081708733669,104.3426747059281,2318400
2019-04-25,106.28719329833984,106.8558708383242,105.25073973131074,105.6910073425593,4595200
2019-04-26,107.86480712890625,107.98404991625605,106.48898048951251,106.93841523232594,2990600
2019-04-29,107.09436798095703,107.95654808078538,106.9017530544693,107.53462867069545,3096200
2019-04-30,107.52546691894531,107.63552859798746,106.4890061225129,107.36036740256426,2387900
2019-05-01,107.33280944824219,108.2225117142904,107.25026321629076,107.74556160144591,2450500
2019-05-02,107.54376983642578,107.9106582972645,107.0209560540206,107.31446542312851,2538700
2019-05-03,109.46993255615234,109.75427480546115,107.89231697145087,108.14914380904304,2856200
2019-05-06,109.46074676513672,109.70839943985,107.36032458582365,107.55293944514783,2924500
2019-05-07,108.43347930908203,109.52497062844927,107.91066549182011,108.57106336579639,6282300
2019-05-08,107.76390075683594,108.33257822442006,107.14936660500794,108.0757583996451,4037500
2019-05-09,107.55294799804688,107.580463409022,105.82857426690627,106.53483580507383,3219600
2019-05-10,108.65361785888672,109.08471133704109,106.58987784477304,107.18607080396916,2435100
2019-05-13,106.30552673339844,107.21357024493764,106.04870691177646,106.78247683100848,3710600
2019-05-14,107.32366180419922,107.98405977102762,106.18630664007618,106.37892854524847,2460700
2019-05-15,107.91983795166016,108.44265176079941,106.30553284011157,106.56235267648654,2711400
2019-05-16,109.91936492919922,110.38714791184324,108.02072458530951,108.02072458530951,4143500
2019-05-17,109.2131118774414,109.69006200510294,108.69947220183425,108.78201843635009,5273600
2019-05-20,109.91936492919922,110.359632500714,108.80036522232143,108.99298009804177,2765600
2019-05-21,110.57058715820312,110.68982292987877,109.46074767723505,110.49720806894959,3369100
2019-05-22,110.07528686523438,110.87326170392373,109.55247310968049,110.39631162779992,2941100
2019-05-23,108.6260986328125,109.51580097176826,108.09411065725725,109.39655818542403,3290200
2019-05-24,109.61668395996094,109.72674560001083,108.5343668466396,109.34151586420545,2240100
2019-05-28,108.38761138916016,110.17619006092929,108.38761138916016,109.47910266587905,2550300
2019-05-29,107.32366180419922,108.05743188015104,106.43395937654523,107.96571149538417,2553900
2019-05-30,107.07598114013672,107.59879489454593,106.49813656878389,107.5070745337016,1882400
2019-05-31,105.21403503417969,106.37890536006874,105.07645098810728,106.18628349687822,2969100
2019-06-03,105.13150024414062,106.33305324842398,104.46192821256976,105.07646242103407,2968500
2019-06-04,107.17691040039062,107.3144944851915,105.69102187842947,106.13128255241158,3043200
2019-06-05,108.34176635742188,108.4518280120787,107.32365406494831,107.47957940758971,2568100
2019-06-06,109.5433349609375,109.73594988175385,108.36929715911366,108.6169429150726,2209300
2019-06-07,111.084228515625,111.31353292474853,109.66253837993307,109.94688060576058,2481800
2019-06-10,112.50592041015625,113.23051619623702,111.35939834661471,111.5336649417586,3453700
2019-06-11,113.02873992919922,114.41373361384052,112.89115587502661,113.32224931245345,3303800
2019-06-12,111.92808532714844,112.992061318062,111.5245072619307,112.74440859701788,2685700
2019-06-13,111.77214050292969,112.5425999500855,111.36856250804895,111.98309663820633,2343900
2019-06-14,111.90055084228516,112.4600541563218,110.92830239393993,111.90972497797195,2483800
2019-06-17,111.3960952758789,112.12069815332171,111.25851820874489,112.12069815332171,2094200
2019-06-18,113.21217346191406,114.69806855631059,112.09316682268133,112.64349600651941,2729200
2019-06-19,114.35870361328125,114.57883390285025,113.4414859092921,113.95512558422499,2951700
2019-06-20,114.57884979248047,115.93633526167748,114.16610456757273,115.28511144127229,3303200
2019-06-21,114.40457153320312,115.85377024081967,114.24863919941193,114.8356579918729,5703800
2019-06-24,113.86339569091797,115.03743313418805,113.74415991858481,114.63386213669843,2680900
2019-06-25,112.96452331542969,114.25779649646388,112.85445468388455,113.98262841650855,2387800
2019-06-26,113.35892486572266,113.73498745739602,112.84528522618369,112.98286927186456,1902500
2019-06-27,113.67997741699219,114.11107090660826,113.33143017118351,113.45067296488293,1504300
2019-06-28,113.22138214111328,114.23949459085289,113.00124480216277,114.0010159725652,4338900
2019-07-01,114.57884979248047,115.93633526167748,114.23948367354375,114.92739704693446,4008800
2019-07-02,114.74393463134766,114.9548977846241,114.28532577430964,114.45042524275595,4076100
2019-07-03,115.80203247070312,115.9768510690071,114.9555549773252,115.20397512571019,3714300
2019-07-05,115.37879180908203,116.10566062927741,114.37589436664051,116.0504506930085,3731500
2019-07-08,114.87273406982422,115.22237123748188,114.67951685492346,115.00154554642472,3332000
2019-07-09,115.83883666992188,115.96764815709282,114.25628751930776,114.33909189547498,2237100
2019-07-10,116.74972534179688,118.15745595977626,116.57490673548313,116.57490673548313,2733800
2019-07-11,117.10853576660156,117.48577436645284,116.33566695670903,116.83251420008219,2928100
2019-07-12,117.73421478271484,117.77101906853773,116.73132431791521,117.3569831375048,1639400
2019-07-15,118.29547882080078,118.39667481586322,117.55020429251383,118.001044524401,2355700
2019-07-16,117.82620239257812,119.0039112642551,117.58698510406153,118.893505444847,2734000
2019-07-17,116.92453002929688,118.35986193642037,116.86012429037977,117.78941311164004,2248900
2019-07-18,118.13905334472656,118.77391502002386,116.53811246552486,116.56571392624213,3524500
2019-07-19,114.84514617919922,117.77102024417852,113.90666145029634,116.66691973726927,7819000
2019-07-22,115.93085479736328,115.9400576243712,114.73473999554214,114.7807471108815,4839700
2019-07-23,117.95502471923828,118.67269069024516,116.26206981529378,116.28046844698916,4055100
2019-07-24,117.7249984741211,117.97342562005005,116.65770238628623,117.50417980417232,3628300
2019-07-25,116.98893737792969,117.94582766907808,116.39088006849954,117.5961904932609,2663500
2019-07-26,116.64850616455078,117.36617214728632,116.2068687996517,116.93373058853558,4236200
2019-07-29,117.02574157714844,117.27416171058418,116.42768426814493,116.76811861811902,1829500
2019-07-30,116.36328887939453,116.76812900513822,116.20687592888439,116.45529608441817,1575400
2019-07-31,114.43112182617188,116.47370726872416,113.7410571845838,116.41850434370127,3221000
2019-08-01,114.17349243164062,116.05046910956145,113.64904358190545,113.87906513038054,4489800
2019-08-02,114.37589263916016,114.92794987531444,113.24419074838244,114.01705964747948,3268800
2019-08-05,111.07279205322266,113.24419575093984,110.55754609773032,112.67373985757357,5876200
2019-08-06,112.75655364990234,113.0325752663371,111.21080873088835,111.38562031538707,3497000
2019-08-07,113.66744232177734,113.95266677823044,110.61275662465007,111.25681411331841,3170800
2019-08-08,115.27757263183594,115.6548042312827,113.81463228157446,113.95264658174237,2976100
2019-08-09,116.0872573852539,116.61170616264053,114.75313539602291,115.54440997519565,2138300
2019-08-12,114.0446548461914,115.66400814265641,113.9066475644265,115.00154511138896,2918000
2019-08-13,116.22528076171875,116.39089654747549,112.7197548195178,113.96186970284332,3175700
2019-08-14,112.84855651855469,115.31438743698773,112.37010783693509,114.4127000106736,5626300
2019-08-15,112.60015106201172,113.17060705556298,111.4592460946101,112.84857827682472,3031700
2019-08-16,114.67033386230469,114.78074672692968,112.88537151225198,113.63063904429511,2343400
2019-08-19,114.45869445800781,116.06884488280379,114.40348452719108,116.02283777707297,3286700
2019-08-20,111.71687316894531,113.88827732675489,111.64326458264979,113.75026298237609,3641600
2019-08-21,112.71054077148438,113.22578671156448,112.24129492194031,112.71054077148438,2948300
2019-08-22,112.49893188476562,113.82385820371015,112.03888880398769,113.45582233514774,2322100
2019-08-23,108.3493423461914,112.29651260289896,107.70527785697273,112.25050548949051,4800400
2019-08-26,109.05780029296875,109.43503894953002,107.99969991300134,108.87378588762643,3170600
2019-08-27,108.34013366699219,109.80306713431362,107.51205480827272,109.57304561909707,3145800
2019-08-28,109.57305908203125,109.77547916344453,107.6224808859406,107.67768381007134,2327400
2019-08-29,111.09119415283203,111.51443291800855,110.37352811537187,110.83357116704632,1901300
2019-08-30,110.75076293945312,111.93767481390104,110.24471279231265,111.7628562140344,2366200
2019-09-03,108.20211791992188,110.6679488111516,108.12850935130022,110.28151435543711,3198700
2019-09-04,108.93819427490234,109.24182436881456,108.38614402577998,108.95659290800319,3746900
2019-09-05,111.02678680419922,111.91006860830387,109.95028776354351,109.95028776354351,5261100
2019-09-06,110.58514404296875,111.50523008836907,110.41032544803886,111.45922297821929,4552400
2019-09-09,110.33672332763672,111.70765666958266,109.96868748402909,111.52363523792891,5336000
2019-09-10,107.93529510498047,110.05149588326314,107.00601322433516,110.04229305700636,6196100
2019-09-11,108.5701675415039,108.66217475412444,107.42005983449646,107.76049424286279,3674400
2019-09-12,109.5086441040039,110.80596886937367,109.28782540638558,109.49024547074397,3733500
2019-09-13,109.67426300048828,110.38273324588643,108.83698827920868,109.71106728775442,3941100
2019-09-16,108.23892211914062,108.97499376537958,107.35564035547355,108.6989651431151,4280600
2019-09-17,109.5362548828125,109.6098564370971,108.11011859558647,108.47815444580932,3054700
2019-09-18,109.25101470947266,109.30622464541247,108.08250852428799,109.11300039917225,2844500
2019-09-19,108.37692260742188,109.96866733632405,108.20210403430485,109.13139278972373,1975800
2019-09-20,107.46603393554688,108.79095283358909,107.07039672509373,108.41372127182579,5301500
2019-09-23,108.7909927368164,108.95660853727985,106.82200878669599,107.06123316952113,5089400
2019-09-24,108.72657012939453,110.59434374418511,108.12851277488187,109.38903322856551,5128400
2019-09-25,109.60064697265625,109.8950742122056,107.70526503708942,108.44133664581234,2742900
2019-09-26,109.40743255615234,110.43792441111104,109.34301979551815,109.775461350238,3411200
2019-09-27,109.11299896240234,110.06069347014646,108.55175294205003,109.6098462611218,2909200
2019-09-30,108.82778930664062,109.71107117320963,108.69897780649724,109.5362595771295,2345800
2019-10-01,107.37403106689453,109.95027461898462,107.29122669814326,109.2142030270449,2841300
2019-10-02,103.8409194946289,106.55517072584608,103.7397094604086,106.50917063191865,4908800
2019-10-03,103.95174407958984,104.33041845996122,102.57556757578872,103.62847669698286,3529300
2019-10-04,105.6696548461914,105.78048293998187,103.99792495053123,104.05334604397363,2728200
2019-10-07,104.96771240234375,105.89131742647956,104.92152933251812,105.20785168165226,2556000
2019-10-08,103.94253540039062,104.96773778885093,103.48997080214427,104.21038176775446,3757300
2019-10-09,105.21709442138672,106.00215737036079,104.57981167513844,104.59828067720521,2365600
2019-10-10,106.23304748535156,106.94422730475384,105.22632138466032,106.0390912745729,2384300
2019-10-11,107.50762939453125,108.58824561352063,107.31367317931885,107.82165172967115,2860400
2019-10-14,107.49839782714844,108.06179750607487,107.08277834766724,107.26749655042606,1864400
2019-10-15,108.60673522949219,109.16090400277245,107.81244121732436,108.08951855741584,2379700
2019-10-16,108.44046783447266,108.97615338602337,108.12643846620786,108.64365501800043,2136700
2019-10-17,110.00135040283203,110.21378264619077,108.94844130185517,108.99462436892563,3005500
2019-10-18,107.84014129638672,110.81415106224826,107.75701316713283,110.58324977044595,6188500
2019-10-21,109.9552001953125,110.25998455126972,108.51437131371723,108.56979241652175,4259500
2019-10-22,109.54878234863281,110.23224803027338,109.2532290500953,109.60419639006284,3912100
2019-10-23,107.59075164794922,110.12143459013441,106.68562263368817,109.37330969861956,3921100
2019-10-24,107.51687622070312,107.96944075991777,107.26749889033634,107.54458324706657,2551300
2019-10-25,109.22552490234375,109.45642614310417,107.38754595237718,107.4706740632552,2325000
2019-10-28,109.52107238769531,110.18606905318875,109.05003190854642,109.57648642763768,2552700
2019-10-29,108.44970703125,109.75199357914056,108.13568468573025,109.06852074498424,2756300
2019-10-30,109.050048828125,109.14240792454093,107.93248755443328,108.468180178812,2264400
2019-10-31,108.32040405273438,109.17935707008033,107.96019863061004,108.79144462264607,2507400
2019-11-01,110.038330078125,110.32464545373945,109.14243184875848,109.3641021846041,2036600
2019-11-04,110.48163604736328,111.29440593569687,109.91823641624718,110.48163604736328,1956400
2019-11-05,109.69656372070312,110.79565593532881,108.76372773595818,110.68482079759065,2630000
2019-11-06,110.54629516601562,110.57400219119006,109.80740827747515,109.80740827747515,2420700
2019-11-07,112.01481628417969,113.07696347204593,110.92496207301602,111.08197323606615,2845000
2019-11-08,112.1903076171875,112.5043299548292,111.654614991925,111.76545013573539,1984600
2019-11-11,111.66384887695312,112.50432578508573,111.30364348110385,111.53454473724041,1704100
2019-11-12,111.65462493896484,111.96865435113006,111.21129841732315,111.63615593662477,2012400
2019-11-13,111.07274627685547,111.72850502261947,110.95267310949407,111.08197725392374,1807900
2019-11-14,111.69156646728516,111.73774954150066,110.647895227564,110.83261343133043,1990600
2019-11-15,111.5345458984375,112.06100048604796,111.19280949904056,111.73774013340069,2341500
2019-11-18,110.51859283447266,111.61767814350566,110.27845352851635,111.34983181119821,2617900
2019-11-19,110.83261108398438,111.24823055693025,110.70330693477686,110.84184910794137,1891000
2019-11-20,110.18606567382812,111.04501849932237,109.84432932938984,110.67557513576266,2544100
2019-11-21,109.72429656982422,110.34311034004412,109.4379741766321,110.17686112825614,2783800
2019-11-22,109.96443939208984,110.17687170119562,109.36410161365164,110.10298158963285,1629700
2019-11-25,111.38676452636719,111.38676452636719,110.03830203641314,110.03830203641314,2285400
2019-11-26,110.63866424560547,111.79317070899994,110.46317700827407,111.67310457356429,4596200
2019-11-27,111.13738250732422,111.1650895276744,110.23224657878905,110.83259119037955,2629700
2019-11-29,110.9434585571289,111.65463145677819,110.6294291266323,110.8972754787608,1961500
2019-12-02,108.30191802978516,111.16509195542325,108.1264308350064,111.11890888946678,5538200
2019-12-03,107.66463470458984,107.83088388666242,105.89131479351364,107.17512518141696,3792300
2019-12-04,108.92998504638672,109.48414668332866,108.06179401903093,108.34810933803229,2444100
2019-12-05,109.2440185546875,109.3825607397185,108.6067287314739,108.9022891510324,3128300
2019-12-06,111.39601135253906,112.16260527449333,110.74949060302804,111.02656790429803,3287600
2019-12-09,111.25746154785156,112.2457186523501,110.9342011952674,111.2389925476527,2885200
2019-12-10,111.66384887695312,112.19030345908261,110.86030996884091,111.24822238797903,2518200
2019-12-11,111.42372131347656,112.10718713047241,110.9249737021938,111.64538456964183,2015300
2019-12-12,113.27091217041016,113.66806258661383,110.87877869706594,111.38675719911001,2933800
2019-12-13,115.19202423095703,115.44139449672015,112.75370743585093,113.11391284559065,3919000
2019-12-16,114.23148345947266,116.67903847826372,113.91745404914556,116.0509867041575,3416100
2019-12-17,115.40444946289062,115.82007596794335,113.83432367904007,114.51778945061118,4325200
2019-12-18,114.76716613769531,115.51528397754807,114.60091694588944,115.47833892975261,3154200
2019-12-19,115.29362487792969,115.35827695225679,114.41619581600753,114.69328016115087,2543600
2019-12-20,116.16178894042969,116.63282942774163,115.29360509792002,116.2449170483301,5828700
2019-12-23,114.97960662841797,116.13411310083997,114.24995769226148,116.13411310083997,3031400
2019-12-24,115.21049499511719,115.75542565315874,114.87799660464547,115.40445121513443,953500
2019-12-26,115.82929992675781,115.85700694775413,115.01652306261761,115.43214951720199,1486600
2019-12-27,115.62612915039062,116.34654002852237,115.55223904839046,116.2264668511351,1788600
2019-12-30,114.80412292480469,115.87550123423746,114.69328777008485,115.63536192228518,2306500
2019-12-31,114.97960662841797,115.05349673382457,114.32384779766807,114.79488841144976,2340400
2020-01-02,116.63854217529297,117.02779902659239,115.13712087143259,115.53564776327794,2708000
2020-01-03,115.48006439208984,115.9434675454056,114.86837590661797,115.22055975758839,2090600
2020-01-06,114.97959899902344,115.07228529521856,114.10840579675674,114.34010739530127,2855200
2020-01-07,114.37718200683594,115.2947183692914,114.33083885812768,114.43278812850848,2042300
2020-01-08,116.35125732421875,117.11123816540474,114.73861643115978,114.97031799336247,3458200
2020-01-09,118.45510864257812,118.51998479948087,117.13904541913924,117.23172463314734,2787100
2020-01-10,117.96389770507812,118.78875469726053,117.63024689127732,118.2419424069023,2789200
2020-01-13,119.13166046142578,119.5116543902696,118.28827051235905,118.48289896214368,3285700
2020-01-14,119.37266540527344,120.56823942136023,118.94632824504386,119.20583290189903,3836000
2020-01-15,120.31800842285156,120.33653436784962,119.04827409334662,119.27071271080816,3187200
2020-01-16,120.99458312988281,121.34675995927874,120.21606911718371,120.94823997966274,2424500
2020-01-17,121.89356231689453,122.20867304875195,121.21698357021457,121.8286790910727,3659400
2020-01-21,120.97603607177734,122.17162422563337,120.84628374380273,121.51358547108445,3102700
2020-01-22,121.86576080322266,122.58866855813595,121.3467374159017,121.3467374159017,2483800
2020-01-23,121.75454711914062,121.93991970489483,120.61457925485468,121.65259785375292,3841000
2020-01-24,125.22084045410156,128.0198003494771,124.05306922768756,126.37934870560427,8612500
2020-01-27,121.07798767089844,122.31990485427394,119.43753638124966,121.55065384434761,6432400
2020-01-28,122.7554931640625,124.07155642972693,121.54137915836921,122.33843315215945,3712700
2020-01-29,122.0418701171875,123.38575082254687,121.81944561352655,122.78331812726123,2518400
2020-01-30,123.4691162109375,123.57106545293061,120.89259624995489,121.17990389322468,2428500
2020-01-31,120.36432647705078,122.57012993822228,119.9102004528859,122.49598373914728,3522600
2020-02-03,121.41162872314453,122.54233357237958,120.90188241538411,120.9945687047741,2721900
2020-02-04,122.19943237304688,123.58036489070682,122.07894301278897,123.15404185616052,2547500
2020-02-05,123.82131958007812,124.00667800007811,121.68038528196429,123.66375007404014,4084500
2020-02-06,123.4969482421875,124.51644090133917,123.36719591665391,124.34034542912727,1708600
2020-02-07,122.171630859375,123.03355405444825,121.72675358906893,122.86673568454137,2885600
2020-02-10,122.56087493896484,122.80183949517688,121.73601786576928,121.97698242198132,1816500
2020-02-11,122.92230987548828,123.86764200993967,122.63500221843304,123.2930266958292,1733300
2020-02-12,123.48767852783203,123.9325415993824,122.82963982158827,123.62669381833463,1715400
2020-02-13,124.61836242675781,124.81298380076336,123.3208253183155,123.4042344786036,3178300
2020-02-14,125.92518615722656,126.38858937604842,124.68326892485057,124.85010143743727,2360300
2020-02-18,125.6749267578125,126.74074823426787,125.06323126989221,125.92515425037415,2428200
2020-02-19,126.90757751464844,127.36171768431575,126.15686668829716,126.32369917300942,1785000
2020-02-20,126.58320617675781,127.93633545554538,125.02616423863164,126.42565080275881,2541700
2020-02-21,125.02618408203125,126.29591853133431,124.09011466137281,126.23103529189117,3106100
2020-02-24,118.80730438232422,121.37456184757804,117.91757116394919,119.95653516788285,6329300
2020-02-25,112.0508804321289,118.62193354953655,111.13334419671739,118.36242892303395,7628100
2020-02-26,109.82654571533203,113.46889472948948,109.79874265789869,112.39379603559405,5268000
2020-02-27,104.55302429199219,108.88121541196776,104.5252212322596,107.41685965096482,8279800
2020-02-28,101.88383483886719,102.90332053475763,99.16829161734765,101.06824769634926,11362100
2020-03-02,105.5354232788086,105.64663549605913,100.64188066165259,102.97743621749501,9851600
2020-03-03,100.1043701171875,107.88027593677103,99.16829359034101,106.601278465978,9285000
2020-03-04,107.23147583007812,107.31489206600826,101.25357859496486,102.18038480636042,7470900
2020-03-05,102.81990814208984,104.34913310277196,101.67066307180824,103.45013680060907,12060600
2020-03-06,100.31752014160156,100.80872638944403,96.19323459747947,97.99124122932984,9897700
2020-03-09,91.09579467773438,94.01523602032452,89.84460755118748,93.48695669707269,12266300
2020-03-10,95.73909759521484,95.80397375607085,90.31727485822553,94.46937036592317,9793200
2020-03-11,88.3987808227539,93.57036158452932,86.99930842500682,92.9586731139915,8822900
2020-03-12,77.41613006591797,83.05111413670203,75.82202207883041,81.24384465771962,12206600
2020-03-13,92.3099136352539,92.75478380696063,78.12978032506012,83.76475771719251,12680400
2020-03-16,79.58488464355469,86.35983857202078,74.4874483848028,76.40593774843958,15072400
2020-03-17,80.24288940429688,82.43015279036196,77.12881973840662,81.1974987411615,10512200
2020-03-18,68.35196685791016,75.55324893293319,62.096024128542105,74.16303943751807,14359300
2020-03-19,71.42897033691406,72.1889513166702,64.68182074669434,67.23053839564102,12330400
2020-03-20,68.69486999511719,76.40589638767517,67.24904768522116,73.19914816204813,12208600
2020-03-23,63.91256332397461,69.89973133500409,63.13404940503476,67.49003630417978,8907600
2020-03-24,77.8980712890625,78.56536587641531,66.45200798220463,68.12953217076009,10593900
2020-03-25,83.57015228271484,89.39976684457997,79.07514153319899,81.19752956829254,11046500
2020-03-26,86.46176147460938,92.39332327048429,84.19108177341462,85.48861202110149,9459400
2020-03-27,82.23553466796875,85.23838541258492,79.53852466024162,81.50335676625903,6999800
2020-03-30,83.66278839111328,84.70081382890369,79.02875762217897,82.03161465154666,5565000
2020-03-31,79.3438949584961,84.24670156963397,78.84341866351154,83.35696829109641,6075900
2020-04-01,72.14260864257812,75.3586280648786,71.36409464056572,74.74693950200769,8313400
2020-04-02,71.44364166259766,73.73624908088102,70.6701176531476,71.81641780716468,8338100
2020-04-03,68.59185791015625,71.44364385323117,67.66922483663907,70.82855039738676,10023100
2020-04-06,78.16304016113281,78.51718037345371,73.38210818842673,74.76140421845251,11253000
2020-04-07,81.62057495117188,86.95135570698648,81.47145882166033,85.2085982721245,8693200
2020-04-08,85.81437683105469,86.67177331219949,82.12383765937801,83.13966470785955,6122800
2020-04-09,88.36793518066406,91.19175649038944,87.10047635164057,88.15358249344345,6902500
2020-04-13,84.1834487915039,87.0631846843833,81.95607818205237,86.94203316324622,5037700
2020-04-14,82.37548828125,86.20582326769413,80.06424424457033,85.23658937448126,8703200
2020-04-15,78.08847045898438,79.58891781220892,75.19009131904744,77.75296626135349,10415600
2020-04-16,75.81451416015625,78.22828055395732,74.86392348542293,78.08848592554796,7526600
2020-04-17,81.44351959228516,81.44351959228516,78.54513994461132,79.51437367308505,8269000
2020-04-20,78.29350280761719,79.46776040730838,77.06332310062008,78.834031036416,6140400
2020-04-21,75.97295379638672,76.84899360244971,74.06245068157511,75.23671574562218,7360300
2020-04-22,76.92352294921875,77.96731451723754,76.39230918474676,77.9113924139653,5130300
2020-04-23,76.84896850585938,79.01110269771776,76.1500026191347,77.57589189041325,5807200
2020-04-24,77.51065826416016,79.01110565939221,75.77722223128646,78.40533377947418,9125400
2020-04-27,79.27204895019531,79.35592855406465,76.73713152601319,77.79024468090795,7785000
2020-04-28,82.1890869140625,82.90668890145975,80.34381348750519,81.60195090503287,7165900
2020-04-29,89.57947540283203,89.8311000070279,84.7053498963612,85.50683139157628,9396500
2020-04-30,85.04086303710938,87.89264203189579,84.96630495757579,87.37074969566031,6553700
2020-05-01,82.31023406982422,83.00920005448994,81.22917037753776,82.10520291001566,4620200
2020-05-04,80.50220489501953,81.4248447143295,79.2347465565957,80.23193731150671,4875400
2020-05-05,80.8377456665039,82.69234056958419,80.48360545342693,82.01201053549573,4410300
2020-05-06,78.2842025756836,81.78835458660822,78.15372947354417,81.53672281087451,4723400
2020-05-07,80.82842254638672,81.42487289913305,79.15090148538201,79.49572723410216,4627600
2020-05-08,83.40991973876953,83.55903585736677,81.59261148241505,82.47796532828049,3913100
2020-05-11,79.523681640625,81.68581586280433,79.49572414240373,81.54602126144923,5917600
2020-05-12,77.48269653320312,81.32235163150621,77.44541749998676,80.24128099897725,5504900
2020-05-13,72.72041320800781,76.54142548347377,72.13328439466456,76.42027395031536,10681600
2020-05-14,78.10710906982422,78.19098867720093,70.82854626211545,71.68594274724973,10625100
2020-05-15,76.62532043457031,77.71570578208015,75.69336568758746,76.85830912131603,6618600
2020-05-18,82.39409637451172,82.94394608734012,80.07352467358834,80.81909107802325,7781700
2020-05-19,81.32238006591797,83.72681811197387,80.71660800727848,82.40344396619292,4920600
2020-05-20,84.55624389648438,85.12472966044973,82.72960662540974,83.1117114239226,5218500
2020-05-21,83.71748352050781,85.2086094601687,83.05579660697859,83.9784296711673,6241900
2020-05-22,83.25151824951172,83.8293256351061,82.20772638580034,83.60565848940023,3734500
2020-05-26,87.90196990966797,89.06691332296947,86.56927436044104,87.54782967171442,6559400
2020-05-27,94.34176635742188,94.77046461597008,90.2132072356704,93.19545908220113,11007700
2020-05-28,91.38745880126953,95.48806014925051,91.34086534098776,94.63066368937915,9268200
2020-05-29,88.60093688964844,90.50212541338526,88.21883914339641,89.00167771244959,7710900
2020-06-01,90.16661071777344,91.39679054858269,88.12562779678893,89.05758242953078,4269500
2020-06-02,92.32874298095703,93.65211682145207,91.48998240942869,91.89072317636727,5433800
2020-06-03,98.22801208496094,98.66603186597429,94.71453941062968,95.78628857710405,7301000
2020-06-04,99.29044342041016,100.11988244127286,96.20567598574655,96.42934309771253,5841600
2020-06-05,102.26338195800781,108.04149766619904,100.71633390044248,106.34534056913006,10097600
2020-06-08,105.93526458740234,105.9725436200265,103.11144363592093,104.29502981343032,6795200
2020-06-09,102.9437255859375,104.19254870594115,101.27552565316631,102.5895853242727,5517400
2020-06-10,98.93629455566406,102.82254317009026,98.74989938683447,102.51499647420796,5747400
2020-06-11,91.8907241821289,95.98200439832259,91.45270437274493,94.00626515293034,8601200
2020-06-12,94.76114654541016,96.45730367833909,91.4061113177787,96.18703598388481,7251100
2020-06-15,96.8766860961914,97.61293114627402,90.97741837836477,93.19546795602827,6472400
2020-06-16,98.43304443359375,101.63896332562899,95.86084782454586,101.60168428952696,6706000
2020-06-17,96.8860092163086,98.89903476995778,96.76485766567696,98.47965089115584,4408200
2020-06-18,95.20849609375,96.44799044784463,94.37904986471281,95.1898530179064,3645700
2020-06-19,94.07149505615234,97.13762639530525,92.56172611737598,97.13762639530525,7589500
2020-06-22,92.6735610961914,93.66143062652489,91.28494372175234,91.33154429253173,4799900
2020-06-23,92.65492248535156,94.73318432385656,92.4964919134709,94.07149742637044,4364800
2020-06-24,88.98303985595703,91.58318726954403,88.535698461536,91.00537989330259,5958300
2020-06-25,91.19175720214844,91.4433889286866,87.38006625867601,88.17222625543623,5195400
2020-06-26,87.06318664550781,89.74722012406585,86.15918965364618,89.40239440348763,10489400
2020-06-29,88.08834838867188,88.91779454976177,86.98864164224037,88.013797422155,4962400
2020-06-30,88.72207641601562,89.09485968369626,87.20299295476016,87.75284987439521,4367100
2020-07-01,88.04801940917969,90.7723083922232,87.66418092722478,89.17143622110301,3301000
2020-07-02,88.3101577758789,91.08125902778391,87.86078672360567,90.59443979261204,4239700
2020-07-06,90.41657257080078,91.65233407357321,89.72379188010974,90.35104003438522,4059600
2020-07-07,87.07437896728516,89.42419305044065,86.71862487186034,89.34930384206992,5564200
2020-07-08,86.97139739990234,87.15863113271874,84.92115445577019,86.10074697153888,6382100
2020-07-09,84.79011535644531,87.26163852684925,83.86329595317164,86.60631311898126,4484500
2020-07-10,87.28035736083984,87.355246583797,84.08796942225736,84.55606099266461,4400900
2020-07-13,87.58928680419922,89.64889386864462,86.85906514355871,88.22589158520815,4819700
2020-07-14,88.7876205444336,89.14337476884312,86.40035742029555,87.24292381690792,4044400
2020-07-15,91.14678955078125,91.53998474877412,90.23869077743318,90.49146422079316,5405600
2020-07-16,90.17315673828125,91.5493470507803,89.5646362891647,90.34166998353645,2666000
2020-07-17,89.10592651367188,90.36977253639627,88.94677706734984,90.2012592571989,2861600
2020-07-20,88.001220703125,89.27443042512428,87.60802547376048,88.75017011930493,3560100
2020-07-21,90.18252563476562,91.2404100356432,88.68463400531178,89.17144610644277,4227100
2020-07-22,90.37910461425781,91.19358636795937,89.29312894265573,89.69568790471385,4360300
2020-07-23,90.50082397460938,91.53998784915062,89.4148552277754,89.4148552277754,4239800
2020-07-24,89.24633026123047,90.95018309580273,87.34587984680485,89.21824591303852,4790300
2020-07-27,89.67697143554688,89.85484849315019,87.66417653441047,88.60035954493814,3501800
2020-07-28,88.39439392089844,90.14505863833222,88.16971200899818,89.64888280923574,3567400
2020-07-29,90.51954650878906,90.57571520936213,88.413134527176,88.66590082226506,2791700
2020-07-30,88.60973358154297,88.73143481562641,86.59693844856083,88.6378179322922,3856300
2020-07-31,87.36461639404297,88.42250084425754,86.34418012912506,88.29143576697471,4088200
2020-08-03,87.57056427001953,88.37568227284122,86.54076433275061,87.35523902356307,2869000
2020-08-04,87.2428970336914,87.8139692414945,86.58756464083874,87.52374765133438,2415100
2020-08-05,89.30249786376953,89.48037492348607,87.8233269753606,87.8326908054798,2844900
2020-08-06,89.7986831665039,90.12634583003944,88.45058433045624,89.1059096575273,2698800
2020-08-07,92.83193969726562,92.96300478820474,88.89060170862916,89.20890774556115,4690700
2020-08-10,95.13494110107422,96.09920867196722,92.92554813712995,93.14086627727498,5254800
2020-08-11,96.6702880859375,98.95457044624752,96.38943024320932,97.35369788472487,4744000
2020-08-12,95.19110107421875,98.11199501511514,94.25491794293907,98.07454683276269,3407800
2020-08-13,94.01150512695312,95.33152672550372,93.150218389713,94.1144858392873,3265400
2020-08-14,94.00216674804688,94.82600546467502,92.93491123575114,93.30002928674092,1956500
2020-08-17,91.32467651367188,93.61832255937202,91.22169578745567,93.54342618712184,7488500
2020-08-18,90.50082397460938,92.52298301993632,90.31359020041717,91.92382637150848,3337300
2020-08-19,90.70677185058594,91.66168252672969,89.7705888345679,90.64123932516506,3079600
2020-08-20,90.5476303100586,91.35274834510541,89.57399903180408,89.63016773203658,3102500
2020-08-21,90.01400756835938,91.41828223512782,89.83613049163208,90.33230639775527,2845100
2020-08-24,92.9910659790039,93.02851415887358,90.23868546991821,90.51017941709081,4141100
2020-08-25,92.72894287109375,94.35789953473967,91.77403206851783,94.19875011514719,2946600
2020-08-26,92.12042236328125,92.81319588666831,91.56807059682293,92.27020795150875,2936500
2020-08-27,95.05066680908203,95.62173905831844,92.24211757382496,92.45744282456576,3992100
2020-08-28,95.99623107910156,96.33325761968445,94.31109837618713,95.63112018388867,4382900
2020-08-31,95.10682678222656,96.33323135934091,94.89150869375104,96.33323135934091,4665800
2020-09-01,95.9306869506836,96.22090143682263,93.76810619523877,94.1238532151031,3142500
2020-09-02,97.73751068115234,98.17751785219859,95.76216389784454,96.03365783620308,3536900
2020-09-03,97.79369354248047,102.07205036386495,97.22262123468535,98.27114896133608,6747900
2020-09-04,98.92647552490234,101.36991421113301,97.81242239075708,99.56308037691859,5235100
2020-09-08,97.05410766601562,98.37412936611085,96.7077244638003,97.75624504457416,4517000
2020-09-09,97.1570816040039,98.0277321783392,96.1366454468045,97.89666711489177,2474700
2020-09-10,96.21153259277344,98.40220472782856,95.78088923037168,97.54091800302506,3288900
2020-09-11,96.7638931274414,97.2226208813354,95.50004727507422,96.34261355748926,2604400
2020-09-14,100.42436981201172,100.81757218859066,97.56901530650609,97.97157437257876,3620100
2020-09-15,99.87200164794922,101.2201074390044,99.46007884679138,100.95797020212525,3371500
2020-09-16,99.21666717529297,100.630298215827,98.00899037365484,99.91880435234941,5798900
2020-09-17,97.9809341430664,98.6268956743983,96.72644497933682,97.61581613512564,3215300
2020-09-18,96.83877563476562,99.3477464596748,96.71706726874703,97.7936791898199,6630300
2020-09-21,91.90508270263672,94.20809200816596,90.07952872340908,94.1800076611793,8339900
2020-09-22,92.19532012939453,93.41235394383429,90.25742128671916,91.7553129043046,4884400
2020-09-23,89.46165466308594,90.90337749278011,89.02164746371373,89.64889556840933,9427200
2020-09-24,89.35867309570312,90.71614286189465,87.72971651878343,89.25569238438825,4249000
2020-09-25,90.11698913574219,90.66933374816564,88.43185666265128,88.63781809186355,2775600
2020-09-28,92.51363372802734,93.36556396226676,92.33575661483191,92.68214700828834,3930900
2020-09-29,91.51190185546875,93.00979344966485,91.02508976579647,92.43872116336033,3200400
2020-09-30,93.85235595703125,95.04130535363278,91.96126923406788,91.96126923406788,5060900
2020-10-01,94.86344146728516,95.00387037000976,93.02852332787955,93.92725830580206,4179300
2020-10-02,95.12556457519531,96.55792356354029,92.33573581757787,93.41234780217047,3783300
2020-10-05,97.26005554199219,97.43793260535588,95.74343644451967,96.73579532472209,2863200
2020-10-06,95.26599884033203,98.57072419956174,94.85407597090604,98.30859406174903,3309200
2020-10-07,96.7826156616211,97.50348071810501,95.85579630293839,96.24899152874184,3048400
2020-10-08,99.706298828125,99.78150801780586,97.82611212016205,98.07994134224919,2922600
2020-10-09,99.96952056884766,100.78740434225904,98.93541934756364,99.64048934012222,3511300
2020-10-12,100.22334289550781,100.59938163350023,99.6498854338464,100.08232747221786,2626700
2020-10-13,98.71920776367188,100.2045498519116,98.48418441885849,99.54648735537143,2602600
2020-10-14,98.53118133544922,99.90371676043426,98.48418097153771,99.06703425597313,2826300
2020-10-15,98.17394256591797,98.60638461865591,96.84840758423513,97.2432522170329,2699300
2020-10-16,98.62518310546875,99.34905172868993,97.95771060792889,98.38075686013057,2394300
2020-10-19,96.33137512207031,98.91663206000202,96.12455341946078,98.83201992150553,3196500
2020-10-20,96.96122741699219,98.34316578723963,96.66980077402735,96.77321161617805,2954700
2020-10-21,95.35367584228516,97.19625808412357,95.2878695898032,96.98943638422496,2588400
2020-10-22,98.51239013671875,98.57819638908755,95.48528818306647,95.60749774536752,3748800
2020-10-23,94.93062591552734,97.43127039883039,94.00933131283078,94.60158751805821,8921200
2020-10-26,91.07624053955078,94.10334225330583,90.04213929613175,93.7931097285772,5731500
2020-10-27,89.24305725097656,91.84711253600231,89.21485559955295,91.77191052298689,3780300
2020-10-28,86.11255645751953,87.96454165582833,85.5485018359272,86.45099066494366,7037800
2020-10-29,85.6142807006836,86.70479216960257,84.7305908670659,85.9339160931514,5419500
2020-10-30,85.77411651611328,85.84932570658951,83.77172023300002,85.36048031318035,4736300
2020-11-02,87.80473327636719,88.49099750658452,86.7424230438684,87.39108984620171,3572900
2020-11-03,90.52159881591797,91.04804885075998,88.74482277598237,89.07385404775863,4004300
2020-11-04,90.625,91.95993083012165,87.29706869407008,88.36877453485427,4545500
2020-11-05,92.23255920410156,92.4299779470527,91.03863663228928,91.3864737540659,4197300
2020-11-06,90.89763641357422,92.7308157406335,90.50279172037833,92.61800194652844,3126300
2020-11-09,110.3387680053711,112.63259108790238,103.58889691895881,103.91792818363096,17261700
2020-11-10,109.00381469726562,112.70778457508744,108.22354271331763,111.48566042252759,7056800
2020-11-11,104.46316528320312,109.05081779458735,103.69228909947991,108.98501155350154,5642700
2020-11-12,104.44437408447266,105.4032733577745,102.98723363491415,103.2410556941156,4941200
2020-11-13,108.1013412475586,108.71240341005829,105.48788266601656,105.61009222957904,4811500
2020-11-16,111.56088256835938,113.17784437135121,109.7559049534425,111.96512301910732,5339100
2020-11-17,109.5020751953125,110.73359517327162,107.3022530541867,109.96271892279948,4023200
2020-11-18,107.3962631225586,111.64548911378434,107.34926275810258,109.93451949050578,3264300
2020-11-19,107.30226135253906,107.92272644649381,105.78871038711513,106.96382715080803,3249800
2020-11-20,105.8357162475586,107.678298443116,105.19645245135757,106.92622085734655,3702300
2020-11-23,109.13543701171875,109.78410373889174,106.90742029202595,107.3962656936616,3022900
2020-11-24,113.1778335571289,113.60087267971029,110.82760027091501,111.8711044237814,6163400
2020-11-25,113.35645294189453,113.73249170003378,111.16603381015044,112.34115044662138,4646600
2020-11-27,113.36585998535156,114.39996846616427,112.61378956662098,113.30945667634123,2447700
2020-11-30,111.48567199707031,114.2025485005171,110.93102033810462,112.83940877770215,3517700
2020-12-01,112.74539184570312,115.22723762991833,112.67018265894683,113.11202766571155,3583400
2020-12-02,115.0016098022461,115.49045513985173,111.7770896451862,112.13432250065406,3271900
2020-12-03,115.74430084228516,116.52457290556671,114.80420745160744,115.49047161028989,4285100
2020-12-04,117.54928588867188,117.81251090718642,116.43057238764126,116.90061911280118,5048600
2020-12-07,116.51517486572266,117.38946198891324,115.28364767073475,117.05102780107539,4253700
2020-12-08,116.12033081054688,117.08863301395326,114.71019074456918,115.13323706776845,3623000
2020-12-09,114.39995574951172,116.53396438052788,113.7606920198621,115.89470065087826,3622800
2020-12-10,114.54096984863281,114.813597779689,112.52917066172176,113.48806989127706,2818800
2020-12-11,113.02742767333984,113.28124972436014,111.72069130617952,112.91461388825131,2942800
2020-12-14,110.32938385009766,114.49399872385284,109.66191826457778,114.43759540383127,5336300
2020-12-15,111.96510314941406,112.16252186860382,108.63717222805336,111.67367654094473,4528900
2020-12-16,111.87110900878906,112.42576064434326,111.19424064704334,111.80530276097174,2943700
2020-12-17,111.85230255126953,112.50096204273393,111.36345002504488,112.2565429519642,3746700
2020-12-18,110.4703598022461,112.20953088006495,109.66187903355758,111.48565506114178,8394100
2020-12-21,109.436279296875,110.93102440331333,106.90742568270035,108.83461290494493,4528300
2020-12-22,107.68770599365234,109.29526490899259,107.52788465850523,109.22945865534744,3632300
2020-12-23,109.94391632080078,111.10963725910997,108.84400880358261,108.84400880358261,2725200
2020-12-24,110.3199462890625,110.40455841488958,108.88160470108552,109.9251088281164,707000
2020-12-28,111.26947021484375,112.2001607965218,110.55499712744569,110.97804351718618,1878700
2020-12-29,111.06262969970703,112.20014181203184,110.93101720223758,112.09673096797111,1860400
2020-12-30,112.2753677368164,112.76421320422834,111.07204919640773,111.16605711256261,1954200
2020-12-31,113.66667938232422,113.80768763329277,112.02151617916238,112.53856316817925,1747800
2021-01-04,110.9686279296875,114.50338118988765,109.84991446703403,114.03333448085256,3472100
2021-01-05,111.56088256835938,112.13434011877726,110.08493621048305,111.17544800221,2112700
2021-01-06,115.68787384033203,117.25783502953955,113.57266401337905,113.75128402724908,5861500
2021-01-07,114.77279663085938,118.57465604558917,110.70678204900224,117.07466265017294,8696600
2021-01-08,114.88600158691406,115.28222355101015,112.75393875548018,115.15958547569255,2934500
2021-01-11,114.20674896240234,114.53694109857987,112.63128997103654,113.60298016095088,3311000
2021-01-12,114.73507690429688,115.39544692465192,113.88602459420225,115.09356245856199,2671300
2021-01-13,115.47090148925781,116.87655013633041,114.30110026875742,114.7161868452298,3678300
2021-01-14,116.77276611328125,117.45200779186904,115.17843535090114,115.70673843285364,3404700
2021-01-15,115.23505401611328,115.90485984360862,114.81996024231641,115.54637434646094,3948200
2021-01-19,119.57463836669922,120.81047650737067,117.20672832536272,118.38596539012306,5818500
2021-01-20,121.64067077636719,122.20669596195988,119.87652943821843,119.98973879383232,4090200
2021-01-21,120.21614074707031,121.59348874212034,118.9614308127297,121.02744920655891,3654900
2021-01-22,118.99919128417969,119.86710819092737,117.81051809602943,118.62183391679147,2954800
2021-01-25,114.29165649414062,117.92370517400151,113.50864136438723,117.20672703124589,6156700
2021-01-26,109.57472229003906,113.48035532871435,109.16906440450067,112.0275342316116,8932500
2021-01-27,107.63134002685547,110.18793274714491,105.75399631922875,108.3577542115481,5816900
2021-01-28,112.23507690429688,113.56525267585906,109.99924066157402,110.78225586190437,5788500
2021-01-29,109.6784896850586,111.6879071759895,109.25395999712065,111.074702425074,5059300
2021-02-01,110.40489959716797,112.5369624147577,110.37659905670094,111.0369689925731,3359800
2021-02-02,113.86713409423828,115.48976553244817,111.58413274396261,111.59356865627561,4036700
2021-02-03,113.62187957763672,114.13131097710644,112.79169187591114,113.2822586446569,2782500
2021-02-04,117.82936096191406,118.31049166701494,113.96146509122896,114.14070421862625,3915900
2021-02-05,119.1312484741211,120.13123923873533,118.51804373832304,119.45200471026604,3184200
2021-02-08,120.74444580078125,121.13123183544752,119.57464458698354,119.68785394218675,3360900
2021-02-09,119.50861358642578,120.43313870653184,119.05578334040612,120.42370279375218,2175000
2021-02-10,120.9708480834961,121.41424236067867,119.65953707512179,120.4048157456533,2929100
2021-02-11,121.04634857177734,121.81049204216478,119.79164554944208,120.23503273019595,3733000
2021-02-12,122.28215789794922,123.07461611867689,120.75387132044447,120.93311765138307,2873300
2021-02-16,123.28218078613281,123.49917081971549,120.98975032121925,121.6123910876107,2730600
2021-02-17,121.28219604492188,123.7350153973869,121.16899387003436,122.71615263843928,3088800
2021-02-18,121.2161636352539,121.53691272053067,118.94259070523054,120.27276661401525,2269700
2021-02-19,124.25386810302734,125.8104554049319,122.15954174356506,122.15954174356506,3419500
2021-02-22,128.2538299560547,128.74439664258443,123.93310329754554,124.06517728295914,3923100
2021-02-23,129.1877899169922,130.4802292205642,126.67836981948597,128.74439559920032,4814400
2021-02-24,131.97079467773438,132.97078553322385,129.06515245150928,129.43307388692494,4099500
2021-02-25,129.31988525390625,132.67835089172354,128.65007211165104,132.65947906370573,3607500
2021-02-26,127.60291290283203,130.42365389069244,126.2161285959396,129.33876126189324,3654800
2021-03-01,130.8576202392578,131.8576112367576,130.30100925433922,130.35761034552033,2972100
2021-03-02,131.36703491210938,132.2538236628288,130.26327052929472,130.4142163581377,2929100
2021-03-03,134.51795959472656,136.08399025102577,132.07458325922778,132.07458325922778,4393700
2021-03-04,134.60287475585938,135.95192990582873,132.02742415408522,134.1028792205879,4461700
2021-03-05,138.9896240234375,139.58396421692674,134.03682746432392,136.4707749293438,5048300
2021-03-08,141.76319885253906,142.88583509356963,138.41416195731824,138.94245797780627,4283400
2021-03-09,136.88584899902344,140.64053591328863,135.95188802903712,140.16884107096945,5806100
2021-03-10,138.44244384765625,139.89525770824372,137.2066055958935,137.45188174521775,3049800
2021-03-11,139.3858642578125,139.4519084635019,136.9141872103646,137.73493185543572,3147700
2021-03-12,140.13108825683594,142.11221222299082,139.64053601729816,140.65939853746497,2420100
2021-03-15,138.66885375976562,140.4895889261969,137.7631933363443,139.65940140430934,2586300
2021-03-16,135.18777465820312,138.92359057639368,134.73495153978342,138.9141618596513,4031000
2021-03-17,136.48963928222656,136.62172768302077,133.86701659906424,136.56511219911454,3278500
2021-03-18,134.50851440429688,137.26321079035455,134.0273908064017,137.25378207490047,3173600
2021-03-19,132.74436950683594,133.90473479400626,131.82928035667382,133.86699114524544,5098300
2021-03-22,132.0274200439453,133.00855364883188,130.9519560814658,131.59346873004364,2274100
2021-03-23,128.37646484375,131.6028557079005,127.48024755842768,131.07455980897296,4905400
2021-03-24,130.58399963378906,132.11228633071096,129.81985628532811,130.15947715075345,2638900
2021-03-25,134.22547912597656,134.46132654001505,129.01796419341164,130.14060018743217,2766400
2021-03-26,135.5933837890625,135.8292311901264,133.0651065592493,135.60282689789415,2687500
2021-03-29,134.3103790283203,134.97076329519783,132.36699866461095,133.94245764290915,2220600
2021-03-30,135.3670196533203,136.30096642579863,134.5368319489065,134.81040868150436,2034500
2021-03-31,133.83413696289062,135.55625986413276,133.74898013311469,135.29131787932627,2957300
2021-04-01,136.7957763671875,136.85254756586056,134.56268444379796,134.6856838948396,2629200
2021-04-05,138.20567321777344,139.5493114909999,137.77987469513,139.00997054585238,2960100
2021-04-06,138.2908477783203,138.65041808005608,136.61603907848303,138.12999117971614,2851200
2021-04-07,139.21812438964844,140.38197739387869,137.8839433340728,139.49252335682823,2399500
2021-04-08,139.13296508789062,139.24652194461896,136.89987274893434,138.9058802509391,2295600
2021-04-09,139.8332061767578,140.4577184850776,138.8018238252408,140.24009065821062,1783400
2021-04-12,139.63450622558594,139.8237484409981,138.5368811626377,139.34116418770324,1869000
2021-04-13,138.1394500732422,138.71664813946362,136.10505681900113,138.66933398224802,2132100
2021-04-14,139.49252319335938,140.75100449555686,137.8650146249725,137.96909997893624,2141800
2021-04-15,140.54281616210938,140.59958735928785,137.67575519860054,139.57766249532685,2901200
2021-04-16,141.9243621826172,142.35961780952888,140.6942661948909,141.65942020843056,3480000
2021-04-19,140.55233764648438,141.47017759028418,139.8521399759713,141.16739292044895,2259100
2021-04-20,137.29730224609375,139.56823728078504,136.73901832389845,139.2938382857422,2526700
2021-04-21,139.26544189453125,139.45469851759597,135.32915536039107,136.25645217274467,2161700
2021-04-22,139.2465362548828,140.91188779610206,138.0258973778139,139.63449214221504,3247300
2021-04-23,136.5686798095703,137.18372039157666,133.1149492940533,133.928703513558,6395300
2021-04-26,142.25552368164062,142.9935783412306,137.73256740845957,138.90589210644418,4821100
2021-04-27,142.27442932128906,142.76647049453123,140.84563439001548,142.59614244145638,2692100
2021-04-28,144.33718872070312,145.2077286288529,141.4038992013543,142.5772092337934,2584500
2021-04-29,146.31483459472656,146.74063312651919,143.9114140528913,145.5767799560851,2636000
2021-04-30,145.10365295410156,145.75653627137825,144.28042713970575,145.3402092749017,2712700
2021-05-03,146.4756317138672,147.65841295438898,145.72810588443878,146.2769181126306,2726200
2021-05-04,146.22018432617188,147.3651232127,144.62106136981285,146.17287017679857,3025100
2021-05-05,147.98016357421875,148.30187668817777,146.02148485029073,146.54189717770922,3001600
2021-05-06,148.44384765625,149.03995984940943,145.73764239308125,148.4249191052477,2798800
2021-05-07,150.430908203125,150.6958501568132,146.98664836692484,147.24213326450047,2617800
2021-05-10,150.14703369140625,152.0489559117834,149.97672005640405,151.1595017603189,2987600
2021-05-11,146.1255645751953,149.3048821264913,145.38751000420268,148.04641519670415,3900100
2021-05-12,144.11009216308594,147.51649401485415,143.89246442291113,146.39995527650092,3487400
2021-05-13,145.79437255859375,146.48511287402877,143.64643742959723,144.2141782937835,2269700
2021-05-14,148.69931030273438,149.44683642634678,146.22020446720416,147.03395885846072,1892700
2021-05-17,148.42489624023438,148.91693742271667,147.49759951952876,148.60468135142514,1541400
2021-05-18,146.6554412841797,149.7874442224371,146.53242739436595,148.89799027078394,2417800
2021-05-19,146.40943908691406,146.45675324035972,143.56130608381784,143.8924907196848,3526800
2021-05-20,147.16641235351562,147.84769569031673,145.65244617434615,147.1096411484908,3031100
2021-05-21,148.43438720703125,150.2700669579942,147.9423603503904,148.27353060717692,3424100
2021-05-24,150.10916137695312,150.36464621724082,148.51003851903252,149.21970740119252,1956900
2021-05-25,149.5131072998047,151.47180129345526,149.2576367740517,150.51611860044534,2484200
2021-05-26,150.0524139404297,150.8093970889345,148.90747494305643,149.65500103607152,3731600
2021-05-27,151.15005493164062,151.67046736597297,150.3079148790021,151.37713979367533,2828400
2021-05-28,151.51904296875,152.00161261365605,150.31733294525796,151.64204242436304,2436400
2021-06-01,154.95384216308594,155.28502677678603,152.86269244032718,153.7710605973735,3827800
2021-06-02,155.2945098876953,156.7800907138497,154.53754110923225,155.7581655370198,3384600
2021-06-03,155.67298889160156,156.52458587805614,154.06440878482508,154.8781486742249,2454800
2021-06-04,156.127197265625,156.8179377926344,154.53754546019164,156.127197265625,3239300
2021-06-07,156.99771118164062,157.6884516569347,156.4772843420684,156.72331217800433,2516400
2021-06-08,157.55599975585938,158.15212642955595,154.83088018665006,155.99473348639836,2486300
2021-06-09,155.26612854003906,157.20589357413823,154.99172951605635,156.3826820639357,2700100
2021-06-10,153.5061492919922,156.3259115024735,153.40206391592403,156.29751145604183,3024500
2021-06-11,155.6635284423828,155.69191404806176,153.7710777264366,154.23473334961457,1630100
2021-06-14,155.0011444091797,156.0136122820321,154.33878967090027,155.46479994510048,2125700
2021-06-15,157.3289031982422,157.92501538941926,154.99172527699338,155.11472476246428,3726100
2021-06-16,155.82440185546875,157.68846716712426,155.4364603898601,156.86525563699126,3281300
2021-06-17,153.41148376464844,157.07337036928283,151.89751779301818,157.04498477066159,4194400
2021-06-18,149.6644744873047,151.08381263189494,148.7939488245465,150.16597280999957,6900200
2021-06-21,156.0325469970703,156.32588896971066,150.5728373835363,151.47174853550834,3681400
2021-06-22,155.6540985107422,156.35431059543185,153.7238047969369,154.63217321346093,2697600
2021-06-23,157.0923614501953,157.88718740449534,155.92849369041102,156.1555930080347,2327600
2021-06-24,159.16456604003906,159.5146647851408,157.46135759126275,158.07639826859054,2417100
2021-06-25,160.33786010742188,161.2462426684274,159.39163489057282,159.39163489057282,9186000
2021-06-28,155.91900634765625,159.77015031246373,154.4239686164357,159.5525080943365,3433400
2021-06-29,155.41749572753906,157.37618890542487,154.45234193967138,156.66651997516212,2785900
2021-06-30,156.34478759765625,157.22478455192777,154.89706417963782,154.89706417963782,2331800
2021-07-01,158.375,158.78293152648214,156.24043821259932,157.1511764687064,2685900
2021-07-02,159.85496520996094,160.3103343513656,158.44140570686068,159.09600699033714,2028700
2021-07-06,160.860595703125,163.68770053225222,159.19089902418972,163.68770053225222,4688100
2021-07-07,162.2077178955078,165.793780540021,160.68981597679232,160.89852984295328,3998900
2021-07-08,158.90628051757812,161.3159574467661,157.09427109834974,158.38449580576827,4628400
2021-07-09,163.1184844970703,163.4694967218579,160.52855336157785,161.27801541675467,3175200
2021-07-12,164.69332885742188,165.1676759860712,161.1641850621967,161.34443928723155,3154100
2021-07-13,163.7636260986328,165.7748681120563,163.57389010987575,165.0728290301343,2675000
2021-07-14,163.6687469482422,165.59459524574896,162.2362092708773,163.99129954047183,3123100
2021-07-15,163.9818115234375,164.37076517519384,162.3215965391571,162.359537940819,3448200
2021-07-16,161.28753662109375,164.8736004481767,160.84164907597614,164.8261773068935,4359800
2021-07-19,154.4569091796875,157.8437546149577,153.19514408473933,157.15119738686192,6739800
2021-07-20,160.2060089111328,160.8795882634022,154.22924613690535,154.58025841117043,4243700
2021-07-21,163.65927124023438,164.71232263870945,161.03139808646745,161.98009251839352,3384500
2021-07-22,162.13185119628906,164.32334720416068,160.37677541475696,163.4125943004805,3335900
2021-07-23,164.29483032226562,170.4518599814953,164.07663474177718,167.4729612128591,6326600
2021-07-26,163.75413513183594,166.42944571708708,163.46004219445686,164.36129894717803,3115900
2021-07-27,164.06719970703125,166.13534639749082,161.2400946575682,161.71444182245452,7922600
2021-07-28,161.2970428466797,164.5510580312852,161.00294986800446,164.1241484017267,7961700
2021-07-29,163.12796020507812,164.90202815279207,162.22670363562065,162.59669378417368,3186900
2021-07-30,161.7808380126953,164.3518059381504,161.10727316541556,163.47900891822695,3441900
2021-08-02,160.5854949951172,164.46565137173778,160.10165161709372,162.35954877873172,2895700
2021-08-03,160.36727905273438,161.5531469347604,156.8191716143054,161.04085837913271,3642000
2021-08-04,159.43756103515625,161.69545809144466,158.7355365208607,159.66525287748044,3544400
2021-08-05,160.92698669433594,161.78080560393616,159.68419972497242,160.0067522485171,2535400
2021-08-06,162.56820678710938,163.98176607903198,161.03132711701713,161.78078901852874,2828700
2021-08-09,162.01803588867188,162.34058852521082,160.13012873493793,161.61010422644821,2560200
2021-08-10,160.794189453125,162.89079558446383,160.0257349708755,161.97056102787346,3389500
2021-08-11,161.9136505126953,161.97056985316513,160.01626195876307,160.75624233672258,3843400
2021-08-12,159.8739471435547,161.38236741436947,159.35216244977224,161.29698841245715,3372800
2021-08-13,157.5591278076172,159.6652300005931,157.11324039440635,159.46599785761472,4157700
2021-08-16,157.24610900878906,157.38840738946618,154.28618688327379,156.31639247786444,3845400
2021-08-17,156.2025146484375,157.8153065798983,154.9692236080403,156.30687160310936,7631600
2021-08-18,153.811767578125,156.66733139452973,153.74535204764203,155.42454453249286,3563700
2021-08-19,150.870849609375,152.8251575025015,149.25807223477042,151.94287877394328,4256400
2021-08-20,151.55389404296875,151.7815858556806,149.950598575443,150.7000750781668,3075000
2021-08-23,152.21804809570312,153.5462292423851,151.8954954007966,152.95802873739737,2006300
2021-08-24,152.92955017089844,153.59363342426258,151.9713739393251,152.36034215769882,2377600
2021-08-25,157.65402221679688,158.65015419263887,152.2654451860713,153.57464803865943,3579900
2021-08-26,157.01840209960938,157.9576147499973,155.9463872905824,157.45480788514357,3164700
2021-08-27,159.99728393554688,160.2249757732319,156.68635017527458,156.8666044039512,3002300
2021-08-30,155.83253479003906,159.66526821986025,155.7851116514333,159.53245158472353,2582100
2021-08-31,157.44528198242188,157.89115489943686,155.32020194960742,155.68071034626146,3536300
2021-09-01,156.0032958984375,158.69758428613258,155.709202976137,157.80580931146238,2569000
2021-09-02,153.7359161376953,156.61045874466166,152.87260083964895,156.5819990733789,4350600
2021-09-03,151.1269989013672,153.00540948773286,150.0549697525174,152.50260268671542,4206500
2021-09-07,151.5254669189453,152.4172419486876,150.43447417672797,150.7190709088352,3779000
2021-09-08,150.77597045898438,151.08904129912477,148.7552615466971,151.02264022899374,3056700
2021-09-09,151.21238708496094,153.8307781968135,150.40599112259463,150.63368297072697,3295800
2021-09-10,150.5767822265625,153.17621019575742,150.2637113251832,152.9010807024567,2943700
2021-09-13,153.1666717529297,153.49872050475398,151.55389454962094,152.39823178685415,3192500
2021-09-14,151.29769897460938,157.3219110242385,150.63361614042603,154.33351655653328,4281500
2021-09-15,153.06236267089844,153.982597467009,151.0416532887391,151.81009349507437,2933100
2021-09-16,154.28614807128906,156.06020165845385,153.87820202275546,154.7320355198158,2765000
2021-09-17,155.5099334716797,155.82300425844213,153.2805110460777,153.2805110460777,6390600
2021-09-20,152.33184814453125,153.82129064306866,149.8462592765898,151.18392169137678,5976900
2021-09-21,154.89332580566406,156.8666117299805,153.3943870417335,153.6031009503774,3480600
2021-09-22,158.89682006835938,159.96883482792003,156.43969072836796,157.12275181059914,3562800
2021-09-23,164.46563720703125,165.16767616954533,160.6234225655184,160.79419505950315,4399200
2021-09-24,166.70457458496094,166.97020784846387,164.40873596415582,164.47513704206798,2680400
2021-09-27,167.70068359375,169.62653172835684,167.28325581514898,168.55450261294285,3703300
2021-09-28,164.25692749023438,168.14657983878897,163.8300179583018,166.48636484444205,3862200
2021-09-29,162.73902893066406,164.10515116538602,161.65751790749712,164.01977214469778,2726100
2021-09-30,158.9347686767578,163.5169642794588,158.82092998320144,163.34619176319677,3088200
2021-10-01,165.01589965820312,166.1353520570251,159.83602207178,159.8550000122814,3956000
2021-10-04,163.80154418945312,168.13706915976337,163.06156387088004,164.95895227253916,3613900
2021-10-05,165.79380798339844,167.0271134486978,163.78258073212396,164.53204284763206,2629400
2021-10-06,164.50357055664062,165.92661187452134,161.18314081491897,163.69718916206315,2922200
2021-10-07,165.75897216796875,168.21268992676752,165.1978545460806,166.90975234430215,3578800
2021-10-08,166.57684326171875,168.31727111671722,165.03614282138656,165.34048659384763,2375300
2021-10-11,164.9696044921875,168.13659715059975,164.8459629998001,167.1855444692499,2499200
2021-10-12,166.3485870361328,167.9178177693769,164.62718442846628,165.11221595229057,3069500
2021-10-13,160.46160888671875,165.56875712038055,158.90188307630942,164.32288043493259,5608100
2021-10-14,163.1150360107422,163.94246169059946,161.49824939589786,162.63000437986247,3061900
2021-10-15,167.20457458496094,169.0686442813763,164.67477089408035,165.26443344224614,3043900
2021-10-18,168.1651611328125,168.91648645095236,165.79703446368657,166.9858504500505,2623300
2021-10-19,168.6311492919922,169.28737796669037,167.6325410701433,169.0305896783493,1400100
2021-10-20,170.80906677246094,170.97074398629042,167.58499877453826,168.2887684686299,2398500
2021-10-21,168.78330993652344,170.98974447270584,167.39476672358012,170.79003154881627,3313800
2021-10-22,177.9229278564453,179.77747758354923,173.28178637576556,175.94473664356397,6026100
2021-10-25,173.38645935058594,178.04662746860294,172.92995800224568,177.59011160834646,3889600
2021-10-26,172.0929412841797,174.51812798139835,168.83083828272328,174.4420420424842,3832200
2021-10-27,169.31591796875,174.73691567884453,169.20179628387848,171.28460410426266,3309900
2021-10-28,166.0633087158203,170.45716744515593,164.55113844038823,169.66779198084498,4865700
2021-10-29,165.27395629882812,168.02249834154622,164.57017199455146,167.03340980356273,3455400
2021-11-01,165.6829071044922,167.45186581215893,164.8554813381892,166.03479198060484,2250400
2021-11-02,164.6938018798828,166.6244377885796,164.1231789408288,166.43423014222827,3252900
2021-11-03,164.1612091064453,165.3214945753856,163.34330319410893,164.2468003676181,3831200
2021-11-04,164.08511352539062,165.50218720665828,163.25770235875137,163.70469826787902,3315400
2021-11-05,168.04150390625,169.08765316923535,166.76709677094715,167.55645774156437,3936000
2021-11-08,171.23704528808594,173.17718645334045,169.08765685138263,169.35396496417525,3392000
2021-11-09,171.0563507080078,172.3212526255167,169.69633770933658,170.96123962684547,3203300
2021-11-10,172.5114288330078,174.49912526455563,170.58079323499175,170.58079323499175,3296700
2021-11-11,172.42587280273438,173.78587131940682,171.89328556510281,173.08210154621392,2119700
2021-11-12,172.9869842529297,173.4530053250846,170.8566208669672,171.8647489727664,2390200
2021-11-15,174.16627502441406,174.92710552870815,173.1296166152768,173.59563763428184,1748300
2021-11-16,172.064453125,174.42305976290672,170.94221790222375,174.42305976290672,3299200
2021-11-17,170.81858825683594,172.8443352966766,169.47760037097203,172.31173355653968,3543500
2021-11-18,167.58499145507812,171.54135939368052,167.2330921114897,171.18947456200365,4011500
2021-11-19,165.04566955566406,166.6910010793688,163.42888296225559,165.22637188004066,4456500
2021-11-22,162.53492736816406,166.6720130986307,162.5254220638886,166.42474458023452,4651700
2021-11-23,162.48736572265625,163.53351502493,159.6151823970904,162.91533655140066,5890300
2021-11-24,163.2101593017578,163.56204416745484,159.68174729414005,160.2333596180435,3590600
2021-11-26,149.1441192626953,157.15198275236187,146.93766962047437,157.00931611354235,6804200
2021-11-29,150.13319396972656,153.50943427570644,146.78548408648595,152.88173595161496,6258500
2021-11-30,144.84532165527344,148.24057207328036,144.2746842598867,147.49875216642468,7444900
2021-12-01,142.7149658203125,149.38185453401243,142.5532886027644,148.4593322541873,6145500
2021-12-02,149.0965576171875,150.18075727305327,144.04646936455183,144.25568763814763,6289300
2021-12-03,148.30715942382812,150.58017478200492,146.1102300226006,150.3424116085056,4069300
2021-12-06,152.81515502929688,154.77433596283038,150.31389606464444,151.28397397186205,4141900
2021-12-07,158.77825927734375,160.88009231378197,156.12482839704862,156.44818286052717,5124500
2021-12-08,160.6613311767578,162.19252665695248,159.0920999724951,159.75783398303344,4042400
2021-12-09,159.79588317871094,160.5662335653125,158.3978345097255,159.63420595662654,2245300
2021-12-10,158.8543243408203,162.23056417986854,157.83670554272368,161.08930389239202,2768500
2021-12-13,155.30691528320312,158.25517006889385,154.06103851620003,158.25517006889385,3477600
2021-12-14,154.87892150878906,157.1709472426885,153.17652923038293,154.20366777844623,2964200
2021-12-15,154.298828125,155.06917865411404,150.77041547150247,154.74582415012566,5013000
2021-12-16,155.0215606689453,157.09484819561084,153.97539709279587,155.9726131883867,4900100
2021-12-17,152.1779022216797,153.4237931614754,149.267683952468,153.11944940191665,9576800
2021-12-20,148.2595977783203,150.46604690320413,146.25287609618843,149.3152668056392,3839600
2021-12-21,153.03390502929688,153.16705183690374,149.8098367126109,150.02857478684066,3722400
2021-12-22,154.5175323486328,155.18326633202233,152.59640184349814,152.67248780044443,2877700
2021-12-23,156.1533660888672,158.25518471123573,155.58272858752926,155.8395169143228,3140500
2021-12-27,156.34353637695312,156.9236790435907,154.5745779599853,156.9236790435907,1687300
2021-12-28,156.36256408691406,157.9983757474654,155.59221378982292,155.59221378982292,2035300
2021-12-29,155.8109588623047,156.85710808003677,155.26885188096773,156.56228407765852,2082200
2021-12-30,156.12477111816406,157.6844965301457,155.97259924579794,156.5622471113311,1632900
2021-12-31,155.59222412109375,157.0853692812358,155.25934987861055,156.06775046069134,1743600
2022-01-03,159.9765625,160.1572503020394,156.35303994320793,156.45765630855223,3236400
2022-01-04,165.11224365234375,165.530709121255,161.2985279232409,161.412649592249,4799500
2022-01-05,163.35279846191406,167.6800909356298,163.10552999641183,166.15841539791242,4491900
2022-01-06,164.8496856689453,165.60291102986767,161.8463570279655,164.50644686297628,2649400
2022-01-07,166.2608184814453,167.19518530795423,163.85814637923005,164.45881804186766,3043000
2022-01-10,165.65061950683594,168.00561674095434,162.5614696266761,168.00561674095434,4269400
2022-01-11,167.2142333984375,167.53839935473707,164.45879367322527,166.41333311748218,2762700
2022-01-12,166.34661865234375,168.5872076727891,166.0605838446626,168.02466721662677,3224300
2022-01-13,165.22157287597656,168.16771284936465,164.80207159388436,166.77568437097284,3808800
2022-01-14,160.5592041015625,160.85478256370226,157.04102460833658,160.85478256370226,6508500
2022-01-18,158.43304443359375,161.0740759965469,157.1649681170615,160.09203444774107,4336300
2022-01-19,153.8756103515625,158.9669741217809,153.6658524840254,158.9669741217809,3592000
2022-01-20,153.42750549316406,156.9075689165608,152.03549176247287,153.61819051195724,4205600
2022-01-21,151.34902954101562,154.34282974220775,150.33837119617365,152.50268347916472,3779100
2022-01-24,151.5301513671875,152.02594404162835,145.73325129757418,148.56496812431547,5405000
2022-01-25,165.0499725341797,166.34665130833233,152.2262094987388,158.4044956351896,13320800
2022-01-26,167.1570281982422,170.87543660853865,164.9736434907009,168.71112476545176,8257300
2022-01-27,163.8962860107422,169.90295930161636,162.68542801187218,168.47279968704328,3649900
2022-01-28,168.81600952148438,168.9590341873272,161.86544139219197,163.7627768433728,4271500
2022-01-31,171.44749450683594,171.7430584182994,167.06166707361857,167.71954264343438,5524300
2022-02-01,174.99432373046875,175.47104360115563,170.66571370589975,171.54287652216328,3471200
2022-02-02,175.58544921875,175.9858921254553,173.18277723018366,174.01226506919218,2841400
2022-02-03,175.4710235595703,177.14908662366156,173.83112077617952,176.1956469911858,3380900
2022-02-04,177.19676208496094,179.89498345101288,175.6045050910703,176.30052649981724,4075800
2022-02-07,179.12269592285156,180.11428127011794,176.14796897772038,176.9870004948944,3260800
2022-02-08,184.96730041503906,185.4726222883886,178.87482135959053,179.322939179102,5133900
2022-02-09,187.2555389404297,189.4675258820958,185.25332443116397,185.25332443116397,4614200
2022-02-10,186.406982421875,189.00033945722265,185.54889254843943,187.2174119510466,4511100
2022-02-11,182.87924194335938,188.01828065354422,181.58256354374873,186.33068853788674,4834900
2022-02-14,183.39410400390625,185.1102835621841,182.03067787675622,183.30828338732593,3841300
2022-02-15,188.76197814941406,189.12428987248754,185.1389045636829,185.58702236379972,4134300
2022-02-16,189.14337158203125,190.25889428075203,188.05645091032878,188.30433999393279,4122600
2022-02-17,186.59767150878906,188.1899139034497,185.2247161497602,186.5213945945837,3051700
2022-02-18,185.8063201904297,188.5426872795509,185.15797367535862,185.84445137445306,2806300
2022-02-22,183.47991943359375,187.0171722118165,182.82204378013262,186.09233463352095,3420600
2022-02-23,180.1524200439453,185.39633815056013,179.7710500009799,185.30100291398605,3562100
2022-02-24,179.5803680419922,179.72337817345942,170.7133761826532,172.06725877110404,5886600
2022-02-25,184.6907958984375,185.2056468939413,180.63867749792655,180.82936251298966,5426200
2022-02-28,185.4821319580078,186.04467237442046,180.4193700486293,180.80075461470005,5787800
2022-03-01,169.7694549560547,185.7014372711265,168.53952425805122,185.60608749060918,8562500
2022-03-02,171.9147186279297,173.75486490663786,169.80762493199404,171.41892588545355,4058800
2022-03-03,171.51425170898438,174.9084944096331,170.40825826431586,173.63088881751636,3339900
2022-03-04,164.89736938476562,168.59671954183617,162.8665530099991,168.39649083249307,5348600
2022-03-07,151.72085571289062,162.80934891684865,151.67318082086422,162.20869183198607,7760400
2022-03-08,152.5980224609375,158.54747670514178,148.46962693408764,153.0461402707843,7058900
2022-03-09,160.79757690429688,162.7807329463622,158.94791636780315,160.19691987089078,4788200
2022-03-10,161.703369140625,163.00004763598383,157.15545797368006,157.88006686437038,3840900
2022-03-11,160.08248901367188,164.28716077336904,159.8250708189959,163.75323697182003,3000000
2022-03-14,164.74484252929688,166.57545959102936,161.80826099937,163.35282868760024,4614600
2022-03-15,167.843505859375,169.99828873148275,165.29782379617762,165.50758167838873,3827300
2022-03-16,172.2007293701172,174.2506187221174,168.0914069590373,170.83730315614292,5239300
2022-03-17,178.26461791992188,178.97016851967726,171.67634624741365,171.7907543534094,6398900
2022-03-18,181.84002685546875,182.1069888165686,176.23379657570067,179.90454536332706,8744100
2022-03-21,180.28590393066406,182.58369702979343,178.82714239763484,181.88769014337026,3166200
2022-03-22,182.421630859375,185.3010230054696,181.2107582917509,181.6302741135001,3007000
2022-03-23,177.3588409423828,180.79121482131632,176.55794061046444,180.03800392806443,3664600
2022-03-24,180.09523010253906,180.55287709962047,177.0537550346737,177.9213886809827,2424400
2022-03-25,181.42047119140625,182.3548378499951,180.20006976637885,181.54442298480723,1871900
2022-03-28,180.8674774169922,181.1058373014501,177.61624510138648,181.1058373014501,3043700
2022-03-29,182.0497589111328,184.96728174913318,181.49676219927866,183.37503936853602,2764100
2022-03-30,180.92471313476562,183.15577310060075,179.62803455438078,182.47882450896518,2278000
2022-03-31,178.29322814941406,182.2118659917437,178.2360240937843,180.70542948403929,3801600
2022-04-01,178.45530700683594,180.60054633308175,177.60674625527656,179.43734873453943,2647000
2022-04-04,178.92250061035156,179.72338648025456,176.948873414874,178.88435487464065,2971400
2022-04-05,176.7677001953125,181.95441406953827,176.19564515080276,178.76040006310689,2974700
2022-04-06,175.1564178466797,176.26239686820207,173.26859672105928,175.90009966646872,3143300
2022-04-07,174.39144897460938,175.23286202977664,171.25529161033123,173.55960671574167,4062400
2022-04-08,175.64404296875,178.53160839613207,173.95166021615478,174.9747435887958,3075600
2022-04-11,169.78286743164062,174.43929420006714,169.47689368121,173.11980793319003,4816800
2022-04-12,167.8418731689453,171.38918147554773,167.04828477699942,168.8267170344732,4348900
2022-04-13,171.7142791748047,172.12542959537302,166.36942583484074,166.58933535860592,2980600
2022-04-14,173.2154541015625,174.46800332543523,170.84420095246833,171.40833831490002,2667100
2022-04-18,176.38980102539062,177.73797031834675,173.06241719968625,173.37794711439702,2182700
2022-04-19,178.9618682861328,179.84152096949535,176.60975699118413,176.89658915669102,2713800
2022-04-20,180.19529724121094,181.81117186636627,179.41125045004262,180.07099358172536,2256200
2022-04-21,177.59458923339844,183.9816384433283,176.48545620987684,182.5665462417231,3973200
2022-04-22,172.62258911132812,177.4128898168597,172.4122504178201,177.29814237811095,4373700
2022-04-25,176.02647399902344,176.17944626183464,170.18442170182078,172.0871427916428,4408900
2022-04-26,170.81549072265625,175.84482842216835,170.71031407066104,175.2137685101972,3728100
2022-04-27,169.8402099609375,171.54214858670875,167.80361441643274,169.8688931722999,4085800
2022-04-28,173.99945068359375,175.82569310481165,169.82109719566944,172.44094257358879,2703200
2022-04-29,167.04827880859375,174.31497986053682,166.6849386496259,172.1923345132741,3210100
2022-05-02,164.09378051757812,167.21082597956146,160.16401966645105,166.99090188341296,3881800
2022-05-03,164.56228637695312,166.36940170847726,162.86034768756554,165.41325572164692,3152300
2022-05-04,170.02188110351562,170.3565234347406,163.69218494623158,164.6674579076213,2930400
2022-05-05,163.51052856445312,169.00836827818998,161.90421022502753,168.89363542241122,2987100
2022-05-06,159.8197784423828,162.5352438371123,157.7736268371829,161.75119721035063,3129800
2022-05-09,153.95864868164062,158.73937916842934,153.34671576291692,157.7927892797778,4485200
2022-05-10,154.73312377929688,157.5059416095307,151.44397888932227,156.25339256367408,3014800
2022-05-11,152.40011596679688,157.70672938007795,152.06545901862495,154.63749418765138,2644300
2022-05-12,146.5485076904297,150.26791520382852,143.30717319720878,148.7763297152144,5314800
2022-05-13,151.78819274902344,153.06942501622802,149.04405812202242,149.12055156046276,3625100
2022-05-16,149.56993103027344,151.77864082987753,147.5524767166228,150.5069647354262,2811300
2022-05-17,154.7522430419922,155.62232485382697,151.45352751881282,154.0064502949162,2928100
2022-05-18,149.25439453125,153.79608797329445,148.58508066808685,153.73870695873737,2697700
2022-05-19,147.2465057373047,149.59863166397517,146.5293961314412,146.83536989963312,2768300
2022-05-20,146.5198211669922,148.01140662191634,143.14462688794114,147.5811438314006,2982500
2022-05-23,152.06546020507812,152.56266023235753,149.17790966078158,149.7420323244391,2726600
2022-05-24,148.8050079345703,151.04238609239323,146.2138458327417,150.39219922016702,2817800
2022-05-25,153.47100830078125,154.66619094947174,149.22573178792345,150.2488005485939,4381000
2022-05-26,158.1178741455078,159.45648742453233,155.56496583740233,155.56496583740233,2463900
2022-05-27,162.16238403320312,162.23886288215624,158.75849166952477,159.7528917814947,2157500
2022-05-31,161.41659545898438,163.29063368953493,159.71464193788762,160.57518220221277,4123500
2022-06-01,158.4907684326172,161.942456353331,156.65496971598046,161.30184023265295,2276400
2022-06-02,161.72250366210938,161.770313871109,158.65326915571174,158.8540661976593,1707000
2022-06-03,159.51385498046875,160.6707835866819,158.7011249628427,159.5807776205946,1390700
2022-06-06,159.69552612304688,162.79343015775154,158.97841654617906,161.68431176698274,1486000
2022-06-07,161.2922821044922,162.0476310767103,157.23821753498365,157.4198876217482,2083100
2022-06-08,158.6820068359375,161.24447127854137,157.945770283254,159.43735580532265,2313900
2022-06-09,153.92037963867188,159.26524688914554,153.8725694205459,158.9305899518938,2273800
2022-06-10,147.64808654785156,150.95635864215825,147.59072011326438,150.36353810894855,2733300
2022-06-13,139.87460327148438,144.40674093153734,139.00452142899553,143.28805177151057,4156500
2022-06-14,138.2587127685547,140.93590980647454,136.9679098762772,139.54950107120257,3574800
2022-06-15,139.8076629638672,141.4044249608923,137.14957837125903,140.25705273071233,3327800
2022-06-16,131.47007751464844,136.3464280437712,130.50437528844415,136.33685724622484,4815100
2022-06-17,137.85711669921875,139.17660278494202,131.55611836137786,131.94814170418394,10033600
2022-06-21,138.4116973876953,142.17891517106534,137.83801850964204,142.17891517106534,3518800
2022-06-22,138.05792236328125,139.9319749699605,135.14167410296344,135.99264347174827,3419000
2022-06-23,135.43807983398438,138.28740551886514,133.35368848359906,138.18222887157586,3915000
2022-06-24,139.74075317382812,139.85550063211073,134.816606365823,135.41898310550155,8957200
2022-06-27,137.96231079101562,142.2458557130623,137.63722462691237,141.50006294146954,3151500
2022-06-28,135.95443725585938,142.95342020040883,135.62935103324662,139.67384557476157,2649300
2022-06-29,133.35366821289062,135.46674245591333,132.37839532169562,135.43805924643362,4164900
2022-06-30,133.03697204589844,134.2366273691928,128.8909708635927,131.1943032266259,4123500
2022-07-01,134.7452850341797,135.2155552102125,131.93329988169253,132.50914031584574,2625300
2022-07-05,134.02549743652344,134.02549743652344,130.18660009905932,131.69337433324495,4057000
2022-07-06,132.58587646484375,134.8412339219408,132.29797095476954,133.67996133580783,4401300
2022-07-07,135.34991455078125,136.44399964836626,133.54562821137674,134.53414305199166,4258000
2022-07-08,136.05050659179688,137.3461402077848,134.09267553383327,136.0313226503345,3631800
2022-07-11,134.91806030273438,136.5783794438032,134.20785896221193,134.8124900310923,2373600
2022-07-12,133.57443237304688,136.17529189008394,131.53982137064793,131.99089300144118,4047400
2022-07-13,133.78555297851562,134.38059196441426,130.86799773716987,131.32866127122875,2753800
2022-07-14,130.9832000732422,131.7126000901297,128.71824959115276,130.2346161095565,4600200
2022-07-15,136.74151611328125,137.34614711705592,133.27691075511353,134.08309030822338,3296600
2022-07-18,136.59756469726562,140.16774035160213,135.820190338443,138.5266053152414,3330300
2022-07-19,141.8280487060547,141.9720014860785,138.58417605003874,138.58417605003874,3372300
2022-07-20,142.93174743652344,143.09491347096116,140.47485532292743,140.9547175214964,2802300
2022-07-21,144.13136291503906,144.27533032117665,140.55159600801767,142.24071985030574,4683000
2022-07-22,146.847412109375,154.40045242357783,146.47312021243914,152.60575799714564,9298400
2022-07-25,147.59596252441406,148.54609465294692,145.11988723956037,148.03744205276413,4213800
2022-07-26,143.7954864501953,147.31767269811297,142.84535416868863,146.57868092360775,2812700
2022-07-27,145.52297973632812,146.5690755609251,141.33858179371165,145.49418918293398,5029100
2022-07-28,146.012451171875,146.50190528207642,141.59771363227696,145.64775125982473,3587900
2022-07-29,147.81674194335938,148.16224327983286,145.1966840400059,146.23318804942636,3197900
2022-08-01,147.15452575683594,148.53653106449454,145.68614877850624,146.68425558724283,2295600
2022-08-02,145.4942169189453,147.1257453806276,144.76481704263622,145.89729938753285,2562900
2022-08-03,149.1699676513672,149.75540016504726,147.13535645691402,147.86475642793178,2609300
2022-08-04,150.55194091796875,151.358120431006,149.0067842639734,149.7361840784247,3693300
2022-08-05,151.1661834716797,151.6748362270925,149.71700491398707,150.17766852102974,2513600
2022-08-08,150.9454345703125,154.31406154313711,150.61913182760182,152.59616151420587,3080700
2022-08-09,152.40423583984375,152.53859666847964,150.93585869681164,151.29095203444245,2997900
2022-08-10,155.89761352539062,157.59632959199462,155.12983117678436,155.25460001864909,3225400
2022-08-11,156.42547607421875,158.2777370285967,155.64808705455496,157.74029373912396,1968200
2022-08-12,159.16067504882812,159.314234452072,156.703783173849,157.8458574386004,1942600
2022-08-15,158.73838806152344,159.3718095929868,157.1644408478518,157.66350156757116,1852800
2022-08-16,158.6904296875,159.2950460796661,157.3564134052715,158.35452030189424,1876000
2022-08-17,157.29881286621094,157.855454738588,155.66728442330222,156.7229870509538,1804100
2022-08-18,158.01861572265625,158.34493314645616,156.76137910873211,157.3276129869643,1397700
2022-08-19,155.7056884765625,157.32761037545606,155.4849413256084,156.91493592183483,1895400
2022-08-22,151.34854125976562,152.7785359472952,150.6575384914242,152.57698737143195,1969300
2022-08-23,150.99342346191406,153.17200168846304,150.8686546187553,151.63643697532456,2885200
2022-08-24,152.72091674804688,153.13359112513007,149.99528888836437,150.7054900688258,2029200
2022-08-25,155.69606018066406,155.79203846286504,152.38501446394744,153.55587921449637,1936300
2022-08-26,150.97421264648438,157.00127949436273,150.8590504278081,156.6365942538115,2373700
2022-08-29,148.31576538085938,150.2064231493558,148.19101119801877,149.60180688606894,2693600
2022-08-30,148.4309539794922,149.8321431644647,146.74182995040138,149.37147963118068,2104500
2022-08-31,145.87806701660156,150.0720567571759,145.72450764196938,149.2946825589139,3271600
2022-09-01,145.02394104003906,145.27346408866464,141.70328848466053,144.74562743365786,2425200
2022-09-02,143.75709533691406,147.77834246575617,142.9317318595558,147.29848031948347,2028500
2022-09-06,142.61505126953125,145.21589618495292,140.6476133265915,143.95865956780457,2797600
2022-09-07,146.1180419921875,146.54991504952483,142.40391319716113,142.42309714158867,1766400
2022-09-08,147.33688354492188,147.5000349240496,143.4883796014011,144.8415944240989,3399200
2022-09-09,152.05873107910156,152.2026838764859,148.08547278474498,148.22942558212932,3543500
2022-09-12,155.90719604492188,156.86692026144246,152.92245314577372,153.07601253503205,4146300
2022-09-13,149.09317016601562,153.37353217969883,148.60370141941004,151.77079441724524,3519800
2022-09-14,150.00491333007812,151.2141606947868,147.31768231982792,149.88973645422666,2840200
2022-09-15,149.841796875,152.39465301766995,149.62104968730685,150.1297025211488,2371600
2022-09-16,146.9145965576172,147.87432085079925,144.44809809490863,147.87432085079925,6527200
2022-09-19,149.102783203125,149.217945444842,144.63046398950775,145.15831533776424,2472500
2022-09-20,147.29852294921875,148.36381780802085,146.00290356585498,147.39450126394263,1725900
2022-09-21,142.72064208984375,148.57495296871187,142.67265293423125,148.44059211953743,2599900
2022-09-22,137.2693634033203,142.8933483029305,136.73192014643968,142.82617521793563,3249400
2022-09-23,134.61093139648438,136.2424744988386,132.52833132454327,135.10999215641266,3035600
2022-09-26,131.9141082763672,135.59944624613158,131.19431501769924,134.39979081501832,3808700
2022-09-27,131.9525146484375,134.72611761273095,130.61849830182368,133.82397432257451,2828700
2022-09-28,134.89883422851562,135.4938585596814,131.02155481718694,132.92180467533822,5269500
2022-09-29,132.2404022216797,133.35368590213838,130.36894280277176,132.81624264791154,2280700
2022-09-30,129.47642517089844,133.0849837224691,129.19809688799702,131.86612960723352,3717200
2022-10-03,134.38058471679688,135.10037785679336,129.48598550712913,132.39394862117666,2677100
2022-10-04,139.6014862060547,139.68785786797375,137.2693488246381,137.2693488246381,2408800
2022-10-05,138.555419921875,139.43836469528242,136.35765728344825,137.16382234035498,2073800
2022-10-06,136.64553833007812,139.21759219539587,136.40560727648224,137.28855179640755,2526000
2022-10-07,133.40167236328125,135.59943447889853,132.51872779991103,134.76447905745465,2579600
2022-10-10,131.97169494628906,134.72611389008617,131.14633138918924,134.37100590945926,2893400
2022-10-11,131.81813049316406,133.60321816900952,129.93706453542902,130.87759019218166,2588700
2022-10-12,131.23269653320312,132.87381676637335,130.6280655819143,131.77973172951667,2397400
2022-10-13,136.36758422851562,137.33097229837426,125.8666454469754,126.5410288559847,5232300
2022-10-14,131.8011016845703,138.61226147463552,131.15563352895677,137.7259463340856,3871900
2022-10-17,136.35791015625,137.01302153992958,134.96100071034135,135.4330660500497,3139300
2022-10-18,140.64498901367188,141.66617772093525,138.29432044971335,140.7798627165155,3963300
2022-10-19,138.69895935058594,141.68546776825934,137.3791226105834,140.10549747493906,2803900
2022-10-20,137.20570373535156,141.92631329231443,136.94558488483304,138.72785839003595,4319300
2022-10-21,134.912841796875,136.14599189468473,127.36952709864205,135.82807210776502,11755400
2022-10-24,136.4446258544922,138.52553243770484,135.2307477558085,136.12670610008132,4299600
2022-10-25,141.63729858398438,142.04191975342326,136.4157377305587,137.26350911884973,3889100
2022-10-26,141.50241088867188,144.02648232980758,141.10741834555515,142.15750756494484,3559100
2022-10-27,141.589111328125,144.2287992888585,141.04961649238544,143.0052926220073,2101300
2022-10-28,144.9320831298828,145.38487663483255,140.70281068801037,141.19413324225798,3383100
2022-10-31,143.01490783691406,144.79718104561115,142.88967742612496,144.50816178202103,3042900
2022-11-01,141.6951141357422,145.1151446044585,141.26159245945644,144.46967638418684,2675500
2022-11-02,138.2461700439453,143.57370420133546,138.12092490711018,141.2134066771972,2851600
2022-11-03,134.20956420898438,136.99375461488694,133.6893412179734,135.9243934721281,3960500
2022-11-04,139.4215087890625,141.00146447859586,135.83770434936636,137.18644163306539,3322100
2022-11-07,141.59877014160156,142.13826509250745,138.4966594737579,140.8473286456777,2918000
2022-11-08,144.70086669921875,145.79912837079223,141.75290193342326,142.04192125754963,3846000
2022-11-09,140.519775390625,143.99760668641494,140.32710072911257,143.99760668641494,2425500
2022-11-10,149.0842742919922,150.08619121820644,145.77021763583883,147.19602758088186,4701600
2022-11-11,149.21914672851562,153.0630696252693,149.03610068103225,150.76057320193436,3714600
2022-11-14,148.4869842529297,150.77020891066525,147.45615212635843,147.7548000284094,3666500
2022-11-15,148.25575256347656,151.58908092317222,146.74324131451868,151.21336025749576,2916900
2022-11-16,146.9840850830078,150.20179683720735,146.29044468448043,148.56404050184656,2635300
2022-11-17,145.12477111816406,145.5293923235889,143.75676189026066,144.50820337178317,2769600
2022-11-18,146.9166717529297,148.13053535536451,145.41378880701959,146.67582475005605,2631300
2022-11-21,147.21530151367188,147.84151246393077,146.32898641651093,146.6758066458463,2003500
2022-11-22,148.92051696777344,149.46964047693274,147.67773823102215,148.45809484951286,2124600
2022-11-23,148.29432678222656,149.31553054116787,147.2827810127428,148.1979967899661,1404400
2022-11-25,148.50624084472656,148.81453203281717,147.56212480643174,147.89931645588922,665800
2022-11-28,145.34634399414062,148.1498066241263,144.86464999036855,147.09971722393547,1782900
2022-11-29,148.76637268066406,148.81454502052404,145.01879396165086,145.4330584442857,2655700
2022-11-30,151.82029724121094,151.82029724121094,145.93399652185164,148.2075925779413,3914700
2022-12-01,151.7335968017578,153.0534335429115,149.0842800322033,151.9455433193328,2670300
2022-12-02,151.0110626220703,151.5216570644947,149.32513369327526,149.53708022033447,2285400
2022-12-05,150.36557006835938,153.6121822606887,149.85497570873878,150.2499682360321,3013100
2022-12-06,149.03611755371094,152.54284921261706,147.70665213751144,150.0476778726545,3285100
2022-12-07,149.10354614257812,151.2422684098785,148.66038125019855,148.9012282199384,2879800
2022-12-08,148.4773406982422,150.69313584191045,147.83187255945816,150.18254142316889,1632400
2022-12-09,148.265380859375,149.45998705822478,147.03224561546045,148.35209693600103,1761200
2022-12-12,151.55052185058594,151.98404339019356,148.36171080796797,148.6121863263761,2773900
2022-12-13,151.75286865234375,155.63532077801744,150.4426604985095,154.73936237202113,3110500
2022-12-14,148.46771240234375,152.81258661378473,148.2075935488471,151.80104106154894,3556200
2022-12-15,144.7201385498047,146.70471536826673,141.10743374916743,146.09777625771696,4282200
2022-12-16,140.9436492919922,143.14980106143224,138.87235653714362,143.14980106143224,4510600
2022-12-19,139.7008819580078,141.36755370300736,138.40031703981077,140.6931703749049,2546000
2022-12-20,140.3656005859375,141.1363137718167,138.96869120535536,139.68160347481657,1607800
2022-12-21,141.71435546875,142.36945213614237,141.01107176976907,141.67581172353184,2107100
2022-12-22,139.9898681640625,141.32897651568538,137.49469748084428,140.7027803736092,2901100
2022-12-23,141.63729858398438,141.7529004323574,139.22882874199098,139.91282594504247,1671800
2022-12-27,141.03036499023438,142.44654648867157,140.33672447262703,141.89740828717663,1858500
2022-12-28,138.73745727539062,141.44458905836171,138.67002778051133,140.85692197382062,1490200
2022-12-29,141.92636108398438,142.21536579284222,139.11325451657396,139.76836615697323,1758500
2022-12-30,142.340576171875,142.5139789548017,140.39452830715933,140.66427576957923,2247200
2023-01-03,141.7335968017578,144.94167967652868,140.39448845764596,144.0649933224352,2762200
2023-01-04,145.02841186523438,146.3964356558306,143.1209078884065,143.1209078884065,2620400
2023-01-05,141.55787658691406,143.77169044472657,141.16152959038183,142.26359816226466,2505700
2023-01-06,145.17343139648438,145.42477517461472,140.6394781702824,142.82429122659096,3077400
2023-01-09,145.395751953125,147.37754548578746,145.1057456199767,146.3141545117117,3219400
2023-01-10,146.94253540039062,147.11653921705377,144.31303621840198,145.502106552193,2198400
2023-01-11,148.7986602783203,148.98234082059676,147.2035661762869,147.23256681442658,3113600
2023-01-12,149.76536560058594,150.56775089071164,147.32920909631994,149.6106857191215,3322400
2023-01-13,150.57740783691406,151.05110942646604,147.23254033038194,148.14126616486516,2391300
2023-01-17,148.63429260253906,150.9061072029143,148.26693158177582,150.36472763244245,3073400
2023-01-18,145.41510009765625,149.6106925027898,145.31843623067206,149.34968678595504,2762400
2023-01-19,141.96389770507812,143.07562810410099,139.40206172958918,141.73187786262622,3852300
2023-01-20,146.5558624267578,146.72986625767857,142.80495583753023,143.03697569651231,3954800
2023-01-23,148.8759765625,149.90070495009422,146.50749806740455,146.94252232142858,3608700
2023-01-24,150.16172790527344,151.45713872811788,147.58056822056025,147.8319119656973,2348500
2023-01-25,151.5538330078125,151.83417741594033,148.266951552813,148.3829688519409,2916500
2023-01-26,150.69345092773438,152.96525115193026,149.1563433641382,152.4045475675819,3640300
2023-01-27,166.57675170898438,169.69927625167315,159.99334222300308,161.250090459564,13997300
2023-01-30,166.9151153564453,171.94209364938905,166.77009743147187,168.9742341810786,10240700
2023-01-31,169.10955810546875,169.4769191098761,166.18037628370593,167.15678005834977,5170900
2023-02-01,167.8335418701172,169.2932949108161,166.20943219303894,167.61119870191163,3725200
2023-02-02,167.36947631835938,169.38993252302947,165.38768270923896,168.3652041034776,6895500
2023-02-03,172.90884399414062,174.39759753297156,165.5133861126159,165.85173181407902,5305100
2023-02-06,170.6080322265625,171.83578004551873,169.84432413906123,170.85939076887263,3397800
2023-02-07,172.75413513183594,173.0731568547758,168.93556591963494,169.22558700876985,3526300
2023-02-08,173.044189453125,174.1075954004789,171.96145958024695,173.76923493966044,2926500
2023-02-09,173.40184020996094,176.02167721703063,172.54145365617887,173.18915906173748,3557900
2023-02-10,173.28582763671875,173.74985250092348,170.61766622868606,172.62846030835246,2586200
2023-02-13,175.29664611816406,175.34498542870455,172.34812518823296,173.27618979691601,3102400
2023-02-14,174.9969482421875,176.08933986235232,172.84113613334125,174.3105654931781,2325900
2023-02-15,174.65859985351562,174.726277837417,172.5608036188676,172.96682726901693,1501200
2023-02-16,172.01943969726562,173.89489281856092,171.7680811854922,173.50819308932736,1899100
2023-02-17,171.40072631835938,171.70040937411417,168.84856723726972,170.19231738316378,2355300
2023-02-21,167.7078094482422,170.62732935562224,167.55314432650613,169.29324126694226,2713300
2023-02-22,168.88726806640625,170.163355271382,167.17615649649386,167.78519945805857,2468800
2023-02-23,169.31259155273438,170.7240196746409,167.10845484264462,169.40927016765005,2575300
2023-02-24,168.45217895507812,169.1192229421037,166.4607237046491,167.91081419780613,1667400
2023-02-27,167.5338134765625,169.84429071201225,167.32113232927549,169.68961083196982,1909000
2023-02-28,168.20086669921875,169.505939536451,167.8045050167119,168.220190621961,2301400
2023-03-01,170.05699157714844,171.3040632207591,167.25347374288546,167.7368373607494,2566500
2023-03-02,169.5059356689453,169.9796372848712,166.91511397633613,168.24918741832914,1795000
2023-03-03,173.1311492919922,173.42117036633482,169.39958217153116,170.15362811417128,2875600
2023-03-06,173.1021728515625,174.51360107670575,172.52214537290007,172.61880924380048,2730700
2023-03-07,169.48660278320312,172.9474728310848,169.25458296808608,172.7251297276924,2906400
2023-03-08,169.012939453125,170.35668984048445,167.79486833795724,169.97966677499764,2101400
2023-03-09,166.39309692382812,174.27193321115314,166.23843176779997,173.6242276950787,4349400
2023-03-10,160.18667602539062,165.14599072247202,159.35529013710328,165.14599072247202,5104300
2023-03-13,152.38519287109375,156.60012348928694,152.1821736957745,156.11675995394867,6123200
2023-03-14,158.45623779296875,158.85259943245183,155.5270559470918,156.12642201093539,5284000
2023-03-15,154.49269104003906,154.63770898905906,150.74178430859746,152.65591502782559,6100800
2023-03-16,155.38204956054688,156.53245722086436,150.90611291929702,152.80088985892593,4737300
2023-03-17,151.31214904785156,153.37126800174312,149.74604091612593,152.95558237644732,7447200
2023-03-20,153.4582977294922,155.34341302431204,152.32722855260027,153.1005985958478,3054300
2023-03-21,159.08462524414062,159.09430195680991,156.3197848695302,157.5185319046986,3986800
2023-03-22,157.3348388671875,161.22108602204494,157.09315708705358,159.15229057414192,4367300
2023-03-23,157.3445281982422,160.70874978369756,155.46908964908005,157.25752628252033,3727500
2023-03-24,154.4636688232422,155.36273277809227,152.56889179653965,155.1790522523118,2588700
2023-03-27,157.6925506591797,158.997638399747,156.44547894686534,158.49493607916926,3984300
2023-03-28,153.91265869140625,157.18018690850985,152.9265927229951,156.81284056819027,4883700
2023-03-29,158.14691162109375,158.7269538874241,155.72043146748993,156.31979765856704,3884800
2023-03-30,157.0061492919922,159.47130630702603,156.42610714101318,158.50457922278412,2644800
2023-03-31,159.46165466308594,159.58733392414143,156.36813045742232,158.2242449808205,3594300
2023-04-03,158.33058166503906,159.74200988560563,157.26717583097616,158.64960341525796,2704400
2023-04-04,157.15115356445312,159.693650534319,155.4787198272027,159.519631987362,2063500
2023-04-05,156.29730224609375,156.80186683523084,155.43372823304762,155.79273765695666,2346800
2023-04-06,154.1140899658203,156.01588620052317,153.5318989845748,155.86064810382516,3754500
2023-04-10,156.3555145263672,156.38462259754687,153.11468761867752,153.34755218811486,2372600
2023-04-11,157.02503967285156,157.75277110968108,155.55987904343235,156.86978674628511,2742300
2023-04-12,154.56044006347656,158.37376030594166,154.15291225536475,158.37376030594166,2817600
2023-04-13,157.48109436035156,157.59752665867111,154.25966258665272,155.05532277379572,2729000
2023-04-14,158.37376403808594,159.87774526429286,156.66602630588815,159.36348291295675,2618100
2023-04-17,158.84921264648438,158.8783207173184,156.112935542224,157.13176243861312,2622300
2023-04-18,159.5187225341797,160.14943198633472,158.43198167669058,159.7127960922174,2444500
2023-04-19,160.05238342285156,161.60488293844196,158.87831843413073,159.48960271859335,3768600
2023-04-20,158.4319610595703,158.8880072112918,149.43719766603456,154.2790421166131,10832400
2023-04-21,158.9171600341797,159.87777099134473,156.44286985171408,158.17973074142034,3882500
2023-04-24,155.82183837890625,159.42168942651767,155.63747739508688,159.35376072480202,2473500
2023-04-25,151.48455810546875,154.52162844476067,151.3390177529316,154.19172710852135,3421300
2023-04-26,151.09645080566406,152.5907194800486,150.47545391678904,151.14496919502207,2789100
2023-04-27,153.74539184570312,153.98796899118568,151.2808145621232,151.89209890084015,2143500
2023-04-28,156.54959106445312,156.58841170092745,152.2220228588534,152.62955070742547,2380100
2023-05-01,154.58956909179688,157.04444859916694,153.96855739103134,157.04444859916694,1803600
2023-05-02,148.69979858398438,153.6483785537714,147.39958856409783,153.6483785537714,4925600
2023-05-03,147.69064331054688,150.37838683165057,147.33161914624023,148.70945525307107,2655300
2023-05-04,144.39161682128906,146.7591721155751,143.0234781757942,146.54570304440284,3997900
2023-05-05,148.11756896972656,148.76768861637643,146.63299832591915,146.7979489745943,2223200
2023-05-08,148.4960174560547,149.99030094926962,148.40869323788513,148.85504169586375,2271600
2023-05-09,148.825927734375,149.16552683795283,147.37046493287016,147.4868972191559,2322700
2023-05-10,144.2654571533203,150.07761025657356,143.5571361112078,149.04908564058576,4602600
2023-05-11,143.59597778320312,144.09082984857824,141.93674353102963,143.57656746522727,2900300
2023-05-12,143.5377655029297,144.88650887162805,142.72270971072317,144.88650887162805,2320000
2023-05-15,145.54629516601562,145.75006649377136,143.5377491859719,143.78032634458194,2271900
2023-05-16,144.00350952148438,147.88474410050486,143.9646888844826,145.7306577246897,1960200
2023-05-17,147.57424926757812,148.35049920260107,144.8670944607103,145.3716591393356,2446500
2023-05-18,148.92295837402344,149.54395527992128,146.57481336091806,147.7294829529158,2629800
2023-05-19,148.40867614746094,150.3201850000722,147.6227286629752,149.98058592216455,2258600
2023-05-22,150.89268493652344,151.27110469799462,148.72890090584139,149.10732066731256,2483800
2023-05-23,148.0302734375,151.13525790805576,147.972057292073,149.88356636417356,2928400
2023-05-24,146.2449188232422,147.1958171410521,145.6627277192652,147.00175837497136,2308400
2023-05-25,146.59420776367188,147.00173555088742,144.93497373897122,145.15815535076004,3234300
2023-05-26,152.57135009765625,153.55135658529196,148.00118946296342,148.27287472301563,4015400
2023-05-30,153.31846618652344,154.23055869673334,152.0085583776831,152.4840001458777,3268200
2023-05-31,153.85211181640625,154.86124093728813,151.62039932810129,152.98853785247422,5588500
2023-06-01,157.8885955810547,159.1208914847944,153.5319052163259,154.33726302392068,4087200
2023-06-02,163.55520629882812,164.8069126155573,159.6060582118714,160.09121248532819,4820500
2023-06-05,162.45875549316406,163.2447178655112,160.9062706767902,163.2447178655112,2870900
2023-06-06,166.7184295654297,167.52377266861913,162.52668933668053,162.86630326654335,3631500
2023-06-07,166.4564666748047,168.49410613760995,165.63169832664826,168.49410613760995,2789000
2023-06-08,166.05862426757812,166.4370440545431,164.5255348008204,165.58316769185896,2354400
2023-06-09,166.6213836669922,167.10653793697392,165.8645441902793,166.83485273024283,2200900
2023-06-12,168.48439025878906,168.76577324752998,166.82515598363895,166.90278245088277,2609600
2023-06-13,169.93983459472656,170.8907328042841,169.03745477259946,169.2315135165881,2480400
2023-06-14,169.28976440429688,171.7834501281087,168.24182920479987,170.7937458889195,2326100
2023-06-15,168.64932250976562,169.34794583283914,164.5352238358139,166.32058797000929,2797600
2023-06-16,167.0968475341797,169.39647413724597,166.45644031624877,169.02775213800078,4616900
2023-06-20,164.37998962402344,166.13624588675611,163.33205452016273,165.92277680231774,2865700
2023-06-21,162.9342041015625,164.07917584852086,161.99300365732597,164.07917584852086,2813600
2023-06-22,163.2640838623047,163.49696320524177,160.32405063422974,162.31318578867413,2755900
2023-06-23,163.07974243164062,163.59400470718205,160.81892204778327,161.07119690564446,4214400
2023-06-26,162.14828491210938,165.43763076141184,162.0997665167214,163.5261214678622,2507100
2023-06-27,163.19619750976562,163.3805585033144,161.24586784720572,161.4108333298688,2433900
2023-06-28,164.73898315429688,164.8263073697422,162.23558533806363,162.29380148169386,2289000
2023-06-29,166.970703125,167.19386995399998,165.26296534503967,165.51524024713817,2899200
2023-06-30,169.02772521972656,169.8912991285362,168.18356162508445,169.06654584806162,3371300
2023-07-03,170.23092651367188,171.09450049103236,168.54258438463478,169.12477541002215,1700200
2023-07-05,170.35708618164062,171.32739477123388,168.87250041828756,169.20241659110718,2487800
2023-07-06,166.43333435058594,167.76721086948731,163.7947743467273,167.21224609443206,3157300
2023-07-07,165.32337951660156,167.0467192269835,164.2231661906932,164.67104524352024,2145300
2023-07-10,167.1830291748047,167.29986073029477,164.9826025030415,165.3817967929726,1865600
2023-07-11,170.03578186035156,170.9510020311816,167.7769541797868,167.95220151981525,2281900
2023-07-12,169.73394775390625,173.2195660489144,169.71447087613953,172.3335538168373,2305800
2023-07-13,169.6463165283203,171.4572798107965,169.3152690470581,170.79519970477625,2080400
2023-07-14,168.8187255859375,171.02888320575678,167.97166711966733,170.73678946881736,1829500
2023-07-17,170.7659912109375,171.61304964672178,168.2832168210652,168.38058634870885,2144100
2023-07-18,173.3461151123047,173.73557835478283,169.83128920264636,170.57126193510305,2685700
2023-07-19,172.4503936767578,174.07636392073584,171.6617509390235,173.55060704774814,2749100
2023-07-20,172.44065856933594,172.54775911491035,169.46133502799987,170.9315199204257,3940700
2023-07-21,165.7322998046875,168.77003898012342,163.00611638381977,167.63088678933494,9102100
2023-07-24,163.36636352539062,164.54446951856923,162.52903604482293,163.17163931382942,4979900
2023-07-25,162.11038208007812,164.49578713337883,162.03248942302477,162.93797856182778,3286700
2023-07-26,163.32742309570312,163.9894883801103,161.6819760388904,161.78907658272158,2352000
2023-07-27,159.28683471679688,164.09658344848552,158.86816356615233,164.08685243810007,3944200
2023-07-28,161.06857299804688,162.18826314962422,160.29940720641906,160.93226457206836,2925900
2023-07-31,164.42762756347656,164.53472810153724,162.12010049007873,162.12010049007873,3345900
2023-08-01,165.17730712890625,165.3330924220912,162.85031816678026,163.52212924420004,2340100
2023-08-02,162.3538055419922,163.3274415572365,161.67226330262247,162.86983144155116,2236200
2023-08-03,162.02273559570312,162.266144543528,160.67911344962886,161.46775606354092,1708700
2023-08-04,161.0491180419922,163.66820099421946,160.70833953384553,162.1395854976537,2256000
2023-08-07,162.5582275390625,162.91846800402118,161.75983911169203,162.45112701481773,2027200
2023-08-08,161.49696350097656,161.61380989803067,159.27707509148914,160.55253559751446,2102900
2023-08-09,159.50103759765625,161.90590456239295,159.1894669837524,161.56514091700325,2445200
2023-08-10,159.22840881347656,162.11037761912308,158.43003509953365,160.36757589209196,2556000
2023-08-11,160.9127960205078,161.40934494002488,158.31319016567684,158.3813369476481,2102500
2023-08-14,161.70144653320312,162.0908949373028,159.4523500580432,159.99758376638448,1827300
2023-08-15,157.64137268066406,160.46491049962052,157.43690263003478,160.05598525486494,2447600
2023-08-16,156.52169799804688,158.66370880936424,156.40486644706755,157.01826180271792,1994900
2023-08-17,156.34646606445312,158.3229458978021,156.15174184148145,157.6414036891483,2473000
2023-08-18,156.0056610107422,156.56064055119552,154.74967735806348,155.03202520489705,2139500
2023-08-21,156.63856506347656,157.38825408980435,155.85965328904553,156.63856506347656,2070500
2023-08-22,154.88600158691406,157.00852072919508,154.42839152293513,156.52170277657964,2255500
2023-08-23,155.23651123046875,155.8596376160517,154.51601531168333,155.12941068654803,2042500
2023-08-24,153.62998962402344,157.1642924075362,153.58131971818733,154.8178265138954,2468600
2023-08-25,154.14605712890625,155.43124891083147,153.1821521500827,154.2628886936705,2969200
2023-08-28,154.9931182861328,156.66777340620456,154.57444707786166,154.78864818785965,2509900
2023-08-29,156.015380859375,156.55086857808757,154.12652533398608,154.70096679807833,2175800
2023-08-30,155.947265625,157.59271272901313,155.89858085704296,156.0446351609141,3039900
2023-08-31,153.82473754882812,156.6969604145513,153.58132857958879,156.42434355752363,3653900
2023-09-01,155.4117431640625,155.9375148208539,154.52574586832733,154.87625535402043,2195500
2023-09-05,155.78176879882812,157.5927324553748,155.14891130568577,155.8888693591376,4151000
2023-09-06,153.83445739746094,155.62594371551612,152.7245131725242,154.87625484133753,2949200
2023-09-07,152.64663696289062,153.47423342997723,151.95536378561096,153.11397804042525,2617400
2023-09-08,153.27947998046875,153.62998946985797,152.57847585819388,152.88030058529225,1931300
2023-09-11,153.66896057128906,154.96389814060404,153.25028939612454,154.19471743647827,2611100
2023-09-12,154.3212890625,155.5091260406497,153.2989684034033,153.49369261073014,2659000
2023-09-13,154.9444122314453,156.46328181625017,154.43811741767556,155.13913643474,2976700
2023-09-14,157.51478576660156,157.69004792177572,155.78171537161253,156.3366948637449,3209900
2023-09-15,159.43287658691406,159.99758718447575,157.5537664550577,157.75822167180138,7273600
2023-09-18,155.42149353027344,159.6275926238675,155.1488766842305,159.47180732427043,2413400
2023-09-19,155.14889526367188,155.65517526323478,154.27261399087948,154.85680150607442,2230700
2023-09-20,153.0847625732422,155.97646227475113,152.74399893510903,155.78173807346016,1969700
2023-09-21,150.63121032714844,152.73425249226509,150.3683244853198,151.7216777354685,2712100
2023-09-22,149.04417419433594,150.9524920957982,148.88838889644,150.91355319957606,2380600
2023-09-25,149.1902313232422,149.26812398143005,147.74925428803053,148.19713335848434,2434400
2023-09-26,147.1358184814453,148.92731941474585,146.20113655289853,147.74921371089883,2332100
2023-09-27,145.94802856445312,147.50585208685072,145.04255422732015,147.50585208685072,3705400
2023-09-28,146.26934814453125,146.9022205277686,145.0912567751105,145.8214838551096,3489800
2023-09-29,145.25674438476562,147.6908341697332,144.75044954967098,147.4571562020345,3579400
2023-10-02,145.5391082763672,145.94803362245446,144.16629277754086,144.5070564710269,2657600
2023-10-03,141.2258758544922,145.2469816087234,140.50538001367556,144.58491639540807,4184100
2023-10-04,142.7642364501953,143.04658432369857,140.59301770139203,142.0534715481094,3476700
2023-10-05,143.80052185058594,144.24045520839056,141.53241335915845,142.32429638671601,2706200
2023-10-06,145.9806365966797,146.98760063445317,142.87174589281636,143.4290056568984,3204600
2023-10-09,145.49185180664062,146.1077525760745,144.12315193752138,144.29913424132187,2279400
2023-10-10,147.55462646484375,148.33673841873772,145.66779573421135,146.156613840702,2909100
2023-10-11,148.12167358398438,149.39260378444695,146.41081002270113,148.04346088822015,1727000
2023-10-12,147.8968048095703,149.30460334024502,146.7529722327833,149.08952218041722,2377200
2023-10-13,147.72084045410156,150.6928480322794,147.0658110519674,149.50013063719317,2951500
2023-10-16,149.37303161621094,149.97917621705326,147.8283795147461,148.9624261935696,2586300
2023-10-17,150.937255859375,151.26964859495584,148.11188777184816,148.17054355841594,3919400
2023-10-18,148.14122009277344,150.15514838536646,147.75017155893715,149.69565815345888,2632200
2023-10-19,146.27392578125,152.56013440368395,145.67756709312684,147.04626674527654,4642200
2023-10-20,138.40399169921875,144.63153076619216,138.27689419416296,141.46398347381742,8268100
2023-10-23,141.3564453125,142.58827673956193,137.7587504746853,138.33555237788693,5313500
2023-10-24,141.19024658203125,143.23350307035443,140.32992177955936,142.58827438604808,3521100
2023-10-25,140.31036376953125,141.60083590832613,140.02684089311737,140.86760869473594,2841400
2023-10-26,140.13436889648438,141.66926488618165,139.79220517806422,140.16369678899053,3378000
2023-10-27,138.1497802734375,140.74052536471686,137.87604330857303,140.6329847772668,3442500
2023-10-30,140.06594848632812,140.6427502885599,138.56038032070342,139.5282455700336,3303300
2023-10-31,142.7642059326172,143.3996634637296,139.87041127957312,140.12459130850934,3737200
2023-11-01,143.1748504638672,143.53658608253878,141.89414914281508,143.21396427442255,2332600
2023-11-02,147.47647094726562,147.53512675004222,145.01282280780487,145.01282280780487,3108400
2023-11-03,149.3437042236328,150.43866693855855,148.991754586254,149.16773686371587,2667700
2023-11-06,149.56857299804688,149.64678568697062,148.12166062927503,149.18729546300924,2490000
2023-11-07,149.55877685546875,150.35065976501568,148.94287621334564,149.54900586410125,1583300
2023-11-08,149.588134765625,150.36047584742596,149.02110388409494,149.5490358747647,1804500
2023-11-09,148.96243286132812,150.71241012876226,148.64959701378433,150.24313398112827,2052900
2023-11-10,150.92747497558594,151.02522964094376,148.69846572683053,149.61743118540477,2088100
2023-11-13,150.88839721679688,151.78782090766336,150.06718622742497,150.6342171251001,1753600
2023-11-14,153.40090942382812,154.3883166779592,152.54058473980388,153.09784456946835,2968600
2023-11-15,155.8645477294922,155.87433363969538,153.4888986873019,154.00704473150503,3272600
2023-11-16,155.4930419921875,156.51956299493008,154.43719309658465,156.07961476693706,3749100
2023-11-17,158.924560546875,158.94411745052693,156.333830220991,156.333830220991,2975800
2023-11-20,160.18572998046875,160.9678271658128,159.12009496797444,159.26674937838715,3242900
2023-11-21,158.6605987548828,160.4496750889101,158.11312477852306,159.99018480499095,2759700
2023-11-22,160.12704467773438,160.9971403970768,159.20807907692082,159.62845552986832,2527500
2023-11-24,160.7429656982422,161.52507775601669,160.30303232747738,160.87983418953672,950700
2023-11-27,160.3714599609375,160.8407361486075,159.6675755145261,160.0977229769034,2146400
2023-11-28,161.95521545410156,162.2680512790118,159.9510582731915,160.2541231064792,2117800
2023-11-29,163.6856231689453,164.94678223127468,162.6786590679617,162.6786590679617,2720200
2023-11-30,166.95095825195312,167.34200681225212,163.78341121036436,164.24290147336617,4253100
2023-12-01,169.8740997314453,170.44113064769647,166.50125705081425,166.85320676029608,3412000
2023-12-04,169.37548828125,171.38941666419373,168.7986864468236,168.99421072251354,3631000
2023-12-05,166.86294555664062,168.8475608393457,162.21917343684893,168.2512021388391,6452500
2023-12-06,163.7638397216797,168.52493831166143,163.44121797527103,167.8894658108401,3890700
2023-12-07,164.84902954101562,165.43561729304642,163.98871973359564,164.6926190690141,2797100
2023-12-08,164.66326904296875,165.34762636287692,163.8225161754558,164.57528535928188,2681300
2023-12-11,164.62417602539062,165.71912390820881,164.10602997958944,164.6339470180779,2811400
2023-12-12,167.2148895263672,167.25400332829557,164.01802988454733,164.62415955653557,2946200
2023-12-13,170.65618896484375,170.75395856118826,166.34480933135143,167.3811163329468,3207700
2023-12-14,174.8600311279297,175.876766327334,171.67294212537482,171.8098106121705,4548100
2023-12-15,176.47311401367188,177.12812851068225,173.53043427321424,173.56953315947138,7139200
2023-12-18,178.6728057861328,178.75101848066228,176.98149915487843,177.32367782875156,2814400
2023-12-19,181.595947265625,181.6155041690269,179.0932006618537,179.1127575652556,3978300
2023-12-20,176.61000061035156,181.49818235896407,176.50246001518022,181.2049033880848,4020700
2023-12-21,180.65740966796875,181.06803005130718,177.76361450404053,177.76361450404053,3496800
2023-12-22,181.41998291015625,182.2020800487049,180.5010023630602,181.48840969688322,2782600
2023-12-26,181.80125427246094,182.01632053592826,180.98981434728196,181.80125427246094,1230000
2023-12-27,182.8766326904297,182.94507438765993,181.46883411784665,181.9772091396228,1825400
2023-12-28,183.60009765625,183.86406363061568,182.81798564325098,182.93529722405978,1486100
2023-12-29,183.15037536621094,184.08891274976963,182.35849237377943,183.55120981739464,1915000
2024-01-02,184.09866333007812,184.5190546369767,181.9087678738236,182.3193732718713,2236600
2024-01-03,182.1531982421875,183.2970308958651,181.43951301953607,182.50513298096917,2720500
2024-01-04,183.54592895507812,184.94847323005882,182.1924274107558,182.43762609830753,2777500
2024-01-05,185.4290313720703,185.87038596484754,182.93781958310794,183.23206096687224,2243300
2024-01-08,185.576171875,185.69386245002875,182.80052107656957,184.60517973379447,3442100
2024-01-09,183.18301391601562,184.37958454019142,182.76126445057426,184.22265381045798,2055500
2024-01-10,181.4176025390625,182.5259053738161,180.14256639597482,181.4764478283875,2757800
2024-01-11,181.47645568847656,181.8001197595224,178.54387392893324,181.45683560260514,3493300
2024-01-12,178.5438690185547,182.8299522362776,178.45560108317173,182.2610894875761,3366300
2024-01-16,177.4944305419922,177.67096641685555,175.3857277749526,177.53365574782612,4142900
2024-01-17,177.5238494873047,178.11233232272994,175.5622599902074,176.00361463390624,2377600
2024-01-18,176.3370819091797,176.72940878949507,174.39511249027424,176.6411408535767,3215200
2024-01-19,179.65216064453125,179.85813411329386,175.9643780168238,177.52383797410064,3388900
2024-01-22,181.4568328857422,183.18304123880762,180.5250808582982,180.72123681685372,3145100
2024-01-23,181.90798950195312,182.4474295661506,181.26066142491615,182.11394800281275,2327600
2024-01-24,182.2512664794922,184.80132355413068,182.16298358827427,183.49686489211572,3052500
2024-01-25,184.4580535888672,184.7130548054731,182.8495360255829,182.8593535499736,3472500
2024-01-26,197.56146240234375,200.83732796096947,188.567577110397,188.84219841963667,13555400
2024-01-29,197.00241088867188,199.00322535817136,195.24679507780283,198.03224824806742,4935500
2024-01-30,200.22921752929688,200.5136563525278,196.56105519481338,196.6493231196485,4284600
2024-01-31,196.88473510742188,201.37677666676825,196.80626973487884,198.51284294903616,3495000
2024-02-01,199.31710815429688,199.56230683916675,196.04125731621272,196.5120346007557,3028300
2024-02-02,202.44581604003906,202.99505861897688,199.10130287775388,199.48381217135258,3393000
2024-02-05,201.98484802246094,202.7498666348056,199.5132413702575,201.5434934331449,3099300
2024-02-06,201.70042419433594,203.10296839839404,200.08211892462373,201.49446568802176,3255300
2024-02-07,205.06455993652344,205.13320778409704,201.65139853323717,203.10297051486057,3272100
2024-02-08,207.15367126464844,207.28116440884992,203.9562707161853,204.2505121421913,4136600
2024-02-09,208.38946533203125,210.1352788199506,206.36903050662394,207.48713594232217,4785100
2024-02-12,208.1834716796875,209.8998623555938,207.54596112921791,208.1736691206341,4041400
2024-02-13,205.64321899414062,206.91825507274197,203.62278434555563,206.1826590619034,3381700
2024-02-14,206.849609375,207.232118733653,204.80956943934422,207.0948080655658,2770800
2024-02-15,208.4482879638672,209.02695322168788,206.60438921339983,207.40864801842966,2644500
2024-02-16,208.47772216796875,210.1744928340403,207.8009714202884,208.4482995237861,2831300
2024-02-20,208.40908813476562,209.64488416957226,206.24152508661282,206.94769852528538,3341700
2024-02-21,206.83978271484375,208.60521607436377,205.08416687987634,207.53615349983784,2599400
2024-02-22,209.88027954101562,211.41031699732767,208.39926985091978,208.39926985091978,3027800
2024-02-23,210.43930053710938,212.1655087223768,210.14505914500796,210.87085258342623,2617000
2024-02-26,212.79324340820312,213.36209121437219,209.15448816631573,209.32122148408814,2684500
2024-02-27,213.79360961914062,213.89169506860213,212.14588182150393,213.2541695785792,2428100
2024-02-28,213.84268188476562,214.99020996644393,212.59706834007596,213.0090003463907,2599200
2024-02-29,215.2059783935547,215.51983989148695,213.4699675267492,214.78424384216564,5186500
2024-03-01,215.4413604736328,216.14753383220912,214.23497225605055,215.09807635336358,2342800
2024-03-04,214.7057647705078,215.36289540342437,213.06783946773277,214.86269550946255,2625300
2024-03-05,213.0286102294922,214.69595826064665,211.96935013581128,213.26400635000118,2672300
2024-03-06,214.2545928955078,215.07845682740393,213.09726236723552,213.44053152265604,2727900
2024-03-07,219.129150390625,220.3747638518085,216.56927562134464,216.7654315684765,2974100
2024-03-08,219.08010864257812,220.58072334517288,218.56028864577024,218.7564445937797,2242800
2024-03-11,215.96119689941406,218.08951969626617,214.0976779078927,217.6579676147404,2808200
2024-03-12,218.37393188476562,219.14876807118546,215.42174525360448,216.99102274492466,2067700
2024-03-13,218.53085327148438,219.19780141475138,217.60890390723392,218.85451730142793,2693100
2024-03-14,216.23580932617188,219.98243730872832,214.89212537235636,219.97263474936642,2417900
2024-03-15,214.26441955566406,217.34411435540545,213.04822872405512,216.73601145673115,5267900
2024-03-18,216.7261962890625,217.47159483980343,214.78422706098826,215.67673882380345,1893000
2024-03-19,217.43235778808594,217.68735899702963,215.1569071270944,216.8046498412155,1817600
2024-03-20,223.53292846679688,223.6800416886588,216.98121194798313,217.23622815353016,2249700
2024-03-21,224.7196807861328,227.24033039255877,224.59218764961665,224.7098782266284,3523700
2024-03-22,221.62039184570312,226.11241870282248,221.5713491142693,224.65104407998223,2284700
2024-03-25,221.68902587890625,222.63059538022821,220.90438712209453,221.0122751382279,2119500
2024-03-26,220.14918518066406,222.5128890362117,220.01187452114786,222.26769036095138,2106400
2024-03-27,223.37600708007812,223.6212057706161,220.81613215223226,222.83656696774653,2153100
2024-03-28,223.31716918945312,224.0723853717447,221.9930902303729,224.0723853717447,2295800
2024-04-01,223.2386932373047,224.18026278050604,222.4736745309649,223.07195992599884,1616700
2024-04-02,221.1986083984375,222.61095503903286,220.27665906550786,222.02247228353875,1984500
2024-04-03,222.2775115966797,222.8954020919478,220.924010097611,221.47325274484476,2070100
2024-04-04,216.0399932861328,225.96686963500252,215.66614676674718,225.4356061537136,3035300
2024-04-05,218.86358642578125,219.51290506549478,215.97111380595277,216.44334963813708,1827900
2024-04-08,220.48690795898438,221.21495009282955,219.5227554125133,219.84742224198047,1401200
2024-04-09,216.2859344482422,220.30980951450144,214.44617076523653,219.38501871415383,3503000
2024-04-10,214.13134765625,215.9514455713756,212.03579258399537,213.99361157163182,3115000
2024-04-11,214.67247009277344,215.6267898038353,211.0421220184197,213.98378963430304,3139000
2024-04-12,214.67247009277344,214.75117857547122,212.62609457895564,213.49187287652302,2441200
2024-04-15,214.8692169189453,219.1292175082187,213.31477329709213,218.30280102295592,3459000
2024-04-16,214.8101806640625,215.8333758054653,213.00976374303224,214.18052788939397,4176700
2024-04-17,214.15103149414062,216.71883747387562,213.01962899854752,216.01047616828615,2256800
2024-04-18,213.98379516601562,217.86993465051697,213.66896122708576,214.7315032528114,3901500
2024-04-19,227.3048858642578,227.85584523595446,215.30212013343433,215.30212013343433,7573700
2024-04-22,229.23318481445312,231.56486519517242,224.00903180280758,228.2788652046004,5151300
2024-04-23,235.0968475341797,235.54940251385466,229.8923601831679,230.97458298170733,4684500
2024-04-24,235.2542266845703,236.6611161863674,234.12282433288985,234.41797734136037,4429200
2024-04-25,233.2669219970703,234.5950881757591,231.60424102901393,234.28026927131046,3329000
2024-04-26,231.83053588867188,233.08984162500636,230.6302577630861,232.18471656527274,2993300
2024-04-29,235.0574951171875,235.25425881233724,231.83052247798727,232.7651612890293,3696300
2024-04-30,230.2465362548828,235.73632859175268,229.99074496762685,234.03430096247743,3564300
2024-05-01,227.7180938720703,231.33859371344477,227.49180137290423,229.44963531636589,4176000
2024-05-02,228.74130249023438,230.1678581485044,227.177010734175,229.80384453551304,2734900
2024-05-03,227.0392608642578,229.57755309421117,225.42577452569537,229.4889966700615,3203100
2024-05-06,230.54168701171875,230.77781243677643,227.58035382314026,228.54450637093916,2259600
2024-05-07,230.8663787841797,232.18471210594305,229.6365868768389,231.69279534300674,2084300
2024-05-08,232.42083740234375,233.0209764532123,229.74480901277656,230.6105723067366,2501900
2024-05-09,235.27392578125,235.51005120873972,231.75180030142215,232.1453426805717,3166300
2024-05-10,238.38287353515625,239.60281753640623,236.42503935506397,236.61197013257387,2590800
2024-05-13,234.79183959960938,239.60278442131565,234.2507432284757,239.0223263066154,2768800
2024-05-14,237.62530517578125,238.17624953644483,234.25076346066294,234.29994312620883,2387300
2024-05-15,237.7925567626953,238.94364016986952,236.36600117322854,237.72369622317618,2013400
2024-05-16,237.41868591308594,239.41586653615093,236.95628300901606,237.81221327258493,2605900
2024-05-17,238.8944549560547,239.25846854303597,237.98931493570458,238.87477408288856,1848700
2024-05-20,238.38287353515625,240.4587629380511,238.186109826449,239.17977631329114,1983200
2024-05-21,239.15025329589844,239.64217005477298,237.43837757065612,238.4222110884052,1825800
2024-05-22,236.20858764648438,239.5339497681271,235.65764327388024,238.98300539552295,2292700
2024-05-23,231.65342712402344,236.9366078641287,231.318912347047,236.9366078641287,3272600
2024-05-24,234.32943725585938,236.18889683513882,232.8635350647669,233.03078494506101,1624200
2024-05-28,233.41448974609375,234.6147677752614,232.06664270190845,233.90640647896223,2315400
2024-05-29,232.12567138671875,233.81786615661937,230.87619867603584,231.64358758190852,2711300
2024-05-30,233.38499450683594,233.48338386607858,231.18120196393397,232.54872998959902,2386300
2024-05-31,236.1200408935547,236.30697166119933,232.09616546623292,234.1523738861084,5102500
2024-06-03,233.0504913330078,237.45806134293443,229.75464300347437,236.2971299715234,2677200
2024-06-04,233.41448974609375,236.12003177687038,231.9190586747835,232.56839236507568,2512100
2024-06-05,230.8958740234375,233.85720729384448,229.92187350678068,232.43065179845527,2925100
2024-06-06,229.57757568359375,232.57825614238791,228.93807483878288,230.99428345198373,2709600
2024-06-07,228.90853881835938,230.33509439202723,227.9640670644185,228.65274751252286,2212500
2024-06-10,228.68226623535156,230.13833564439224,226.87201615793796,228.20018240525533,2933500
2024-06-11,220.90013122558594,227.8951879056712,220.5853123166256,227.8951879056712,3168100
2024-06-12,220.4180450439453,224.70755959368344,219.2276149464601,223.75323992235334,3091100
2024-06-13,218.59796142578125,220.13273923932272,217.17140589458478,219.79823946193187,3011300
2024-06-14,221.18544006347656,221.99217567388453,217.76168890094468,217.8010506451247,2373800
2024-06-17,224.57968139648438,224.77644509769712,220.3983889442539,220.57547177171293,2426700
2024-06-18,225.60284423828125,225.60284423828125,223.10391390031688,223.90081658659474,2176500
2024-06-20,226.48831176757812,227.93453317032439,222.77925534898588,224.8649775202384,2968100
2024-06-21,226.6555633544922,227.37375759602762,223.82211811036348,227.37375759602762,5064300
2024-06-24,227.7279510498047,230.11865934981486,226.48832619188556,227.93454768673698,2152600
2024-06-25,226.86216735839844,227.56069576164668,224.84530564367068,227.12780661170223,3206800
2024-06-26,226.95069885253906,228.73145005281518,225.4356019060636,226.32104602889754,3151900
2024-06-27,224.70755004882812,226.60635638044585,223.69420281400298,226.07507791994894,2264200
2024-06-28,227.806640625,229.82350222006357,225.0420710048277,225.54382066498007,3901100
2024-07-01,230.0301055908203,231.0041061489913,227.80664731071892,228.57403623093566,2792700
2024-07-02,232.15518188476562,232.37162644612084,229.2036815158569,229.77430672196547,1871700
2024-07-03,231.89939880371094,233.73916262828234,231.38780118492406,232.6766206563901,1365900
2024-07-05,232.5111846923828,233.56701424544943,230.46857617350858,232.5901276119203,2488300
2024-07-08,231.40599060058594,236.32994775079743,230.66591769531203,233.10322566789316,2638600
2024-07-09,234.60311889648438,236.03392355031403,231.02116109578077,231.85991643948557,1943400
2024-07-10,235.76751708984375,236.2806385896656,232.5013306340393,233.43876848664382,2203000
2024-07-11,235.5898895263672,236.7740032372294,233.82358870738094,235.70829638040658,1868700
2024-07-12,235.4714813232422,237.07989628974565,234.09000278779888,235.80697744564682,2612200
2024-07-15,240.77040100097656,241.4216688140429,237.26738600783548,237.26738600783548,3054400
2024-07-16,246.32586669921875,246.4541357621245,240.57303160006174,240.90852769815615,3074600
2024-07-17,246.6515350341797,247.51987711191052,244.10568211800063,245.51674740482804,2471900
2024-07-18,245.90158081054688,250.37162043550845,244.48063827022096,247.4804092013142,4053300
2024-07-19,239.17184448242188,240.1586084054528,234.5044402855733,238.59951960024523,5750400
2024-07-22,241.51048278808594,242.3591004085315,236.72467148845274,239.79350805179186,2590000
2024-07-23,243.6320037841797,245.69435180288693,241.79662230608318,243.69122226661446,2564000
2024-07-24,237.8002471923828,242.36895399347117,237.48447550447872,241.75716516918553,2838100
2024-07-25,237.00096130371094,241.7177068970912,236.2214243982798,236.82335101772276,3828800
2024-07-26,242.6353759765625,243.12875792901855,238.67845813832102,238.7277842881088,2174400
2024-07-29,244.60891723632812,244.67799794074512,241.0763004556815,243.3656000682305,2059300
2024-07-30,249.13815307617188,250.32226678197503,245.9311703005094,246.15813684554553,2498800
2024-07-31,249.69073486328125,252.84837638543917,249.08880827180565,249.75981556472684,2180700
2024-08-01,245.38844299316406,251.6247981591278,243.14849974850281,250.49002568035482,3929700
2024-08-02,229.20550537109375,241.41176935065783,227.00502620632665,241.27362301423346,6902600
2024-08-05,222.92970275878906,227.72537600708205,219.09119171640805,223.64017398496748,4890700
2024-08-06,228.0608673095703,230.09359853055477,223.50202291855376,223.9559409366793,3148200
2024-08-07,225.77157592773438,233.0440208140691,225.48540597429817,230.92248452136863,2665300
2024-08-08,230.44882202148438,231.39612193885807,227.9523106950906,227.9917896807594,2239200
2024-08-09,234.70179748535156,235.18530215555128,230.00479172806013,230.4291080307164,1956400
2024-08-12,233.91238403320312,235.82670839623842,232.2842145743639,235.04715648832752,1747000
2024-08-13,235.8267059326172,236.102998615445,233.34005673034508,235.5504132497894,1913200
2024-08-14,240.53355407714844,240.8591879590992,236.33980765499214,236.6358398255675,2132500
2024-08-15,246.1975860595703,247.0462035917479,242.1025220135727,244.4904887769511,2656800
2024-08-16,248.37835693359375,248.41782086602825,245.8325041721202,246.08905737500132,2149700
2024-08-19,250.68739318847656,250.74659661843472,248.50663815846966,248.66452400957368,1653400
2024-08-20,249.73020935058594,251.24981912995196,248.92105572618038,250.8551195931048,1659700
2024-08-21,243.03993225097656,246.51334511862592,240.12898198886592,246.33571980120595,3502500
2024-08-22,244.48062133789062,245.6252710890792,242.50709351452653,243.5037347016917,1981300
2024-08-23,247.97377014160156,248.83224991316501,244.71744627257783,244.71744627257783,1868200
2024-08-26,250.51962280273438,252.76944328167994,248.61516065338938,249.07894088918118,1931000
2024-08-27,251.65440368652344,253.2825581471503,250.3420058537269,250.3420058537269,2518100
2024-08-28,253.6871337890625,255.2067586649306,250.39134589418143,250.8452639245482,2557100
2024-08-29,256.4007263183594,258.10783869399404,253.43055736435426,254.58508436905458,2423500
2024-08-30,255.22647094726562,258.285444990899,252.71023510455964,257.0421128686169,3442100
2024-09-03,250.9439239501953,254.07197875011403,249.4440386125592,252.38460586317063,2970300
2024-09-04,248.407958984375,253.18387777021638,247.34225212532368,251.6149417804453,3062600
2024-09-05,248.50662231445312,249.81902013653692,245.08255030316306,249.36511716458165,2711200
2024-09-06,240.82960510253906,250.21373982058893,240.0994094223499,247.96390418216703,3653000
2024-09-09,247.5988006591797,249.79927998184414,244.2536715772515,244.96414280322054,3080800
2024-09-10,242.17160034179688,249.15789072824313,237.40552878362206,248.3882160723215,3630900
2024-09-11,250.81565856933594,251.25971440112107,240.27702660112837,241.1651081510521,3149900
2024-09-12,251.77279663085938,253.59831582195628,249.24668352047925,250.79591003117966,2279600
2024-09-13,255.57186889648438,256.765844871477,252.36488598562116,252.83854353336912,2199200
2024-09-16,257.6341857910156,259.3708999099442,255.71986139546334,257.85127505588173,2170200
2024-09-17,261.8871154785156,263.6830328833793,257.8907339969189,258.05846698503206,2765700
2024-09-18,258.7097473144531,262.8245659517438,257.5453731611523,260.90036433669144,2577400
2024-09-19,265.19281005859375,266.5249474062684,262.8245826147531,264.28497397973786,2973300
2024-09-20,265.4295959472656,267.896505549701,263.4166193935011,264.847408894728,5847200
2024-09-23,263.7619934082031,268.8043728827432,263.51530241918925,267.76825266069716,2534900
2024-09-24,262.6864013671875,264.94609906101783,259.5484994882644,264.2257505950986,2340300
2024-09-25,262.64697265625,265.1632086721282,262.0351537145018,263.5547786225807,2116300
2024-09-26,264.6007385253906,265.42961660267406,262.8146982433314,264.73889992842703,1430600
2024-09-27,267.47222900390625,269.0707817555934,263.8804239504537,264.4527337810206,2231900
2024-09-30,267.6103820800781,267.88667476789846,263.75213161232807,266.52493576591087,2113100
2024-10-01,265.0447692871094,268.2319971675577,262.9922836684813,267.689289109532,2429500
2024-10-02,267.3341369628906,267.7979172835781,262.7259354737766,265.044837077214,2009500
2024-10-03,265.034912109375,267.5116991330779,264.0975044731912,266.0710322718658,1614500
2024-10-04,273.02880859375,273.8400765641065,267.122433576966,269.34845385677403,2239600
2024-10-07,270.8720703125,273.3652023479813,268.65592275529303,271.4260996537181,3287500
2024-10-08,266.24188232421875,269.59576709340547,263.32334075915594,268.3590892627018,3332800
2024-10-09,268.5273132324219,268.69548452378405,265.55928619003964,265.9451140055365,2087000
2024-10-10,267.5874328613281,269.99152758181265,267.00372448427635,268.042521899103,2052800
2024-10-11,273.216796875,274.1566540260734,268.1117865413902,268.487741478753,1723200
2024-10-14,273.5729675292969,274.74041458407294,272.1779910306852,273.2168187342484,1399000
2024-10-15,274.3545227050781,278.42073543457093,273.9488887213932,277.5797884046062,2264600
2024-10-16,278.6779479980469,278.86592546134744,274.73048165340055,275.9078014741429,2243600
2024-10-17,282.7342529296875,283.30805820269194,279.46943528217025,280.9732247708592,3571900
2024-10-18,273.840087890625,276.22440666758564,266.18255728057005,273.8499607837132,7884400
2024-10-21,267.8545227050781,273.4146215601308,266.65742698458035,272.06913053417145,4092700
2024-10-22,269.496826171875,269.92223609844143,265.7175314842933,267.73579815293675,2595400
2024-10-23,268.3393249511719,270.4367258124451,266.0934985898984,269.1011076587608,2051100
2024-10-24,267.1026916503906,268.33936974127306,265.8462073869589,267.3500272685671,3490600
2024-10-25,264.50067138671875,270.2586508502967,263.51132908132035,268.75483122299926,2993300
2024-10-28,268.5767517089844,269.071422852207,264.8271359895043,266.3705075409725,2336900
2024-10-29,267.5478515625,268.903245787186,266.7069045042228,267.41923222281446,1749000
2024-10-30,271.158935546875,272.1384049952878,267.3895436429095,268.1117744211063,2152900
2024-10-31,267.2015686035156,271.15893800351773,265.7769433964607,270.7830132720768,2315400
2024-11-01,269.78375244140625,271.8217951507167,268.0623065121887,269.39789445460605,2508300
2024-11-04,267.3104248046875,269.9124001409714,266.83552958463173,269.4276018353934,1944000
2024-11-05,272.9991455078125,273.23657802334094,268.2997690865288,268.8241193532103,1859600
2024-11-06,292.0143127441406,293.666497680288,283.7532974863999,284.93061738333586,5380500
2024-11-07,283.7632141113281,289.9169254741758,281.616327669677,289.20459768903686,3876900
2024-11-08,284.5348815917969,287.00823760321316,282.90247266272894,283.62467329496866,1814400
2024-11-11,289.84759521484375,291.0446908629429,287.3346574891271,287.3940156077218,2299500
2024-11-12,285.4351806640625,290.42144453735557,284.5150693014309,288.88797592019205,2251400
2024-11-13,284.574462890625,287.5127808387578,284.3765823333699,284.8514775553817,2118100
2024-11-14,285.22735595703125,287.4632790828733,284.297371835256,285.266938100517,2979400
2024-11-15,283.8126525878906,287.4534254138909,282.4473552300569,284.930614342996,2614400
2024-11-18,282.4968566894531,284.4557354524633,280.587402780559,283.8819301058078,2074400
2024-11-19,282.5067138671875,283.56531749492785,278.31191169892156,278.88574720599,2512900
2024-11-20,284.6436767578125,285.25706417906827,282.0516046525926,283.10030511970706,2387400
2024-11-21,289.8773193359375,290.93592293598647,284.46561527238214,286.7312177920352,2410300
2024-11-22,298.0888366699219,298.7022542857892,289.39253919006444,290.2730381776875,3788900
2024-11-25,301.9571838378906,302.5408922276939,299.2760744020595,299.82020064222064,3478400
2024-11-26,302.3133239746094,303.69839711086547,298.7813648329088,302.3528759268381,2130500
2024-11-27,301.0074157714844,304.5393752750123,299.5629843665821,303.7281072862636,1697000
2024-11-29,301.43280029296875,304.509670500814,301.4229274008987,303.9754172128039,1326600
2024-12-02,299.03863525390625,303.5797131218239,296.7136746394387,302.9465195109335,2166900
2024-12-03,298.89019775390625,301.7395085039443,297.93056467545915,300.60177085937084,2128700
2024-12-04,299.375,300.2950811358106,297.50512847335364,298.78138855381076,1561200
2024-12-05,297.3270263671875,300.1961128651311,297.11927294771357,299.05837531157255,2793600
2024-12-06,300.7501525878906,301.49215930418745,297.41607390676967,298.425222364025,1797600
2024-12-09,293.5576171875,301.8186305508219,293.0035879739138,300.82928835622835,2377900
2024-12-10,298.89019775390625,301.7296356113992,293.34990484253444,294.2600828812604,2967800
2024-12-11,299.1177673339844,300.8886986230997,296.34762078592655,300.1367887633413,2071200
2024-12-12,297.0994873046875,301.2052820960277,297.05993535027494,300.394014145596,1668100
2024-12-13,298.919921875,301.0766810222147,298.03939266244896,299.2364884911568,1662000
2024-12-16,300.33465576171875,300.9579462549907,297.6238372702236,300.46327509427726,1813700
2024-12-17,298.12841796875,299.80040894353857,296.50591222650286,299.1078572266167,3611500
2024-12-18,284.71295166015625,300.3544524237281,283.3773333957822,299.37501311960955,3541200
2024-12-19,289.9564208984375,293.69613349315995,288.09648278154475,289.89706277727765,3540200
2024-12-20,295.4670715332031,299.4937019359562,288.88795128386886,289.2342271269561,6232400
2024-12-23,295.6155090332031,296.565299514207,292.04399731666325,293.3202575182818,1902400
2024-12-24,300.225830078125,300.38412848195077,294.82402913902837,296.1002892626446,862900
2024-12-26,300.7501525878906,301.64058480131126,297.80193189156273,298.26692397480195,1228900
2024-12-27,297.84149169921875,301.8384431035969,295.5264343064002,297.6436413517203,1676000
2024-12-30,294.1611022949219,296.50586866452727,290.99522537835225,294.18090846196145,2392800
2024-12-31,293.626953125,295.6847721289131,292.5188944157902,294.8735040766933,1231300
2025-01-02,295.2494201660156,297.1390676129645,291.4800283568255,296.8026948485492,1930100
2025-01-03,300.5548400878906,300.9019300744703,295.05109266968975,298.1748420222718,1979600
2025-01-06,299.3648681640625,302.60761301016726,297.66912363566996,301.7845415355239,2714000
2025-01-07,299.5036926269531,301.844045892226,294.37678371782147,301.4672070412933,2058800
2025-01-08,300.3267822265625,301.6655406247264,296.36010861026534,299.3846851373647,2061300
2025-01-10,290.8563537597656,298.8095543565145,290.7175359091671,297.926954880854,2685500
2025-01-13,294.54534912109375,295.22960276568284,288.7341865897362,290.0828411415924,2202800
2025-01-14,297.8575134277344,298.0360367442493,294.2577824683338,297.1038660042436,2370900
2025-01-15,309.7178955078125,311.34421601807264,301.67544869486244,302.4588752388827,3099500
2025-01-16,308.8848876953125,311.3838811973887,307.5461292871824,310.0947243678224,2361000
2025-01-17,309.95587158203125,312.77220619643003,308.18077667860706,310.4120305706821,2183500
2025-01-21,315.3009948730469,317.03641465553943,312.37556084866026,314.2994000571747,2779100
2025-01-22,319.56512451171875,320.130382732158,315.0331929071154,315.65794880725184,2927400
2025-01-23,323.1549987792969,323.55166011377673,319.3073202818702,320.8543206706657,3935800
2025-01-24,318.6627197265625,321.7666466577923,311.1161377360085,321.6972226066609,6260100
2025-01-27,313.78375244140625,316.1736468364608,309.2418938745961,315.4794970613644,3099100
2025-01-28,314.3985595703125,315.2216310305381,308.1312079880069,314.00189826100717,2431300
2025-01-29,312.6234436035156,316.81821156870706,311.5227062745547,313.99195075230074,2155400
2025-01-30,316.29266357421875,319.2081712322134,313.36722954748257,314.35889799541764,2517400
2025-01-31,314.8051452636719,318.9602382751719,312.8813061491833,318.2363094493471,2033400
2025-02-03,313.892822265625,314.358907661018,306.61397926557714,309.58898470085495,1997200
2025-02-04,313.1986389160156,314.7158904614426,310.5012994726655,312.62348452046683,1884100
2025-02-05,317.8594970703125,318.03799013373265,312.4747444805627,315.29107933558834,2065700
2025-02-06,317.4826354980469,320.55681362257434,314.5671279507622,320.4080694136962,1730400
2025-02-07,314.13079833984375,318.72222802257323,313.65481686096234,318.15696975308276,1607100
2025-02-10,307.675048828125,315.79681548108704,303.4604581094973,315.79681548108704,3227000
2025-02-11,306.99078369140625,307.9229543776217,303.78768397061765,305.9594401158093,1856100
2025-02-12,303.8471984863281,305.3941988037771,301.3779537994997,304.2934613816116,2238400
2025-02-13,304.9380798339844,307.05033869252696,303.33158162138085,304.98765115627066,1975200
2025-02-14,308.44854736328125,309.25179634557406,304.8587126002804,304.86860870521633,1725500
2025-02-18,310.2434997558594,311.07649767359976,306.4553187801924,310.7790092255929,2024500
2025-02-19,307.337890625,309.40054762665085,304.313283780274,307.79404962533573,2148200
2025-02-20,301.3283386230469,307.37752177770324,296.20143005947114,307.13953105139456,2830300
2025-02-21,292.9388732910156,302.3993993982551,291.4017991980277,302.3993993982551,3280200
2025-02-24,293.0677795410156,296.4890478423062,289.98370514872977,294.63460239605956,2450600
2025-02-25,290.89599609375,295.9237619940481,287.117742024212,294.515579592452,2511700
2025-02-26,293.6330261230469,296.84602212952467,291.2232791181885,292.68103291063096,1899400
2025-02-27,291.7489013671875,298.4922354446614,290.59856221028707,293.5338926631886,2031800
2025-02-28,298.4525451660156,298.5616444386296,292.51246049786585,293.82147018930743,3336300
2025-03-03,293.028076171875,300.9316742698604,290.6679006155489,298.91858869475584,2342500
2025-03-04,281.1082458496094,289.3390815606448,275.26730437883396,289.1407660363137,5901200
2025-03-05,281.8123474121094,283.7361867255324,278.2919363381242,280.6421858438726,2569200
2025-03-06,273.343505859375,279.8091732532574,272.2427381438551,277.4688199762579,2944200
2025-03-07,270.9337463378906,271.8857699012793,262.5045639657272,271.38000927468664,3817000
2025-03-10,259.142822265625,266.3522414376733,255.30506997451212,265.4795683068455,4284100
2025-03-11,253.26219177246094,258.07177442780124,251.42759918195802,255.31493748958073,4925600
2025-03-12,258.5775451660156,260.63030609553493,252.8754516484525,258.01228689325194,5514900
2025-03-13,254.2935333251953,259.33122599776055,251.40778963626857,257.48670694416165,4194000
2025-03-14,263.4168701171875,264.4382873128338,256.8421040780022,257.98251663417943,4336800
2025-03-17,262.17730712890625,264.2201416951724,259.0932025421737,262.9805561446071,2975800
2025-03-18,260.5311584472656,263.2879957610861,258.28997787629805,262.39550013320445,3251700
2025-03-19,268.3950500488281,269.7437348280519,259.0832993834148,260.8385415804349,2894200
2025-03-20,268.5735778808594,272.2625860671771,265.9853375129534,266.7885866108085,2129500
2025-03-21,268.2562255859375,268.30579690005925,262.9507936522568,265.61838403966544,4229700
2025-03-24,275.5449523925781,275.9317175743302,271.94522171387223,272.9368900609498,2651400
2025-03-25,276.9531555175781,277.45891609675317,273.908726200689,276.5763166753158,2767600
2025-03-26,273.7004699707031,279.7794019176179,272.3121403061238,277.66714344853943,2578600
2025-03-27,269.753662109375,273.20467948183614,268.2860120563651,272.5699970974802,2312000
2025-03-28,263.2681579589844,270.36850788024526,260.81873561221323,268.375244558801,3261500
2025-03-31,266.8083801269531,268.08764088085206,256.8421244681684,260.303037619404,3946000
2025-04-01,268.22650146484375,268.61323643526083,262.9111426731425,263.5259722888396,2881400
2025-04-02,272.95672607421875,275.0094869177007,264.34905165776297,264.6663928077667,2473700
2025-04-03,245.75527954101562,258.82546228920495,245.1205972143731,258.0321396442208,7736200
2025-04-04,232.50238037109375,237.76573032585105,227.46788228003444,236.7210186835098,9097500
2025-04-07,233.099365234375,240.7207669785877,219.31915502418525,224.15466408690654,6283600
2025-04-08,230.22393798828125,245.75527392325765,226.21424789145334,244.5911718159748,4782100
2025-04-09,261.037841796875,263.43570042549396,225.11977416027665,225.81625870806334,8640600
2025-04-10,245.6458282470703,254.21243984076077,237.31801266900578,253.73486299140325,4799900
2025-04-11,249.8644561767578,251.49619092631886,241.9147156496139,245.64581783750293,4413500
2025-04-14,254.09303283691406,256.3217347763576,250.88925861707074,255.22727208688562,3067000
2025-04-15,256.5605163574219,259.3165765514404,254.0134349255809,254.70990428372804,3509100
2025-04-16,251.6454315185547,257.63509854312525,248.372017845552,253.87414871376308,4244900
2025-04-17,250.04354858398438,254.3318263859362,245.85477291583553,251.67528337785248,3907500
2025-04-21,241.2878875732422,248.99883215717733,238.06422497327358,247.59594926143615,4302900
2025-04-22,251.14794921875,251.9638241863271,245.1284346389298,245.8746550781994,2324100
2025-04-23,258.8290710449219,268.80852487917923,257.9535008384653,260.5503334899077,3872900
2025-04-24,265.9728698730469,266.64943578100315,256.6998299682792,256.7694844962772,2696300
2025-04-25,263.4754943847656,267.50507236838615,262.6695787880415,265.65446036517835,1940100
2025-04-28,263.6148376464844,266.64945549824336,261.20701950169405,263.6048783235233,1561500
2025-04-29,265.67437744140625,266.1320811947704,260.5105293241427,264.0923936777054,1730800
2025-04-30,265.06744384765625,266.0723637198655,255.9137946394308,259.6448967030358,3522700
2025-05-01,267.1867370605469,271.2859700129528,265.1768971477617,266.64944981651837,2473800
2025-05-02,275.454833984375,276.69853467026815,271.7237319266955,273.1166706221386,3099300
2025-05-05,276.62890625,280.1709637085845,272.69879956617916,274.0718501111857,2416300
2025-05-06,273.9822998046875,276.71844149703946,272.23115940517,273.0968006461508,3064000
2025-05-07,274.847900390625,277.40495636376903,272.5097673230118,275.94236309934297,2329200
2025-05-08,282.23052978515625,284.0612536607161,277.32538127370066,278.3203418819694,3418000
2025-05-09,283.0762634277344,285.5537057226437,281.54401552931284,283.56378442840924,2704600
2025-05-12,297.41363525390625,297.66237540335584,293.2447479200288,295.84158050566396,4089000
2025-05-13,300.7765808105469,301.49295366561563,297.31413731420463,298.4881835488543,3531700
2025-05-14,298.5876770019531,302.0899273228083,297.9409586958236,301.62229463429236,1954400
2025-05-15,298.0404357910156,299.41348627817314,295.50329840477264,296.5479948899814,1955000
2025-05-16,298.2095947265625,300.129861413223,296.32910460230556,298.84635372668833,2962200
2025-05-19,297.79168701171875,299.37370104110624,294.1998939219275,295.51324916408953,2751300
2025-05-20,294.677490234375,296.697259010217,292.70745734233805,294.9958545455448,2706600
2025-05-21,284.5587463378906,292.63782197011676,283.67321678340903,291.5632778265305,3447500
2025-05-22,285.7327575683594,287.59332890027866,283.63340542577663,284.1905808931818,2051800
2025-05-23,283.78265380859375,285.65318453061286,280.0415923645556,280.39979395743364,1724200
2025-05-27,292.2796325683594,292.37910433630674,286.69788787055893,289.06589893242653,2604300
2025-05-28,291.8816223144531,293.89146212672864,290.90658037506785,291.9811244455993,1676900
2025-05-29,293.8914794921875,295.11526164985537,291.32446403035846,294.76704971594967,2362200
2025-05-30,292.56817626953125,294.2596215737129,290.16038842385944,293.48355345664146,5251700
2025-06-02,293.8417053222656,294.2596021409943,288.8669022429589,290.87674211982335,1751200
2025-06-03,295.891357421875,296.7470089922129,291.1752233709006,293.7123912050336,2202400
2025-06-04,294.43865966796875,297.1449534994172,294.30930994204374,296.30919030550035,1842100
2025-06-05,294.4685363769531,296.9957448517568,292.657731126363,295.0058236132191,1696900
2025-06-06,300.94573974609375,301.9705479694617,297.7220770558469,298.7767328832434,2099000
2025-06-09,300.0403137207031,302.259086772021,298.07028081740697,302.259086772021,2097800
2025-06-10,298.0105895996094,300.2592102842343,296.49826041035914,300.1796267958687,2045300
2025-06-11,297.59271240234375,301.8611017472463,297.1449680005658,298.6672564573091,2013500
2025-06-12,296.48828125,297.0753043242563,292.51839841647364,295.1749564152197,1604500
2025-06-13,286.3397216796875,291.85178158225904,284.70797170908037,291.07571352310856,3405600
2025-06-16,292.7373352050781,294.9561084730656,288.5584881647206,289.46390603559104,2307800
2025-06-17,291.33441162109375,293.1054402791878,289.48379947485756,290.6180387726631,2625800
2025-06-18,294.9262390136719,297.73200487297026,290.6080832221643,290.6080832221643,3691500
2025-06-20,297.0852966308594,298.23945462770223,295.14514158299784,296.0803766586537,5687000
2025-06-23,298.12005615234375,298.358836985311,290.40911132862925,295.3242192324613,3101700
2025-06-24,306.8259582519531,307.6617215220113,300.6273427109529,301.5725674374529,2805900
2025-06-25,307.0348815917969,309.2038883678513,305.6319835310129,307.33338798392657,2467200
2025-06-26,309.85064697265625,310.6963392013441,306.6170249854977,308.01989272748517,3255200
2025-06-27,315.591552734375,318.50677998281566,311.5221675550888,312.49720950282267,4605500
2025-06-30,317.3725280761719,318.5167266391817,315.9895183331055,316.97451956400636,3416600
2025-07-01,320.9046325683594,322.7453157021604,314.70601726426014,315.3328472837944,3836200
2025-07-02,323.9690856933594,324.97400555156827,319.72061513375303,321.3622939461104,3040200
2025-07-03,327.3006896972656,328.3081467660213,323.36066074399855,324.5077481479725,1541800
2025-07-07,321.9143371582031,327.5799741149255,319.4505786644934,326.69220890605254,2160300
2025-07-08,316.1788635253906,323.6499232706157,316.14894056616134,323.6499232706157,2643900
2025-07-09,316.5479431152344,320.11888171310915,316.50803568697387,317.85462981661595,2424200
2025-07-10,324.41796875,325.27581098876743,316.6975408033281,317.04666229072825,2844400
2025-07-11,318.6625671386719,323.53023821158735,318.3932604999666,322.16370564407777,2091200
2025-07-14,320.1089172363281,320.95674458615787,316.87708534260145,318.4830320428373,1890900
2025-07-15,309.8648376464844,318.64261423962455,309.6453924706447,317.8047105206396,3006500
2025-07-16,311.1116943359375,311.70019951043287,305.83505581824505,311.65033805717553,2921900
2025-07-17,314.552978515625,316.17886366216084,309.7950149129864,310.13418237166053,3223300
2025-07-18,307.17169189453125,311.07178287832505,301.7454386469303,311.07178287832505,5481100
2025-07-21,302.20428466796875,308.38862716527643,302.20428466796875,307.18166336290074,2667200
2025-07-22,303.371337890625,305.38622162866375,300.96742521856,302.21426599615916,2296100
2025-07-23,307.8798828125,308.8075249839472,304.46851327690996,307.22154727263364,2139100
2025-07-24,307.4709167480469,309.7152300089815,306.2240760475276,307.5207781998889,2288100
2025-07-25,310.8224182128906,311.85979822666,306.73280495869034,308.6379812526481,2149300
2025-07-28,309.9546203613281,312.70765442833897,308.50830338182914,310.81246261080213,1653800
2025-07-29,307.76019287109375,312.8273400933815,307.0719343679253,312.11914309752945,1796400
2025-07-30,302.6431579589844,307.9696578623574,300.6083053804714,307.77015117096397,3132400
2025-07-31,298.55352783203125,303.1419079778853,297.316671522621,301.13697826822295,2718200
2025-08-01,293.5262451171875,294.1646421797134,287.6112400243181,293.28686143896397,3012900
2025-08-04,297.8353271484375,298.34404789346183,294.783063559185,294.7930480256981,1876000
2025-08-05,295.8902893066406,299.5909041622232,294.48384927527997,299.0921678577881,2181000
2025-08-06,294.7930603027344,297.2966958256238,293.69583435622513,296.4588224956843,3430500
2025-08-07,293.985107421875,297.53610740719154,289.89546371461,296.94760223192003,2842500
2025-08-08,296.6782531738281,297.3764961348491,293.79557333401095,296.2493472831321,1778100
2025-08-11,295.4813232421875,296.6882565811419,294.1447135930123,296.36905803912884,2316700
2025-08-12,302.44366455078125,304.2989794527931,297.7256385406314,298.1445599943302,2170500
2025-08-13,306.09442138671875,306.82258736586806,301.6656404701001,303.9199383569728,2586800
2025-08-14,306.9522399902344,307.1716851697246,301.7454320409188,304.7677726618151,2108300
2025-08-15,304.69793701171875,309.0269641682619,303.47103483298355,308.6778426923181,2728000
2025-08-18,306.2739562988281,306.4634785321759,302.0247436301406,303.5009836282828,2115100
2025-08-19,305.32635498046875,307.79011340737827,303.8002231899019,305.88493717567974,2215800
2025-08-20,307.62054443359375,308.2389725764925,303.1019947631986,304.9573096323429,2481700
2025-08-21,307.3911437988281,307.74023485563276,303.25160816639425,306.0146267436566,1848500
2025-08-22,318.3533630371094,320.8969060258312,309.3661250468485,309.4359554355142,2785200
2025-08-25,315.0018310546875,319.14136664646327,314.6128325744738,318.2536014318962,1599600
2025-08-26,319.7897033691406,319.9792255875435,313.32607033203595,314.22378953263336,1848600
2025-08-27,321.6449890136719,322.70230747835933,318.7024632640027,319.11143066116614,1970100
2025-08-28,326.1635437011719,326.7121718752023,321.18616535172634,323.1711260115595,2194800
2025-08-29,330.4427185058594,331.2207459086964,325.98401480948047,326.452828144552,2981300
2025-09-02,330.34295654296875,330.5424632320098,321.89436270563266,325.8343915108418,3225100
2025-09-03,322.891845703125,331.2307324392449,320.5976709072587,329.9140613061026,3439000
2025-09-04,329.8143005371094,330.2033294524219,322.004103675726,324.1785865815503,2485100
2025-09-05,325.3955078125,331.61972700035346,324.40801969454753,329.85421148391936,2971800
2025-09-08,324.5875549316406,326.6224075120284,323.181114945229,325.6847808544207,2264400
2025-09-09,323.520263671875,325.7645770512936,319.9892020982641,321.9741932977882,2056000
2025-09-10,322.53277587890625,323.82947810114365,320.4280928339812,322.17366990877304,1846600
2025-09-11,328.4876708984375,329.8542034357215,321.6051163197291,322.68237329117045,2825900
2025-09-12,324.48779296875,328.766958733731,323.2309678141739,328.766958733731,2000300
2025-09-15,326.4328918457031,329.43526366326546,325.1760666324992,325.2259280861717,1646300
2025-09-16,326.21343994140625,327.1610206248115,322.88188518875484,326.97149840004096,1987600
2025-09-17,335.1507873535156,336.6469962256295,327.56998964671567,328.0687259374203,3586500
2025-09-18,340.80645751953125,341.60442337859314,334.15330225691804,337.64445616109475,3204000
2025-09-19,340.2578430175781,343.4896444491176,338.8613874879282,341.66428301401226,8632000
2025-09-22,340.11822509765625,344.63677485091665,337.52479019625883,338.65193912789897,3328000
2025-09-23,340.6069641113281,348.30745366917927,339.15066266357303,341.07577744292394,2697600
2025-09-24,339.6194763183594,344.12804143894033,337.6544541104959,342.1031733112798,2279100
2025-09-25,339.3202209472656,339.9087261269983,333.1558475997796,336.05849651166136,2223900
2025-09-26,340.8164367675781,342.4622604989713,338.16315595119426,340.58703754735546,1728600
2025-09-29,341.44482421875,343.9784130047057,337.64445626003965,342.8911715842256,1658100
2025-09-30,331.32049560546875,342.0931872861306,327.3206208213838,340.7366391896469,3327300
2025-10-01,327.7295837402344,334.9213524153665,327.569984476874,330.163419235697,2598800
2025-10-02,329.6447448730469,331.14095372342126,325.4553479158198,327.6198767798247,1907600
2025-10-03,329.40533447265625,331.20080337762374,327.88918711240467,331.1608959511719,2404000
2025-10-06,331.1509094238281,333.1558390344094,325.4254266017248,331.1608938904908,2116200
2025-10-07,327.1410827636719,334.09346785291217,324.91670795522305,331.80924712499365,1708900
2025-10-08,323.0015869140625,328.31810251573353,322.7621727888706,327.8393351462461,2184300
2025-10-09,323.6199951171875,327.48020899803885,323.2309662130043,325.6548476334578,2094800
2025-10-10,316.260009765625,328.1000061035156,315.95001220703125,325.20001220703125,2684700
2025-10-13,323.1199951171875,324.3599853515625,319.05999755859375,319.1700134277344,1693100
2025-10-14,332.8500061035156,336.3299865722656,320.5,321.6099853515625,2810400
2025-10-15,330.6600036621094,336.9200134277344,330.2799987792969,333.8599853515625,2186000
2025-10-16,323.1199951171875,332.5,320.0,331.0199890136719,3268000
2025-10-17,346.6199951171875,348.70001220703125,331.0,332.3800048828125,7025200
2025-10-20,349.4800109863281,350.2200012207031,342.6499938964844,347.3900146484375,3465400
2025-10-21,355.2200012207031,356.6700134277344,350.7900085449219,352.0899963378906,2658400
2025-10-22,352.0,357.7300109863281,349.17999267578125,355.2799987792969,2710000
2025-10-23,354.92999267578125,356.17999267578125,350.54998779296875,352.7200012207031,1892600
2025-10-24,357.55999755859375,362.32000732421875,356.8699951171875,358.3999938964844,2397500
2025-10-27,361.6700134277344,362.8399963378906,358.9100036621094,362.0,2179900
2025-10-28,361.0299987792969,362.5299987792969,359.44000244140625,361.2200012207031,1416800
2025-10-29,358.2200012207031,362.0,355.8800048828125,359.0,1840500
2025-10-30,358.8800048828125,365.75,357.9599914550781,358.5899963378906,2045100
2025-10-31,360.7300109863281,361.989990234375,356.0,357.0,2155600
2025-11-03,361.6199951171875,363.5400085449219,358.8500061035156,361.0,1822900
2025-11-04,360.489990234375,362.5400085449219,356.8500061035156,359.32000732421875,1887800
2025-11-05,365.79998779296875,367.82000732421875,356.4100036621094,359.69000244140625,2195800
2025-11-06,365.7300109863281,369.260009765625,362.4100036621094,366.0400085449219,2354600
2025-11-07,368.5400085449219,370.0,361.0,364.1400146484375,2752200
2025-11-10,367.8800048828125,371.79998779296875,362.760009765625,369.4800109863281,2876800
2025-11-11,370.1600036621094,373.0799865722656,366.260009765625,367.8900146484375,2132900
2025-11-12,372.7699890136719,377.2300109863281,370.510009765625,371.1099853515625,2961500
2025-11-13,364.7300109863281,373.8900146484375,363.3399963378906,371.0899963378906,2273500
2025-11-14,357.17999267578125,362.20001220703125,355.3999938964844,361.79998779296875,2943500
2025-11-17,341.25,358.2300109863281,339.3999938964844,356.2200012207031,3599000
2025-11-18,340.6600036621094,343.7300109863281,334.1000061035156,336.8500061035156,4216800
2025-11-19,344.6400146484375,345.32000732421875,340.739990234375,341.7099914550781,2005000
2025-11-20,343.79998779296875,353.1300048828125,340.32000732421875,349.9700012207031,3095700
2025-11-21,352.8900146484375,356.30999755859375,344.29998779296875,345.6000061035156,3044100
2025-11-24,355.92999267578125,356.3900146484375,350.17999267578125,353.6199951171875,3330900
2025-11-25,362.6400146484375,363.7900085449219,355.30999755859375,357.04998779296875,2059400
2025-11-26,363.9700012207031,366.7300109863281,362.7099914550781,362.7099914550781,1679900
2025-11-28,365.2699890136719,367.5299987792969,364.010009765625,365.69000244140625,872300
2025-12-01,360.30999755859375,366.5299987792969,360.1400146484375,363.8599853515625,2229100
2025-12-02,360.70001220703125,363.6600036621094,357.3500061035156,362.0799865722656,2135400
2025-12-03,368.1300048828125,370.20001220703125,360.79998779296875,361.0199890136719,2651800
2025-12-04,371.1499938964844,373.05999755859375,368.1300048828125,368.989990234375,2027200
2025-12-05,370.3500061035156,374.8800048828125,369.05999755859375,369.45001220703125,1978700
