Date,Close,High,Low,Open,Volume
2015-01-02,34.20537567138672,34.464272674730005,33.8725060801127,34.42728638076464,1220300
2015-01-05,33.0711669921875,34.01429548592227,32.960210422163144,33.85402383967719,2452500
2015-01-06,32.42390441894531,33.249912748399126,32.17117064993555,33.23758398509729,3468100
2015-01-07,32.849239349365234,32.92320957956657,32.41157882275645,32.41157882275645,1852900
2015-01-08,33.280731201171875,33.286894406229564,32.82457642836527,33.071146957147896,3303200
2015-01-09,33.20676040649414,33.40401589947484,32.76293672302303,33.32388247208772,2120300
2015-01-12,32.53486633300781,33.151290491504945,32.31911881812243,33.108140988527865,1741200
2015-01-13,32.20817184448242,33.02801734741229,31.986258705299228,32.52254722401044,2412200
2015-01-14,31.73967933654785,31.807484015287553,31.228046182388518,31.554750217255148,2460100
2015-01-15,31.431472778320312,32.00474515353487,31.369828943935204,31.788997611866588,2018700
2015-01-16,31.930770874023438,31.96159161159044,31.123256732998893,31.302017951476117,2115200
2015-01-20,31.7951602935791,32.06638608591213,31.57941041996434,31.98008707705488,1853400
2015-01-21,32.09720230102539,32.23281635381523,31.48694376641372,31.764332726798315,2137400
2015-01-22,33.42251968383789,33.57662572833885,32.04172849046182,32.380761318069595,3242000
2015-01-23,32.861568450927734,33.3916911828722,32.83691092344997,33.30539218817127,1674200
2015-01-26,33.39785385131836,33.428674582263724,32.69513083929147,32.7629378582539,1567600
2015-01-27,32.83690643310547,33.12046090591083,32.69512919670279,32.96019170216417,1693700
2015-01-28,32.158843994140625,33.09580890324314,32.146517581502145,33.07115372649487,1942500
2015-01-29,32.454734802246094,32.51637628114775,31.906115293545962,32.12186517264512,2384700
2015-01-30,31.764341354370117,32.47323019371432,31.20956093144468,31.733520611675136,3167900
2015-02-02,32.251319885253906,32.28830619058362,31.443803188262986,31.53626777585119,3061200
2015-02-03,33.021846771240234,33.05266751334025,32.263645228514676,32.36843622194912,1865500
2015-02-04,32.63349914550781,32.991026341373036,32.58418642797546,32.78760520893829,1621800
2015-02-05,32.947872161865234,32.997184872408255,32.73212229275872,32.90472265833825,1524400
2015-02-06,32.966365814208984,33.28690667922255,32.86157482929563,33.0465016183303,1743500
2015-02-09,32.695133209228516,32.89855192938975,32.55951916147355,32.7752666452008,1683300
2015-02-10,33.00334930419922,33.1204690452782,32.57185193218859,32.9170503000914,1700900
2015-02-11,32.91704177856445,33.03416148932361,32.682800005575245,32.96635447465798,1140800
2015-02-12,33.08965301513672,33.182117590674274,32.90472621553344,33.083487455982564,1153500
2015-02-13,33.231422424316406,33.38552844601171,33.0464956685763,33.163615398535065,1285000
2015-02-17,33.3547248840332,33.39787440420493,33.0958254115304,33.20678199239268,1257800
2015-02-18,33.145118713378906,33.39168690213333,33.00334147576415,33.22525449167279,1150700
2015-02-19,33.20060348510742,33.299231250265414,32.9478696899231,33.083481397345714,1493300
2015-02-20,33.38554000854492,33.422526313091055,32.84925152572252,33.02184957732695,2102500
2015-02-23,33.24991226196289,33.336213603813185,33.12046377639413,33.336213603813185,1432400
2015-02-24,33.18827819824219,33.44101201990983,33.15129190063046,33.268414000665096,3683200
2015-02-25,33.428688049316406,33.5704653499582,33.206774934756396,33.2191037023955,2860800
2015-02-26,33.60744094848633,33.68141117928856,33.36087037718389,33.41634863815338,1631200
2015-02-27,33.18212127685547,33.73073852892854,33.16979250864941,33.69991543267735,1647300
2015-03-02,33.533485412597656,33.551977390533885,33.0588383832988,33.18212372297564,1132100
2015-03-03,33.18827819824219,33.558131768472805,32.9910226472563,33.342384244416884,1246900
2015-03-04,32.8738899230957,33.04648787421459,32.70128962050609,32.97868086442625,1326600
2015-03-05,33.330055236816406,33.36704153415988,32.78760129980361,32.935544137705875,1582500
2015-03-06,32.70130157470703,33.81086460452586,32.67048083666487,33.24375549984106,2487300
2015-03-09,32.85541534423828,32.93555116317373,32.65199654413708,32.7937738536554,2038500
2015-03-10,31.7951602935791,32.436239652863684,31.782831527817834,32.436239652863684,2591600
2015-03-11,31.930770874023438,32.09104247172632,31.764336069395775,31.819814337604996,1553700
2015-03-12,32.74444580078125,32.76294012180305,32.17117123000072,32.17117123000072,1960700
2015-03-13,32.37459945678711,32.701303532239685,31.95543081020145,32.67048279235256,2591500
2015-03-16,32.91704177856445,32.99101199844019,32.5965010238084,32.67047124368414,2088000
2015-03-17,32.47938919067383,32.71979659605822,32.2574784611578,32.559524992468624,1892300
2015-03-18,32.85541534423828,33.00952142216761,31.930778876662313,32.3930971104503,3529200
2015-03-19,32.460899353027344,32.7259619559238,32.23282304988567,32.68897565616902,1864300
2015-03-20,32.886226654052734,33.08964774726197,32.44240287595601,32.51637311372689,7521700
2015-03-23,33.10197830200195,33.31156261324481,32.95403546698928,32.972529791035605,1539900
2015-03-24,32.54103088378906,33.09581119837487,32.534865325570934,33.015677753311074,1077300
2015-03-25,31.869125366210938,32.596505967813776,31.85679660244989,32.578011646436586,1143700
2015-03-26,31.899948120117188,32.21432338578397,31.585572854450405,31.678035061307035,2122500
2015-03-27,31.57847785949707,31.825762871509728,31.46101529735695,31.73303187637016,1643900
2015-03-30,32.00505828857422,32.07306245923195,31.77013543311335,31.844320729145398,1858300
2015-03-31,31.726850509643555,31.93086295750093,31.66502984209682,31.702121299301943,1925200
2015-04-01,31.75159454345703,31.943240117307482,31.49194243026412,31.702136099683752,2246400
2015-04-02,31.893762588500977,32.02977085912576,31.640294130350036,31.683569060402135,1468900
2015-04-06,31.881406784057617,31.986504756263923,31.54756949583637,31.590844437830885,2873100
2015-04-07,31.838136672973633,32.15342592081755,31.813407457136673,31.844317797778963,1342900
2015-04-08,32.02359390258789,32.09159805175427,31.757760787650582,31.831948418545153,1180800
2015-04-09,32.23379135131836,32.31416011530241,31.819587641376692,31.998868541838302,1740200
2015-04-10,31.980323791503906,32.15342357310798,31.87522816933219,32.15342357310798,1562800
2015-04-13,32.09159851074219,32.369796234807495,31.96177369228082,31.980319421116064,1296000
2015-04-14,32.30796813964844,32.38215575996539,31.943220593831104,32.15959761562845,1284100
2015-04-15,32.450164794921875,32.53671467337509,32.32652110071415,32.35743143468925,2004100
2015-04-16,32.53671646118164,32.61708286227137,32.17196884029595,32.45634770178447,1238300
2015-04-17,31.640300750732422,32.24615225653638,31.55375087251862,32.23997113308138,2214400
2015-04-20,31.67121124267578,32.04214232612403,31.634117426838756,31.807219542437537,1820400
2015-04-21,31.702106475830078,31.918483427683356,31.597010918480414,31.83811471080607,1347100
2015-04-22,31.82577896118164,31.869053919119395,31.473395813226613,31.73922904530614,1394400
2015-04-23,32.07304763793945,32.17196210637545,31.68357088671342,31.807214561835156,1468500
2015-04-24,32.01741027832031,32.18432889733431,31.875220867672926,32.07923094092975,946100
2015-04-27,32.10396194458008,32.363611572028084,32.01741206876408,32.14723688248808,1607000
2015-04-28,32.22141647338867,32.252326800973,31.906127358737567,32.035952149575856,1954200
2015-04-29,32.159603118896484,32.30797366830618,31.918499207375202,31.96795527107598,2381200
2015-04-30,31.87523651123047,32.22143616504068,31.83196155450419,32.054517464107214,3217400
2015-05-01,32.23379135131836,32.27088517122813,31.980322811037208,32.11633112573212,2589700
2015-05-04,32.40071487426758,32.48726477542722,32.233796197042004,32.233796197042004,2304700
2015-05-05,32.2708854675293,32.54908322363796,32.215245916307566,32.3017958052508,1646600
2015-05-06,32.0483283996582,32.443986396468794,31.906138954448625,32.43780527202824,1707800
2015-05-07,31.99267578125,32.147229770531396,31.937036250776426,32.04213418980727,1765500
2015-05-08,32.32652282714844,32.44398304584985,32.19051452042553,32.35743316277434,1475700
2015-05-11,32.0483283996582,32.450169879217036,32.02978266802886,32.31416155844801,2130400
2015-05-12,31.862865447998047,31.986509167164474,31.48575316577896,31.893775788212707,1708100
2015-05-13,31.87523651123047,32.04833633813557,31.788684239469646,31.88760112148201,1248600
2015-05-14,32.23379135131836,32.258520564591535,31.967958204400617,32.07305618165784,1259900
2015-05-15,32.01741027832031,32.25233068288185,31.91849580316095,32.1781454160891,1453000
2015-05-18,32.209068298339844,32.25234325069087,32.00505814558614,32.00505814558614,1003200
2015-05-19,31.949417114257812,32.28943559207526,31.819592263177903,32.20906681641763,1267900
2015-05-20,31.955595016479492,32.07923873002716,31.813405571307367,32.03596378403163,903900
2015-05-21,31.96796226501465,32.01123721458577,31.83813741630129,31.87523124092277,848900
2015-05-22,31.850496292114258,31.98032111746198,31.831950562295283,31.869042021933232,699800
2015-05-26,31.498111724853516,31.801036302416602,31.39919724017677,31.714486423112863,1672900
2015-05-27,31.869041442871094,31.9246809896245,31.491929221354425,31.652666737889767,1072600
2015-05-28,31.88758659362793,31.906132321401753,31.671209550268774,31.733032573360184,1048000
2015-05-29,31.473379135131836,31.980316109463942,31.467198012262603,31.94940577850361,1678200
2015-06-01,31.473379135131836,31.65884347920091,31.207546043920235,31.597022817280248,1346900
2015-06-02,31.405378341674805,31.54138664237516,31.269372399281785,31.405378341674805,1548800
2015-06-03,31.603212356567383,31.689762249628703,31.386837623914086,31.553756285521366,1196800
2015-06-04,31.083913803100586,31.541394887946655,31.028274243569417,31.3126555246776,2188900
2015-06-05,31.17045783996582,31.349741093422264,30.984993462528035,31.250826601568278,1873300
2015-06-08,30.830432891845703,31.226090775462843,30.539872960112064,30.731518420941423,2531000
2015-06-09,30.700613021850586,30.984991876586655,30.651156957608713,30.910806601070156,2103900
2015-06-10,31.077716827392578,31.158085563126694,30.768608845053254,30.90461711194072,1852400
2015-06-11,31.1766357421875,31.25082100822326,31.052992059923174,31.182816865062524,1756900
2015-06-12,30.941713333129883,31.083902743941263,30.799523922318507,31.034446685458096,1658300
2015-06-15,30.75007438659668,30.89844495182592,30.502786966804464,30.620247194136578,1752700
2015-06-16,31.114810943603516,31.151902392536677,30.706786138884592,30.756244548537836,2571100
2015-06-17,31.405378341674805,31.597026187361003,31.145728703945768,31.263188917445948,2569400
2015-06-18,31.74539566040039,31.86903935155054,31.48574603146161,31.559931302828794,1899500
2015-06-19,31.80103874206543,31.80103874206543,31.522843353906328,31.640303576500003,4836700
2015-06-22,31.726850509643555,32.11014383670939,31.66502984209682,32.11014383670939,1839100
2015-06-23,31.62793731689453,31.807220561724428,31.578481252500968,31.757762139023466,1414300
2015-06-24,31.294105529785156,31.57848679360149,31.2446494567135,31.461024198229154,1559600
2015-06-25,31.102453231811523,31.368286346825002,31.003538748897714,31.31882792621445,2067100
2015-06-26,31.300872802734375,31.369080313512114,31.1024522433953,31.220263711327984,5572900
2015-06-29,30.314960479736328,30.916423949525964,30.30255890284429,30.88542118997534,1971200
2015-06-30,30.401790618896484,30.761429506624683,30.190968393591135,30.668418796940326,2420400
2015-07-01,30.58779525756836,30.978434347069634,30.358369596974438,30.978434347069634,1692300
2015-07-02,30.513383865356445,30.69320319926053,30.32116531874649,30.581591362034487,1386800
2015-07-06,30.283971786499023,30.40798524766229,29.508890610928677,30.066950003483342,1586600
2015-07-07,30.35838508605957,30.4203930119216,29.738320019602334,30.271576355213238,1976400
2015-07-08,29.7445125579834,30.17855607450834,29.70730781426993,30.04214341161183,2124100
2015-07-09,29.98634147644043,30.432788999082444,29.86232801288875,30.432788999082444,2161400
2015-07-10,30.246768951416016,30.581604608124575,30.14755864928313,30.581604608124575,1990300
2015-07-13,30.43279266357422,30.563005751570746,30.364585132139748,30.48859624526385,1756000
2015-07-14,30.308774948120117,30.41418485261206,30.203362678268146,30.370780496014195,1793000
2015-07-15,30.407997131347656,30.563013427043316,30.116565738524304,30.314986407785874,1763300
2015-07-16,30.773822784423828,30.78002239289416,30.625006162176234,30.649809326777493,1205900
2015-07-17,30.63740348815918,30.730414159812366,30.296368301030228,30.71181060626595,1085300
2015-07-20,30.43279266357422,30.742825177105203,30.383186326036288,30.668415670798307,1472400
2015-07-21,30.327369689941406,30.538191819451495,30.17235348781221,30.38937522464927,1093400
2015-07-22,30.06694984436035,30.37078033897435,30.02974509660026,30.277772017614154,2215200
2015-07-23,29.50888442993164,30.20955832818332,29.40347218214674,30.178553195366884,3598300
2015-07-24,28.771007537841797,29.440676288868524,28.70899963890262,29.384870362503005,4762000
2015-07-27,28.777217864990234,28.802021033805453,28.46098574135754,28.535392882442814,3046400
2015-07-28,28.84541893005371,29.161650982794253,28.76480983215521,29.081044250255587,2818200
2015-07-29,28.839208602905273,29.00042675200333,28.473370329624785,28.646990056758014,3100700
2015-07-30,28.622194290161133,28.820614859232354,28.46097846480067,28.740005763872244,3102400
2015-07-31,28.243947982788086,28.733799687249917,28.21914482589804,28.708996530359872,4240900
2015-08-03,28.181947708129883,28.34936550030012,27.97732517369081,28.188147315828186,3739600
2015-08-04,28.033124923706055,28.21294425698623,27.921513086867268,28.194343072632815,2798800
2015-08-05,28.020736694335938,28.34317078043299,27.99593589183638,28.293566810073592,2695900
2015-08-06,27.723108291625977,28.05794399203512,27.661102731710425,28.026941212077347,2587500
2015-08-07,27.48748016357422,27.754105913951577,27.307660761730837,27.704501948309296,2688000
2015-08-10,27.859514236450195,27.86571384426686,27.623888928301618,27.661093671280778,3513600
2015-08-11,27.251848220825195,27.57428219815711,27.12163518152562,27.57428219815711,2786900
2015-08-12,27.27045440673828,27.282855988758183,26.588383953163294,26.954222343990583,4151700
2015-08-13,27.0162296295166,27.295259329543754,26.985226855149154,27.22705180671933,2539300
2015-08-14,27.04722785949707,27.047227859497067,26.855009271498798,26.97902034813265,2592600
2015-08-17,27.134042739868164,27.1960506576689,26.867416972085717,27.016231244087074,2304200
2015-08-18,27.21463966369629,27.245642426033612,27.053423880326726,27.121631376684324,2844500
2015-08-19,26.830211639404297,27.09063779243761,26.62558906314085,27.022432632376614,4074500
2015-08-20,26.07992172241211,26.743390751724625,26.06752014476451,26.61317536910438,4846100
2015-08-21,25.410255432128906,26.197738018541216,25.391654244888773,25.81949810892842,7409400
2015-08-24,24.43675422668457,25.53426923137773,23.717479137013065,24.188727354924925,9177900
2015-08-25,24.089515686035156,25.44125709168991,24.052313313174558,25.385451167039594,10311800
2015-08-26,24.796388626098633,24.86459375683605,24.03370695643633,24.728181130002074,6650400
2015-08-27,25.453659057617188,25.4722626096894,24.901801775117004,24.988610466922502,4922400
2015-08-28,25.57147789001465,25.577677498346798,25.143631588939233,25.292448207869793,3994000
2015-08-31,25.162233352661133,25.51567013642039,25.14983177152014,25.29864601449259,4004400
2015-09-01,24.461559295654297,24.81499607800656,24.312742687914525,24.34374545796372,4017100
2015-09-02,24.504953384399414,24.85219041346681,24.256926597157168,24.85219041346681,3028700
2015-09-03,24.684785842895508,24.821198519758426,24.35614981984573,24.492564862068658,3676000
2015-09-04,24.188722610473633,24.41814824972689,24.089512354301096,24.300334444337626,3040200
2015-09-08,24.84600257873535,24.951414851162177,24.585576432786883,24.69098633985362,4111300
2015-09-09,24.591773986816406,25.416461444133255,24.535968050867446,25.2924479903178,4364800
2015-09-10,24.36855125427246,24.616578172196043,24.176332639973673,24.461561939833803,4758500
2015-09-11,24.442955017089844,24.44915699013176,24.176329310279108,24.269337617670853,2843700
2015-09-14,24.28795051574707,24.51737632171506,24.23214692362388,24.46157036423106,3315900
2015-09-15,24.461559295654297,24.566969186893513,24.25073714781613,24.325144269006152,3385100
2015-09-16,24.548364639282227,24.604170563879432,24.36854528609575,24.51115990109762,3855600
2015-09-17,24.51116371154785,24.864600500488155,24.362349466393926,24.579371226143312,5302600
2015-09-18,23.87869644165039,24.281739542132513,23.810491294741453,24.027513047087393,6373100
2015-09-21,23.965505599975586,24.09571864101646,23.7546834721839,24.070915481191673,3236700
2015-09-22,23.56866455078125,23.62447048341823,23.339241212322452,23.574866524051888,3966800
2015-09-23,23.277238845825195,23.686481619180203,23.227632514334857,23.624473704817277,3037700
2015-09-24,23.10981559753418,23.184222711934424,22.82458635453364,22.998203743254052,3161600
2015-09-25,23.165626525878906,23.83529543077432,23.06021425614165,23.32684236944409,2743500
2015-09-28,22.848115921020508,23.10336725198866,22.680023233569052,22.972629286713616,4436300
2015-09-29,22.636442184448242,23.053559196561242,22.505704229149664,22.854338776612536,4176300
2015-09-30,23.196754455566406,23.23410918412054,22.79831351723691,22.97885780957225,3748200
2015-10-01,23.084692001342773,23.32126479323415,22.841889859830548,23.090916601173593,4310700
2015-10-02,23.508039474487305,23.53916960602381,22.474582279698367,22.48080925596391,4050600
2015-10-05,24.07456398010254,24.267559797237272,23.66367157498883,23.713477866466704,3567300
2015-10-06,24.105688095092773,24.143040429502168,23.86911301929215,23.981174772308545,2486500
2015-10-07,24.292470932006836,24.690911895285794,24.111926628366223,24.23021304718483,4904700
2015-10-08,24.211528778076172,24.29246281385017,23.96250444669455,24.217755751925154,3464500
2015-10-09,24.186628341674805,24.448106650043233,23.91892543365484,23.950055556597352,5056000
2015-10-12,23.676122665405273,24.236431558640398,23.60141560460547,24.161724497840595,2626200
2015-10-13,23.34617042541504,23.844221586178172,23.30259109727922,23.50181156158447,4144400
2015-10-14,23.327489852905273,23.65122364011652,23.27145895944766,23.34616602575954,4143000
2015-10-15,23.539159774780273,23.57651211719073,23.27145690466382,23.427097997759684,4381900
2015-10-16,23.950054168701172,24.07456515367607,23.49558242383733,23.601417236044956,5645000
2015-10-19,23.750831604003906,23.906472696101194,23.70102531458337,23.825538663240117,3656700
2015-10-20,23.76951026916504,23.837992736856677,23.669900054766707,23.682351628428354,4357200
2015-10-21,23.620092391967773,23.887795272949855,23.58274004804124,23.813088210202093,5298100
2015-10-22,24.7656192779541,25.269897464005364,23.732162126520855,23.7819684349733,7159600
2015-10-23,25.014638900756836,25.089345967127546,24.541488605654425,24.989735753668327,5139200
2015-10-26,24.952381134033203,25.101795253158596,24.865220127166353,25.02086121994382,2889600
2015-10-27,24.51035499572754,24.896346558575775,24.448099517794212,24.802960966781534,3380800
2015-10-28,24.883895874023438,24.95860292518229,24.39829410425504,24.485455101317097,4907000
2015-10-29,24.971054077148438,25.08934043740617,24.64732036103357,24.85899231484351,3782000
2015-10-30,25.375728607177734,25.419310308166878,24.908805220546263,25.008415448031837,5739600
2015-11-02,25.618526458740234,25.755489014211122,25.325920425648086,25.431755235552625,3781000
2015-11-03,25.77416229248047,25.855093939429253,25.506459460525527,25.512684058408407,2185000
2015-11-04,25.606081008911133,25.89246013643717,25.562501679717837,25.861332383427005,1488400
2015-11-05,25.880002975463867,25.923582295252938,25.550044589948094,25.618527056729437,3006200
2015-11-06,25.43798065185547,26.16637982806099,25.338370447206135,25.9982871624225,4957400
2015-11-09,25.307249069213867,25.4317600751735,25.16405713754892,25.394407723343694,3802500
2015-11-10,25.40062713623047,25.431754881363297,25.10802348210818,25.276113780804415,2627400
2015-11-11,25.425537109375,25.581178251725508,25.350830026017455,25.574953650985446,2826500
2015-11-12,25.157833099365234,25.41308446711845,25.101802195473297,25.17650927569746,3047900
2015-11-13,24.666006088256836,25.294797595400574,24.653554512631736,25.095577135189444,2820000
2015-11-16,25.213857650756836,25.220082249667566,24.52281080182702,24.59751786322913,2292600
2015-11-17,25.164058685302734,25.400633885988324,24.958613612916963,25.251219719688738,3035700
2015-11-18,25.786617279052734,25.836423572877667,24.809191324239066,25.276114641821195,2605800
2015-11-19,25.886219024658203,25.95469908764346,25.75547874557371,25.817736586779137,2132000
2015-11-20,25.73680877685547,26.14770112815934,25.6309716087726,25.967156907537873,1984400
2015-11-23,25.643428802490234,25.93603485352246,25.606076455478394,25.767942167284474,2895000
2015-11-24,25.705690383911133,25.867556119088576,24.97106403793877,25.357053387127475,2708400
2015-11-25,26.02942657470703,26.104133661144324,25.711917301281485,25.76172360883665,2071500
2015-11-27,25.886219024658203,26.09166396340159,25.73680258065899,26.023181525522524,788100
2015-11-30,26.097900390625,26.147706686167247,25.904906932636017,25.94848625378804,2774200
2015-12-01,26.041868209838867,26.290892527860677,25.830196233328323,26.209958496428676,2896800
2015-12-02,25.543819427490234,26.073000651582433,25.444209207350937,26.04187290308171,2273900
2015-12-03,25.164058685302734,25.662112239355633,25.058223848748472,25.637209086673916,2810900
2015-12-04,25.612289428710938,25.67454727029452,25.145366303856285,25.22630031046803,3208300
2015-12-07,25.413082122802734,25.662108867104646,25.282344150747,25.58117481897227,2586000
2015-12-08,24.479232788085938,24.95860767615367,24.423201895327505,24.840321291394666,4305900
2015-12-09,23.974956512451172,24.690906597465393,23.912701015882526,24.373399765133367,3830900
2015-12-10,23.950054168701172,24.30491570064821,23.881571702028094,23.974954940759268,2699800
2015-12-11,22.524381637573242,23.58896626039462,22.362513553171883,23.514259192537384,8029100
2015-12-14,21.86446189880371,22.574184961949886,21.553179686904873,22.449673977106197,9247300
2015-12-15,22.163288116455078,22.549279692142367,22.113484207430663,22.132160376453026,4626400
2015-12-16,22.511932373046875,22.555511698341853,21.97030191945564,22.393645972231237,3786800
2015-12-17,22.069908142089844,22.655117814831122,21.83955998232605,22.549283008281026,4842400
2015-12-18,21.78975486755371,21.964072146527805,21.659016908323146,21.926719800973245,10233300
2015-12-21,21.939167022705078,22.119708865161886,21.74617123434065,22.001422502877173,4330000
2015-12-22,22.30025863647461,22.37496570626606,21.74617665030607,21.858238442440708,6051500
2015-12-23,23.259016036987305,23.346174709251866,22.418552322516817,22.480810213345574,5262000
2015-12-24,23.127635955810547,23.49672733510117,23.021286378866268,23.252749736132202,1452700
2015-12-28,23.096351623535156,23.127632450266606,22.896166741692426,23.008771036027966,3014000
2015-12-29,23.396638870239258,23.48421948596174,23.190196801985284,23.240244231765445,2414300
2015-12-30,23.165164947509766,23.49046596760083,23.14014362780427,23.265257385507635,2354200
2015-12-31,23.033803939819336,23.309057665658695,22.952478053351328,23.00878022299949,2025900
2016-01-04,22.6334285736084,22.652195163513987,22.151732879428245,22.29561563695337,4389300
2016-01-05,22.59589958190918,22.789829817465037,22.333157701213924,22.695992067849243,3384500
2016-01-06,22.020360946655273,22.301871714025197,21.863966341048904,22.176755552261643,2744300
2016-01-07,21.313459396362305,21.870223881949926,21.207112196370332,21.494877734881953,5317900
2016-01-08,21.050716400146484,21.576202408657018,20.981902386852223,21.40103881489186,5394300
2016-01-11,20.956878662109375,21.2696678958722,20.61906571691133,21.056971121457778,5795600
2016-01-12,21.269668579101562,21.588712557775366,20.87555346371065,21.03194808561581,5371400
2016-01-13,20.63157844543457,21.507389291578086,20.60655473294074,21.40103970667559,5367100
2016-01-14,20.87555503845215,20.994416487357576,20.262488360704523,20.700393812350747,5260300
2016-01-15,20.400108337402344,20.525224472181957,19.999737422025124,20.231201913408636,5297700
2016-01-19,20.675365447998047,20.981899911123634,20.375088105193168,20.75043418710122,5794800
2016-01-20,20.58778953552246,20.856788497060457,19.937188478190063,20.256233674907474,6159500
2016-01-21,20.775461196899414,21.4823655627613,20.53148596625137,20.63157842975807,4213800
2016-01-22,21.294687271118164,21.58245273484874,21.09450239318455,21.250896978219686,4569600
2016-01-25,20.350067138671875,21.26966826556392,20.325045813194226,21.138297357834343,4352200
2016-01-26,20.87555503845215,20.90057875257884,20.36258083081857,20.43764958680592,3870700
2016-01-27,20.775461196899414,21.40103969041443,20.594042861045843,20.806739644296652,4325200
2016-01-28,20.838022232055664,21.33848459171387,20.71290604554292,21.157066240590026,3656100
2016-01-29,21.682546615600586,21.682546615600586,20.96313052204446,21.081991941865745,5328800
2016-02-01,21.07573127746582,21.476103379019236,20.76919925834155,21.426055971428156,5590900
2016-02-02,20.16864776611328,20.70038842783081,20.14362405849568,20.70038842783081,7069100
2016-02-03,20.493947982788086,20.875551200691692,19.499279393039124,20.468926659654038,6163500
2016-02-04,21.13829231262207,21.200849190974107,20.03101838376904,20.19992481898987,5184100
2016-02-05,21.088247299194336,21.407293619693924,20.906828990391997,20.988154850612393,3813700
2016-02-08,20.306285858154297,20.794238910849344,20.031032064465133,20.78172704935526,6520800
2016-02-09,20.07481575012207,20.425140596964614,19.762026475353196,19.793304925551528,4843600
2016-02-10,20.300020217895508,20.906829662896012,20.287508363121272,20.33129866163495,3547000
2016-02-11,19.674440383911133,20.037274600724814,19.39292963769838,19.730742533153684,4846500
2016-02-12,20.21869468688965,20.468927013696593,19.768278646390247,20.068557199919347,5505600
2016-02-16,21.17583465576172,21.263417664333137,20.55651317813246,20.62532720595637,4159800
2016-02-17,21.432313919067383,21.65752251422546,21.344733329037485,21.444825772841952,3462000
2016-02-18,21.682546615600586,21.78263906122306,21.382269278733165,21.60122075778478,3564400
2016-02-19,21.319713592529297,21.638757535122362,21.132038158353318,21.538665083878236,3214200
2016-02-22,21.901498794555664,22.07040524938984,21.7138257513151,21.745104194123158,3029700
2016-02-23,21.85770034790039,22.139211000998653,21.707562923842207,21.882724047373866,3893100
2016-02-24,21.74510955810547,21.845202031616928,21.10076440902499,21.38852997207134,2963800
2016-02-25,22.351917266845703,22.414476542378882,21.557432365516956,21.751362540081285,4113500
2016-02-26,22.614662170410156,22.94621798890572,22.358175098549125,22.602150314905664,3697800
2016-02-29,22.426990509033203,22.939964739325237,22.41448103781003,22.55210669880042,3416600
2016-03-01,23.096351623535156,23.127632450266606,22.627167859267754,22.75228400701747,3088400
2016-03-02,23.365352630615234,23.377864485167137,22.758543196397653,23.00877312825893,3222300
2016-03-03,23.696914672851562,23.934632788908935,23.359101704063548,23.402892008936888,3297300
2016-03-04,24.066011428833008,24.272451142405878,23.6531296152941,23.6531296152941,3835600
2016-03-07,24.053491592407227,24.134817458125486,23.55302931566482,23.69691207107874,1987400
2016-03-08,23.771984100341797,24.015959344811947,23.565542040317702,23.809519671180553,1994000
2016-03-09,23.40289306640625,23.997193156188644,23.202708124684793,23.834541399544495,4197300
2016-03-10,22.99626922607422,23.584314661405013,22.502063925529775,23.446686600133027,4387600
2016-03-11,23.997194290161133,24.053496456830363,23.346592005626228,23.41540603004338,3157800
2016-03-14,23.828289031982422,23.978428946389307,23.621846947972077,23.878334079189397,2652500
2016-03-15,23.040050506591797,23.440420246710968,22.639678380080735,22.645935499615536,3533900
2016-03-16,23.50298309326172,23.59682081898257,22.808590604826406,22.883661739960086,3436100
2016-03-17,24.253677368164062,24.591490311911162,23.41540212982449,23.502982733079115,3922800
2016-03-18,24.453855514526367,24.704087785727452,24.040973937518835,24.37878678772276,5038900
2016-03-21,24.4288387298584,24.622768914291633,24.253677522236426,24.3600247164662,2226600
2016-03-22,24.4288387298584,24.553954900899438,24.04723548205984,24.234910931817637,2141300
2016-03-23,24.128564834594727,24.491401544356606,24.10979824146664,24.37254009083118,2794200
2016-03-24,23.828289031982422,23.8533127487824,23.56554477836862,23.80952243757893,2872200
2016-03-28,23.978424072265625,24.053492821013258,23.659377713901307,23.92837664883887,1848000
2016-03-29,24.575531005859375,24.613243682771206,23.651593199218787,23.796154864235305,3283300
2016-03-30,24.60067367553711,25.103497397522403,24.531534964204262,24.808089809535648,2888100
2016-03-31,24.54410171508789,24.720091786323497,24.474963015422357,24.581814386992427,2565600
2016-04-01,24.80179786682129,24.839510537034734,24.091560560192367,24.298974252235997,2554000
2016-04-04,24.386964797973633,24.870933211044374,24.317826110727555,24.870933211044374,1667100
2016-04-05,24.166980743408203,24.405822832183063,24.08527116610199,24.19212252067963,2297200
2016-04-06,24.185836791992188,24.44353402463812,23.877858400554143,24.08527207675602,3170700
2016-04-07,23.381315231323242,24.06012634830617,23.243037871456618,24.016129442467072,3243800
2016-04-08,23.406455993652344,23.72700520771712,23.331030674630036,23.51330493245679,3794800
2016-04-11,23.525876998901367,23.940706683724105,23.519590356508484,23.63901258545771,4069400
2016-04-12,23.86528968811035,24.085274273487244,23.287040724523415,23.58245065144566,6782400
2016-04-13,24.877220153808594,24.940072198797726,24.022418915106165,24.085270960095297,4035000
2016-04-14,25.065778732299805,25.2669081538153,24.88350444478519,24.927501355888467,2890900
2016-04-15,24.833219528198242,25.166342062399867,24.732654822957603,25.109774265848774,2133900
2016-04-18,24.921215057373047,25.046919137225572,24.64466032733357,24.7766510497697,2479200
2016-04-19,25.392608642578125,25.468031558414538,25.097198825546226,25.122340596708785,4764200
2016-04-20,25.75716209411621,25.882868588199234,25.3549032311721,25.49946486018939,3276300
2016-04-21,25.480607986450195,25.920579486891,25.40518265655626,25.744589448123605,1722500
2016-04-22,25.56232261657715,25.763454490614734,25.417760955278638,25.436618492075826,1856900
2016-04-25,25.235488891601562,25.53089645991006,25.116066617199056,25.373763907403582,1971700
2016-04-26,25.25434684753418,25.386337630925336,25.046930704217154,25.329769809807306,2723300
2016-04-27,24.921215057373047,25.021779759846044,24.22354638499401,24.638376082401592,4508000
2016-04-28,23.978424072265625,24.64466443816143,23.877859353018028,24.613238412956314,4728600
2016-04-29,23.469310760498047,23.858998696869733,23.324749145354545,23.7961466546862,4244900
2016-05-02,23.72072410583496,23.808717925367052,23.186472148080206,23.48816627118385,3696900
2016-05-03,23.12990379333496,23.488165705749275,22.796783656653652,23.40645853109457,2616400
2016-05-04,22.64594078063965,23.111054151605465,22.501379132304233,22.859641129842494,2550100
2016-05-05,22.52022933959961,22.85963369159359,22.43851977446611,22.68364607221512,2633000
2016-05-06,22.689939498901367,22.73393642155059,22.237399380558976,22.30653808690846,2253400
2016-05-09,22.595657348632812,22.759074118032167,22.52651865469969,22.63336761975849,3312600
2016-05-10,22.966489791870117,22.997915816467298,22.645938107083712,22.76536035726578,1854700
2016-05-11,22.41967010498047,22.903638625583728,22.40710161146296,22.821931429458278,5034400
2016-05-12,22.526527404785156,22.78422474740137,22.331682136893694,22.583095231098618,5272800
2016-05-13,22.02369499206543,22.815641852764994,21.960840544294342,22.507663450468726,3796800
2016-05-16,22.15568733215332,22.34424589374759,22.029980825206408,22.092835277505962,2033100
2016-05-17,22.042552947998047,22.40081495435215,21.96084335426659,22.10540500615927,3035500
2016-05-18,22.381956100463867,22.48252081541694,21.92312943863723,21.9734105972878,4552900
2016-05-19,22.13054084777832,22.275102460864982,21.86027275446143,22.16825351114289,3699900
2016-05-20,22.35053253173828,22.56423287419438,22.262536298542788,22.287678079455784,1796900
2016-05-23,22.41967010498047,22.532805727856676,22.249969068318485,22.281395097416915,3101300
2016-05-24,22.985340118408203,23.054478796648908,22.545368673136746,22.57679469115939,2407600
2016-05-25,23.563587188720703,23.620154976065486,23.09218976006465,23.09218976006465,3896600
2016-05-26,23.274463653564453,23.645296425902586,23.255608522011308,23.538447483566074,1997800
2016-05-27,23.481891632080078,23.507033418703518,23.287046382227523,23.287046382227523,1768400
2016-05-31,23.475595474243164,23.657869756926125,23.299607834495074,23.607588601706,3576200
2016-06-01,23.142478942871094,23.29332722739599,22.953920385454076,23.224188530224254,3582600
2016-06-02,22.488801956176758,22.645934451449435,22.275101666699857,22.601937544585212,5612100
2016-06-03,22.369386672973633,22.45738050460048,21.992269566672274,22.262535307675257,3194300
2016-06-06,22.501380920410156,22.784219992956665,22.300251446077635,22.400816183243897,3433600
2016-06-07,22.281396865844727,22.589375332166195,22.281396865844727,22.51395237681334,3221200
2016-06-08,22.15568733215332,22.44481061977468,22.10540377031368,22.27510719504418,1745500
2016-06-09,21.63400650024414,22.124261645112252,21.476873963556766,22.073978082499224,4774100
2016-06-10,21.23802947998047,21.326023297203673,21.087181223560908,21.313452409364398,3803500
2016-06-13,20.91119384765625,21.250600630557845,20.879767826495375,21.080897239107045,3509000
2016-06-14,20.684921264648438,21.03061226941788,20.622069226563653,20.816911983217423,3748400
2016-06-15,20.772924423217773,21.16889915473393,20.754069282839314,20.892346706021733,3928900
2016-06-16,20.772924423217773,20.823207994430522,20.23867466617184,20.534082255262497,3027900
2016-06-17,20.961477279663086,21.062041996896312,20.747776955835985,20.80434475913292,3796200
2016-06-20,21.219175338745117,21.621436620900106,21.20660684654997,21.357452729412522,3755100
2016-06-21,21.2506046295166,21.370024491461162,21.10604298685145,21.256888875870665,1896000
2016-06-22,21.20660400390625,21.395162531035112,21.137465317840256,21.24431427074097,4293600
2016-06-23,21.734567642211914,21.734567642211914,21.44544203208417,21.590003638322255,2051100
2016-06-24,20.144384384155273,20.760343446403144,20.11924261076112,20.263806608951757,5237600
2016-06-27,19.277019500732422,19.96840289661298,19.207880801496536,19.886693306820366,4423900
2016-06-28,19.612106323242188,19.738553736604242,19.340242635953835,19.618428874795804,6799000
2016-06-29,20.535179138183594,20.541502896254777,19.75752331011434,19.865004285157504,4994800
2016-06-30,21.097869873046875,21.11051497549835,20.396082363733427,20.554142526666844,4878200
2016-07-01,20.908201217651367,21.395026880099927,20.79439769075134,21.09787295854907,2843800
2016-07-05,20.421367645263672,20.648974610903267,20.24434107723559,20.611039312694633,2459500
2016-07-06,20.566789627075195,20.57943473075508,19.972484224962262,20.162155956546652,2986800
2016-07-07,20.611042022705078,20.908195868228255,20.427694086771393,20.547818929184004,3317900
2016-07-08,21.483537673950195,21.50250412226918,20.826006798415523,20.826006798415523,3337400
2016-07-11,21.46456527709961,21.692172241077117,21.24327965687432,21.515143262535673,2480700
2016-07-12,22.027263641357422,22.166357351708285,21.72378842843366,21.736433530447975,3052100
2016-07-13,21.793336868286133,22.134745000271334,21.628952941953653,22.05255544891187,2663700
2016-07-14,21.90081787109375,22.349708197642823,21.787014350023995,22.280163745261895,3371300
2016-07-15,21.932424545288086,22.134741335114757,21.730107755461415,21.92610320077129,2151300
2016-07-18,22.122098922729492,22.15371046932153,21.907137029374645,22.027261871146962,1738300
2016-07-19,21.862882614135742,22.09048721992228,21.824947307267994,21.976683711125684,2076200
2016-07-20,22.204288482666016,22.235900029288178,21.711141602302323,22.04622833774879,3778800
2016-07-21,22.134742736816406,22.362349742736413,22.096809843700758,22.15371159518076,1468700
2016-07-22,22.23590087890625,22.273836183386173,22.065198038262853,22.153711336909506,1243700
2016-07-25,21.91345977783203,22.267515393041723,21.88184822921483,22.19164478219257,2656500
2016-07-26,21.86920738220215,21.983010908810527,21.584698565681204,21.926109145506338,2837100
2016-07-27,22.033588409423828,22.197972349340702,21.755403357312087,21.875528227399823,3879100
2016-07-28,22.141069412231445,22.836533211503454,22.027265894269576,22.10313410230854,4134400
2016-07-29,22.88078498840332,22.912398945834923,21.875522401959273,22.071517843726067,5839200
2016-08-01,22.779632568359375,23.12104313896863,22.697443010544045,22.86814588404171,4552100
2016-08-02,22.172685623168945,22.861828221482234,22.020949175210568,22.653190002587632,3920500
2016-08-03,22.533056259155273,22.615248218519945,22.179003040612077,22.185324385883206,2985500
2016-08-04,22.368675231933594,22.63421515153555,22.286483270806297,22.589958498268558,3149300
2016-08-05,23.03252601623535,23.057816219909213,22.596280855990774,22.64685885153193,2980300
2016-08-08,23.03252601623535,23.34232256991718,22.988269365709375,23.089427768598256,3031500
2016-08-09,22.60892105102539,22.98826682885112,22.58995460626631,22.96930038409204,3208800
2016-08-10,22.48247718811035,22.729050642624717,22.444541882874855,22.672148890674745,1564400
2016-08-11,22.53937530517578,22.710078121690213,22.469828462696334,22.621564835554977,1387800
2016-08-12,22.463504791259766,22.501440090519903,22.286478218324806,22.381315260572062,2283100
2016-08-15,22.741695404052734,22.773306952039327,22.58995659718798,22.58995659718798,1780900
2016-08-16,22.792274475097656,22.906077982670276,22.577312562105664,22.640538072871916,2718700
2016-08-17,22.918725967407227,23.000917935837663,22.6911189236349,22.78595599580901,2244000
2016-08-18,23.14000129699707,23.14000129699707,22.868137689502323,22.874461445103282,1935400
2016-08-19,23.27910041809082,23.348647275115518,22.969303851825657,22.994591644720092,3173900
2016-08-22,23.076780319213867,23.27277576003829,23.02619991701157,23.203228912913293,2572200
2016-08-23,23.310710906982422,23.38658151763217,23.241164053123434,23.285423115239066,2591800
2016-08-24,22.893434524536133,23.329682138827785,22.8681443184135,23.329682138827785,2773200
2016-08-25,22.77330780029297,22.906077753865933,22.722727392185206,22.836530898621064,1781700
2016-08-26,22.86182403564453,23.114721285014607,22.754344272336745,22.89343558886406,2846200
2016-08-29,22.950336456298828,23.08310642173843,22.855501800330604,22.918724904309418,1621600
2016-08-30,23.07046127319336,23.196907467683424,22.912401118274214,22.96297911370893,2211800
2016-08-31,23.076780319213867,23.260130659487714,22.811240443070773,23.133682065788292,3387100
2016-09-01,22.672147750854492,23.247486586398924,22.533054050457014,23.152649533981297,2972800
2016-09-02,22.855499267578125,22.981945461523505,22.672148909828145,22.672148909828145,1709900
2016-09-06,22.836532592773438,22.906079453177714,22.61524932040236,22.842856350159344,2096900
2016-09-07,23.057815551757812,23.070460653228327,22.785951899658063,22.811242102599085,1852600
2016-09-08,23.190589904785156,23.285426977926043,22.874469543391474,23.00091817031034,2078900
2016-09-09,22.495121002197266,23.121037826011893,22.495121002197262,23.06413607731907,3129000
2016-09-12,23.03252601623535,23.09574911361344,22.261191686828514,22.318093439191422,3314600
2016-09-13,22.267513275146484,22.691113292302184,22.223256628930404,22.621566444875107,3025500
2016-09-14,22.248546600341797,22.520410260506974,22.10313154682661,22.31177210957008,2198700
2016-09-15,22.602602005004883,22.684793960328914,22.160033091776345,22.223258600412734,1624200
2016-09-16,22.191646575927734,22.419253603259385,22.039910165577805,22.39396339759881,4952400
2016-09-19,22.273839950561523,22.62157185911664,22.25487350101702,22.393964817354917,2308900
2016-09-20,22.122098922729492,22.564665398630872,22.122098922729492,22.564665398630872,2039600
2016-09-21,22.564666748046875,22.602602053309784,22.115776488898632,22.12210024567906,3118800
2016-09-22,22.798595428466797,23.31070873776087,22.678468178686643,22.77330522727031,2118400
2016-09-23,22.248546600341797,22.792273920672148,22.248546600341797,22.653182623983074,2595800
2016-09-26,21.812301635742188,22.20429014925258,21.755399882828854,22.00829709840068,2214900
2016-09-27,21.888174057006836,21.957720925292108,21.654245655162157,21.73011386974288,1513000
2016-09-28,22.205936431884766,22.22500442619534,21.843676057329837,21.98349670168831,1765700
2016-09-29,22.078840255737305,22.460166387682108,21.881820380398782,22.237726548116374,2993400
2016-09-30,22.606340408325195,22.73344992105291,22.129681553905495,22.301279032426063,3100200
2016-10-03,23.057573318481445,23.489744140442102,22.57456015391997,22.587271345673155,4804300
2016-10-04,22.73345184326172,23.146554764040992,22.68896387370722,23.108423604087143,2730000
2016-10-05,23.362638473510742,23.432548827396797,22.847848457463137,22.89233642367929,2987200
2016-10-06,23.006731033325195,23.407125089108575,22.968597457970418,23.280015595671255,2461000
2016-10-07,22.82877540588379,23.044860804465618,22.669889154703377,23.006729655805866,2015700
2016-10-10,23.121122360229492,23.241875009141978,22.981301717185726,23.013078474856254,1882300
2016-10-11,22.104249954223633,22.885969858749807,22.085184383804624,22.879615476747237,4079000
2016-10-12,22.085187911987305,22.34576125512349,21.91359047756908,22.09154229500501,2297500
2016-10-13,21.86275291442871,21.983505613427702,21.4623588133509,21.811908141537213,2805100
2016-10-14,21.665733337402344,22.16145775746993,21.665733337402344,22.14239217959417,2411300
2016-10-17,21.494136810302734,21.710222258593447,21.47507123158696,21.659379907213935,1845200
2016-10-18,21.75470733642578,21.875460026278336,21.53226753290475,21.850040066170237,2245900
2016-10-19,22.142391204833984,22.218655937391894,21.830973041569962,21.87546100426309,2632800
2016-10-20,21.97714614868164,22.23136268113661,21.88816781669017,22.047054058628895,2377500
2016-10-21,21.913593292236328,22.002569212382706,21.70386468395015,21.761063836103105,2186800
2016-10-24,22.072477340698242,22.212298015126702,21.95807904787709,22.104254105501504,1986200
2016-10-25,22.12967872619629,22.30763056662919,21.919950117744943,22.1233243423574,4253800
2016-10-26,22.307628631591797,22.55549321922388,21.47506622943252,22.047055277384334,6173200
2016-10-27,21.881816864013672,22.383898049106598,21.78648413414113,22.383898049106598,4041200
2016-10-28,21.729280471801758,22.116963270359832,21.52590628639613,21.951722653872086,3469400
2016-10-31,21.392446517944336,21.837328542649804,21.37338094204947,21.81190615851532,4064400
2016-11-01,21.417865753173828,21.70386147160901,21.068316508158222,21.53861842344129,3158400
2016-11-02,21.087385177612305,21.39244651393291,20.98569806550544,21.309824977717334,2816000
2016-11-03,21.258983612060547,21.34795953619661,21.11280853320671,21.12551972585645,2467700
2016-11-04,21.48142433166504,21.913595202400625,21.189074161582788,21.220850932346128,3155300
2016-11-07,21.881816864013672,22.00892636237305,21.665731444126337,21.824617710972554,3819800
2016-11-08,21.767419815063477,21.8691069347413,21.52591199667408,21.792842201085975,3210500
2016-11-09,24.462129592895508,24.907009180212114,22.085190082719166,22.085190082719166,14048200
2016-11-10,24.055377960205078,25.860325908201744,23.788450216377523,24.57652468098331,10882200
2016-11-11,23.654985427856445,24.055377028082997,23.438900033145014,23.801160485394803,6812200
2016-11-14,24.60829734802246,24.76082675422953,23.794798292077033,23.813866286161314,6056400
2016-11-15,24.729061126708984,24.77354909224348,24.265113468697557,24.468487718115927,4749200
2016-11-16,24.468488693237305,24.760838885375453,24.424000725929865,24.468488693237305,2691100
2016-11-17,24.684568405151367,24.85616584961341,24.25875198569107,24.4684830037264,3436500
2016-11-18,24.716344833374023,24.89429665879543,24.595592155325466,24.76718959744402,1756800
2016-11-21,24.9832706451416,25.040469782553362,24.73540610008307,25.008690598337985,1553000
2016-11-22,24.8879451751709,25.104030598820774,24.678216559976292,25.097676214777575,2040400
2016-11-23,24.957855224609375,25.040476762659885,24.576526727430753,24.773546572193645,2697600
2016-11-25,24.989627838134766,25.059538172213813,24.86887516753291,24.995984645457394,758600
2016-11-28,24.56382179260254,24.9642135041637,24.5066226303206,24.79261601731788,2452900
2016-11-29,24.5955867767334,24.8243833161913,24.493899695242245,24.640074723360073,1476200
2016-11-30,24.951494216918945,25.104026075001848,24.735408832208286,24.919717453605067,2512900
2016-12-01,25.142160415649414,25.332823425783715,24.926075024320753,25.09131565326069,2067000
2016-12-02,24.919719696044922,25.22478101525051,24.84980935581642,25.097673950557073,1586800
2016-12-05,25.269262313842773,25.3963717694523,25.01504582703494,25.123087288435748,3223300
2016-12-06,25.351892471313477,25.409091624628132,24.98327759116173,25.351892471313477,1917200
2016-12-07,25.815832138061523,25.84125451491472,25.281974346200947,25.339173481914983,2095000
2016-12-08,26.705608367919922,26.80729549827133,25.828555353381283,25.828555353381283,3916300
2016-12-09,26.063701629638672,26.686537916802084,26.03192486178225,26.553071612745935,3141700
2016-12-12,25.41543960571289,26.082761213001707,25.40908279954575,25.968362946105202,3229800
2016-12-13,25.41543960571289,25.784054357837366,25.161220696073723,25.606102575736667,3134800
2016-12-14,24.9832706451416,25.574327590259323,24.90064913012209,25.294686285396782,3158300
2016-12-15,25.078611373901367,25.453583114413053,24.856171538179343,25.084968183157642,1977000
2016-12-16,24.964208602905273,25.377313852104017,24.913366259976844,25.167582823442885,4152800
2016-12-19,25.27562713623047,25.29469271207463,24.74176919288605,25.13580644827465,4730000
2016-12-20,25.676025390625,25.676025390625,25.37096158085466,25.447228745503438,2845200
2016-12-21,25.682371139526367,25.73321589886184,25.358244284203202,25.637883187313612,2235800
2016-12-22,25.599756240844727,25.63788982021205,25.447226772199823,25.63788982021205,1831600
2016-12-23,25.726858139038086,25.784057278966547,25.44721924628309,25.625171048544317,1361600
2016-12-27,25.61882209777832,25.892106665999346,25.49171260160845,25.834907513943502,1069800
2016-12-28,25.210044860839844,25.77849998739779,25.203656355765713,25.689080408366312,1506600
2016-12-29,25.17171287536621,25.40165025252459,25.056744186787018,25.203648080749318,1243400
2016-12-30,25.28030776977539,25.784890107377635,25.114240722766105,25.33140363589282,1634900
2017-01-03,25.829593658447266,26.033981946499225,25.491076013205063,25.701852805790228,2402100
2017-01-04,26.410825729370117,26.506633814142038,25.96372783110331,25.98288847345737,2880000
2017-01-05,26.014822006225586,26.38527731110537,25.689078924780127,26.18727508575576,1838400
2017-01-06,26.027605056762695,26.11063858947093,25.727408586856992,26.033991127047276,1614500
2017-01-09,25.746566772460938,25.99566488669359,25.6379841062692,25.99566488669359,2254100
2017-01-10,25.80405044555664,26.014824830195362,25.599662129815673,25.77211279156512,1619300
2017-01-11,26.027605056762695,26.040379633833304,25.580504605297154,25.676312715076,1768300
2017-01-12,25.855138778686523,25.906237060995288,25.325007500484187,25.740170079991998,2584000
2017-01-13,25.86791229248047,26.136170954141697,25.778492738593393,25.944557276312235,1670000
2017-01-17,25.510234832763672,25.906239244533708,25.44636441099452,25.810431175379577,3346900
2017-01-18,25.554946899414062,25.57410997685794,25.23558988902323,25.491076471936147,1966500
2017-01-19,25.45914077758789,25.77849778195001,25.24197791716163,25.510236631305528,2215300
2017-01-20,25.93817901611328,25.944565084812893,25.542176971214843,25.58688676161463,2209600
2017-01-23,25.80405044555664,25.944565889815483,25.6443719216027,25.81682258335215,1732200
2017-01-24,26.28946876525879,26.404437482902097,25.84236846736821,25.970111757694177,1752300
2017-01-25,26.736568450927734,26.774889731597607,26.24475837815977,26.557729310466858,2622700
2017-01-26,26.040374755859375,26.755733882299797,25.91263144558405,26.647153652291415,3755000
2017-01-27,25.752952575683594,26.634378724754878,25.388885729947813,26.25753730451071,3586100
2017-01-30,25.657140731811523,25.708239022370066,25.203654367357192,25.708239022370066,2488200
2017-01-31,25.382505416870117,25.612440500660067,25.26753665672439,25.516634824872966,3950800
2017-02-01,25.542171478271484,25.93817343800816,25.356943851305825,25.606041897535352,2550000
2017-02-02,25.484691619873047,25.63798162773502,25.15256002083777,25.299463960247476,1665800
2017-02-03,25.746566772460938,25.835986358441787,25.599662818849396,25.816823278230906,3479000
2017-02-06,25.542171478271484,25.784881020674437,25.51662233596581,25.593267326382517,2065900
2017-02-07,25.554946899414062,25.721013909257646,25.414431471662525,25.66991561807481,1734700
2017-02-08,25.382505416870117,25.43998979694298,25.24198750191389,25.388891487321988,1757800
2017-02-09,25.855138778686523,25.906237060995288,25.382491849831446,25.382491849831446,4341900
2017-02-10,26.110631942749023,26.142567159045395,25.94456491960657,25.989274709721656,2771800
2017-02-13,26.513017654418945,26.60243966305746,26.17450000661097,26.26391957874888,1680800
2017-02-14,26.889860153198242,26.909023231249932,26.289469831760574,26.289469831760574,3669800
2017-02-15,27.28586196899414,27.35612089654078,26.864310840214756,27.004826258807572,2365100
2017-02-16,27.01120948791504,27.336952481606023,26.88985229621644,27.27308207076465,1941800
2017-02-17,27.164506912231445,27.17089541697088,26.806828614844385,26.889859684451714,2365900
2017-02-21,27.483863830566406,27.624381696332005,27.279475536634987,27.279475536634987,2395900
2017-02-22,27.317800521850586,27.50941425173166,27.247541585710678,27.305025948325078,1842600
2017-02-23,27.4263858795166,27.451935031353425,27.1581270947336,27.400839164180997,1324200
2017-02-24,27.29864501953125,27.47109570334225,27.190062342371156,27.26670736145396,2864200
2017-02-27,27.701030731201172,27.72657988078818,27.305028658606577,27.330577808193585,1760400
2017-02-28,27.490262985229492,27.694651358342593,27.3241959092616,27.509423633802097,3171100
2017-03-01,27.745738983154297,28.167290181914208,27.61799811531865,28.090645173912645,2735500
2017-03-02,27.394451141357422,27.73935738773691,27.388065071536143,27.713808235449257,1834900
2017-03-03,27.260311126708984,27.52218374438565,27.087858070702353,27.47108545971688,2712500
2017-03-06,27.068700790405273,27.31779886781841,27.02399100402346,27.18366950867297,1728500
2017-03-07,27.068700790405273,27.196444081425007,26.902633781129435,27.087861431283017,1634100
2017-03-08,27.183666229248047,27.483860124953452,27.113407305838166,27.324181639567477,2384300
2017-03-09,27.094255447387695,27.43277563336847,27.023998931393,27.298646234876767,1605400
2017-03-10,27.196447372436523,27.34335132211068,27.04954098626145,27.34335132211068,1288000
2017-03-13,27.190052032470703,27.35611902009907,27.119793109743338,27.260310955198065,1381700
2017-03-14,27.100645065307617,27.138968796377505,26.845158397844564,27.024000039669275,1693700
2017-03-15,27.458311080932617,27.509406924925102,27.298632609143407,27.32417931288959,1741900
2017-03-16,28.045940399169922,28.326973769775233,27.83516598034127,27.83516598034127,3164600
2017-03-17,26.966495513916016,27.79043440606936,26.864301410583064,27.72656400517362,5530300
2017-03-20,26.85154151916504,26.94734717287248,26.65992777524921,26.8770906680874,1735400
2017-03-21,26.410825729370117,27.0878635183897,26.168116137882652,27.04315372856302,3414700
2017-03-22,26.423599243164062,26.53856796567825,25.93178913829798,26.174501156550228,2302100
2017-03-23,26.48108673095703,26.76850857117746,26.315022132441335,26.340571281905596,1747800
2017-03-24,26.35334587097168,26.794060212462664,26.21921647856191,26.57050878861183,1994000
2017-03-27,26.2447509765625,26.30223531785601,25.79126474885805,25.88068429387021,2461500
2017-03-28,26.774890899658203,26.88985961968446,26.18088909485675,26.200049736027573,2371600
2017-03-29,26.575939178466797,26.749218960406566,26.447583512417257,26.69787571471447,1158200
2017-03-30,27.09577751159668,27.185625740019116,26.49250663816497,26.54384988193814,1508300
2017-03-31,27.0444393157959,27.23697161952113,26.85832369464971,26.9225027613455,1618400
2017-04-03,26.794145584106445,27.23697010283397,26.454005118193173,27.108616872951856,2106200
2017-04-04,26.678634643554688,26.871167000967237,26.569533872020884,26.627293824062825,1564500
2017-04-05,26.56952667236328,27.288315087748465,26.524602549413025,26.954591282845787,1594900
2017-04-06,26.928918838500977,26.986678773138078,26.376991118231114,26.60161417434474,1697000
2017-04-07,26.813396453857422,27.082943606271307,26.774891466498858,26.79414396017814,2518000
2017-04-10,26.980262756347656,27.102199311065007,26.762058825466404,26.800563817387108,1755200
2017-04-11,26.319232940673828,26.845491518156724,26.011180751437298,26.762059951848546,4021000
2017-04-12,26.19087028503418,26.543846471997707,26.01759053183093,26.312806801060038,3282000
2017-04-13,26.049686431884766,26.441170160960418,25.97909068425722,26.06252224492441,2282600
2017-04-17,26.55027198791504,26.575943615046704,26.13311906384054,26.216548179746773,2055600
2017-04-18,26.72355842590332,26.845497460927575,26.35132953291038,26.396253667440877,2356000
2017-04-19,26.44758415222168,26.980259322350182,26.41549584697821,26.84548697141915,2922900
2017-04-20,26.710716247558594,26.77489531601809,26.45400731826401,26.665792123727513,2065700
2017-04-21,26.319232940673828,26.74922413794104,26.248639636454328,26.691464199447868,2227500
2017-04-24,26.89682960510254,27.038021095622952,26.729968937544623,26.896829605102536,2438500
2017-04-25,26.980262756347656,27.108618441839173,26.903247876144103,27.082946815104656,1813000
2017-04-26,27.256227493286133,27.46801230015321,26.87757955549964,26.88399623829755,2761500
2017-04-27,27.1342830657959,27.397411075204946,26.794142637291213,27.358906089747457,2051000
2017-04-28,27.666959762573242,27.820984609383864,27.127867902374472,27.179208701917744,4427700
2017-05-01,27.435922622680664,27.878747159105078,27.416670127065135,27.76964641970903,3130500
2017-05-02,27.371740341186523,27.474424376856167,27.192041442629254,27.403828643299438,2202700
2017-05-03,27.423095703125,27.448767337725293,27.224144207245466,27.26907079188689,1926400
2017-05-04,27.24980926513672,27.634876346660157,27.06369363147612,27.391000773180103,3080400
2017-05-05,27.448755264282227,27.448755264282223,27.17920811590417,27.352487900965617,1306000
2017-05-08,27.583528518676758,27.622035954901975,27.33323630366492,27.461591976234814,2014500
2017-05-09,27.87232780456543,27.987847663546024,27.583528157113935,27.583528157113935,2352700
2017-05-10,28.07128143310547,28.077698115475084,27.589949465411607,27.77606263230235,1987100
2017-05-11,27.80173110961914,28.058442442589243,27.75680699357648,27.936503457747126,2102400
2017-05-12,27.705467224121094,27.814570411186622,27.5899498027885,27.69905054167301,1226600
2017-05-15,27.96859359741211,28.019934393972274,27.76322306662947,27.8274021225555,1283300
2017-05-16,27.865901947021484,27.98142177811281,27.686205520070622,27.962169288990992,1632500
2017-05-17,26.986675262451172,27.86590753249826,26.858319596824128,27.86590753249826,2050700
2017-05-18,26.87115478515625,27.089358677208622,26.4347470010515,26.6272817191182,4859200
2017-05-19,26.980262756347656,27.127870937799525,26.826235444121625,26.916083689511364,2885300
2017-05-22,27.031606674194336,27.230558132023535,26.84549347939173,27.108621563265782,1729600
2017-05-23,26.56952667236328,26.954591282845787,26.466842613022543,26.941755469405557,3036000
2017-05-24,26.537431716918945,26.729966439885693,26.216543776215303,26.678623194246374,3629800
2017-05-25,26.76205062866211,26.916075445531636,26.588770873548643,26.762050628662106,2258900
2017-05-26,26.76205062866211,26.86473465596857,26.633694982483952,26.652947472547563,2092900
2017-05-30,26.704296112060547,26.787727666180007,26.575940439918487,26.659371994037947,2426300
2017-05-31,26.81982421875,26.81982421875,26.441176216003402,26.762064270935042,2892600
2017-06-01,27.435922622680664,27.532189997120376,26.762058346145768,26.95459064684416,2167500
2017-06-02,27.44234275817871,27.54502682801714,27.172797992920838,27.288317877511737,2954700
2017-06-05,27.474422454833984,27.660535573341228,27.390990916632585,27.45516751636883,1998900
2017-06-06,27.307565689086914,27.44233804858652,27.192045824321273,27.24980575670409,1561100
2017-06-07,27.281892776489258,27.44233675351636,27.16637536535608,27.423084259690967,1754700
2017-06-08,27.532190322875977,27.686215185984675,27.230554831031615,27.281895636007494,2187300
2017-06-09,28.03277587890625,28.08411668585764,27.62203963057052,27.62203963057052,2005400
2017-06-12,28.17396354675293,28.295900088820623,27.98784794450686,28.05202455650442,2431900
2017-06-13,28.327985763549805,28.437088931628498,28.212465914139706,28.238137535826525,2162000
2017-06-14,28.366491317749023,28.39216293773596,28.058439222447095,28.23171898508826,1852500
2017-06-15,28.559030532836914,28.68738621587913,28.000686127011466,28.077698557564382,2986000
2017-06-16,28.32157325744629,28.533358047132854,28.21247007328337,28.533358047132854,2976200
2017-06-19,28.777233123779297,29.01468953506753,28.417837717579637,28.45634515515918,2098700
2017-06-20,28.565454483032227,28.764405964774653,28.559037798929023,28.636050249075723,1789700
2017-06-21,28.405006408691406,28.725894428188596,28.30874147175103,28.725894428188596,1891900
2017-06-22,28.456344604492188,28.687384329136698,28.23172401007717,28.30873643556505,1641700
2017-06-23,28.225299835205078,28.559023550248057,28.129034932595644,28.546187740264045,3415200
2017-06-26,28.392173767089844,28.50127452137692,28.16113399544501,28.385754635554505,2183300
2017-06-27,28.53336524963379,28.693809277058428,28.42426448611219,28.501276933785178,1462200
2017-06-28,28.926605224609375,29.05554088879231,28.765436259191514,28.810563372769053,1844900
2017-06-29,28.72031021118164,29.397219399202378,28.546247426963166,29.242498563837067,1250300
2017-06-30,28.875032424926758,29.01041376561458,28.70096964722388,28.978180464390324,1544200
2017-07-03,29.055545806884766,29.2876295498491,29.016864363309487,29.087779113575664,1038200
2017-07-05,29.16513442993164,29.248940513724552,28.91370880082384,29.178025781866687,1290000
2017-07-06,28.958845138549805,29.339204082160034,28.939505645241358,29.055547523579655,1648300
2017-07-07,29.28118324279785,29.429460889480715,29.016866176624973,29.10067474665359,1312000
2017-07-10,29.358545303344727,29.519714301550295,29.132907230310686,29.132907230310686,1627800
2017-07-11,29.268293380737305,29.39078094376714,28.97818866909407,29.377887127778116,1526600
2017-07-12,29.642200469970703,29.90651751630915,29.294074859892657,29.352095794905665,3117200
2017-07-13,29.861391067504883,29.98387861784655,29.680882580844806,29.726009702509824,1654600
2017-07-14,29.82915496826172,30.048344878364155,29.680879802492935,29.719558783588777,2124200
2017-07-17,29.751794815063477,29.83560091435568,29.64219862940243,29.738901001500793,1754300
2017-07-18,29.809825897216797,29.848504891832203,29.58418777190156,29.616421087162504,1013400
2017-07-19,30.02255630493164,30.041895794869834,29.835599704717854,29.919408259855654,1093000
2017-07-20,30.177274703979492,30.331995516858466,29.990318134111337,30.041890918656666,2493300
2017-07-21,30.087020874023438,30.27397746158043,30.041893761060468,30.13215044622962,1072100
2017-07-24,30.08057403564453,30.125701146864383,29.822702720751277,29.822702720751277,1032600
2017-07-25,30.480281829833984,30.67368660571127,30.280433834985146,30.38358190113922,1365500
2017-07-26,30.44160270690918,30.71881359457582,30.377133628821664,30.499623647566008,2537400
2017-07-27,29.590633392333984,30.589880835853055,29.300528661184806,30.50607225591127,2767700
2017-07-28,28.810558319091797,29.54549073824663,28.55913517062114,29.506809308003906,2309800
2017-07-31,28.868593215942383,28.984635103627017,28.623618083491724,28.829914226210178,2966900
2017-08-01,28.829914093017578,29.061997867314627,28.713872205869052,29.010422602251285,2059400
2017-08-02,28.32706642150879,28.829915442436857,28.069197461854195,28.771894496146853,3146700
2017-08-03,28.256149291992188,28.39797633484547,28.120765467607033,28.31416776912965,1272700
2017-08-04,28.2368106842041,28.443106824823875,28.056302175972796,28.443106824823875,1693500
2017-08-07,28.101425170898438,28.301275603656375,28.043404236177977,28.249700346463246,1581700
2017-08-08,28.14010238647461,28.32705651760565,28.06918764810897,28.06918764810897,2163400
2017-08-09,28.101425170898438,28.178785597444506,27.9015747381405,27.9015747381405,1499700
2017-08-10,27.482540130615234,28.075640903888335,27.469646314773136,27.933813848113065,1940900
2017-08-11,27.55989646911621,27.785532064698106,27.48253604480864,27.501875536074646,1383700
2017-08-14,27.73396873474121,27.90158345449386,27.663053963568952,27.766202050934673,1250200
2017-08-15,27.650165557861328,27.901588916329523,27.50833598775317,27.785546987921915,1360700
2017-08-16,27.61147117614746,27.9724881219047,27.579235412353277,27.75329820801916,1223200
2017-08-17,27.11507225036621,27.663045842519498,27.11507225036621,27.527664478704263,1826600
2017-08-18,26.966798782348633,27.224667711793124,26.96679878234863,27.069946845975192,1796700
2017-08-21,26.92811393737793,27.037707665228947,26.83141156401473,26.921665800890512,1372400
2017-08-22,27.405170440673828,27.463191367955503,27.011920221590593,27.011920221590593,2398100
2017-08-23,27.302030563354492,27.579241470016857,27.211776307091217,27.244009618721808,1740800
2017-08-24,27.32780647277832,27.418060690322704,27.224658444264314,27.379381716656816,2014900
2017-08-25,27.508323669433594,27.611474190044646,27.437411375379146,27.482538498524598,2055200
2017-08-28,27.463186264038086,27.65659095852909,27.398719672036314,27.61790952778232,1480600
2017-08-29,27.334260940551758,27.3858337371354,27.03126246067586,27.153750004400123,965100
2017-08-30,27.46963882446289,27.521211614524713,27.289130370381642,27.366490785095998,1083800
2017-08-31,27.869346618652344,27.94670705959561,27.482541954691936,27.63726283657847,2089600
2017-09-01,27.978931427001953,28.0885251353985,27.837101960377648,27.895122882247314,943200
2017-09-05,26.902324676513672,27.837105211708934,26.889430863565206,27.727509031268646,3468100
2017-09-06,26.824968338012695,27.160200147929864,26.79273503036068,27.082837258472544,2621300
2017-09-07,26.52197265625,26.90877976694072,26.399485090448803,26.87009831809845,1783600
2017-09-08,26.45749855041504,26.67024031076215,26.405923299880406,26.483286175682355,1662600
2017-09-11,26.902324676513672,27.024812210659064,26.747603839618794,26.754049516471348,2025500
2017-09-12,27.19887924194336,27.28913594667037,26.97968930609382,27.069946010820832,2791000
2017-09-13,27.0699405670166,27.185979959842435,26.74115449973978,27.185979959842435,2171900
2017-09-14,27.173097610473633,27.276245684352606,26.986140958054225,27.082840893990976,2146200
2017-09-15,27.38583755493164,27.476091805967815,27.076393354560217,27.1473081115869,4614000
2017-09-18,27.572790145874023,27.611471587457153,27.398727347615242,27.45674828036817,2419100
2017-09-19,27.624364852905273,27.746854863436287,27.52766493112383,27.585685867890177,2013300
2017-09-20,27.70172691345215,27.785533017975794,27.534109785917593,27.70172691345215,2461200
2017-09-21,27.450298309326172,27.72106098032519,27.360041626416677,27.643700568503064,1806000
2017-09-22,27.650165557861328,27.67595319956188,27.398742199393137,27.418081701046113,1154300
2017-09-25,27.98538589477539,28.030513019379356,27.579239314095858,27.579239314095858,2171400
2017-09-26,28.04340934753418,28.133663604828804,27.87579464959332,28.07564265953311,1816300
2017-09-27,28.675182342529297,28.868584611276226,28.31416297075663,28.327056783238863,4174200
2017-09-28,28.850034713745117,28.934221815701978,28.610427930092378,28.649284085692,2166200
2017-09-29,28.824134826660156,28.927748786398737,28.739950182739324,28.765851819910225,2042800
2017-10-02,28.966602325439453,29.005458483205786,28.72051826695556,28.87594042766945,1507800
2017-10-03,28.992511749267578,29.050794761433323,28.759379700604594,28.914801889830546,1635600
2017-10-04,29.057262420654297,29.115545418512514,28.90184273993324,29.01193147458138,3465200
2017-10-05,28.986013412475586,29.20619324609312,28.986013412475586,29.14143548870271,3107200
2017-10-06,28.92774772644043,29.251541647553136,28.837085823785124,29.070217842242524,2620100
2017-10-09,28.95365333557129,29.096123458766908,28.908322381891175,29.070219350849214,1374800
2017-10-10,29.089637756347656,29.368100659788514,28.92126604443855,28.992501085367742,2355600
2017-10-11,29.09612274169922,29.167357801541453,28.92127372309145,29.14145369426216,3364000
2017-10-12,29.011932373046875,29.225637528595634,28.986028268674055,29.05726332052364,2136500
2017-10-13,28.9083251953125,29.206215054302177,28.9083251953125,28.986035056276776,1914000
2017-10-16,28.97954750061035,29.070209376864508,28.862981525326198,28.921264512968275,2360500
2017-10-17,28.74641990661621,29.070213782510248,28.681662119577897,28.986026683079455,1425000
2017-10-18,29.011932373046875,29.08964221581399,28.778800374394184,28.817656530953418,1420300
2017-10-19,29.057262420654297,29.128497470297816,28.830607690289717,28.830607690289717,1986400
2017-10-20,29.186784744262695,29.400489924502843,29.070218731468373,29.290398703374137,2007700
2017-10-23,28.84356117248535,29.400487075116,28.843561172485348,29.16735507212164,2821800
2017-10-24,29.011932373046875,29.251539162617096,28.973078686839003,28.99250552994294,2593100
2017-10-25,28.590999603271484,28.97307646727075,28.31253667847451,28.97307646727075,3616300
2017-10-26,28.46149253845215,28.591010629994166,27.690861252470835,28.48091938756021,3197900
2017-10-27,27.768556594848633,28.461475119617294,27.729700450060914,28.33843189629816,2490900
2017-10-30,27.54838752746582,27.943416508290824,27.522483420773654,27.626097377190735,2493600
2017-10-31,27.28287696838379,27.57429199662236,27.276399706449812,27.554862681172047,2432300
2017-11-01,27.464204788208008,27.671432734032976,27.360590815295524,27.490108899024122,1759100
2017-11-02,27.86569595336914,28.03407012675886,27.399434522457206,27.41886136155954,1995800
2017-11-03,27.710281372070312,27.80094326494418,27.45124527498671,27.755612318507247,1900000
2017-11-06,27.58077049255371,27.768571588236593,27.574295700101725,27.677909671797117,1816300
2017-11-07,27.056217193603516,27.742661143321655,26.991459402461835,27.64552198625776,2309700
2017-11-08,27.1274471282959,27.192207377571506,26.784226453363395,27.017358410053745,3167300
2017-11-09,26.764802932739258,27.01736176035552,26.479862741294273,26.926699870478014,2921000
2017-11-10,26.63528060913086,26.84250845851418,26.557568312848993,26.73889453382252,1961200
2017-11-13,26.428056716918945,26.531670657125108,26.20787678518695,26.421579456083514,1799400
2017-11-14,26.44101333618164,26.460440181341724,26.259687056731575,26.259687056731575,2339900
2017-11-15,26.19492530822754,26.382726350953757,26.045980420312304,26.227304202061067,2766600
2017-11-16,26.25969123840332,26.492823298855463,26.104271511669904,26.298547405262685,2033000
2017-11-17,26.214351654052734,26.363296539147495,26.078358820316375,26.162545918970352,1829600
2017-11-20,26.39567756652832,26.551099725044175,26.19492693011996,26.279114035580687,2086600
2017-11-21,26.92670440673828,27.17926327690237,26.47986720227723,26.53167541685019,3961600
2017-11-22,26.810134887695312,27.14040356617003,26.73889983715043,26.97850662233214,2224800
2017-11-24,26.687095642089844,26.907275617630223,26.635289896854765,26.88784877196103,660500
2017-11-27,26.667665481567383,26.87489337745216,26.641761376993944,26.700044377108497,1814300
2017-11-28,27.30876922607422,27.347625373278383,26.583471770718518,26.706515001689652,2865200
2017-11-29,27.930469512939453,28.338448150640772,27.490109500833114,27.4965842935029,3005200
2017-11-30,28.07293128967285,28.442056153137088,27.995221442193937,28.059981707052625,3581500
2017-12-01,28.157114028930664,28.215397023082417,27.412389626270624,28.118257876045785,2921900
2017-12-04,28.895362854003906,28.95364584656768,28.500333956666193,28.552142159101134,2752900
2017-12-05,28.590999603271484,28.95364715530389,28.539191398494758,28.927743052915527,2239800
2017-12-06,28.68165397644043,29.076682788132942,28.435570008929428,28.467948893255752,2473500
2017-12-07,28.817655563354492,29.01193139892483,28.57157152077805,28.57157152077805,1544200
2017-12-08,28.92774772644043,28.998982784341475,28.655762018474512,28.998982784341475,1504800
2017-12-11,28.558626174926758,28.998986156475222,28.513295218327816,28.9471804076558,1642900
2017-12-12,28.590999603271484,28.69461354247377,28.46148156168084,28.590999603271488,1746700
2017-12-13,28.29311180114746,28.88889389770638,28.280159747923186,28.59747887603906,2671200
2017-12-14,27.891611099243164,28.47444120665913,27.891611099243164,28.422632988065786,2254300
2017-12-15,28.144174575805664,28.40321077028517,28.01465647856591,28.034085798880827,2928000
2017-12-18,28.2672061920166,28.480908864301764,28.195971144471144,28.396721765352478,1879400
2017-12-19,28.286636352539062,28.597478211645356,28.267209508329763,28.455008099839826,2699100
2017-12-20,28.29311180114746,28.578052031378427,28.1571189478199,28.519769027044962,2674900
2017-12-21,28.390254974365234,28.500343736790747,28.31901990674783,28.31901990674783,1730100
2017-12-22,28.585546493530273,28.663666171473476,28.422795715843726,28.572526133309776,966400
2017-12-26,28.364206314086914,28.715748602016582,28.312127354789855,28.624608560711824,941100
2017-12-27,28.273067474365234,28.42279790335503,28.201456729330992,28.370718941844657,1021700
2017-12-28,28.338172912597656,28.351193276630095,28.2275035433927,28.29260288017438,1415300
2017-12-29,28.207971572875977,28.468371378770758,28.207971572875977,28.468371378770758,1092800
2018-01-02,28.1558895111084,28.494411486473016,28.038708731813717,28.494411486473016,2377900
2018-01-03,28.286087036132812,28.32514563531668,28.03219620791806,28.155885910966813,2033100
2018-01-04,28.18842887878418,28.670172182506658,28.15587922606575,28.435810709527036,2110500
2018-01-05,28.364206314086914,28.370717736111466,28.032195808851032,28.234005190774457,1973800
2018-01-08,28.59205436706543,28.67017652547883,28.23400316616627,28.325143200935546,2404400
2018-01-09,28.422800064086914,29.00870394674452,28.396759339662093,28.676690918778487,2258200
2018-01-10,28.16890525817871,28.59205579551649,28.149375959289532,28.481386457304705,4639500
2018-01-11,28.605077743530273,28.611589165774607,28.01266497167367,28.266555804843648,2530000
2018-01-12,28.989171981811523,29.080312033352552,28.722260766564148,28.75481043020307,1996200
2018-01-16,28.507434844970703,29.881052192878016,28.48139411719509,29.79642106929753,4716100
2018-01-17,29.230045318603516,29.418834363402127,28.676691096360177,28.715752183239296,3268900
2018-01-18,29.054275512695312,29.42534716358547,29.021725847129215,29.217026323906094,3033200
2018-01-19,29.22353172302246,29.32118319126986,29.119371315802567,29.13890061610005,2948000
2018-01-22,29.522985458374023,29.522985458374023,29.028224264328617,29.197483953944854,2339800
2018-01-23,29.62715721130371,29.71178833028279,29.392798124206823,29.4578974567259,2266600
2018-01-24,29.6336669921875,29.920107516128443,29.405814374238375,29.75735671047059,2306200
2018-01-25,29.399301528930664,29.77037311786239,29.23004180622036,29.672724137468713,2191000
2018-01-26,29.855012893676758,29.881053622698428,29.30817000112474,29.51649086653688,3239500
2018-01-29,29.373262405395508,29.861514784064756,29.334203804465183,29.750845436922138,2996000
2018-01-30,27.81085968017578,29.431856384634493,27.635088504382608,29.060784730197906,4830500
2018-01-31,27.609045028686523,27.94105556097668,27.491864256494683,27.94105556097668,6746900
2018-02-01,27.3877010345459,27.635082915264775,26.95803907507618,27.400721394939506,6795300
2018-02-02,26.613008499145508,27.32260200616517,26.47629595525046,27.068711184242694,3831600
2018-02-05,25.3565673828125,26.665082321990397,25.350055962110776,26.228911503390886,5026700
2018-02-06,25.857845306396484,25.929456048558226,24.09362492389315,24.52979831552382,5570500
2018-02-07,25.675569534301758,26.25496456357679,25.675569534301758,25.688589898447542,3689000
2018-02-08,24.738126754760742,25.75369285239427,24.73161781409171,25.65604135869427,4718000
2018-02-09,24.8813419342041,25.18731173518585,24.126178356881894,25.031072365190916,4443900
2018-02-12,25.278453826904297,25.61697328382039,25.050601231488507,25.128720915132224,3152400
2018-02-13,25.284969329833984,25.36960045772342,24.933426937106123,25.024567005580618,3141500
2018-02-14,25.91644859313965,25.95550721131021,25.070142109854523,25.16779362204315,3193400
2018-02-15,25.428184509277344,26.196368442356537,25.102682926900737,26.027106228827904,5113300
2018-02-16,25.454225540161133,25.734157130376584,25.239395763588963,25.29798615417778,4494600
2018-02-20,25.29798126220703,25.558381016284834,25.12871906284566,25.356571641465997,3351500
2018-02-21,25.4346923828125,25.942474035368118,25.297982319952126,25.460733104323015,3428100
2018-02-22,25.206846237182617,25.818788388515685,25.167785148781675,25.63650827607185,3469300
2018-02-23,25.59093475341797,25.597443692239167,25.15476135099963,25.31100319988768,3241900
2018-02-26,25.935970306396484,25.942479246391606,25.434697491838698,25.78623985270474,3368300
2018-02-27,25.493288040161133,26.105230222015653,25.493288040161133,25.85785076661214,3356100
2018-02-28,25.174287796020508,25.77972085631177,25.167778857937442,25.57791149180112,3681800
2018-03-01,24.972488403320312,25.376109776892065,24.803226145016236,25.213358942650803,4802700
2018-03-02,25.25241470336914,25.31100509065645,24.731612640470885,24.809732329060594,2746700
2018-03-05,25.63650894165039,25.734157940117502,24.93993565572089,24.998526048153295,3244000
2018-03-06,25.779726028442383,26.033619365453934,25.428186183695924,25.688585976716258,3372700
2018-03-07,25.59093475341797,25.734153757903744,25.271942116820682,25.519324009485114,2315800
2018-03-08,25.727642059326172,25.79274137407481,25.434690176197954,25.71462169970051,2212500
2018-03-09,26.33958625793457,26.40468806149178,25.708114905398897,25.896903927265093,4139000
2018-03-12,25.929466247558594,26.391678059014687,25.857855477229737,26.320067288685827,2956500
2018-03-13,25.66254425048828,26.105226613057905,25.577915624835306,26.098717673923083,2756400
2018-03-14,25.29798126220703,25.81878325374242,25.226370522737202,25.805762893531565,4673600
2018-03-15,25.167781829833984,25.389123001489864,24.99852210251123,25.311003318370126,4205900
2018-03-16,25.382612228393555,25.571401242008637,25.21986145168346,25.239390750207143,3801300
2018-03-19,24.894367218017578,25.441210087888294,24.640473845657905,25.311008931560885,2490400
2018-03-20,24.978994369506836,25.089666214970045,24.718594555757583,24.978994369506836,2546000
2018-03-21,25.187314987182617,25.54536876335857,24.972485204857374,24.978994144705876,2226100
2018-03-22,24.262889862060547,24.97899239756441,24.210808413394002,24.900872707944753,2704900
2018-03-23,23.859264373779297,24.471206387746275,23.807182934269058,24.41261600998712,4543800
2018-03-26,24.80972671508789,24.933416400981297,24.17174402197845,24.334494785017988,4080300
2018-03-27,24.48422622680664,25.037577851243817,24.347516176069878,24.82925706439361,4365700
2018-03-28,24.291950225830078,24.7263713398505,23.914503619671905,24.633789122921378,7007700
2018-03-29,24.6978759765625,24.854553105045895,24.405888511375466,24.46286028383741,5216000
2018-04-02,23.821916580200195,24.60529688785904,23.437346880065046,24.491350611896053,4279800
2018-04-03,24.192241668701172,24.384526510919482,23.75782066035907,24.09253902089021,4089600
2018-04-04,24.47710609436035,24.548324212171085,23.672361738299625,23.7293335158548,3119400
2018-04-05,24.24921989440918,24.541207462084344,24.085422255634736,24.427261160471943,2628300
2018-04-06,23.65812110900879,24.199365289405463,23.45871307059422,23.942985466225128,4056500
2018-04-09,23.55129051208496,24.007075564769025,23.458708324291884,23.458708324291884,2695600
2018-04-10,23.56553840637207,23.90025680366573,23.51568707699136,23.85040547428502,3254200
2018-04-11,23.13111686706543,23.415983929026982,23.081265538726203,23.259306773278762,4382200
2018-04-12,23.74357795715332,24.078296330658056,23.387495505916284,23.465834079859395,5515100
2018-04-13,23.6082706451416,24.092543058548166,23.501444809330735,23.942986345074186,3536100
2018-04-16,24.09965705871582,24.206482865916335,23.68660016867984,23.736454204281706,4681100
2018-04-17,24.192241668701172,24.256336616107273,23.878887385074265,24.185118498604158,4409400
2018-04-18,24.24921989440918,24.655153763696745,24.149517220085094,24.263463521697496,6075700
2018-04-19,24.33466911315918,24.441494916329685,24.078292075597425,24.249210100638596,3466500
2018-04-20,24.242094039916992,24.43437889044242,23.928739742752512,24.320432614208116,4904700
2018-04-23,23.957225799560547,24.249213287683386,23.814792282177688,24.22784921091864,3022500
2018-04-24,23.722211837768555,24.227848223001104,23.565534703366755,24.09253788118618,3703300
2018-04-25,23.914499282836914,24.13526866903199,23.622509058035693,23.63675268241821,3811900
2018-04-26,24.056928634643555,24.18511852962016,23.401738252935058,23.88601058580369,3790000
2018-04-27,24.413015365600586,24.526961657095924,23.978594280307775,24.092543288496994,4371600
2018-04-30,23.957225799560547,24.569688022621474,23.957225799560547,24.548323945856726,5613500
2018-05-01,23.522808074951172,24.071175427509246,23.316282298468433,23.921621435909888,4776000
2018-05-02,23.16672134399414,23.529926933242812,23.138236815120205,23.51568331045921,4036900
2018-05-03,23.03853416442871,23.116872740602673,22.554263157966997,23.059900959462983,3006500
2018-05-04,23.401735305786133,23.622504650792337,22.810637229313766,22.881855337939204,2348400
2018-05-07,23.85040283203125,23.886010532402164,23.316279176387336,23.465833147961217,4432900
2018-05-08,23.722211837768555,23.900253048063952,23.529927004646332,23.786306782142628,2675500
2018-05-09,23.25930404663086,23.71508911898354,22.924585695568535,23.70084549588585,5715400
2018-05-10,23.64388084411621,23.807678484052033,23.21658017251941,23.280675137424225,2688200
2018-05-11,23.686603546142578,23.829037070488422,23.565536816299392,23.71509079435045,2161000
2018-05-14,23.999961853027344,24.05693364226859,23.71509475673921,23.729338383223013,2193100
2018-05-15,23.90025520324707,24.064052805485943,23.601144530298274,23.601144530298274,2670900
2018-05-16,23.964351654052734,24.170877424864457,23.871769449878983,23.871769449878983,3285300
2018-05-17,24.242094039916992,24.43437889044242,23.86464479257737,23.985714239216424,2188200
2018-05-18,24.291950225830078,24.427260606961823,24.071178082904964,24.199368008900958,2750400
2018-05-21,24.569686889648438,24.65514590946006,24.39164568030316,24.41300975608275,3615000
2018-05-22,24.54832649230957,24.76909588629519,24.498475163558386,24.669393228792824,1986100
2018-05-23,24.12102699279785,24.39877089895513,23.942985748677152,24.34891956793684,1896900
2018-05-24,24.156633377075195,24.17800017255283,23.82191770378679,24.02844618767757,2254800
2018-05-25,24.234968185424805,24.277699053040184,23.97146796019636,24.028442450350195,1505500
2018-05-29,23.380374908447266,24.021321686716004,23.245061839125523,23.95722673721978,2594200
2018-05-30,23.992830276489258,24.071168836360346,23.551288876943975,23.57977611993219,1721500
2018-05-31,23.907379150390625,24.035569069429766,23.722217443275156,23.935866402775748,4902300
2018-06-01,24.29906463623047,24.469985400604195,24.17087474212352,24.199361988968036,2534800
2018-06-04,24.10678482055664,24.405895541392248,24.092543910858996,24.33467740943427,1636600
2018-06-05,24.056928634643555,24.106779958612968,23.715089820270418,24.042685011124664,1977500
2018-06-06,24.54832649230957,24.55544694640531,24.19224402026188,24.21360809924277,1829600
2018-06-07,24.413015365600586,24.826072370204862,24.35604357819986,24.64803111995003,2069600
2018-06-08,24.50559425354004,24.53408150172458,24.14239134761445,24.420135225679932,2244800
2018-06-11,24.42725372314453,24.719241201918724,24.420133270015388,24.569687235967056,2233100
2018-06-12,24.25634002685547,24.49847622702667,24.04981153209602,24.434381270608007,3173300
2018-06-13,23.75069808959961,24.455742528858206,23.700846764436157,24.26345768178768,5073800
2018-06-14,23.6082706451416,23.99996084862501,23.565539767478484,23.814796428778692,4434600
2018-06-15,24.18511962890625,24.192242799336164,23.45159064284947,23.501441969084773,7282300
2018-06-18,23.76494026184082,23.942981474176115,23.465832329130315,23.907373775047716,3259900
2018-06-19,23.793426513671875,23.87176507849715,23.465831348669074,23.50143904630969,2231400
2018-06-20,23.6723690032959,23.900261616843157,23.64388174742893,23.8361666494896,3709600
2018-06-21,23.45871353149414,23.700849734066914,23.387498119964306,23.62251115136781,2477200
2018-06-22,23.430225372314453,23.686602444177396,23.39461495536455,23.594022966849135,5656600
2018-06-25,23.309154510498047,23.415980321448945,23.00292341691158,23.31627768013116,4743200
2018-06-26,23.11687469482422,23.487200811965863,23.088387443499368,23.337646817551107,3295800
2018-06-27,22.860490798950195,23.309155419061877,22.85337034573276,23.152478281344994,3799400
2018-06-28,22.810279846191406,22.968087693082595,22.638126950796142,22.846145887825582,3299600
2018-06-29,22.989608764648438,23.36260743441444,22.96809050518294,23.003955183058615,5891400
2018-07-02,22.673994064331055,22.889184851710766,22.43728365095351,22.7385515741749,4297900
2018-07-03,22.580751419067383,22.968096610201574,22.516193887211685,22.83180833537842,1549400
2018-07-05,22.752899169921875,22.867667785122883,22.55922798686381,22.73138090966532,2225200
2018-07-06,22.79593276977539,22.903528148807116,22.609433474317317,22.702682437971617,2179300
2018-07-09,23.190452575683594,23.247835504833432,22.824625799194227,22.889183304674756,1859700
2018-07-10,23.305225372314453,23.33391547391275,22.989609628036497,23.176110338073403,2936900
2018-07-11,23.05416488647461,23.204798166231317,22.874838771631094,23.003953793222376,3867600
2018-07-12,23.333911895751953,23.355432889025057,22.88918392172981,23.21914329805917,6160600
2018-07-13,23.190452575683594,23.39846877218828,23.09002766114789,23.22631724843963,2601900
2018-07-16,23.02547264099121,23.240666173353286,22.932223660870655,23.183280501710218,2323500
2018-07-17,23.032651901245117,23.14742053156733,22.975266217934017,22.996787217325675,1668700
2018-07-18,23.362606048583984,23.391298883702326,23.097204164487735,23.097204164487735,2452400
2018-07-19,23.147415161132812,23.27653018232681,22.9967818818396,23.269355605427503,1707100
2018-07-20,22.939393997192383,23.104373678057133,22.896356116999307,23.054162589806953,1572700
2018-07-23,23.29804801940918,23.305222596178833,22.960914055017245,22.9680886317869,1818800
2018-07-24,23.384126663208008,23.59932021198141,23.312397304483298,23.412819501217747,1621700
2018-07-25,23.51324462890625,23.577802154325518,23.161766896523567,23.36978589357453,2486100
2018-07-26,23.477380752563477,23.649535071702655,23.448687909990266,23.570631122776366,2799600
2018-07-27,23.276525497436523,23.67821416137013,23.16175691684138,23.49888808317154,3819800
2018-07-30,24.610719680786133,24.861775174535037,23.233493545121647,23.233493545121647,5906500
2018-07-31,24.617889404296875,24.998059901067318,24.47442796179689,24.703965175277094,8939900
2018-08-01,23.276525497436523,24.732652376793443,23.26935092198125,24.682441293801745,4250100
2018-08-02,22.817453384399414,23.054163790008822,22.44445612305856,23.025470956286654,3747100
2018-08-03,23.16893196105957,23.262182300786236,22.83897258824113,22.83897258824113,2188100
2018-08-06,23.4056453704834,23.44151004633771,23.032646721739912,23.168933584506053,2748500
2018-08-07,23.72126007080078,23.91493261803246,23.45585816665348,23.477376426468254,2441000
2018-08-08,23.88623809814453,23.900584515776973,23.534760443197463,23.685393723889064,2619800
2018-08-09,23.592147827148438,23.82885965828098,23.506072041418374,23.785820397266,2184100
2018-08-10,23.018301010131836,23.341088575319613,22.688340235923246,23.305223898365295,3064700
2018-08-13,22.98243522644043,23.12589666364866,22.73855160407623,23.018299901667657,1862300
2018-08-14,23.13306999206543,23.19762750614643,22.99678312291643,23.06134063699743,1584800
2018-08-15,23.068510055541992,23.140239403077636,22.752895727416654,22.91787678393761,1932100
2018-08-16,23.1976261138916,23.44868157786147,23.046992835509677,23.068511093478712,2048500
2018-08-17,23.470203399658203,23.577797429596345,23.118723001408313,23.118723001408313,3433700
2018-08-20,23.7356014251709,23.821677182364276,23.448678586127656,23.54910349520208,2001700
2018-08-21,23.792987823486328,23.91493100558042,23.663875537003445,23.6997402130431,1778300
2018-08-22,23.7356014251709,23.90058109991612,23.656697507619057,23.721255009588837,2494400
2018-08-23,23.34109115600586,23.80016563889698,23.319570158414255,23.7499545383495,1659800
2018-08-24,23.441511154174805,23.470203990734017,23.26935687111903,23.38412548105638,1549900
2018-08-27,23.88623809814453,24.087085208699374,23.599317954393772,23.599317954393772,2487900
2018-08-28,23.77147102355957,24.058393922079,23.74277818644772,23.929278891375212,1887100
2018-08-29,23.857545852661133,23.93644978344047,23.549107442986504,23.714087145389005,1425600
2018-08-30,23.219146728515625,23.821682639497755,23.13307095160378,23.821682639497755,2747600
2018-08-31,22.767242431640625,23.125896014595202,22.60943594966031,23.097203180698987,5491900
2018-09-04,22.42293930053711,22.724207251528963,22.34403536608812,22.69551441422032,4430400
2018-09-05,22.53770637512207,22.83180109671282,22.279476329569338,22.344033840957522,6098700
2018-09-06,21.70563316345215,22.279476185241162,21.619556026108953,21.84909323482456,5256300
2018-09-07,21.61955451965332,21.74149632430526,21.48326766656848,21.648247352818288,3529800
2018-09-10,22.40141487121582,22.437280910164386,21.777360843155154,21.777360843155154,4857400
2018-09-11,22.32251739501953,22.59509251222876,21.963865132920663,22.179055942920062,5072500
2018-09-12,22.480323791503906,22.638130293547245,22.19340225681157,22.29382445191644,3616100
2018-09-13,22.473154067993164,22.731384173345976,22.322520751970696,22.659653436509082,2725500
2018-09-14,22.896358489990234,22.910704907591313,22.559225885263025,22.559225885263025,2372100
2018-09-17,22.824630737304688,22.96091761778297,22.681170647093357,22.91788109568442,2697200
2018-09-18,22.70269203186035,22.95374893446103,22.638134503530175,22.925056091580927,2553700
2018-09-19,23.283700942993164,23.326740193494718,22.709857951135202,22.81745334108987,4757300
2018-09-20,23.613658905029297,23.90775632803574,23.40564271416241,23.40564271416241,6612700
2018-09-21,23.54193115234375,23.92210162428318,23.44868081036454,23.64952791126586,8843900
2018-09-24,23.1976261138916,23.69256520127478,23.111550345716118,23.455856154717374,4260200
2018-09-25,22.68834114074707,23.24066731217864,22.652476462362447,23.24066731217864,3266400
2018-09-26,22.501842498779297,22.896359421817024,22.480322871501887,22.681168621641852,2333400
2018-09-27,22.422359466552734,22.67526927724654,22.357325121444298,22.67526927724654,3165600
2018-09-28,21.974342346191406,22.364548365415192,21.95988996512647,22.212801120743194,2811300
2018-10-01,22.032150268554688,22.140540368931642,21.844273451382342,22.01769788763645,3043700
2018-10-02,22.032150268554688,22.335643376563105,21.851499641841457,22.075506033054488,3969100
2018-10-03,21.9093074798584,22.33564306318026,21.887630287040096,22.15499243900167,5276300
2018-10-04,22.12609100341797,22.14776819814435,21.82982268569233,21.894857026381494,2542600
2018-10-05,22.061054229736328,22.386224519065895,21.93098556270256,22.14053956539208,2096700
2018-10-08,22.357322692871094,22.40790464951537,21.916534707962498,21.916534707962498,3071100
2018-10-09,22.082731246948242,22.313963818394583,21.89485443808438,22.256155675532998,2846600
2018-10-10,21.381807327270508,22.277834230115566,21.367354947001676,22.075505041116422,4568600
2018-10-11,20.623075485229492,21.454068063370293,20.608623104817166,21.302320825550577,5700900
2018-10-12,20.623075485229492,21.092766822591262,20.31958238784491,21.020506298784486,3701000
2018-10-15,20.919343948364258,21.14335034839723,20.514685536250227,20.62307701914985,3438400
2018-10-16,21.389034271240234,21.41793765454173,20.767595680326817,21.11444454947412,4208600
2018-10-17,21.598588943481445,21.764788571030145,21.251740063671427,21.30954821030643,3503300
2018-10-18,21.07108497619629,21.728653021926164,20.98437346371248,21.540776240538392,4308100
2018-10-19,21.50465202331543,21.613042130012843,20.95547392069288,21.071090218270786,3249400
2018-10-22,20.984376907348633,21.678074634076754,20.984376907348633,21.193930912118844,4026000
2018-10-23,20.839855194091797,21.05663538221946,20.391841059505186,20.630299817747545,5466600
2018-10-24,20.471323013305664,21.08553524123932,20.413514884691587,20.83985035006586,5721100
2018-10-25,21.20115852355957,21.757562807246025,20.391843076537917,20.70978857839517,7980000
2018-10-26,21.179475784301758,21.34567538241159,20.73146307180053,20.955469428051146,5586000
2018-10-29,21.410709381103516,22.335640987097893,21.157799633365183,21.46851752033724,4649600
2018-10-30,22.386220932006836,22.407899499123744,21.51187273211091,21.51187273211091,6576800
2018-10-31,22.03937530517578,22.595779537104,22.024922925014177,22.53797139471242,6249900
2018-11-01,22.400676727294922,22.44403248988801,22.1333132050854,22.220026108526415,2911400
2018-11-02,22.183900833129883,22.689721836707093,22.00325017936907,22.588557911642674,2290700
2018-11-05,22.270606994628906,22.451257604745305,22.08273019471728,22.176669283800482,2268000
2018-11-06,22.56687355041504,22.574099740103144,22.234477094290796,22.27783285416466,1650600
2018-11-07,22.776430130004883,22.790882510151032,22.15499156626878,22.704169607528968,2201900
2018-11-08,22.863143920898438,23.00766498017729,22.617458947077367,22.617458947077367,2280200
2018-11-09,22.30674171447754,22.689720190582346,21.97434381898024,22.595782463874095,4202500
2018-11-12,22.371774673461914,22.6319120370038,22.24893356096159,22.24893356096159,2910400
2018-11-13,22.465713500976562,22.920952503298025,22.31396624803275,22.44403492819745,3235400
2018-11-14,22.26338768005371,22.59578562200912,21.916538732299962,22.5524284698485,2897700
2018-11-15,22.819786071777344,22.884820404691997,21.93098535961689,21.981567312271654,3914300
2018-11-16,23.072696685791016,23.123278637289317,22.56687441429839,22.63913493569088,3329300
2018-11-19,23.282251358032227,23.441222019444005,22.98598309143017,23.1088255606172,3638200
2018-11-20,23.03656768798828,23.18109012127429,22.790884099643325,23.09437583434973,4583900
2018-11-21,23.31838035583496,23.52793571858303,22.978756337347367,23.079921613064073,2845800
2018-11-23,23.542388916015625,23.759169097613263,23.094373416669672,23.137730555593023,1730700
2018-11-26,24.091569900512695,24.322802503413627,23.72304380104873,23.816980150876564,4653900
2018-11-27,24.127696990966797,24.163826564600463,23.84588245751051,24.026533082188617,2966300
2018-11-28,24.236085891723633,24.243310703078354,23.600194988638545,24.084340044689192,4245800
2018-11-29,24.207185745239258,24.322802044508357,24.012082723377024,24.0409874873218,3298700
2018-11-30,24.488996505737305,24.503448885469044,24.062660951434445,24.1782772327788,5921700
2018-12-03,24.76358985900879,25.038179601380943,24.54680964408761,24.821396629949778,5017000
2018-12-04,24.040985107421875,24.68410088072388,23.983175585255086,24.676876068707898,5349000
2018-12-06,23.506256103515625,23.607420002405977,22.50183916951927,23.56406562088697,7148500
2018-12-07,23.296703338623047,23.990401003386097,23.1955366838993,23.470126376559065,4375000
2018-12-10,23.15941047668457,23.434000209213576,22.494616095634008,23.173862858029242,4830000
2018-12-11,22.790889739990234,23.58575160461083,22.631916264461903,23.491812482115858,5998800
2018-12-12,23.108823776245117,23.3400563172706,22.689714451072764,23.137728533000633,4364900
2018-12-13,23.05824851989746,23.202769589094554,22.653591455702692,23.130507676240946,4722400
2018-12-14,22.668039321899414,23.188312586490728,22.574100232161186,22.80533279420177,4235300
2018-12-17,22.032150268554688,22.985985357079745,21.562458914751275,22.682492249071327,7091600
2018-12-18,21.649168014526367,22.552421046739678,21.569682684904823,22.552421046739678,5540200
2018-12-19,21.0205078125,21.837048069028658,20.88321294520582,21.613041669526012,6902400
2018-12-20,20.673660278320312,21.287871369413825,20.623078318183673,20.90489288366211,6417800
2018-12-21,20.521909713745117,21.280643128334134,20.45687538168735,20.66643075793012,8636500
2018-12-24,20.059444427490234,20.579717701805237,20.04499204752889,20.370163705385025,2198300
2018-12-26,20.9121150970459,20.9121150970459,19.755950912002568,20.138930703160515,3077300
2018-12-27,21.121671676635742,21.128897867345326,20.51468543957992,20.52191163028951,4214900
2018-12-28,21.267488479614258,21.588287460232,21.077925508823068,21.245615347768354,2918700
2018-12-31,21.624746322631836,21.6320373682775,21.282075521034077,21.354984586865985,3175000
2019-01-02,21.763269424438477,21.916377183093683,21.296652322912948,21.406016596951822,2670300
2019-01-03,21.36227035522461,21.69036039646293,21.260198516005804,21.610160299577004,3306600
2019-01-04,22.062192916870117,22.105937787409363,21.55183099495624,21.690358040725613,2964000
2019-01-07,22.17155647277832,22.506937532261215,21.923666547698392,22.011157682101356,3055000
2019-01-08,22.30279541015625,22.47048526662369,21.909087339537475,22.164268341906173,2885700
2019-01-09,22.105939865112305,22.49235686463008,21.981994894748073,22.310084931190005,3435900
2019-01-10,22.215299606323242,22.32466386342531,21.9090827458109,21.967409700640665,3605500
2019-01-11,22.113229751586914,22.120520795417733,21.588287111387686,21.763267991454093,3491000
2019-01-14,22.120521545410156,22.375702525643028,21.79972255909956,21.865340565177284,2766500
2019-01-15,22.35383415222168,22.36112519785186,21.92367219441435,22.047617188877897,2530800
2019-01-16,22.59442901611328,22.776700952084468,22.39028394720073,22.470484044027895,2310200
2019-01-17,22.652755737304688,22.86419184826577,22.295502913503597,22.36841196523585,2610000
2019-01-18,22.99542999267578,23.243318566521157,22.67463096972202,22.82044769606491,3536100
2019-01-22,22.849605560302734,23.07562232757142,22.689206788470806,22.762114436178983,3715200
2019-01-23,22.645462036132812,22.929807165464634,22.43402734060334,22.915225078704164,2425200
2019-01-24,22.842321395874023,22.87877523070539,22.57984933508927,22.57984933508927,1821900
2019-01-25,23.031879425048828,23.265187255110362,22.98813455456838,23.017297338013893,2488800
2019-01-28,23.206857681274414,23.279766717605032,22.820440762159073,22.87876771309873,3017500
2019-01-29,22.740243911743164,23.279768599198242,22.740243911743164,23.184986427120382,3287700
2019-01-30,21.20916175842285,22.28092019974869,20.975853911926706,22.28092019974869,7381200
2019-01-31,21.588289260864258,21.799723990512224,20.844619403568885,20.990437513455074,7725000
2019-02-01,21.602869033813477,21.90908593895547,21.50808823988537,21.602869033813477,3007200
2019-02-04,21.945539474487305,21.960121561856003,21.588286677700516,21.617449461813525,2468400
2019-02-05,22.24446678161621,22.24446678161621,21.87263187290194,21.952831968102416,2618900
2019-02-06,22.113229751586914,22.324665850807424,22.040320703903138,22.14239392691019,2138600
2019-02-07,22.1278133392334,22.346539106487135,21.858050261704243,22.054904286607314,2564700
2019-02-08,21.887210845947266,22.10593657729446,21.500793903901315,22.0330275366373,1906200
2019-02-11,22.27363395690918,22.295507093717227,21.930963157331643,21.974708040322984,2450600
2019-02-12,22.711082458496094,22.893354390571705,22.441320777773903,22.499647740413117,3072000
2019-02-13,23.05375099182129,23.206858723429445,22.754823790379344,22.827732829984107,2975100
2019-02-14,23.090208053588867,23.184988844926462,22.630883403742214,22.878771948153872,2568000
2019-02-15,23.65889549255371,23.68805966690864,23.21415156801168,23.29435165686336,2665900
2019-02-19,23.5714054107666,23.62973097738648,23.418294888235923,23.513077062898017,2063200
2019-02-20,23.782840728759766,23.804715251683643,23.440171390440394,23.498496961989865,1666500
2019-02-21,23.505788803100586,23.812004303812277,23.432878363943846,23.760968387026995,1999800
2019-02-22,23.863046646118164,23.870339082621882,23.549538626449134,23.615156648734505,2124100
2019-02-25,23.680767059326172,24.05260332650738,23.637020798114055,24.045310892347665,2253700
2019-02-26,23.877622604370117,24.110930450065574,23.483914571790688,23.688061022710894,2183400
2019-02-27,23.892208099365234,24.096351798147037,23.673482310491977,23.841172174669786,2366500
2019-02-28,23.77555274963379,23.935952949876366,23.71722439272771,23.921370860649848,2711700
2019-03-01,23.819292068481445,24.227582151639414,23.797420329093057,23.965110153984195,4118600
2019-03-04,23.65889549255371,24.05989315556335,23.41100557303432,23.870331584753817,3306700
2019-03-05,23.4912109375,23.6589008058272,23.38184664973256,23.637026279524093,2342600
2019-03-06,23.236026763916016,23.54953332234863,23.177699800646632,23.454751137895574,2393700
2019-03-07,22.776700973510742,23.20686285405736,22.6746291342707,23.192280765416065,1972700
2019-03-08,22.842321395874023,22.86419453114764,22.514231319893085,22.652758395376665,2710000
2019-03-11,23.432880401611328,23.44017283678557,22.99542885362663,23.010009552101447,2042300
2019-03-12,23.66618537902832,23.84116764563566,23.520367287063667,23.549531461706355,2324100
2019-03-13,23.892208099365234,23.943244024060686,23.60057186003469,23.768261724212497,3126800
2019-03-14,23.695356369018555,23.986992636829385,23.651610094472062,23.819299975025935,4463700
2019-03-15,24.29320526123047,24.315077005219667,23.644317564558076,23.644317564558076,7742000
2019-03-18,24.570255279541016,24.716073371240572,24.409855100546633,24.46089101545416,3078900
2019-03-19,24.49005889892578,24.89834906126803,24.380694618276316,24.679620499969104,2123400
2019-03-20,24.059894561767578,24.49734607766379,24.023440732317713,24.424438418764055,2888800
2019-03-21,24.191125869750977,24.32965150722904,23.746382005678807,23.972400154325683,2606700
2019-03-22,23.40371322631836,24.023439418058118,23.133951565648616,23.906785501451033,2817400
2019-03-25,23.272480010986328,23.571407254699746,23.06833494934958,23.367260802438537,1789800
2019-03-26,23.870330810546875,23.88491011600273,23.41829446645302,23.46933037929448,2586600
2019-03-27,23.92865753173828,24.1109294524744,23.73909595792218,23.943239619147025,3305000
2019-03-28,24.178525924682617,24.28876067788151,23.94335508704263,23.94335508704263,1543700
2019-03-29,24.354907989501953,24.53863542189525,24.26671960692145,24.325510927489074,2256700
2019-04-01,24.82525062561035,24.861998356125188,24.443097216613577,24.538636269727327,2060900
2019-04-02,24.964881896972656,25.16330784039272,24.861994993745483,24.891389249340495,2297600
2019-04-03,25.11186408996582,25.207403139687724,24.972232250724684,25.075119164213746,2207800
2019-04-04,25.310293197631836,25.339690263268928,25.126565742587722,25.16331347636333,1623500
2019-04-05,25.633649826049805,25.67774261160926,25.192702346250048,25.35438336918908,2474900
2019-04-08,25.90557098388672,25.91291884851645,25.57486100637945,25.66304939922857,2067900
2019-04-09,25.17800521850586,25.832077209788437,25.1412602940077,25.832077209788437,2917200
2019-04-10,25.70713996887207,25.71449063552242,25.207401168048975,25.207401168048975,2176500
2019-04-11,25.74388885498047,26.02315535807022,25.574859940953562,25.82472937983211,3348900
2019-04-12,26.05989646911621,26.199531101935317,25.81002706684079,26.081945665773823,3111500
2019-04-15,25.655696868896484,26.324464566919772,25.596905552174917,26.24362405340191,2834600
2019-04-16,26.126039505004883,26.126039505004883,25.67774413549309,25.810028106937818,2253700
2019-04-17,26.126039505004883,26.192181490727247,25.890868623204934,26.170135096639143,1884500
2019-04-18,25.942306518554688,26.16277882255934,25.883515212433586,26.10398751643824,1848200
2019-04-22,25.751235961914062,25.964360442787193,25.736537431840954,25.824725808821647,1800100
2019-04-23,26.05254554748535,26.126035385162375,25.5895517204388,25.721835671023527,2005500
2019-04-24,26.214223861694336,26.309762893843743,25.839421202427616,25.964357291154933,2479500
2019-04-25,26.045194625854492,26.280365468260495,25.89821495194392,26.177478575140068,2574500
2019-04-26,25.802677154541016,26.170131963797463,25.31763691846081,26.170131963797463,3660300
2019-04-29,25.119213104248047,25.72183881799296,25.008975530787755,25.72183881799296,3160600
2019-04-30,25.420522689819336,25.501363192826002,24.920783947103207,25.08246495311654,4406700
2019-05-01,25.01632308959961,25.471966249942803,25.00162456140046,25.442569193544504,2385800
2019-05-02,25.214752197265625,25.324986967484737,24.884042279692387,25.10451462358856,2633100
2019-05-03,25.46462059020996,25.530762571098474,25.075116567885228,25.32498596196874,2253900
2019-05-06,25.32498550415039,25.420524542252856,24.847295920553645,25.05306972250561,1865600
2019-05-07,24.685619354248047,25.170659691642086,24.47249484753262,24.994280112835938,3479400
2019-05-08,24.891389846801758,25.126560717953716,24.634172582559906,24.634172582559906,2639400
2019-05-09,24.78849983215332,24.810546222478177,24.310810286550147,24.582726046567803,2975300
2019-05-10,25.08246612548828,25.207399415277987,24.391649288202125,24.715011315342952,3545600
2019-05-13,24.046241760253906,24.64151671112514,23.972749121996195,24.560676210770403,4360000
2019-05-14,24.56068229675293,24.72971400490191,24.046247718762782,24.14913463436081,2287400
2019-05-15,24.501888275146484,24.634172238755493,24.25201887760257,24.303462329732973,2276600
2019-05-16,24.678266525268555,24.92813310616673,24.545982568641442,24.582727489158366,2577500
2019-05-17,24.41370391845703,24.817903738913547,24.33286339367406,24.406353250681303,1648800
2019-05-20,24.494543075561523,24.575380792372492,24.222624452209235,24.30346497247839,1576700
2019-05-21,24.78849983215332,24.795850497899988,24.568027518532045,24.597424574603565,2100100
2019-05-22,24.715011596679688,24.928133258362124,24.56067844403397,24.707660930456782,2160500
2019-05-23,24.369606018066406,24.479843596612806,24.02419755518189,24.465145065909415,2753500
2019-05-24,24.457794189453125,24.590078161193134,24.399002870600928,24.509237644745564,1639200
2019-05-28,24.009496688842773,24.61212517522604,23.987450296661393,24.406348568854508,3007700
2019-05-29,24.2299747467041,24.252021141544354,23.759632967057758,23.965406794788496,2841700
2019-05-30,24.200578689575195,24.56803357061526,24.14178456294882,24.28141921195733,2192900
2019-05-31,23.38482666015625,23.847820560686817,23.28928901497559,23.818423499567213,3740700
2019-06-03,23.619997024536133,23.840469371185133,23.157004535881633,23.362779754021965,2937800
2019-06-04,24.25201988220215,24.340208260441916,23.82577091437027,23.95070702004644,2717100
2019-06-05,24.259366989135742,24.421048013748624,24.03154678549895,24.281416185601625,3566300
2019-06-06,24.376951217651367,24.51658584234457,24.244670062693356,24.310812041901247,2684600
2019-06-07,24.722360610961914,24.729711277527198,24.413699898209202,24.47984188000734,2462500
2019-06-10,24.545984268188477,24.95753189200567,24.51658720835641,24.876691379196455,2780100
2019-06-11,24.52393341064453,24.832596911060396,24.39164945381741,24.619472446899174,2327200
2019-06-12,24.457794189453125,24.57537963061557,24.3034638235758,24.49454191762606,1728900
2019-06-13,24.52393341064453,24.619472446899174,24.472489961151513,24.575376860137553,1939100
2019-06-14,24.516590118408203,24.59007997325348,24.384306136920095,24.56803357749155,1701200
2019-06-17,24.149131774902344,24.560679388563795,24.134433245349026,24.509235936856115,1351400
2019-06-18,24.63417625427246,24.766460239444545,24.20792723461612,24.288767759272208,3147400
2019-06-19,24.89874267578125,24.9869310592574,24.59007912842747,24.715015241522003,4432300
2019-06-20,25.3837833404541,25.74388754663609,25.178006704891903,25.178006704891903,4968100
2019-06-21,25.163307189941406,25.39112738306751,25.13391013164843,25.361730324774534,4012900
2019-06-24,25.244142532348633,25.479313369766185,25.104510723712437,25.185351224723004,2683400
2019-06-25,24.82525062561035,25.288244556206596,24.82525062561035,25.28089669217857,2930200
2019-06-26,25.214752197265625,25.332337634240783,24.89139014299048,24.972230656559265,2563900
2019-06-27,25.710901260375977,25.740519966424014,25.266586771279425,25.414691600978276,2345000
2019-06-28,25.7701358795166,26.044127918567916,25.592412382512958,25.866404421564273,3854900
2019-07-01,25.918245315551758,26.081160904349026,25.68127872722731,25.9626776101868,2280100
2019-07-02,25.82197380065918,25.918242348917143,25.57760327029879,25.918242348917143,1974200
2019-07-03,26.103382110595703,26.22926940597389,25.918251741017013,25.97749481521752,1098900
2019-07-05,26.132993698120117,26.199640718788636,25.86640561544604,26.125586904232403,1408500
2019-07-08,25.888622283935547,26.207046648186093,25.77754579108858,25.99229480720514,2284900
2019-07-09,25.85900115966797,25.87381192391837,25.58500908319665,25.814571691781204,2266700
2019-07-10,25.755327224731445,26.066347607233297,25.622033178639832,25.836785011216794,3339600
2019-07-11,25.7923526763916,25.910835945862534,25.681273375384613,25.807160613319493,2093000
2019-07-12,26.058942794799805,26.140400587479817,25.896030034304275,25.918244768720825,2357500
2019-07-15,26.058942794799805,26.251479909291564,25.88121926973841,26.118185853063267,1901000
2019-07-16,26.155208587646484,26.22925957778471,25.925645998435265,26.17742331971511,2856900
2019-07-17,25.7923526763916,26.103370199428813,25.784945883063685,26.058937914053224,3088300
2019-07-18,26.25147819519043,26.26628895878922,25.673869714294835,25.77754505948637,2208600
2019-07-19,26.295909881591797,26.488446999769913,26.266291176757477,26.318127441298227,3831400
2019-07-22,25.7923526763916,26.281096516067198,25.370253027483432,26.27368972273928,3024000
2019-07-23,25.896028518676758,26.044130505938394,25.629440421822878,25.903432488094108,1923400
2019-07-24,25.95527458190918,26.058947126237875,25.666471687032107,25.762740260279454,1883700
2019-07-25,25.636850357055664,25.992300293954262,25.45912680103886,25.955274788522843,3070800
2019-07-26,25.888622283935547,25.925647781551202,25.585008683704146,25.688681206973737,2160300
2019-07-29,25.6146297454834,25.888621812689085,25.6146297454834,25.873811048939544,3904700
2019-07-30,25.051837921142578,25.325830021966656,24.785249790669557,25.17032122081229,4099800
2019-07-31,24.163211822509766,25.06664592545982,23.80776192259856,25.059241955089973,6398200
2019-08-01,23.333833694458008,24.05954587087314,23.119081771734972,24.03732830395545,5170700
2019-08-02,23.28199005126953,23.444904228680468,22.889513254067193,23.215343021321356,4484900
2019-08-05,22.608112335205078,23.089450824005077,22.45260215155556,22.793242631853698,3746700
2019-08-06,22.74881362915039,22.87470230554991,22.40817451208833,22.785840541286884,3264700
2019-08-07,22.452608108520508,22.556280650171125,22.12677830449113,22.311908650257205,3925000
2019-08-08,22.637739181518555,22.800654794983092,22.53406663653748,22.70438622112996,2097200
2019-08-09,21.71208381652832,22.519252128920723,21.319608440043826,22.385958071838342,4804200
2019-08-12,20.96415901184082,21.415877487078326,20.845675708898586,21.378851984571025,3803600
2019-08-13,21.127073287963867,21.452901644408158,20.92713219712376,21.060426257683833,5137000
2019-08-14,19.979263305664062,20.70497380329096,19.97185792355372,20.556870398380774,5485400
2019-08-15,20.001482009887695,20.50503675833038,19.882998705834403,20.17920696596763,4985400
2019-08-16,20.26806640625,20.42357518443178,20.149581711651134,20.15698709334057,2405500
2019-08-19,20.208831787109375,20.638334187310576,20.186615634321637,20.527254835804516,3403800
2019-08-20,20.023696899414062,20.186611079130675,19.95704986852265,20.105153283056215,3665000
2019-08-21,20.023696899414062,20.24585272743056,19.994075369047962,20.24585272743056,2173200
2019-08-22,20.03850555419922,20.27547213914493,19.957049173394292,20.12736872976999,1906900
2019-08-23,19.34981918334961,20.023694804348086,19.26095742641348,19.92742625316309,3342700
2019-08-26,19.20172119140625,19.609007418989318,19.13507414872065,19.542360376303716,2870700
2019-08-27,19.216527938842773,19.549761670121043,19.098044646063975,19.290578937505323,3428800
2019-08-28,19.253551483154297,19.275767627956576,18.935127136482222,19.03139568485998,3201500
2019-08-29,19.51273536682129,19.660838770476463,19.297983524737813,19.505329984773702,2460500
2019-08-30,19.460899353027344,19.697865931842472,19.38684694403956,19.65343505142269,2215500
2019-09-03,19.27577018737793,19.372037336105844,19.075829094905757,19.26095942220985,4049300
2019-09-04,19.423873901367188,19.55716796507131,19.32760675115439,19.47571016782272,1893800
2019-09-05,20.016292572021484,20.17180137734453,19.697868165961097,19.697868165961097,2924600
2019-09-06,19.934833526611328,20.097747704741387,19.816350231165412,20.02369670441191,2131000
2019-09-09,20.571687698364258,20.586497054857755,20.04591670094676,20.05332208540984,3260000
2019-09-10,21.067832946777344,21.097453066276376,20.712381625762262,20.719787008745115,4466900
2019-09-11,21.830568313598633,21.875000610032785,20.742002474744012,21.067832253099432,6147600
2019-09-12,22.060129165649414,22.171207072929747,21.749110177805147,21.86018808508548,3792200
2019-09-13,22.148990631103516,22.371146442701324,22.119370515358835,22.215637657069298,3341300
2019-09-16,22.015697479248047,22.082344507938586,21.852783304911316,21.889808804213946,2421300
2019-09-17,21.815757751464844,21.971267965569204,21.46771323408057,21.697274451400734,2395100
2019-09-18,21.800945281982422,21.92683394685964,21.6454350901072,21.704676731671057,1930200
2019-09-19,21.88981056213379,22.178614847130085,21.82316352809098,21.912026710958852,2356900
2019-09-20,21.726898193359375,21.971270201160657,21.54917322517958,21.971270201160657,5265000
2019-09-23,21.53435707092285,21.74910890318711,21.41587378844331,21.48252081139207,2956900
2019-09-24,21.053024291992188,21.66765701688013,20.912324826073494,21.63063009825283,3664100
2019-09-25,21.319608688354492,21.364039570422023,20.99377892418397,21.05302057108477,3080400
2019-09-26,21.22333526611328,21.341818532764826,21.038204985416247,21.31960380303763,2007600
2019-09-27,21.395217895507812,21.63435531101923,21.268176722571067,21.395217895507812,1832600
2019-09-30,21.56709861755371,21.731504258113834,21.395218373601118,21.484895084592164,2705200
2019-10-01,20.857160568237305,21.709082834363535,20.834741036100304,21.567096740251056,2874600
2019-10-02,20.221960067749023,20.685287209670385,20.21448688840283,20.588137303533113,4004300
2019-10-03,20.27427101135254,20.33405502109367,19.781052574647422,20.12481169968133,2503200
2019-10-04,20.461091995239258,20.461091995239258,20.0500771913041,20.214482827805575,2298600
2019-10-07,20.281740188598633,20.51340442782464,20.117334550593064,20.348997364456125,3340200
2019-10-08,19.63906478881836,20.02766010673561,19.624118431300708,20.02018835333989,3415000
2019-10-09,19.706317901611328,19.855777169825206,19.564330385249754,19.788520000251978,2770600
2019-10-10,19.82588768005371,20.109861313106258,19.78104861270625,19.833360857944953,2075100
2019-10-11,20.4162540435791,20.797377555711044,20.24437523184202,20.26679476503669,3989600
2019-10-14,20.154695510864258,20.30415619242198,19.810937938789277,20.30415619242198,2345900
2019-10-15,20.37889289855957,20.618028923456038,20.16217498514518,20.356473361714347,3570100
2019-10-16,20.094919204711914,20.520880457006047,20.06502791219187,20.334055246325235,2268800
2019-10-17,20.281740188598633,20.48351171617111,20.13228090641983,20.334051008629363,2010500
2019-10-18,20.341524124145508,20.558242006879972,20.169645308753793,20.199538020315625,5204700
2019-10-21,20.49846076965332,20.752543150694486,20.461094875168953,20.543298417671426,2502600
2019-10-22,20.23690414428711,20.789906525273203,20.162173784615895,20.498459690454833,4767600
2019-10-23,20.83473777770996,20.85715730634072,20.14722124535543,20.177113950196443,6935000
2019-10-24,21.02904510498047,21.19345220141483,20.812328603357763,20.984207453845293,4678900
2019-10-25,20.797378540039062,21.0215681811449,20.035131479698457,20.483512187273107,4208700
2019-10-28,21.230815887451172,21.365330261241997,20.95431538609286,20.976733498149212,2745200
2019-10-29,21.01409912109375,21.275653260777506,20.924422397942777,21.0664099490305,3249800
2019-10-30,20.97673225402832,21.066408973024576,20.655392696889457,20.89452871372868,2230900
2019-10-31,20.588132858276367,20.976729548195742,20.45361993517773,20.86463473293209,8275900
2019-11-01,20.96178436279297,21.02904154077796,20.737594719751662,20.7899055414371,2257900
2019-11-04,21.42511558532715,21.45500687835982,21.12619552818407,21.171033180414714,2315600
2019-11-05,21.664249420166016,21.873494151494004,21.462477867674362,21.544681409510915,3974800
2019-11-06,21.342906951904297,21.671719649130658,21.290596132533427,21.634355185398014,3606800
2019-11-07,21.477420806884766,21.70908361248593,21.380272348201338,21.60446197615564,2585700
2019-11-08,21.133665084838867,21.492369091917936,21.00662390416132,21.417638734102376,2871300
2019-11-11,20.8945255279541,21.185973751232687,20.83474153285952,20.99914858839177,2571300
2019-11-12,20.902002334594727,21.081354351018227,20.685285849260833,20.87958422339374,2664800
2019-11-13,20.401309967041016,20.66286551541089,20.319107853537336,20.66286551541089,2623400
2019-11-14,20.348997116088867,20.573188174665155,20.266795010770863,20.3415239382667,2520000
2019-11-15,20.72264862060547,20.81232533415261,20.446148152447545,20.54329661887419,2007500
2019-11-18,20.72264862060547,20.72264862060547,20.334051904172867,20.61802697593631,2583900
2019-11-19,20.72264862060547,20.902000622336743,20.632973332421333,20.849689800002164,2507700
2019-11-20,20.42372703552246,20.707700659923855,20.311632221294616,20.640444911677466,2544100
2019-11-21,20.36394500732422,20.61055419260023,20.319107362373042,20.498459367540775,2229000
2019-11-22,20.4162540435791,20.550768392021304,20.311632406063122,20.39383593574734,1754300
2019-11-25,20.909475326538086,20.924421684113884,20.43867646580529,20.47604093438168,2248400
2019-11-26,20.715179443359375,20.887059725408655,20.588138239425533,20.83474746760731,3313500
2019-11-27,20.83473777770996,20.916941290660134,20.59560184043232,20.610548192852825,3480200
2019-11-29,20.54330062866211,20.81980257615266,20.51340933522067,20.774963497945574,1485600
2019-12-02,20.162174224853516,20.76748886858054,20.139756114216794,20.603081788641457,3471500
2019-12-03,19.713794708251953,19.885674977545584,19.474658677502944,19.863255440151672,3242300
2019-12-04,19.78104591369629,20.087439038616985,19.76610098531589,19.76610098531589,2185300
2019-12-05,19.773576736450195,19.952930166920453,19.743685448280505,19.893146165218045,2405600
2019-12-06,20.177120208740234,20.319107750051547,20.02765948890064,20.0500790244855,3015700
2019-12-09,20.192062377929688,20.281737650944198,20.03512851211015,20.087439325595742,2073800
2019-12-10,19.310253143310547,20.109864786046987,19.28036042658315,20.07250031550093,5947900
2019-12-11,19.37750244140625,19.960395926644743,19.257934473902836,19.37002926526696,5201500
2019-12-12,20.020185470581055,20.0276572229009,19.392452798859537,19.437290439593102,4448300
2019-12-13,19.42234230041504,20.020183631860743,19.3251938501876,20.020183631860743,4868100
2019-12-16,19.556856155395508,19.952925974301483,19.549382978582635,19.624113321348652,2866900
2019-12-17,19.609172821044922,19.721267655972795,19.512024344204274,19.512024344204274,2261400
2019-12-18,19.50455093383789,19.691376131623,19.49707775488291,19.676429773713036,2047400
2019-12-19,19.534439086914062,19.556858620178257,19.325195811233225,19.534439086914062,3920900
2019-12-20,19.280359268188477,19.654009652652306,19.20563033158619,19.609172005618316,8169500
2019-12-23,19.571805953979492,19.691373953305952,19.30277724281347,19.347614886220146,3269100
2019-12-24,19.534439086914062,19.668953435773407,19.444763804583108,19.601696261343736,1207500
2019-12-26,19.668954849243164,19.698847562410272,19.556860025592545,19.586751313396636,2095600
2019-12-27,19.61664390563965,19.773576372710522,19.58675119265681,19.72873872859927,2707900
2019-12-30,19.495834350585938,19.797860934448643,19.420327344576176,19.79031008983003,2929700
2019-12-31,19.61664581298828,19.78276152126388,19.382575380626612,19.39767707050192,3028500
2020-01-02,19.337268829345703,19.480730540955076,19.13340036736245,19.337268829345703,3627000
2020-01-03,18.94463539123535,19.12585133902978,18.778521132467876,19.05034433407135,3735700
2020-01-06,19.09564781188965,19.09564781188965,18.672809195384332,18.80872150496274,3267000
2020-01-07,19.299518585205078,19.593995793222167,19.08054983070672,19.593995793222167,4474800
2020-01-08,19.193809509277344,19.427879952999515,19.05034632885179,19.344823535007027,3995200
2020-01-09,19.027698516845703,19.367477973110645,18.899337004876262,19.34482687346569,4126500
2020-01-10,18.891780853271484,19.118300427172525,18.846475786350215,19.065445955940703,2571700
2020-01-13,19.261760711669922,19.3448185484288,18.86912549812482,18.891778028197997,3554400
2020-01-14,19.065448760986328,19.276868117195473,18.982390899586925,19.224012198010783,2618400
2020-01-15,18.967288970947266,19.156055773666907,18.876680271964215,18.982389220630765,2190400
2020-01-16,19.450531005859375,19.458081850587774,19.065446565769207,19.125851883420037,2373000
2020-01-17,19.435434341430664,19.578897548009905,19.3221745215741,19.51094136806062,2722600
2020-01-21,19.261760711669922,19.420324101653843,19.163601188195592,19.32971686171335,3522700
2020-01-22,19.52603530883789,19.62419339636059,19.329717693616317,19.397673846584407,3102600
2020-01-23,19.39012336730957,19.571339298571427,19.11829875032868,19.563788454746827,3113300
2020-01-24,19.072996139526367,19.435428021279886,18.929532979599497,19.40522608455523,2299000
2020-01-27,18.604856491088867,18.75587051644473,18.48404584687477,18.703016039623122,4959500
2020-01-28,18.94463539123535,19.05034433407135,18.7709702879544,18.831375603885874,4314300
2020-01-29,18.755870819091797,19.246664249153135,18.755870819091797,19.110751912175054,4796400
2020-01-30,19.790307998657227,19.812960530119447,18.47649141754862,18.929531965559637,8693700
2020-01-31,19.10319709777832,19.737453578448267,19.012589852069016,19.63174464506201,14991900
2020-02-03,19.027698516845703,19.405232206146795,19.027698516845703,19.140958335600686,3738800
2020-02-04,19.314613342285156,19.65439406026139,19.30706249964391,19.375018643239155,2833300
2020-02-05,19.865812301635742,19.918666761034338,19.56378579066091,19.684596395050843,3182000
2020-02-06,19.69215202331543,20.152743464592213,19.63929755107246,20.062134769192582,2717400
2020-02-07,19.32971954345703,19.62419527438243,19.224009161959053,19.32971954345703,2322400
2020-02-10,19.32971954345703,19.33727038786234,19.08809828319247,19.231560006364358,2458500
2020-02-11,18.997488021850586,19.307065416024273,18.801170404051827,19.26176179350954,4121500
2020-02-12,18.58220672607422,19.352374278046398,18.521801399641564,19.178709144574594,5056300
2020-02-13,18.28017234802246,18.604851405666746,18.129159804120622,18.49159163769634,4308600
2020-02-14,18.393434524536133,18.42363645883612,18.09140654047928,18.28772415404577,3614200
2020-02-18,19.66950225830078,20.839857417734,19.110752638514104,20.40946929439673,19282300
2020-02-19,19.156051635742188,19.82806084740604,18.974834276921097,19.75255385459327,8753600
2020-02-20,19.3825740814209,19.578891716111617,19.095649193904507,19.208908980024756,5393300
2020-02-21,19.027698516845703,19.239116461141208,18.869133618447346,19.18626197506733,5012600
2020-02-24,18.265073776245117,18.657707578526313,18.197117621197634,18.31792824346511,5771700
2020-02-25,17.80448341369629,18.4689418747917,17.766730632109255,18.43873993755733,5792900
2020-02-26,17.37409782409668,17.985701901400635,17.366546978676077,17.902644041950484,5036600
2020-02-27,17.09471893310547,18.00080004242482,16.75493959724288,16.973908310553053,7901100
2020-02-28,16.43026351928711,16.717188440373107,16.128236907571196,16.50577053226021,10490300
2020-03-02,17.630817413330078,17.63836825729696,16.407608054043216,16.57372374096221,8850900
2020-03-03,17.661020278930664,18.1216117039286,17.3363411721404,17.517558556534834,15145100
2020-03-04,17.683673858642578,17.87244065839744,17.306140259132853,17.766731711391163,8539300
2020-03-05,16.709632873535156,17.094717234728563,16.392504660798007,16.951255534810766,7152800
2020-03-06,16.34720230102539,16.981458775353154,15.984770441459865,16.045175751387454,7709500
2020-03-09,14.73136043548584,15.554383753483362,14.723809591079513,14.889923847489758,7533000
2020-03-10,15.214604377746582,15.614790527617766,14.134858009746734,15.45622566062109,6393900
2020-03-11,14.195258140563965,14.889919794942468,13.825275506408968,14.769109197674549,6941300
2020-03-12,12.654924392700195,13.425093157452059,12.405752314712965,13.130616017884488,6361300
2020-03-13,13.674267768859863,13.87813482303704,12.685128677074502,13.440195894523614,7078100
2020-03-16,13.409995079040527,13.825281507385485,11.552529539578236,11.854556163845166,7486800
2020-03-17,15.22215461730957,15.222154617309569,13.342037464536293,13.727121908864756,7188900
2020-03-18,14.950329780578613,16.64168155292847,13.968743010000479,14.233016814441168,10336300
2020-03-19,14.670954704284668,16.181088978485022,14.618100235115858,14.633200483323895,8122400
2020-03-20,12.760632514953613,14.670952618716509,12.609619973106723,14.670952618716509,9294700
2020-03-23,11.552528381347656,12.949402278645097,11.544977536475946,12.707781003455962,7236200
2020-03-24,12.503911018371582,12.768184796598092,11.786597403298634,12.194333616504487,6294200
2020-03-25,12.677577018737793,13.523251345458176,11.990465368123335,12.571866647765619,5600000
2020-03-26,13.757323265075684,13.795077487533673,12.49636103850538,12.760634835005998,5650000
2020-03-27,13.100412368774414,13.734668746110737,12.896543938878603,13.425091400050862,4515800
2020-03-30,13.621976852416992,13.729356831052476,12.931674272867117,13.192455474932567,4361400
2020-03-31,12.801285743713379,13.568289059117179,12.709244702170123,13.453238854395153,3800300
2020-04-01,12.16466999053955,12.433120660664018,12.00359929587638,12.318070477963706,4354100
2020-04-02,12.318072319030762,12.847304994082586,12.087971919239184,12.141661914994375,5109500
2020-04-03,11.972919464111328,12.655552562637801,11.75815877695124,12.318070751343566,3697100
2020-04-06,12.847304344177246,12.970024746250399,12.41011272892382,12.456132513965605,4413800
2020-04-07,12.762931823730469,13.453235822370733,12.716912044801916,13.123424237007583,4032800
2020-04-08,13.184784889221191,13.391874633085415,12.410111512714446,12.900993072899931,4899700
2020-04-09,12.893322944641113,13.606636130494563,12.739923187614618,13.238474958100026,5304200
2020-04-13,12.341081619262695,12.947013387231136,12.195350601470789,12.924004227487814,4672900
2020-04-14,12.517491340637207,12.931673749365647,12.341080964893951,12.732252752156668,4572100
2020-04-15,11.742818832397461,12.180010404402017,11.666118222953648,12.157000514157362,3864500
2020-04-16,11.827188491821289,11.903889098503823,11.43601671438851,11.834858698783782,3634900
2020-04-17,12.532833099365234,12.624872669216504,12.103310961721984,12.34875249672011,4684000
2020-04-20,12.48681354522705,12.716913937050638,12.141661494549055,12.325742100596448,4004400
2020-04-21,12.25671100616455,12.440791601934661,12.08797082577758,12.172340915971064,3562700
2020-04-22,12.371761322021484,12.60953337406126,12.27205154689766,12.517492343764806,3436500
2020-04-23,12.16466999053955,12.724582683976749,12.049619807839239,12.394771087411396,4032200
2020-04-24,12.210691452026367,12.42545288259162,12.049620744838066,12.279721859602963,5640700
2020-04-27,12.916333198547363,13.05439399999773,12.203020033015404,12.356421248614128,4818300
2020-04-28,13.345853805541992,13.606634979667286,13.207793011835388,13.29216382197661,4401000
2020-04-29,14.181885719299316,14.227905491054154,13.483913085425243,13.806054413593444,6927600
2020-04-30,14.450339317321777,14.841511095430388,13.637316396143973,14.181887924940293,14451800
2020-05-01,13.829068183898926,13.982467945703473,13.253815785511255,13.90576733332995,5329900
2020-05-04,14.059167861938477,14.097517434755112,13.399544676306865,13.629646502033962,4729400
2020-05-05,13.77537727355957,14.411991357265649,13.729357489500506,14.235579502977881,3599400
2020-05-06,13.606634140014648,14.089846888169163,13.330512569640641,13.898096122729932,3434600
2020-05-07,13.91343879699707,14.289270222321461,13.813729015969225,13.85207859414702,2450900
2020-05-08,14.726462364196777,14.764811939902627,14.08217954432926,14.089849752058937,3150800
2020-05-11,15.010251998901367,15.079282402138475,14.404320247416425,14.519370431830785,4098500
2020-05-12,13.813730239868164,15.079285450118025,13.806060030964497,14.93355440683387,3816900
2020-05-13,13.292165756225586,13.729357357954182,13.108085158810521,13.660326951055715,5766900
2020-05-14,13.829068183898926,13.867417758614438,12.586522359686855,13.023713948390686,5156900
2020-05-15,13.621976852416992,13.667996634268986,13.315175868499546,13.491586251384266,9869800
2020-05-18,14.066841125488281,14.53471362280969,14.005480917884059,14.289271329450056,5871900
2020-05-19,13.752367973327637,14.120529167946094,13.69100777422456,13.99780876973994,3688600
2020-05-20,13.959457397460938,14.227907319650976,13.890426999485683,13.982466554824452,2882900
2020-05-21,13.77537727355957,14.097518687858132,13.752368113001317,13.905767880845715,2140300
2020-05-22,13.721691131591797,13.928782412375474,13.422560256866243,13.829072608447946,2771000
2020-05-26,14.542378425598145,14.757139825452905,14.204898106752259,14.22023852022953,3653500
2020-05-27,14.841511726379395,15.21734310651403,14.703450920831477,15.21734310651403,3722600
2020-05-28,14.504034996032715,14.971907564596018,14.442674779085312,14.964237354609722,3708100
2020-05-29,14.473350524902344,14.642090696381146,14.166548085206406,14.296938683194444,7218700
2020-06-01,14.94888973236084,15.125300088223408,14.458008233285078,14.54237757659981,3388500
2020-06-02,15.186666488647461,15.424438592112061,15.025596479470988,15.025596479470988,3229400
2020-06-03,16.17609977722168,16.3141606058318,15.447446054198371,15.47812688853071,4560800
2020-06-04,16.55959701538086,16.574937428458618,15.731233727431988,16.061045293892224,3309700
2020-06-05,17.41097640991211,18.162639332296607,17.295924738513385,17.63340661786791,4136700
2020-06-08,18.584484100341797,18.66118470019995,17.710101065608757,17.710101065608757,6483600
2020-06-09,18.139623641967773,18.239334867621093,17.54903088369001,18.016903258811663,3708700
2020-06-10,17.28825569152832,18.170309224925273,17.150194858607577,18.170309224925273,3605800
2020-06-11,15.992016792297363,16.71300019998967,15.92298638821286,16.168427174761096,3446800
2020-06-12,16.713001251220703,16.820381236354027,16.183768607598815,16.68232041950114,3698000
2020-06-15,17.05048370361328,17.380295370141585,16.114740166091032,16.298820790049046,4422600
2020-06-16,17.24989891052246,17.75612082091304,16.97377733651223,17.75612082091304,3276100
2020-06-17,17.2575740814209,17.6257353107183,17.09650409220679,17.242233664464504,2278400
2020-06-18,17.303592681884766,17.62573410114864,16.927761269900675,17.050481671244764,3199900
2020-06-19,16.83572006225586,17.694762788080002,16.83572006225586,17.694762788080002,13766200
2020-06-22,16.636302947998047,16.92776357514611,16.567272529973522,16.71300357501894,2626800
2020-06-23,16.528921127319336,16.981453207713127,16.505911963770913,16.935433417673533,3635000
2020-06-24,15.969003677368164,16.490565998844232,15.899973284058552,16.490565998844232,4216900
2020-06-25,16.168426513671875,16.337166681788776,15.73890515477459,15.915315530025316,2661100
2020-06-26,15.370744705200195,15.945997100521595,15.25569305578192,15.899975855577289,3973000
2020-06-29,15.677545547485352,15.723565329068487,15.439773506263778,15.57016410653473,3282000
2020-06-30,16.084054946899414,16.183766172039487,15.547153639090624,15.570162796474982,5676700
2020-07-01,15.493468284606934,16.114740589663057,15.478127866471524,16.114740589663057,2999200
2020-07-02,15.631528854370117,16.1070716123339,15.577838849733203,15.915320759806116,2559600
2020-07-06,16.05337142944336,16.298812130992292,15.930651078668895,16.061041634234513,2316100
2020-07-07,15.853960037231445,16.04571088361163,15.784929615499149,15.823279199598042,2770500
2020-07-08,16.206777572631836,16.28347818806146,15.823275958426287,15.922987197367561,2681900
2020-07-09,15.54715633392334,16.191439185323148,15.485796132025387,16.122408775320125,2785900
2020-07-10,16.18376922607422,16.229789012469674,15.547156572990353,15.554826781213368,4200800
2020-07-13,15.99968147277832,16.41386229126728,15.93065109253983,16.36017232062445,3632700
2020-07-14,16.131784439086914,16.201720038558292,15.797648015418343,15.968600879611685,2194800
2020-07-15,16.722352981567383,16.768976226309558,16.209492843024762,16.559169401780427,2468200
2020-07-16,16.559167861938477,16.971010684887958,16.42706744568118,16.551397074849685,1700800
2020-07-17,16.357131958007812,16.79228714525645,16.302737930133258,16.613562005220782,2142000
2020-07-20,15.852043151855469,16.240573628529013,15.77433676009553,16.217262748489336,3621800
2020-07-21,16.52031898498535,16.52031898498535,15.937523166295435,15.96083553260854,3827300
2020-07-22,16.24834632873535,16.5747120268472,16.14732904504359,16.45815316654861,2890800
2020-07-23,16.162872314453125,16.302743567137355,15.906442178574235,16.124019847430443,4056100
2020-07-24,16.00745964050293,16.395990207106756,15.968605694566653,16.217266502179353,3001800
2020-07-27,16.333824157714844,16.450383022578848,15.867587216132447,15.8908995819558,4181600
2020-07-28,15.976377487182617,16.155102685461706,15.37027071377384,16.13179031643576,7233300
2020-07-29,16.411527633666992,16.45815087486921,15.96083234970922,16.13955600942283,5442800
2020-07-30,16.06184959411621,16.209491586838563,15.906436814184671,16.07739116853459,3363700
2020-07-31,16.357131958007812,16.36490274515076,15.929749040028227,16.022997003617533,13424200
2020-08-03,16.68349838256836,16.7922879254984,16.24834465722671,16.35713271803058,3111300
2020-08-04,16.481460571289062,16.714579724817984,16.35713094892404,16.55139616913514,2346700
2020-08-05,17.235214233398438,17.281837481152188,16.60579520128068,16.60579520128068,3137400
2020-08-06,16.978784561157227,17.274067113625662,16.947701407146674,17.134195884830902,2363600
2020-08-07,17.33622932434082,17.39062335352756,16.807827642882014,16.854452366864475,2108800
2020-08-10,17.390626907348633,17.46056252548772,17.17305074613942,17.413939274103807,2345800
2020-08-11,17.615976333618164,18.074442530788044,17.530499132819077,17.647058008919135,3962000
2020-08-12,17.10311508178711,18.097753828757117,16.932162172423727,17.887946974906765,3520900
2020-08-13,17.00209617614746,17.266297068100403,16.83891405694934,16.947702136414755,2031400
2020-08-14,17.056488037109375,17.149734518886916,16.714580812297488,16.908846045147815,1613600
2020-08-17,16.939931869506836,17.1419679391149,16.753437378051657,17.01763827814478,2036500
2020-08-18,16.877765655517578,17.118655650761614,16.854454772325564,16.939930480906863,2131700
2020-08-19,16.838912963867188,17.07980147367202,16.753435774335077,16.846683752199773,1849400
2020-08-20,16.450382232666016,16.753435563185718,16.450382232666016,16.667959856857216,2058500
2020-08-21,16.310510635375977,16.56694071274487,16.155099320619048,16.41152939798794,2795800
2020-08-24,16.76120948791504,16.76898027760382,16.271661594534518,16.34936800929574,2492000
2020-08-25,16.67572784423828,17.002093513652717,16.6291046006437,16.916617814083686,1218900
2020-08-26,16.551401138305664,16.65241991313452,16.450383845603263,16.629107546144834,1904900
2020-08-27,16.590255737304688,16.768979444891855,16.38821966180882,16.566943369395986,2383800
2020-08-28,16.5747127532959,16.722354773279115,16.364905906287074,16.722354773279115,2000800
2020-08-31,16.364906311035156,16.605796318577838,16.23280586507274,16.58248395206926,2796500
2020-09-01,16.333824157714844,16.411530561666307,16.124017311683808,16.21726529285084,1952400
2020-09-02,16.916622161865234,16.99432857591184,16.256119865658956,16.318284700470926,3627400
2020-09-03,16.722352981567383,17.2507546957328,16.621334222145403,16.932159806096518,2798100
2020-09-04,16.551401138305664,17.072032144063712,16.543631831435555,16.955473273368185,2854200
2020-09-08,15.976377487182617,16.46592686184141,15.875360185656682,16.419302123789517,3195200
2020-09-09,15.852043151855469,16.092931632397747,15.75102588005585,16.069620752358066,3017200
2020-09-10,15.595616340637207,15.875358816312783,15.556763877738467,15.751029156485073,3931900
2020-09-11,15.719944953918457,15.836503816981288,15.57230441903117,15.611156879343328,2852100
2020-09-14,15.82873249053955,16.03076703693053,15.712172160225922,15.797649340555605,2438600
2020-09-15,15.84427261352539,16.007456186998986,15.828732520630044,15.867584976057667,2501200
2020-09-16,16.364906311035156,16.613565625287606,15.828735220475721,15.859816893694067,2439500
2020-09-17,16.318281173706055,16.341593537519657,16.03076794850997,16.13955749751386,2173000
2020-09-18,16.489233016967773,16.62910422673265,16.23280295977422,16.279427684446617,5448600
2020-09-21,15.618929862976074,16.32605541134929,15.55676502846392,16.077396073300676,4215000
2020-09-22,15.440200805664062,15.766566444439896,15.199310858432959,15.587841310207711,2695400
2020-09-23,15.21485710144043,15.8287361150559,15.21485710144043,15.463516429746162,2798800
2020-09-24,14.973967552185059,15.238168441217104,14.849637896420147,15.176003613334647,2818400
2020-09-25,15.261479377746582,15.339185783398072,14.88071962039334,14.888490409171128,2664800
2020-09-28,15.906439781188965,15.991916974307854,15.533450818331533,15.541221606990195,2903100
2020-09-29,15.780450820922852,15.890693005672185,15.583588918477828,15.819822600637007,2218900
2020-09-30,16.024559020996094,16.18204764042949,15.804073151464806,15.851319587101115,2446900
2020-10-01,15.74107837677002,16.056057137052964,15.615086872656843,15.993061384996375,2204200
2020-10-02,16.158422470092773,16.213543552768936,15.520588937002396,15.544212901836548,2501400
2020-10-05,16.378908157348633,16.615143319445295,16.31591241451025,16.363160348091775,2927300
2020-10-06,16.46552848815918,17.000993073454932,16.39465808705021,16.52852423337415,4209100
2020-10-07,17.11911392211914,17.2057336553269,16.426160562269224,16.426160562269224,3692100
2020-10-08,17.57582664489746,17.875057513597607,17.457709829120795,17.49708160040075,6786300
2020-10-09,17.78843879699707,18.34752579012482,17.70181909307259,18.245158277980615,6501200
2020-10-12,18.08766746520996,18.134915393811895,17.741191667083395,17.788438093748503,3181700
2020-10-13,18.23728370666504,18.528639938152995,18.05617114484282,18.087668263363824,2854300
2020-10-14,18.43414878845215,18.686131788242772,18.182165788661525,18.190040445147126,2850600
2020-10-15,18.599510192871094,18.631007311156072,18.087668127824035,18.14279071321229,2619100
2020-10-16,18.497142791748047,18.764875079228396,18.410523080522932,18.638883591230233,2480700
2020-10-19,18.268779754638672,18.875113093704524,18.190034716519165,18.875113093704524,3682000
2020-10-20,18.095544815063477,18.489268600431807,18.087670159123665,18.473519288552183,3186800
2020-10-21,17.922311782836914,18.17429483395194,17.87506533623721,18.048303308394427,2965000
2020-10-22,18.253034591674805,18.292406368707084,17.749068636363955,17.953803679256225,2869500
2020-10-23,18.28453254699707,18.434148010031354,18.205788989340476,18.339655140068608,3217600
2020-10-26,17.985300064086914,18.064045110288344,17.504956634001342,18.032546491033038,4765100
2020-10-27,15.53633975982666,17.796314883184603,15.481218671782784,17.796314883184603,11141900
2020-10-28,14.678020477294922,15.363100442513336,14.536279691254087,15.16623857344259,7277300
2020-10-29,14.678020477294922,14.82763591833101,14.150430608107852,14.457536145175283,5961300
2020-10-30,14.764642715454102,14.811889151601159,14.386668222403387,14.599279437970836,6194100
2020-11-02,15.42609691619873,15.42609691619873,14.922130987963623,15.000874537797655,4590000
2020-11-03,15.75682544708252,15.937938020719368,15.654456425853354,15.709579015250513,4171600
2020-11-04,15.15048885345459,15.662329398799892,15.04812134516026,15.489091499403017,3853200
2020-11-05,15.851316452026367,15.890689725550299,15.229233749716366,15.36309987582411,3157700
2020-11-06,15.284356117248535,15.922188182656571,15.134740669137585,15.874941752387773,3496900
2020-11-09,16.079681396484375,16.961623443075037,16.016685643294842,16.560024953265316,6654200
2020-11-10,16.347408294677734,16.394654718396854,15.898563514504286,16.079676057041514,4538000
2020-11-11,16.03243064880371,16.544271193667797,15.9300616386688,16.441902183532886,4277000
2020-11-12,15.599334716796875,15.985183815579902,15.370975720427582,15.922188075001793,5805700
2020-11-13,16.150548934936523,16.197795365943772,15.772574483004615,15.796196947539757,3202000
2020-11-16,16.74901008605957,16.7568847419505,16.371035614917247,16.583645316224157,3534700
2020-11-17,16.914371490478516,16.95374476559535,16.465526667704722,16.56789568107162,3153600
2020-11-18,16.78838348388672,17.308098807351342,16.78838348388672,16.99312005099963,3580800
2020-11-19,16.41827964782715,16.6938865559653,16.142672739688997,16.615141510506284,3678000
2020-11-20,16.213542938232422,16.41040479857819,16.00093176859416,16.36315837263751,4344200
2020-11-23,16.741138458251953,16.80413421483681,16.22929774825782,16.252920218266325,2993600
2020-11-24,17.61520004272461,17.623073195486857,16.874999022318196,17.071860883984183,5225400
2020-11-25,17.57582664489746,17.70969276996083,17.284471932777468,17.504956255044103,4278400
2020-11-27,17.536457061767578,17.67032320353439,17.339595176930324,17.449837351819347,2253400
2020-11-30,17.31597328186035,17.528584503387805,17.237228218116424,17.481338065916315,5934300
2020-12-01,17.60732650756836,17.99317560073507,17.53645611270744,17.71756867649116,3723900
2020-12-02,17.70969581604004,17.95380414422352,17.52858323390188,17.567955011953806,4945900
2020-12-03,18.07979393005371,18.489266991673247,17.678197025625728,17.88293205449858,8103400
2020-12-04,18.670377731323242,18.701876349262175,17.945927541969017,18.111290780338106,3156700
2020-12-07,18.56014060974121,18.638885674023648,18.316032262209127,18.583764579607095,3362100
2020-12-08,18.86724281311035,19.040482237517363,18.402650134580075,18.410523288474007,3841200
2020-12-09,18.88298797607422,19.213715938626514,18.678251475262158,18.930235900679328,3327900
2020-12-10,19.10347557067871,19.19009527194768,18.646756103696877,18.646756103696877,3806700
2020-12-11,19.158597946166992,19.38695844604497,18.86724170527732,18.898740326751636,4016300
2020-12-14,18.686128616333008,19.39483105842848,18.678253961184105,19.268839579919813,3548900
2020-12-15,19.38695526123047,19.4027030674437,18.835741491476718,18.875113259914833,3184700
2020-12-16,19.489328384399414,19.64681850747244,19.418457979210263,19.53657482054647,2942800
2020-12-17,19.81218147277832,19.86730256440421,19.386960550280687,19.53657451271178,3623400
2020-12-18,19.694068908691406,19.953926612723922,19.418461888793303,19.82006043174127,6123900
2020-12-21,19.54444694519043,19.599568030544706,19.17434715642821,19.505075170490787,3599500
2020-12-22,19.331838607788086,19.631069546602173,19.190099296806686,19.631069546602173,2930600
2020-12-23,19.48145294189453,19.749185239152293,19.44208116368365,19.48932759792412,2861300
2020-12-24,19.52869987487793,19.599570279017122,19.43420700398374,19.583822468492826,969500
2020-12-28,19.717687606811523,19.930297306361272,19.662565016030598,19.717687606811523,2781600
2020-12-29,19.52869987487793,19.85155327065109,19.457829470738737,19.820056147665397,1886600
2020-12-30,19.735774993896484,19.879132854281572,19.60038019318162,19.632236989126728,1983500
2020-12-31,19.90302276611328,19.91895192056902,19.52869675093007,19.67205610285617,2243100
2021-01-04,19.385343551635742,19.95081504249709,19.25791331372084,19.91099366280678,3416100
2021-01-05,19.337553024291992,19.441089498482466,19.08269108957716,19.08269108957716,3553500
2021-01-06,20.33310317993164,20.516283920152873,19.74373806851031,19.83134539000119,4238200
2021-01-07,20.301244735717773,20.667607732873154,20.189743680495152,20.548140580462697,3138900
2021-01-08,20.133996963500977,20.43664339313693,19.847278173991377,20.43664339313693,3305500
2021-01-11,20.508317947387695,20.564068471569257,19.990632555445966,20.110098181419,2764800
2021-01-12,21.129545211791992,21.249010859717224,20.603895145650466,20.6437165219295,3603700
2021-01-13,21.065826416015625,21.280863937057532,20.850787375885854,21.185292043058432,2845800
2021-01-14,21.599441528320312,21.687048846911015,20.962288969082273,21.169363436903044,2557100
2021-01-15,21.1534366607666,21.59147937934901,21.08175697080017,21.280866883131793,3107000
2021-01-19,21.615365982055664,21.774654478181258,21.129538955139196,21.336613392467395,2562400
2021-01-20,21.52776527404785,21.72687519568285,21.30476161494492,21.62333718574329,2281400
2021-01-21,21.073789596557617,21.615368729312713,21.065826537918166,21.52776141248789,2912200
2021-01-22,21.081754684448242,21.233078626753596,20.85875257903815,20.866717156958213,2759000
2021-01-25,21.113611221313477,21.24900599639739,20.691497741560617,20.930430501813998,3340400
2021-01-26,21.997661590576172,22.125091800242057,21.312723074306103,21.312723074306103,4542300
2021-01-27,21.639263153076172,22.770207401954668,21.503868365566497,21.766693362604347,8671600
2021-01-28,22.085268020629883,22.30827163810588,21.75076335395982,21.774657086967633,3367300
2021-01-29,20.938398361206055,22.045448948073957,20.8030035648987,21.9498755251737,10533100
2021-02-01,21.169368743896484,21.264942183422463,20.44460868437612,21.041938503920704,3439800
2021-02-02,20.404787063598633,21.97377282424222,20.269392245333776,21.511837830001227,5266000
2021-02-03,20.595930099487305,20.699466586917595,20.006564933212502,20.452570717592984,3379800
2021-02-04,20.452571868896484,20.651681795160524,20.189746826991477,20.56407294149613,3163100
2021-02-05,20.595930099487305,20.68353742913198,20.356997289967403,20.587965520594498,1977000
2021-02-08,21.17732810974121,21.19325726558836,20.707428645865686,20.73132237963641,2320900
2021-02-09,21.201221466064453,21.288828783488267,20.810964750196632,21.16139857715555,2835200
2021-02-10,21.8702335357666,22.061380401463797,21.400335508116218,21.432192306340294,3024900
2021-02-11,21.6790828704834,21.941907847476212,21.527760457639648,21.886157324945586,2152300
2021-02-12,21.997661590576172,22.077304332301406,21.551654337657652,21.623334020480705,2867700
2021-02-16,22.36402130126953,22.714455109779877,22.0613749569341,22.18880515655826,3016100
2021-02-17,22.04545021057129,22.300310660783285,21.814481978136598,22.236595548230287,2381700
2021-02-18,21.49590492248535,22.085270052441334,21.49590492248535,21.91005388486134,2481400
2021-02-19,21.910057067871094,21.989701344373508,21.58351690139059,21.710947136159167,4289100
2021-02-22,21.774660110473633,22.17287993470455,21.70298042058502,21.78262468924882,2781400
2021-02-23,21.55961799621582,21.822442982329257,21.1295414367065,21.822442982329257,2067200
2021-02-24,22.244558334350586,22.276415128515485,21.583513525233112,21.655193210964114,2348100
2021-02-25,21.34457778930664,22.523309392599685,21.256970478119776,22.38791461812423,3479400
2021-02-26,20.84282112121582,21.368471053181292,20.627782098387833,21.20918255054847,4401500
2021-03-01,21.66316032409668,21.910056204344016,21.225117580141802,21.272903536524606,2851700
2021-03-02,21.472009658813477,21.742799228853556,21.408294555220984,21.55165391807607,2976300
2021-03-03,21.296791076660156,21.98172950153777,21.288826499732775,21.56758061584025,2980300
2021-03-04,20.404787063598633,21.37644301173637,19.950815130060043,21.264941932843527,4907600
2021-03-05,21.081754684448242,21.10564841820843,19.839309391588888,20.667607266220397,6325900
2021-03-08,21.089719772338867,21.448118191968533,21.002112451275575,21.28882966789136,4126200
2021-03-09,20.755218505859375,21.41626340721785,20.739290866098408,21.113616984524658,3536800
2021-03-10,22.794097900390625,22.913563514979753,21.15343152719592,21.28882629548698,8451000
2021-03-11,22.92949867248535,23.638329487855362,22.658709065000338,22.722424177403393,5372000
2021-03-12,22.961355209350586,23.04896405757159,22.746316137765252,23.04099947872531,2917000
2021-03-15,23.837434768676758,23.893185291302416,22.937457272015195,22.96135100417811,4138300
2021-03-16,23.702041625976562,24.012652570078025,23.439216630408882,23.845400990665826,4857300
2021-03-17,24.100261688232422,24.20379816443956,23.598503905991844,23.741863272346297,3014100
2021-03-18,23.487003326416016,24.331228866457245,23.439217376361444,24.124155909858118,2854000
2021-03-19,23.78965187072754,24.100262833193476,23.25603727010596,23.415324280998846,8248800
2021-03-22,23.877260208129883,24.028584166123476,23.68611487549548,23.78965288010249,3829900
2021-03-23,22.817996978759766,23.789654379763082,22.73038964520975,23.749831483523835,3343500
2021-03-24,22.770206451416016,23.407357472459122,22.754277296117973,23.15249706404188,2300700
2021-03-25,23.19232177734375,23.29585825675283,22.387917600546515,22.65074260729508,1699000
2021-03-26,23.415321350097656,23.43125050491949,23.01710159407869,23.415321350097656,3067400
2021-03-29,23.980792999267578,24.323262215442128,23.63035920607877,23.797610766115042,5091900
2021-03-30,23.578838348388672,24.230009385532107,23.482367826830014,23.98883538165585,2682700
2021-03-31,23.7958927154541,24.004910873316653,23.458248234806394,23.458248234806394,2716400
2021-04-01,24.246082305908203,24.254121641908654,23.659224577994255,23.964711679278626,3126300
2021-04-05,24.551576614379883,24.704319433647477,24.2541272470092,24.511379925088217,2673100
2021-04-06,24.44706916809082,24.672166050296763,24.33452149366138,24.519421682608908,2416300
2021-04-07,24.47922134399414,24.631964146021417,24.28628032386552,24.527455832352924,1777900
2021-04-08,24.326480865478516,24.5113810446246,24.125502009881384,24.45510721039292,2988200
2021-04-09,24.66412353515625,24.66412353515625,24.221969166341044,24.447066019556793,2602800
2021-04-12,25.130393981933594,25.162549798538127,24.551575482930428,24.712357632646775,3046400
2021-04-13,23.811973571777344,25.17862875997578,23.723542391751806,25.17058942239647,5566700
2021-04-14,23.924524307250977,24.02099330391231,23.7074667647424,23.715506103355352,3135700
2021-04-15,24.350597381591797,24.47118438085962,24.06118735667151,24.093343174247718,3158300
2021-04-16,24.157655715942383,24.59981007958126,23.980794890494938,24.50333956266193,1894500
2021-04-19,24.093341827392578,24.278243518170296,23.868246516901657,24.133538513799387,1892300
2021-04-20,23.385896682739258,23.99687250736151,23.281386832906268,23.924520006199216,2668800
2021-04-21,23.779815673828125,23.8119730234048,23.04021350037968,23.28138748881744,2204600
2021-04-22,23.04825210571289,23.779814918531194,23.016094757157603,23.75569690711473,3617900
2021-04-23,23.651187896728516,23.820009371647743,23.03217275533122,23.120603927915614,2481000
2021-04-26,23.980792999267578,24.07726350857883,23.699422341568717,23.731579689121375,3089200
2021-04-27,23.972755432128906,24.037068598635315,23.627071587151907,23.972755432128906,2029500
2021-04-28,24.221969604492188,24.30236144876251,23.892364422996064,24.03706943601327,2163400
2021-04-29,24.599811553955078,24.640006710628207,24.10942266913882,24.414911379903582,3102800
2021-04-30,24.11745834350586,24.463142158431584,23.860205699843938,24.463142158431584,4621800
2021-05-03,24.326480865478516,24.62392871308796,24.14158068633243,24.350598880155083,3432400
2021-05-04,25.7574520111084,26.08705722623064,24.326481943820028,24.414913134873768,6036600
2021-05-05,27.067829132080078,27.22057501560691,25.82176091749058,26.08705446254638,5535300
2021-05-06,27.317045211791992,27.33312388796465,26.54528715566776,27.180381064365246,3513700
2021-05-07,27.413511276245117,27.526061997441015,26.963320658235855,27.12410433610784,3428600
2021-05-10,27.879783630371094,28.571151298410307,27.421552141869487,27.606452298046136,4478700
2021-05-11,27.164302825927734,27.55018186020804,26.802540272948086,27.381360357715522,3259100
2021-05-12,26.28803062438965,27.49390356067639,26.22371592910816,27.284883867705016,2620400
2021-05-13,27.397436141967773,28.016448252428347,26.18352226641418,26.271953444106728,3326100
2021-05-14,27.76723861694336,27.93606011472365,27.5019450632653,27.53410241523122,1880900
2021-05-17,27.815465927124023,27.919975766433804,27.453706524432075,27.638606660630455,4203600
2021-05-18,27.01155662536621,27.911944095120628,26.98744014434037,27.727043918303362,2126100
2021-05-19,26.899009704589844,26.915088381284455,26.159408976801753,26.593524047474247,2033000
2021-05-20,26.70606803894043,26.99547804618983,26.545284360835915,26.88292732483116,2152600
2021-05-21,26.96332359313965,27.148223769475695,26.738225192939925,26.810577702523066,2703700
2021-05-24,26.923124313354492,27.099983591158576,26.71410462136769,27.099983591158576,1486700
2021-05-25,26.593521118164062,27.196457627674743,26.513127743546434,27.051752620056686,1365200
2021-05-26,26.770381927490234,26.85077530666819,26.416660259188767,26.593522626686422,2329100
2021-05-27,27.485864639282227,27.670764801286506,26.955280632363174,27.11606431527367,8138200
2021-05-28,27.501943588256836,27.60645344319399,27.317043424410315,27.501943588256836,1599200
2021-06-01,27.74311637878418,27.952136079595743,27.582335767936613,27.879783578036907,1916300
2021-06-02,28.120962142944336,28.193314656292067,27.59841893916101,27.823514284378806,1351500
2021-06-03,28.57115364074707,28.651543952912366,27.85566943571693,27.984295775197698,2096200
2021-06-04,28.731929779052734,28.772124924569344,28.378205138443303,28.53898878720277,2810200
2021-06-07,28.498798370361328,28.892715155155148,28.402329391776203,28.892715155155148,2112500
2021-06-08,28.23350715637207,28.44252687155408,27.944097130239314,28.386253040549796,2539800
2021-06-09,27.968217849731445,28.193313183187986,27.952139173528277,28.145077154578477,1392200
2021-06-10,27.686847686767578,28.538999189099886,27.654693398650508,28.47468447947746,1979700
2021-06-11,27.968217849731445,27.976255654486074,27.6948864876654,27.6948864876654,1440200
2021-06-14,27.26880645751953,28.0003723501266,27.244689979018148,27.90390030273386,1985800
2021-06-15,27.558212280273438,27.67880078785041,27.18037421880566,27.260764512728215,2572300
2021-06-16,27.20449447631836,27.341158608327923,26.80253681742872,27.20449447631836,2218200
2021-06-17,25.91823387145996,27.381359655598665,25.8056831393237,27.341161432203062,3190400
2021-06-18,25.267061233520508,25.66097959499169,25.218826738922203,25.460000745260665,4682000
2021-06-21,26.062938690185547,26.07901736797429,25.419808445453885,25.588629962194396,1707300
2021-06-22,25.878040313720703,26.103138751883254,25.677062960630124,26.046864909016225,1366100
2021-06-23,25.805681228637695,26.159405941487947,25.805681228637695,26.038817413617423,1488100
2021-06-24,26.151365280151367,26.207639109156624,25.74136980215685,26.014701143051088,1438000
2021-06-25,26.673913955688477,26.834697653477857,26.15136770454647,26.15136770454647,2503500
2021-06-28,26.159408569335938,26.561366280358207,26.014703548032404,26.561366280358207,2856900
2021-06-29,25.883699417114258,26.548632842598714,25.745847572967588,26.386453656547804,2804900
2021-06-30,25.94046401977539,26.191840388952116,25.74584990686546,25.74584990686546,3042900
2021-07-01,26.15941047668457,26.20806517707979,25.908035591255295,26.086429972747613,1663200
2021-07-02,25.90802574157715,26.27292812253384,25.7377374482456,26.224273440636093,1537300
2021-07-06,25.62421417236328,25.843155611377615,25.129569042735795,25.77017513170617,3379500
2021-07-07,26.03777313232422,26.12697185179817,25.34040470004909,25.462038333278212,2751000
2021-07-08,25.202552795410156,25.68908887418676,25.064700932201045,25.478256521828378,2975200
2021-07-09,26.070205688476562,26.070205688476562,25.632322818442123,25.843155139571074,2698500
2021-07-12,26.17561912536621,26.59728376112102,25.70530290034278,25.908026104456983,2676400
2021-07-13,24.89441680908203,26.14319282617536,24.772781616429672,26.102645699750276,4038400
2021-07-14,24.513294219970703,25.10524571948301,24.34300743791467,24.894414907410475,3273600
2021-07-15,24.48085594177246,24.643033586211878,24.20515224490452,24.326785864897932,3556000
2021-07-16,23.848360061645508,24.62681804978812,23.678073295065996,24.610599820593272,3153700
2021-07-19,23.175321578979492,23.353717479880665,22.9563801006083,23.232083840781883,4069500
2021-07-20,23.77537727355957,23.848357751210557,22.988811793677662,23.191534999006997,2784900
2021-07-21,24.261917114257812,24.537620840858345,23.96188604237292,24.107847020767974,2420900
2021-07-22,23.872690200805664,24.286245813766723,23.742947445365605,24.27813669821976,2784300
2021-07-23,23.7591609954834,24.09973607024863,23.588874231428502,23.9943206753559,2114800
2021-07-26,24.21326446533203,24.351116331450378,23.77538152119531,23.791599751716433,2508200
2021-07-27,23.872690200805664,24.188937973858852,23.637530489910777,23.961887378510927,3637100
2021-07-28,23.678077697753906,24.156504721372123,23.42669973845908,24.091631792530293,3177200
2021-07-29,24.164609909057617,24.172719024363577,23.564549296316937,23.93756086711312,4436500
2021-07-30,23.961885452270508,24.33489700416688,23.864579166840514,24.09162819728085,7147800
2021-08-02,24.140283584594727,24.740344184280374,23.99432260557419,24.2294807577085,3806600
2021-08-03,24.90252113342285,25.056591223158666,23.90512320089971,24.448421525768136,3914300
2021-08-04,24.813323974609375,25.28364181228111,24.59438251224783,24.707907027551364,5131200
2021-08-05,25.170114517211914,25.17822208456204,24.878192599636122,24.95117307903007,2484300
2021-08-06,25.672870635986328,25.859375643018158,25.405276024741145,25.470147398780718,2853100
2021-08-09,26.264822006225586,26.40267541546352,25.494474636099202,25.599890038471354,4678500
2021-08-10,26.613506317138672,26.97840876255506,26.126971785457567,26.199952274540845,2859300
2021-08-11,27.10003662109375,27.221671781693956,26.61350216531418,26.775681348344246,2172600
2021-08-12,26.905424118041992,27.156802006795935,26.629720434454345,27.1000366633329,1434700
2021-08-13,26.57295799255371,26.913531491010566,26.5161957428109,26.86487990169422,1158000
2021-08-16,26.459436416625977,26.46754398463765,25.989117045864013,26.410781728623064,1826300
2021-08-17,25.672870635986328,26.264822117429386,25.44582005352004,26.19184162830292,2957500
2021-08-18,25.14578628540039,25.705302758736792,25.121458944244793,25.55123269139526,1801400
2021-08-19,24.85386848449707,25.07280995110496,24.537620730500485,24.74034396699174,2047900
2021-08-20,25.24309539794922,25.25931362721173,24.76467000794897,24.797104919818516,2390000
2021-08-23,25.575557708740234,25.762062667354652,25.421487655397602,25.5431212568133,1895500
2021-08-24,26.005338668823242,26.102644964216317,25.518802551890833,25.518802551890833,2206300
2021-08-25,26.38645362854004,26.597284404864954,25.956678321964706,26.135075735762417,4225000
2021-08-26,26.062097549438477,26.49998046183805,26.053989981421132,26.45132577380111,1339200
2021-08-27,26.71080780029297,26.751354915065708,26.094530631460344,26.151292880169514,1605400
2021-08-30,26.28914451599121,26.81622610188142,26.28103694860845,26.81622610188142,1447900
2021-08-31,26.30536651611328,26.418894128926183,26.118861506458828,26.25671491821891,2650700
2021-09-01,26.16751480102539,26.43510785509566,25.76206834255269,26.402674489334196,2567800
2021-09-02,26.30536651611328,26.467545726820553,26.24049668781707,26.29725894756794,2054600
2021-09-03,25.94857406616211,26.435108592578217,25.899920922851607,26.354020535945892,1959500
2021-09-07,25.324188232421875,25.90803218720644,25.26742596940797,25.89992307153936,2348800
2021-09-08,25.38094711303711,25.551235426040982,25.2106603466887,25.283640831311008,1898800
2021-09-09,25.429603576660156,25.810722708907942,25.243097021457093,25.324186626329436,1790200
2021-09-10,25.397165298461914,25.875592231648273,25.29985901690343,25.66475989273094,2917800
2021-09-13,25.745851516723633,25.91613829617185,25.453929555777453,25.705307487328035,1682300
2021-09-14,25.397165298461914,25.908028689938075,25.243095214896275,25.81072086172413,1893000
2021-09-15,25.981008529663086,26.029660122579482,25.37283887172141,25.462036036493835,1316000
2021-09-16,25.68097496032715,26.19994740248579,25.672865846753,25.99722420309788,2177400
2021-09-17,25.4052734375,25.997226405314866,25.380946094716794,25.56745262941059,5134400
2021-09-20,24.140283584594727,24.870086933041833,23.76727202191385,24.537620946008644,2874200
2021-09-21,24.02675437927246,24.415984121342227,23.88890253339794,24.343003641370107,2337400
2021-09-22,24.780885696411133,25.0160453713171,24.37543926104669,24.391657489658567,2663500
2021-09-23,25.429603576660156,25.616108585207655,25.03226621410679,25.03226621410679,1840000
2021-09-24,25.672870635986328,25.762069355286577,25.29986062192267,25.29986062192267,1772200
2021-09-27,26.102642059326172,26.30536528993287,25.90802949019791,25.95668108582447,2123900
2021-09-28,25.097139358520508,26.2972606459658,25.05659377989728,26.10264496188567,3549200
2021-09-29,24.92529296875,25.29352675698227,24.728902135284656,25.195332120637403,3418400
2021-09-30,24.31975555419922,25.170784108241055,24.303390821064333,25.121686787285007,3178900
2021-10-01,24.630706787109375,24.851647053663537,24.22974198527528,24.401583374300365,2429300
2021-10-04,24.18064308166504,24.679804077243332,24.11517947247244,24.434315932964974,2427000
2021-10-05,24.71253776550293,24.94165962751825,24.21337674763991,24.4015844373741,1774700
2021-10-06,24.9089298248291,24.93347770509278,24.19701164244402,24.352488314142043,2376900
2021-10-07,24.96620750427246,25.399904882867453,24.941658065975396,25.260794520735136,1828200
2021-10-08,24.58979034423828,24.933474673118234,24.51614359085147,24.810730604398717,3098000
2021-10-11,24.49977684020996,25.29352320922919,24.458861113492237,24.638887189499453,2751300
2021-10-12,23.640565872192383,24.458861696755918,23.591468559735688,24.39339809322185,5264500
2021-10-13,23.67329978942871,23.8615074651064,23.33779860729874,23.59965303620257,2460400
2021-10-14,24.663436889648438,24.76981622621034,24.057898136399643,24.11517859726736,2541800
2021-10-15,24.58979034423828,25.07258503387382,24.55705932094165,25.007121426505044,2347300
2021-10-18,24.360668182373047,24.499778541321493,24.21337467751287,24.467045957674568,2023600
2021-10-19,24.491596221923828,24.573426123027147,24.246106518613864,24.491596221923828,1727900
2021-10-20,24.917110443115234,25.007121929573366,24.434315743767314,24.51614408404279,2689000
2021-10-21,24.720722198486328,24.949845647666,24.483417162528642,24.900748323118858,1838000
2021-10-22,25.1462345123291,25.162600806138773,24.737086531741483,24.761635972455984,2355200
2021-10-25,25.457183837890625,25.514464296417632,24.998937048123704,25.146230547636254,2788700
2021-10-26,25.4080867767334,25.91543091560498,25.399905191310552,25.645393334160175,3360600
2021-10-27,24.843461990356445,25.34262138717981,24.597972303981024,25.301707219838292,2868000
2021-10-28,25.555381774902344,25.579931214927097,24.802549449341974,24.900745648665346,3459900
2021-10-29,25.76814079284668,26.16092249734805,25.481736881356852,25.55538364604783,5941400
2021-11-01,28.763097763061523,29.622307703194164,27.412908484602625,27.437456358976206,7787400
2021-11-02,30.833385467529297,31.316180106152075,29.057681988626612,29.3359026807406,8870300
2021-11-03,30.48151969909668,30.972495948985273,30.047823907643394,30.792472988853252,4079400
2021-11-04,29.679590225219727,30.391506725601012,29.368636934774102,30.391506725601012,2804000
2021-11-05,29.360454559326172,30.096918915959876,29.11496644044827,30.03963845894006,3157700
2021-11-08,29.245899200439453,29.72869394527645,29.106787263002662,29.638680889561716,2361400
2021-11-09,29.22953224182129,29.515934574808373,29.03313984095064,29.139519188153546,2361500
2021-11-10,28.64853858947754,29.1395180110451,28.50124819671358,29.090419132422987,2431500
2021-11-11,29.03313636779785,29.139515702274895,28.632173149582044,28.78764823724008,1341500
2021-11-12,29.385009765625,29.393191352290035,28.86948240228377,29.016775934666978,1800500
2021-11-15,29.245899200439453,29.622314595654366,29.155886144724715,29.475021072039592,1769100
2021-11-16,29.17225456237793,29.409558037431793,29.016776319714943,29.12315567708147,1587800
2021-11-17,28.640361785888672,29.07405769403558,28.51761612961418,28.96768145491951,1650800
2021-11-18,28.493064880371094,28.975859618293345,28.403051825945553,28.77946721576932,1504400
2021-11-19,28.378503799438477,28.46851685339847,28.034817877186804,28.23939186471358,2227400
2021-11-22,28.231210708618164,28.74673803907079,28.19847812094309,28.574893514552336,1712600
2021-11-23,28.38668441772461,28.452149589846037,27.91207440604914,28.378502831985042,1857200
2021-11-24,28.182113647460938,28.378506064645507,28.075737412972884,28.27212670860588,1296200
2021-11-26,27.11832618713379,27.412913216671583,26.64371617852938,27.17560665159378,1913100
2021-11-29,27.617483139038086,27.830238672700943,27.142870078600634,27.666582010599086,1945300
2021-11-30,26.512788772583008,27.412913026319288,26.455508308520763,27.298352098194798,3754800
2021-12-01,26.03817367553711,27.527471871569645,26.02180738396466,27.24106957292913,2421300
2021-12-02,26.709178924560547,27.011947547673348,26.062725944957783,26.234568903590585,1929600
2021-12-03,26.095455169677734,26.758275957656625,25.629026766802205,26.70099549565795,3090800
2021-12-06,26.455509185791016,26.78282568820756,26.23456890784543,26.455509185791016,2319100
2021-12-07,26.987401962280273,27.24107484845328,26.766461665591176,26.930121491459197,1990700
2021-12-08,27.29016876220703,27.617488391767026,26.905571787258072,26.987400133872402,4392300
2021-12-09,27.216516494750977,27.715677424133613,26.9546620927061,27.134688164693465,3067000
2021-12-10,27.862972259521484,27.90388642652384,27.167422055828848,27.519289510840657,3716100
2021-12-13,27.920255661010742,28.255756860280243,27.232886969635274,27.90388936817428,3872500
2021-12-14,27.60112190246582,28.39486996951345,27.47837938341446,27.7484154225685,3364500
2021-12-15,28.321216583251953,28.403044910141123,27.462006664713353,27.723861056619395,2715900
2021-12-16,27.952987670898438,28.787649859058217,27.879340915426955,28.550343300144423,2135200
2021-12-17,27.183792114257812,27.748415188861767,27.036498595395692,27.494742323810044,7584200
2021-12-20,26.300029754638672,26.897385387690477,25.866333926071874,26.602798363927693,2256600
2021-12-21,26.938302993774414,27.011949759107033,26.610986464613973,26.823742052490683,1419400
2021-12-22,26.897388458251953,27.101962456824257,26.774645932039466,26.946487341667844,1330200
2021-12-23,27.347444534301758,27.42109128223196,26.946481334554626,27.02830966712116,942800
2021-12-27,27.862972259521484,27.871156965852467,27.322897139058146,27.33108184538913,973500
2021-12-28,27.871156692504883,28.059364356110557,27.6911306135991,27.822057819653082,1188200
2021-12-29,27.69931411743164,27.985719546584367,27.633852070644558,27.8220597472901,926600
2021-12-30,27.60026741027832,28.004698567950886,27.558999695868824,27.765341416441096,854000
2021-12-31,27.641542434692383,27.872644188998148,27.59201928083032,27.633287001452743,1107300
2022-01-03,27.575515747070312,28.112005642142307,27.393933970548886,27.823125256901335,1342900
2022-01-04,28.244060516357422,28.392626832283554,27.70757069234358,27.773601565433115,1714700
2022-01-05,27.946928024291992,28.830070490867286,27.938672590851844,28.450402414279377,3685900
2022-01-06,28.1450138092041,28.409131000781215,27.691062582963767,28.178029245282563,1949900
2022-01-07,29.019908905029297,29.085939788405806,28.145018591445425,28.318348086045855,3139800
2022-01-10,28.821815490722656,29.4738562071818,28.235805648676006,29.234499010224585,4176300
2022-01-11,29.68020248413086,29.688457918951553,28.9208662039718,29.08594026660121,3058400
2022-01-12,28.986888885498047,30.084628534325027,28.986888885498047,29.8700313457681,3053200
2022-01-13,28.830068588256836,29.30052751048687,28.77229315209,29.04466261565864,2407000
2022-01-14,29.11069679260254,29.21799539275847,28.384372893011264,28.499923778475118,3547400
2022-01-18,28.277070999145508,29.03641024857171,27.946926100350524,28.920859376567208,3238000
2022-01-19,27.913909912109375,28.689753709277614,27.79835904322528,28.689753709277614,2478200
2022-01-20,27.006011962890625,28.252314872851034,26.956488804442156,28.19453942892393,2296900
2022-01-21,26.2631778717041,26.840935405447816,26.188894715243833,26.750144531049127,2701000
2022-01-24,26.155879974365234,26.254923130141037,24.93433565045057,25.65240561400674,3439500
2022-01-25,26.040327072143555,26.329205824259045,25.082901520298684,25.586375871863893,3654100
2022-01-26,26.197147369384766,26.972992759919887,25.850493179933974,26.576816993193997,2522100
2022-01-27,25.85875129699707,26.956489481991987,25.668917240961463,26.527298210227542,2432200
2022-01-28,25.776214599609375,25.792722319717075,24.98386292559383,25.49558965482983,4434300
2022-01-31,26.38698387145996,26.40349159018898,25.39654436165933,25.594632263619456,9154100
2022-02-01,26.52729606628418,27.187589066200715,25.974300088505572,27.11330590692727,6922600
2022-02-02,26.543806076049805,26.585073801758217,26.065093216223218,26.52729835606131,3985200
2022-02-03,25.55335807800293,26.568558971671816,25.512090363338302,26.51903897348419,2772100
2022-02-04,25.685422897338867,25.982553960313204,25.388290260101837,25.512095000863034,2351000
2022-02-07,25.652406692504883,26.089851775983384,25.4625726574013,25.660660551543643,3497900
2022-02-08,25.536855697631836,25.96604534584498,25.396543243140243,25.759703593608084,2633900
2022-02-09,25.867002487182617,26.048582664528254,25.652406873449056,25.751451608350184,2796400
2022-02-10,25.908273696899414,27.26187528581093,25.54511329330936,25.54511329330936,4175400
2022-02-11,25.28099250793457,26.172388875152077,25.082904601248764,25.825736219148972,2798300
2022-02-14,25.091156005859375,25.569868793744558,24.727994092002916,25.2562300324112,2569000
2022-02-15,25.644149780273438,25.718432928515497,25.338764903511606,25.39654033564155,1762700
2022-02-16,25.900014877319336,26.02382118247506,25.421302096739904,25.421302096739904,1744100
2022-02-17,24.851802825927734,25.660662171642386,24.77751966415162,25.619394448105762,1633500
2022-02-18,25.066394805908203,25.132424098520797,24.645457475154465,24.75275448530149,3319100
2022-02-22,24.356582641601562,24.992115668986514,24.01818226582781,24.992115668986514,2871900
2022-02-23,23.960405349731445,24.73624922129219,23.89437605057175,24.595936763795006,2292100
2022-02-24,23.902629852294922,24.00992845415253,22.862668718101762,23.250590678498806,2551500
2022-02-25,24.934335708618164,24.942589567329165,24.001671713951147,24.009925572662148,2926300
2022-02-28,24.53816032409668,24.82703908649955,24.216267700590322,24.34007243468795,2915100
2022-03-01,23.176305770874023,24.463877876405178,23.077261036173482,24.307059276668074,3354800
2022-03-02,24.30706024169922,24.414357265477246,23.316619152422216,23.407410031647043,2765700
2022-03-03,24.108970642089844,24.678474344247242,23.861361158158473,24.41435714158373,2951100
2022-03-04,23.275346755981445,23.671522482435517,22.912184886267347,23.60549319469317,2511300
2022-03-07,22.458234786987305,23.225826330844658,22.32617619602933,23.10202159860438,3402400
2022-03-08,22.788387298583984,23.33312948646335,22.474746902978964,22.697596409183127,2774200
2022-03-09,23.555973052978516,23.87786565348781,23.481689902974452,23.514703761719318,3574600
2022-03-10,22.474740982055664,23.33312333940102,21.86396964668107,23.077258459271647,4891000
2022-03-11,22.4995059967041,22.986472682681715,22.48299827786286,22.796638638795585,3589400
2022-03-14,22.14459800720215,23.0607559413759,21.9712716814194,22.93695119806497,4338000
2022-03-15,22.260149002075195,22.6480725271169,21.830959328074343,22.350939882278613,4022100
2022-03-16,23.002979278564453,23.38264734780209,22.441729459463037,22.65632507113491,4532700
2022-03-17,23.060752868652344,23.118528302881654,22.631561679716718,22.763620264887294,3081500
2022-03-18,23.04424476623535,23.22582492424005,22.648069017354654,23.04424476623535,6659400
2022-03-21,22.82139778137207,23.36613988846933,22.590296023368783,23.052501113638016,3232300
2022-03-22,23.184558868408203,23.399154474658324,23.044246417177842,23.14329114862505,1944400
2022-03-23,22.466487884521484,23.093766957450423,22.449981741907916,23.011229947332463,2198400
2022-03-24,22.780128479003906,22.788382337540103,22.458234293142365,22.57378673838659,1908600
2022-03-25,22.9699649810791,23.151545165680886,22.75536935877006,22.837906378775493,2527300
2022-03-28,23.102022171020508,23.110276029942717,22.63981709121519,22.903934279675372,1580000
2022-03-29,23.919137954711914,23.968661113714322,23.440425104194837,23.531215988103128,2853300
2022-03-30,23.669023513793945,24.260958368726087,23.560641926646746,24.077541173310987,1794200
2022-03-31,23.277175903320312,23.86910905286564,23.268838615135504,23.602322191652245,2461900
2022-04-01,23.2855167388916,23.55230364074812,22.993717968670268,23.402235610909987,3882400
2022-04-04,23.36054801940918,23.660682453778712,23.043737417906385,23.26050214783588,2113100
2022-04-05,23.052078247070312,23.393899176337044,22.902010211748248,23.21882086191159,2748900
2022-04-06,22.343420028686523,22.910342896996422,22.226701175860992,22.810298620338855,2936000
2022-04-07,21.976591110229492,22.310074716342744,21.3262968856772,22.193355851746922,3191500
2022-04-08,21.909894943237305,22.35176013619902,21.65978103969406,21.96825437701147,3145000
2022-04-11,21.82652473449707,22.25171696064414,21.768165297801954,21.793175576285353,2648500
2022-04-12,21.484699249267578,22.05162209702059,21.342968537329323,21.693126673284123,4854000
2022-04-13,21.82652473449707,21.87654688163926,21.217916908711725,21.32629849254903,2807600
2022-04-14,21.317962646484375,22.118325005830695,21.301288066249445,21.926570513479962,2671500
2022-04-18,21.409671783447266,21.54306524831434,21.117872982734717,21.25960373792792,3338500
2022-04-19,22.310073852539062,22.360095993975474,21.41800464440961,21.48470136304989,2455400
2022-04-20,22.251712799072266,22.70191521950473,22.22670093509126,22.5435115181503,2302200
2022-04-21,22.076635360717773,22.735266873113087,21.959916496313646,22.551849697420586,3099200
2022-04-22,22.001605987548828,22.41012368923395,21.918236261218656,22.009943278216966,4297100
2022-04-25,22.201692581176758,22.210029870488544,21.317960586406883,21.85987167027024,3678100
2022-04-26,21.4930419921875,22.051627693933202,21.30962479478788,21.926569935642387,3668100
2022-04-27,21.376319885253906,21.726478083241815,21.292950173017765,21.476365766182735,2926000
2022-04-28,21.6347713470459,21.768164796469872,21.09285866981374,21.668118914314217,3698900
2022-04-29,20.500926971435547,21.751491846032224,20.45090482170081,21.543064366932775,12256600
2022-05-02,21.117876052856445,21.134550635932868,20.384211889427274,20.517605373687125,5203300
2022-05-03,21.30128288269043,21.976588906293454,20.78438374259626,20.901102595486858,7039800
2022-05-04,22.343420028686523,22.435128607435214,20.959462010247698,21.21791317032581,4484700
2022-05-05,20.876096725463867,21.99326653204402,20.43422990459994,21.826525505620697,5083800
2022-05-06,20.851085662841797,21.126209877754043,20.425893405218236,20.884433233346808,3261700
2022-05-09,20.709352493286133,21.02616153189834,20.44256559968105,20.55094717889237,4526900
2022-05-10,20.450904846191406,21.226253733622457,20.050722877307884,20.93445653467417,3717000
2022-05-11,19.908987045288086,20.49258447455223,19.783930907638645,20.30916891201139,3704700
2022-05-12,20.44256591796875,20.484250774427824,19.700563069629503,19.76725979406923,3463600
2022-05-13,20.917781829833984,21.07618715844293,20.60930846256135,20.767713791170298,2623000
2022-05-16,20.784385681152344,20.959463976817762,20.35919349002528,20.72602624926387,2207500
2022-05-17,21.543062210083008,21.618096222260586,21.00948842586495,21.30128559524963,2344500
2022-05-18,21.034502029418945,21.518053745376545,20.93445772414527,21.25960410154806,3190300
2022-05-19,20.93445587158203,21.251264930480545,20.642657091700908,20.69267923991111,3062400
2022-05-20,21.509714126586914,21.526388705719437,20.926118168527033,21.25126451073433,3319100
2022-05-23,21.676456451416016,21.959917932225487,21.49304085390563,21.876546627838813,2507300
2022-05-24,21.643108367919922,21.709806686880352,20.934456220895274,21.526389490090065,2672700
2022-05-25,22.051624298095703,22.176680446953057,21.476364105141627,21.476364105141627,2272100
2022-05-26,22.685245513916016,22.793628690927893,22.08497496107288,22.185020848301118,2019000
2022-05-27,22.968704223632812,22.993716089954013,22.726929209895484,22.82697349482981,1720000
2022-05-31,22.576860427856445,22.98537802288539,22.45180428083537,22.81029973509092,5173200
2022-06-01,22.14333724975586,22.68524843404578,21.85987572132563,22.510170096578914,2132000
2022-06-02,22.393444061279297,22.401781349476494,21.97658919247023,22.20168961309403,1598700
2022-06-03,22.059961318969727,22.293400643625997,22.02661375269043,22.143332619930916,1334000
2022-06-06,22.326751708984375,22.65189806133971,22.101649654195864,22.21836853141564,1543300
2022-06-07,22.460142135620117,22.468479424321757,21.976590522151582,22.193355257868543,2799100
2022-06-08,21.5764102935791,22.351760711211497,21.543062726353966,22.160007826684765,2348100
2022-06-09,21.384658813476562,21.768166197891986,21.35131124406135,21.534726851283665,2010600
2022-06-10,20.475910186767578,20.934451484830657,20.467572898783693,20.842742907183023,3340700
2022-06-13,19.23368263244629,20.02570748795847,19.15031134394368,19.817280061789482,3139000
2022-06-14,19.24202537536621,19.533824172761825,19.08362004132136,19.342071267967043,3068100
2022-06-15,19.82562255859375,20.100746769815288,19.42544058667339,19.483801617081397,2965500
2022-06-16,19.300384521484375,19.33373368189953,18.97523815831407,19.2753742413485,3484600
2022-06-17,19.43377685546875,19.708901052232257,19.125305090400023,19.50881087187474,4612600
2022-06-21,20.15910530090332,20.275824176104532,19.775597926395125,19.950677829372353,2708900
2022-06-22,20.0924072265625,20.250812539555163,19.825620335317154,19.825620335317154,1823100
2022-06-23,20.317508697509766,20.35919355179221,19.892316505092726,20.084069379072393,1877800
2022-06-24,21.126209259033203,21.21791785804326,20.550948975545904,20.55928626547186,3264500
2022-06-27,20.951126098632812,21.267936705937846,20.80105967378724,21.20123998705919,2207000
2022-06-28,20.575960159301758,21.37632088340325,20.559285580005792,21.117871265017403,3212300
2022-06-29,19.631103515625,20.246947791434586,19.41176138812785,20.196330872499196,4906800
2022-06-30,19.664846420288086,19.917934218052164,19.074311443670727,19.141801201257934,3988100
2022-07-01,19.892620086669922,20.01072673126928,19.5045544777964,19.588915447320314,2866000
2022-07-05,20.095094680786133,20.103531101809835,19.200854970349724,19.428633510741374,2151000
2022-07-06,19.985424041748047,20.187893315179398,19.774518347455043,20.052913799558496,2717200
2022-07-07,20.49159812927246,20.500032941092275,20.095094392265217,20.16258415040306,3376700
2022-07-08,20.13727378845215,20.575956352806937,19.993857870562348,20.55908512235361,2897600
2022-07-11,19.934804916381836,20.111966530977014,19.707027996306184,19.968550598812424,3396700
2022-07-12,20.272254943847656,20.68562989177493,19.951677402788842,19.985423084619317,3847900
2022-07-13,20.314435958862305,20.43254263013738,19.605792713046423,19.901061000316826,4031700
2022-07-14,20.50847053527832,20.567523875892014,19.90949909867333,19.951679596516584,3152400
2022-07-15,20.76999282836914,21.006206168731044,20.381925526358913,20.89653591914626,2777200
2022-07-18,20.668760299682617,21.03995481275075,20.59283411271225,20.930282938645586,2552400
2022-07-19,21.4027099609375,21.461763296220013,20.9977698164181,20.9977698164181,2083700
2022-07-20,21.444889068603516,21.529251660302965,21.056821790419097,21.30990956551744,2632000
2022-07-21,21.613618850708008,21.655799350991128,21.267731990238048,21.419584365789994,2250200
2022-07-22,21.34365463256836,21.849828597298764,21.149621788964552,21.72328550838683,2713900
2022-07-25,21.284605026245117,21.428020981219305,21.115881414505633,21.428020981219305,2461700
2022-07-26,20.980897903442383,21.28460099062366,20.879662468326856,21.090568149825106,2849500
2022-07-27,21.453327178955078,21.503944094329732,20.913409124071492,21.20023938391635,3544700
2022-07-28,22.4066219329834,22.769380007639835,21.191806215307757,21.93419359833176,4417600
2022-07-29,23.157445907592773,23.427404939191156,22.448802645105637,22.575345740032034,6408500
2022-08-01,23.570819854736328,23.663617262151416,22.895920695895363,23.03933662635433,3343800
2022-08-02,23.098390579223633,23.42740455148666,22.929666991808258,23.326169111771254,3279800
2022-08-03,23.25867462158203,23.402090526693822,23.07307823047129,23.33460078364606,1537500
2022-08-04,23.309297561645508,23.44427869177161,23.04777494075949,23.20806372540445,1879700
2022-08-05,23.326169967651367,23.570821350642053,23.022466855527174,23.115264268831584,1568000
2022-08-08,23.494892120361328,23.7648511223528,23.444275209758572,23.478019280466217,1551300
2022-08-09,23.21649742126465,23.494892851871477,23.03933581501524,23.44427593969277,1615400
2022-08-10,23.950448989868164,24.119174180910708,23.55394688272567,23.697362812387027,1886700
2022-08-11,24.18666648864746,24.422881459225255,24.144485990975603,24.21197575270028,1468500
2022-08-12,24.481931686401367,24.524112178709427,24.1529177318845,24.397569092702618,1657500
2022-08-15,24.338518142700195,24.456624819992097,24.195102202095974,24.254155540741927,1554800
2022-08-16,24.287900924682617,24.490370201427957,24.152919797769616,24.195101902768297,1312300
2022-08-17,23.958887100219727,23.992632784441486,23.56238496511076,23.86608968677546,2082900
2022-08-18,24.009502410888672,24.060120933834206,23.79859672586365,23.94201265604397,1246500
2022-08-19,23.376787185668945,23.891397612318407,23.275553350019,23.747981670911976,1699400
2022-08-22,22.760942459106445,23.022466682213825,22.642835783562965,23.00559384025539,2432600
2022-08-23,22.803123474121094,23.07308249622215,22.735633718595828,22.803123474121094,2128200
2022-08-24,22.836870193481445,22.946542064594514,22.701890666790657,22.836870193481445,1320900
2022-08-25,23.089956283569336,23.250243453833505,22.87061416685321,22.91279466237899,998200
2022-08-26,22.347570419311523,23.208066163160353,22.24633657243695,23.115267129289503,5437800
2022-08-29,22.026987075805664,22.44036196562809,22.00167781799033,22.1872742147221,3638300
2022-08-30,22.069171905517578,22.254768338768187,21.8498297885399,22.161970926684265,2603200
2022-08-31,21.993244171142578,22.29694886688119,21.934190837878436,22.178842200352907,2465700
2022-09-01,21.875139236450195,21.883575657453356,21.520817599731362,21.849829973440716,2862000
2022-09-02,21.841392517089844,22.347566489705837,21.72328584680977,22.178842904888974,2592200
2022-09-06,21.85826873779297,22.086047302049305,21.605182516896782,21.942631347786012,3206000
2022-09-07,21.976369857788086,22.026988376407566,21.57143136332751,21.790773450097625,2404200
2022-09-08,22.153533935546875,22.161970356261502,21.191804501237776,21.4701999484895,2924000
2022-09-09,22.2547664642334,22.45723733137604,22.221022392431376,22.38974757868937,2023900
2022-09-12,22.566905975341797,22.6343957232412,22.280074144498702,22.507852647065132,2743000
2022-09-13,20.786865234375,22.010118935494244,20.584395955881025,21.934192754923654,4379400
2022-09-14,20.702505111694336,20.98090058245655,20.49159940326591,20.888101555841526,3419000
2022-09-15,20.694067001342773,21.090569121558286,20.601267982301444,20.694067001342773,4770600
2022-09-16,20.365053176879883,20.52534195391184,20.14571106333161,20.466288617395524,5513300
2022-09-19,20.938716888427734,20.964026150790847,20.095094118650096,20.154147455081294,2281600
2022-09-20,20.702505111694336,20.862792291560286,20.51690705846429,20.72781276689272,2912100
2022-09-21,20.45785140991211,21.158058218547858,20.449414989436658,20.85435351776229,3827900
2022-09-22,20.00229263305664,20.584392722981327,19.98542140264396,20.542212233325824,2423800
2022-09-23,19.74920654296875,19.867313201664956,19.369575698470168,19.698589633396455,2490300
2022-09-26,19.31896209716797,19.90949870994036,19.30208925472697,19.597357561113167,2817100
2022-09-27,19.099618911743164,19.74077240714112,18.947766556374866,19.5383031363443,2458200
2022-09-28,19.437068939208984,19.52986634756545,19.099618551823916,19.200853989855975,2234700
2022-09-29,18.967161178588867,19.33454174786064,18.787741245136104,19.138035520893265,3009600
2022-09-30,18.386186599731445,18.915899230344095,18.334922825470198,18.856093123300173,4252100
2022-10-03,19.172210693359375,19.206384908781686,18.38618418351843,18.608322287342393,4102500
2022-10-04,20.00950050354004,20.026588427040874,19.488330243923166,19.565224270082837,3971000
2022-10-05,19.924062728881836,19.99241279402266,19.522506299878767,19.650662468318547,2431600
2022-10-06,19.607942581176758,20.07784903439959,19.590854658981105,19.872798856833594,2265000
2022-10-07,18.668127059936523,19.402889750039478,18.505795066832693,19.308909442111045,3523500
2022-10-10,18.55706024169922,18.90735453764959,18.454535956325234,18.8048302522756,2782600
2022-10-11,18.266571044921875,18.659585129471388,18.12132695730919,18.39472883897557,2964900
2022-10-12,18.035890579223633,18.3007468694036,17.719770519645703,18.189678628229434,3760300
2022-10-13,18.975704193115234,19.078230105861017,17.292582816627228,17.61724684899379,4444600
2022-10-14,18.54851722717285,19.50541984057862,18.471624824011506,19.078231493978482,2837800
2022-10-17,18.992795944213867,19.27474022408877,18.84755182248471,19.018427834964104,2590200
2022-10-18,19.240564346313477,19.5481388609192,19.026970163862202,19.496876713417294,2283900
2022-10-19,19.00988006591797,19.30891221309842,18.736479804356676,19.06968616943524,2720600
2022-10-20,18.574146270751953,19.26619082999948,18.47162199583808,19.035510396646284,2200500
2022-10-21,19.24910545349121,19.317455516551878,18.471622875078353,18.599779039617847,2554700
2022-10-24,19.496875762939453,19.60794564497223,19.326001403065177,19.44561361793659,2077600
2022-10-25,20.035137176513672,20.146205446622506,19.377266630869403,19.496878864770373,2968600
2022-10-26,20.035137176513672,20.257273716731337,19.9069793492261,20.052223474503474,2493700
2022-10-27,19.91551971435547,20.41105811759608,19.855713608211733,20.257270056315516,3357700
2022-10-28,20.26581382751465,20.29998967618556,19.599401074373482,19.898433231867315,3765200
2022-10-31,20.035137176513672,20.428149733385123,19.847173232275612,20.08639932967202,6670900
2022-11-01,19.30891227722168,20.206007092148106,18.437447718405423,20.077850922814918,8809200
2022-11-02,19.274738311767578,20.000958848362224,19.103863945835716,19.232020127683178,6867200
2022-11-03,19.15512466430664,19.437068895184897,18.753568223235835,18.950074462721922,3590300
2022-11-04,19.9326114654541,19.9753296553022,19.3858108133449,19.479791156929615,3333600
2022-11-07,19.838626861572266,20.18037885341695,19.479788573810758,19.992414931983518,3175300
2022-11-08,20.094940185546875,20.291446433590615,19.710470022335894,19.830082237737436,3229500
2022-11-09,19.394351959228516,19.915520643946206,19.343088183346055,19.872802460305074,3039800
2022-11-10,21.880584716796875,21.889128678140942,20.206005774021797,20.27435583518033,5834800
2022-11-11,23.350112915039062,23.54661914616302,21.94039182063707,22.008741884923406,5491700
2022-11-14,22.60680389404297,23.495356333969116,22.58971760065518,23.076711998478768,5914400
2022-11-15,22.999818801879883,23.529533026210032,22.675156401518496,23.119431007866588,5015600
2022-11-16,22.5897216796875,22.957103942164743,22.43593360426965,22.863121978388428,2266600
2022-11-17,22.324859619140625,22.341947542073395,21.82932126124846,22.18815949486651,2361600
2022-11-18,22.341951370239258,22.80331559091203,22.12835718576356,22.717877591202893,2237200
2022-11-21,22.316314697265625,22.418838963775364,22.128350826008045,22.196700880212482,1870000
2022-11-22,22.6238956451416,22.777683718811886,22.35903931248406,22.435933349319203,2114300
2022-11-23,22.683700561523438,22.73496433644339,22.45302009276052,22.55554438341199,1561400
2022-11-25,22.871667861938477,22.91438605109964,22.606809874437,22.62389780193925,776000
2022-11-28,22.230880737304688,22.743507051222025,22.196704889232937,22.546999183997723,1879200
2022-11-29,22.47010612487793,22.572632043922415,22.171075589319432,22.247969621204245,1943300
2022-11-30,22.905838012695312,22.982732043182516,21.76097314721269,22.41884357267247,3987700
2022-12-01,23.307392120361328,23.427004312040808,22.803309841720818,22.99127209001627,4441300
2022-12-02,23.281763076782227,23.384288989004137,22.726418595364954,23.02545074061859,3350400
2022-12-05,23.162151336669922,23.384289459626306,22.897293403763776,23.170695298659872,2921100
2022-12-06,22.72641944885254,23.15360777823099,22.564087427402367,23.119431929675525,3423000
2022-12-07,22.88020896911621,23.230503291206084,22.547000942800917,22.6580708281041,2755900
2022-12-08,22.95709991455078,23.059624193779516,22.78622394304417,22.99127413109568,1937800
2022-12-09,22.71787452697754,23.170694723642818,22.64952446234826,22.905836797309536,2051000
2022-12-12,23.10234260559082,23.10234260559082,22.521366293084256,22.726416468746464,2990500
2022-12-13,23.666236877441406,24.623137935001285,23.14506653295251,24.02507518142495,5275900
2022-12-14,23.153608322143555,23.862740900386598,22.99982025921954,23.49535866775571,4164900
2022-12-15,22.282140731811523,22.777679073922908,22.188158788268236,22.777679073922908,4022500
2022-12-16,21.991655349731445,22.367581541834614,21.709711113052613,21.94039320567916,7755400
2022-12-19,22.02583122253418,22.222337466274574,21.820781016510182,22.017287260250576,3146700
2022-12-20,22.222335815429688,22.282141917377896,21.854953612497496,21.966021854745012,2781900
2022-12-21,22.99127769470215,23.127977841258094,22.52137114461536,22.52137114461536,2467100
2022-12-22,22.71787452697754,22.8545746562361,22.153986086387466,22.7007866034217,2368700
2022-12-23,22.94001579284668,22.96564605210401,22.58117749689532,22.65807153385592,2002700
2022-12-27,22.99127769470215,23.08525965655722,22.79477143772726,22.940015547142238,3949400
2022-12-28,22.350494384765625,23.127977052898515,22.333406459630034,22.95710269032529,2366100
2022-12-29,23.188854217529297,23.38764012398412,22.514708773487975,22.54928109556658,2384300
2022-12-30,22.7999210357666,23.05056539454873,22.540635246025435,22.903636340762375,2771300
2023-01-03,23.439496994018555,23.655569046642807,23.07649587966985,23.18020954177009,4213500
2023-01-04,24.053142547607422,24.19142853926927,23.672855246287806,23.767927483742472,3450700
2023-01-05,23.620994567871094,23.966709490770107,23.46542244044184,23.845709679880148,1955200
2023-01-06,24.528501510620117,24.554430753377858,23.84571460299089,23.940786844603476,2889500
2023-01-09,24.640857696533203,25.03842949204458,24.433428718636097,24.65814385681604,3521500
2023-01-10,25.194002151489258,25.219931392442405,24.589001365740213,24.632215118829784,2562000
2023-01-11,25.470571517944336,25.600216060927686,25.306357954230087,25.4187146898503,3392500
2023-01-12,25.781721115112305,25.971863956444132,25.237220186276183,25.634792031378876,4433800
2023-01-13,25.989147186279297,26.084219420466894,25.392787837418997,25.513789312339302,3331200
2023-01-17,25.73850440979004,26.06693321602219,25.68664592841207,25.97186098199491,2423300
2023-01-18,25.850858688354492,26.283002767596123,25.712572714877076,25.79900186042517,5111800
2023-01-19,25.358217239379883,25.496503226695598,25.10757285705827,25.444646393576956,3688400
2023-01-20,25.96321678161621,26.03235976758128,25.24585603554271,25.49650038997786,2638600
2023-01-23,26.23114585876465,26.447217897719053,25.902715436394605,25.980501502298097,3124800
2023-01-24,25.86814308166504,26.31757328904248,25.816286257274943,25.92864298486994,2918700
2023-01-25,26.092859268188477,26.11878685721014,25.072999004700335,25.436000087492747,3785500
2023-01-26,26.179290771484375,26.412647336210366,25.790360416109486,26.205218362843404,4454300
2023-01-27,26.550933837890625,26.59414923849937,25.86814699326222,26.14471896316228,5954600
2023-01-30,27.017650604248047,27.49300847727121,25.80764739687173,26.06693320970273,8210200
2023-01-31,26.965789794921875,27.16457566534532,26.533645738262862,26.88800373284335,16785100
2023-02-01,27.665863037109375,27.873293649833652,26.41264617218517,26.74971968148797,5737600
2023-02-02,29.230226516723633,29.705584364990123,28.02022172386546,28.08936636208493,6114000
2023-02-03,28.754865646362305,29.230223444669377,28.51286603202361,28.720293330886072,6204000
2023-02-06,27.760934829711914,28.41779567890055,27.674507332343893,28.41779567890055,3190700
2023-02-07,27.760934829711914,28.21900979735595,27.510292120046735,27.62264885572447,3133100
2023-02-08,27.225078582763672,27.769581077578348,27.14729251207586,27.544865945424554,2653100
2023-02-09,26.646007537841797,27.553509570105188,26.499078464680203,27.380652903649768,3185600
2023-02-10,26.72378921508789,26.784289120811927,26.153359177548726,26.507717181217032,5565200
2023-02-13,27.44979476928711,27.467080929770365,26.646006440304838,26.749721754705355,2665700
2023-02-14,27.40657615661621,27.596720602653143,26.94850449697917,27.29421942363886,2453800
2023-02-15,27.432506561279297,27.467078879665372,27.060862381123364,27.147291528589676,1863000
2023-02-16,26.965789794921875,27.311504710549332,26.74971776659237,26.957146715968843,2028100
2023-02-17,27.07815170288086,27.086794783486837,26.654650644182325,26.862079633228603,3228900
2023-02-21,25.842214584350586,26.749718103876365,25.68664245823195,26.620073566444987,2693800
2023-02-22,25.729860305786133,26.153361329194738,25.548358925183056,25.842217047303137,2429200
2023-02-23,25.721216201782227,26.12743104924543,25.349572023986664,25.980501994035528,1947400
2023-02-24,25.31500244140625,25.42735918327452,25.098930389083556,25.29771628158069,2528900
2023-02-27,25.470571517944336,25.842215691032408,25.46192843851219,25.738502034844338,2403100
2023-02-28,25.470571517944336,25.807645021802664,25.436000848714595,25.574286822631247,4469300
2023-03-01,25.150787353515625,25.444645478113664,24.735929406494492,25.340930167108908,3463900
2023-03-02,25.116212844848633,25.2285712260202,24.666784265658762,24.796427156742354,2183300
2023-03-03,25.574289321899414,25.600218562729808,25.073002205338145,25.340931099922877,1955700
2023-03-06,25.254501342773438,25.75578844736788,25.237216831131466,25.66071786359065,2645400
2023-03-07,24.416141510009766,25.34957269471797,24.364284679886783,25.228572874931377,3526300
2023-03-08,24.744571685791016,24.88285932136856,24.346999885064943,24.442072119368568,3157700
2023-03-09,24.053142547607422,24.91743081974351,24.00128571285899,24.72728799333323,3275000
2023-03-10,23.828420639038086,24.433422917297097,23.482705757960904,24.009921981915227,5348500
2023-03-13,23.37899398803711,23.983996357351824,22.557921227965807,22.955492988916344,8662600
2023-03-14,23.612354278564453,24.191427461025544,23.29256855528684,24.053141475527283,5102700
2023-03-15,23.249353408813477,23.43085479707711,22.765352454275448,23.033281348046625,5423400
2023-03-16,23.30120849609375,23.64692508621886,22.609778612841275,23.015993463189744,4035500
2023-03-17,22.704851150512695,23.050566096867318,22.566565171970844,23.024636857703634,19038800
2023-03-20,22.765352249145508,23.11971029373024,22.592493942689988,23.050567300847828,3728900
2023-03-21,23.283924102783203,23.45678075021842,23.171565715876373,23.335780932163882,3115000
2023-03-22,22.73077964782715,23.378995816284185,22.72213821626014,23.223425320593623,4294800
2023-03-23,22.635705947875977,23.20613596570801,22.436918430723384,22.877705562411546,2708900
2023-03-24,22.722137451171875,22.817208031698446,22.117135054917057,22.289993353418122,2859600
2023-03-27,22.851783752441406,23.214784914529705,22.627068590339206,23.11971267135208,2984600
2023-03-28,22.791282653808594,22.972782401208544,22.618424338523724,22.808567166537824,1714200
2023-03-29,22.9295654296875,23.13699438982824,22.77399329745724,23.07649448251621,2205600
2023-03-30,22.955791473388672,23.2005606020641,22.824665809487055,23.156850935861375,1765800
2023-03-31,23.550228118896484,23.59393611500651,23.121883421076177,23.174333349878843,2742900
2023-04-03,23.541488647460938,23.760031985566066,23.349169442822284,23.50652091303451,3550300
2023-04-04,23.3142032623291,23.66387226812555,23.13062599219013,23.64638840099739,2895300
2023-04-05,23.26175308227539,23.331686882695042,23.025725880601573,23.034467814073196,3169700
2023-04-06,23.253009796142578,23.436585386307808,23.165592133864894,23.235525930216397,2673900
2023-04-10,23.26175308227539,23.593938217430402,23.07817581407798,23.287977215336934,3210200
2023-04-11,23.742549896240234,23.943609382187866,23.384138928297595,23.419106665342472,2548400
2023-04-12,23.095661163330078,24.083476366076045,23.078177295264698,24.065994165364096,3540800
2023-04-13,23.532745361328125,23.59393722570407,23.060690977822397,23.130624775302515,2593800
2023-04-14,23.38413429260254,23.899896640294923,23.218040909272837,23.786253184781337,3145800
2023-04-17,23.471555709838867,23.471555709838867,23.121886689471662,23.235528495833474,1982400
2023-04-18,23.58519744873047,23.63764905215056,23.165594625490183,23.602681316537165,2443000
2023-04-19,23.71632194519043,23.77751547947595,23.366652943182643,23.4365867435842,3116500
2023-04-20,23.506521224975586,23.585196961125757,23.392879421288317,23.524005092420815,1658800
2023-04-21,23.331684112548828,23.576451551279966,23.21804065826384,23.489035561649203,2528100
2023-04-24,23.593935012817383,23.620160809670164,23.25300799049668,23.471551295543918,2394700
2023-04-25,22.938304901123047,23.419101168519003,22.929562968913693,23.375391507472234,2429100
2023-04-26,22.877113342285156,23.174332371879018,22.71976189516451,22.88585527460887,2155100
2023-04-27,23.27049446105957,23.29671859349602,22.885857734243228,23.069433330711515,2369600
2023-04-28,23.497779846191406,23.62890718777406,23.121886691361812,23.17433662758283,6365300
2023-05-01,22.842147827148438,24.913939302806753,22.702280231117435,24.695395975589147,5360800
2023-05-02,22.046649932861328,22.641088041133237,21.63578908383962,22.597380043258696,4545000
2023-05-03,21.976713180541992,22.466251361143293,21.889297196548135,22.00293897615196,3025700
2023-05-04,21.941749572753906,21.959233438447985,21.425987206251023,21.758172317672493,3461100
2023-05-05,22.326383590698242,22.45750923289543,22.177774084913963,22.273931999936966,2766800
2023-05-08,22.169038772583008,22.536191680775275,21.933011545740797,22.466257872898343,3000900
2023-05-09,21.95923614501953,22.081619885256,21.79314273516046,21.889302340976776,2027300
2023-05-10,21.854331970214844,22.474994197839404,21.75817237599287,22.256450878137258,3135200
2023-05-11,21.434728622436523,21.801881456396316,21.18995951067894,21.801881456396316,3873500
2023-05-12,21.408506393432617,21.6270497437135,21.18122110905809,21.557115938317754,2363300
2023-05-15,21.425987243652344,21.54837096901812,21.32982764952026,21.45221304223924,2057000
2023-05-16,20.997644424438477,21.329829566291092,20.997644424438477,21.23367163087114,1599300
2023-05-17,21.382280349731445,21.487181890317373,20.962677522094577,21.163737001918065,2111100
2023-05-18,21.56585693359375,21.618306868518918,21.18996212069776,21.34731359282663,2812300
2023-05-19,21.408506393432617,21.69698354910924,21.146255040036937,21.69698354910924,2353100
2023-05-22,21.513402938842773,21.653270517150847,21.286117707253894,21.495919074716003,1956400
2023-05-23,21.303604125976562,21.696981111881946,21.286120259753233,21.373537923516626,2583300
2023-05-24,21.050092697143555,21.233669954549537,20.91896703748398,21.154994225283147,2496600
2023-05-25,21.207443237304688,21.25989316542657,20.936449996762956,21.00638379004318,2432800
2023-05-26,21.513402938842773,21.592078660060196,21.224925850163242,21.312341836090997,2063600
2023-05-30,21.600820541381836,21.749430062875273,21.443470754523943,21.60956247409947,2520900
2023-05-31,20.98890495300293,21.600825373958745,20.857779267609082,21.4609577538915,6671200
2023-06-01,21.347312927246094,21.434730594298053,20.94519232574842,21.032609992800374,3305600
2023-06-02,21.871816635131836,21.976716498704015,21.635789441064528,21.696981306040513,2687600
2023-06-05,21.889301300048828,21.967975366921415,21.592082230162777,21.854333566013608,1867600
2023-06-06,22.501220703125,22.562412567786883,21.836848790282797,21.854332656572836,2519700
2023-06-07,22.955791473388672,23.060691337568656,22.527446748721633,22.623604679661074,3343900
2023-06-08,22.859634399414062,22.999502012001372,22.68480071735666,22.929568205707717,2512300
2023-06-09,23.051952362060547,23.27049570324774,22.868375088439553,22.912083089735642,2970600
2023-06-12,23.078174591064453,23.279234048196763,22.789697471201894,22.98201666267909,4603000
2023-06-13,23.593935012817383,23.707578465159678,22.982014759096973,23.051948550017965,3566100
2023-06-14,23.532745361328125,24.039765809897283,23.357910033951207,23.733804820664304,3096700
2023-06-15,23.864931106567383,23.934864905876207,23.36665257807285,23.375394511405617,2316900
2023-06-16,23.57645606994629,24.03976857361224,23.524006132644644,23.908642896681407,3239900
2023-06-20,23.078174591064453,23.357909777918664,22.929565064629,23.357909777918664,3249700
2023-06-21,22.842147827148438,23.095658887050426,22.815923694988417,23.016983155863826,2579000
2023-06-22,22.256454467773438,22.868376528574693,22.256454467773438,22.728508914795004,2186900
2023-06-23,22.317644119262695,22.405060112129128,21.96797347838421,21.985457343898773,2986900
2023-06-26,22.588640213012695,22.684799818112168,22.29142113120831,22.300163065067665,1989600
2023-06-27,23.296716690063477,23.366650483102283,22.553669096930406,22.693536683008027,2524800
2023-06-28,23.322948455810547,23.392882266744692,23.130629225226468,23.392882266744692,2471100
2023-06-29,23.69426918029785,23.69426918029785,23.31410134166881,23.322941003180116,2377400
2023-06-30,23.614702224731445,23.888778988881572,23.50860940777617,23.835730894089014,3416100
2023-07-03,23.773841857910156,23.906460401444342,23.579337246409423,23.6500663493474,964600
2023-07-05,23.455562591552734,23.80920811911417,23.39367314870395,23.59702080257731,2670400
2023-07-06,23.004661560058594,23.199166158756835,22.712903818853874,23.163802452772938,3375100
2023-07-07,23.119598388671875,23.384833802670403,22.916252418360113,22.969298826633853,5364400
2023-07-10,24.00370979309082,24.127486977289394,23.199165684216183,23.278736128945734,3797400
2023-07-11,24.5341796875,24.560703732073307,23.932981501022976,24.295468345284462,3381500
2023-07-12,25.135379791259766,25.32104305849076,24.861304721688594,24.967397535444913,3055500
2023-07-13,25.82498550415039,26.16094998149453,25.31219912648565,25.338723170375353,4223900
2023-07-14,25.14422035217285,25.904557781315766,25.073491249780144,25.86035272468838,2810100
2023-07-17,25.550912857055664,25.63932465865884,24.976238676107318,25.05580912891869,3037000
2023-07-18,26.063695907592773,26.169790393040582,25.550909548276742,25.63047999078394,2978700
2023-07-19,26.523435592651367,26.60300603433449,26.081378332773845,26.152107426901665,3224300
2023-07-20,26.178632736206055,26.46154912640608,25.948762747589857,26.381978680872983,2769200
2023-07-21,25.922239303588867,26.355455246898412,25.895716945340467,26.293567495899154,2240500
2023-07-24,26.1079044342041,26.32893308157229,25.96644623479364,25.96644623479364,2187100
2023-07-25,25.886878967285156,26.116748991147563,25.80730850955144,25.966449425018872,2135200
2023-07-26,25.63932228088379,26.02833316007221,25.55975183545173,25.824985529348787,3161900
2023-07-27,25.11769676208496,25.869194542587692,25.011603949728602,25.763100043916488,4755500
2023-07-28,26.09022331237793,26.629533784127194,25.25915507594617,26.196316125181646,6081400
2023-07-31,25.851511001586914,26.178634149360892,25.745418192692235,26.152110103979826,16859500
2023-08-01,25.453659057617188,25.939921392348076,25.365247264125742,25.763097805365188,3709400
2023-08-02,25.06464958190918,25.1795837394652,24.728685085087335,25.09117194102183,2808600
2023-08-03,25.091175079345703,25.153064526417353,24.534183546220913,24.81709998757414,3846000
2023-08-04,25.05580711364746,25.6393225964547,24.985078015316727,25.153060256220243,2310000
2023-08-07,25.23263168334961,25.471341345547078,25.10001314329961,25.170742244379376,2208900
2023-08-08,24.88782501220703,24.985078155324786,24.44576772358412,24.808254565349728,2371500
2023-08-09,24.7198429107666,25.12653649549329,24.68447920435957,24.843620098978068,2041000
2023-08-10,24.70216178894043,25.08233132740548,24.66679639637869,24.93203178164755,2148400
2023-08-11,24.67563819885254,24.790574040479687,24.472292246822676,24.53417999863048,1911400
2023-08-14,24.5960693359375,24.613752033683802,24.330835615002474,24.516498882394018,1774800
2023-08-15,23.81804656982422,24.375037997167336,23.80920522192167,24.304308900261628,2331500
2023-08-16,23.429035186767578,23.932980202106574,23.429035186767578,23.711951568269146,2100400
2023-08-17,23.21685028076172,23.650066245137296,23.146121178135395,23.508608039884653,2608100
2023-08-18,23.21685028076172,23.34062578877908,22.898568475785858,22.942775218874072,2203000
2023-08-21,22.810155868530273,23.296419907399788,22.62449261307602,23.261054514181016,2864000
2023-08-22,22.438827514648438,22.942774246608987,22.35041740484828,22.91625020188009,2744100
2023-08-23,22.978137969970703,23.01350336296828,22.35925876934594,22.51839797889076,1992300
2023-08-24,22.642173767089844,23.28757697252866,22.61564972398283,22.978136548205434,2186700
2023-08-25,22.80131721496582,22.925092724076165,22.536081813038866,22.72174676301922,2234000
2023-08-28,22.94277572631836,23.163804387703642,22.92509302869197,22.978139435256278,2110400
2023-08-29,23.44672203063965,23.44672203063965,22.907411529034942,22.98698198620006,1886900
2023-08-30,23.526290893554688,23.685431797100804,23.4113550470759,23.464403139134497,1692000
2023-08-31,23.641225814819336,23.74732031603728,23.552814011523534,23.570496709445674,2224700
2023-09-01,23.756160736083984,23.915299952215893,23.658907587629912,23.888777592684654,1856700
2023-09-05,23.101913452148438,23.69427029380941,23.06654974549728,23.63238254243382,3023300
2023-09-06,23.084232330322266,23.305260976345835,22.880884694381376,23.022344579246024,2592600
2023-09-07,22.925090789794922,23.057707636411568,22.615650356812946,22.89856674594571,3389600
2023-09-08,22.925090789794922,23.057707636411568,22.792473943178273,22.951613147329432,2371700
2023-09-11,22.951614379882812,23.287578874756047,22.82783887456888,23.154962021017575,3088100
2023-09-12,23.084232330322266,23.402512433902178,22.82783829150385,22.872045032497407,2698700
2023-09-13,22.907411575317383,23.208010706034067,22.518400637981387,23.208010706034067,2623200
2023-09-14,23.181482315063477,23.234530400885383,22.969295030719753,23.128435915556203,2558200
2023-09-15,23.208009719848633,23.402514337094008,22.986981055850077,23.10191521915078,3211500
2023-09-18,23.101913452148438,23.216849292972892,22.986979297638733,23.154961541597302,2201800
2023-09-19,23.190324783325195,23.349465675851803,23.04002523886281,23.154961077383014,2189600
2023-09-20,22.907411575317383,23.499768487457327,22.898570226023956,23.393673982251165,1499500
2023-09-21,22.262006759643555,22.704064076757003,22.262006759643555,22.695222728056955,2050800
2023-09-22,22.120546340942383,22.34157497739549,22.067498254047074,22.28852689050018,2493000
2023-09-25,22.04097557067871,22.155909717954696,21.864151989607578,22.005610179938625,2293500
2023-09-26,21.537033081054688,22.058660851405115,21.52819173233343,21.872995900888345,2472000
2023-09-27,21.457462310791016,21.68733231519163,21.342526465433302,21.625442875060266,2031700
2023-09-28,21.896102905273438,22.003525261075637,21.49327291271114,21.511176923248243,2037900
2023-09-29,22.003520965576172,22.388448579876705,21.922954641307683,22.128845600029333,2008600
2023-10-02,21.672306060791016,22.003523398001022,21.564885421504723,21.860294740672447,3551600
2023-10-03,20.902450561523438,21.529075453732077,20.857690543024173,21.48431714265293,3169700
2023-10-04,21.24262046813965,21.278428486821362,20.830838497821773,20.983019162378444,2503100
2023-10-05,21.394798278808594,21.412702285761206,20.893498036076014,21.10834099724712,3845800
2023-10-06,21.475364685058594,21.57383501625563,20.91140212324849,21.063582768089322,4229600
2023-10-09,21.385845184326172,21.60068813453699,21.26947255991114,21.26947255991114,2646300
2023-10-10,21.564884185791016,21.708112834912285,21.493269861230377,21.493269861230377,3584300
2023-10-11,21.215763092041016,21.681255315613498,20.991968129919993,21.538026676449647,3024400
2023-10-12,20.48171615600586,21.287379463224543,20.436957842236033,21.27842745898653,4256700
2023-10-13,20.275821685791016,20.651797261878343,20.043074737982675,20.499616630904427,3107700
2023-10-16,20.54437828063965,20.839787563420476,20.293727307478314,20.526474273823826,2685200
2023-10-17,20.884546279907227,21.018822918801714,20.329534009744545,20.38324603123842,2429700
2023-10-18,20.49066734313965,20.71446231790498,20.383246711407576,20.58018567452981,3537800
2023-10-19,20.257917404174805,20.660748982854116,20.213159098730394,20.481712346236666,2967200
2023-10-20,20.195255279541016,20.392195923117608,20.123640965718597,20.275821596018726,2889100
2023-10-23,19.908802032470703,20.25792166921541,19.872995722060605,20.025176382999117,2453100
2023-10-24,20.195255279541016,20.383243920462313,20.08783466251735,20.08783466251735,2710000
2023-10-25,19.926706314086914,20.132597297168363,19.729767335585567,20.025176657047734,2991100
2023-10-26,20.36534309387207,20.57123406482048,19.828234802659537,19.828234802659537,4498700
2023-10-27,20.096790313720703,20.392199625296872,20.034126283757075,20.374295616735836,3558800
2023-10-30,20.15049934387207,20.392198321734867,19.97146268454701,20.302679992072335,3607200
2023-10-31,20.40114974975586,21.179955268776965,19.58653450949206,20.723413337059043,11461300
2023-11-01,20.18630599975586,20.544379324587307,19.792428074313513,20.463812997242247,5479800
2023-11-02,21.063583374023438,21.135197696748655,20.607041426367633,20.607041426367633,3789900
2023-11-03,21.708110809326172,21.806581136691335,21.38584552516383,21.520123865178153,3570500
2023-11-06,21.332136154174805,21.717063770025167,21.197859515660053,21.645449448989293,2399600
2023-11-07,21.081483840942383,21.323182799404954,20.991967225885123,21.251568482907153,1771600
2023-11-08,21.117292404174805,21.18890672254212,20.95615976099334,21.081484391281133,2778000
2023-11-09,20.589136123657227,21.394797630490242,20.55332811083708,21.25156899404971,2792000
2023-11-10,20.51752281188965,20.589137133622838,19.989366548824844,20.32058385397841,3776000
2023-11-13,20.141544342041016,20.365339279174805,19.98041171411751,20.28477296521305,2865600
2023-11-14,21.430606842041016,21.484317156855518,20.76817393459505,20.76817393459505,3509800
2023-11-15,21.98561668395996,22.09303901744973,21.430606131953013,21.439558135362166,7066300
2023-11-16,21.976665496826172,22.146750153077367,21.85134085928325,21.931907185538023,5005700
2023-11-17,21.726015090942383,22.39739996984107,21.708111084390943,22.22731532244246,5150400
2023-11-20,21.66335105895996,21.779723677483588,21.439556117059215,21.645447053827123,2661100
2023-11-21,21.197858810424805,21.573834410209773,21.179954803906462,21.573834410209773,1769300
2023-11-22,21.376893997192383,21.448508316662608,21.215763058949424,21.38584600055367,2081500
2023-11-24,21.32318687438965,21.466415534757076,21.26947655360694,21.41270521397437,1518500
2023-11-27,21.224712371826172,21.260520383612793,20.848738492586513,21.16205005861956,3382100
2023-11-28,21.457462310791016,21.4843183233665,21.06358437087185,21.224715324064118,3435300
2023-11-29,22.012474060058594,22.119894692793732,21.564884106348448,21.663354442539134,4454400
2023-11-30,22.20046043395996,22.40635310486109,22.003521474206845,22.128846111556996,3461800
2023-12-01,22.943456649780273,22.95240865233006,22.06618088893974,22.084084894039318,3176900
2023-12-04,22.97926902770996,23.17620799897833,22.719666026682347,22.746522039436307,2415100
2023-12-05,22.648052215576172,22.827088889837118,22.54958358141089,22.782330574982012,2448200
2023-12-06,22.800230026245117,23.185157632592674,22.773375723657182,22.773375723657182,2277000
2023-12-07,22.988218307495117,23.05983262559803,22.67490502551237,22.809181658527827,1951900
2023-12-08,22.88974952697754,23.09564049201242,22.79127919264775,22.92555754215933,2294400
2023-12-11,22.818134307861328,22.997170961898416,22.692809674487407,22.773375998062093,2290400
2023-12-12,23.758073806762695,23.793880112554913,22.836037955587443,22.880796264682726,4097300
2023-12-13,24.73381805419922,24.94866271681974,23.677507284651824,23.937108548569903,5930600
2023-12-14,26.291433334350586,26.533130599783608,25.20826481198299,25.351493453506293,6193200
2023-12-15,26.309335708618164,26.62264900312183,26.040782431855074,26.148203059592273,7366800
2023-12-18,26.157155990600586,26.416758980440456,26.040783355189024,26.336192653070853,3809700
2023-12-19,26.60474395751953,26.703214285284957,26.192962054900534,26.219818064496568,2839300
2023-12-20,26.157155990600586,26.810638613422945,26.14820398673506,26.452565288482415,2865500
2023-12-21,26.45256233215332,26.4973223464786,26.0944907546509,26.398852022382947,2710000
2023-12-22,26.586841583251953,26.846442845598336,26.47941925259206,26.54208156738532,1877600
2023-12-26,26.927011489868164,26.935963493813826,26.497325544997437,26.622650185396356,1791900
2023-12-27,27.016530990600586,27.141855636420868,26.774831995872688,27.007578986267674,1454500
2023-12-28,26.909107208251953,27.043383851230644,26.837492884835306,26.882252904108306,1407000
2023-12-29,26.667409896850586,26.94491518627746,26.568939562006793,26.783782531958582,2031900
2024-01-02,26.49553871154785,26.604088941855686,26.23320582511678,26.423169590842893,3657700
2024-01-03,25.57284927368164,26.233201872237736,25.563803134956615,26.233201872237736,3577900
2024-01-04,25.75377082824707,26.0432421357917,25.509531946650533,25.563807061963676,2725500
2024-01-05,26.124650955200195,26.314616425110252,25.509529026198795,25.572850274377277,3083000
2024-01-08,26.531719207763672,26.531719207763672,25.952780096155692,26.215111234087566,2775300
2024-01-09,26.341753005981445,26.604084119486465,26.26938562376891,26.32366072908469,3211200
2024-01-10,26.305572509765625,26.595042083265835,26.206066696859395,26.41412446251558,3491500
2024-01-11,26.05228614807129,26.278434471319738,25.735679875823287,26.061332288046202,5964800
2024-01-12,25.690446853637695,26.350799483740044,25.554758217029278,26.178928015877542,3449600
2024-01-16,25.183874130249023,25.428114701591042,24.975818114087108,25.428114701591042,3981200
2024-01-17,24.758716583251953,25.084368961209186,24.59588953158604,24.74062430520583,2914400
2024-01-18,24.840129852294922,24.93058952249905,24.387833226648986,24.93058952249905,2407500
2024-01-19,25.265291213989258,25.274337354058915,24.66825977239041,24.966775493189836,3397400
2024-01-22,25.627124786376953,25.735676727421293,25.328609105223233,25.410022629662844,3644400
2024-01-23,24.650165557861328,25.71758584706903,24.604936586437137,25.70853970770926,5172300
2024-01-24,24.315465927124023,24.94868189556268,24.306421512906784,24.94868189556268,4063200
2024-01-25,24.85822105407715,24.87631333240881,24.3245109209155,24.541613084771566,4183100
2024-01-26,24.95772933959961,24.99391217448383,24.731581014105142,24.894408084521128,5037000
2024-01-29,24.88536262512207,25.446209521478778,24.243100465955695,25.43716510654144,9094300
2024-01-30,24.541614532470703,24.75871843450826,24.360696914605708,24.659212623188942,4879700
2024-01-31,24.08931541442871,24.722531325063525,24.06217872350478,24.342602123757548,5663400
2024-02-01,24.4692440032959,24.4692440032959,23.736524035321608,24.19786674860157,3641700
2024-02-02,24.34260368347168,24.523523019637906,23.96267445782233,24.09836309725967,2737800
2024-02-05,23.81793975830078,24.07122648470146,23.70034339716366,24.035041927197934,3257800
2024-02-06,24.08931541442871,24.08931541442871,23.74557076818737,23.74557076818737,2423400
2024-02-07,24.170732498168945,24.342605709292894,23.71843584548736,24.134549663149315,2646100
2024-02-08,24.27023696899414,24.360696639592785,23.953628984586242,24.215961856784837,2301400
2024-02-09,24.51447868347168,24.54161537813041,24.04408975513943,24.306422639339075,2687800
2024-02-12,25.428115844726562,25.789952785921386,24.51447648985049,24.523522629052188,4671400
2024-02-13,23.799848556518555,24.722534110114992,23.58274637779729,24.695395690759305,5787200
2024-02-14,24.215961456298828,24.324511678922217,23.926491895470214,24.116455647748488,3265500
2024-02-15,24.758716583251953,24.822037831038788,24.351648954087164,24.414970201874,2825700
2024-02-16,24.668256759643555,24.785853115437373,24.351648797372313,24.48733743109582,2635700
2024-02-20,24.51447868347168,24.713488587593112,24.26119193928321,24.35165161402015,2395500
2024-02-21,24.47829246520996,24.505430883405058,24.234053602952766,24.369742243178912,1626300
2024-02-22,24.532567977905273,24.731577857807405,24.45115445308745,24.623025916258783,1793400
2024-02-23,24.433063507080078,24.713486927085533,24.41497122827336,24.559706007977766,2319000
2024-02-26,24.179779052734375,24.532571621128113,24.01695197891801,24.279284870149894,2539600
2024-02-27,24.505430221557617,24.550659191953223,24.206914530972597,24.243097362214158,2285800
2024-02-28,24.433063507080078,24.66825795544341,24.27928258797231,24.29737486677903,2518400
2024-02-29,24.831087112426758,24.975821904362686,24.559708083515783,24.65921389998729,3868900
2024-03-01,24.803945541381836,24.93058803689622,24.55970496399729,24.794899402363008,2760900
2024-03-04,25.084369659423828,25.437162189644702,24.876313632226037,24.894405910775752,2006100
2024-03-05,25.012004852294922,25.274337742219405,24.85822391949863,24.97582201683541,2399800
2024-03-06,25.192922592163086,25.428117046398103,24.93963585866967,25.328611235851636,2021300
2024-03-07,25.301471710205078,25.663310378046297,25.247196600178754,25.437162073332857,2689500
2024-03-08,25.373836517333984,25.70853673342456,25.364792104395246,25.43715948552639,2438400
2024-03-11,25.690446853637695,25.70853913195205,25.111507750575317,25.310517635909353,2658700
2024-03-12,25.192922592163086,25.880413675609738,24.966774277557267,25.6994943337752,3634400
2024-03-13,25.165781021118164,25.47334282848819,25.10245977701984,25.201965575102637,3639000
2024-03-14,24.460203170776367,25.111509712609998,24.315466658327466,25.075325153154083,3773500
2024-03-15,24.33355712890625,24.623026681533073,24.071225993853677,24.197868491784256,10803400
2024-03-18,24.297374725341797,24.405924946800884,24.01694958159405,24.33355755736994,2888600
2024-03-19,24.47829246520996,24.604936691412412,24.234053602952766,24.24309801697646,2998700
2024-03-20,24.740625381469727,24.9396352725106,24.28832876288847,24.32451159518014,3863600
2024-03-21,25.192922592163086,25.39193248788131,24.794901075351927,25.012003250328547,3043100
2024-03-22,24.758716583251953,25.301471121638876,24.72253202715971,25.229103734828982,2300200
2024-03-25,24.70444107055664,25.030095191307744,24.65921209839663,24.81299301926524,2476100
2024-03-26,24.451156616210938,24.939636082957662,24.442110476500385,24.876314830358524,2813200
2024-03-27,25.283884048461914,25.302186229800046,24.634172319486865,24.634172319486865,5497600
2024-03-28,25.723129272460938,25.759731892020195,25.293036711242394,25.3387921674317,3102100
2024-04-01,25.274736404418945,25.677373948606817,25.247283130563872,25.677373948606817,2405700
2024-04-02,24.963607788085938,25.100870674856512,24.798891625804327,25.073417399345477,1717800
2024-04-03,25.16492462158203,25.256433787466218,24.844643413683464,24.844643413683464,1952600
2024-04-04,24.890398025512695,25.695674818131092,24.81719104436557,25.51265649256722,2553500
2024-04-05,24.753131866455078,24.9636034513582,24.469455050357826,24.762282956702343,2031700
2024-04-08,24.945302963256836,25.164923907915224,24.835491618231586,24.97275623586118,2527500
2024-04-09,25.201528549194336,25.21067789477119,24.743984473097637,25.10086829392758,3063200
2024-04-10,24.066818237304688,24.762285457814517,23.929555360515472,24.57011777938805,3512500
2024-04-11,24.04851722717285,24.222382719112204,23.883801080794825,24.14002464592319,3676600
2024-04-12,23.252389907836914,23.938706024940466,23.115127033494634,23.828896423623497,4734000
2024-04-15,22.82229995727539,23.645878979556574,22.685037077793897,23.417106931956678,5014100
2024-04-16,22.611825942993164,22.803995350150398,22.32814912283841,22.675883575640256,5064200
2024-04-17,22.70333480834961,23.0236159858831,22.66673219270144,22.803995055818078,2886700
2024-04-18,22.895505905151367,23.032768778412613,22.657582776982213,22.82229892305256,4018900
2024-04-19,23.014467239379883,23.170032298859105,22.877204362284612,22.950411346428236,3621200
2024-04-22,23.407955169677734,23.508615426262033,23.060222435265313,23.215787492990067,4328600
2024-04-23,23.17918586730957,23.426260119722247,23.142583244021967,23.35305312775468,4895400
2024-04-24,23.197484970092773,23.30729457076082,22.858901586350004,22.987015114318904,7187000
2024-04-25,22.959564208984375,23.09682709666968,22.593529260026123,22.91381049488671,6577400
2024-04-26,22.868053436279297,23.151730283710947,22.77654426909071,23.005316314366084,7536000
2024-04-29,21.39476203918457,22.97786600282479,21.275801337314128,22.657584773399666,10158100
2024-04-30,20.90061378479004,21.248346518794737,20.891462693712,21.037876660176313,8588800
2024-05-01,20.836557388305664,21.266648186210592,20.799953024879485,20.918915460622454,4111400
2024-05-02,21.019573211669922,21.129384552598513,20.873159254026504,21.047026483250082,4712800
2024-05-03,21.39476203918457,21.852306153965518,21.275801337314128,21.385612692834158,5865200
2024-05-06,21.431364059448242,21.67843827326979,21.33985489743373,21.58692911125528,5717900
2024-05-07,21.32155418395996,21.51372361196067,21.312404837981454,21.46796815510707,3240000
2024-05-08,21.486270904541016,21.49542199615309,21.07448225435108,21.138538150243363,5095800
2024-05-09,22.090229034423828,22.154284930451308,21.44051723712537,21.477119858258675,4444900
2024-05-10,21.724191665649414,22.12683092542248,21.632682504965707,22.09022656299217,3856700
2024-05-13,21.916362762451172,22.062776732643893,21.8157025034216,21.83400468604374,3239600
2024-05-14,22.346450805664062,22.40135560131757,22.071925082004537,22.071925082004537,2928700
2024-05-15,22.42881202697754,22.749093246563355,22.337302857754132,22.675886260263074,2723000
2024-05-16,22.108531951904297,22.465415810419273,22.099380859969,22.33730401410976,3156000
2024-05-17,22.218339920043945,22.227491010583126,22.01701941896607,22.108528578965824,2401500
2024-05-20,21.907211303710938,22.227492512657808,21.843155410999998,22.15428378339711,3197700
2024-05-21,21.843154907226562,21.998719962533375,21.806550543440427,21.907210798460167,2608000
2024-05-22,21.742496490478516,21.97126854730755,21.64183622694821,21.71504321531781,2978900
2024-05-23,21.16598892211914,21.73334436401548,21.047028226204464,21.73334436401548,3725600
2024-05-24,21.34900665283203,21.376459925908716,21.184290505156234,21.32155337975535,2491000
2024-05-28,21.111082077026367,21.477116966028397,21.05617728002407,21.394758897828936,2668800
2024-05-29,20.809104919433594,20.864009721301304,20.708444661515973,20.818256010643577,3415500
2024-05-30,21.101932525634766,21.11108361670123,20.864009394083215,20.92806703154845,3324000
2024-05-31,21.59608268737793,21.623534217367073,21.138538570041074,21.14768966183489,5772600
2024-06-03,21.413061141967773,21.83400257460929,21.239193914655495,21.760795596592335,2636700
2024-06-04,21.458818435668945,21.660137206144505,21.257497919801207,21.257497919801207,3780800
2024-06-05,21.339855194091797,21.53202461153294,21.07448054049189,21.504571338929313,2849300
2024-06-06,21.24834632873535,21.495420549455936,21.16598825516182,21.31240396570865,3394200
2024-06-07,20.946369171142578,21.11108533294533,20.864011090241203,20.93721807933217,1710500
2024-06-10,20.909765243530273,21.010423756374294,20.78165171157723,20.827407167771955,2361400
2024-06-11,20.552879333496094,20.781651374583408,20.507125623435495,20.726746573432255,2922100
2024-06-12,20.662691116333008,21.513723406362733,20.543730420434922,21.14768848199301,5667900
2024-06-13,20.095338821411133,20.562034077588272,20.077038381370976,20.54373363754812,4201300
2024-06-14,19.976375579833984,19.985526671392666,19.738452435484994,19.903168592756774,3330800
2024-06-17,20.27835464477539,20.360712723513117,19.829961630199026,19.930621892076747,3162800
2024-06-18,20.497974395751953,20.525427668840667,20.223448646433404,20.278353447218684,3730300
2024-06-20,20.68099594116211,20.77250512029406,20.534581952707956,20.626091131839907,2784500
2024-06-21,20.891462326049805,20.973820398910604,20.507125234496776,20.68099247113537,6392900
2024-06-24,21.202592849731445,21.330704634287017,20.864009460758943,20.98297189961097,2651000
2024-06-25,20.909765243530273,21.147688379566283,20.79995389405512,21.111084014610505,2056600
2024-06-26,20.772502899169922,20.882312506072807,20.7084452588523,20.763351807695976,1782300
2024-06-27,20.61693572998047,20.818254485676643,20.589482458361516,20.763349687830786,2804400
2024-06-28,20.73755645751953,20.904570615337995,20.542706016817093,20.73755645751953,5196900
2024-07-01,20.533430099487305,20.895294748122083,20.48703805799864,20.76539384641652,3763300
2024-07-02,20.626216888427734,20.67261070176515,20.47776022523405,20.60765936309277,4133700
2024-07-03,20.821063995361328,21.02519143178172,20.616934789198197,20.756114436943147,1828100
2024-07-05,20.49631690979004,20.793230223997732,20.329302728112474,20.793230223997732,4466800
2024-07-08,20.542707443237305,20.69116408944147,20.449923366666813,20.570543728054144,3207100
2024-07-09,20.468481063842773,20.58910320642732,20.301466878567542,20.44064654612556,5784400
2024-07-10,20.830345153808594,20.867458433000458,20.468480505666,20.53343007155897,3162600
2024-07-11,21.414892196655273,21.60974265661669,20.941685959312256,21.387055911019964,3760900
2024-07-12,21.526233673095703,21.674690310586623,21.340661991360697,21.61901774422049,3330600
2024-07-15,21.554067611694336,21.67468973252794,21.479839294928528,21.637574689273702,2585000
2024-07-16,22.240684509277344,22.277799560082965,21.54479323435917,21.5911870478662,2641900
2024-07-17,22.10150718688965,22.546877189759343,22.045836378966705,22.14790100161133,3149300
2024-07-18,21.89737892150879,22.611827714764964,21.869542633679828,21.93449220220439,2748700
2024-07-19,21.795312881469727,21.971605820072636,21.6839712768995,21.8324279294884,2989700
2024-07-22,21.841707229614258,21.906656795504226,21.452008064531515,21.841707229614258,5083300
2024-07-23,21.535512924194336,22.01799793153965,21.52623593190257,21.730363387436558,3088600
2024-07-24,21.229320526123047,21.702526764080176,21.192207248304012,21.609742684661146,3350600
2024-07-25,21.934490203857422,22.222126509322454,21.16437067484826,21.266435284512813,4379100
2024-07-26,21.414892196655273,22.361304671341305,21.312827585735345,22.268518822299814,6473100
2024-07-29,20.950963973999023,21.41489143291817,20.71900024453945,21.3313843487333,4257000
2024-07-30,21.164371490478516,21.266436104076423,20.867458181549612,21.071585639002503,4568300
2024-07-31,21.220043182373047,21.479841432030245,20.94168563949954,21.192206897162844,8542700
2024-08-01,20.635494232177734,21.479842109687226,20.616936708118804,21.322106694672108,4566300
2024-08-02,20.301464080810547,20.440643729188135,19.91176495878734,20.338579125642635,4108200
2024-08-05,19.91176414489746,20.02310750509984,19.41072344834343,19.689079194235372,6351700
2024-08-06,20.217960357666016,20.505594898739144,19.818982443092676,19.902489530782116,3857000
2024-08-07,19.893211364746094,20.65405216893605,19.865375078101486,20.55198755431542,4072300
2024-08-08,20.35713768005371,20.431366003738113,20.041666861959303,20.041666861959303,2294100
2024-08-09,20.561264038085938,20.58910032164594,20.17156491695961,20.35713660120748,2979500
2024-08-12,19.958160400390625,20.626215334430345,19.91176659054856,20.598380818267998,2425300
2024-08-13,20.292190551757812,20.375695877392857,20.088061309836686,20.292190551757812,2680800
2024-08-14,20.431365966796875,20.48703676702381,20.24579427304998,20.41280844347362,2210900
2024-08-15,20.811786651611328,20.932407015496867,20.681887525928,20.70044327978072,2391900
2024-08-16,21.11798095703125,21.11798095703125,20.765395050203107,20.774673812987327,3197700
2024-08-19,21.09014320373535,21.1922078175292,20.960244073265304,21.145815776573592,2336700
2024-08-20,20.988079071044922,21.15509147007654,20.9324065016249,21.01591358601212,3516900
2024-08-21,18.35297203063965,21.015914816097133,18.19523661420279,21.015914816097133,24063000
2024-08-22,19.18804168701172,19.21587620438181,18.547821241355134,18.566378766097174,8884800
2024-08-23,19.429283142089844,19.73547520469867,19.197319404666707,19.25299020612026,6321300
2024-08-26,19.24371337890625,19.614855042147138,19.039585906559523,19.5127921908453,5758000
2024-08-27,18.872568130493164,19.225152201156774,18.863289369456922,19.197317687790765,5908900
2024-08-28,18.195236206054688,18.87256989743103,18.13028664246283,18.86329113552607,8386500
2024-08-29,18.52926254272461,18.53854130450779,18.093171357372295,18.204514729027593,5736400
2024-08-30,18.77978515625,18.844734723674293,18.445756786933092,18.70555682637324,5400600
2024-09-03,18.72411346435547,19.067418810120195,18.64988513799475,18.64988513799475,6186200
2024-09-04,18.408641815185547,18.733391392206798,18.25090640747481,18.649884307551538,5755500
2024-09-05,18.083892822265625,18.584935346380625,17.90759988566114,18.46431321143018,4535400
2024-09-06,17.749862670898438,18.130284791185602,17.675634352981046,18.065333464483025,4615900
2024-09-09,18.139562606811523,18.325134294910256,17.8612068444062,17.8612068444062,4709300
2024-09-10,18.093172073364258,18.158121638673876,17.70347291176362,18.158121638673876,3463200
2024-09-11,18.03750228881836,18.046781051492715,17.582853536233188,17.944716431817852,3145900
2024-09-12,18.250905990600586,18.39008387193274,17.731307741080567,18.26946351337628,3828500
2024-09-13,18.464313507080078,18.603491398315132,18.362250664037255,18.390085180438522,4376800
2024-09-16,18.659162521362305,18.789061640460147,18.40864127475124,18.55709791650385,2834900
2024-09-17,18.881847381591797,19.011746499985172,18.751946493455662,18.789061538563917,3609100
2024-09-18,18.918960571289062,19.317938455682373,18.807618975953986,18.83545348991638,3622200
2024-09-19,19.364336013793945,19.40144929618227,19.048865149649266,19.21587757501137,4449800
2024-09-20,19.30866050720215,19.345775553704616,18.99318969090248,19.271547230442504,13472600
2024-09-23,19.26226806640625,19.549902591820057,19.197318506126628,19.336496388117645,5613700
2024-09-24,19.52206802368164,19.57773882237668,19.290104297752396,19.447837932431213,2891000
2024-09-25,19.123090744018555,19.568460687319888,19.10453322061196,19.522068648546227,4132500
2024-09-26,19.160205841064453,19.53134749573596,18.974635898600205,19.364335078441037,6605900
2024-09-27,19.290103912353516,19.549902147568353,19.188039308666117,19.373609223856324,2791500
2024-09-30,18.97927474975586,19.31835914793415,18.894503650211288,19.205330416364472,3089900
2024-10-01,18.56484031677246,18.988695856825636,18.555422901687653,18.941601595277913,4181200
2024-10-02,18.715545654296875,18.86624944505914,18.546003440556603,18.564840067003715,3195600
2024-10-03,18.432973861694336,18.611935278792277,18.282270077779483,18.546002597895882,3929500
2024-10-04,18.743803024291992,18.772060661068693,18.376462728850104,18.649612698234034,3169100
2024-10-07,18.442394256591797,18.72496342043785,18.22575777787443,18.677869158640483,4423200
2024-10-08,18.225757598876953,18.498907548374707,18.159824914395806,18.44239407546671,2633900
2024-10-09,18.470651626586914,18.53658431076965,18.206919093325073,18.272851777507807,4711600
2024-10-10,19.0263729095459,19.092305595039825,18.367042461544735,18.367042461544735,6491500
2024-10-11,18.941600799560547,19.41255058137732,18.922762377120474,19.120560423148714,4449200
2024-10-14,18.951021194458008,18.96985782154377,18.649611806183383,18.828573237480295,2797100
2024-10-15,19.07346534729004,19.41254975057615,19.035788504022353,19.054626925656194,3389700
2024-10-16,19.346616744995117,19.440805258513763,19.18649375687039,19.290101481047046,2400900
2024-10-17,19.469064712524414,19.497322347142976,19.233589813629116,19.431387866366332,2600700
2024-10-18,19.761051177978516,19.996526054159947,19.431385992018363,19.478482045173088,5399500
2024-10-21,19.346616744995117,19.751632024105206,19.30893990236307,19.666860924713834,4943600
2024-10-22,19.195913314819336,19.346618905647766,19.082886367361688,19.252428585079098,2708800
2024-10-23,18.92276382446289,19.186496369203457,18.70612733942474,19.11114447021058,2425400
2024-10-24,19.054630279541016,19.158239820233135,18.903926473005797,19.06404949201585,2055300
2024-10-25,19.186494827270508,19.450225554285232,19.035789244865303,19.21475066429018,2344400
2024-10-28,19.572673797607422,19.732796797074315,19.33719890406969,19.346618115394904,3709400
2024-10-29,19.619768142700195,19.7422142973967,19.421970093606404,19.46906435390563,3858200
2024-10-30,19.676280975341797,20.062459646152362,19.591509872331596,19.591509872331596,3467500
2024-10-31,19.563255310058594,19.71395910377582,19.29010356111429,19.657445630264593,9834100
2024-11-01,19.629186630249023,19.8269846720491,19.47848284701159,19.534996316592927,6586000
2024-11-04,18.98869514465332,20.326192602898168,18.112728259083905,19.365454612497466,12310000
2024-11-05,19.732797622680664,19.84582457025046,18.903924956691114,19.092305598015358,5602900
2024-11-06,20.279096603393555,20.721788715565957,20.128392829184623,20.48631384379816,5473500
2024-11-07,20.05304527282715,20.392127939761735,20.024787635361314,20.213166495540285,2656800
2024-11-08,19.817567825317383,20.05304271793837,19.695119875097188,20.0153658727842,2606400
2024-11-11,20.316774368286133,20.42980311233822,19.921176458900227,20.081299464997638,2353000
2024-11-12,20.222583770751953,20.38270677465676,20.015366505446693,20.20374714411032,3379500
2024-11-13,20.26968002319336,20.523993348870402,20.12839544110531,20.250841599840037,3072800
2024-11-14,20.32619285583496,20.618181222481287,20.260260172708136,20.345031278594305,2577300
2024-11-15,20.41096305847168,20.52399179349499,20.156649752067334,20.420382269434523,3345100
2024-11-18,20.533409118652344,20.65585706410612,20.222582344353146,20.307353446119365,4017700
2024-11-19,20.232004165649414,20.495736715897262,20.053044524636142,20.269681014198117,3496300
2024-11-20,20.382707595825195,20.420384443688196,20.0530441596789,20.24142300940093,4115600
2024-11-21,20.458059310913086,20.57108805695392,20.30735551387929,20.52399379407997,2499900
2024-11-22,20.684114456176758,20.74062972595911,20.410964505019088,20.410964505019088,2585200
2024-11-25,21.39995765686035,21.475309550856906,20.768884870940152,20.910171244148195,7134000
2024-11-26,20.91958999633789,21.18332254045187,20.693534299896328,21.14564748931043,3406200
2024-11-27,21.362281799316406,21.40937605758211,21.117387703966987,21.2586722752949,3085100
2024-11-29,21.43763542175293,21.588339216210905,21.239835568695,21.54124495414189,1683500
2024-12-02,21.277511596679688,21.5506615399231,21.220998125065684,21.437634596695094,4832500
2024-12-03,21.09855079650879,21.42821601762458,20.891333530122452,21.334025697801366,2923800
2024-12-04,21.352863311767578,21.918003412756317,21.00435968058975,21.136226841956667,8167400
2024-12-05,21.09855079650879,21.41879680598917,21.089131584873375,21.34344490943678,4582300
2024-12-06,20.646438598632812,21.334024851979244,20.589925127591822,21.2586729584143,2988100
2024-12-09,21.004362106323242,21.192742760585315,20.61818338196395,20.740631346193616,4161200
2024-12-10,21.051454544067383,21.192739112175737,20.637018253956224,21.042035333322726,3091900
2024-12-11,21.08913230895996,21.494149440534237,21.004361197861577,21.258674531156725,7179300
2024-12-12,20.815980911254883,21.343444168818607,20.806561699946318,21.164482747017555,3403100
2024-12-13,20.693532943725586,20.966684681856407,20.53340994467359,20.910171210582426,2497000
2024-12-16,20.627601623535156,20.750049582002067,20.458059401984656,20.665278471226813,2820700
2024-12-17,20.10013771057129,20.495735616456727,20.015366602415057,20.439222143196215,2836000
2024-12-18,18.969860076904297,20.260263503572556,18.951023447579015,20.137815532036786,4782800
2024-12-19,18.809734344482422,19.47848399394018,18.80031513290911,19.129980351851334,4590600
2024-12-20,19.299522399902344,19.70453951139116,18.78147834357486,18.819153393010783,9415800
2024-12-23,19.271263122558594,19.421968697047372,19.09230350906514,19.233588076334456,3446200
2024-12-24,19.666860580444336,19.70453742241685,19.23358767694468,19.34661640633151,1350900
2024-12-26,19.742216110229492,19.845825648238797,19.487904566118253,19.497323778349195,2262400
2024-12-27,19.459646224975586,19.798730666890247,19.42197117394672,19.629188445932915,2362500
2024-12-30,19.239601135253906,19.440511055760954,19.11522676321104,19.249168535010657,3626600
2024-12-31,19.41180992126465,19.622287233287732,19.21089818382888,19.392675122500318,4187500
2025-01-02,19.268301010131836,19.65098969129973,19.16306326512605,19.51704792297302,2949600
2025-01-03,19.526615142822266,19.54574994166358,19.09609129286696,19.25873343342842,2949900
2025-01-06,19.134361267089844,20.00497455875884,19.038689095795416,19.4979133282548,5230500
2025-01-07,18.8856143951416,19.344838628658717,18.7612418495288,19.268301256405863,2914900
2025-01-08,18.943017959594727,18.952585359726445,18.56033107830094,18.598600678827815,3175300
2025-01-10,18.292449951171875,18.80907675018971,18.215912580028682,18.627299809426553,5529500
2025-01-13,18.168075561523438,18.55076241679614,18.015000819414354,18.17764296100461,6380600
2025-01-14,18.56989860534668,18.62730118173431,18.177644321240358,18.225479497430882,4294300
2025-01-15,18.78037452697754,19.115226209586055,18.579464612289346,19.038688838543667,3828100
2025-01-16,18.560331344604492,18.76124310066328,18.44552619096663,18.66557092276838,2681300
2025-01-17,18.713403701782227,18.971718001565062,18.617731536144717,18.713403701782227,3811500
2025-01-21,18.96215057373047,19.09609051054274,18.79950843983209,18.837778035946897,3628700
2025-01-22,19.00998878479004,19.12479393088807,18.732539669595823,18.789942242644837,3274200
2025-01-23,19.124794006347656,19.16306360506126,18.84734671485363,19.019554434680142,2945600
2025-01-24,19.2204647064209,19.43094200884253,19.096090344921254,19.096090344921254,2324200
2025-01-27,19.43094253540039,19.45007733381037,19.12479306001996,19.14392785842994,4352400
2025-01-28,19.40224266052246,19.80406431347039,19.10565875194063,19.459645232430777,3729400
2025-01-29,19.18219566345215,19.49791253858066,19.163062689804068,19.33527040140568,2749800
2025-01-30,19.277868270874023,19.61271995208816,19.096091331107232,19.49791298360522,3690100
2025-01-31,21.27741050720215,21.612262210028145,18.732540485396527,19.899735920463886,22382300
2025-02-03,19.823198318481445,21.15303771454552,19.75622834363983,21.047798139911574,10596200
2025-02-04,19.9093017578125,20.110213493656246,19.392674968833266,19.574450081269475,5523700
2025-02-05,19.756227493286133,19.928437035349397,19.526615378800074,19.8710344629266,3839700
2025-02-06,19.698823928833008,20.110212964201107,19.698823928833008,20.043242995614634,2755800
2025-02-07,19.545751571655273,19.976273632718534,19.469214194702136,19.77536370251468,3544000
2025-02-10,19.392677307128906,19.679692021747314,19.335272904369184,19.61272204332269,2941700
2025-02-11,19.316137313842773,19.392674682368167,19.105658181801832,19.268300318017648,3348500
2025-02-12,19.153493881225586,19.19176165050073,18.76123966598325,19.038686923810783,3446300
2025-02-13,19.36397361755371,19.4405109905561,19.038689326094826,19.268301445101997,2308900
2025-02-14,19.64142417907715,19.794498936334858,19.478782021391453,19.517049798308356,4091600
2025-02-18,20.033676147460938,20.473765567299555,19.603152302145045,19.660554873255553,4184700
2025-02-19,19.976272583007812,20.071944755370616,19.536183144851798,19.77536266336135,2661600
2025-02-20,19.832765579223633,20.08151250174294,19.69882563048052,20.02410992725231,3572000
2025-02-21,19.64142417907715,19.99540887093746,19.459647220535476,19.899736691452627,3688100
2025-02-24,19.47878074645996,19.727527666921436,19.29700379981601,19.65099029330213,3828900
2025-02-25,19.354406356811523,19.58401847746752,19.124794236155527,19.54575070308898,2886600
2025-02-26,19.067392349243164,19.497914406688004,18.990854972933302,19.430944430516252,3121600
2025-02-27,18.981287002563477,19.239601324147152,18.93345182810499,19.086526576126072,2407500
2025-02-28,19.3735408782959,19.440510851093194,19.009988815341334,19.009988815341334,4121100
2025-03-03,18.990856170654297,19.708394803111297,18.837781408380412,19.517050437871386,2951500
2025-03-04,18.713403701782227,19.06739016720257,18.235044698389466,18.933450230186928,5316200
2025-03-05,19.277868270874023,19.41181003823659,18.6942715034041,18.809076647092176,6395300
2025-03-06,19.191762924194336,19.469212025229925,18.91431564795355,19.163062551531898,3588400
2025-03-07,19.44051170349121,19.517049079300428,18.962152648484853,19.105660000027765,3823500
2025-03-10,19.163063049316406,19.517047703176893,18.847346168264828,19.05782348070093,4174900
2025-03-11,18.770809173583984,19.220466005659706,18.58903223091725,19.124793834530116,4246200
2025-03-12,18.37855339050293,18.90474942793701,18.254180843353733,18.79950985549121,4927500
2025-03-13,18.101106643676758,18.569898296775126,18.081971843600506,18.445525745869425,4000200
2025-03-14,18.67513656616211,18.732539137580858,18.196777546484565,18.44552445569227,3424300
2025-03-17,18.943017959594727,19.115227512375675,18.550763678169222,18.598600678827815,4329000
2025-03-18,19.00042152404785,19.048256697805904,18.82821197884701,19.00042152404785,2265700
2025-03-19,19.210899353027344,19.354406702904154,18.962152428336562,19.134361978106714,2872400
2025-03-20,19.14392852783203,19.354405843317092,19.029121558152532,19.08652595538972,2607100
2025-03-21,19.00998878479004,19.11522653124742,18.77080926815843,18.95258438694613,12327300
2025-03-24,19.201332092285156,19.268302067726914,18.952585165790797,19.124794716809582,3187600
2025-03-25,19.163063049316406,19.335270764148753,19.06739088010187,19.268300793137033,2098300
2025-03-26,19.00042152404785,19.31613841531776,18.895181952026245,19.134361470406326,2292000
2025-03-27,18.990856170654297,19.163065734411195,18.770811427984974,18.90475138877585,2496300
2025-03-28,18.445526123046875,18.971720362338747,18.407256522111826,18.86648078456237,3509100
2025-03-31,18.7276554107666,18.834671178332215,18.23149392786213,18.270409427192583,4407100
2025-04-01,18.786026000976562,18.912499512800057,18.542809707339295,18.66928321916279,4068100
2025-04-02,18.902772903442383,18.99033092809104,18.5428119292653,18.56226968043018,2574500
2025-04-03,17.462932586669922,18.23149519597322,17.44347483565129,18.17312379851059,10242300
2025-04-04,17.034870147705078,17.745061309745637,16.72355357561021,17.20025730857962,11448300
2025-04-07,16.4122371673584,17.31700026819391,15.916075679781608,16.314950273709254,10424400
2025-04-08,16.20793342590332,17.200256334981407,15.984174884324839,16.888939780508213,8021100
2025-04-09,18.075836181640625,18.260681097795214,15.80906023454229,15.80906023454229,10625700
2025-04-10,17.239171981811523,17.842349267961694,16.713825698926247,17.793706746514385,5617100
2025-04-11,17.41428565979004,17.54075916730302,16.791652563089208,17.034868848437096,5794800
2025-04-14,17.5699462890625,17.774248961048063,17.336458846502744,17.647775436582418,3745600
2025-04-15,17.48238754272461,17.910448764167423,17.443473898371536,17.725603850609115,3386400
2025-04-16,17.07378387451172,17.608860859047773,16.947312212330118,17.375373428840334,3504900
2025-04-17,17.132156372070312,17.385101540928474,17.03486948318747,17.12242749762272,4102900
2025-04-21,16.87921142578125,17.073783350519488,16.704095394601673,16.937582817643413,4107400
2025-04-22,17.560216903686523,17.60886127921951,17.141886407661964,17.141886407661964,3403900
2025-04-23,17.8909912109375,18.503897352678617,17.754790670814227,18.0952938767156,3836600
2025-04-24,18.241222381591797,18.357967021294947,17.822890051412397,17.929905816507528,2549500
2025-04-25,18.2120361328125,18.309323025303062,18.017464203424513,18.143935864747046,3536200
2025-04-28,18.221765518188477,18.416339308621488,18.07583610316031,18.163394123295845,3351600
2025-04-29,18.241222381591797,18.27040900541586,18.04664860061758,18.14393549110469,2965300
2025-04-30,18.250951766967773,18.319052035536664,17.676961138182637,17.92990631829076,5809500
2025-05-01,18.23149299621582,18.50389591082955,18.14393498278973,18.39688014873254,4898500
2025-05-02,19.515676498413086,19.58377676937752,18.289866054273617,18.66928476557909,8990800
2025-05-05,19.46703338623047,19.758892211662758,19.379475367482147,19.457304511303636,5284900
2025-05-06,19.52540397644043,19.681062257675777,19.253002912075114,19.253002912075114,5169700
2025-05-07,19.904821395874023,20.070208556545207,19.535133430864217,19.56432005530965,6426700
2025-05-08,20.274511337280273,20.644199304492822,20.031295032231895,20.089666425877425,6730800
2025-05-09,20.371797561645508,20.53718471787274,20.303697295362486,20.4301689533748,4693000
2025-05-12,21.1014461517334,21.4905918503643,20.974972639932695,21.208460059111236,5871700
2025-05-13,20.99443244934082,21.373849310796125,20.984703573971036,21.13063299333129,5353300
2025-05-14,21.412763595581055,21.480863863706766,20.92633098829096,21.315476703004407,8293500
2025-05-15,21.578149795532227,21.59760754429984,21.315475753948594,21.383576019042188,3624400
2025-05-16,21.772724151611328,21.811639653499082,21.548965582536525,21.558694458008464,5060300
2025-05-19,21.607336044311523,21.655980419565218,21.441950735228506,21.548964649600272,3458100
2025-05-20,21.568422317504883,21.597608942545868,21.45167767293411,21.529506817450233,2911800
2025-05-21,21.023616790771484,21.45167612696439,21.004159042146433,21.3641181137447,3630100
2025-05-22,21.023616790771484,21.15981731996077,20.829043015707043,20.91660102892674,5210200
2025-05-23,20.92633056640625,21.023617457021547,20.566369627807585,20.66365651842288,3288700
2025-05-27,21.607336044311523,21.63652266946374,21.04307428052094,21.18900555068884,4907000
2025-05-28,21.062530517578125,21.70462138005631,21.00415912706003,21.655978863890073,6813600
2025-05-29,21.208459854125977,21.286288993099916,21.052801576178094,21.22791760276772,4681800
2025-05-30,21.05280303955078,21.130632183934598,20.819315606399332,21.07226078954503,23398900
2025-06-02,20.722028732299805,20.93606027125963,20.62474369341971,20.887415896226408,3986700
2025-06-03,20.79985809326172,20.94578936428718,20.48854151218136,20.615015032991,4325900
2025-06-04,20.7804012298584,20.936059513141803,20.673385464253645,20.819314872882696,3673500
2025-06-05,21.15981674194336,21.61706268858337,21.052800983021935,21.15981674194336,4666100
2025-06-06,21.27656364440918,21.51977995474238,21.189005624241773,21.40303530932144,2949400
2025-06-09,21.28628921508789,21.51977849003774,21.247375572991622,21.37384722929582,2837300
2025-06-10,21.266834259033203,21.48086393897729,21.15008961641352,21.266834259033203,3044300
2025-06-11,21.928382873535156,21.986754266966905,21.325205622763292,21.334934497600774,7022600
2025-06-12,21.986753463745117,22.12295399530789,21.655979153727184,21.82136630873615,4274000
2025-06-13,21.568422317504883,21.821367501080577,21.49059317298876,21.587880067532208,2203300
2025-06-16,22.1618709564209,22.32725812234916,21.77272337381803,22.06458406077018,3738900
2025-06-17,21.74353790283203,22.113225867670877,21.685166509561295,21.98675420631876,2820700
2025-06-18,21.977025985717773,22.239700046645044,21.665709404882428,21.704623049690248,3041500
2025-06-20,22.171598434448242,22.220240951411895,22.015938297859776,22.09376743835747,7125000
2025-06-23,22.268882751464844,22.317527122455548,21.801907923512182,22.07431083428108,2843000
2025-06-24,22.599658966064453,22.78450388029982,22.473187301962263,22.492645052006655,5569200
2025-06-25,22.5802001953125,22.59965794447733,22.41481489419072,22.541286552575933,2647600
2025-06-26,22.84287452697754,22.88179002579225,22.61911597557229,22.667758493497566,2797700
2025-06-27,23.493837356567383,23.80945536163331,23.207809244938275,23.6319197634758,9929500
2025-06-30,23.523427963256836,23.70096356679739,23.42479686337522,23.50370136703416,3791800
2025-07-01,24.006717681884766,24.19411657884178,23.434659574381197,23.464249467973897,4055500
2025-07-02,24.4505558013916,24.499870407709757,23.98699022458172,23.99685352209168,3597100
2025-07-03,24.539321899414062,24.598501684914897,24.302608401105694,24.36178818660653,2467100
2025-07-07,24.21384048461914,24.637952872457674,24.11521127173435,24.361788066409623,3908800
2025-07-08,24.164525985717773,24.440692674226515,24.13493609298166,24.233567187537044,4414700
2025-07-09,24.559049606323242,24.559049606323242,24.27302148838121,24.509734997405157,3700300
2025-07-10,24.79576301574707,25.012751809071222,24.440693694253273,24.568912805664304,3196200
2025-07-11,24.529460906982422,24.62809012205835,24.332198714367184,24.568912216766456,3108300
2025-07-14,24.509735107421875,24.578776312709795,24.342062802623314,24.509735107421875,3393300
2025-07-15,23.80945587158203,24.59850278237828,23.770004560719677,24.47028178930421,3935900
2025-07-16,24.01658058166504,24.05603189123634,23.4938370909156,23.848908283215724,3373500
2025-07-17,24.184253692626953,24.322336102613153,23.898223693390687,23.95740348158341,4245900
2025-07-18,24.26315689086914,24.50973368471693,24.18425239208711,24.342061389651168,3943300
2025-07-21,23.947540283203125,24.490008508604898,23.93767698512996,24.460418614385407,3363700
2025-07-22,24.223705291748047,24.29274649756263,23.91795057404128,23.91795057404128,3135200
2025-07-23,24.411104202270508,24.48014540810813,24.263158492442496,24.322336400127348,2769200
2025-07-24,24.381513595581055,24.529461182319,24.263157783668753,24.401240191310343,3389800
2025-07-25,24.480144500732422,24.549185704010977,24.144799900895126,24.401239999666686,3633800
2025-07-28,24.332199096679688,24.460418207032014,24.22370470091345,24.3913770029014,4146500
2025-07-29,24.243431091308594,24.499871191072064,24.08562208856672,24.499871191072064,2662900
2025-07-30,23.977127075195312,24.3420615603917,23.839044671666134,24.253293763485328,3914300
2025-07-31,23.67137336730957,24.095485774470944,23.513564362026045,23.898223577250672,11790000
2025-08-01,23.622058868408203,24.03630797951069,22.527257243087693,22.961232950250235,8425900
2025-08-04,24.785900115966797,24.914121110669566,23.799592875866967,23.927813870569732,4947900
2025-08-05,24.90425682067871,25.03247592904323,24.549185626389743,24.90425682067871,3654100
2025-08-06,24.84507942199707,25.071929631315587,24.746448323657624,24.993025128890377,3343100
2025-08-07,24.51959800720215,24.963435125942745,24.203979998880374,24.32233581138518,5694500
2025-08-08,24.647817611694336,24.835216513353757,24.539323213697028,24.706995519132978,2460400
2025-08-11,24.943710327148438,25.052202841373003,24.697133523825414,24.75631142987806,2524100
2025-08-12,25.338232040405273,25.43686313488306,25.01275074549074,25.052202054542864,2710500
2025-08-13,25.67357635498047,25.722890961069716,25.170559471697295,25.456587573231864,3507600
2025-08-14,25.279052734375,25.614397333219998,25.170560221500462,25.397410426239226,3099100
2025-08-15,24.98316192626953,25.36782114190634,24.933847317527487,25.36782114190634,4280700
2025-08-18,24.71685791015625,24.98316130570466,24.70699461240649,24.953571412455386,1889100
2025-08-19,24.480144500732422,24.835215696144076,24.45055648860258,24.687269991799784,2538800
2025-08-20,24.223705291748047,24.490008698088666,24.00671837615482,24.45055738672252,2736900
2025-08-21,24.184253692626953,24.282884791716413,24.05603269944113,24.184253692626953,2490600
2025-08-22,25.042339324951172,25.042339324951172,24.243431015901415,24.243431015901415,3951200
2025-08-25,25.01275062561035,25.091655124568078,24.84507833017123,24.97329743551567,3121700
2025-08-26,24.943710327148438,25.002888233201084,24.82535263381143,24.943710327148438,4015900
2025-08-27,25.288915634155273,25.42699991936242,24.825351934214968,24.835215231817738,3442100
2025-08-28,25.19028663635254,25.41713683946434,25.012751040445327,25.41713683946434,2302800
2025-08-29,25.308643341064453,25.387547844120913,25.180424229059607,25.190287527095634,4192100
2025-09-02,25.071929931640625,25.131107838860466,24.677407414788764,24.963435534044457,3499200
2025-09-03,25.180423736572266,25.298779548226243,24.874667147130797,24.963434946487133,2685200
2025-09-04,25.38754653930664,25.55521883483793,25.16069633983244,25.308642040305543,3691900
2025-09-05,24.628089904785156,25.49604128715696,24.381513106807297,25.49604128715696,4708300
2025-09-08,24.539321899414062,24.756310683787145,24.40123949570876,24.697132779517965,4057700
2025-09-09,24.223705291748047,24.47028210178971,24.154664085933465,24.39137759782565,4806600
2025-09-10,23.977127075195312,24.430829357298073,23.848907969237025,24.35192485796259,5029500
2025-09-11,24.51959800720215,24.51959800720215,24.006717803063406,24.05603241140179,4880700
2025-09-12,24.302608489990234,24.460417489439653,24.233567287885073,24.411102882573584,3034100
2025-09-15,24.026443481445312,24.470280583238058,23.957402279915218,24.282883573722557,2601200
2025-09-16,23.9080867767334,24.10534897314095,23.81931897647317,24.08562237725385,1880000
2025-09-17,23.878496170043945,24.3026085627967,23.651645967809763,23.927812658289422,3025500
2025-09-18,24.065895080566406,24.19411606886703,23.937675973497452,23.996853878203765,3328100
2025-09-19,24.085622787475586,24.164527291136146,23.888360587708302,24.134937396801526,4873300
2025-09-22,23.9080867767334,24.006717874937173,23.750277772100045,23.89822347878985,4707200
2025-09-23,23.70096206665039,24.184252356125626,23.61219427049865,23.94753886013153,3190000
2025-09-24,23.257123947143555,23.77986744592506,23.217672636966075,23.750277552368168,3734100
2025-09-25,23.079587936401367,23.24726023443483,23.020410031575345,23.1190411271065,3567000
2025-09-26,22.95136833190918,23.257123028324106,22.921778439521294,23.138765340004205,3393700
2025-09-29,23.049999237060547,23.128903734885544,22.823147159736017,23.128903734885544,4406400
2025-09-30,23.1299991607666,23.270000457763672,22.760000228881836,23.09000015258789,7720700
2025-10-01,22.540000915527344,23.219999313354492,22.510000228881836,23.219999313354492,5559700
2025-10-02,22.90999984741211,23.0,22.559999465942383,22.6299991607666,3066300
2025-10-03,23.799999237060547,23.889999389648438,23.06999969482422,23.1200008392334,6544400
2025-10-06,23.18000030517578,23.84000015258789,22.690000534057617,23.770000457763672,5384400
2025-10-07,23.399999618530273,23.559999465942383,23.170000076293945,23.219999313354492,3345800
2025-10-08,23.59000015258789,23.790000915527344,23.209999084472656,23.450000762939453,4622000
2025-10-09,23.6299991607666,23.670000076293945,23.31999969482422,23.5,5224400
2025-10-10,22.670000076293945,23.90999984741211,22.600000381469727,23.739999771118164,12014100
2025-10-13,22.84000015258789,23.1200008392334,22.780000686645508,22.940000534057617,6177800
2025-10-14,22.920000076293945,23.219999313354492,22.520000457763672,22.56999969482422,4804500
2025-10-15,22.790000915527344,23.31999969482422,22.610000610351562,23.110000610351562,6270200
2025-10-16,22.100000381469727,22.969999313354492,22.09000015258789,22.8700008392334,3357200
2025-10-17,22.280000686645508,22.290000915527344,21.959999084472656,22.219999313354492,5137000
2025-10-20,22.649999618530273,22.729999542236328,22.329999923706055,22.3700008392334,4365500
2025-10-21,22.649999618530273,22.780000686645508,22.43000030517578,22.43000030517578,2138800
2025-10-22,22.59000015258789,22.739999771118164,22.40999984741211,22.56999969482422,2282300
2025-10-23,22.670000076293945,22.75,22.440000534057617,22.6299991607666,2844400
2025-10-24,22.84000015258789,23.020000457763672,22.479999542236328,22.81999969482422,3966000
2025-10-27,23.3799991607666,23.639999389648438,23.149999618530273,23.15999984741211,3621500
2025-10-28,23.31999969482422,23.469999313354492,23.18000030517578,23.459999084472656,2583200
2025-10-29,22.940000534057617,23.299999237060547,22.84000015258789,23.139999389648438,2386700
2025-10-30,22.770000457763672,23.0,22.6299991607666,22.809999465942383,3160000
2025-10-31,22.610000610351562,22.860000610351562,22.450000762939453,22.6299991607666,5334300
2025-11-03,22.84000015258789,22.8799991607666,22.459999084472656,22.530000686645508,4630400
2025-11-04,22.59000015258789,22.780000686645508,22.530000686645508,22.75,3772100
2025-11-05,22.760000228881836,22.8700008392334,22.520000457763672,22.6200008392334,3915000
2025-11-06,23.25,23.389999389648438,22.799999237060547,22.850000381469727,8667300
2025-11-07,22.229999542236328,23.350000381469727,21.639999389648438,22.809999465942383,8809800
2025-11-10,22.520000457763672,22.65999984741211,21.829999923706055,22.100000381469727,5396100
2025-11-11,22.81999969482422,22.959999084472656,22.520000457763672,22.559999465942383,4054300
2025-11-12,23.049999237060547,23.1299991607666,22.799999237060547,22.920000076293945,4349900
2025-11-13,22.290000915527344,23.059999465942383,22.260000228881836,22.899999618530273,3224200
2025-11-14,22.170000076293945,22.350000381469727,21.950000762939453,22.229999542236328,2644100
2025-11-17,21.559999465942383,22.149999618530273,21.399999618530273,22.040000915527344,7515800
2025-11-18,21.440000534057617,21.579999923706055,21.190000534057617,21.329999923706055,6250600
2025-11-19,21.440000534057617,21.520000457763672,21.190000534057617,21.440000534057617,4866700
2025-11-20,21.18000030517578,22.010000228881836,21.110000610351562,21.809999465942383,4646700
2025-11-21,21.68000030517578,21.729999542236328,21.1299991607666,21.309999465942383,6033100
2025-11-24,22.030000686645508,22.110000610351562,21.610000610351562,21.690000534057617,5939300
2025-11-25,22.260000228881836,22.31999969482422,21.979999542236328,22.079999923706055,3881600
2025-11-26,22.520000457763672,22.610000610351562,22.299999237060547,22.309999465942383,3698100
2025-11-28,22.59000015258789,22.690000534057617,22.5,22.510000228881836,1717600
2025-12-01,22.540000915527344,22.709999084472656,22.34000015258789,22.43000030517578,3270800
2025-12-02,22.420000076293945,22.639999389648438,22.3799991607666,22.610000610351562,2156200
2025-12-03,23.010000228881836,23.030000686645508,22.450000762939453,22.530000686645508,3432300
2025-12-04,23.139999389648438,23.540000915527344,23.079999923706055,23.1299991607666,2786900
2025-12-05,23.399999618530273,23.489999771118164,23.049999237060547,23.149999618530273,3171400
