Date,Close,High,Low,Open,Volume
2015-01-02,22.256120681762695,22.64419603091559,22.058202905066306,22.50837025086807,21170000
2015-01-05,21.802227020263672,22.24637508857509,21.685346184321794,22.148974144253447,33001400
2015-01-06,21.51781463623047,21.794432938207684,21.373661666868028,21.771057664712355,33973200
2015-01-07,21.49833106994629,21.68144527418827,21.338593621422458,21.6113164932539,22123800
2015-01-08,21.96586036682129,22.22689417218249,21.661968423918808,21.720409582305543,31532400
2015-01-09,21.93079376220703,22.117803369517855,21.848977337674842,22.05546683374758,22225800
2015-01-12,21.884044647216797,22.094431055088744,21.728204019557257,21.911318280433274,22483200
2015-01-13,22.145071029663086,22.581426691752323,21.9853335961881,22.145071029663086,34857800
2015-01-14,21.747682571411133,21.926899950969425,21.428207595252278,21.75547482524677,48808200
2015-01-15,21.817811965942383,21.985341712435652,21.599633311243583,21.82170734985643,32459800
2015-01-16,22.11781120300293,22.19573227186821,21.673663042557838,21.743791855914512,31034000
2015-01-20,21.74378776550293,22.110014788188614,21.60742554908577,22.110014788188614,27553800
2015-01-21,21.728199005126953,21.82949531541748,21.494435888254642,21.591836815396388,27846600
2015-01-22,22.039886474609375,22.08274312968035,21.685347082050214,21.798332538833595,26890400
2015-01-23,21.9385929107666,22.071058276692916,21.856774974296883,22.04768151109861,21703800
2015-01-26,22.08663558959961,22.14897212884443,21.848978555505198,21.93858723778086,17307800
2015-01-27,21.958065032958984,22.14117924974403,21.825599713922603,21.911313004540315,19046600
2015-01-28,21.268468856811523,22.06715625025427,21.24509209667892,22.00871657925331,39778400
2015-01-29,20.98794937133789,21.45157869168711,20.85158868077639,21.373657660129084,41683600
2015-01-30,20.70743751525879,20.99964029400908,20.656788617467086,20.75418954371718,56380800
2015-02-02,20.964576721191406,21.01522413474412,20.434715423868813,20.707438325281355,36911800
2015-02-03,21.587940216064453,21.646381363545228,20.984054799050302,20.991847051129078,36466200
2015-02-04,22.16844940185547,22.589220592324324,21.36196992442178,21.603523783509825,80115800
2015-02-05,22.195728302001953,22.36325804992113,22.06715833843679,22.12559950118832,25603200
2015-02-06,22.17624282836914,22.3749415560547,22.11390629318196,22.250268485680333,21181000
2015-02-09,22.242477416992188,22.297021702406887,22.039883295294505,22.137284229597988,17200800
2015-02-10,22.367155075073242,22.390531839133242,22.09053672168936,22.261961866134172,18011400
2015-02-11,22.511306762695312,22.569747926337953,22.230793041384015,22.351569266455364,22396400
2015-02-12,22.745075225830078,22.75676286679114,22.484039850006337,22.54637641216679,23389600
2015-02-13,23.16973114013672,23.18531415768499,22.760646090427954,22.79181509796466,29040000
2015-02-17,22.908695220947266,23.084017167565186,22.74506239491723,23.056745029893513,31513800
2015-02-18,22.682729721069336,22.881426970175937,22.620393183484886,22.881426970175937,24107400
2015-02-19,22.538576126098633,22.667146075747038,22.472344202621827,22.667146075747038,20639200
2015-02-20,22.79181671142578,22.822985721168976,22.41000525939276,22.573638101883976,27035600
2015-02-23,22.6788330078125,22.873634874884356,22.597016580335193,22.698312897275628,35090000
2015-02-24,23.052854537963867,23.130775589817894,22.702212033951422,22.752860940589606,40258000
2015-02-25,23.228181838989258,23.333375060087942,22.967147964804994,22.967147964804994,33931400
2015-02-26,23.045061111450195,23.181421821796178,22.928178804044748,23.126877537657787,23584000
2015-02-27,23.134674072265625,23.17363385779782,22.971039703345184,23.111297309213974,19520000
2015-03-02,23.325576782226562,23.411290085337402,23.18142380662957,23.18531919030715,23349200
2015-03-03,23.360633850097656,23.380113734813968,23.158039779364156,23.271025191426673,23835000
2015-03-04,23.543760299682617,23.547655684166948,23.181428607590686,23.298309462989856,24502600
2015-03-05,23.504793167114258,23.54375294466947,23.29050993189986,23.497000914359166,22161000
2015-03-06,23.520376205444336,23.617777135631457,23.352846486624866,23.430767528018613,35454600
2015-03-09,23.598297119140625,23.648946018705523,23.508688442199805,23.516480694919036,16362200
2015-03-10,22.86974334716797,23.465836685314763,22.84247120007763,23.438564538224423,31716400
2015-03-11,22.620393753051758,22.90480430583086,22.56974485054524,22.83467551350502,25595600
2015-03-12,23.11518669128418,23.154146464195275,22.737270651922284,22.764542790204064,24032400
2015-03-13,23.00609588623047,23.099601418813066,22.873630582033464,23.017785006690804,24485600
2015-03-16,23.27882194519043,23.329470844225394,23.072332452062057,23.1307721175145,18592400
2015-03-17,23.03727149963379,23.150255464207596,22.694419763460388,22.81519746805636,29872800
2015-03-18,22.982728958129883,23.087920676906613,22.655461704656275,22.986624342216942,38054000
2015-03-19,22.889225006103516,23.060650156216173,22.76844728379783,23.002210473464903,21219200
2015-03-20,23.161945343017578,23.189217489102347,22.93597443406322,23.02947999651135,43115200
2015-03-23,23.033376693725586,23.193114195424354,23.033376693725586,23.048961202725607,16912000
2015-03-24,22.429489135742188,22.893117091462273,22.33988044612673,22.84246967095383,39785600
2015-03-25,22.024303436279297,22.472348423101714,21.99313590356034,22.234689855459596,37372000
2015-03-26,21.782751083374023,21.99703290254112,21.689245505911995,21.83729538430157,35943600
2015-03-27,21.79443359375,22.02040448580396,21.735993922033565,21.751578428979435,29730000
2015-03-30,22.154481887817383,22.2992820034608,21.919669315887386,21.919669315887386,26911400
2015-03-31,22.099689483642578,22.27579702056066,21.829655140302723,21.997936936244535,35082600
2015-04-01,22.330589294433594,22.338416528875797,21.935322166010067,22.224923868802325,31569000
2015-04-02,22.674978256225586,22.76890357499809,22.150565500902136,22.3423290091537,41127600
2015-04-06,22.780651092529297,22.94893295262133,22.50279090229093,22.557580067364096,21333000
2015-04-07,22.823694229125977,22.96458147014035,22.62801783724877,22.764990714405855,24779600
2015-04-08,23.16025733947754,23.164170210354147,22.788471904720563,22.91761903703406,29113400
2015-04-09,23.320707321166992,23.355929123683993,23.11329086906246,23.164165644893192,23399200
2015-04-10,23.406808853149414,23.54769459115559,23.269834492934894,23.40289448957319,31807800
2015-04-13,23.003713607788086,23.402893582226472,22.984146269342446,23.363758905335196,23886400
2015-04-14,23.081979751586914,23.218954078582783,22.921525220397186,22.97240148430376,19909400
2015-04-15,23.445941925048828,23.594656380017586,23.12894567724778,23.215043755317932,28421200
2015-04-16,23.35201644897461,23.50073090289717,23.31288177352286,23.371585279592658,22000600
2015-04-17,22.862831115722656,23.1993947810796,22.36581434615698,23.12895115377733,84976800
2015-04-20,22.882396697998047,23.06633148278899,22.7375950997446,22.933271482678347,38859000
2015-04-21,23.027191162109375,23.3128784320573,22.831514827112827,23.01153669701558,37674400
2015-04-22,22.99588966369629,23.07416052156875,22.874571252241797,23.07416052156875,25151200
2015-04-23,23.179826736450195,23.813817870074057,22.882399257988535,22.929361177136695,123828400
2015-04-24,23.340282440185547,23.48116969723175,23.0389405832573,23.434207775847202,88707800
2015-04-27,23.042850494384766,23.606397920767932,22.972406879475336,23.4263760128404,52688000
2015-04-28,23.089813232421875,23.117207806656072,22.85108780590186,23.08590036162799,33547800
2015-04-29,22.831518173217773,23.09763814724602,22.784556263945785,22.999799965408933,29353800
2015-04-30,22.604543685913086,23.07025460964562,22.428436068692537,22.839356330361973,46140200
2015-05-01,22.858915328979492,22.890224267295185,22.432340748228395,22.620189899445528,31156400
2015-05-04,23.003713607788086,23.520299105792535,22.94501159245117,23.500731767346895,42781000
2015-05-05,22.690628051757812,23.10546242715614,22.663233483776903,23.01545149052001,32248000
2015-05-06,22.565397262573242,22.81586275881742,22.432337281082006,22.73367904777957,33526400
2015-05-07,22.667150497436523,22.788470387024624,22.44407955001718,22.50278305950322,26825400
2015-05-08,22.858915328979492,22.991975331036503,22.757164265238174,22.894137138138476,29829000
2015-05-11,22.60844612121582,23.007626062538918,22.59670601770082,22.945009688972085,24247400
2015-05-12,22.43625831604004,22.584971315599947,22.393209266154386,22.4988747087212,25538000
2015-05-13,22.02532958984375,22.53800216688184,21.994022149989043,22.483213027467038,51302600
2015-05-14,22.127084732055664,22.322761106071948,22.02533218154753,22.193613982632918,27971000
2015-05-15,22.166217803955078,22.26014311355143,22.037072182763765,22.217094075523608,34599200
2015-05-18,22.29537010192871,22.37755383387644,22.17013732194384,22.185790299772577,27916800
2015-05-19,22.397109985351562,22.471466444787254,22.26013716720904,22.311011932295262,24279800
2015-05-20,22.530179977416992,22.757165311969086,22.424514545079887,22.57714189415823,30610000
2015-05-21,22.5184383392334,22.77673110307384,22.479302167201627,22.526265573639755,37799200
2015-05-22,22.647584915161133,22.74542310996488,22.46756299501641,22.518439274324226,24085600
2015-05-26,22.929349899291992,23.175902466114334,22.635835436419793,22.667142869489112,52480000
2015-05-27,23.222867965698242,23.316793265264277,22.8706499584406,22.933266327187294,29069200
2015-05-28,23.101551055908203,23.203303601206915,22.968491068673703,23.136772861143573,23096000
2015-05-29,22.87848472595215,23.195481036883685,22.819782700670928,23.12503741223223,26310000
2015-06-01,23.003713607788086,23.08981168841957,22.86282638235192,22.976319035385746,25654400
2015-06-02,23.01936912536621,23.16025635722672,22.827607109805637,22.839347214829914,22714400
2015-06-03,23.215044021606445,23.26983316540966,23.07024392828477,23.121120201627274,27589200
2015-06-04,23.070241928100586,23.355929219514202,22.99979832277755,23.09372213461355,26743200
2015-06-05,22.968488693237305,23.05849963222037,22.714110342083085,23.007624857724743,22300800
2015-06-08,22.647584915161133,23.01545748307434,22.58888289401431,22.964581203766524,35215000
2015-06-09,22.639759063720703,22.718029922924533,22.33841871905854,22.577142674936137,22674200
2015-06-10,22.788469314575195,22.89413473094199,22.64366922232093,22.698458365720263,20626400
2015-06-11,22.99588966369629,23.01154413384927,22.73759687774188,22.80804050053785,22679600
2015-06-12,22.800214767456055,22.929361915387222,22.710203797485487,22.851091052358566,19971000
2015-06-15,22.831518173217773,22.90196178357185,22.506694692930406,22.647581913638557,18597600
2015-06-16,23.042850494384766,23.101552511547773,22.682805185637424,22.82760677900252,19883600
2015-06-17,23.33245277404785,23.348107243842907,23.0389381834064,23.0389381834064,26062200
2015-06-18,23.669017791748047,23.81381791357332,23.42246510320799,23.44594680927121,28950200
2015-06-19,23.68075180053711,23.829466248191846,23.52421161243559,23.594655219593513,46073600
2015-06-22,23.860774993896484,23.96644040380237,23.676838744109336,23.74728235071326,33535600
2015-06-23,23.77859115600586,23.903825402740555,23.657272765472786,23.849034766653794,17667000
2015-06-24,23.622051239013672,23.86860387919206,23.57900219945482,23.79033303389344,15829000
2015-06-25,23.825551986694336,24.05253576869924,23.661183081960004,23.73945391788626,24223400
2015-06-26,23.978179931640625,24.12298001156495,23.79815804925989,23.96643982845251,61609400
2015-06-29,23.569509506225586,23.98604356149516,23.530214491147344,23.82493160126038,22983000
2015-06-30,23.63237953186035,23.801350774192606,23.43983188297568,23.801350774192606,25268800
2015-07-01,24.461523056030273,24.485100967293754,23.726695393587686,23.726695393587686,43338400
2015-07-02,24.496883392333984,24.972359914704942,24.406503668999648,24.469376585189124,39168200
2015-07-06,24.40650749206543,24.599055172240366,24.257183730596946,24.28469054205051,26754600
2015-07-07,24.563682556152344,24.642274067650444,24.092136485180546,24.51259934783572,27454400
2015-07-08,24.241466522216797,24.673719225286355,24.217890110473526,24.437944614791444,30773800
2015-07-09,24.36720848083496,24.638349164549393,24.327913468213943,24.567616942624642,22347000
2015-07-10,24.830900192260742,24.91735103056074,24.496888042661585,24.595127086544732,24538200
2015-07-13,25.039165496826172,25.251362170292865,25.01558758899364,25.043094398627243,21389400
2015-07-14,24.850547790527344,25.113827693674637,24.71301223748772,25.09024978483702,20730400
2015-07-15,25.05095100402832,25.066669607557603,24.771952536921976,24.787671140451256,18517000
2015-07-16,25.274940490722656,25.40461674509627,25.153125038563118,25.208138661991143,21375600
2015-07-17,25.255292892456055,25.26708409643512,24.99201296592834,25.180633255362068,21380400
2015-07-20,25.274940490722656,25.314235507740158,25.145265735357857,25.25529148320509,13905400
2015-07-21,25.255292892456055,25.306379115645292,25.086323110645203,25.196351862649696,18958200
2015-07-22,25.345672607421875,25.53822028856046,25.204208148376253,25.443911648535913,22448600
2015-07-23,24.54796600341797,25.50284936685836,24.457586287821805,25.50284936685836,41968000
2015-07-24,24.430086135864258,24.713015078405082,24.351496095388637,24.520467380627306,20589400
2015-07-27,24.013547897338867,24.49295482673765,23.91137847024966,24.465446520207028,24069000
2015-07-28,24.524385452270508,24.540104053027353,24.021402220117626,24.17072443028284,23735400
2015-07-29,24.55190086364746,24.630492395982923,24.363282085447633,24.441873617783095,17613200
2015-07-30,24.504745483398438,24.61870312540286,24.375069235805388,24.52046408898706,19701200
2015-07-31,24.524385452270508,24.752300666219952,24.418287145674206,24.673709161444,19432600
2015-08-03,24.838760375976562,24.881985796658537,24.610846565574647,24.66192979091798,19139200
2015-08-04,24.654069900512695,24.901631199642026,24.583337672473238,24.70515312153437,15488000
2015-08-05,23.502702713012695,24.740513414445537,23.428040101533274,24.67371160313071,57180200
2015-08-06,23.090105056762695,23.65989183186525,22.465304654920796,23.57344248942153,76382000
2015-08-07,23.11368179321289,23.42018712604697,22.917203708266157,23.11761219435677,31824800
2015-08-10,23.361238479614258,23.48698430111562,23.251209761544242,23.439829992804718,22292600
2015-08-11,23.101890563964844,23.32194503093634,22.960426121478232,23.211917797450592,33060400
2015-08-12,23.345523834228516,23.4241153607402,22.858257569063042,23.02329992463844,28546800
2015-08-13,23.4359073638916,23.64810407016642,23.219781755208256,23.36517512846666,27787400
2015-08-14,23.13725471496582,23.43590068013688,22.972212379706903,23.357309163299703,27812800
2015-08-17,23.738483428955078,23.76992064374691,23.066528702373144,23.09010511445811,26856200
2015-08-18,23.455547332763672,23.848503403670133,23.435899829020038,23.77384228984095,21409800
2015-08-19,23.545928955078125,23.86422393791927,23.518422147808852,23.52235254828079,32020000
2015-08-20,22.936851501464844,23.325878774048704,22.815036046652537,23.211921123603965,37591800
2015-08-21,22.312049865722656,22.822894063327464,22.24131763833149,22.72465502517404,47122800
2015-08-24,21.380746841430664,22.123433821652252,19.647810054577302,20.964212728630404,52400600
2015-08-25,21.160690307617188,22.001617816393814,21.156761405267044,21.946602690429472,33201600
2015-08-26,21.7697696685791,21.824783285590726,21.17247618572256,21.679388441764416,32955600
2015-08-27,22.308124542236328,22.343490661605035,21.78942245750126,21.966253054344808,31932000
2015-08-28,22.312049865722656,22.33562777452263,22.076276773757947,22.23738873636921,24273000
2015-08-31,22.135223388671875,22.30026427257457,21.989828515890242,22.29240496872078,21231400
2015-09-01,21.620445251464844,22.064486073420795,21.533994427984414,21.620445251464844,32158000
2015-09-02,21.958393096923828,22.07234925682499,21.71083026870746,21.993759215240452,33948400
2015-09-03,22.088064193725586,22.35134558610527,22.01340306702532,22.076275989248888,24374800
2015-09-04,21.91908836364746,22.029117078852202,21.691174630239544,21.78155434340203,23717800
2015-09-08,22.441730499267578,22.46137801093436,22.190238752311046,22.29240671238374,22004400
2015-09-09,22.26882553100586,22.862190189725563,22.221671210123716,22.76002074563728,27843000
2015-09-10,22.217737197875977,22.37491873100087,22.005540554198454,22.20201859486094,23933600
2015-09-11,22.16665267944336,22.25310349776584,21.981962839939335,22.103779765847513,22658600
2015-09-14,22.103782653808594,22.276682814035254,21.923023190979535,22.276682814035254,21249200
2015-09-15,22.45351791381836,22.508531544146894,21.958393741852543,22.084139610891768,17238000
2015-09-16,22.689285278320312,22.82289040877558,22.386708909377244,22.488876833133148,24384800
2015-09-17,22.972213745117188,23.290508732672563,22.69321526782033,22.846467910307094,34636800
2015-09-18,22.56354522705078,22.99186756290398,22.449589063537143,22.791460552096062,154533200
2015-09-21,22.748231887817383,22.889696345415864,22.532106299379162,22.638204642578025,26232400
2015-09-22,22.6774959564209,22.7325095700584,22.304187365155425,22.50066541329425,20346600
2015-09-23,22.543895721435547,22.88183827749443,22.433868470256886,22.850402562447186,13653800
2015-09-24,22.327768325805664,22.504598893129007,22.00554440268702,22.39457165079837,21559000
2015-09-25,22.217737197875977,22.610693279200948,22.064484566000594,22.610693279200948,26290400
2015-09-28,21.537927627563477,22.217741603166864,21.4750547020455,22.21381120212955,34506200
2015-09-29,21.667604446411133,21.899448662426785,21.5261399757563,21.67546375022628,29783800
2015-09-30,22.35133934020996,22.386705442766,21.824778201602417,21.87193250534104,24205400
2015-10-01,22.559614181518555,22.68536003890621,22.213812324198067,22.602839601059724,23793800
2015-10-02,23.074386596679688,23.090103704106692,22.221670935146687,22.33562858329315,23866800
2015-10-05,23.52821922302246,23.563736555429873,23.236189161377716,23.338793951989,19336200
2015-10-06,23.27170181274414,23.630820765775166,22.983617510239508,23.44139553284409,19083200
2015-10-07,23.559789657592773,23.678180257798132,23.295382528563252,23.41377463418677,16475200
2015-10-08,24.06492042541504,24.100437751203188,23.307219482491792,23.441395879311695,25844400
2015-10-09,23.871545791625977,24.163575753611713,23.72947651047931,24.05702379275171,19038800
2015-10-12,23.784725189208984,24.100433864512485,23.757100774208535,23.92284726421123,17530600
2015-10-13,23.74131965637207,24.00572675917139,23.61109046069086,23.7334267497523,15763000
2015-10-14,23.654497146606445,23.859708184748243,23.60714121639461,23.757103418386283,19376000
2015-10-15,24.07676124572754,24.100439966902552,23.697910739435898,23.891283198819934,13963000
2015-10-16,24.1991024017334,24.218833919405583,23.993891306022427,24.159639366389033,12746000
2015-10-19,24.293807983398438,24.313539494726708,24.04518672549236,24.135952881936653,12984000
2015-10-20,24.28985595703125,24.388514999509376,24.147786694995947,24.147786694995947,13542400
2015-10-21,24.116222381591797,24.467448416379415,24.09649086943636,24.380627956394026,16405400
2015-10-22,24.349061965942383,24.467452564363743,24.13990368646591,24.13990368646591,20590400
2015-10-23,24.459556579589844,24.546377043370256,24.30959437090129,24.546377043370256,20206200
2015-10-26,24.538488388061523,24.648986084438597,24.380633245735808,24.47929233333483,21324600
2015-10-27,24.285913467407227,24.664763879292913,23.555835553329526,24.60951504907013,31677000
2015-10-28,24.443775177001953,24.69634370761928,24.08465615578105,24.40825784499469,23280800
2015-10-29,24.885766983032227,24.97653315635365,24.39247158101269,24.502969269331274,18254800
2015-10-30,24.71213150024414,25.012056013999295,24.700292889712742,24.905504002961422,21727000
2015-11-02,24.75948143005371,24.964690975531166,24.66476805832583,24.71607119740418,15208000
2015-11-03,24.688447952270508,24.7594826080917,24.46350537730941,24.63714481075119,16893400
2015-11-04,24.25434684753418,24.873925723486522,24.132010556938283,24.66476896440216,27963400
2015-11-05,24.392471313476562,24.431934343038055,24.076761055312282,24.262240606171083,18900400
2015-11-06,24.31354331970215,24.384577975993253,24.00572747938607,24.31748902042141,25549200
2015-11-09,24.210933685302734,24.270129725825544,23.867600564356835,24.163577756135194,17062800
2015-11-10,24.29775619506836,24.46350421927779,24.13595537678328,24.175418403518968,17665600
2015-11-11,24.28985595703125,24.39640790355773,24.171465407141003,24.39640790355773,12102000
2015-11-12,24.266185760498047,24.51085983501014,24.11227634521897,24.210935416198453,17826400
2015-11-13,23.76894187927246,24.360896272264057,23.749210367256314,24.191202559173036,15579600
2015-11-16,24.210933685302734,24.23855810276862,23.737371382791636,23.85576195841941,15435200
2015-11-17,24.12411880493164,24.26224091557636,23.918907736675127,24.060977053577183,16352800
2015-11-18,24.688447952270508,24.716072373376743,24.08860058390157,24.135956519309683,17579600
2015-11-19,24.71213150024414,24.858148055417395,24.558223541662244,24.668721254404442,15694200
2015-11-20,24.822620391845703,24.94495666422569,24.668710991873848,24.90943934198877,18405200
2015-11-23,24.518749237060547,24.854189428281703,24.404304369780768,24.712120145509253,12204200
2015-11-24,24.333276748657227,24.44377444250701,24.116227061987363,24.356955471089968,17002800
2015-11-25,24.230667114257812,24.384575015731595,24.104383630719436,24.28591595012862,12174400
2015-11-27,24.305648803710938,24.39641496842535,24.088599148487955,24.195151125870428,5672200
2015-11-30,24.017562866210938,24.333271571047106,23.942581013837575,24.285915641676144,20789600
2015-12-01,24.368791580200195,24.38063018749325,24.16752772912822,24.254346691640635,15706200
2015-12-02,23.86760711669922,24.364849778428223,23.812358266600054,24.281974997861216,18551000
2015-12-03,23.52821922302246,23.997837452122504,23.40982861680383,23.83208939908183,23257200
2015-12-04,23.97415542602539,24.104386128718033,23.476914346239905,23.520323075052758,24459000
2015-12-07,23.824193954467773,24.053083740147315,23.626875796641162,23.90312151868203,14345400
2015-12-08,23.496644973754883,23.78472928365044,23.19672055152254,23.75710486389456,31163600
2015-12-09,23.121736526489258,23.50058694190212,22.916525508452857,23.370357770224206,25459800
2015-12-10,23.54794692993164,23.78472960947738,22.96783260169326,22.96783260169326,26719600
2015-12-11,22.877063751220703,23.512428350615654,22.8652236401106,23.2243425651489,38607800
2015-12-14,22.640287399291992,22.88890872593564,22.174616377192947,22.8415527845715,54096800
2015-12-15,22.79024314880371,23.338787288488156,22.70342269316981,22.91258092670441,35558800
2015-12-16,23.165151596069336,23.232239045873232,22.817871223281628,22.983619255569096,33482200
2015-12-17,22.65607261657715,23.212509805520487,22.648179708988522,23.082280593853675,20151600
2015-12-18,22.257490158081055,22.58109183615557,22.229865734739437,22.494271359700107,40450800
2015-12-21,22.28116798400879,22.431130218689496,21.85890720948155,22.4232373110307,27997400
2015-12-22,22.450855255126953,22.69947650565564,22.395606422880086,22.549514314258584,21063400
2015-12-23,22.561357498168945,22.596874826880846,22.439021203486462,22.533733076439475,14451800
2015-12-24,22.61265754699707,22.703423706749344,22.549515805194712,22.663960682654572,6986800
2015-12-28,22.569250106811523,22.671856390808706,22.387717764869496,22.541625685447215,10206200
2015-12-29,22.715274810791016,22.861289877103392,22.608722787670544,22.69159608162471,14469400
2015-12-30,22.379825592041016,22.71526737098118,22.3679869840446,22.69158864957024,12932600
2015-12-31,22.269325256347656,22.573195370626266,22.17855909318671,22.312735487732876,15523200
2016-01-04,22.055274963378906,22.059239734536423,21.742124575089754,21.86104351594083,26524600
2016-01-05,22.059234619140625,22.217790649978678,21.991847134143935,22.13454862037994,28308800
2016-01-06,21.8887882232666,22.059237071652426,21.702483316399082,21.769869296770846,21650800
2016-01-07,21.64699363708496,21.94428799794121,21.314023892441273,21.44086936543722,32423400
2016-01-08,21.670774459838867,22.213833203663803,21.631135819787893,21.746089992899783,28184600
2016-01-11,21.690593719482422,21.833295232708032,21.3734785735957,21.75401644623635,22735400
2016-01-12,21.750049591064453,21.97202986949063,21.551853399935812,21.65095149550013,19905600
2016-01-13,21.22681427001953,21.995816550016116,21.183210860891833,21.979960489948386,32128000
2016-01-14,21.8214054107666,22.0592418026494,21.14753790194127,21.22681669923554,26038000
2016-01-15,21.36159324645996,21.50429479951072,21.12772159276399,21.13168636485846,33366800
2016-01-19,21.504289627075195,21.742124483541616,21.27834605979696,21.730233194353435,24658400
2016-01-20,21.250598907470703,21.40915497588056,20.747180328232172,21.39726368658204,45092200
2016-01-21,21.53203582763672,21.74212332337563,21.08014871719307,21.25059757634175,30690000
2016-01-22,21.93239402770996,22.007708045562865,21.6787016005966,22.007708045562865,19734200
2016-01-25,21.488431930541992,21.924464483685572,21.44879329485486,21.83329441191155,21362200
2016-01-26,21.738155364990234,21.805541335048858,21.385366434408674,21.428969832501537,31481600
2016-01-27,21.452754974365234,21.97599278992656,21.38536899623422,21.773833343416605,24498600
2016-01-28,21.448793411254883,21.635098326652912,21.254560466252993,21.59545817863363,25528400
2016-01-29,22.08302116394043,22.13851586032083,21.61131473258996,21.69852154811177,38275800
2016-02-01,22.122665405273438,22.24951088106971,21.793658912846176,21.829334297421212,19480600
2016-02-02,21.639062881469727,22.043383342780984,21.555820833819002,21.761945079513982,32072000
2016-02-03,22.927335739135742,22.974902402213228,21.884823337270447,22.475448659607267,55999400
2016-02-04,23.074005126953125,23.56553245106204,22.828242220957296,23.06211383682797,56292600
2016-02-05,23.54967498779297,23.573459078744893,22.978870414001307,23.074003753574665,50661600
2016-02-08,23.545713424682617,23.664630863773485,22.959051235882093,23.45057856613956,56001800
2016-02-09,23.074005126953125,23.38715553859843,22.66175659861884,23.14932066339179,36504600
2016-02-10,22.122665405273438,23.038331089170455,22.102844571084926,23.034367829603163,43543800
2016-02-11,22.21383285522461,22.324822255320147,21.68266692144042,21.746089651797465,34988600
2016-02-12,22.507164001464844,22.614190150003143,22.035457505715097,22.530948094068002,23990800
2016-02-16,22.784635543823242,22.935265083005948,22.590404109721767,22.91544576493068,25705600
2016-02-17,22.871835708618164,23.113635250345013,22.72120621322631,22.883726993582894,26313200
2016-02-18,22.721208572387695,22.891657397790805,22.431842348640195,22.7687752293021,23733000
2016-02-19,22.895626068115234,22.91544689928871,22.574549167897683,22.594368486954046,17595000
2016-02-22,23.050222396850586,23.335623942819673,22.95112428080586,23.08193300768393,18566000
2016-02-23,22.808420181274414,23.062111087819424,22.75292548448233,22.903553515170255,14614200
2016-02-24,23.149314880371094,23.240484943495332,22.435807408760745,22.6181490471261,18499000
2016-02-25,23.200841903686523,23.200841903686523,22.883728351504512,23.054177169324223,12950000
2016-02-26,22.955080032348633,23.379219709330105,22.855981948715264,23.29994094000006,18579600
2016-02-29,22.88373565673828,23.280128101536345,22.867879596038236,23.0462564986208,22750600
2016-03-01,23.474361419677734,23.61309817260745,23.010581465952168,23.081932228063792,22529600
2016-03-02,23.5338191986084,23.553638518571688,23.319768426040792,23.371298355521912,18126600
2016-03-03,23.7518310546875,23.890569297124163,23.565527661417736,23.565527661417736,19434400
2016-03-04,23.680484771728516,23.79940220000343,23.517963933592128,23.7795828806438,15442800
2016-03-07,23.371294021606445,23.688407618565893,23.236520553884066,23.474356885691332,21590200
2016-03-08,23.105714797973633,23.387153056594034,23.01057995071698,23.33958638902426,21004200
2016-03-09,23.29994773864746,23.426793201740825,23.10967954400741,23.268237128932714,15742000
2016-03-10,23.13743019104004,23.442652602631412,23.014549481726924,23.22860028612046,18001800
2016-03-11,23.45057487487793,23.474358963799254,23.192919203973208,23.4228275271949,14103000
2016-03-14,23.47832679748535,23.561568856754757,23.33959003203634,23.399047997749918,12943800
2016-03-15,23.545713424682617,23.5536399434537,23.26823839205908,23.26823839205908,15979200
2016-03-16,23.747867584228516,23.89849711302922,23.240485818310695,23.240485818310695,18413800
2016-03-17,24.080841064453125,24.235433876261485,23.668592558219387,23.755799380108073,21081200
2016-03-18,23.68840980529785,24.14029842381147,23.593276473486494,24.120477593576812,37358000
2016-03-21,23.720115661621094,23.80732245285554,23.632908870386647,23.668584238426497,12290400
2016-03-22,23.732013702392578,23.902462563533778,23.506070144529513,23.506070144529513,15533400
2016-03-23,23.486249923706055,23.66462680782849,23.38715182276215,23.43075522911619,16890000
2016-03-24,23.787506103515625,23.85489359454404,23.264268281894108,23.2920156275773,19763800
2016-03-28,23.81922149658203,23.92228286442382,23.565530579940273,23.61309724878132,14884200
2016-03-29,24.080841064453125,24.136335764885136,23.656701268731723,23.70823271004023,15852600
2016-03-30,24.100656509399414,24.279033383620835,23.989667126380283,24.14822317181948,16006000
2016-03-31,24.211650848388672,24.326603506244897,24.041201979012193,24.07291258776376,17673600
2016-04-01,24.524799346923828,24.572367527492965,23.93813872895864,24.017417517790072,21308200
2016-04-04,24.4591007232666,24.610402763862492,24.33566991135047,24.490952905100023,14701200
2016-04-05,24.33965492248535,24.459103274840626,24.208260671686805,24.22418752369903,14381400
2016-04-06,24.765684127807617,24.78957288289358,24.283908327913398,24.30779708299936,21801400
2016-04-07,24.447158813476562,24.809486341767368,24.295856757603023,24.701982369346815,19518000
2016-04-08,24.52678680419922,24.67410788710798,24.399375043050235,24.538732701028685,11439200
2016-04-11,24.463085174560547,24.725872167453165,24.463085174560547,24.65420284949443,14343600
2016-04-12,24.57457160949707,24.709946819020047,24.391415842117798,24.44317735369465,15116000
2016-04-13,24.66615104675293,24.841341885382594,24.578554868003895,24.75772817959583,15666400
2016-04-14,24.622352600097656,24.805506863125807,24.554664230536932,24.749764393410143,13643000
2016-04-15,24.674108505249023,24.857262726630605,24.44715620508749,24.737814387419487,16596600
2016-04-18,24.877174377441406,24.948843695825822,24.50290245166479,24.562625871072953,17245400
2016-04-19,24.797542572021484,25.0483851958688,24.701984489801394,24.861248466457656,18770400
2016-04-20,24.47104835510254,24.9249530183703,24.411324936648928,24.9249530183703,26854200
2016-04-21,24.26400375366211,24.43123266631887,24.041033895277423,24.38743458160238,28465400
2016-04-22,24.327709197998047,24.486974681522717,24.1246471494289,24.24011454904087,21977000
2016-04-25,24.28788948059082,24.3277050853069,24.080844994557694,24.29585290530763,24395400
2016-04-26,24.307802200317383,24.510865774505014,24.240115354833684,24.29585782025985,17582000
2016-04-27,24.4073429107666,25.000605265686342,24.080850023533436,24.765689503519233,34142800
2016-04-28,24.347618103027344,24.686055351099988,24.0888120764766,24.17640824279252,28125400
2016-04-29,24.19232749938965,24.307794868009935,23.89768840847946,24.100750402546332,29336600
2016-05-02,24.379470825195312,24.49891917897904,24.116683839323827,24.323728361354124,21343800
2016-05-03,24.267982482910156,24.602438737766185,24.14853414593329,24.252055632948437,22578600
2016-05-04,24.244091033935547,24.52280481929672,24.088808051498475,24.124642702743028,22312800
2016-05-05,24.307802200317383,24.47104864286613,24.104740144998022,24.303821246587628,16677600
2016-05-06,24.455121994018555,24.463085420412696,24.132611578831295,24.24409651061274,15559400
2016-05-09,24.455121994018555,24.63827776334729,24.363544868788328,24.51484693254049,12857400
2016-05-10,24.94087791442871,24.97671257023724,24.443175205348098,24.45910205656703,21596200
2016-05-11,24.713926315307617,24.992640144226606,24.638276048132138,24.87717274785231,16311000
2016-05-12,24.789575576782227,24.948841049379805,24.61438477201938,24.825410232173276,16675000
2016-05-13,24.622352600097656,24.893103040603783,24.54670232246474,24.69402192369448,16549000
2016-05-16,24.686054229736328,24.893098737798294,24.435211640505933,24.475028768326382,17526800
2016-05-17,24.060941696166992,24.59049662858444,24.025107037667446,24.57457129503772,31895000
2016-05-18,24.041030883789062,24.220204153881447,23.833986384889865,24.100754294574486,26537400
2016-05-19,23.98927116394043,24.12464636487341,23.738428567150578,23.889730619691715,17932400
2016-05-20,24.590496063232422,24.638276619378804,23.937510317913954,23.937510317913954,22254400
2016-05-23,24.61040496826172,24.877172900625222,24.459102914113423,24.463083867623666,23579800
2016-05-24,24.861242294311523,24.885132568369624,24.56262070349109,24.717905206566797,19933000
2016-05-25,24.924955368041992,25.151907721070636,24.56262779400781,24.924955368041992,17898000
2016-05-26,24.80152702331543,25.0324603394935,24.721894269200472,24.905048540456953,14586400
2016-05-27,25.03643798828125,25.14792291123898,24.87319155729251,24.928934018771372,16160000
2016-05-31,25.203664779663086,25.23949943532317,24.88513535094462,25.012547122432007,23842800
2016-06-01,25.374876022338867,25.414693152402304,25.10412561338033,25.25940862345721,15397800
2016-06-02,25.34700584411621,25.410711735997037,25.239501866779523,25.350986797853896,12857600
2016-06-03,25.307191848754883,25.394786506396887,25.084220453486832,25.3509884181417,11913200
2016-06-06,25.24348258972168,25.442563677909174,25.17181327646473,25.3669118923223,11913200
2016-06-07,25.183752059936523,25.35496187924473,25.159861787869858,25.223567661179807,12818200
2016-06-08,25.171817779541016,25.291266150048425,25.10811188067917,25.195706542321435,13385200
2016-06-09,25.056346893310547,25.135979635577126,24.901063881268247,25.032456614970105,11233000
2016-06-10,25.004579544067383,25.072267890791622,24.73382919490617,24.761700420360896,15732400
2016-06-13,24.841337203979492,25.131995401845288,24.773650365060718,24.976712400685162,15305200
2016-06-14,24.94087791442871,24.968749144627775,24.66216409356994,24.690035323769006,14937800
2016-06-15,24.82541275024414,25.12801687509941,24.78559713749026,24.869210835594373,16346800
2016-06-16,25.124034881591797,25.179778866925783,24.626332118336265,24.761707330696503,15080800
2016-06-17,24.833375930786133,25.151905386269423,24.741798807263955,25.151905386269423,23925800
2016-06-20,24.86920738220215,25.255425151530492,24.853280531764927,25.056344077669376,15595800
2016-06-21,24.901060104370117,25.004581590407163,24.705959991352458,24.87318887663445,17769800
2016-06-22,24.94087791442871,25.147922423670423,24.76966806099553,24.901062305249514,11586600
2016-06-23,25.064308166503906,25.271352671065454,24.936896397368816,25.219591165208044,14291800
2016-06-24,24.54669761657715,24.92495045109465,24.152516412363756,24.22418572222074,35744800
2016-06-27,24.86920738220215,24.972730391176043,24.275946632662137,24.295854436274638,31567200
2016-06-28,25.11209487915039,25.143948590608645,24.77365754868353,25.10811392465239,21480800
2016-06-29,25.458486557006836,25.546084232272893,25.15588400042782,25.347001644404255,20626800
2016-06-30,25.95619010925293,26.047765697606152,25.482376204622717,25.581916736672024,29341000
2016-07-01,26.102140426635742,26.162118382608725,25.698292110396945,25.954198259255364,17591400
2016-07-05,25.99417495727539,26.106132148749012,25.81424114188878,25.878218423076376,18344600
2016-07-06,26.030160903930664,26.070145180928066,25.86222511017871,26.002171604972006,21475800
2016-07-07,26.49399185180664,26.55796609645507,25.890219092921903,25.91021276034004,30780200
2016-07-08,26.833858489990234,26.86184778947127,26.50998187448042,26.629934707711353,27918600
2016-07-11,26.953815460205078,27.065772662641677,26.753891012824017,26.993799739560295,15106400
2016-07-12,26.849853515625,27.169730796571102,26.79387491519431,27.065772281831205,19438600
2016-07-13,26.72190284729004,26.93782162039808,26.673919880842135,26.86184935284015,17041400
2016-07-14,26.797874450683594,26.937824019301708,26.745895187023205,26.893840392125494,14941800
2016-07-15,26.741897583007812,27.04178430565912,26.661929010543,27.013795000235884,14575600
2016-07-18,26.733896255493164,26.861847774564726,26.665922678306206,26.69790827012046,10137000
2016-07-19,26.82585906982422,26.877841375012505,26.585950359324087,26.657923277534604,15721200
2016-07-20,26.837865829467773,26.87385077497755,26.478001121341187,26.797878489204784,11885000
2016-07-21,26.797874450683594,26.933824675756973,26.633937972612948,26.777883834170503,14993600
2016-07-22,26.973806381225586,27.0937622712599,26.809869918824027,26.989800703270497,15377200
2016-07-25,26.977806091308594,27.069769631061344,26.90183382321324,27.01379102844531,12056200
2016-07-26,26.861846923828125,26.977803460971298,26.65392685589865,26.90583054311018,16981000
2016-07-27,27.157733917236328,27.317674071817702,26.59794490150387,27.269691110261874,23705200
2016-07-28,27.13374137878418,27.333665790328062,27.05776912620409,27.077762787600246,17688200
2016-07-29,26.88983726501465,27.165733969280478,26.817864344362906,27.13774466961618,19854800
2016-08-01,27.005794525146484,27.08976242637335,26.925822916403078,26.949815924328576,13197200
2016-08-02,26.74990463256836,27.045792103908433,26.745905287513285,27.045792103908433,14091400
2016-08-03,26.72589683532715,26.905830656037523,26.557961043147944,26.793873461251387,14937200
2016-08-04,26.861846923828125,26.897831857456307,26.661922490947774,26.661922490947774,13459400
2016-08-05,26.945817947387695,27.11775310164691,26.845855719344083,27.00179655104371,13828600
2016-08-08,26.817873001098633,26.869852274223987,26.689921439815883,26.829867983311726,14609600
2016-08-09,26.74990463256836,26.95782481633549,26.72591161284436,26.873856873817623,16783000
2016-08-10,26.87784194946289,26.929821205157342,26.641929526162272,26.749890431087838,15082200
2016-08-11,27.061767578125,27.109750533534225,26.8578438308912,26.889832467830683,11836600
2016-08-12,26.993799209594727,27.10975575287178,26.91782694488789,26.921826287926383,8224800
2016-08-15,26.997798919677734,27.173733428384097,26.977808303164473,26.99380262673826,9572800
2016-08-16,26.913827896118164,27.053777448551447,26.84985365982733,26.885838595752496,9433400
2016-08-17,27.09775733947754,27.141740960462503,26.801870021528114,26.917826563160762,10987000
2016-08-18,26.953815460205078,27.137745585723057,26.821864592788383,27.137745585723057,11327400
2016-08-19,26.505983352661133,26.889837921980376,26.461999730599086,26.853852986077765,25660600
2016-08-22,26.565961837768555,26.57795681664718,26.318054422058633,26.533973193688887,11404000
2016-08-23,26.25408172607422,26.677920607899,26.126127142242392,26.66992192110692,20160000
2016-08-24,26.266077041625977,26.338049970649394,26.142121799604684,26.1821091328662,17685800
2016-08-25,26.214086532592773,26.346037369647796,26.16210728645183,26.29405812350685,12948000
2016-08-26,26.194101333618164,26.465998697682128,26.054154833865734,26.28606486891052,13464600
2016-08-29,26.25408172607422,26.386029552091717,26.21409439332418,26.258078018865074,11631800
2016-08-30,26.21009635925293,26.258076274397112,26.034161868777648,26.258076274397112,12781200
2016-08-31,26.09414291381836,26.266078081592635,25.97818635410033,26.126128510846684,13573800
2016-09-01,26.346050262451172,26.422022548346565,26.098142785207,26.230093686834017,17725200
2016-09-02,26.45400619506836,26.613943323694112,26.370035236753097,26.54197039557045,12015800
2016-09-06,26.525978088378906,26.549971099980223,26.242085697707584,26.406025232794,14562000
2016-09-07,26.529977798461914,26.56996208420907,26.39403061680049,26.438014246303997,14253400
2016-09-08,26.45400619506836,26.565963405348462,26.33405029799386,26.477996154241186,16220200
2016-09-09,26.034160614013672,26.342042906901487,25.92220341659992,26.082143577450207,28325000
2016-09-12,26.29405975341797,26.350038345225677,25.930195856063406,25.97018012869685,17208200
2016-09-13,25.898212432861328,26.206097800407335,25.886217453716302,26.102136230141987,25159400
2016-09-14,26.058151245117188,26.162112809952333,25.890215444648433,25.98218203096508,15088800
2016-09-15,26.485992431640625,26.561964705000733,25.918207679699982,25.954195669935654,20158000
2016-09-16,26.358036041259766,26.446003278296885,26.102133015663433,26.38202904720015,27162800
2016-09-19,26.330047607421875,26.521976408221327,26.22208975426298,26.382029913161723,13588600
2016-09-20,26.481990814208984,26.693910217704115,26.39801987074427,26.513976403914267,15151800
2016-09-21,26.853853225708008,26.921826805645022,26.4180163442781,26.46199996673263,16920400
2016-09-22,26.909832000732422,27.001795538745974,26.73389750977782,26.989800559927247,17431000
2016-09-23,26.849853515625,26.98980001670173,26.665923392694882,26.665923392694882,18402400
2016-09-26,26.314050674438477,26.88983396907759,26.270067058842184,26.88983396907759,15645000
2016-09-27,26.4580020904541,26.549968683577216,26.230088329920026,26.29406562089352,17256000
2016-09-28,26.661922454833984,26.6739174326938,26.390025104460808,26.457998679402916,15612200
2016-09-29,26.489986419677734,26.661921547897563,26.302056971320635,26.661921547897563,18664000
2016-09-30,26.525978088378906,26.617944689872214,26.469999478984867,26.605949709374265,21135600
2016-10-03,26.57616424560547,26.640404775704244,26.379420538289477,26.451693049215056,13470000
2016-10-04,26.431621551513672,26.6524520308486,26.35533304345617,26.52798388679976,14590000
2016-10-05,26.419572830200195,26.59623657551507,26.327223435703697,26.55608586354819,16502200
2016-10-06,26.262983322143555,26.415557255337777,26.130483213596907,26.339268757089158,14495400
2016-10-07,26.24291229248047,26.39147333189073,26.082306342932238,26.383441349596286,14942000
2016-10-10,26.411540985107422,26.495858399660648,26.271011960852046,26.28707285838166,14850000
2016-10-11,26.08230209350586,26.387453041600796,26.046167368979155,26.387453041600796,14763600
2016-10-12,26.19472885131836,26.32722898571393,26.0622317802264,26.134501239020047,12826000
2016-10-13,26.146547317504883,26.218819834365167,25.781168742460302,26.050181919488917,14289600
2016-10-14,26.17866325378418,26.39548078117682,26.094345837015332,26.17866325378418,15327600
2016-10-17,26.106395721435547,26.331245272319645,26.090337883725784,26.15457842447578,10784200
2016-10-18,26.050182342529297,26.29912169649143,26.022076533477396,26.287076787369678,15356400
2016-10-19,26.062232971191406,26.30715329600374,25.98594445457381,26.14655040694065,17066000
2016-10-20,25.83738136291504,26.058214912814016,25.769124834147544,26.0100322119351,21401200
2016-10-21,25.720937728881836,25.821316041046753,25.52419709476343,25.684803006887897,22887400
2016-10-24,26.08230209350586,26.3352543551024,25.941773059285563,26.3352543551024,19291800
2016-10-25,25.9056339263916,26.351313885566384,25.85343830590649,26.09836163710355,30403000
2016-10-26,25.11867332458496,26.07025944419532,25.04640080596628,26.07025944419532,42837600
2016-10-27,24.68503761291504,25.19495969004157,24.331705478439233,25.154808972518918,44967800
2016-10-28,24.84564208984375,25.18291330487879,24.685036165864545,24.685036165864545,28923200
2016-10-31,24.821550369262695,25.086549067695508,24.773369205452614,24.97010985114053,19390800
2016-11-01,24.672990798950195,25.1026098762082,24.548521133597742,25.1026098762082,21028000
2016-11-02,24.681028366088867,24.745270446683104,24.532467310247434,24.63686164849558,23440000
2016-11-03,24.47223663330078,24.873749944653866,24.428069923987664,24.71715999829044,19074000
2016-11-04,24.355791091918945,24.58866948732997,24.10685333227201,24.275488144134062,21598600
2016-11-07,24.69708824157715,24.79345213026134,24.5123924475555,24.705118693271835,19343000
2016-11-08,25.102615356445312,25.263219780849223,24.668980194085748,24.745268712455623,22331600
2016-11-09,25.476022720336914,25.737005482497928,24.893828048359417,24.893828048359417,40324200
2016-11-10,26.138513565063477,26.46775432771927,25.496092938333042,25.508137846443116,54804800
2016-11-11,26.684572219848633,26.72873892571065,25.9377572740223,25.993968888155187,31766800
2016-11-14,27.00578498840332,27.355099593361835,26.572149896072062,26.572149896072062,37671600
2016-11-15,26.893367767333984,27.178441901944595,26.724729818199023,26.93351849301221,31409400
2016-11-16,27.090105056762695,27.11017888542246,26.736771363350226,26.81305987684676,22868800
2016-11-17,27.499643325805664,27.591992726837805,26.82108797462542,27.06199532677889,23372800
2016-11-18,27.43941879272461,27.54381311355186,27.274799924596564,27.3952551458052,20925200
2016-11-21,27.383209228515625,27.587981894619812,27.290862873520236,27.43540792449922,17255200
2016-11-22,27.71245002746582,27.768664714620726,27.38320920349316,27.407302087503478,26432800
2016-11-23,27.6883544921875,28.073806860458184,27.672293593929997,27.748582094827352,18863000
2016-11-25,27.76866340637207,27.800782144699713,27.620102371305226,27.676313992508117,6963600
2016-11-28,27.427370071411133,27.704415203705175,27.310930857306435,27.620097785898967,19572400
2016-11-29,28.162145614624023,28.194267417236006,27.415330552065857,27.50366397759695,30491200
2016-11-30,27.90919303894043,28.21835696197641,27.804798713122814,28.13805551953435,23009000
2016-12-01,28.049713134765625,28.126001625028834,27.796760914901977,27.869033415334833,19346800
2016-12-02,27.61609649658203,28.238443612124943,27.559884854787736,28.085866530136375,26722800
2016-12-05,27.5759334564209,27.832901722330547,27.455478241580526,27.712446507490178,19691200
2016-12-06,27.583967208862305,27.696393525291896,27.39124250730509,27.551848467472038,21342600
2016-12-07,27.836925506591797,27.87707623501187,27.331017751247078,27.608062984962746,21098800
2016-12-08,27.796772003173828,27.89715034585518,27.680332758066992,27.772679117883644,17552600
2016-12-09,27.885093688964844,27.897141659510513,27.676308149050996,27.893125669328626,17161800
2016-12-12,27.704418182373047,27.816841418201953,27.50767751967246,27.716463091454223,14967000
2016-12-13,28.097904205322266,28.198282537908252,27.67631398313969,27.732525604323552,18628400
2016-12-14,28.113962173461914,28.38297843415309,27.961388210011574,28.0818434349959,20540600
2016-12-15,28.05775260925293,28.362903621831357,27.94934534946135,28.17820784306921,20198200
2016-12-16,28.049713134765625,28.270546625894546,27.925245019748978,28.190242145800987,29901200
2016-12-19,28.166170120239258,28.282609392428796,28.013593043361077,28.17018611260569,14040200
2016-12-20,28.51146697998047,28.587752441831988,28.09790867408148,28.234421757724057,20764400
2016-12-21,28.439184188842773,28.55160740854095,27.89312592462049,27.89312592462049,11220000
2016-12-22,28.515474319458008,28.515474319458008,28.194265505034455,28.342823471257834,18988600
2016-12-23,28.366912841796875,28.539563668625227,28.290624341036892,28.51145786255099,8513600
2016-12-27,28.45525360107422,28.63593339203921,28.30669255156031,28.427147787739578,6139200
2016-12-28,28.286605834960938,28.507439336835024,28.24645512461188,28.451227729685773,9248400
2016-12-29,28.142066955566406,28.370932487332105,28.093887317976584,28.266538167048306,11987000
2016-12-30,27.833696365356445,28.23679115370125,27.78532388362217,28.196479214571433,24376800
2017-01-03,27.833696365356445,28.17229451138888,27.503158761928475,28.083613165893954,23670400
2017-01-04,28.16423797607422,28.321444719866992,27.886101548424108,28.01912358559326,22010800
2017-01-05,28.277114868164062,28.321455564198573,27.974793618131027,28.05137957688726,16986000
2017-01-06,28.325469970703125,28.434307287864268,28.144078542593533,28.301285267053643,13528000
2017-01-09,28.551204681396484,28.603605896904128,28.236791237612266,28.2730682924939,18135400
2017-01-10,28.587488174438477,28.92608947310237,28.398033088627354,28.466561555563416,24547200
2017-01-11,28.905927658081055,28.918020009988137,28.49880105011674,28.51089647739308,23325000
2017-01-12,28.789039611816406,28.889813345889163,28.551215075582444,28.8615968233636,14599600
2017-01-13,29.333208084106445,29.401736539352463,28.926084538696113,29.022826432367253,23293600
2017-01-17,29.248558044433594,29.321115232293174,28.950268750063895,29.10747547786477,21143400
2017-01-18,29.13973045349121,29.333214281713317,29.099421578892443,29.292905407114546,18013800
2017-01-19,29.268726348876953,29.405777164049685,29.07523940792479,29.09539538680106,14471000
2017-01-20,29.655691146850586,29.671815311610555,29.321121647663677,29.45414370040594,25014600
2017-01-23,29.53072738647461,29.72421117794748,29.38158119588015,29.64762525336712,16937200
2017-01-24,29.66778564453125,29.744374663830758,29.425929306401983,29.506547060655006,17553000
2017-01-25,29.603286743164062,29.7806463857632,29.470264704687477,29.671812129517583,26600000
2017-01-26,30.43366241455078,30.98590348867641,29.425925248506054,29.47429773960932,52161400
2017-01-27,30.61505699157715,30.63118115692003,30.07491129175595,30.429633703189122,23326800
2017-01-30,30.369157791137695,30.598924757061976,30.030559668369424,30.574736980172126,26341800
2017-01-31,30.40141487121582,30.429631389578,30.018475968390554,30.25227173503138,26925600
2017-02-01,30.478002548217773,30.71179830462775,30.332888152885356,30.349012316296704,18004000
2017-02-02,30.268394470214844,30.490097894669894,30.23614921559685,30.409480145069885,15387800
2017-02-03,30.33692169189453,30.413507628251967,30.207931452620553,30.353045856225016,13851000
2017-02-06,30.046689987182617,30.308702250388947,30.010409852095172,30.308702250388947,16223000
2017-02-07,30.175687789916992,30.31273859486294,30.038633909600684,30.095070031168834,15812400
2017-02-08,30.107160568237305,30.1998706776587,30.062819880993967,30.17568596656967,14212200
2017-02-09,30.244216918945312,30.328866498672127,30.054761779635932,30.23212456118016,14329400
2017-02-10,30.29258155822754,30.344982786724565,30.151498961989436,30.22808489973587,12684200
2017-02-13,30.51830291748047,30.52233472605258,30.272414875852228,30.312723735466772,20421800
2017-02-14,30.671491622924805,30.727927742236176,30.41351111480242,30.473975969130848,15477400
2017-02-15,30.87706756591797,30.90125535026167,30.510252819879216,30.534437528853008,13849200
2017-02-16,30.63118553161621,30.816608846486094,30.506227076575108,30.816608846486094,16599400
2017-02-17,30.36111068725586,30.651339535440908,30.24018097538865,30.611030656608612,19599800
2017-02-21,30.546520233154297,30.65938627320215,30.15954963497496,30.65938627320215,13556300
2017-02-22,30.58683967590332,30.812574909465155,30.49009776173111,30.530406636355366,13126100
2017-02-23,30.353038787841797,30.764194118727808,30.280481602936128,30.731945797576582,13258400
2017-02-24,30.546520233154297,30.554583850511392,30.20792211301073,30.409469491773027,11557800
2017-02-27,30.25629425048828,30.473965808270766,30.232109546968857,30.441717486665386,9563600
2017-02-28,30.167621612548828,30.328860191752867,29.974137777800063,30.328860191752867,16872300
2017-03-01,30.304676055908203,30.498162969696093,30.248243013422186,30.409481595683733,16486500
2017-03-02,30.191810607910156,30.272428363056687,29.98219952393681,30.248243651586773,11116100
2017-03-03,30.00638198852539,30.232114123193604,29.974133662038593,30.19986579670681,11067100
2017-03-06,30.18375587463379,30.232128387186897,29.74841556314036,29.885466402317462,13181100
2017-03-07,30.167621612548828,30.34498435721028,30.046694984673376,30.167621612548828,14812400
2017-03-08,29.917707443237305,30.103130749718886,29.901583276321027,29.966076868615744,12934300
2017-03-09,30.13536834716797,30.19180137358424,29.925757327305288,29.974129810820358,11213300
2017-03-10,30.087005615234375,30.320801414946143,29.933830647511297,30.31273779406213,12435000
2017-03-13,30.07088851928711,30.224066598396636,29.94189823314651,30.087012689476058,10991800
2017-03-14,30.15955352783203,30.320792066727584,29.95800612305492,29.998314988936475,9592100
2017-03-15,30.43366241455078,30.498159069355136,30.159557782371827,30.248239145042927,11142600
2017-03-16,30.377229690551758,30.627149617424852,30.296611946590012,30.393353854418066,13028300
2017-03-17,30.199865341186523,30.60296019008235,30.12730814537049,30.530402994266314,32703100
2017-03-20,30.215986251831055,30.43365781584966,30.159553225089486,30.25629511730799,11041000
2017-03-21,29.885448455810547,30.320791581247267,29.82901542940608,30.224049689606648,18806700
2017-03-22,29.861263275146484,30.038622894428684,29.675840037724182,29.966065708013936,11088900
2017-03-23,30.00638198852539,30.215989959950207,29.708089581577042,29.83707981215455,11690900
2017-03-24,30.13536834716797,30.288543265245092,29.893512080331195,30.02250229433543,17814800
2017-03-27,29.917707443237305,30.078946037029667,29.748408303671994,29.982201035532018,13473700
2017-03-28,29.90157127380371,30.054746184968202,29.579094215661566,29.788705226064707,14389600
2017-03-29,30.00638198852539,30.078939185435843,29.708089581577042,29.74840152737038,10407800
2017-03-30,30.240171432495117,30.272419755532475,29.933821589748256,29.933821589748256,10232300
2017-03-31,30.304676055908203,30.385293809353897,30.038631933871127,30.167622184606333,15556500
2017-04-03,30.40829849243164,30.67546243855552,30.26257158060021,30.335435036515925,16497700
2017-04-04,30.59450340270996,30.707845866303725,30.40829748561299,30.40829748561299,13177000
2017-04-05,30.230192184448242,30.75642868598029,30.14923414806691,30.626893974759483,18128600
2017-04-06,30.869770050048828,31.047878341283237,30.173519844416024,30.181614412419446,23316500
2017-04-07,30.788803100585938,30.98310666775163,30.699747427649594,30.97500901292991,14346000
2017-04-10,30.49735450744629,30.821192811964846,30.408301907637092,30.724042555949662,12640000
2017-04-11,30.14113998413086,30.497359709178543,30.092563303662384,30.497359709178543,20042400
2017-04-12,30.1897029876709,30.36781122533011,30.060168320123253,30.319237655218547,17486000
2017-04-13,30.068269729614258,30.27066788674774,29.94683268834464,30.25447566357497,18033900
2017-04-17,30.116844177246094,30.278763308677366,30.019693933727556,30.19780219878645,14475200
2017-04-18,30.432586669921875,30.59450581138233,29.99540591448387,30.100653819685782,23066600
2017-04-19,30.384014129638672,30.75642913210768,30.351632767627116,30.61879676224168,15479800
2017-04-20,30.7645320892334,30.861682378460838,30.48117579217337,30.578326081400807,17250100
2017-04-21,30.89405059814453,30.966914048852317,30.707844688191386,30.7402291303616,17106900
2017-04-24,30.772619247436523,31.274568978966112,30.756430110091554,31.242184527573635,20029900
2017-04-25,31.161222457885742,31.20979604034198,30.7726152681306,30.7726152681306,12523800
2017-04-26,31.40410041809082,31.719841065330943,31.169317802529875,31.315044730233154,31464100
2017-04-27,32.05176544189453,32.88564468292058,31.727927224302796,32.01938100246533,35177200
2017-04-28,31.727935791015625,32.01129508000445,31.56601972685168,31.97891063183128,19452000
2017-05-01,31.727935791015625,31.938431615790293,31.56601972685168,31.914141735484932,15976800
2017-05-02,31.849363327026367,31.857457891691755,31.622678456198695,31.833171109345855,14481800
2017-05-03,31.20170021057129,31.938429368747794,30.894054151272638,31.92223714580042,26298700
2017-05-04,30.999311447143555,31.306954511288424,30.691665294647002,31.072174928304534,17685300
2017-05-05,31.58220863342285,31.590306289582866,30.99120635613014,31.19360452321741,17640700
2017-05-08,31.736026763916016,31.865561440978922,31.395996306406932,31.8412746541391,17214400
2017-05-09,31.638893127441406,31.800809242456037,31.43649489532119,31.727945755358682,12511400
2017-05-10,31.65507698059082,31.65507698059082,31.39600753382011,31.590311163073853,12920700
2017-05-11,31.784605026245117,31.833181695440775,31.45267217428503,31.460769829993026,13483700
2017-05-12,31.557926177978516,31.760324372877058,31.48506270428099,31.752229803955718,12481000
2017-05-15,31.549835205078125,31.695562169083008,31.468874064880016,31.485066292919637,11902000
2017-05-16,31.42840003967285,31.646990520461102,31.323152084844683,31.646990520461102,17815900
2017-05-17,30.845470428466797,31.363612179238213,30.69974354361703,31.315035521504946,22168800
2017-05-18,31.306947708129883,31.58220934510543,30.845480123840144,31.12883941715818,20337400
2017-05-19,31.45266342163086,31.493145512203924,30.926430216029964,31.031678092490104,18739600
2017-05-22,31.970813751220703,32.02748498724873,31.379808424041496,31.590304233589066,13109600
2017-05-23,32.205604553222656,32.27846803771034,31.857479359376153,32.100359699902974,15488500
2017-05-24,32.650875091552734,32.70754633351614,32.12463860091988,32.26226787758785,17023700
2017-05-25,32.65896224975586,33.03137406626278,32.569906578775864,32.828975937072016,35101100
2017-05-26,33.120426177978516,33.18519505476739,32.553710859475984,32.553710859475984,18189500
2017-05-30,33.27425765991211,33.71143844499557,33.09614937174367,33.21758641981066,25469500
2017-05-31,33.75192642211914,33.768118650497286,33.249979695803816,33.2823641525601,26340500
2017-06-01,33.727638244628906,33.86527063603954,33.56571905582001,33.703351447230645,17969800
2017-06-02,33.994789123535156,34.140512926635914,33.63856646072167,33.760006566380845,17387000
2017-06-05,33.832881927490234,34.14862260738254,33.63048373901042,34.108143587356835,14300000
2017-06-06,33.776206970214844,33.88145179304639,33.63857461122993,33.865262657496096,12869000
2017-06-07,33.913841247558594,33.970512495403796,33.71144305143962,33.832883204451555,12862700
2017-06-08,33.144710540771484,33.92192156369834,32.974696884148344,33.84905812680988,25478600
2017-06-09,32.942325592041016,33.24187711229725,32.772311867582744,33.12853154097403,20497000
2017-06-12,33.169010162353516,33.61428547940987,32.83707731636416,32.83707731636416,15749200
2017-06-13,33.37141418457031,33.41189320445015,33.01519139758468,33.0232890545714,11430000
2017-06-14,33.26617431640625,33.52524381238309,33.079968309194896,33.52524381238309,12170800
2017-06-15,33.549522399902344,33.614291302217715,33.104247005713525,33.14472602548501,12179100
2017-06-16,33.41998291015625,33.47665414741207,32.934228565577556,33.3309272263683,27387600
2017-06-19,33.84097671508789,33.938126981448356,33.355222294934265,33.86526659794147,15147400
2017-06-20,32.69944381713867,33.201390352078405,32.318934316207425,32.78849949508859,27959000
2017-06-21,32.61039352416992,32.812791702623514,32.39180312083791,32.70754687344045,20115900
2017-06-22,32.33512878417969,32.86136523315023,32.3189365608505,32.658967074061685,18584000
2017-06-23,31.978918075561523,32.35942770929011,31.857477910819988,32.32704325357881,27861300
2017-06-26,32.05176544189453,32.1813001112612,31.711735004588196,32.12462888643516,18124300
2017-06-27,31.776519775390625,32.05987604123179,31.64698504124157,31.987012560250964,25062400
2017-06-28,32.270362854003906,32.38370532851759,31.71983961635104,31.79270307687424,18067400
2017-06-29,31.46885871887207,32.19749318357282,30.99119903386829,32.0355740704893,24803600
2017-06-30,31.6379451751709,31.824914186967423,31.49975419361883,31.808655877204444,18261600
2017-07-03,31.182735443115234,31.906213416795246,31.150218812601025,31.76802238854471,11541700
2017-07-05,31.467239379882812,31.51601431197077,31.133951763004326,31.304659373878643,20074100
2017-07-06,31.09330940246582,31.369694498970418,31.003890238750234,31.304661252284216,14121900
2017-07-07,31.353439331054688,31.491633443641415,31.09331252013917,31.133956752915434,17471300
2017-07-10,31.507883071899414,31.66233547041455,31.30465884307898,31.34530616960758,13675400
2017-07-11,31.516006469726562,31.686714038123085,31.394070720326233,31.491620560228466,19858600
2017-07-12,31.719242095947266,31.954982976002224,31.694856177650557,31.889949725936287,13415500
2017-07-13,31.95498275756836,31.995626988103716,31.735500191530193,31.75175850393554,15999300
2017-07-14,31.86556053161621,32.10130138743521,31.39407881997822,32.07691237068984,19790200
2017-07-17,31.86556053161621,31.971238001630887,31.751755456656895,31.800527288236193,10835700
2017-07-18,31.849308013916016,31.946854795773337,31.54040625358549,31.938727189350345,11932000
2017-07-19,31.9793701171875,31.995628430325702,31.572921591600956,31.9143368646347,11517800
2017-07-20,32.1013069152832,32.27201455711805,31.841176997924443,31.979371113426165,14159300
2017-07-21,32.215110778808594,32.51588181735138,31.979369891403323,32.011886517450144,11648300
2017-07-24,32.085060119628906,32.27202614222606,31.914349315555533,32.23138189400188,11227300
2017-07-25,32.31265640258789,32.45084740691994,32.10130454274004,32.23136794132857,17875100
2017-07-26,31.987491607666016,32.49148991572353,31.824914709279014,32.21510484712783,25370700
2017-07-27,32.052520751953125,32.71909587321932,31.597297432155777,32.63780743441326,51419900
2017-07-28,32.12568664550781,32.19071678660074,31.816784947688372,31.987492556632407,20378100
2017-07-31,32.88168716430664,33.05239480510222,32.434594395146505,32.46710792128169,27131000
2017-08-01,32.792266845703125,33.2068429733015,32.605300897887695,32.84104178463781,18798800
2017-08-02,32.52400588989258,32.67032759025038,32.15007403384744,32.65406927899331,17281900
2017-08-03,32.27201843261719,32.50775935734057,32.117565984922805,32.21511587850556,16315000
2017-08-04,32.19071960449219,32.38581624676052,32.14194776964205,32.37768864127081,11476600
2017-08-07,32.198848724365234,32.272009573991426,32.068785336247096,32.21510703549948,12280800
2017-08-08,32.45083999633789,32.65406420403326,32.05252228578995,32.20697156729451,13626200
2017-08-09,33.02800369262695,33.060517213650385,31.987493495983447,32.14194589990667,17401800
2017-08-10,33.10929489135742,33.3694216868437,32.82478217784306,32.841040490180454,20578400
2017-08-11,33.418190002441406,33.55638097849435,33.06051340380011,33.133674244344434,16735300
2017-08-14,34.06039047241211,34.125420629331536,33.63768359908838,33.71897207047677,18477600
2017-08-15,33.735225677490234,34.13354657400654,33.52387382079888,34.109157555228165,13599400
2017-08-16,33.52387237548828,33.881545925605614,33.36941996672274,33.881545925605614,11617500
2017-08-17,32.73536682128906,33.52387800618758,32.727236113695845,33.49136137772743,15084600
2017-08-18,32.9385871887207,33.14181144104428,32.55652460204645,32.61342714462057,19547100
2017-08-21,33.16621017456055,33.280015303683506,32.89795567033603,32.94672752512747,16498100
2017-08-22,33.61328887939453,33.743352272143824,33.21497109576802,33.271873636286095,11752300
2017-08-23,33.04425811767578,33.572639208399984,33.01986910358162,33.53199498618357,11720800
2017-08-24,32.62968063354492,33.23122569592192,32.52400316969041,33.16619245633282,14401700
2017-08-25,32.67845916748047,32.962971869674014,32.45084590476974,32.77600593666742,13409700
2017-08-28,32.792266845703125,32.906071935594596,32.65407273586625,32.792266845703125,8330900
2017-08-29,32.64594650268555,32.85729837837804,32.58091634899411,32.654074109038376,9145800
2017-08-30,33.182456970214844,33.27187614089041,32.52400925056795,32.59717010830649,11902100
2017-08-31,33.01175308227539,33.312524153354175,32.93859221623391,33.23936328731269,14273400
2017-09-01,33.377540588378906,33.51573154293677,33.04425305573093,33.14179979429853,11343400
2017-09-05,33.060523986816406,33.45071732859464,32.84104449588118,33.3043956006669,11380700
2017-09-06,33.46697235107422,33.60516647153171,32.96297701384017,33.1662012902522,14572800
2017-09-07,31.377822875976562,33.53200116061675,31.060793542974594,33.53200116061675,70719000
2017-09-08,31.060802459716797,31.26402676751545,30.491773777689193,31.255899159624516,53868200
2017-09-11,30.75189781188965,31.231504108850164,30.5324152296949,31.133957328193468,29644600
2017-09-12,30.808795928955078,31.564790347489925,30.532410839372925,31.198986096431806,36773200
2017-09-13,30.857576370239258,31.14209224530388,30.792546207996008,30.800673815417664,23398200
2017-09-14,30.564926147460938,30.922602814270935,30.540540229616976,30.841311253197762,26552600
2017-09-15,30.020288467407227,30.524283772873183,29.621967546326015,30.524283772873183,62370100
2017-09-18,30.166608810424805,30.32918883408824,29.743901989282293,29.979642868546467,27256900
2017-09-19,30.32105827331543,30.418605047600572,29.808932281645344,30.134092330537218,38769700
2017-09-20,30.45112419128418,30.727509325415188,30.280416546926986,30.43486587739926,31081300
2017-09-21,30.45924949645996,30.67873204354454,30.37795794145322,30.38608864743177,18562700
2017-09-22,30.971370697021484,31.00388731730059,30.29666788148571,30.304795486077694,21749200
2017-09-25,30.816930770874023,30.979510820740412,30.508028986223533,30.94699419057583,21601800
2017-09-26,30.735641479492188,30.95512407583468,30.597447355444054,30.808802344939686,16012300
2017-09-27,31.320920944213867,31.57292013479424,30.66247634775691,30.751895515413043,24698700
2017-09-28,30.743757247924805,31.215238888357963,30.670596410649154,31.093303125913454,16361300
2017-09-29,31.28028678894043,31.304672714899045,30.57306702752757,30.74377471115188,19204300
2017-10-02,30.865707397460938,31.581054694309547,30.833190765525085,31.223381045885244,18158900
2017-10-03,31.264049530029297,31.329354523721477,30.766109851823625,30.839576412770583,18542100
2017-10-04,31.500776290893555,31.517102539746567,31.117117227631717,31.30486441857099,20979300
2017-10-05,31.304868698120117,31.655875311660484,31.09263366184441,31.508942165810378,20141600
2017-10-06,31.027324676513672,31.386495926469667,30.978349043456834,31.272215297452252,18821500
2017-10-09,30.855911254882812,31.223244161923606,30.790609356916868,31.011009101141344,10684800
2017-10-10,30.766111373901367,31.051816064568964,30.619178244738293,30.85590418771365,15016500
2017-10-11,30.54570960998535,30.725295225438877,30.366127108445255,30.725295225438877,26369100
2017-10-12,29.345762252807617,30.121241972906724,29.206990689842204,30.03961072589364,50704500
2017-10-13,29.39472770690918,29.517172978065847,28.782507578951027,29.321261166997697,43672500
2017-10-16,29.884511947631836,30.276332538062622,29.48452667665754,29.517179171005086,26664900
2017-10-17,29.770227432250977,29.9824623898866,29.745736507741327,29.851855543515562,14930300
2017-10-18,29.549835205078125,29.900841776577597,29.492694890081804,29.83553678005973,17992900
2017-10-19,30.12123680114746,30.211026486574625,29.427385333280746,29.509016566277907,25334200
2017-10-20,30.382455825805664,30.38245582580566,30.096751131281373,30.36612957635453,14577700
2017-10-23,29.835542678833008,30.423275308039692,29.811054857254142,30.423275308039692,30745800
2017-10-24,29.794723510742188,30.10491602466767,29.598811629864592,29.909004143790074,25248400
2017-10-25,30.064104080200195,30.080427217004825,29.549838081264422,29.56616433198298,26233700
2017-10-26,29.606977462768555,30.366130970576506,28.99475709285336,29.29678493678232,58632000
2017-10-27,30.03144073486328,30.13755665534615,28.847814453425922,29.329427777021284,51081700
2017-10-30,29.794723510742188,29.957982892487898,29.435555362032584,29.93349196118213,29432200
2017-10-31,29.411052703857422,29.851851924639853,29.32942460248844,29.802873195470983,21828600
2017-11-01,29.451881408691406,29.72941830765922,29.33759766251716,29.59064985817531,18199800
2017-11-02,28.692733764648438,29.46004896136155,28.504983414748388,29.46004896136155,40319000
2017-11-03,29.12535858154297,29.133520148173503,28.39069302826503,28.63558362196651,30164300
2017-11-06,29.011075973510742,29.435549029161432,28.798837888728876,29.04372846561765,23362200
2017-11-07,29.70491600036621,30.12938893735713,29.035555668856883,29.035555668856883,38113900
2017-11-08,29.558000564575195,29.900845612449096,29.4437199199219,29.802888105105684,23914900
2017-11-09,29.84370231628418,30.137565467289743,29.247808218603964,29.370250419711187,16159800
2017-11-10,30.080413818359375,30.455911189801434,29.794712342828774,29.794712342828774,18010100
2017-11-13,30.406944274902344,30.431432092631074,29.868190487474045,29.94981862251231,16256600
2017-11-14,30.088581085205078,30.25184041979979,29.884507695439893,30.211023250716508,20192100
2017-11-15,30.34980010986328,30.43142823455278,29.933488577772106,30.121238869601996,20447100
2017-11-16,30.260009765625,30.668156650096787,30.121241319583127,30.121241319583127,21597800
2017-11-17,29.517181396484375,30.202868259914652,29.48452889967496,30.202868259914652,38138600
2017-11-20,29.247802734375,29.672272688651187,29.182497748232123,29.46819927782439,19409500
2017-11-21,29.729413986206055,29.80288054111073,29.38657213925971,29.50085275490849,22750400
2017-11-22,29.72126007080078,29.786565075933474,29.49269878066442,29.704933819517606,16402300
2017-11-24,29.280454635620117,29.67227524448766,29.206988076837867,29.623299614575092,12296300
2017-11-27,29.019241333007812,29.280455076183145,28.823332582583035,29.206988516295493,24580500
2017-11-28,29.590646743774414,29.590646743774414,28.782514607408768,29.027405209522414,34506700
2017-11-29,30.357961654663086,30.79876100105749,29.394734837244215,30.268171963135355,33941000
2017-11-30,30.643661499023438,30.725289610814936,29.778389190034375,30.178374411203595,42859900
2017-12-01,31.370166778564453,31.590566448693895,30.29265935609605,30.325311851058924,32532600
2017-12-04,32.912960052490234,33.247640327826005,32.17829451447846,32.17829451447846,55137400
2017-12-05,32.25993347167969,32.97010825249807,32.219119401777746,32.54563507490722,28738200
2017-12-06,31.533418655395508,32.52113303925077,31.468113680969093,32.512971474403756,25463700
2017-12-07,30.929372787475586,31.484452842191153,30.815092149254237,31.42731252308048,29281700
2017-12-08,30.978351593017578,31.427312578499077,30.913046591682306,31.427312578499077,22224000
2017-12-11,31.37833595275879,31.394662204198386,30.986515259950625,31.247729055156068,23772100
2017-12-12,32.251766204833984,32.77419684502089,31.835457742933034,32.16197650381064,33637600
2017-12-13,31.492610931396484,32.27625209850132,31.427305943847816,32.25176117121397,27981100
2017-12-14,31.933420181274414,32.41503376241,31.174266517553676,31.680371035977146,23292300
2017-12-15,32.415008544921875,32.54561535783107,31.827279443786555,32.23542612336677,47358400
2017-12-18,32.2762565612793,32.717055946441725,32.20278999708556,32.635424700718886,18523300
2017-12-19,31.94974136352539,32.27626015494434,31.721180077880508,32.210955151094964,21131900
2017-12-20,32.14564895629883,32.31706989757625,31.80280395983043,32.1619752050748,17191000
2017-12-21,33.312965393066406,33.663972126790846,32.16199076575826,32.22729267854312,34401700
2017-12-22,33.288455963134766,33.541508130182606,33.0925472196702,33.33743470595758,13571500
2017-12-26,33.32110595703125,33.47620062679097,33.16601128727154,33.17417285350601,10478700
2017-12-27,32.986419677734375,33.34558769092552,32.8558128444001,33.33742612617886,12029600
2017-12-28,32.88848114013672,33.12520711244286,32.67624298775396,33.12520711244286,9198000
2017-12-29,32.69255828857422,32.99458605081596,32.69255828857422,32.73337234608046,12231000
2018-01-02,33.657962799072266,33.69074461881301,32.82204515316167,33.48586293480295,18270300
2018-01-03,33.117088317871094,33.90383354394395,32.82205807653187,33.395727642886186,21062900
2018-01-04,33.33015441894531,33.371133261127284,32.86302437954075,33.16625155520435,18143800
2018-01-05,33.633384704589844,33.79729070973345,33.117081882573935,33.52684533230945,17007500
2018-01-08,33.1744384765625,33.625177509624585,33.018729538230815,33.41210195578934,15189500
2018-01-09,33.28098678588867,33.62518657167256,33.1498626113643,33.21542313550303,17026000
2018-01-10,33.67435836791992,33.73991889022556,32.912198147854994,33.13347077234935,20198100
2018-01-11,34.91184616088867,34.96921279620667,33.71533758676015,33.7645103282815,36703700
2018-01-12,34.78071594238281,35.00198855147007,34.362758653826845,34.887255300738886,18970000
2018-01-16,34.27260971069336,34.90364570683316,34.21524308615761,34.90364570683316,19018100
2018-01-17,34.15788269042969,34.59223096290428,33.93661004419344,34.461106779162115,17078100
2018-01-18,34.29719924926758,34.370956794747066,33.60879653354139,33.6497753792221,21817300
2018-01-19,34.82988739013672,34.89545103170471,34.24802413933006,34.37914829621954,23591700
2018-01-22,35.149505615234375,35.17409041999891,34.543057505232625,34.7561331077678,22437400
2018-01-23,34.78071594238281,35.10852790982615,34.38734345719878,34.8298886753733,19155500
2018-01-24,35.2314567565918,36.05917740790665,34.06772713277937,34.99379324610417,48918800
2018-01-25,34.53486633300781,35.674008331578015,34.40374214165255,35.3380023958397,27799100
2018-01-26,35.075740814208984,35.075740814208984,34.37914439593315,34.5020715205574,27999900
2018-01-29,34.40373611450195,34.69876627492713,33.8874333337579,34.665984451269495,21559300
2018-01-30,34.69875717163086,34.79709949055667,34.16606361881132,34.444702794306075,21398600
2018-01-31,34.85447311401367,35.01837909602016,34.4856885623073,34.65778843660315,26926300
2018-02-01,34.32997512817383,34.90364447960744,34.32178123620535,34.55944161824869,26485900
2018-02-02,33.69075393676758,34.55125662235238,33.461287387610895,34.01036895202074,32030600
2018-02-05,32.125457763671875,34.125102439696086,32.043503191141816,33.89563588910648,42367300
2018-02-06,32.51062774658203,32.61716710950696,31.551782858997935,31.8959826259522,48696300
2018-02-07,32.90399932861328,33.12526879373294,32.26476635591819,32.37130570574177,33065600
2018-02-08,31.297733306884766,32.912202409711156,31.264954604610793,32.699126776817764,34122900
2018-02-09,31.609146118164062,31.953348974682584,30.67488613457244,31.44524014488126,37376000
2018-02-12,31.584566116333008,32.018914354231825,31.36329348771091,31.633735727417772,30682500
2018-02-13,31.92876625061035,32.10086614379649,31.22397263899446,31.273145376867753,18133300
2018-02-14,32.313941955566406,32.469650922028315,31.551781781903806,31.814030107653664,21982500
2018-02-15,32.84665298461914,32.879431697975846,32.174637777709826,32.58440139402744,21687700
2018-02-16,32.60895919799805,33.1252586264693,32.52700467473208,32.77286511828457,22563900
2018-02-20,32.34672164916992,32.52701540735401,31.99432489846287,32.4040882712621,18163800
2018-02-21,31.969736099243164,32.649944780156126,31.96154220755885,32.33032985827995,14230300
2018-02-22,31.797643661499023,32.428679760895996,31.60915284628908,32.01072240999519,18800900
2018-02-23,32.37131118774414,32.494241468069774,31.88779021204188,32.084478035313516,16514400
2018-02-26,32.43687438964844,32.56799856126981,32.26477137431982,32.395895545941194,14875600
2018-02-27,30.043851852416992,31.30592385326988,29.986485227491553,31.142017870805798,69200000
2018-02-28,29.675065994262695,30.38805659279277,29.298084399836753,30.240541512148393,69818500
2018-03-01,29.94550895690918,30.215951165639236,29.666869729772635,29.863554404076943,34517600
2018-03-02,29.904525756835938,29.97828327279604,29.5521290834983,29.707838005527076,28854900
2018-03-05,30.142194747924805,30.404443074210707,29.625895114063177,29.83897070682798,29259400
2018-03-06,30.21595001220703,30.39624689530896,29.822577552368077,30.388053003461785,19795200
2018-03-07,29.601314544677734,30.174984073416113,29.527556989179264,30.174984073416113,25136500
2018-03-08,30.224145889282227,30.330682110505595,29.593109948494696,29.80618551718772,23111100
2018-03-09,30.42902946472168,30.437223356770687,29.912726730732622,30.32249011060567,23737400
2018-03-12,30.289714813232422,30.502793567353944,30.215957263920686,30.39625419029318,17947700
2018-03-13,29.855365753173828,30.412644305279915,29.683265851382938,30.31430195086328,20580700
2018-03-14,29.519359588623047,29.95370784927732,29.47018684871524,29.87175640901136,26107400
2018-03-15,29.625890731811523,29.75701487555864,29.421009061816275,29.502960479315902,22205500
2018-03-16,29.3636531829834,30.011077120992557,29.322674333000908,29.740634843342622,46607100
2018-03-19,28.929298400878906,29.396428474997087,28.585098609948446,29.175155841007374,34417400
2018-03-20,28.331037521362305,29.093197595802753,28.31464661235597,28.97846435900462,20893700
2018-03-21,28.26548194885254,28.80636953555624,28.232700125113702,28.314651558214017,21662600
2018-03-22,27.232873916625977,28.05240067834056,27.216483006242107,28.003227947188947,53922000
2018-03-23,27.183704376220703,27.642640542098235,27.167316590159775,27.57708001911394,43863100
2018-03-26,27.486934661865234,27.691816399429083,26.831313726910363,27.659034571119538,32248200
2018-03-27,27.036195755004883,27.76557424837052,26.839507909281206,27.577083422935925,31011300
2018-03-28,27.273849487304688,27.740979488947488,27.1591162414621,27.208288972357416,32906700
2018-03-29,28.00322914123535,28.290065395813937,27.314829633238663,27.421365865906743,32542600
2018-04-02,27.470544815063477,28.109774860700508,27.257466049019573,27.937674944759358,35584000
2018-04-03,27.585933685302734,27.651867951621988,27.132621849056964,27.544721231775824,29274500
2018-04-04,28.278255462646484,28.360674066082403,27.239763452572053,27.32218520007616,26401000
2018-04-05,28.51727867126465,28.690362817550994,28.311228960795773,28.492553712110485,23737400
2018-04-06,28.121658325195312,28.45957966116379,27.915608653407986,28.228805034863896,33780800
2018-04-09,27.981538772583008,28.484300343901857,27.956810680439883,28.34418496864968,17554700
2018-04-10,27.907371520996094,28.35243962198994,27.643628159829863,28.21232419283164,30537700
2018-04-11,27.660110473632812,28.08045044197985,27.643626121766644,27.684835429397744,21874300
2018-04-12,27.30570411682129,27.93209375243886,27.116138790988753,27.833190787671573,29449600
2018-04-13,27.215036392211914,27.56944201885598,27.09140535256661,27.39636107860691,24725500
2018-04-16,27.63538360595703,27.80846773623464,27.182074913666327,27.47878697234934,15267200
2018-04-17,27.421083450317383,27.899116927586064,27.23975878097358,27.816698338284873,33580500
2018-04-18,27.421083450317383,27.651858015614838,27.35514606362231,27.46229274496798,23564000
2018-04-19,27.59416389465332,27.824938455939492,27.256242653883884,27.412839228461277,21006800
2018-04-20,27.37163734436035,27.85791469018851,27.28097498672093,27.651865020669266,25272500
2018-04-23,27.915605545043945,27.956814845999116,27.338665899467163,27.396362693686154,20953200
2018-04-24,27.487024307250977,28.261773067010548,27.355152646195705,28.09693270467436,28917300
2018-04-25,28.23703956604004,28.66562316848006,27.239760123628276,27.34690681025523,39731600
2018-04-26,27.470548629760742,28.418375401846134,27.2150458595104,28.278263109304003,32554700
2018-04-27,26.217754364013672,27.289213378451816,26.20951219020639,27.256244683222683,51653800
2018-04-30,25.87158966064453,26.57216025174079,25.830380365654793,26.3001732454867,38337600
2018-05-01,26.423805236816406,26.456770787568125,25.723234620207013,25.863348429122116,25115000
2018-05-02,25.797414779663086,26.374354411222182,25.698511830960058,26.36611223682459,19864100
2018-05-03,25.558399200439453,25.764448853872178,25.179267020665502,25.67378650331087,21774300
2018-05-04,26.341386795043945,26.41556479563351,25.517188185856824,25.541914710064713,20750000
2018-05-07,26.695789337158203,26.712273684708897,26.22599643620079,26.39907736938135,18655600
2018-05-08,25.212234497070312,26.390838709072053,25.154540848432582,26.003464373303242,52988700
2018-05-09,25.327619552612305,25.52542700416271,25.08036063118277,25.195747918245367,22805200
2018-05-10,26.011709213256836,26.077645043033076,25.302899436170794,25.335866565041822,24505700
2018-05-11,26.29193115234375,26.33314201949313,25.970494248747787,25.995220769037413,14674200
2018-05-14,26.489744186401367,26.580406541220807,26.217758693977217,26.28369452329113,19657800
2018-05-15,26.38259506225586,26.39907941108145,26.151820466833712,26.357870111051504,23990300
2018-05-16,26.82766342163086,26.93481011845404,26.407323524967776,26.48150152368104,19169800
2018-05-17,26.7122745513916,27.066680175060704,26.687549601297263,26.91832418635885,23067300
2018-05-18,26.96778106689453,27.000746623687164,26.596891042379248,26.745247052185363,18067100
2018-05-21,26.654584884643555,27.107893520436694,26.53919757488549,27.008990561225264,18368400
2018-05-22,26.794694900512695,26.959535248083025,26.629857697010486,26.71227629876159,13577000
2018-05-23,26.275453567504883,26.57216717123852,26.209517735131048,26.2507286128861,27868200
2018-05-24,26.06939697265625,26.415560393711093,25.78092876513874,26.184785827697084,24034700
2018-05-25,26.168304443359375,26.382594686907197,26.028190624403337,26.03643279869887,13190300
2018-05-29,25.970500946044922,26.28369575697798,25.86335423585928,26.003468076232178,19084300
2018-05-30,25.945770263671875,26.127094952779068,25.813898619976094,26.110610604308597,17408700
2018-05-31,25.698514938354492,26.01995191855766,25.278173425455005,26.003467567769235,35462000
2018-06-01,25.76445198059082,25.92105017637366,25.649064663716246,25.83038781480976,18234100
2018-06-04,25.78917121887207,25.970494318716334,25.67378236257677,25.797411820290304,19434400
2018-06-05,25.616090774536133,25.813898237146244,25.583123650118097,25.76444676450221,22919900
2018-06-06,26.596891403198242,26.77821611632524,25.517190015865932,25.65730385235761,33711500
2018-06-07,26.374353408813477,26.918324322107537,26.333144110425792,26.720515288151546,26415000
2018-06-08,26.44029426574707,26.53095347645115,26.24248520587375,26.35787251410471,21775000
2018-06-11,26.374353408813477,26.736999636320206,26.27544889183548,26.349626886560486,25960600
2018-06-12,26.687549591064453,26.885355479879134,26.23423945108994,26.324901793491634,32994300
2018-06-13,26.63809585571289,26.910082875861388,25.54191188942881,25.57488058473187,45830100
2018-06-14,27.87439727783203,28.072206331448132,27.00898934940661,27.07492360456648,42639500
2018-06-15,27.923858642578125,28.352442432982254,27.684840215302312,28.344198683589745,53138700
2018-06-18,26.85239028930664,27.84966978101598,26.8359059410055,27.84966978101598,29986200
2018-06-19,27.041955947875977,27.264489936877734,26.514466227241442,26.514466227241442,29019100
2018-06-20,27.519990921020508,27.791977969854077,26.654583014485983,27.48702222224041,50020200
2018-06-21,27.025474548339844,27.73428589197134,26.91008724013348,27.487023781165306,35125600
2018-06-22,27.86616325378418,28.146390978525126,27.124383057684906,27.198561077294833,105512100
2018-06-25,27.297456741333008,28.113414738414274,27.124375789974845,27.85791204064641,33063300
2018-06-26,27.017229080200195,27.45405647581571,26.926566731222106,27.45405647581571,31471300
2018-06-27,26.613372802734375,27.116134437695344,26.613372802734375,26.83590679578602,28842400
2018-06-28,26.89360237121582,26.95129602420649,26.440293750259872,26.737002618182622,25199400
2018-06-29,27.041955947875977,27.693070422287043,26.786453261821812,26.794693864050917,37956600
2018-07-02,27.49790382385254,27.539356316588062,26.876154381394095,26.892734746012064,17165000
2018-07-03,27.431583404541016,27.86266336409877,27.348684750248772,27.522773821691054,12660800
2018-07-05,27.456453323364258,27.688575255742098,27.282364245866678,27.671994891830746,11330300
2018-07-06,27.837793350219727,27.86266231309313,27.356972318795076,27.58080247179819,11541300
2018-07-09,27.821218490600586,28.02017655770375,27.564227561345753,28.00359619171491,13664900
2018-07-10,27.63883399963379,27.953854587313817,27.51448285222874,27.945562824216925,12363300
2018-07-11,27.99530029296875,28.33518980119452,27.381839560805325,27.43158064580689,33639100
2018-07-12,28.641923904418945,28.658504269164837,27.85437397208596,27.920695431069515,22374100
2018-07-13,28.76628303527832,29.139333439549002,28.5175838198919,28.5175838198919,25167300
2018-07-16,28.99009895324707,29.238798045746247,28.724819499597213,28.79942954358502,22937600
2018-07-17,28.409807205200195,28.948654868224036,28.36006610731647,28.77456576920317,21119900
2018-07-18,28.219139099121094,28.55902871174044,28.169397998842065,28.285457403778192,16172600
2018-07-19,28.94036293029785,29.25538352248416,28.799434579445162,29.1310323733003,41627300
2018-07-20,28.43466567993164,28.97351630648915,28.42637708120042,28.824296230284926,24577000
2018-07-23,28.326900482177734,28.434671261118652,28.03675203393015,28.31861188181962,22336100
2018-07-24,27.68028450012207,28.4263850913846,27.647123771092364,28.326902904295476,21795000
2018-07-25,27.705150604248047,27.788052418260012,27.199463769488883,27.68028164123488,22055800
2018-07-26,28.807723999023438,29.097872472190627,27.99530511177413,28.882334058178024,40293000
2018-07-27,29.081296920776367,29.52066553719237,28.81601423576104,28.88233569761021,22686900
2018-07-30,29.396316528320312,29.5952777660443,29.03155794860486,29.06471868195579,21883100
2018-07-31,29.661596298217773,29.918587240089234,29.462638221347028,29.553828657571792,21644300
2018-08-01,29.346586227416992,29.761086015022418,29.280264743456566,29.761086015022418,20155600
2018-08-02,28.716529846191406,29.180770505353344,28.699949483823396,29.15589838061095,19240300
2018-08-03,29.354862213134766,29.371442576997577,28.79114249132337,28.965231568311317,16485800
2018-08-06,29.28024673461914,29.64500518490929,29.25537777462086,29.504076861745073,12087200
2018-08-07,29.346586227416992,29.44606529097522,29.17249391321208,29.388035573701053,10952200
2018-08-08,29.056419372558594,29.42118101994064,28.92377963597806,29.404600657570477,12297700
2018-08-09,29.421180725097656,29.686460195600237,29.05641908137105,29.09786840569069,17122800
2018-08-10,29.081296920776367,29.296835347023457,28.97352612646214,29.230513885174283,11873700
2018-08-13,29.048139572143555,29.17248758401748,28.83259795841799,29.114457879333305,15910600
2018-08-14,29.338281631469727,29.42118345016834,29.048133171977163,29.0978711008153,10478900
2018-08-15,28.99009895324707,29.238798045746247,28.74139669836736,29.180768362909124,15367600
2018-08-16,29.562110900878906,29.71961960805276,29.02326016403104,29.056420890503727,16394500
2018-08-17,29.51236915588379,29.71961894816494,29.305119363602635,29.47921159252826,12079500
2018-08-20,29.371444702148438,29.62014385332297,29.263673910433003,29.5952748869199,9957900
2018-08-21,29.628435134887695,29.852262153635436,29.37144422417342,29.388024588966072,11407000
2018-08-22,29.412885665893555,29.628427188004657,29.388016706565498,29.59526646731366,7951800
2018-08-23,29.271961212158203,29.41288955013525,29.230508724630084,29.329990899840613,11487500
2018-08-24,30.25847053527832,30.49888106014648,29.28025123484597,29.321700562007145,24501900
2018-08-27,30.200439453125,30.424269604338292,30.175570490450458,30.374528516608404,11958300
2018-08-28,30.134126663208008,30.424278348115887,30.00977865171753,30.391117613432407,10815200
2018-08-29,30.465721130371094,30.59007227748829,30.026352558684138,30.067801886929523,13419100
2018-08-30,30.407691955566406,30.424272319622787,30.183861784376873,30.299921170390462,10563600
2018-08-31,30.664691925048828,30.731010238509285,30.324802267311174,30.34137947388977,20414900
2018-09-04,30.159000396728516,30.548627981611002,30.018068848031703,30.465729302882444,19158800
2018-09-05,30.07609748840332,30.241898002359086,29.968329842356578,30.084389253411082,16801100
2018-09-06,29.77765655517578,30.283346688790555,29.611859207168457,30.283346688790555,18329000
2018-09-07,29.984899520874023,30.15069999321097,29.636721375109317,29.76107251995727,18156300
2018-09-10,30.142406463623047,30.266754425755998,30.0760850205811,30.17556718514402,14292300
2018-09-11,30.092676162719727,30.258476667345885,30.02635785829822,30.208735567243558,20600900
2018-09-12,29.918582916259766,30.09267199895774,29.570401588482657,30.018061940318443,20877400
2018-09-13,30.706127166748047,30.863635855976717,29.91028879636016,29.96831847988549,22993900
2018-09-14,30.639812469482422,30.84706228839783,30.440854414257142,30.797324355782145,15004700
2018-09-17,30.639812469482422,30.84706228839783,30.440854414257142,30.697842165788234,13318500
2018-09-18,31.28643226623535,31.402491652211726,30.6563910818192,30.764161866960585,23443900
2018-09-19,30.938257217407227,31.452235957654345,30.91338824747999,31.211828536133716,17452200
2018-09-20,31.344463348388672,31.49368346908051,30.772451831609548,31.178662862910937,20489900
2018-09-21,31.41907501220703,31.551714774882242,31.07089365869623,31.460524345096523,57634200
2018-09-24,29.53723907470703,30.067797997328825,28.807718974911758,29.802518536017928,67853400
2018-09-25,29.346586227416992,29.82740433660043,29.25539576816261,29.727925273042203,25533500
2018-09-26,29.32170867919922,29.76936912618103,29.263678972632892,29.512378166828842,19777000
2018-09-27,29.19734764099121,29.61184716724092,29.164186919919935,29.429466363729315,17055300
2018-09-28,29.354862213134766,29.562112017848335,29.139323807680316,29.22222246461332,17306300
2018-10-01,29.446056365966797,29.545535399373236,29.00668773623869,29.45434496775839,20430700
2018-10-02,29.75443458557129,29.91279037237647,29.17101367617025,29.404380768175397,25036400
2018-10-03,29.329368591308594,29.90445630721281,29.179345985367323,29.82110864869651,28967700
2018-10-04,29.346036911010742,29.404378679868582,29.037658535706747,29.21268384228026,23118400
2018-10-05,28.804288864135742,29.362703795555785,28.67926898248677,29.329364736531037,20433800
2018-10-08,29.32103729248047,29.362709534712717,28.712613653602446,28.754285895834695,18925400
2018-10-09,29.53773307800293,29.862784178339243,29.162679741147652,29.40438000327063,17407000
2018-10-10,28.5709228515625,29.712761946453707,28.52925061131853,29.479391678188833,25754000
2018-10-11,28.062515258789062,28.912642373924022,27.929162172849562,28.83763106437128,36284000
2018-10-12,28.854291915893555,28.995981315478893,28.245868445644504,28.379221491460907,31439300
2018-10-15,29.246021270751953,29.729424925628603,28.762614436487535,28.84596208690611,22877300
2018-10-16,30.004470825195312,30.087815305732267,29.337705442735263,29.354374974720283,26282200
2018-10-17,30.33785057067871,30.56288127036453,29.829441049000216,30.104480337164922,20386600
2018-10-18,29.95446014404297,30.537881005352823,29.854446138483194,30.23783580928559,27905800
2018-10-19,29.9877986907959,30.429530122205872,29.821106564799802,30.104482225176806,24405300
2018-10-22,29.796104431152344,30.212833164455176,29.662751363670957,30.08781327270916,24301900
2018-10-23,29.71275520324707,29.82943872120452,29.212678895645613,29.512724044329005,20100200
2018-10-24,28.437570571899414,30.22116921117368,28.379228798045638,29.987802115758573,29974900
2018-10-25,29.871110916137695,30.237830997762007,29.212678860582482,29.904449972481924,33839600
2018-10-26,29.37104034423828,30.354517156870827,29.1043310496642,29.70442139852744,42435100
2018-10-29,29.996139526367188,30.437871023759843,29.521065783529455,29.937794571073724,32373500
2018-10-30,31.429683685302734,31.479692283260956,30.104486043598275,30.4128676285916,36610600
2018-10-31,31.788068771362305,32.213133879896,31.104633870767024,31.63804616592548,28182000
2018-11-01,31.62971305847168,31.813071548212967,31.388009618144434,31.754729777015093,23797500
2018-11-02,31.38800811767578,31.863078620084316,30.84625949172111,31.74639508326649,24593400
2018-11-05,31.68806266784668,31.96310206018482,31.54637320318429,31.62138452461994,18780000
2018-11-06,31.44635009765625,31.82973977246225,31.27965796705731,31.76306482785544,19682900
2018-11-07,31.921419143676758,31.95475820414973,31.371337363423915,31.646379843244237,21551900
2018-11-08,31.921419143676758,32.15478938759976,31.59637125253478,32.07977809122947,14327200
2018-11-09,31.95475959777832,32.26313797213298,31.629711692460173,31.804736998494878,17819200
2018-11-12,31.671388626098633,32.154795557550784,31.313001605715392,31.879753024954546,17042200
2018-11-13,31.438005447387695,32.079767849356514,31.262977025478534,31.879736729768958,17569500
2018-11-14,31.913084030151367,32.23813190155299,31.47968580848667,31.679713800401082,23447600
2018-11-15,32.07978439331055,32.07978439331055,31.52136614854417,31.763069615374224,20772100
2018-11-16,32.16312789916992,32.43816724523389,31.929760795917066,32.26314191779424,21542400
2018-11-19,31.821409225463867,32.42983284993289,31.66305343697627,32.163126690696835,19265800
2018-11-20,30.637901306152344,32.07144945774448,30.51288456836213,31.80474326852574,29276600
2018-11-21,31.26300048828125,31.446362220566797,30.554562634360284,30.587901709210232,16525400
2018-11-23,31.16297721862793,31.429683379702002,31.00462142904902,31.054626847132766,5743900
2018-11-26,31.479690551757812,31.663052221464113,31.204648047198358,31.488023727931694,13283800
2018-11-27,31.9714412689209,32.046452597045885,31.354681106627794,31.354681106627794,13718500
2018-11-28,32.55485916137695,32.5631923395111,31.829748667541793,31.86308773885604,17816000
2018-11-29,32.85489273071289,33.05492392724982,32.204796905896885,32.254805499878124,16362200
2018-11-30,32.51317596435547,33.00491602089113,32.27147570354729,32.87989930241546,38075200
2018-12-03,32.629859924316406,32.696534865982514,32.238133911594204,32.57985133352597,23382700
2018-12-04,31.413007736206055,32.74654146154244,31.1379684520862,32.67153016962109,30198200
2018-12-06,31.57137107849121,31.60470696224949,30.821258054638935,31.096300556514123,27455100
2018-12-07,31.17963981628418,31.688049316312313,30.904600539831886,31.38800415699161,20605200
2018-12-10,31.129636764526367,31.338001142279257,30.596224466181067,31.28799572642694,16235400
2018-12-11,30.704572677612305,31.613041428022782,30.621228204116534,31.49635789337356,24295000
2018-12-12,30.821258544921875,31.24632365832915,30.69624182521652,31.096301051172244,23589100
2018-12-13,30.637901306152344,31.087969192729673,30.329522871003533,30.86293524944101,18407300
2018-12-14,30.2878475189209,30.712909470837353,30.15449443798748,30.3295197605773,18146900
2018-12-17,30.179502487182617,30.721251262739667,30.004477133623126,30.329525127201837,20725300
2018-12-18,29.71275520324707,30.387853608397293,29.36270146998731,30.387853608397293,23690300
2018-12-19,29.329368591308594,30.471207667571363,29.12934056964562,29.85444771210303,32338800
2018-12-20,28.854291915893555,29.529393498744504,28.529244065427786,29.354368222245615,27230400
2018-12-21,28.12918472290039,30.004463704427085,28.06250661078461,28.895963935907584,40280400
2018-12-24,27.56243324279785,28.31254610050483,27.529094187035906,28.10418177107371,13391400
2018-12-26,28.454235076904297,28.47923778145596,27.179046274566762,27.72079167597471,22917200
2018-12-27,28.72928237915039,28.75428508790957,27.595779617707496,28.17086417488594,17456600
2018-12-28,28.629268646240234,29.47106264262726,28.48758237362596,29.05433382286022,16231300
2018-12-31,28.537071228027344,28.998021822888866,27.90850136310572,28.738214991513793,21613200
2019-01-02,28.805267333984375,28.872316336089543,28.00907801788365,28.067747493261862,16970400
2019-01-03,29.03154754638672,29.60983389274256,28.604121426841427,28.771740704003584,28750400
2019-01-04,30.01211929321289,30.037261066694647,29.21593009654764,29.358404409040123,22843800
2019-01-07,29.693635940551758,30.09592020631607,29.559541185296986,29.86125518388801,26180800
2019-01-08,29.936687469482422,30.079161766240016,29.6349734327351,29.886400731000684,20440700
2019-01-09,30.221643447875977,30.271926996253942,29.76068960726465,30.062403685820428,16045100
2019-01-10,30.020496368408203,30.171353391129582,29.752306816252784,30.09592487976889,16669600
2019-01-11,29.86125946044922,29.953450217340755,29.59306991153108,29.844497214007884,19161600
2019-01-14,29.978595733642578,30.162977270460125,29.6265949085429,29.67688165414914,16609400
2019-01-15,30.02889060974121,30.17136496525996,29.810984516853527,29.936699816371256,13450000
2019-01-16,30.08754539489746,30.43954298366655,30.070783148231556,30.179732955952474,20838500
2019-01-17,30.09593391418457,30.338981767870177,29.953459570551868,30.003743128505715,25457200
2019-01-18,30.347366333007812,30.406032625074644,29.77746246972449,30.280320512248498,22670000
2019-01-22,29.30811309814453,30.24677635864355,29.19078059021604,30.21325187150082,32850900
2019-01-23,30.91726303100586,31.361451481446213,30.137835963243326,30.246788993433896,36648300
2019-01-24,30.372501373291016,30.908880552118497,29.702024202684573,30.883735580123897,40436900
2019-01-25,29.986976623535156,30.866977127781144,29.802598275401916,30.699357831873712,25199500
2019-01-28,29.643356323242188,29.77745111068155,29.05669042929301,29.735547089057732,26457000
2019-01-29,30.238405227661133,30.447928534847016,29.651739328126272,29.651739328126272,19312300
2019-01-30,29.693635940551758,30.196490473489362,29.54277894125625,30.196490473489362,22674000
2019-01-31,30.64906120300293,30.85020493265938,29.978587432599955,30.0707781754812,31274500
2019-02-01,30.833446502685547,30.9088750110029,30.573636485798772,30.766397518816113,18712300
2019-02-04,30.81668472290039,30.900492756933478,30.397638158591825,30.791542952104777,22890300
2019-02-05,31.135162353515625,31.23573263811919,30.649066783300253,30.900494093345024,24378500
2019-02-06,31.151927947998047,31.25250145080248,30.83345478033446,31.126786170833125,20357300
2019-02-07,31.579364776611328,31.604506559695096,31.084889461167393,31.143555753078275,22902300
2019-02-08,31.512296676635742,31.646391433669766,31.001062613429983,31.428488652391177,18071000
2019-02-11,31.00945472717285,31.629645228428203,30.92564666890138,31.596120726290618,14761400
2019-02-12,31.210590362548828,31.386589157032667,31.04297109286684,31.269256627376773,14626400
2019-02-13,31.034589767456055,31.38659056933436,30.833449192444274,31.210591766931106,14326400
2019-02-14,31.22734832763672,31.39496759149734,30.799922242010098,30.975921030381556,16008400
2019-02-15,31.654787063598633,31.6631665906119,31.135170067818674,31.512309527793125,15877100
2019-02-19,31.470396041870117,31.79725184740128,31.411729779188704,31.638015305419096,12853500
2019-02-20,31.671541213989258,31.78049102265785,31.453635202508714,31.596112701872404,14970400
2019-02-21,32.241451263427734,32.241451263427734,31.3782129639292,31.520690491778836,22082200
2019-02-22,32.35877990722656,32.46773292158413,32.19116062292383,32.249826892868995,20376900
2019-02-25,32.32525634765625,32.51801741121495,32.107353509698775,32.40068486792461,16212000
2019-02-26,32.518009185791016,32.56829591894058,32.1911534129969,32.37553490414074,18127700
2019-02-27,32.29174041748047,32.45098022311148,32.174407843061545,32.38393121083045,17534900
2019-02-28,32.40906524658203,32.60182951228556,32.28335317420785,32.308494949268265,18315300
2019-03-01,32.769439697265625,33.113057748415976,32.534774646842415,32.559916417367326,24117200
2019-03-04,32.4593505859375,33.23039802409319,32.166019232714774,32.895159451491246,15970400
2019-03-05,32.45096969604492,32.67725524347725,32.30849218970375,32.5096359642231,14946000
2019-03-06,32.35877990722656,32.64373173141963,32.22468511919876,32.58506546147446,11051900
2019-03-07,32.16602325439453,32.400688366312615,31.9648794462702,32.325259837900035,14176700
2019-03-08,32.00678634643555,32.24983420391996,31.755358961518724,32.03193132287809,13652900
2019-03-11,32.8281135559082,32.88678302916096,31.93135396620965,32.05706924206627,25653900
2019-03-12,33.0963020324707,33.29744261106924,32.66049318274472,32.81972974055789,21376100
2019-03-13,33.15497589111328,33.40640327045635,32.99573609977369,33.263925730682644,21550400
2019-03-14,33.41477966308594,33.48182866305965,32.9957330044671,33.07954425443424,16567600
2019-03-15,33.917640686035156,33.959544716330264,33.13821357367029,33.44830723434121,66922700
2019-03-18,33.4566764831543,33.900868019623076,33.423155187460026,33.71648650648239,21799700
2019-03-19,33.3393440246582,33.81705685781156,33.27229823605907,33.50696329176343,16787000
2019-03-20,33.07954025268555,33.35610935143885,32.60182737541647,33.32258485550757,23337900
2019-03-21,33.565635681152344,33.66620598094012,32.895161687446844,33.062780985141266,17684000
2019-03-22,33.07115936279297,33.498588716922875,32.97896859240918,33.47344374504507,17030100
2019-03-25,32.836509704589844,33.12146167557131,32.63536582039616,33.08793716202676,15844100
2019-03-26,33.2136344909668,33.28906300703087,32.86163368364386,33.020873438152364,11188300
2019-03-27,33.69971466064453,33.85057163804733,33.255526447775566,33.255526447775566,18266600
2019-03-28,33.8757209777832,33.94276995921048,33.6242936915737,33.69972219714369,10454400
2019-03-29,33.50696563720703,33.808679699701706,33.18010980186174,33.69134716363641,21135700
2019-04-01,33.78353500366211,33.850580791153085,33.498583213414484,33.80867677433728,14326000
2019-04-02,33.71614074707031,34.027858286325674,33.53922024212658,33.84251115896664,14237200
2019-04-03,33.92676544189453,34.18793613369376,33.674021373535865,33.95203888458584,21040200
2019-04-04,34.04471206665039,34.2216325910782,33.800391410736665,33.96888852563631,12294800
2019-04-05,34.05312728881836,34.16265086924275,33.96045695102859,34.06155391013567,21141000
2019-04-08,34.29745101928711,34.331151080006315,33.84250984102181,33.99415690044357,12467200
2019-04-09,34.57547378540039,34.65972072846627,34.17950608259805,34.28902967963559,14949600
2019-04-10,34.60917663574219,34.78609715871948,34.356429358557335,34.69342358559372,13375200
2019-04-11,34.57547378540039,34.65972072846627,34.41540009423441,34.64287069709012,9249400
2019-04-12,34.79451370239258,34.81979035341246,34.49964622228146,34.60074318491749,11536400
2019-04-15,35.198909759521484,35.21575979131999,34.760818574205246,34.81136866960075,12729100
2019-04-16,35.358985900878906,35.535906426280356,34.971441570332416,35.24946229351913,10053600
2019-04-17,35.864471435546875,35.92344493974038,35.29158321154002,35.50220378760681,15338700
2019-04-18,35.74652862548828,36.08352287230013,35.41796100244515,36.00769932745823,13959300
2019-04-22,35.384254455566406,35.72967204908006,35.26630745492487,35.60329842621286,10179600
2019-04-23,35.37583541870117,35.54432931825932,35.13993817445253,35.358985385982336,16963600
2019-04-24,35.25788497924805,35.594879203983396,35.165214620570175,35.40953205899744,25514100
2019-04-25,36.16775894165039,36.90914413321186,35.47692383604119,35.76336789547532,27730500
2019-04-26,36.29413604736328,37.03551809655889,36.11721233638703,37.010244658054276,16530400
2019-04-29,36.60585403442383,36.64797750373414,36.15091285271711,36.369956821419585,11832500
2019-04-30,36.67325210571289,36.78277570044521,36.26043759403807,36.69852875915254,15703000
2019-05-01,36.58058166503906,36.900725854149904,36.47948468409382,36.631131762419216,14327500
2019-05-02,35.93186950683594,36.55530457659016,35.68754888126061,36.49633107577057,18051100
2019-05-03,36.47105407714844,36.65639797000094,36.00768952429552,36.20146003862258,12751000
2019-05-06,36.479488372802734,36.57216195379639,35.974000203147845,36.03297371581373,13307500
2019-05-07,36.0245361328125,36.31940682025484,35.695968601108696,36.226733267453376,15505200
2019-05-08,35.847633361816406,36.193051093237386,35.68756282758288,35.999280484275964,13076900
2019-05-09,36.159339904785156,36.20989000134023,35.51905475082937,35.62857835312451,13624400
2019-05-10,36.35310745239258,36.41208094804943,35.569598765735016,35.9739898275882,12931500
2019-05-13,35.620155334472656,36.27729380092332,35.502208311057636,35.864476005155396,17108700
2019-05-14,36.15091323852539,36.555304333086625,35.61172511244374,35.61172511244374,16592600
2019-05-15,35.79707336425781,36.15933778666271,35.51062926152162,36.01611734220203,37268400
2019-05-16,36.386810302734375,36.47948387229481,35.729675120491315,35.86447216335694,17593700
2019-05-17,36.68168258666992,36.909153208665494,36.24359137547273,36.277291441060626,13915900
2019-05-20,36.0413932800293,36.546884609558866,35.72967571579918,36.546884609558866,14094100
2019-05-21,36.47105407714844,36.48790410628311,35.95713943689151,36.27728356282138,16482100
2019-05-22,36.479488372802734,36.64798550062616,36.29414442463082,36.445788304474966,11964300
2019-05-23,35.999263763427734,36.353107956086035,35.80549324446835,36.2267343414621,14755000
2019-05-24,35.94872283935547,36.27729367837856,35.91502598550454,36.066673076187406,9361800
2019-05-28,35.78022766113281,36.252015736486,35.74652759466038,36.100368651175266,15224600
2019-05-29,35.316856384277344,35.69597406108395,35.1736359362698,35.58645367630698,16520000
2019-05-30,35.16521072387695,35.58645185121043,34.89561344567396,35.578025228927494,22663900
2019-05-31,34.54178237915039,34.946173592077685,34.34801179048621,34.87035003879034,22114400
2019-06-03,34.508079528808594,34.760823614806185,34.27218547705289,34.56705304174751,22205800
2019-06-04,34.87876510620117,35.27472956321587,34.75239148799172,34.920888574332785,21918500
2019-06-05,34.79451370239258,35.20733138836263,34.72711679857339,35.18205473734275,24325300
2019-06-06,34.66814041137695,34.82821085668601,34.381696362951004,34.76923736558192,23997700
2019-06-07,34.946163177490234,35.03883673875812,34.62601902415065,34.83663958564504,32287600
2019-06-10,34.786094665527344,35.07253877383368,34.64287100446672,34.94616514429872,16781700
2019-06-11,34.72711944580078,35.22418410288938,34.56704576112572,35.02198694838947,16895700
2019-06-12,34.9208984375,35.207342601039606,34.75240130356808,34.78610137311757,24733900
2019-06-13,35.123085021972656,35.156785084416974,34.8534909500478,34.92931448364009,26154900
2019-06-14,35.64542007446289,35.80549052217713,35.13150546099312,35.3589760217329,20943700
2019-06-17,35.856048583984375,36.041392508410254,35.46008086640251,35.670701445743504,14562000
2019-06-18,36.43736267089844,36.74065683971057,36.1846186014934,36.20989204428934,21811300
2019-06-19,36.34468460083008,36.86702270817855,36.285711099055966,36.41208472503752,14863700
2019-06-20,36.79962158203125,36.8754451061709,36.4879040778191,36.765921523788194,18166000
2019-06-21,36.698524475097656,36.88386836706811,36.46262728214933,36.58900089315073,24679500
2019-06-24,36.73222732543945,36.95127452514947,36.58900687578017,36.690103852822894,12693300
2019-06-25,36.01611328125,36.69852500565742,35.965563193355734,36.66482494706125,19622200
2019-06-26,35.47692108154297,36.10035602414443,35.33369745603889,35.94028558511197,17737600
2019-06-27,35.384254455566406,35.653848518122686,34.887189800138,35.628575079075134,19009300
2019-06-28,35.620155334472656,35.64543199221541,35.266314264227596,35.52748175498504,49937900
2019-07-01,35.982418060302734,36.22673869725094,35.670700510915495,35.93187117942718,19530300
2019-07-02,36.31260681152344,36.31260681152344,35.94854917028104,36.04168064543998,14996100
2019-07-03,36.67666244506836,36.69359573323347,36.363404688249986,36.40573629381552,8404300
2019-07-05,36.64279556274414,36.70206045597989,36.29567123249428,36.532734035131725,11608800
2019-07-08,36.09248352050781,36.592004286419844,36.04168364899822,36.55813770541345,14804500
2019-07-09,36.38880157470703,36.52426464500654,35.86388258100825,36.03321222630621,15865000
2019-07-10,37.074581146240234,37.37090557096208,36.61739212264595,37.286242372382695,22178400
2019-07-11,37.32011795043945,37.362449559945354,37.040723514249905,37.09152338347385,15189100
2019-07-12,37.79424285888672,38.10750069222854,37.21852383941267,37.31165533222396,18076700
2019-07-15,37.86196517944336,37.98895999077459,37.658768959741316,37.98895999077459,15964900
2019-07-16,38.175235748291016,38.31916389542571,37.90430951746476,37.955109396880474,17468500
2019-07-17,37.61643981933594,38.141358845874386,37.54870666510153,38.12442555731578,16688200
2019-07-18,37.72651290893555,37.74344620123248,37.32858861419573,37.46405172287595,12460900
2019-07-19,37.30318832397461,37.89583737464656,37.26932174116619,37.88737234379201,18372000
2019-07-22,37.125389099121094,37.370916971474564,36.94759439004926,37.34551865009144,17162800
2019-07-23,37.52330780029297,37.60797101215765,37.210050040760244,37.26084667600125,16611000
2019-07-24,37.98896408081055,37.99743234029429,37.44711174285967,37.51484489995087,17642400
2019-07-25,37.76883316040039,38.35301703523831,37.0915178207997,37.51484031176192,25659200
2019-07-26,37.7857666015625,38.16675749091973,37.26931264373318,37.26931264373318,17000300
2019-07-29,37.44711685180664,37.85350616071389,37.35398536294756,37.845041129769946,9840700
2019-07-30,37.32011795043945,37.47251109872174,37.01532519448532,37.28625137095682,10335700
2019-07-31,36.549678802490234,37.167732760154195,36.15175767772459,37.08306628596254,18509200
2019-08-01,36.30414581298828,37.116924401488504,36.21947935812679,36.566603748821365,17420900
2019-08-02,36.10942077636719,36.33801214902577,35.72842977244407,36.19408400848553,20839500
2019-08-05,35.22891616821289,35.72843709130513,34.8225267573457,35.677637203810754,23618700
2019-08-06,35.61835479736328,35.71995129277999,34.966437761525206,35.29662879390028,18433400
2019-08-07,35.33050537109375,35.42363686396415,34.47539510233835,34.966447660615984,22674700
2019-08-08,36.11787414550781,36.304137071659596,35.47442539196548,35.53369028125119,14085300
2019-08-09,36.346473693847656,36.53273664572414,35.880819543851125,36.092480814730884,15782200
2019-08-12,35.94854736328125,36.21100848647307,35.72842107553887,36.17714190999132,15941500
2019-08-13,36.79519271850586,37.28624839269634,35.94854767723498,36.01628083079002,21465800
2019-08-14,35.872352600097656,36.82059745379846,35.719956221099125,36.82059745379846,18319400
2019-08-15,35.85542297363281,36.30414712639506,35.601430059249445,35.940089431557354,14375400
2019-08-16,36.55813217163086,36.67666195751652,35.99087832957092,36.219472872219455,14052100
2019-08-19,37.25238037109375,37.3709101555234,36.92218933455561,36.93912262228762,13908500
2019-08-20,37.20158004760742,37.64183583410918,36.98991879811779,37.1507834147343,15758100
2019-08-21,37.345516204833984,37.38784781426578,36.812128882847894,37.04918847942181,11329400
2019-08-22,37.057655334472656,37.59950766592855,36.93065728129627,37.447111293994745,9960500
2019-08-23,35.923160552978516,37.11693030395544,35.787697433353316,36.82907077103995,18196700
2019-08-26,36.70206832885742,36.83753143241051,36.02475281109199,36.185617466976694,13009600
2019-08-27,36.913726806640625,37.184652993024805,36.761330423087664,37.16772293235883,12508000
2019-08-28,37.057655334472656,37.16772009857921,36.583532929601425,36.74439756091747,11761100
2019-08-29,37.39631271362305,37.67570714834743,37.210052986834896,37.379382653665296,11339500
2019-08-30,37.472511291503906,37.802705598616136,37.277783303019135,37.667242509683476,15484500
2019-09-03,37.15078353881836,37.3201131849145,36.854455850726524,37.1592485677607,12712000
2019-09-04,38.539283752441406,38.700145152126716,37.43864581370675,37.523309028342254,26196000
2019-09-05,39.29279708862305,39.47059177602038,38.93720771382839,39.30973037737916,22075600
2019-09-06,39.24200439453125,39.462133958898775,39.115009550191694,39.30973756193516,13101800
2019-09-09,39.3012580871582,39.52985261737772,39.06419852827615,39.49598927303333,16383100
2019-09-10,39.3266716003418,39.42826812368113,38.954145631938836,39.106542031795456,17566700
2019-09-11,39.28433609008789,39.42826421474156,39.021874931978644,39.18273634712597,12874400
2019-09-12,39.76692581176758,40.02091872413129,39.36900153692419,39.61452941841033,18660000
2019-09-13,39.690731048583984,39.92779069000457,39.61453284531374,39.75846099054899,11732700
2019-09-16,39.17427062988281,39.470595134088974,38.76788135424513,39.140404049489284,13581700
2019-09-17,39.51292037963867,39.54678695457667,38.844073287932225,39.04726627817149,9894800
2019-09-18,39.74151611328125,39.83464758231947,39.33512689086448,39.77538268923959,12996900
2019-09-19,39.521392822265625,39.927782075462055,39.428261346173684,39.82618556958662,10501200
2019-09-20,39.25047302246094,39.63992904959091,39.09807662407178,39.51293097436821,27252500
2019-09-23,39.13193130493164,39.37745589014582,39.081131444355826,39.08959647293801,13438500
2019-09-24,38.70014953613281,39.49599805451769,38.48002321532751,39.47059650349382,20731100
2019-09-25,38.80173873901367,38.92873354085058,38.3699480155635,38.767872166646185,22128500
2019-09-26,38.01436233520508,38.776340908279174,37.464041785461774,38.62394454772547,22216300
2019-09-27,37.93815994262695,38.35301414386593,37.53177076950357,38.234484372083365,15005300
2019-09-30,38.16676330566406,38.28529310492348,37.904302157521904,38.09903014626165,13892900
2019-10-01,37.869056701660156,38.88127873684393,37.83503161355036,38.430457676227704,15177800
2019-10-02,37.46927261352539,37.96262669072247,37.401225677422026,37.75847939278994,17195700
2019-10-03,37.47777557373047,37.57133969295131,37.095001468515036,37.486280222819346,11345000
2019-10-04,38.030662536621094,38.294352043553204,37.67340892543269,37.707434005967855,14900200
2019-10-07,37.928592681884766,38.24331658258373,37.70743613553669,37.758470514411385,12190800
2019-10-08,37.52029800415039,38.064686294556545,37.12051143377893,38.064686294556545,14241800
2019-10-09,37.749969482421875,37.86905403761769,37.46926739247966,37.84353684573595,10439800
2019-10-10,37.8520393371582,38.14124605963903,37.68191716308527,37.766979872527024,9366400
2019-10-11,38.745174407958984,39.07691084317349,37.96261699615145,38.14124380821921,22961800
2019-10-14,38.472984313964844,38.736673858352205,38.328382568366145,38.59206886794277,10105100
2019-10-15,38.84724426269531,38.974836689873406,38.362398231114895,38.54102827812627,9026200
2019-10-16,38.7877082824707,38.96633835843658,38.54103452531821,38.7536864418774,15002300
2019-10-17,39.06840133666992,39.09391852241765,38.71114451215175,38.98334188763749,9121100
2019-10-18,38.762176513671875,39.212997368899345,38.634584113795285,39.1789755411005,13553900
2019-10-21,39.19601058959961,39.315095167315484,38.966346084799845,39.03439302428975,10646900
2019-10-22,38.93231201171875,39.17048111220949,38.87276973659606,39.03438401981326,11926900
2019-10-23,38.88978576660156,39.28956918616432,38.67713383785997,39.13645953788551,23358700
2019-10-24,38.14124298095703,40.18270241542877,37.85203628182037,40.15718198225091,18968800
2019-10-25,38.830238342285156,38.94081499431879,38.217799830299796,38.430451730871326,15256800
2019-10-28,38.651615142822266,39.170486391518494,37.89457476153541,38.60908540411838,14824000
2019-10-29,38.575050354003906,38.83023520995305,38.379411010637064,38.43895327840914,12664500
2019-10-30,38.01365280151367,38.6431038586225,37.81801344121498,38.57505369253052,14443100
2019-10-31,38.124237060546875,38.149754253345364,37.33317163568484,38.06469478080981,23563100
2019-11-01,38.06468963623047,38.45596834870872,37.860542387001125,38.43895580753874,16314100
2019-11-04,37.33317565917969,38.464485585729975,37.2140910868715,38.37091820897033,20926400
2019-11-05,37.66489791870117,37.83502006250075,37.146026840276946,37.392703786545844,15991300
2019-11-06,37.61387252807617,37.72444918986003,37.026951154067596,37.6989319978808,19927400
2019-11-07,38.022159576416016,38.285845850240946,37.65639805645523,37.83502486997736,15632600
2019-11-08,38.438961029052734,38.447468923198656,37.79250060083103,38.00515252712659,13741700
2019-11-11,38.48999786376953,38.78770925650419,38.17527392790563,38.17527392790563,11169500
2019-11-12,38.472984313964844,38.54103448470122,38.234815206008996,38.43045457965998,12175300
2019-11-13,38.44746780395508,38.75368708807608,38.25182842683573,38.31987535396773,11379200
2019-11-14,38.66011428833008,38.762186287081846,38.3113653181854,38.39642477634348,11363900
2019-11-15,37.90308380126953,38.847255710340505,37.79250388144978,38.83875106026722,23178600
2019-11-18,37.94560241699219,37.95410706457223,37.49478146461534,37.69042080705832,16260100
2019-11-19,38.11572265625,38.200782107016266,37.92858797079215,38.073189686056814,16469200
2019-11-20,37.61387252807617,37.96262154597239,37.32466578800535,37.75847427570619,15240200
2019-11-21,37.73295211791992,37.80950692859348,37.23959817251025,37.67340984793053,16252800
2019-11-22,38.10722732543945,38.192290049054705,37.67341879184061,37.87756283889497,14107400
2019-11-25,36.87384033203125,38.19228478546759,36.814298056112136,38.13274250954848,26194100
2019-11-26,37.04396057128906,37.299142203981965,36.78877893859616,36.975913650149195,38656500
2019-11-27,37.78398513793945,37.92008545852396,37.137524839214244,37.29913910269299,20426200
2019-11-29,37.5543327331543,37.93710361739278,37.46076536329654,37.93710361739278,8479300
2019-12-02,37.112003326416016,37.76697144125181,37.052461065504566,37.76697144125181,16787400
2019-12-03,37.129024505615234,37.19707142900364,36.64417841403436,36.87383961967952,21830800
2019-12-04,37.00994110107422,37.20558373544658,36.8738439933441,37.1715586473113,16872600
2019-12-05,37.46076202392578,37.503291757848714,36.79728584444738,36.98442056748112,22569100
2019-12-06,37.63087844848633,37.7839848182279,37.435235861706666,37.73295044325078,14667700
2019-12-09,37.33317565917969,38.353905663667554,37.20558643662573,37.64789963525294,21538800
2019-12-10,36.38048553466797,37.25661027841072,36.329447913211084,37.19706800911619,30176400
2019-12-11,35.78506088256836,36.44853376129295,35.73402325927784,36.39749938281286,37611200
2019-12-12,36.584632873535156,36.74625040051011,35.870122331907076,35.887134873947105,35992600
2019-12-13,37.069480895996094,37.256612362183674,36.346462486564725,36.440029842063765,28975900
2019-12-16,37.026947021484375,37.49478378762683,36.84832020794476,37.333166270301106,23558800
2019-12-17,36.90786361694336,37.333167421231366,36.805791612461185,37.333167421231366,18742500
2019-12-18,36.73773956298828,37.32466085949726,36.695209833701774,36.958899346974675,27054900
2019-12-19,37.12052536010742,37.129033255542595,36.601654062148434,36.80580137004478,20723200
2019-12-20,37.5032844543457,37.58834390562683,36.77176149201175,37.20557313005169,41414500
2019-12-23,37.51179504394531,37.639387485889515,37.3842058468117,37.49478574684264,22609300
2019-12-24,37.8775634765625,38.02216848673728,37.51180187088715,37.51180187088715,6504700
2019-12-26,38.251827239990234,38.27734443127166,37.91158288045465,38.04767997530675,12019600
2019-12-27,38.36240005493164,38.46447529945104,38.158256055513576,38.36240005493164,12272100
2019-12-30,38.43044662475586,38.566543693246494,38.22629939961489,38.362396468105516,12896900
2019-12-31,38.251827239990234,38.430454068581604,38.08170506022244,38.37941644120806,13881700
2020-01-02,38.592063903808594,38.617584336957385,38.21779774733294,38.58355925596587,20170500
2020-01-03,38.28584289550781,38.46447294005448,37.911576756325125,38.13273652774093,20496400
2020-01-06,37.996639251708984,38.16676141761406,37.894567250090105,37.98813460357842,17628200
2020-01-07,38.39832305908203,38.46669140217826,37.79153975100151,37.81717747214541,24563700
2020-01-08,38.79144287109375,38.945275689972306,38.253028005018784,38.40686082389735,18097400
2020-01-09,38.89399719238281,38.97946168115412,38.61197252977973,38.79144306599413,14195400
2020-01-10,38.441043853759766,38.99655157753951,38.39831324273132,38.99655157753951,15896200
2020-01-13,39.14183807373047,39.20166158389776,38.372677260092416,38.38976689716581,21789300
2020-01-14,39.33839797973633,39.50077885862791,38.88544765469456,38.94527115950624,16711900
2020-01-15,39.552059173583984,39.782808403576205,39.32130994359177,39.364043818141255,15413500
2020-01-16,40.0562858581543,40.099016470017496,39.57769778906774,39.688796727884714,24424400
2020-01-17,40.59470748901367,40.799819024471184,40.26140409651531,40.74854032557249,27667100
2020-01-21,40.42377471923828,40.57760752903078,39.987917264917336,40.57760752903078,19141600
2020-01-22,40.54342269897461,40.7656271006816,40.39813796412807,40.59470139016932,18251600
2020-01-23,39.013648986816406,40.15029902030908,38.893998697905104,39.77426503557034,37753000
2020-01-24,38.10774230957031,38.50941724436393,37.78298378228745,38.37267732658222,39229300
2020-01-27,37.60350799560547,38.2444768818942,37.43258230723454,37.5436844936961,24048800
2020-01-28,37.63770294189453,37.962458242656545,37.44113949349527,37.66334066033966,15875700
2020-01-29,37.02236557006836,37.825712131438266,36.87708084243048,37.825712131438266,21913200
2020-01-30,37.7231559753418,37.76588658350591,36.492496855478734,36.63778157526399,25105100
2020-01-31,36.9112663269043,37.72316103138654,36.74888869006259,37.706068133802646,24008300
2020-02-03,36.45831298828125,37.30439341916657,36.42412719589189,37.22747701635882,26383600
2020-02-04,37.842803955078125,38.047915443729636,37.07364320794211,37.17619732219961,28143200
2020-02-05,38.10774230957031,38.57778557318638,38.01373300481974,38.15902100128975,20332100
2020-02-06,38.11628723144531,38.5094173487531,37.85135547385204,38.253027149597685,15222400
2020-02-07,38.23594284057617,38.329948898544394,37.83426784872084,38.04792420436521,14104200
2020-02-10,38.167564392089844,38.22738790012295,37.825712980354965,38.150471495489434,15016100
2020-02-11,38.27865982055664,38.32993524115342,37.91117075897787,38.30429753085503,11075700
2020-02-12,39.329856872558594,39.4324109961775,38.381222263707464,38.44104577416323,23638000
2020-02-13,39.372581481933594,39.61187548726754,39.04782300316873,39.2272967673055,17913100
2020-02-14,39.389686584472656,39.46660300433066,39.09911380502436,39.38114176454947,15930600
2020-02-18,39.44095230102539,39.64606051303648,39.150379617229476,39.43240422377878,13694500
2020-02-19,39.28712844848633,39.53496732269695,39.193119138207095,39.50078478634386,14814400
2020-02-20,39.329856872558594,39.44095907489222,38.88545132336091,39.14183826247659,12037800
2020-02-21,39.158931732177734,39.6717056179046,39.02219181197478,39.10765303955031,21235400
2020-02-24,38.11628723144531,39.321308778955874,38.005188289290565,38.56069278047473,21720800
2020-02-25,36.89418029785156,38.36413716235741,36.77453325262666,38.24449011713251,22440600
2020-02-26,36.082271575927734,37.757335934282914,36.05663060688039,37.757335934282914,30526000
2020-02-27,35.08237075805664,36.40703942845628,35.031095322385895,35.77461848084528,36098100
2020-02-28,34.552513122558594,35.022556548541424,33.304760534273136,34.18502385530305,62186700
2020-03-02,36.33867263793945,36.34721745753523,33.672242285261035,34.47558899288915,40006900
2020-03-03,35.415672302246094,37.13347103155571,35.12509956127584,35.954087169954455,43253400
2020-03-04,36.32158279418945,36.37286149648956,35.466957316679114,35.86863233435297,24996900
2020-03-05,34.84307861328125,35.706248849271816,34.54395776149808,35.39858317778616,25284600
2020-03-06,34.501224517822266,34.6977879573973,33.18510395457475,33.2534722874049,31302100
2020-03-09,32.373199462890625,33.236369373086355,31.749323535692522,32.62103826236559,46926200
2020-03-10,33.41584396362305,33.458577831665266,31.339104470063884,33.02271715467134,48724300
2020-03-11,32.39884567260742,32.8945299218769,31.94589529734431,32.304836366012395,38865100
2020-03-12,29.860612869262695,32.3475728666441,29.433300132529553,30.407575910796588,63254500
2020-03-13,33.6124153137207,33.94571866603864,29.467480566335592,30.963074872475847,66243400
2020-03-16,30.800695419311523,33.32184061015108,29.48457172509201,29.604218740905296,41485700
2020-03-17,32.66377639770508,32.7748753271227,30.94597790896045,31.26219158229612,38934900
2020-03-18,30.493026733398438,31.40747541669259,28.43338017661398,30.963069931144798,42533400
2020-03-19,30.715227127075195,33.59531626829208,29.570029280393438,30.45884023068238,36830400
2020-03-20,28.518848419189453,30.84343052875386,27.8949722742243,30.84343052875386,47309000
2020-03-23,29.202547073364258,29.629859754637742,27.100169463931593,28.347921710817285,38600900
2020-03-24,29.604219436645508,30.22809550528866,28.655584845922103,30.22809550528866,46492800
2020-03-25,28.689769744873047,29.535850187543687,27.159991375643088,28.869240267212177,57834100
2020-03-26,31.398935317993164,31.886071483791195,28.253913916969882,28.3650128599506,38329500
2020-03-27,29.544397354125977,30.58704129844653,29.407657431931224,30.416115580668862,27910400
2020-03-30,30.330652236938477,30.450299252998967,29.52730239744087,29.68968328506869,31400200
2020-03-31,29.573680877685547,30.777959070055182,29.461853943923064,29.96077158578412,27786300
2020-04-01,27.88768768310547,29.04035603169534,27.569414541888303,28.524237246943006,26097200
2020-04-02,29.56507682800293,29.651098807746088,27.57801667627955,27.61242218677381,24683900
2020-04-03,29.20378875732422,29.797325537424967,28.73927999999196,29.33281678009271,19312300
2020-04-06,31.16504669189453,31.31128240331813,30.18441918275789,30.425274141099464,31583200
2020-04-07,31.775781631469727,32.661789718187435,31.595140448495048,31.784385467650644,26379000
2020-04-08,32.4123420715332,32.61018771322328,31.620956223369706,32.025251345877315,26522500
2020-04-09,32.68760299682617,32.73061234448879,31.65536224590898,32.24890240042288,28615800
2020-04-13,31.990835189819336,32.59297581544069,31.46611597291461,32.21448901601701,20237400
2020-04-14,33.13490295410156,33.238126030823935,32.02524421477811,32.30911177751769,21803300
2020-04-15,31.965036392211914,32.73061397552667,31.61235447355894,32.498359548891344,19786300
2020-04-16,32.54136276245117,32.70479955697517,31.534927204966053,32.28330017549461,20973800
2020-04-17,32.75642013549805,33.29834381524797,32.412338796041695,33.160711935745994,28736600
2020-04-20,32.0080451965332,32.87684914225945,31.930627055640795,32.412340296905,18444500
2020-04-21,30.71774673461914,31.646764476702703,30.562910444271882,31.612355682980382,23004500
2020-04-22,30.73494529724121,31.26826837308678,30.69193595395412,31.16504529291725,20117300
2020-04-23,31.044618606567383,31.414504874742764,30.7951598152114,30.8209680469603,21194200
2020-04-24,31.965036392211914,32.01664958082078,31.096235713082464,31.096235713082464,19188000
2020-04-27,32.86825180053711,32.98867931430683,32.17149167618268,32.31772414821631,21775600
2020-04-28,32.75642013549805,33.60801636447812,32.6101844177381,33.229529516198404,15958700
2020-04-29,33.54780197143555,33.651025058708726,32.988670626017175,33.392965699824394,19110200
2020-04-30,32.369327545166016,32.71340558298266,30.975801155590265,31.405901163913057,33212500
2020-05-01,31.81020164489746,32.26610668139502,31.638160955957726,31.947833539768602,19951600
2020-05-04,31.15645408630371,31.999449937028096,30.898391386336144,31.95644058083468,24906000
2020-05-05,31.01021385192871,31.388704007050585,30.95860394452341,31.302682025703312,18784100
2020-05-06,30.2274227142334,31.190845643704012,30.19301393211607,31.156440142988757,20151900
2020-05-07,30.605915069580078,30.86397439217404,30.425270590502215,30.605915069580075,17462400
2020-05-08,31.4231014251709,31.526327776201697,30.96719652635932,31.182246502236815,12979000
2020-05-11,31.10483169555664,31.2252591698617,30.57150861731883,31.190850382516665,21758100
2020-05-12,30.40807342529297,31.16505046202959,30.39947286777006,31.027418571841395,17133000
2020-05-13,30.081186294555664,30.365050505604206,29.608073807138705,30.25322361936005,30898300
2020-05-14,30.760757446289062,30.829575036776767,29.393039008677523,29.91776165123463,24334900
2020-05-15,30.89838409423828,30.94999727833166,29.97797030702435,30.37366482226805,31571600
2020-05-18,32.7650260925293,32.98867670305497,31.681175272991464,31.775794539603957,24827400
2020-05-19,32.86825180053711,33.255342581513816,32.11127791929783,32.54137805784891,27763200
2020-05-20,33.69403839111328,33.75425542066626,33.11770586413561,33.21232840591479,23123500
2020-05-21,33.50479507446289,33.71124126410091,33.16931755524883,33.41017253696087,20744200
2020-05-22,33.32414627075195,33.547796805639216,33.091891899098485,33.26392925759533,12383000
2020-05-26,33.99509811401367,34.519820542108576,33.89187505187431,33.93488438764888,21584900
2020-05-27,34.34778594970703,34.812294733013374,34.0811227708306,34.0897266083377,20654900
2020-05-28,34.02090072631836,34.51981817501718,33.92627822526157,34.382186341135046,18254000
2020-05-29,34.06391906738281,34.253164119542454,33.375759715987705,34.02951356086503,20298700
2020-06-01,34.562843322753906,34.64026146982442,33.89188823574499,34.01231573532062,13350600
2020-06-02,35.078956604003906,35.12196923115412,34.511224708490154,34.51982854648129,19060100
2020-06-03,35.5262565612793,35.76711477376888,35.25959668226193,35.39722854022641,17141900
2020-06-04,35.51765441894531,35.59507254067916,35.130563810276065,35.242390715314336,12756500
2020-06-05,36.2058219909668,37.07462263976789,36.11980329435784,36.24023078217156,20271600
2020-06-08,37.091819763183594,37.1434329398715,36.04237808841445,36.068183036057256,17212000
2020-06-09,36.2574348449707,36.89398106940128,36.02518042857482,36.7047360009151,14413900
2020-06-10,35.57787322998047,36.23162379911704,35.380027619828574,36.21441940500783,15634600
2020-06-11,33.762855529785156,35.50046020814374,33.71124234002686,35.190787632400195,22805900
2020-06-12,33.9434928894043,34.382196748663425,33.13490603076188,34.05531981372171,18507300
2020-06-15,34.26176834106445,34.485418902247474,33.152109528719166,33.7972595431428,16585500
2020-06-16,34.19295883178711,35.31121846434474,33.66823617123073,34.87251779484876,21212400
2020-06-17,33.73705291748047,34.31338547680714,33.65103092857871,34.21876292971689,18935700
2020-06-18,33.9262809753418,34.06391282038043,33.50478488552437,33.71123101238131,17008200
2020-06-19,33.63381576538086,34.80368818876842,33.43597017633771,34.27896570933115,35341300
2020-06-22,33.06608963012695,33.59081219976571,32.962866540143175,33.375762181481164,20800700
2020-06-23,33.71983337402344,34.10692394670647,33.28112963118203,33.48757903041361,24917900
2020-06-24,33.169315338134766,33.960697814521055,32.799429051570755,33.960697814521055,20958900
2020-06-25,33.17790985107422,33.32414554027372,32.48975058796474,32.997268659770896,18159200
2020-06-26,33.24673080444336,33.324148934516266,32.71340444998445,32.945658840203166,50945600
2020-06-29,33.496192932128906,33.57361107751469,33.0230835020616,33.43597918365142,20573800
2020-06-30,33.729820251464844,33.85961821361871,32.98565231036784,33.31447139383148,22169400
2020-07-01,34.352848052978516,34.79415521948263,34.09325540792317,34.274969929371956,18269800
2020-07-02,33.96345138549805,34.85472051843491,33.894224932000554,34.64704775974039,23372800
2020-07-06,34.89799118041992,34.932601108727326,34.309579487504145,34.43937414568016,17551400
2020-07-07,34.67301559448242,34.91530164676434,34.612444081411944,34.64705731770933,19404700
2020-07-08,34.38745880126953,34.820114278733975,34.19708933489739,34.7249295455479,12536000
2020-07-09,33.998069763183594,34.37015375485841,33.77308705612932,34.35284713886196,15335200
2020-07-10,35.05374526977539,35.07970684298889,33.86827018787133,33.946148305713166,19032700
2020-07-13,35.079708099365234,35.5642801380477,34.76819561684111,35.019136594529925,17464700
2020-07-14,35.63350296020508,35.72868768690587,34.465334571002316,34.56917095426723,21030600
2020-07-15,36.30845260620117,36.41229231382643,35.52101964499218,35.57293949880481,21068800
2020-07-16,36.46420669555664,36.498819929370754,36.04885779248623,36.09212268430405,14817900
2020-07-17,36.49882125854492,36.75841391980503,36.25653521482212,36.75841391980503,15912900
2020-07-20,36.2997932434082,36.43824285662412,36.13538205834613,36.33440647193697,12964100
2020-07-21,36.83628463745117,37.00934747710726,36.3949775321823,36.464200687505276,23363500
2020-07-22,36.83628463745117,37.00069251962994,36.69783502590612,36.79301975276193,16360500
2020-07-23,36.767066955566406,37.17376089326793,36.637268981276804,37.00069802784832,22357200
2020-07-24,37.511234283447266,37.98715802179329,36.95743571617171,37.58046075480663,21926100
2020-07-27,37.69295120239258,37.76217437116634,37.338173797565204,37.38143869066127,18268600
2020-07-28,37.39009094238281,37.7016034590585,37.035313531924345,37.087233385003564,17574600
2020-07-29,37.98715591430664,38.16887044019389,37.433354076855586,37.49392888638432,25499900
2020-07-30,37.78813171386719,39.112059856037874,37.312211299761245,38.489034847957555,17658600
2020-07-31,37.035308837890625,37.76217018437472,36.30844749140654,37.67564040777636,23913000
2020-08-03,37.10453796386719,37.329517379715284,36.69784072267681,36.94012675526701,13733000
2020-08-04,37.39009094238281,37.41605251937232,36.81033410371402,36.87955727358651,12102500
2020-08-05,36.593990325927734,37.615057216856556,36.559377105683076,37.45930102665396,16207600
2020-08-06,37.095882415771484,37.11318903223867,36.360369370863765,36.37767598733095,13772200
2020-08-07,37.04396057128906,37.13914199690163,36.74975473520712,36.85359111826572,10353000
2020-08-10,37.22568130493164,37.398744172962914,36.82763901908947,36.82763901908947,16375000
2020-08-11,37.19972229003906,38.07368496990702,37.13914748166841,37.42470170337451,17140700
2020-08-12,37.5025749206543,37.84004564695346,37.18241080863959,37.21702073630936,10407500
2020-08-13,37.54584884643555,37.580462083338865,37.199726380102234,37.294907830236426,12649500
2020-08-14,37.874664306640625,38.22944169809832,37.38143728195309,37.744866331344056,15238000
2020-08-17,37.666996002197266,38.03042842770664,37.46797481954464,37.961201946314254,12333300
2020-08-18,37.675636291503906,37.848699126691926,37.45065361548977,37.822737555829356,8717300
2020-08-19,37.48527145385742,37.86600709738702,37.3468218288558,37.77947731959829,9857900
2020-08-20,37.4420051574707,37.589106434361696,37.12184103060847,37.407391927296594,11318700
2020-08-21,37.26893997192383,37.40738958304457,36.966082479128175,37.24298170136966,12931400
2020-08-24,37.9006233215332,37.91792993863738,37.078577164033,37.08723212303494,15266700
2020-08-25,37.563148498535156,37.88331262826425,37.36412737460089,37.87466097109291,8413000
2020-08-26,38.24673843383789,38.38518803129934,37.13048669754936,37.225671414722626,14428200
2020-08-27,38.54095458984375,38.76593400829171,38.2813619375116,38.55826120678585,14317500
2020-08-28,38.558258056640625,38.56690971395501,38.01311122065092,38.53229648289866,10975100
2020-08-31,38.77458572387695,39.051484969989716,38.290010392729926,38.29866205002747,24898100
2020-09-01,38.98225402832031,39.01686725533163,38.281354336285574,38.45441386954417,16941900
2020-09-02,39.08609390258789,39.743732070997076,38.94764428306479,38.982257513170396,20421100
2020-09-03,38.45441818237305,39.752384632779105,38.15156066430472,39.466833730157454,18515100
2020-09-04,38.44575500488281,38.91302357922847,37.98714138611673,38.861103748446155,16201700
2020-09-08,37.90927505493164,38.29866235349478,37.312208368789264,37.90927505493164,20897600
2020-09-09,38.592872619628906,38.930346711590914,37.822746291122876,38.06503563670327,15420900
2020-09-10,38.09099578857422,38.947651946397855,37.95254614180979,38.636142716852866,16023600
2020-09-11,38.6534423828125,38.71401719214313,38.04772729850264,38.15156369854152,18316200
2020-09-14,39.172637939453125,39.363007457405345,38.68806248507485,38.956310142107505,11435700
2020-09-15,40.20234298706055,40.44463227984664,38.98225476935954,39.077439495000604,18415900
2020-09-16,40.50520324707031,41.10226656249661,40.410018522676474,40.71287600856684,26326900
2020-09-17,39.44088363647461,40.17639679053837,38.95630820617727,39.75239287641568,21253500
2020-09-18,39.163978576660156,39.674512253043105,38.32462906192198,39.354348073213075,39626000
2020-09-21,38.6620979309082,39.319732875710095,37.56315250264084,38.86977073415103,32257700
2020-09-22,39.96870803833008,40.21964898373332,38.80053968005833,38.88706944700475,32899300
2020-09-23,39.250511169433594,40.1331288683219,39.155326422362336,39.97737260964162,19671200
2020-09-24,39.544708251953125,39.87352731372946,38.86111185804148,39.10339785045611,14500600
2020-09-25,39.934104919433594,40.08986116720725,39.1293654062362,39.24185346226194,12556000
2020-09-28,40.461936950683594,40.73018452277451,40.01197817947827,40.57442829393452,16208800
2020-09-29,39.97737121582031,40.55712803555034,39.95140963967888,40.53982141842262,11873800
2020-09-30,40.02927780151367,40.4273232945634,39.58797072776362,40.27156708008718,27897300
2020-10-01,40.18503189086914,40.47058603594078,39.95139758151018,40.29752321779724,15524400
2020-10-02,39.068790435791016,39.79565176067222,39.03417720582065,39.631240568762635,18103900
2020-10-05,39.6399040222168,39.74374043348253,38.95630743784242,39.19859349776245,12599400
2020-10-06,38.70933532714844,39.58771126169812,38.5875810354419,39.37898724909003,17911200
2020-10-07,39.10069274902344,39.23114567817622,38.491917942236796,39.16156989794652,17829200
2020-10-08,39.396385192871094,39.47465629085091,38.987639074581786,39.21375373677017,15366000
2020-10-09,39.00503158569336,39.683382240113545,38.85718801434858,39.465962881625714,25103900
2020-10-12,39.9964714050293,40.23128142067919,39.06591338785282,39.396391780982945,19520100
2020-10-13,39.90950012207031,40.274766398827644,39.46596605481826,40.11822418272541,13854400
2020-10-14,39.378990173339844,40.01385425406527,39.12678625788598,39.831222802943415,15325000
2020-10-15,39.23115158081055,39.2659394761595,38.726737050919525,39.16157579011263,12904800
2020-10-16,39.62250900268555,39.909500859135655,39.04852197222887,39.33551382867898,13360900
2020-10-19,38.55279541015625,39.7964308682545,38.439736434854396,39.62249806632,17520400
2020-10-20,38.50061798095703,38.839791628086004,38.37886367866006,38.81370236832406,13137400
2020-10-21,38.71803283691406,39.04851113165951,38.23971099725033,38.26580025398755,13198900
2020-10-22,39.23115158081055,39.34421058191651,38.578893472020894,38.700647788185954,15956600
2020-10-23,39.18766784667969,39.61380794756226,38.78761369062577,39.4833583180815,10529200
2020-10-26,38.0657844543457,38.97894516298547,37.874454343324594,38.88328010747491,15634600
2020-10-27,37.77878952026367,38.12666184834133,37.70921704518197,37.917937787983455,11134900
2020-10-28,36.50904846191406,37.46569537255256,36.448171323311776,37.317848523407555,20256200
2020-10-29,37.44830322265625,37.99619749629811,36.43077912471849,36.596019923880185,20354400
2020-10-30,36.735172271728516,37.439608793325284,36.3090289157473,36.935197661660666,22001800
2020-11-02,36.004638671875,37.33524377300185,35.63067719733321,37.17870160609806,24480400
2020-11-03,37.06565475463867,37.37873919079917,36.30903624562176,36.482972412106086,20761600
2020-11-04,38.00490188598633,38.79630816318003,37.7439993374439,38.50061772348371,23064100
2020-11-05,38.57018280029297,38.97023683682245,38.44842852213171,38.770211477335344,18897400
2020-11-06,38.72673416137695,38.87458104680049,38.222322986678186,38.76152205413026,14129100
2020-11-09,41.0313835144043,41.944544199164554,40.63133267232743,41.39664646128588,37456800
2020-11-10,41.54449462890625,41.709732159807885,39.961681842184845,40.15300863650348,21103100
2020-11-11,41.457515716552734,41.71842156322771,40.97919386024136,41.55318075132614,11840000
2020-11-12,41.72711944580078,41.82278448646445,41.09225536941702,41.42273369601263,20020400
2020-11-13,42.614192962646484,42.831612314496724,41.50970225714056,41.57927804215953,17032600
2020-11-16,43.08382034301758,43.26645180568237,42.83161309406748,42.96206603457438,19426600
2020-11-17,43.29254150390625,43.47517628597129,42.59680022180841,42.77943168631732,19426000
2020-11-18,42.7359504699707,43.814351995649204,42.64898404973888,43.13600131112713,18279200
2020-11-19,43.03163528442383,43.25775325538076,42.614190550606224,42.796821999609705,13484500
2020-11-20,42.76203918457031,43.20557654771538,42.701162027676865,42.857704236133216,19830000
2020-11-23,43.318634033203125,43.466477604048826,42.43156265546056,42.692465221254,14676800
2020-11-24,45.5189208984375,45.64937385165151,43.41429960408617,43.48387539714869,31754000
2020-11-25,45.049285888671875,45.39715815432109,44.162214597066594,45.37106557798613,19322100
2020-11-27,45.00580596923828,45.40585678164029,44.623149103143675,44.623149103143675,6243700
2020-11-30,43.692588806152344,44.770986795247374,43.34471656076682,44.46660106870174,34359800
2020-12-01,44.370948791503906,44.588368177986645,43.579542357409004,44.13613545599576,14369600
2020-12-02,44.39703369140625,44.64924095114425,44.1883129587347,44.292673325070474,14438000
2020-12-03,44.866661071777344,44.97972007245274,44.07525470216213,44.15352580762105,14677200
2020-12-04,44.9536247253418,45.14495481969965,44.77969189507766,45.00580656495469,12258100
2020-12-07,45.1623420715332,45.240613160571876,44.56226593394047,44.857956346135936,12195900
2020-12-08,44.710121154785156,45.04929485665693,44.53618498733499,44.61445609680974,13352400
2020-12-09,44.57966613769531,45.536313355641546,44.48400440170136,44.89275056111203,17327400
2020-12-10,43.90131759643555,44.597058897972516,43.70129217959093,44.597058897972516,17304100
2020-12-11,44.292667388916016,44.44920957621783,43.59692617732784,43.97958301431239,19640200
2020-12-14,44.34485626220703,44.58836489552322,44.13613220682437,44.22309862799263,14005700
2020-12-15,44.79708480834961,45.31019464592788,44.61445333672588,44.68402912642421,18869000
2020-12-16,44.727516174316406,45.28410926943977,44.36224988216887,44.94493555944625,13129800
2020-12-17,44.66663360595703,45.118866270400936,44.423124985701136,44.82317580970901,13464900
2020-12-18,44.26658630371094,44.87535790278334,43.831747551484135,44.84057332394806,31640400
2020-12-21,43.8056526184082,44.04916456251897,43.031640211811634,43.93610556409455,19672400
2020-12-22,43.50125503540039,43.753462225952234,43.30992498497412,43.48386109285661,13739800
2020-12-23,43.518653869628906,43.71867925503313,43.179480245788895,43.614318905595205,12934200
2020-12-24,43.81435012817383,43.86652865106643,43.56214287567244,43.65780792438374,3875300
2020-12-28,44.44921112060547,44.66663046412825,43.94479665120579,44.16221599472857,13510700
2020-12-29,44.83186721801758,44.98840940812961,44.388333224404036,44.49269357862678,11245200
2020-12-30,44.53618240356445,45.162351243035225,44.518788456072905,44.95362719069288,9954000
2020-12-31,45.57109069824219,45.64066315535945,44.56226518837541,44.66662553282907,11651200
2021-01-04,43.92740249633789,45.57109551228614,43.153390167893306,45.46673183925217,22302100
2021-01-05,43.665306091308594,43.94487561414976,42.98385579597469,43.8225643644982,17854600
2021-01-06,44.172027587890625,44.35549446092869,42.89648790061121,42.91396141224316,22552600
2021-01-07,44.259395599365234,44.53896514392821,43.7701472300141,43.85751479564745,20230800
2021-01-08,45.0282096862793,45.133047423397166,43.95361371580931,43.99729582854746,22140400
2021-01-11,45.010738372802734,45.2029436775151,44.32054962654628,45.2029436775151,18794300
2021-01-12,43.691524505615234,45.03695521942634,43.34206418994156,44.80980618087507,20999500
2021-01-13,43.82256317138672,44.0147684628814,43.263424140927484,43.35078836466242,16227000
2021-01-14,43.31585693359375,43.91867824652444,43.19354231992456,43.822575573579165,18806000
2021-01-15,42.53829574584961,43.03627923891498,42.06652419060436,42.992597119524206,25973100
2021-01-19,42.67808151245117,42.8877603561907,42.20630994631853,42.520823212829576,18946300
2021-01-20,42.70429992675781,42.95765759658438,42.51209456857734,42.80040260584805,15814200
2021-01-21,42.92270278930664,43.04501404641883,42.14514979818048,42.372298799570004,22602300
2021-01-22,42.5295524597168,42.75670143641697,42.162615395531674,42.66933721447031,13960700
2021-01-25,42.78291320800781,42.92269796223471,42.215035769299625,42.37229403439631,16328400
2021-01-26,43.76141357421875,43.86625132368325,42.70429099089414,42.940178426738235,23562200
2021-01-27,42.30240249633789,43.88372033002976,42.21503826954609,43.21974354130988,24670000
2021-01-28,45.08063507080078,45.68345966728982,43.49058188286342,43.682787213075244,29163100
2021-01-29,43.30710983276367,44.73116945993691,43.23721911454453,43.953616473132634,27480200
2021-02-01,43.8138313293457,43.997298212425534,42.89649024848302,43.560470395912546,16865700
2021-02-02,44.71369934082031,44.97579538631495,43.743940973031336,43.98856350446205,17361400
2021-02-03,44.09340286254883,45.019475742555414,44.04971741273335,44.774853220701885,17253300
2021-02-04,44.949581146240234,44.99326325955756,43.8837202510931,43.971087810459366,18708100
2021-02-05,44.65254211425781,45.4912507629989,44.50401891638154,45.30778387097402,14203000
2021-02-08,45.29904556274414,45.4999893014507,44.573913083160214,44.60886011012935,14767100
2021-02-09,46.05912399291992,46.29501140328285,44.87095185156514,45.43009089861878,15090000
2021-02-10,46.0853385925293,46.35617306176656,45.465043839765166,46.33869954768041,16432700
2021-02-11,46.50469207763672,46.57458613269665,45.87565891302522,46.23385761337744,11176400
2021-02-12,46.50469207763672,46.82794375045897,46.2600695503909,46.583321223213154,10113300
2021-02-16,46.163970947265625,46.50469616379082,45.90187488322565,46.30375573693576,10818000
2021-02-17,46.295005798339844,46.52215475893007,45.78828401533911,46.06785350501841,10978500
2021-02-18,45.91933822631836,46.19016932164693,45.65723888760724,46.02417596216388,14533500
2021-02-19,45.517452239990234,45.954280009405615,45.229147645196406,45.788286656811074,15143500
2021-02-22,45.86692810058594,46.181444712227126,45.26410681676186,45.40389160718769,13478300
2021-02-23,46.60078811645508,46.67067882885373,45.49998356750704,46.12901331002099,18276000
2021-02-24,46.65321350097656,46.76678633702433,45.92807770464835,45.92807770464835,19295800
2021-02-25,45.639774322509766,46.661949871375114,45.386413374716284,46.38238031957954,22603700
2021-02-26,46.05912399291992,46.705627266301335,45.33398825001926,45.66597830898171,22782600
2021-03-01,47.57054901123047,47.79769800524391,46.19890995918686,46.49595300227009,17367300
2021-03-02,47.39582061767578,47.85885706138347,47.2385623287313,47.44824115823459,14983100
2021-03-03,46.9415168762207,47.87632813920348,46.8628877357487,47.107510247114135,22761200
2021-03-04,47.116249084472656,48.269474266390496,46.827941122627294,47.0201464305242,28187000
2021-03-05,48.129695892333984,48.286954195558565,47.11625534529351,47.78023225567221,22052700
2021-03-08,48.47041702270508,48.77619851221306,47.76275471779661,47.89380440369031,25302400
2021-03-09,48.549034118652344,49.029543959788306,48.147153402991805,48.46166990489349,25293200
2021-03-10,49.981834411621094,50.401188685727725,48.7237715893012,49.01207619467947,23595800
2021-03-11,49.7022705078125,50.40993279993646,49.45764798681098,49.46638307710451,17490200
2021-03-12,49.87700653076172,50.139102587270735,49.10818854330072,49.667327685915204,18368400
2021-03-15,50.26141357421875,50.313834118317324,49.387757835635526,49.999317519190214,14733100
2021-03-16,50.70698165893555,51.1874916655885,50.12163056038093,50.313835896135025,15151700
2021-03-17,50.235206604003906,50.567196728638876,49.41397138278293,50.14784236039419,19237300
2021-03-18,48.811134338378906,49.90320376901126,48.749978716882005,49.51879652921198,18937700
2021-03-19,48.452938079833984,48.959659920263135,48.286944718002836,48.50535861486404,33957100
2021-03-22,49.24797058105469,49.37902026836307,48.26947713607655,48.662622865269725,18293000
2021-03-23,49.047027587890625,49.553749463880024,48.92471633030196,49.32659712887381,14716600
2021-03-24,48.85482406616211,49.370281051096306,48.80240685826734,48.968400237820674,15751200
2021-03-25,49.18681335449219,49.36154515432822,48.426733857847104,49.073237184688985,17462700
2021-03-26,48.208316802978516,49.41396247735717,47.05509166495777,49.09944592467303,24127300
2021-03-29,48.21706008911133,48.592732331707886,47.32593081593336,48.077275301126484,20468200
2021-03-30,48.03358840942383,48.50536327179403,47.666654627179376,48.38305201104588,12201700
2021-03-31,47.27350997924805,47.937486838090265,47.15119871572964,47.858857692581005,21976300
2021-04-01,47.83264923095703,48.1209572095947,47.378347870296814,47.71907305760898,16665000
2021-04-05,47.8763313293457,48.15590088460097,47.570553169764004,47.6841293430652,14837900
2021-04-06,48.13084411621094,48.31515179621052,47.51648183487389,47.72712157487705,15551900
2021-04-07,47.92020797729492,48.37659132492696,47.60425336555459,48.3590377329405,17331800
2021-04-08,47.68324661254883,47.946543817080816,47.48138196280185,47.90266150765975,10780300
2021-04-09,47.01622009277344,47.28829574852746,46.042017492498935,47.21808138007273,18205900
2021-04-12,46.79680633544922,47.13031789759536,46.62127375810886,46.91967813518584,14826200
2021-04-13,47.288299560546875,47.38484265095201,46.744148205173516,46.946012856750954,15783000
2021-04-14,46.77924346923828,47.28828750781015,46.64759657333522,46.97232960083517,13334600
2021-04-15,47.5164794921875,47.832437412612144,46.963553131444364,47.1390856814586,18330600
2021-04-16,48.36781692504883,48.710103603881734,47.911433570603165,48.2712738416846,19244100
2021-04-19,47.5164794921875,48.280042234543785,47.31461823147284,48.19227763353912,17005200
2021-04-20,47.534034729003906,47.63057780225712,47.09520501276569,47.226855266839166,14351200
2021-04-21,47.97287368774414,48.06941677959745,47.19175717803022,47.40239360752317,16122300
2021-04-22,47.74467849731445,48.04308286347287,47.51648515071991,47.665689007801774,15017600
2021-04-23,47.735904693603516,48.01675549532311,47.36728927184866,47.656915196369525,12252300
2021-04-26,47.67446517944336,47.90265853106227,47.402389521130154,47.727125956279735,12802300
2021-04-27,47.65691375732422,48.06941482464649,47.58670273301723,47.797339153943746,12420100
2021-04-28,47.481380462646484,47.90265999419423,47.34973353854262,47.5252661186866,12561800
2021-04-29,49.499996185302734,49.57898567270076,48.51701515368165,49.13137746144352,21710400
2021-04-30,49.28059005737305,49.482451372534506,48.03431162932538,49.482451372534506,21907400
2021-05-03,49.64919662475586,50.000261756728655,49.29813149278307,49.53509995466392,14498900
2021-05-04,49.701866149902344,49.89494899327854,49.30691864389632,49.46489764629873,25314100
2021-05-05,49.5087776184082,50.0529256298488,49.37712733996025,50.0353720361887,17858800
2021-05-06,50.009033203125,50.11435139577462,49.543874783251255,49.736957578441405,13075800
2021-05-07,51.000797271728516,51.272869591028304,49.76329743322011,50.254784641248385,17847300
2021-05-10,50.47420120239258,51.8784585455869,50.45665095695763,51.20266026415058,19221200
2021-05-11,50.465431213378906,50.71117485053433,49.982719062678214,50.482984808605146,15397500
2021-05-12,49.693077087402344,50.149460402849265,49.6404196631618,49.94759913124862,19274400
2021-05-13,50.36887741088867,50.95691100799709,49.49121792410405,49.49121792410405,15645000
2021-05-14,51.501068115234375,51.67660071342244,50.360111249020754,50.772609004555974,15864400
2021-05-17,48.67499923706055,51.14122384865404,48.36781972494284,51.01835204380696,31534600
2021-05-18,48.22739791870117,49.10505755926714,47.990429413987655,48.79787467626555,34702100
2021-05-19,47.6042594909668,47.94654620873276,47.1039904249945,47.92899261448762,18582500
2021-05-20,48.3063850402832,48.560907127028784,47.47260775322343,47.49893646978136,15317200
2021-05-21,48.34149169921875,48.70133199626788,48.201062951096525,48.560906596151284,16449300
2021-05-24,48.85052490234375,48.94706797762193,48.157173132623306,48.59600285806585,13206400
2021-05-25,48.88563919067383,49.350797695903935,48.71010660537765,49.350797695903935,11993900
2021-05-26,49.89495086669922,50.49175970973781,48.80665475151539,49.0699519827369,23719200
2021-05-27,50.32499694824219,50.439093623142035,49.84228488244254,50.03536769995918,25521100
2021-05-28,50.32499694824219,50.781380299836236,50.21967874341444,50.62340131859193,13017700
2021-06-01,49.98271179199219,50.83403927458849,49.886168706294406,50.82526415225482,12070200
2021-06-02,49.754512786865234,50.052917132415885,49.35079024523938,50.052917132415885,13816500
2021-06-03,49.4912223815918,49.701862150513946,49.017285412521126,49.605319062591526,10671400
2021-06-04,50.0265998840332,50.21090760640034,49.52633415303334,49.728195470102946,11314900
2021-06-07,49.95637893676758,50.23723306707345,49.701860217061515,49.78962483102838,11099400
2021-06-08,49.526329040527344,49.973933941214426,49.26303184318168,49.84228701654435,14745600
2021-06-09,49.377132415771484,49.956387674077874,49.34202857284837,49.84229432556725,9220900
2021-06-10,49.675533294677734,50.061705671304374,49.456118389051056,49.552661483207714,12373300
2021-06-11,49.92127227783203,49.93004739953047,49.517546371593845,49.631643041704976,9737900
2021-06-14,50.2723388671875,50.28111733773027,49.377125708141214,49.83350908420436,12473900
2021-06-15,50.30744552612305,50.70239299626992,50.21968090964841,50.26356321788573,12092700
2021-06-16,50.13191223144531,50.99201818307242,49.88616863041056,50.6146243111945,14960000
2021-06-17,50.482975006103516,50.790154492901394,49.80717678714288,50.009038071039384,15549400
2021-06-18,49.77206039428711,50.447858488206236,49.53509197060081,50.245997241659694,26722700
2021-06-21,50.2723388671875,50.37766042566745,49.90372345652432,50.009041666998726,12966100
2021-06-22,50.57952117919922,50.737500167211735,50.28111679606509,50.4303173136294,14324500
2021-06-23,48.69255447387695,50.72872448922826,48.19228876696771,50.4390985605993,34001700
2021-06-24,49.20159912109375,49.421014024392946,48.79787315453888,48.885641124661994,20521500
2021-06-25,49.51755142211914,49.67553041284596,49.06117139113674,49.11382882270863,17280700
2021-06-28,49.236698150634766,49.75451740574935,48.99095455431103,49.701859976825915,13483900
2021-06-29,49.622867584228516,50.05291885265205,49.298131167494596,49.298131167494596,12496400
2021-06-30,50.04415512084961,50.149473344514405,49.48245346396275,49.61410040654225,12985100
2021-07-01,50.68484115600586,50.89548093003641,50.04415005917114,50.08803236892586,10033900
2021-07-02,51.27286911010742,51.369412195923296,50.755053191650426,50.9042537075437,10668500
2021-07-06,50.82333755493164,51.36101128040258,50.17989299634329,51.114211548997226,12866600
2021-07-07,51.27287673950195,51.38746379384768,50.88504802946352,51.10540593883885,12869000
2021-07-08,51.32575988769531,51.44915976944025,50.602986269708175,50.946744043824665,21483600
2021-07-09,51.149478912353516,51.74885271903351,51.13184987540469,51.31695308216983,14741400
2021-07-12,51.35219955444336,51.449157560907906,50.69994210396366,51.35219955444336,11576300
2021-07-13,50.96437454223633,51.51967738842966,50.858603692331066,51.35220323348542,11367100
2021-07-14,50.92029571533203,51.281682478496926,50.779266816594365,51.23761157809031,9776800
2021-07-15,51.078948974609375,51.237606891476354,50.673491348124365,50.80570403725094,12757300
2021-07-16,50.72638702392578,51.43153161916403,50.68231611717239,51.05251576877447,12409600
2021-07-19,49.915470123291016,50.74401457821678,49.64222512956279,50.66468560341791,18287500
2021-07-20,50.312110900878906,50.62942341184428,49.818508057608966,50.003607862937336,17575300
2021-07-21,50.9555549621582,51.21998373312355,50.030049220188126,50.179894319918176,13990300
2021-07-22,50.937931060791016,51.09658901183288,50.14464130558167,50.973189130443565,13377400
2021-07-23,51.440345764160156,51.6430746170474,50.92911385152705,51.05251373046759,8550800
2021-07-26,51.74003601074219,51.80173595424939,51.12303321327543,51.308133043797035,11595400
2021-07-27,51.61663055419922,52.07497534393558,51.36982744440618,51.71358519610985,11625300
2021-07-28,51.10539245605469,51.59899525329374,50.576534958036675,51.34337933888098,13239600
2021-07-29,51.21998596191406,52.62146220764801,51.17591505856784,52.18074644939701,19769600
2021-07-30,51.854618072509766,52.20718866400434,51.04369932352284,51.184728232599554,22478300
2021-08-02,51.53730392456055,52.2424484937248,51.13184285519589,51.96920350212604,11634300
2021-08-03,51.32575988769531,51.7841047073155,50.45314451684493,51.74003380132011,11207500
2021-08-04,51.096588134765625,51.502045841626504,50.67350139338108,51.13184284141844,9507600
2021-08-05,51.4227180480957,51.67833401096592,51.140660214030156,51.38745997823886,8723500
2021-08-06,51.73121643066406,51.97801955095697,51.24642975090887,51.29931685434189,10589100
2021-08-09,51.36982727050781,51.731214054715785,51.14946939324943,51.704772185410974,12119200
2021-08-10,51.5196647644043,51.52847759873917,51.167090867919455,51.316935950763366,8229300
2021-08-11,52.08378982543945,52.136676928293696,51.537303212190245,51.92513187927122,8849700
2021-08-12,52.030906677246094,52.12786469198435,51.64307798068781,52.04853571287075,9314900
2021-08-13,52.28651428222656,52.44517221506198,51.99564364695776,52.33058518303769,7542700
2021-08-16,52.224822998046875,52.51569704388422,51.8810652074353,52.12786498276776,12221300
2021-08-17,52.418731689453125,52.445173558138116,51.83698704162333,52.11022865108633,12911600
2021-08-18,52.030906677246094,52.60383856666592,51.98683576938181,52.41873873619911,12514000
2021-08-19,51.96920394897461,52.1895618388828,51.58137527319822,52.03090388915734,10460100
2021-08-20,52.365848541259766,52.61264830066149,51.74003294426566,51.881061858551575,11538200
2021-08-23,52.7096061706543,52.991663998482174,52.0044616010846,52.10141960984941,12419800
2021-08-24,52.471614837646484,52.92995960994076,52.35703116636861,52.762488839492455,9613500
2021-08-25,52.427555084228516,52.72724198513023,52.189568130948196,52.453996958239124,7757000
2021-08-26,52.004459381103516,52.62146211403616,51.9780175116217,52.52450410941032,8118600
2021-08-27,52.357032775878906,52.45398741708047,51.96920076149525,52.101416832288656,13129600
2021-08-30,52.630279541015625,52.66553761166343,52.09260573201801,52.20719278042603,11995100
2021-08-31,53.485267639160156,53.55578041592285,52.365849147997885,52.41873625236584,16718700
2021-09-01,53.890716552734375,54.22566143425169,53.37948807689703,53.776129526511134,15040100
2021-09-02,54.428401947021484,54.472472855066435,54.01412801413046,54.09345699356928,10223700
2021-09-03,54.401947021484375,54.47245978495854,54.05818931386222,54.11988924279984,8080400
2021-09-07,53.150325775146484,54.269744331013364,53.06218395849971,54.14634444274997,15979000
2021-09-08,53.0092887878418,53.344233692461735,52.92114698460226,53.026917820968556,16750400
2021-09-09,52.49806213378906,53.2120195075097,52.383475095608894,53.2120195075097,10390500
2021-09-10,52.26889419555664,52.75368091224159,52.05735249049892,52.39229408390611,10211200
2021-09-13,52.85944747924805,53.40593406103985,52.471615472097355,52.868260314685884,14017800
2021-09-14,48.998783111572266,53.63511187963472,48.83131231689595,53.19439607663889,54749300
2021-09-15,50.24159622192383,50.8409699195278,48.919448952925826,48.919448952925826,37041400
2021-09-16,50.4883918762207,50.885036697241496,49.712734628884604,50.46195000895069,18590800
2021-09-17,50.33855056762695,50.81452435684647,50.074121805525266,50.179892637887114,23758600
2021-09-20,49.792076110839844,50.232791942238194,49.236773221807326,50.14464675852155,19287200
2021-09-21,49.41305160522461,50.50602479344869,49.139806626971406,50.21515414392245,13698000
2021-09-22,49.37778854370117,50.29447802732376,49.2808305495342,50.127003905619354,17508100
2021-09-23,49.51001739501953,50.14464930036924,49.24558855525553,49.42187556922991,15254700
2021-09-24,49.571712493896484,49.7832541856971,49.139809549345486,49.289651300838045,11417800
2021-09-27,49.615779876708984,49.65103794363724,49.13980606036045,49.22794786528677,10188100
2021-09-28,48.25837707519531,49.210324757477295,48.12616099852465,48.96352163851835,21386700
2021-09-29,49.29846954345703,49.52764027947558,48.223121917967255,48.434666980933734,16926800
2021-09-30,49.29846954345703,50.171084942506354,49.2896533445363,49.36898232284939,19457300
2021-10-01,50.42669677734375,50.664683692765465,49.43068157424607,49.70392319527533,15489500
2021-10-04,50.04767990112305,50.41788288257934,49.818509188712476,50.41788288257934,14261500
2021-10-05,50.27787399291992,50.73824583779084,49.817502148049,49.870623145356525,15620500
2021-10-06,50.37525939941406,50.43723220591822,49.498781543153584,49.658141153382765,22844900
2021-10-07,50.81792068481445,51.31370310223262,50.71167870056962,50.83562430492417,13838400
2021-10-08,48.427528381347656,50.44607872968049,48.312434591074414,50.44607872968049,24009700
2021-10-11,46.231910705566406,47.89632784679525,46.187641525753435,47.74582344267675,31934900
2021-10-12,46.32929992675781,46.59489813324075,45.60332654238331,46.36471054429496,27671100
2021-10-13,46.64801788330078,47.1880695083179,46.13452844423283,47.13495189094873,19948200
2021-10-14,47.79893493652344,48.08224006927195,46.71883200713002,46.71883200713002,20940500
2021-10-15,47.82550048828125,48.28587223829868,47.53334012918278,48.02912587010864,18876600
2021-10-18,47.11723327636719,47.57760498456507,46.825072943808166,47.46251121319966,20106100
2021-10-19,48.020286560058594,48.029138371457684,47.35628925538406,47.55105950154844,15335000
2021-10-20,48.436378479003906,48.586886257466475,47.72811552017347,48.26816708167674,12658700
2021-10-21,47.83435821533203,48.46294481129976,47.61302581066769,48.46294481129976,13686600
2021-10-22,48.00257110595703,48.117661520200556,47.36513272500804,47.85206332055992,14906900
2021-10-25,47.878623962402344,48.05568717161653,47.49793198351622,47.92288976470589,13471100
2021-10-26,47.59531784057617,48.12651762727603,47.400547624990864,47.92289222441696,13446400
2021-10-27,46.42668914794922,47.68385910238296,46.1522390971034,47.60417929275501,22840300
2021-10-28,45.9486083984375,46.692285410597954,44.08941417940413,44.620613975098436,21159400
2021-10-29,45.53250503540039,46.53292850455574,45.258051622866894,45.629891839114364,26924000
2021-11-01,46.26731872558594,46.64801068522325,45.541348797269215,45.57676278822712,19052200
2021-11-02,46.603755950927734,46.87820938012264,45.930906849284064,46.444396331042284,15469800
2021-11-03,46.878204345703125,47.00214995291087,46.26732474265851,46.46209834099326,16311900
2021-11-04,46.683433532714844,47.143805370714716,46.152237076626754,46.73655452922954,16582100
2021-11-05,47.719261169433594,48.09995312276809,47.19691663187677,47.241182431209246,17624800
2021-11-08,47.35627746582031,47.84320802590504,47.11723809037564,47.657289637424995,13428400
2021-11-09,47.586463928222656,47.81664812820477,47.15265095711329,47.241185939617374,13501900
2021-11-10,47.95829772949219,48.33013787827136,47.61301976243842,47.61301976243842,16272000
2021-11-11,47.50678253173828,47.97600610277334,47.31200895405695,47.87862269119682,10846300
2021-11-12,47.365135192871094,47.79894819745639,47.06412298365759,47.71041320812035,12100200
2021-11-15,47.2588996887207,47.56876372859937,47.13495407276923,47.32087249669644,9970200
2021-11-16,47.028709411621094,47.56876103101064,46.97559179480543,47.32972162354652,12853600
2021-11-17,47.568763732910156,47.621884730007636,46.85164546978557,47.04641908187824,14720100
2021-11-18,46.72768783569336,47.46251290885707,46.639156240565526,47.05526216764685,15052800
2021-11-19,45.957454681396484,46.736545595023266,45.69185650412446,46.69227979502194,18226200
2021-11-22,45.60332489013672,46.506361461272455,45.27575389325143,45.815805473983374,17994600
2021-11-23,46.072547912597656,46.497505666607026,45.60332098185196,45.83350854273038,19514100
2021-11-24,45.9308967590332,46.15222914055498,45.585618784221495,45.9574555640913,10122200
2021-11-26,45.24034118652344,45.47938058367591,44.877356185795115,45.222637566524945,12874800
2021-11-29,45.62103271484375,45.8246581153741,44.992449516172115,45.65644670900495,19104100
2021-11-30,44.24877166748047,45.417406434034675,44.098267261108994,45.417406434034675,31517200
2021-12-01,43.45197677612305,45.50594110169749,43.425414592569254,45.26690171329904,21235900
2021-12-02,45.59447479248047,46.00172560144266,43.98317517679144,44.05399978922362,26158400
2021-12-03,45.84236145019531,46.25846740518657,45.514790473534156,45.54134927840114,22351400
2021-12-06,46.347007751464844,47.205778628355745,46.09026470902296,46.2142103248083,22333500
2021-12-07,43.89464569091797,47.09068289217807,43.133261651159614,46.30274004363057,46086900
2021-12-08,43.32802200317383,44.1248198579022,43.01815804703714,43.62018234232884,36605500
2021-12-09,42.32761001586914,43.2217914390561,42.1328364202729,43.0889906461924,35048200
2021-12-10,42.89421844482422,42.947336057702465,42.30104587532421,42.74371066138583,27865400
2021-12-13,42.239078521728516,42.84995816670902,42.008894289293,42.47811794229506,30178300
2021-12-14,43.16866683959961,43.38114741497532,40.981905174608855,40.981905174608855,34729600
2021-12-15,42.65518569946289,43.12440936505445,42.29220065344088,42.61977170051811,23040400
2021-12-16,43.2394905090332,43.84151480571474,42.86765038354692,42.982744157776466,28400900
2021-12-17,43.15981674194336,43.60248152904021,42.53123355480926,42.68173796133532,41441400
2021-12-20,42.84995651245117,43.09784773431395,42.4781163023924,42.71715571373063,18991200
2021-12-21,43.2572021484375,43.6644529289648,42.84995136791021,43.053576758173854,19756300
2021-12-22,43.40769958496094,43.52279335308179,42.87650329361857,43.18636723402434,26552000
2021-12-23,44.293033599853516,44.461248365526146,43.655598659334956,43.70871626764083,18420000
2021-12-27,44.682586669921875,44.78882527789796,43.96546846723824,44.28418766843097,16421700
2021-12-28,44.717994689941406,45.1695146578225,44.540931479355514,44.682584074182785,9282800
2021-12-29,44.7888298034668,44.948189420165235,44.540938567386924,44.824243802125295,12045600
2021-12-30,44.7888298034668,45.32888146258207,44.73570880547906,44.903923610474514,11343100
2021-12-31,44.558631896972656,45.40854734044983,44.5232179091785,44.965882624814164,12345400
2022-01-03,44.92162322998047,45.10754162649729,44.009731489288164,44.2487708750659,20706000
2022-01-04,44.65471267700195,45.39317640087639,44.4144896605845,45.11736403521477,24592800
2022-01-05,44.68140411376953,45.5533227619897,44.61912445275288,44.99280241885281,20727900
2022-01-06,44.939414978027344,45.35758129359328,44.65470700819126,44.86823968256168,18288200
2022-01-07,44.53014373779297,45.0105896669343,44.45896844865337,44.79705701154268,17894500
2022-01-10,44.94832229614258,45.30420562704126,44.370007216699626,44.81486392581348,20216700
2022-01-11,45.49993896484375,45.53552831245333,44.80596365639187,45.001701674257575,18836200
2022-01-12,45.33089828491211,45.98928429847992,45.21523459291177,45.757960308466515,17992600
2022-01-13,45.6245002746582,45.98038697828063,44.592432906937745,45.19743826670358,17924700
2022-01-14,45.98038101196289,46.35405894769035,45.499935042610424,45.79354204409917,18789900
2022-01-18,44.645809173583984,45.722361343712315,44.53904453864219,45.4376533878765,23364500
2022-01-19,44.77926254272461,45.17963072781632,44.049694668634814,44.67249452564639,17852300
2022-01-20,44.68140411376953,45.92700072808964,44.61912445275288,44.93941839770126,20052300
2022-01-21,44.24544143676758,45.33089273498365,44.17426613854957,44.82375643197804,33155400
2022-01-24,44.547943115234375,45.55332005969949,43.40021218346341,44.9839041104761,41581900
2022-01-25,44.19205093383789,44.52124724600599,43.435796107045306,43.82726867477532,32154300
2022-01-26,43.11549758911133,44.79705486660453,42.590566705143786,44.058594731455834,34221300
2022-01-27,42.71512985229492,44.54794029246037,40.45526087125921,40.45526087125921,49168100
2022-01-28,44.236549377441406,44.38779901963757,42.466018296399675,42.59947665809157,34458000
2022-01-31,44.476776123046875,44.574641749978355,43.62264864574678,43.85397603955276,24470700
2022-02-01,44.432281494140625,44.4945611543421,43.49808319713155,43.729410558440115,23489800
2022-02-02,44.476776123046875,44.70810012286545,43.916255708503435,44.4322877360929,20280500
2022-02-03,44.16535568237305,45.357571316562186,44.12087070824376,44.877125450399554,28416400
2022-02-04,43.88956069946289,44.20095901092589,43.34683501892419,43.73830766676154,23203100
2022-02-07,43.47138595581055,44.067492149590194,43.33792762294141,43.99631686098334,19034000
2022-02-08,43.78279113769531,44.07639815888876,43.44470252381955,43.66713085115268,17964500
2022-02-09,44.28103256225586,44.29882723602213,43.81838122629371,44.04080955739165,19142900
2022-02-10,43.52478790283203,44.13869246208665,43.373538219181974,43.55148161887879,21583400
2022-02-11,42.368141174316406,43.88955330925057,42.261376541790206,43.364622391182564,26312600
2022-02-14,42.17241287231445,43.05322716154614,41.87880584657923,42.795209483291615,24481600
2022-02-15,42.7507209777832,42.99094396252835,42.43042366478968,42.44821833706562,21087800
2022-02-16,42.78630447387695,42.93755407656809,42.39483191927674,42.635051477199575,14852100
2022-02-17,41.61188888549805,42.40373313069228,41.52291552458557,42.385938458509784,20569000
2022-02-18,41.49623107910156,41.949986798930155,41.30939208575434,41.62079040799971,21220400
2022-02-22,41.763145446777344,42.23469585299214,41.478437432528196,41.816529472194276,21635500
2022-02-23,40.15275573730469,41.816518391058274,39.85914876629658,41.656369751233186,36279100
2022-02-24,40.935707092285156,40.980195472097165,39.38760786405424,39.56555120134168,29784000
2022-02-25,41.87880325317383,42.22579088465538,40.9268103279343,41.09585462701879,30441900
2022-02-28,41.602989196777344,41.932185535985546,41.01577859995583,41.336075906219676,29824700
2022-03-01,41.27379608154297,41.77203671078848,40.75776417445531,41.051367774663355,21843400
2022-03-02,41.264896392822266,41.90548754585606,41.14923273428003,41.58519366633231,25978700
2022-03-03,41.92329025268555,42.38594158155908,41.54961229128016,41.7008619249956,23131600
2022-03-04,42.003360748291016,42.17240843404002,41.28269520457915,41.72755181930958,21368700
2022-03-07,41.193729400634766,42.181311809507925,40.83784607996938,41.81652945428324,30718700
2022-03-08,41.04248046875,42.08344352718361,40.99799547713945,41.229319469906706,24592700
2022-03-09,41.03357696533203,41.94108495010312,40.90901764479252,41.62078761500898,20113700
2022-03-10,40.384090423583984,40.775566489221475,39.99261775193374,40.56203378123855,18179500
2022-03-11,40.05489730834961,41.14924437304621,39.992617642439114,40.891226674852874,19584800
2022-03-14,40.010406494140625,40.71327739197045,39.894742819718296,40.35739412342085,17564200
2022-03-15,40.51753616333008,40.70437510334613,40.13495925149558,40.53533083294868,22824200
2022-03-16,41.13144302368164,41.229312023942214,40.054890808788706,40.5887173996815,20107700
2022-03-17,41.35387420654297,41.371668880006354,40.437470584093916,41.13144587923111,16955600
2022-03-18,41.73644256591797,41.78982657526315,40.873419748428454,41.20261604841106,35185400
2022-03-21,41.522918701171875,41.9321894047059,41.09585671808097,41.718656716166976,17884700
2022-03-22,42.01225280761719,42.26137138443939,41.78982453717277,41.94107413196166,15409600
2022-03-23,41.38946533203125,42.12792564556607,41.38946533203125,41.949985691259805,16229600
2022-03-24,41.63858413696289,41.83432216020687,41.309391147496555,41.70976283413782,13375400
2022-03-25,41.932186126708984,42.145715404568584,41.683064110557225,41.86100743809801,15011500
2022-03-28,42.2880744934082,42.30586916770937,41.57630449129699,41.95888150380434,18965400
2022-03-29,42.510494232177734,42.88417552893987,42.16350663846129,42.688437545207975,20459300
2022-03-30,42.43042755126953,42.56388590857005,42.18130890456136,42.323662901821315,15452000
2022-03-31,41.65637969970703,42.635063048826154,41.65637969970703,42.59057805913658,21186600
2022-04-01,42.4393310546875,42.52830103959966,41.68307260698467,41.95888499059215,15070200
2022-04-04,42.80411148071289,42.95536112699717,42.37704946333777,42.43043009426765,15149300
2022-04-05,42.83095169067383,43.20674206194539,42.41937452325343,42.428320369005085,15442000
2022-04-06,42.70568084716797,43.170943235657745,42.43726115734659,42.839892398649425,21346500
2022-04-07,42.18674087524414,42.750421257470045,41.68568823345701,42.589368744507816,18831000
2022-04-08,42.42831039428711,42.57147119779479,41.64094645384333,42.15989071399303,18218900
2022-04-11,42.59832000732422,43.32305293662029,42.544634696096274,42.63411021480952,20256000
2022-04-12,42.27621078491211,43.10831425436489,42.168843586217406,42.94726174975199,13902100
2022-04-13,42.866737365722656,42.983053827044046,42.249371679894104,42.356738883268235,14469800
2022-04-14,42.57147979736328,43.16200457855463,42.490953535694366,42.93832089760121,16540100
2022-04-18,41.92726516723633,42.95620794039917,41.73937171472073,42.64305218620651,14839400
2022-04-19,43.045684814453125,43.144106172643085,41.81989929231866,41.82884513708964,21438500
2022-04-20,42.41042709350586,43.00095187218364,42.35674178157439,42.85779445350849,22555700
2022-04-21,41.99884033203125,43.11725856703237,41.900422394390084,42.53568313271674,22347300
2022-04-22,40.603057861328125,42.0525269846954,40.55832181312169,41.936210528845294,29978900
2022-04-25,40.8983154296875,41.04147282105102,40.13779242803278,40.6388415912344,28083200
2022-04-26,39.878326416015625,41.023585771690016,39.80674941285703,40.52253651015352,29225000
2022-04-27,39.77095413208008,40.33463789255512,39.43990328176881,39.91411153328022,25547900
2022-04-28,37.3104362487793,39.117800683383294,36.46938347846485,38.23201186240448,49934000
2022-04-29,35.57465362548828,37.417808515240104,35.44044545533821,36.87201974912638,44133800
2022-05-02,36.192020416259766,36.37991388991314,35.431493849868026,35.84307441857718,37611800
2022-05-03,36.12043380737305,36.487274846295776,35.762542025552214,36.460433901273134,24371300
2022-05-04,37.23884963989258,37.30148078302796,35.95937900759888,36.218852836669086,27140500
2022-05-05,36.12938690185547,37.2209608774602,35.825176977769125,36.80043790382753,30240500
2022-05-06,35.78937911987305,36.165165962323954,35.315170938739904,36.01306273937225,36595600
2022-05-09,35.57465362548828,36.138337496917146,35.422550350023066,35.789391476127676,36675600
2022-05-10,36.05780029296875,36.728851179611375,35.74464457779205,36.05780029296875,31368300
2022-05-11,35.6462287902832,36.505173239894404,35.44044022921855,36.12043706520863,31757000
2022-05-12,37.03306579589844,37.09569694695775,35.592542495250655,35.69096385067008,39604300
2022-05-13,37.11359405517578,37.489384394985386,36.72885787036349,36.73780712850811,29684100
2022-05-16,37.4625358581543,37.72200970515665,37.006222724754934,37.167275221988014,21015700
2022-05-17,38.33042907714844,38.39306022393473,37.51622075578505,37.650432306407986,18435500
2022-05-18,37.69517135620117,38.42885348828697,37.516223745490585,38.2141156728059,23558200
2022-05-19,37.59674835205078,37.9635894020176,37.39990564758119,37.50727284404568,17423700
2022-05-20,37.58780288696289,38.18727690508307,36.84517486787483,37.91885718026982,24325700
2022-05-23,38.3662223815918,38.56306168177713,37.61464514623763,38.17832551289691,20260400
2022-05-24,38.53622055053711,38.563061497447315,37.650435171082655,38.2051696904581,20921300
2022-05-25,39.09989547729492,39.26989379114967,38.249897081739185,38.49147578867446,16583300
2022-05-26,39.48463821411133,39.806743210996565,39.13569227186618,39.13569227186618,24427800
2022-05-27,39.51148223876953,39.94095446370659,39.350429727775406,39.48464129131779,18073500
2022-05-31,39.61884689331055,39.95884699611071,38.903059897790435,39.28779604784655,25249600
2022-06-01,39.305686950683594,39.869370642691585,38.89410989886753,39.860421386311394,17980700
2022-06-02,39.18938064575195,39.225170854247054,38.464647696007944,38.97464622106563,16742800
2022-06-03,38.41095733642578,39.17148039473929,38.30359013818966,39.07305904088048,19670700
2022-06-06,37.82937240600586,38.7688463326664,37.58779368884811,38.56305440042224,20144500
2022-06-07,38.14253234863281,38.21410933315749,37.33726994059758,37.53411262103757,14485000
2022-06-08,38.33042907714844,38.858322609448315,37.954638783289134,38.04411428808493,17198800
2022-06-09,37.739906311035156,38.5272737274409,37.722011209168926,38.24990476822684,21662300
2022-06-10,37.24781036376953,37.59675638670723,37.14938899050149,37.41780874559646,21302200
2022-06-13,35.96833419799805,36.85411960455441,35.85201773592534,36.72885729761851,32051100
2022-06-14,35.6462287902832,36.64833064816294,35.44938607398578,36.20096332068104,23707000
2022-06-15,35.905704498291016,36.61254231792538,35.52991414912633,36.084652121076964,31767000
2022-06-16,33.919395446777344,35.36886483783848,33.60623963835567,35.342023886585864,36040400
2022-06-17,34.63518142700195,34.72465695007756,33.91939430810818,33.91939430810818,52141600
2022-06-21,34.429386138916016,35.1630682195488,34.250438540755,34.88570268488369,29169000
2022-06-22,34.805179595947266,35.18991577231987,34.160969549343484,34.30412695823968,26817800
2022-06-23,34.993064880371094,35.073591117384694,34.42043537855927,34.832012406343885,26629300
2022-06-24,35.40464782714844,35.458333131846366,34.814123128037714,34.82306897224989,26686900
2022-06-27,35.63728332519531,35.81622752758106,35.34201924760343,35.45833570966768,18156800
2022-06-28,35.01097106933594,36.29938785654304,34.984126706400566,35.816230281412075,17305000
2022-06-29,35.189910888671875,35.261487876615604,34.67990906379392,35.14517143142299,16980100
2022-06-30,35.1093864440918,35.4851733296312,34.447281352673706,34.90359448699177,21566300
2022-07-01,36.048866271972656,36.13833838761124,35.145182203567806,35.225708472899505,16175900
2022-07-05,35.877716064453125,35.877716064453125,35.04900483094957,35.4453428945222,19320400
2022-07-06,35.877716064453125,36.129930883438504,35.679545314582214,36.003823473945815,20011300
2022-07-07,35.9767951965332,36.111912231116776,35.499387630364055,35.769618263362275,19018400
2022-07-08,35.99481201171875,36.22000478471925,35.580458134078405,35.94977414435246,13100400
2022-07-11,35.283199310302734,35.976793410131904,35.13907608411542,35.85969565122073,20956700
2022-07-12,35.8056526184082,36.35512356057839,35.247175476801914,35.42733039104661,24798700
2022-07-13,35.922752380371094,36.16596098937451,35.10305081795322,35.46335719575273,16994300
2022-07-14,35.65252685546875,35.71558056653849,35.17511576800846,35.37328653775309,16462500
2022-07-15,36.8415412902832,36.86856332512163,35.93176050747162,35.976798377592075,22142700
2022-07-18,36.51726150512695,37.093754463862,36.42718233271893,36.84153965345769,16610000
2022-07-19,37.210853576660156,37.29192310918238,36.81451211269867,37.00367664602978,15112600
2022-07-20,37.67024612426758,37.81436935898404,36.88657625025739,37.30993631939195,16799300
2022-07-21,38.075592041015625,38.17467740459857,37.057719809893726,37.45406126422551,19527000
2022-07-22,38.37284851074219,38.65208879622353,38.030557957638905,38.201703234190546,24098600
2022-07-25,38.25575256347656,38.63407480426926,37.96750606491946,38.63407480426926,16842900
2022-07-26,38.48094177246094,38.58903334031364,38.02154659579122,38.02154659579122,25380500
2022-07-27,39.066444396972656,39.38171636588394,38.21972074034468,38.28277444689307,27414600
2022-07-28,35.499385833740234,36.319087326178796,35.11205401945038,35.661524892567094,46629900
2022-07-29,33.796932220458984,35.2291584126741,32.941198984778666,35.21114257826126,54134700
2022-08-01,33.787925720214844,33.8870111005947,33.112347329809694,33.355555962695874,26577100
2022-08-02,33.94106674194336,34.29236703934693,33.72488009329567,33.859997178221754,25562500
2022-08-03,34.66167068481445,34.805793919913036,33.90502284150465,34.06716191051168,27677500
2022-08-04,35.067020416259766,35.3282448690163,34.553581146314386,34.75175189477372,19913300
2022-08-05,34.47250747680664,34.60762106861126,34.02212196512038,34.02212196512038,20752200
2022-08-08,34.76075744628906,35.47236745143053,34.6886941077673,34.92289652179393,15702300
2022-08-09,34.37343215942383,34.89588115501658,34.1032014606761,34.76076408755783,17541900
2022-08-10,35.09404373168945,35.19312910953611,34.73373732771988,34.9228984475166,18426600
2022-08-11,35.49038314819336,35.88672120001612,35.24717453588084,35.28320276883265,15063600
2022-08-12,36.03083801269531,36.09389170432405,35.52640504349693,35.832667304051576,16930400
2022-08-15,36.54428482055664,36.598332325897175,35.490384237685255,35.66152951700981,19005700
2022-08-16,36.355125427246094,36.53528035074091,35.97679974429004,36.174970503751275,17641800
2022-08-17,35.36426544189453,36.10290077082418,35.20212983465992,36.012821615506695,18447700
2022-08-18,34.77876663208008,35.49938269868825,34.59861175638592,35.38228151406179,29036900
2022-08-19,34.84182357788086,34.94090894057708,34.35540639891873,34.58059915553059,19692200
2022-08-22,33.887001037597656,34.79678159076534,33.814941150827906,34.79678159076534,21400200
2022-08-23,33.544715881347656,34.058155112108736,33.52670004775635,33.91403187954718,16505700
2022-08-24,33.42761993408203,33.923043409105276,33.39158826123721,33.517695680024644,17668300
2022-08-25,33.86898422241211,33.96806957048777,33.355545087991175,33.589747444564246,21571000
2022-08-26,33.148372650146484,34.301361885432705,33.13035681751418,34.00410580125282,21742300
2022-08-29,32.68899154663086,33.22044675506003,32.6529598696801,33.07632348342686,23293300
2022-08-30,32.175540924072266,32.93218869456992,32.07645556519528,32.89615703022036,23702600
2022-08-31,32.598907470703125,32.85112573540445,32.454784220660656,32.661961177836126,32478300
2022-09-01,33.23845672607422,33.26547876093226,32.562878365269206,32.562878365269206,22729200
2022-09-02,32.211578369140625,33.355558268308165,32.112496418081385,33.27448871840906,20091300
2022-09-06,31.292787551879883,32.40974172116469,31.157670520935813,32.40974172116469,29842200
2022-09-07,31.508968353271484,31.59904751264448,31.15766822213826,31.319807272841068,33188800
2022-09-08,30.959503173828125,31.445920414959595,30.39201982867729,31.445920414959595,39075700
2022-09-09,31.914318084716797,31.977371782351874,30.932477517896427,31.02255324704116,28295000
2022-09-12,32.148521423339844,32.3376859781929,31.860274927392382,32.1755468947013,21781000
2022-09-13,30.139795303344727,31.671106612743483,30.09475744286769,31.590037089417415,35960600
2022-09-14,31.049577713012695,31.265760830453186,30.310945762115075,30.6532362707573,31751200
2022-09-15,30.62621307373047,31.16667428291711,30.373998300932513,31.031560698704734,36999500
2022-09-16,31.094619750976562,31.265765028276086,30.56316464800849,30.707287891042082,52294500
2022-09-19,31.04057502746582,31.319815339186924,30.626221096139894,30.950499281062605,23407900
2022-09-20,30.482093811035156,30.833393986209682,30.26590723760598,30.61721084894952,26624000
2022-09-21,29.455215454101562,30.707286724679843,29.43719961988552,30.644233023008205,36733700
2022-09-22,29.2480411529541,29.65338543278429,29.094908266390128,29.3651389316667,25182900
2022-09-23,28.680551528930664,29.193990773294235,28.329251355015483,29.157959105157037,27448500
2022-09-26,27.82482147216797,28.68956270681762,27.50054501249846,28.51841569988238,34149000
2022-09-27,27.257333755493164,28.293220179282784,27.023133062778935,28.176120691967935,34363300
2022-09-28,28.068025588989258,28.275202516735014,27.383439389491418,27.626647983671788,26406700
2022-09-29,27.410463333129883,27.797795159618584,27.023131506641185,27.797795159618584,28466500
2022-09-30,26.41961097717285,27.60862831498252,26.3745731184708,27.60862831498252,31419600
2022-10-03,27.59061622619629,27.716725340216886,26.653815237085016,26.87900799730501,34345600
2022-10-04,28.16315269470215,28.263119264844843,27.626971200350663,27.708761715310317,28183400
2022-10-05,27.935956954956055,28.090449955900997,27.390687437893668,27.745113577334426,22332700
2022-10-06,27.30889320373535,27.917777097064718,27.254366779465734,27.8359865939784,32508700
2022-10-07,26.600048065185547,27.245282417008077,26.53643360608913,27.15440387542862,28850600
2022-10-10,26.47281837463379,27.036263966189185,26.38194156311937,26.845420581972014,23583100
2022-10-11,26.06386375427246,26.490990600071775,26.01842362172116,26.29105921693751,34744800
2022-10-12,26.072954177856445,26.654574061075035,25.91846117970601,26.109304553875617,29784000
2022-10-13,27.472476959228516,27.72693652022485,25.800318091798765,26.0547776527951,35165800
2022-10-14,27.30889320373535,28.02683167896773,27.2725428320102,27.736021771711396,27582500
2022-10-17,28.0086612701416,28.135890196861812,27.62697275661685,27.690587219976955,29109000
2022-10-18,27.94504165649414,28.70841854285284,27.690582116586636,28.481223082230937,29236400
2022-10-19,27.617881774902344,28.13588718785236,27.499740888920243,27.926867763918835,29087900
2022-10-20,27.68149757385254,27.99957160542533,27.499742222499535,27.717849684141555,22997100
2022-10-21,27.69967269897461,27.94504423509499,27.308896193308218,27.545179702161477,30818000
2022-10-24,28.24494171142578,28.51757559125357,27.92686769605074,28.026834260890766,28650400
2022-10-25,28.6811580657959,28.726598203645647,28.24494314262246,28.35399774009783,25312700
2022-10-26,28.626630783081055,29.24460277256199,28.58119237994556,29.081021747891864,32053600
2022-10-27,29.053754806518555,31.134864319179783,28.953789982786226,29.980714432872468,38960100
2022-10-28,29.035581588745117,29.108282336019528,27.83598805816775,28.581190651414918,34414000
2022-10-31,28.8447322845459,28.97196117375602,28.381253388098653,28.97196117375602,25866700
2022-11-01,28.6811580657959,29.63538016027232,28.662983744020025,29.071934584483614,23333000
2022-11-02,28.09044647216797,29.08101881419561,28.035920047233212,28.617539868840712,25285900
2022-11-03,27.608793258666992,27.79055033134993,27.299809008488253,27.681495741067387,29178900
2022-11-04,28.172237396240234,28.57210189623842,27.60879188563535,27.881427481101127,28961900
2022-11-07,28.717510223388672,28.944705712919653,28.290381593717452,28.47213867868785,26661900
2022-11-08,28.990140914916992,29.390005417660102,28.59936443875484,28.826559903187363,21878500
2022-11-09,28.52665901184082,28.99013791939603,28.335815673451787,28.772030504081282,20854300
2022-11-10,29.78078269958496,29.898925314970143,29.226425196694226,29.74443059227756,31529100
2022-11-11,30.91676139831543,30.95311350720527,29.83531215930201,30.10794604251999,24484900
2022-11-14,31.016721725463867,31.498374937823247,30.725911846296633,30.81678863351369,28778100
2022-11-15,31.153039932250977,31.880068167514086,30.85314373192336,31.471115651860476,26088000
2022-11-16,30.880407333374023,31.371150372118098,30.580511120848886,31.080340452875912,19477700
2022-11-17,31.13486671447754,31.398414300419635,30.18064640222388,30.407841879747505,26017600
2022-11-18,31.352968215942383,31.725568569114934,31.15303513535764,31.280264016919922,21407300
2022-11-21,31.216657638549805,31.70740070851589,30.925847700805736,31.462029173532848,19782900
2022-11-22,31.89824867248535,31.9891289578192,31.29845265619561,31.416595293765404,25803400
2022-11-23,32.28902053833008,32.42533921314825,31.76192882693751,31.834629577906732,17890400
2022-11-25,32.398067474365234,32.69796361862188,32.25266254784419,32.37989142520924,10810900
2022-11-28,32.34354782104492,32.40716227643404,32.03456183770012,32.13452840094812,19257300
2022-11-29,32.24357986450195,32.42533692921451,31.907331548156716,32.234493571293775,16528800
2022-11-30,33.29777526855469,33.35230344205169,31.96186448507082,32.22541212354684,36195700
2022-12-01,32.970603942871094,33.69763218598247,32.89790319859651,33.06148420662381,21179400
2022-12-02,32.58891677856445,32.79793618217495,32.23449242171503,32.36172132245815,25809000
2022-12-05,31.943683624267578,32.7524989214103,31.925507571140727,32.14361327520761,32751200
2022-12-06,31.59834861755371,32.089091699463026,31.34389078251688,32.080001938652856,22960400
2022-12-07,31.462024688720703,31.65287149987707,31.134862688712555,31.53472889615692,22694000
2022-12-08,31.78009796142578,31.934589190300734,31.243916606207563,31.443846227885317,17995500
2022-12-09,32.09817123413086,32.50712371626909,31.625604306629704,31.789185299485,18016900
2022-12-12,33.18871307373047,33.23415147219454,32.21631678634349,32.29810729026985,29169100
2022-12-13,33.361385345458984,34.4246620549308,33.16145566908187,34.04297182415976,28358300
2022-12-14,32.12544250488281,32.90699558421997,31.561998632206716,31.68922755828891,33913400
2022-12-15,31.45293617248535,31.96185172164974,31.307531234620217,31.725569997641582,27711600
2022-12-16,31.343891143798828,31.59834898176864,30.95311462592917,31.198486169712073,68862200
2022-12-19,30.880407333374023,31.571083491619987,30.834968933503877,31.41658877198825,23725000
2022-12-20,31.27118492126465,31.407503592436743,30.698651355760802,30.88040842841432,31933000
2022-12-21,31.880077362060547,32.1708873533474,31.507473377325177,31.56200155071467,23001300
2022-12-22,31.643789291381836,31.90733690613438,31.27118880618034,31.589261122793236,30953300
2022-12-23,31.934595108032227,31.989123269536375,31.57108443152128,31.607433072462918,12383700
2022-12-27,31.80736541748047,32.06182323146744,31.480203389938524,31.907331977754698,15313600
2022-12-28,31.462024688720703,32.03455818873496,31.452938396154885,31.89823953315576,14350100
2022-12-29,31.852806091308594,32.125439978145494,31.534733801120208,31.634700368530257,12578200
2022-12-30,31.78009796142578,31.78918425329548,31.380231784615965,31.634693024420525,15386100
2023-01-03,32.5768928527832,32.595210333108305,31.81673663465333,31.999904450500047,23175300
2023-01-04,33.51106262207031,33.85908775289728,32.99818366578331,33.19967245105714,24067700
2023-01-05,33.868247985839844,34.023944833091434,33.16304066362328,33.79498155290563,26969600
2023-01-06,34.70167541503906,34.80241982088138,34.04226002676387,34.39944569121461,18780000
2023-01-09,34.390281677246094,34.802416252662795,34.27121980130301,34.79325925929894,22849900
2023-01-10,34.692508697509766,34.738300643594265,34.19794729491348,34.25289972643581,15757000
2023-01-11,34.756622314453125,34.8939981692822,34.28037833156803,34.85736670421562,13347000
2023-01-12,35.43435287475586,35.470987834859756,34.53681731442299,34.674196667961546,20376700
2023-01-13,35.65416717529297,35.77322907560667,35.232875520278796,35.44352134778588,14155700
2023-01-17,35.66331481933594,35.754902216217275,35.205388316035105,35.70911026462759,18354300
2023-01-18,35.05885696411133,35.846491220872856,34.95811256005544,35.59921045465453,18201600
2023-01-19,34.930633544921875,35.141279319801924,34.59176890652372,35.022220942936244,16010300
2023-01-20,36.057132720947266,36.130402640137476,34.77494057843704,35.02222131515092,22598100
2023-01-23,36.87224197387695,37.018778321008575,35.947231937677735,35.947231937677735,30350300
2023-01-24,36.40515899658203,37.03709634784653,36.31357508841111,36.80813308371708,24189300
2023-01-25,36.7257080078125,36.91803981452531,36.23114998774301,36.91803981452531,24544400
2023-01-26,37.00962829589844,37.311861533968646,35.72743239681117,35.76406736391715,22311100
2023-01-27,36.26778030395508,36.99130507032579,36.203670868322455,36.798976763427916,20776700
2023-01-30,35.93806838989258,36.19450607717686,35.66330973214346,35.81900653778139,19014700
2023-01-31,36.038818359375,36.10292779736242,35.79154109496772,35.94723444616507,26005900
2023-02-01,36.606651306152344,36.908881027132715,35.425199911177984,35.80985655491708,17815100
2023-02-02,37.65072250366211,37.687357467127256,36.386844213733774,36.49674561042681,21445700
2023-02-03,36.606651306152344,37.42176004582067,36.450954454851406,37.375968087333035,20404400
2023-02-06,36.18535232543945,36.44179355414467,35.956389063843226,36.22198728578336,14255600
2023-02-07,36.331886291503906,36.53337506648538,35.736583946597925,36.02049963009892,17929000
2023-02-08,35.49846649169922,36.08461544133486,35.28782068682965,35.92891858939497,19689100
2023-02-09,34.71083068847656,36.102924197721016,34.6833527222914,36.011340293642455,20396100
2023-02-10,35.13212585449219,35.150443335934334,34.69251678098777,34.71083426242992,16100100
2023-02-13,35.80069351196289,35.956386843256034,34.95810694459995,34.95810694459995,18378700
2023-02-14,35.77322769165039,35.96555602753763,35.287823113936206,35.62669131758829,18006800
2023-02-15,36.102928161621094,36.19451556945744,35.46183377527861,35.90144285178591,16747700
2023-02-16,36.377685546875,36.62496629833982,35.53509889443535,35.58089084980982,23909500
2023-02-17,35.82817459106445,36.450955018493296,35.69079871347731,36.36852809445999,13992800
2023-02-21,34.6558837890625,35.44351806735751,34.610091829704025,35.23287225934647,18765000
2023-02-22,34.81157684326172,35.040540131741665,34.41776320128253,34.5276646015162,16612100
2023-02-23,34.51850509643555,34.93063972617569,34.28954180143575,34.82989531738337,17699200
2023-02-24,33.88656234741211,34.161317559596654,33.78581795441396,33.89571934054736,18159200
2023-02-27,34.20710754394531,34.408596318345275,33.99646177693712,34.11552364305545,17514600
2023-02-28,34.04225540161133,34.252904672681325,33.72170823903011,33.90487954352025,24474300
2023-03-01,33.547698974609375,33.95983355536914,33.282100745486176,33.77666224239789,17280400
2023-03-02,33.84077072143555,33.914037148331985,33.32789175835207,33.33705224527794,13626300
2023-03-03,34.09720993041992,34.24374628425083,33.88656414014438,34.10637041774187,16776900
2023-03-06,33.9598274230957,34.46354582253137,33.90487499101667,34.454385337000744,12422100
2023-03-07,33.14472579956055,34.07889647573881,32.91576250129243,33.950677587701094,20070100
2023-03-08,32.879127502441406,33.40116348700727,32.6135292664476,33.38284600586608,17450000
2023-03-09,32.485313415527344,33.08977637463399,32.35709452930815,32.97071448298647,14273800
2023-03-10,32.33877182006836,32.58605255797108,32.04569912930263,32.27466238731974,20414500
2023-03-13,32.52194595336914,32.92492360178224,31.999909903109206,32.32961761773711,22182100
2023-03-14,32.31129455566406,32.97986686436095,31.990747384953956,32.95239239078641,27424100
2023-03-15,32.869964599609375,32.96155199858513,31.715991322131163,32.08233043692807,22670200
2023-03-16,33.190513610839844,33.25462304009515,32.43035395866711,32.43035395866711,22245100
2023-03-17,32.99818801879883,33.163041866005855,32.63184885344073,32.851651653915084,51723700
2023-03-20,33.36452865600586,33.46527305582766,33.11724790018026,33.144722375149,16516500
2023-03-21,33.877410888671875,33.96899480979434,33.584334654934175,33.67592206975928,17058200
2023-03-22,33.15388870239258,34.12469092177826,33.1264107288815,33.97815453996327,16159200
2023-03-23,32.943241119384766,33.41032471979009,32.641007882761585,33.07146000993906,20323000
2023-03-24,32.89744186401367,33.08977367133235,32.31129643563873,32.69595655657375,20371000
2023-03-27,33.33705139160156,33.53853668068382,33.126402122125995,33.13556260881729,16333800
2023-03-28,33.38283920288086,33.69422933141926,33.291251815839225,33.346204248064204,11818100
2023-03-29,33.84077072143555,33.87740568173482,33.63928193349166,33.73086933423984,14579700
2023-03-30,34.02394104003906,34.25290429469962,33.8590872171873,34.24374380804007,14922200
2023-03-31,34.719993591308594,34.75662855665668,34.07889567252746,34.143005115035315,15858200
2023-04-03,34.81157684326172,35.12296705534254,34.63756600174987,34.80241984895163,19698300
2023-04-04,34.857723236083984,35.10690515602774,34.571624693801255,35.02384451604649,20121000
2023-04-05,34.99615478515625,35.16227606272703,34.63622652394049,34.72851807845917,16510500
2023-04-06,34.78388977050781,35.14382155518271,34.65468511370481,35.10690493307818,20359100
2023-04-10,35.282249450683594,35.32839346259668,34.53470378366688,34.63622272221312,12432400
2023-04-11,35.420692443847656,35.70678749011421,35.32840088008169,35.374548422246264,14214800
2023-04-12,34.73774719238281,35.7529332189406,34.64545915386074,35.71601659530657,16207500
2023-04-13,35.11613464355469,35.3468582660755,34.83003960478926,34.9684716659639,15539200
2023-04-14,35.0330696105957,35.26379320421748,34.54393671869758,35.06075883581291,19679100
2023-04-17,35.153045654296875,35.29148121392701,35.01461009466674,35.06075762825181,14930500
2023-04-18,35.31916809082031,36.04825549070697,35.023842172991245,35.8544449966745,17250100
2023-04-19,35.30070877075195,35.466830034847554,35.051526874608555,35.097670887843435,13401000
2023-04-20,34.82080078125,35.22687299727285,34.68236875151057,35.10689927561114,14347700
2023-04-21,34.83003616333008,34.931551589935786,34.608539958547766,34.8854075741036,13679400
2023-04-24,34.340904235839844,34.82080980858969,34.22093048307478,34.765434870000526,13364800
2023-04-25,34.05480194091797,34.26706721282769,33.916366384186105,34.119404261909516,18185400
2023-04-26,33.704105377197266,34.100950268112115,33.58412811421855,33.85176834680073,19547800
2023-04-27,37.164955139160156,37.303387176499946,34.70082544421216,34.79311698966783,31581400
2023-04-28,38.180137634277344,38.226281646891984,36.9065459874133,36.95269000002794,24806800
2023-05-01,38.4293212890625,38.76156382802128,38.32780234431814,38.76156382802128,17235500
2023-05-02,38.023250579833984,38.429322854793455,37.395682096356666,38.32780390591289,20977800
2023-05-03,37.73714828491211,38.32780008804054,37.66331856980228,38.17090974308062,19592900
2023-05-04,37.11881637573242,37.63563502111824,36.92500586314976,37.62640762554906,15143000
2023-05-05,37.312618255615234,37.497197826776805,36.777337851302924,37.441822899259584,18935300
2023-05-08,37.46027755737305,37.654084503950216,37.155720766555646,37.40490263525293,16351900
2023-05-09,36.56507110595703,37.377219074064534,36.51892709516325,37.29415844641078,23318300
2023-05-10,36.78657150268555,36.851173829313424,36.25129105855427,36.851173829313424,19204300
2023-05-11,37.25724411010742,37.39567967152492,36.71273630006123,36.72196721512243,19003400
2023-05-12,37.10958480834961,37.43259997661001,36.934236131108534,37.33108102431568,17166700
2023-05-15,37.10035705566406,37.3864520778516,36.980379793147705,37.26647833589813,13489800
2023-05-16,36.67582702636719,37.081899317344515,36.482016516057996,36.99883867594427,12333000
2023-05-17,37.18341827392578,37.349539556742776,36.666596113988135,36.78657337836995,13146900
2023-05-18,38.1247673034668,38.17091131738389,36.74965315713686,36.758884072257835,18785400
2023-05-19,38.004783630371094,38.38317011346745,37.82020408532267,38.30933688722328,17728500
2023-05-22,38.0601692199707,38.44778320473159,37.995563368614235,38.29089283582256,13572300
2023-05-23,37.266475677490234,38.30011638699621,37.25724476226745,38.03247617453759,19594700
2023-05-24,36.89732360839844,37.45106244956383,36.805035561819196,37.386456592282386,20956800
2023-05-25,36.0759391784668,36.78656822869039,35.983651154515655,36.43586740066366,28091200
2023-05-26,36.43587112426758,36.61121979591967,36.075942865287445,36.242064141826404,35819800
2023-05-30,36.14054870605469,36.69428400130559,36.05748805971074,36.10363208088779,24313500
2023-05-31,36.315895080566406,36.426644949009706,35.854447857074774,36.18669042127882,53653200
2023-06-01,36.02980041503906,36.518933350245675,35.69755784751647,36.518933350245675,30453900
2023-06-02,36.16823196411133,36.50047452697641,35.51297775432902,35.57758008371247,24603200
2023-06-05,36.72196578979492,36.768109801622195,36.19591630972667,36.251287715694424,24043000
2023-06-06,36.41741180419922,36.92500301486174,36.242063137406774,36.851173294314336,14302900
2023-06-07,37.238792419433594,37.34954229647749,36.398958548281655,36.454333486803606,18455900
2023-06-08,37.34954071044922,37.38645381399982,36.90655178277453,37.201877734557655,10762600
2023-06-09,37.1280403137207,37.35876390765675,37.00806305911642,37.1464986237031,12142100
2023-06-12,37.55256652832031,37.654085461173544,37.00805876893119,37.09111939394181,16800600
2023-06-13,37.54334259033203,37.958645753611435,37.48796766170725,37.764835263706004,12572000
2023-06-14,37.69100570678711,38.04170654844734,37.47874042699772,37.58025936962799,18627500
2023-06-15,38.272430419921875,38.346260138384544,37.56180133683528,37.654089365054276,15685200
2023-06-16,38.023250579833984,38.447781165550175,37.93095902605038,38.429322854793455,34134300
2023-06-20,37.50642395019531,38.12476496455003,37.48796564164836,38.06016264491687,13864900
2023-06-21,37.48796844482422,37.783294362533866,37.211100837041755,37.469510134897035,13308200
2023-06-22,37.45105743408203,37.6079477963685,37.10035656703315,37.56180377925853,13004000
2023-06-23,36.998836517333984,37.38645047421206,36.86040094955597,37.21110180618094,19057600
2023-06-26,37.43260192871094,37.63563632332487,37.07267011892535,37.16496168062542,18285100
2023-06-27,38.281654357910156,38.383173292122045,37.257241142589834,37.257241142589834,14987800
2023-06-28,38.457008361816406,38.79848182820606,38.12476933160157,38.72464858556091,16198900
2023-06-29,38.272430419921875,38.51238140562882,38.11553654727446,38.189369786299736,11151700
2023-06-30,38.34626007080078,38.650816900399384,38.20782802871627,38.540067042056656,16271600
2023-07-03,38.810951232910156,38.86671537242892,38.002390709078604,38.08603514570307,8378300
2023-07-05,38.55072021484375,38.81094573847667,38.20685026642784,38.652952683501496,12976800
2023-07-06,38.29978942871094,38.50425437930988,37.98379975292489,38.197556953411464,12381600
2023-07-07,38.50425338745117,38.9224755277634,38.058150952887125,38.216144014056745,14348200
2023-07-10,38.89459991455078,39.36858628892345,38.79237096557001,38.79237096557001,19625700
2023-07-11,39.04329299926758,39.2942262866655,38.6901307832027,39.01541270465905,15652500
2023-07-12,39.34999084472656,39.53586774983387,39.182701984660696,39.24775836965219,17840000
2023-07-13,39.55445861816406,39.72174749017055,39.238468920519296,39.66598335106594,17147600
2023-07-14,39.04329299926758,39.284934036898335,38.84812384639377,38.96894436520915,12903200
2023-07-17,39.117645263671875,39.28493412230083,38.57860259802146,38.89459227039759,17410400
2023-07-18,39.44292449951172,39.76820994482817,39.00611788311402,39.02470592672984,18721400
2023-07-19,39.69386672973633,39.80539501660443,39.2291761703754,39.24776421818675,18645600
2023-07-20,40.1585578918457,40.3537270788328,39.7589237211725,39.870452009714555,18006800
2023-07-21,39.86115646362305,40.428079525365916,39.823980367208634,40.186441989287616,52588600
2023-07-24,40.232906341552734,40.428075510384275,39.98197303363761,40.065617469609315,15343700
2023-07-25,40.2421989440918,40.45595616115434,40.09349811720884,40.09349811720884,14184300
2023-07-26,39.879737854003906,40.31654805067961,39.61951231316243,40.23290362036526,17652400
2023-07-27,42.147430419921875,43.16045593557031,41.301693781742536,41.37604596964322,31586100
2023-07-28,42.0359001159668,42.91881273115982,41.803554877511104,42.621411109561095,20668200
2023-07-31,42.06378173828125,42.58423636516629,41.93366896788677,42.16601421367894,15942700
2023-08-01,42.11025619506836,42.296129566806435,41.9057912317877,42.24966122387192,15101500
2023-08-02,41.90578842163086,42.39835920525865,41.459685977821465,42.28683448063307,16651300
2023-08-03,41.98013687133789,42.351890678861515,41.73849937816248,41.91508048681732,12351200
2023-08-04,41.67344665527344,42.333306353564645,41.62697831157681,42.054492746077536,12704100
2023-08-07,42.2403678894043,42.37977291463034,41.90579015637025,41.952258498112265,12529700
2023-08-08,42.19390106201172,42.389070231517174,41.96155579965551,42.100960829884826,19889000
2023-08-09,42.08237075805664,42.416948486995715,41.98013828029112,42.193899031241116,15184200
2023-08-10,42.68647003173828,43.244097219077375,42.4448289839994,42.4448289839994,16149700
2023-08-11,42.7794075012207,42.965284415521,42.351893080045116,42.45412556017564,13602500
2023-08-14,43.2719841003418,43.56008996440881,42.9281105501927,42.9281105501927,20847900
2023-08-15,43.70878982543945,43.95043088479805,42.974581487375694,43.03963787751669,20060300
2023-08-16,43.06752014160156,44.10842597670492,43.048932094239845,43.75526371275492,17345900
2023-08-17,42.974578857421875,43.56938212820023,42.974578857421875,43.337036878970736,12513500
2023-08-18,42.528480529785156,43.086111355698684,42.416955782725566,42.80729771539581,17601100
2023-08-21,42.62141799926758,42.80729492914033,42.3147205331814,42.33330858069943,12331700
2023-08-22,42.35189437866211,42.844465203150186,42.30542603498901,42.6585918284578,11963200
2023-08-23,42.249656677246094,42.69575910296407,42.12883970767932,42.60282242709626,18382800
2023-08-24,42.04520034790039,42.51918312443426,41.98943620847573,42.14742928555123,15310200
2023-08-25,42.25895309448242,42.39835811033755,41.970843722557326,42.11025228371943,13051300
2023-08-28,42.732940673828125,42.80729286030688,42.342602330736796,42.342602330736796,10807700
2023-08-29,43.476444244384766,43.56938447626965,42.73294011584242,42.77940845913119,14198400
2023-08-30,43.79243087768555,43.8574872627988,43.38350452192981,43.61584976742202,13971600
2023-08-31,43.45785140991211,43.95971797087383,43.402090822232104,43.792429117219925,19935900
2023-09-01,42.50059127807617,43.40209195231655,42.147425517243796,43.374208112443576,18866700
2023-09-05,41.41321563720703,42.47270933323041,41.32957121145219,42.33330077520338,21709800
2023-09-06,41.7570915222168,42.379775133842415,41.125112114571664,41.338869334024075,27839800
2023-09-07,41.67344665527344,42.47271492996188,41.67344665527344,41.710622748353686,20810900
2023-09-08,41.85002899169922,41.9987298230202,41.59909567409991,41.803560646656564,19859000
2023-09-11,42.06378173828125,42.48200388976859,41.75708785739526,41.89649642299341,19843100
2023-09-12,41.99872970581055,42.26825106973623,41.70132804399857,41.93367331387089,21007600
2023-09-13,41.99872970581055,42.00802550197762,41.42251442921327,41.9057930159846,16914800
2023-09-14,42.7236442565918,42.788700640762464,42.29612631664696,42.37977074562453,19660200
2023-09-15,42.13813781738281,42.89093775971051,41.99872923888632,42.68647278999764,45437400
2023-09-18,42.41694641113281,42.77011216831889,42.21248146560819,42.24965755485031,12852800
2023-09-19,42.50059127807617,42.593531502141026,42.25895378612162,42.35189046487944,15865500
2023-09-20,42.28683853149414,42.78870515834609,42.258958233993724,42.55635989168953,15629800
2023-09-21,42.472713470458984,42.751527068365135,42.39836128685348,42.44482962895329,16274000
2023-09-22,42.1009635925293,42.60283024302473,42.06378749723906,42.34260466660824,12459600
2023-09-25,41.701324462890625,42.14742691729947,41.571211690184775,42.01731414459362,11871300
2023-09-26,41.11581802368164,41.561920489352325,40.76265224220213,40.88347276789646,18397300
2023-09-27,41.45039367675781,41.664154439494276,41.1251117253021,41.23663645932872,16357000
2023-09-28,41.6920280456543,42.04519378291876,41.48756311166327,41.534031447941196,13102500
2023-09-29,41.20875549316406,41.90579127380262,40.88347354698899,41.719914356570875,15137000
2023-10-02,41.34816360473633,41.56192081630337,40.97640977443269,41.12511059749269,17295200
2023-10-03,40.64655303955078,41.28267888502633,40.51558658346492,41.039452407808355,16980500
2023-10-04,40.665260314941406,40.76816354312486,40.37526063265788,40.590420305874154,20740000
2023-10-05,40.244293212890625,40.78686899124515,40.11332676875567,40.64654933048682,17612300
2023-10-06,40.665260314941406,40.79622676224105,39.6549416039418,39.954294503074706,23467000
2023-10-09,41.24525451660156,41.38557774389443,40.562355518816624,40.6559019579666,15734600
2023-10-10,41.60074234008789,41.778482022969015,40.99267970783045,41.3855826496839,15558400
2023-10-11,41.385581970214844,42.031061030829335,41.245258728592084,41.75977133359508,16840300
2023-10-12,41.06752014160156,41.59138597798973,40.97397012184056,41.47912952284489,16757100
2023-10-13,40.98332214355469,41.226545029520516,40.702675685466794,41.06751536726746,16559100
2023-10-16,41.394935607910156,41.469775622486964,40.94590622615424,41.20783914003645,17065500
2023-10-17,41.49782943725586,41.8158922899746,41.25460301358227,41.36686301000123,15746200
2023-10-18,41.17977523803711,41.64751461570418,41.06751878659612,41.42299814425395,13384800
2023-10-19,40.29106140136719,41.47911960396963,40.21622497202234,41.3387963921677,17908900
2023-10-20,40.09461975097656,40.543649122244474,39.58946037008708,40.09461975097656,22457700
2023-10-23,40.169456481933594,40.50622940493019,39.97300679970833,40.34719972938638,14469400
2023-10-24,40.65591049194336,40.77752374322017,40.40333077093859,40.562364033157294,19539800
2023-10-25,39.99171447753906,40.78686994615648,39.96365125844397,40.53429383716453,23342900
2023-10-26,36.623992919921875,37.84946774600429,36.558509695714484,37.465921617688956,50005400
2023-10-27,37.08237075805664,37.80268970100098,35.47334644038526,35.54818644054096,35949000
2023-10-30,37.84012222290039,37.99915192300496,37.36302598544908,37.3817359916794,18202300
2023-10-31,38.625919342041016,38.67269256691489,38.04591993418642,38.0739867239654,18861000
2023-11-01,39.1217155456543,39.42106841813073,38.67268623693965,38.700749453556895,19505200
2023-11-02,39.757843017578125,39.83268302322968,39.15913724663722,39.15913724663722,16755300
2023-11-03,40.39397048950195,40.61848337875934,40.05719758704784,40.09461759144675,19005500
2023-11-06,39.72042465209961,40.4688068966254,39.47720176084174,40.35655045208854,18680900
2023-11-07,39.32752990722656,39.720429293298565,39.26204667621457,39.71107607539762,19771400
2023-11-08,38.84107971191406,39.32752910997649,38.625920018869444,39.159142642625326,18889200
2023-11-09,38.24237060546875,39.07494608512359,38.13946737655535,38.972042856210194,25986900
2023-11-10,39.20591354370117,39.25268676662133,38.40140126262905,38.42946805123568,20077400
2023-11-13,38.81301498413086,39.13107790250017,38.616561734132,38.99075466229644,14212500
2023-11-14,39.168495178222656,39.75784780368822,39.07494872846483,39.57075133560426,22518400
2023-11-15,39.785911560058594,39.89817158355996,39.17785249131717,39.17785249131717,17121500
2023-11-16,39.67365646362305,40.29107233974853,39.168497046274425,40.019782626516665,18367800
2023-11-17,39.68301010131836,40.1975263106717,39.59882043277165,39.907526589815134,13386000
2023-11-20,40.169456481933594,40.356552946772624,39.449137411872705,39.552040645962585,14453300
2023-11-21,39.85139465332031,40.26300760094887,39.608171740368455,40.225587593242935,11721800
2023-11-22,39.739139556884766,40.160105736542455,39.66430310748366,39.963656042225026,12855100
2023-11-24,39.83268737792969,39.973007051014946,39.664300915372756,39.804620588458015,5860000
2023-11-27,39.37430191040039,39.76720128426393,39.11236899449136,39.63623482630942,19310500
2023-11-28,39.168495178222656,39.3836548675203,39.09365873213006,39.290108417762475,14512300
2023-11-29,38.9439811706543,39.355590533950526,38.73817470472207,39.262044086836724,13275100
2023-11-30,39.18720626831055,39.2339794944862,38.766240095592885,39.084303029583076,23641400
2023-12-01,39.4865608215332,39.77656054545448,39.1123714281755,39.52398083143954,16973900
2023-12-04,40.3004264831543,40.61848583406699,39.4491373901765,39.52397740349826,22757400
2023-12-05,38.925270080566406,40.22558492940656,38.06462780316554,40.16010170454181,29023100
2023-12-06,39.00010681152344,39.35558972668699,38.6259174621754,39.07494682253393,16619700
2023-12-07,39.44913864135742,39.93558803767243,39.084302486263255,39.2807557431795,19522300
2023-12-08,39.3836555480957,39.51462557601554,38.97204616605276,39.00946617402986,20117100
2023-12-11,39.90752029418945,40.23493640433673,39.42107095299354,39.9823603014048,19952500
2023-12-12,39.91687774658203,40.35655391420851,39.439785139945386,40.26300746383061,17533500
2023-12-13,40.85234832763672,40.89912511200827,39.51461722651958,39.97299973739282,18654900
2023-12-14,41.759765625,42.09653850400287,41.09557665172645,41.21718987327032,29794800
2023-12-15,41.61009216308594,41.92815506394572,41.114289593845236,41.73170539332975,60346800
2023-12-18,41.81590270996094,41.98428917798164,41.46041976985409,41.68493625007115,17896000
2023-12-19,41.81590270996094,42.01235239979562,41.62880623787479,41.90009594397129,16417600
2023-12-20,41.34816360473633,42.02170591298619,41.34816360473633,41.74106298716805,16281100
2023-12-21,41.17977523803711,41.544611381646504,40.58106940559418,41.36687170281758,18079500
2023-12-22,41.161067962646484,41.74106383019369,40.983328272037895,41.282681208098936,11893900
2023-12-26,41.0955810546875,41.22654750642746,40.693324913732965,41.16106428055748,9624300
2023-12-27,41.15170669555664,41.32008956665863,40.889770251310445,41.06751347572175,9253800
2023-12-28,41.273319244384766,41.54460892383836,41.0581595716151,41.132999580527006,9023400
2023-12-29,41.02074432373047,41.29203403464153,40.74945818138786,41.24526080793201,13695600
2024-01-02,41.12432098388672,41.4727549741171,40.73822146395794,41.02073628680965,16514500
2024-01-03,40.78531265258789,41.32208510763616,40.700558917984196,41.133743076036225,15442700
2024-01-04,40.14495849609375,40.822984891993116,40.013120130011266,40.74765022237143,19595600
2024-01-05,40.53105545043945,40.785316679353954,40.23912509302076,40.286209707488084,12648500
2024-01-08,41.18083572387695,41.2655894750236,40.427471042754604,40.53105935997008,16124400
2024-01-09,40.75706481933594,40.89832226124165,40.30504603449402,40.68173015135861,14842100
2024-01-10,40.94540786743164,41.020746129555896,40.47455450613322,40.775900369978125,12187000
2024-01-11,40.74764633178711,41.133745906589354,40.33329670761481,41.03957668047201,12706400
2024-01-12,40.483970642089844,40.88890119843018,40.361547771200456,40.88890119843018,12742400
2024-01-16,40.5781364440918,40.70997478976659,40.248540579904805,40.45571358353999,17183200
2024-01-17,39.88127517700195,40.54988962844208,39.683517642727416,40.32387845189563,18568900
2024-01-18,40.060203552246094,40.14495729824538,39.627019335950145,39.6552693871746,19797300
2024-01-19,40.82298278808594,40.83240186650699,40.04136811845378,40.10728729809773,23606200
2024-01-22,41.077239990234375,41.36917032310445,40.898317033373985,40.97365169172159,18082700
2024-01-23,41.388004302978516,41.585761819722514,40.89831645747518,41.19024678623452,15712100
2024-01-24,41.24674987792969,41.745856837060245,40.964238606008564,41.698768631468624,19446800
2024-01-25,42.63106155395508,43.63868740753383,41.030159490031785,41.15258236347688,29722100
2024-01-26,43.563350677490234,43.6198543731376,42.68756674507508,42.78173597882802,20086400
2024-01-29,43.422096252441406,43.79877677479617,43.13958496259385,43.39384620115444,19263600
2024-01-30,43.93061065673828,44.109533602552915,43.327915465537075,43.69518402640705,15675800
2024-01-31,43.8270263671875,44.363798845978216,43.6763534537081,43.92119559099002,18579600
2024-02-01,44.005950927734375,44.36380045736793,43.48801299335665,44.01537000585212,18583200
2024-02-02,42.46155548095703,43.14900094467061,42.25437885626971,42.68756667082738,25234100
2024-02-05,42.25437927246094,42.7346517085437,42.16962552446551,42.32971753393511,15528400
2024-02-06,41.83061218261719,42.32030012453841,41.566935441708125,42.32030012453841,18652900
2024-02-07,40.361549377441406,42.1790435796467,40.34271481252997,42.028370652681154,31222500
2024-02-08,38.845401763916016,40.54989220121854,38.666478782362006,40.51222307068317,44879600
2024-02-09,39.61759948730469,39.81535702668403,38.82656573746142,39.05257691984201,27368100
2024-02-12,40.126121520996094,40.483971059106544,39.4857607021988,39.49517618821383,21666800
2024-02-13,39.410423278808594,40.06961867591218,39.09024286263405,40.00369949543442,24549500
2024-02-14,39.57051467895508,39.6741029873604,39.25033426766857,39.589349243422035,24630800
2024-02-15,39.36333465576172,39.711765087433626,39.24091179348355,39.35391917050596,20891000
2024-02-16,38.83598709106445,39.31625594231112,38.76064882841536,39.27858681098658,22578800
2024-02-20,39.23149871826172,39.29741789607817,38.36513032848787,38.751229909552436,20854900
2024-02-21,39.410423278808594,39.50459610258106,39.07141189020547,39.476342459286364,20652400
2024-02-22,39.46692657470703,39.54226483296456,38.98665775145583,39.44809201014265,19295000
2024-02-23,39.4575080871582,39.85302313594682,39.2409124073066,39.41983896089483,14671600
2024-02-26,39.7306022644043,40.08845179720275,39.335087195778996,39.476341037862696,21113100
2024-02-27,39.805938720703125,39.84360784715238,39.457508281861585,39.75885410880437,13143900
2024-02-28,39.69293975830078,40.14495855365718,39.66468611386684,39.777693506950484,13195600
2024-02-29,40.35212707519531,40.44629989222927,39.966027506170214,40.05078124533795,28706500
2024-03-01,40.30504608154297,40.55930732187447,39.71176985410279,40.17320771818426,15016100
2024-03-04,39.410423278808594,40.38038360587244,39.16558112165202,40.23912616637671,20055600
2024-03-05,39.608184814453125,40.08845364742505,39.28800439502986,39.466927373524115,26734800
2024-03-06,39.69293975830078,39.937781925329894,39.24091737061831,39.6552706272729,16593600
2024-03-07,39.30683517456055,39.900107747745444,39.09023949470823,39.83418857294712,17712400
2024-03-08,40.09787368774414,40.14495830507441,39.17499794490589,39.306839902687095,18007300
2024-03-11,41.00190353393555,41.133741874506825,40.15436621265539,40.239119944783404,25322100
2024-03-12,40.67231369018555,41.10550153015607,40.30504862838597,41.10550153015607,18817100
2024-03-13,40.75706481933594,41.133748936200526,40.68173015135861,40.879487696165825,14472000
2024-03-14,40.323875427246094,40.63464032264661,39.561091804983874,40.587552119834044,25065800
2024-03-15,40.276790618896484,40.785313031239816,40.20145236862688,40.34270979171964,45303600
2024-03-18,40.60639190673828,40.954825972286685,40.43688441331634,40.54047272511041,21627800
2024-03-19,40.483970642089844,40.728812791542815,40.14495567182742,40.436882435522215,23083700
2024-03-20,40.58755874633789,40.70056614074753,40.20145912958685,40.39922027364068,27557800
2024-03-21,40.389801025390625,40.50280482700072,39.97545135793621,40.49338934033575,18752200
2024-03-22,40.2485466003418,40.615811644607774,39.99428535608242,40.57814251383023,15037900
2024-03-25,40.15436935424805,40.38038052171384,39.834188962528124,40.370961443893044,17851200
2024-03-26,40.003700256347656,40.17320775003639,39.68351983408294,40.17320775003639,19299300
2024-03-27,40.55929946899414,40.578134030445305,40.2014499860726,40.248538185863154,14106600
2024-03-28,40.82298278808594,41.048993969955085,40.60639068463785,40.67230986428179,21157200
2024-04-01,39.81535720825195,40.54047178160881,39.41042304920428,40.521637216964045,18303600
2024-04-02,39.663578033447266,40.469939662226125,39.47384482112871,40.01458212397759,16801500
2024-04-03,39.39794921875,39.796389317707416,39.28411074141643,39.59717107765868,18818700
2024-04-04,38.999507904052734,39.85330180650332,38.84772208013756,39.663572240753965,24458100
2024-04-05,38.80029296875,39.0754023098872,38.5536387222493,38.77183063639389,22833000
2024-04-08,38.62004470825195,38.904642699120956,38.49672120415325,38.65799207206376,28115900
2024-04-09,38.08879852294922,38.68645325628669,37.89906531063223,38.212122034924235,32645300
2024-04-10,37.680870056152344,38.08879516001637,37.35832470934962,38.08879516001637,22368400
2024-04-11,38.07930374145508,38.19314220297405,37.60497259645667,37.99392399060099,24560300
2024-04-12,37.34883117675781,37.89905701008208,37.21601904288209,37.82316229423353,23423600
2024-04-15,37.40575408935547,37.87059658123003,37.10218244845715,37.70932573025379,21293600
2024-04-16,37.11166763305664,37.56702509629458,37.00731420252847,37.37729553409001,18927200
2024-04-17,36.98834228515625,37.39626371851231,36.88398885986499,37.291913912080304,20450100
2024-04-18,37.58599853515625,37.65240460527371,37.12115604433402,37.32985928519201,15684700
2024-04-19,38.174171447753906,38.2310888680489,37.5385658432046,37.671377982372086,24227500
2024-04-22,38.48723220825195,38.61055933010328,37.90854758132623,38.40185244987177,24644700
2024-04-23,38.28801345825195,39.00899526011171,38.240581063987186,38.373393215472426,15324900
2024-04-24,38.14570999145508,38.2690371030147,37.77573227563567,37.90854441784166,19581200
2024-04-25,35.92584228515625,37.22551231399529,35.28075159578117,36.665801381121604,37835400
2024-04-26,36.58990478515625,36.73220557833655,34.55976803309306,35.19537003988353,29783200
2024-04-29,36.855525970458984,36.95039436421467,36.48554828195983,36.589901705661475,14933000
2024-04-30,36.153526306152344,36.75118465892659,35.897387012106236,36.63734256011052,20206700
2024-05-01,36.23889923095703,36.713230363250034,36.068139733822804,36.09659844372539,19737000
2024-05-02,36.390689849853516,36.76066760283871,36.11557688829946,36.56144936951742,16967700
2024-05-03,36.70374298095703,36.846043773100504,36.4096599848544,36.47606605615883,22278700
2024-05-06,36.514015197753906,37.05475244410145,36.4476055043505,36.789124527066775,32166400
2024-05-07,36.514015197753906,36.73220710252049,36.40017311094205,36.656312377979255,30573400
2024-05-08,37.04526138305664,37.7567580944554,36.390685711359176,36.48555049200191,22394300
2024-05-09,36.56145095825195,37.10218825439815,36.428638796933235,37.007319839984795,23593200
2024-05-10,37.29192352294922,37.424735691599416,36.36223472353764,36.40017847253757,15227400
2024-05-13,37.66189956665039,37.699846932751484,37.301406826410044,37.53857243625185,18405400
2024-05-14,37.66189956665039,38.00341862384019,37.557546119302394,37.95598260678382,16096700
2024-05-15,37.2349967956543,37.89906115654617,37.00731624205779,37.832655082342946,18828100
2024-05-16,37.34883117675781,37.40575221364422,36.893473738244225,37.14961297594422,15663800
2024-05-17,37.25396728515625,37.367805742772184,36.91244829344914,37.26345231543286,13733400
2024-05-20,37.197044372558594,37.29191276484088,36.68476591081165,37.15909701564568,12533400
2024-05-21,37.197044372558594,37.59548438242593,36.959878820141576,36.99782617705449,13472000
2024-05-22,36.89347457885742,37.17807253205554,36.67528269411022,37.17807253205554,17755200
2024-05-23,36.69426345825195,37.130647312001194,36.52350392959181,36.8270756207965,16081800
2024-05-24,36.56145095825195,36.82707528088939,36.28633798474319,36.751184168218685,14375700
2024-05-28,36.56145095825195,36.81759024887804,36.20095822120116,36.26736430186052,16937200
2024-05-29,35.992244720458984,36.45709081859239,35.906864972592004,36.2958163531284,28533500
2024-05-30,36.87450408935547,36.912451451427074,35.97327414388289,36.106089911133495,18255200
2024-05-31,37.974952697753906,38.03187374152134,36.172496404767955,36.48555309833965,27039300
2024-06-03,37.548057556152344,38.01290008116644,37.263455956018376,37.94649400616443,15651400
2024-06-04,37.529083251953125,37.737786504698256,37.18756423254886,37.39626748529399,14580900
2024-06-05,37.13064193725586,37.567025727837546,37.054750834870106,37.567025727837546,12635500
2024-06-06,37.06423568725586,37.87059719287946,37.00731464659581,37.159100469496465,20336300
2024-06-07,36.95988464355469,37.3298623846016,36.91245224936964,37.05475305078448,16049300
2024-06-10,36.798614501953125,36.978859050938574,36.54247522569394,36.91245297400395,13177300
2024-06-11,36.352745056152344,36.618369386029045,36.011225992676536,36.191474175544364,16480000
2024-06-12,35.88789367675781,36.65630776225181,35.55585972698877,36.55195433857751,18902700
2024-06-13,35.65073013305664,35.89738073296077,35.39459088381424,35.57483541378805,18514800
2024-06-14,35.517913818359375,35.74559435374177,35.34715432153741,35.45150774946854,12692500
2024-06-17,35.394588470458984,35.54637427978736,35.02460716754061,35.470479565693594,31105500
2024-06-18,35.005638122558594,35.84994693759974,34.86333733893759,35.423048205596,22444900
2024-06-20,35.906864166259766,36.03019127015579,34.82538979680337,34.89179586377987,21203300
2024-06-21,36.5045280456543,36.722719959374,36.02071182286014,36.257877418493706,48974800
2024-06-24,36.5045280456543,36.80809971855647,36.106091582042616,36.324283495762316,19434300
2024-06-25,36.42863082885742,36.675281414662024,35.99224345572745,36.675281414662024,18452500
2024-06-26,36.25787353515625,36.466576776136314,35.68867399528297,36.324279605312555,23560600
2024-06-27,36.31479263305664,36.4191460677957,36.01122097864823,36.31479263305664,13073200
2024-06-28,37.14961624145508,37.23499599486009,36.523499256104806,36.561446617364716,38288900
2024-07-01,36.21043395996094,37.07372002469393,36.18197525237073,36.90296054143455,16905700
2024-07-02,36.200958251953125,36.39069146208103,35.8309804825767,36.39069146208103,15707800
2024-07-03,36.392242431640625,36.640916832801395,36.067055356006684,36.10531351749282,7658000
2024-07-05,36.21052551269531,36.334862726582664,36.038367416081904,36.306167278147434,12172200
2024-07-08,35.703609466552734,36.3348544610382,35.588834995919996,36.14356732514895,17617700
2024-07-09,35.87576675415039,36.028795745440995,35.53145426012074,35.64622509146396,18695300
2024-07-10,35.79925537109375,36.0287970420409,35.52188917424179,35.942721651810025,19225400
2024-07-11,36.10531234741211,36.5261411646243,35.92359155899072,35.95228335492595,18630000
2024-07-12,36.621788024902344,36.66960890286674,36.25834278507449,36.334859108616826,16748600
2024-07-15,37.24346160888672,37.72167761970267,36.53570395603834,36.583524827420206,19018300
2024-07-16,37.88427734375,37.94166093664799,37.16695324453282,37.243465917896486,18541200
2024-07-17,38.82157516479492,38.96504142470748,37.94165582442843,37.95122218762183,31689700
2024-07-18,38.39118194580078,39.40500123338425,38.38161923062962,38.477260976336154,17757900
2024-07-19,38.333805084228516,38.53465497455471,38.132951545402946,38.42944684671736,19305200
2024-07-22,37.80775833129883,38.439003347747445,37.09043428313,38.3624906798288,23213400
2024-07-23,36.83219909667969,37.846018450755786,35.35929641430365,37.692989458489485,30777500
2024-07-24,36.43050003051758,37.15738684503306,35.751434092871705,37.03305329487189,23447900
2024-07-25,36.5739631652832,37.65472875391686,36.5643968016323,36.86089205033197,18385300
2024-07-26,37.960784912109375,38.362488250869035,36.86089029699071,36.889582089581204,24563900
2024-07-29,38.907657623291016,39.003299372670746,37.90340466080835,37.999046410188086,21995900
2024-07-30,39.0319938659668,39.26153551828902,38.620727786349136,38.993735707746836,25226100
2024-07-31,39.471954345703125,39.81627049541494,38.90765924445299,38.984171917445046,24873200
2024-08-01,38.50595474243164,39.615415832542716,38.45813386712923,39.45282412681472,21797000
2024-08-02,38.161643981933594,39.347617796617264,38.10425673986861,39.08938068007346,25951700
2024-08-05,37.47301483154297,38.75463415775728,36.927848755694285,38.429447055628295,21390800
2024-08-06,37.224334716796875,37.731246199011444,37.042613935473966,37.20520928591979,15853800
2024-08-07,36.83219909667969,37.87471024664979,36.79394458498734,37.48257322593621,16744200
2024-08-08,37.63560485839844,37.721683900618,36.765251719733676,36.78438080117127,13668100
2024-08-09,37.37736892700195,37.6547314683945,37.013923700540595,37.367802562661424,13999500
2024-08-12,36.8513298034668,37.3964958405114,36.79394620914576,37.30085408431026,12209400
2024-08-13,37.415618896484375,37.549518793003976,36.99479012906583,37.20520633702437,14022600
2024-08-14,37.31041717529297,37.41562529727046,37.080875498704955,37.090438215021464,17941600
2024-08-15,37.798194885253906,37.81732396398844,37.22433346871388,37.56864958893816,17291000
2024-08-16,37.893836975097656,38.09469047938785,37.77906615014522,37.91296605400618,14170200
2024-08-19,38.50595474243164,38.55377926623297,37.75037615625606,37.75037615625606,13280700
2024-08-20,38.28597640991211,38.52508443874943,38.22859281803049,38.30510549003897,13552700
2024-08-21,38.199893951416016,38.5442100658557,38.06599405102251,38.47726011565894,12748100
2024-08-22,37.692989349365234,38.352926192509535,37.47301040165047,38.352926192509535,9263100
2024-08-23,38.08512496948242,38.19989579700781,37.7695042816629,37.903404188525656,11682200
2024-08-26,38.49639129638672,38.697241157945534,38.12338336820639,38.276412355370084,11122400
2024-08-27,38.4868278503418,38.77375673976482,38.391182454868265,38.419874249260936,13067600
2024-08-28,38.19033432006836,38.59203405368341,38.17120524011065,38.496392302393815,11219600
2024-08-29,37.74081039428711,38.33380093269534,37.683426802408164,38.27641369231742,22626400
2024-08-30,37.84601593017578,37.99904491225021,37.46344165074035,37.99904491225021,25874900
2024-09-03,37.77907180786133,38.152079781191716,37.69299276413129,37.9512298953214,18351000
2024-09-04,36.98522186279297,38.41986979196567,36.72698844622043,37.9703492551371,24534700
2024-09-05,38.06599426269531,38.09468970472395,37.18607854178865,37.214770335318626,19033700
2024-09-06,37.88427734375,38.59203507848483,37.769506509454985,38.06599813542537,18549200
2024-09-09,37.98948669433594,38.285978329923694,37.253033490764565,38.00861577542211,13590800
2024-09-10,37.434749603271484,38.21902358715464,37.21477067106023,38.08512368480854,13752400
2024-09-11,36.99479675292969,37.43475467698179,36.47832250373852,37.43475467698179,16883400
2024-09-12,37.59735107421875,37.616480156027855,36.83220239585159,37.17651857141695,17055600
2024-09-13,37.82688903808594,38.15207609985515,37.5208310562442,37.5973473759541,13100500
2024-09-16,37.64516830444336,38.305105144623774,37.48257294908071,38.05643440221489,16730900
2024-09-17,37.56865310668945,38.085127335386076,37.51126951361142,37.826890221037765,13113200
2024-09-18,38.08512496948242,38.362491147126036,36.82263492120667,37.64516709021941,17279100
2024-09-19,38.51552200317383,39.28066697132064,38.40075117007656,38.60160104012153,16867400
2024-09-20,38.36248779296875,38.86939558134254,38.19989245706677,38.467695895876176,59666400
2024-09-23,38.95547866821289,39.13719945222803,38.372054508349954,38.45813354256742,21977300
2024-09-24,39.54846954345703,39.672806749568174,38.85027448352397,39.05112801601097,24195500
2024-09-25,38.82157516479492,39.510207374777515,38.76418793113019,39.50064101158412,24054900
2024-09-26,39.232845306396484,39.290232546041246,38.888529165525796,38.936350040980294,19316700
2024-09-27,39.82583236694336,40.24666482922355,39.39543718892906,39.433695348863424,17491200
2024-09-30,39.95016860961914,40.07450580219078,39.50064436235937,39.93103953010821,22378400
2024-10-01,39.88322067260742,40.141457786316636,39.376309161178646,39.816270715182704,18226300
2024-10-02,39.79649353027344,40.336108335135755,39.74831449029871,39.88321727255801,11124400
2024-10-03,39.32433319091797,39.6230454396877,39.054523954700855,39.53632169872954,10457600
2024-10-04,39.69050216674805,39.854315333173886,39.17979766567006,39.40142421662514,13696900
2024-10-07,39.083438873291016,39.69050145491401,39.04489416707909,39.44960255482776,17063100
2024-10-08,39.4592399597168,39.5363256951243,38.909990770071126,39.0930726080112,18173500
2024-10-09,39.892860412597656,39.93140144403519,39.27615612386427,39.46887598435435,11396400
2024-10-10,39.60377883911133,40.4228373283786,39.555599792878105,40.00849091428676,11975800
2024-10-11,39.75794982910156,39.969942021318666,39.5845060159901,39.67122608463322,10447800
2024-10-14,40.44210433959961,40.51919006822455,39.7964934427182,39.85431049605575,12121000
2024-10-15,40.57701110839844,41.21298405429764,40.35538456256657,40.35538456256657,14841700
2024-10-16,40.711910247802734,41.0588052191113,40.67336554525175,40.70227591007757,11768000
2024-10-17,40.69263458251953,41.19370464739975,40.133751144346306,41.02989518863643,16288100
2024-10-18,40.403560638427734,40.82754134593245,40.345743583657686,40.42283299001775,14188200
2024-10-21,39.05452346801758,40.451737643454194,38.98707207876012,40.4324652928342,16333500
2024-10-22,40.037391662597656,40.76008827627568,39.09306852849071,39.18942660665109,18594700
2024-10-23,40.037391662597656,40.39392096278113,39.71940706400836,40.01811931180057,16411700
2024-10-24,40.13375473022461,40.47101169064995,39.83503879682989,40.26865751439475,16562800
2024-10-25,40.14339065551758,41.0491691534974,40.1048459511375,40.528830347667686,19363200
2024-10-28,40.316837310791016,40.43246774570074,40.10484511693547,40.10484511693547,19062500
2024-10-29,40.5384635925293,40.943175625954375,40.22047897953302,40.2493856691258,21091500
2024-10-30,40.70227813720703,40.92390467526433,40.28793175167479,40.29756608992712,27530400
2024-10-31,42.0802116394043,43.66051126893907,41.28042932538893,43.564149518209845,35198400
2024-11-01,41.974220275878906,43.05344618023127,41.90676888659595,42.73545790861873,25078500
2024-11-04,40.981719970703125,42.176580140199896,40.94317894006815,42.0994907272789,21752800
2024-11-05,41.01062774658203,41.492425519411974,40.779363198260526,41.18407523886683,16783200
2024-11-06,43.4967041015625,43.57379351272822,41.84895653406239,42.2343962382401,31072500
2024-11-07,42.58128356933594,43.3617972430071,42.54274254319145,43.33289055444246,17151600
2024-11-08,42.31148147583008,42.774006909906944,42.07058258250929,42.55238036915087,23019700
2024-11-11,42.59092330932617,43.00526968273358,42.31147972245601,42.35965876395857,11088600
2024-11-12,42.436744689941406,42.59091981559776,42.25365920109484,42.30184191447022,13411900
2024-11-13,42.31148147583008,42.58128706008523,41.92604177618666,42.07058258250929,11593000
2024-11-14,41.89713668823242,42.45602390651581,41.61769307909073,42.31148309466306,20178800
2024-11-15,41.31897735595703,42.22475583086709,41.0298994321198,41.8971332036315,18270700
2024-11-18,41.43460464477539,41.646596821547526,41.19370578056158,41.29006385591712,19100900
2024-11-19,40.779361724853516,41.21298043989837,40.76972738710815,41.04916729162579,29279300
2024-11-20,41.42497253417969,41.45387922317511,40.46137702553078,41.19370799474088,21068600
2024-11-21,41.916404724121094,42.13803125052892,40.96244355096768,41.530965049431295,15647200
2024-11-22,41.88749694824219,42.128395819716644,41.58878102431684,41.68513910257659,10637300
2024-11-25,41.62732696533203,42.427109331010314,41.55987557337694,42.321113236273696,23526000
2024-11-26,41.087711334228516,41.68513951212374,40.89499149999051,41.434606300691904,18392600
2024-11-27,41.01062774658203,41.473153167399744,40.981717380651034,41.05880678869997,16235800
2024-11-29,41.61769104003906,41.69478044947035,40.875722015476974,40.91426672019262,9557000
2024-12-02,41.71405029296875,41.73332264416745,41.1262564467963,41.44424105201205,16253400
2024-12-03,41.299705505371094,41.868227022006785,41.2707988153842,41.64660048851494,14352200
2024-12-04,41.0009880065918,41.40570003016042,40.83717853512186,41.15516314037386,14621000
2024-12-05,41.23225402832031,41.415335857576686,40.91426573580499,41.05880653709836,13615000
2024-12-06,41.57914352416992,41.617684547047226,41.174431539447575,41.193703888798616,15608600
2024-12-09,37.62840270996094,41.72368349464174,37.348959138925885,41.63695975452138,45253900
2024-12-10,38.09092712402344,38.34146400054953,37.12733166993066,37.647674097338744,28678100
2024-12-11,38.26437759399414,38.389646042059375,37.98493400824293,38.033116725377795,23922900
2024-12-12,38.77508544921875,38.90035022057046,38.38001143196098,38.466731500208226,22465500
2024-12-13,38.466732025146484,38.736541274734506,38.21619880319895,38.30292254845487,18032600
2024-12-16,37.4453239440918,38.293289063730626,37.377872549148115,37.666950481167504,20182800
2024-12-17,37.38750457763672,37.69585484285155,37.15624371663815,37.454955968413394,19193100
2024-12-18,36.48173141479492,37.522412791606364,36.414280014252775,37.14661108120708,22644600
2024-12-19,36.03847122192383,36.65517172045013,35.89393043440832,36.56844798310581,22646500
2024-12-20,36.82862091064453,36.91534465202851,35.9517491592399,36.22155472095668,60040100
2024-12-23,36.597354888916016,36.818981402158876,36.29863897498437,36.64553392643404,16681400
2024-12-24,37.00206756591797,37.02133624061675,36.33718433823486,36.47208711607636,7493100
2024-12-26,36.85752868652344,37.059882863780814,36.703353550161836,36.85752868652344,10824500
2024-12-27,36.54917907714844,36.85752935546803,36.31791453049611,36.46245533163197,15394200
2024-12-30,36.028839111328125,36.50100257551498,35.75903351797879,36.40464080944342,23728300
2024-12-31,36.16373825073242,36.23118964224834,35.88429834694869,35.951749738464606,13705300
2025-01-02,36.057743072509766,36.56845120444827,35.84575455485769,36.42391040420006,28782100
2025-01-03,36.298641204833984,36.36609627249295,36.00956328614266,36.25046216435629,20334000
2025-01-06,36.12519836425781,36.77080561080913,35.93247852134726,35.98065756311858,31417800
2025-01-07,35.826480865478516,36.395002355629686,35.66266771959168,36.07701407728619,16527600
2025-01-08,36.11798858642578,36.186010810866435,35.214313464467274,35.7390272144071,27293600
2025-01-10,35.33091354370117,36.11798596484787,35.29204476305095,35.74874366886364,27686600
2025-01-13,35.41836929321289,35.68072802359002,35.224029081074505,35.47666876214254,19973300
2025-01-14,35.35034942626953,35.602989097698725,35.12685948819303,35.59327375549153,25100100
2025-01-15,35.466957092285156,35.80704971869661,35.253182466122745,35.7293158498304,22268500
2025-01-16,35.28232955932617,35.60298773411795,35.24346077852385,35.486385098441936,21114100
2025-01-17,35.5446891784668,35.865347361457296,35.418367490994875,35.7098759410038,22040300
2025-01-21,35.92365264892578,36.19572672405325,35.505822486847876,35.54469127093216,21125900
2025-01-22,36.05968475341797,36.14713765227817,35.47666419210642,35.81676044622085,21121100
2025-01-23,36.40950012207031,36.46779958953166,35.865348283133805,36.21515991482648,17469200
2025-01-24,36.55525207519531,36.57468646636832,36.22487483871642,36.30261240340844,18256200
2025-01-27,37.147987365722656,37.313177834363,36.496951953400966,36.506667295447556,24497900
2025-01-28,36.48723602294922,37.08968736306346,36.40950215973997,36.87591645918951,17895600
2025-01-29,36.3026123046875,36.759311229183446,36.19572500689218,36.623270491342346,21538200
2025-01-30,32.308937072753906,33.698464587759716,31.580164056075244,33.44582119954162,77358200
2025-01-31,32.707332611083984,33.04742520045845,32.357520972452406,32.52271144924231,39169100
2025-02-03,32.25063705444336,32.823938698628,32.10488466087672,32.17290318588747,45432400
2025-02-04,32.60044479370117,32.65874796812745,31.68705063474303,31.75506915154145,40510700
2025-02-05,32.979408264160156,32.98912731388336,32.36724157392875,32.60044687304603,33488900
2025-02-06,33.494407653808594,33.5041229960026,32.79478440044515,33.134876978201774,29838300
2025-02-07,33.397239685058594,33.68874817318226,33.134880933727835,33.64016404295024,24084000
2025-02-10,33.494407653808594,33.795631449327004,33.41667008933217,33.74704732489479,26992400
2025-02-11,34.2328987121582,34.34950136143878,33.11544893419559,33.11544893419559,32640500
2025-02-12,33.91223907470703,34.23289727343501,33.90252002541547,33.93166975982768,23440600
2025-02-13,34.37865447998047,34.49525712816272,33.95110525875996,34.048277221187966,20563800
2025-02-14,34.388370513916016,34.61186047189458,34.2912022562667,34.3980895637198,17933400
2025-02-18,35.321197509765625,35.35035095110695,34.10657581126294,34.26204724040203,24015300
2025-02-19,35.4475212097168,35.70987995624392,35.25318098561544,35.40865242355023,22701300
2025-02-20,35.37950134277344,35.680728864019656,35.068558478720526,35.36006695042872,25850100
2025-02-21,35.21431350708008,35.61270927131658,35.165725674316356,35.525256361765585,21415300
2025-02-24,35.272613525390625,35.7487468640852,35.19487966387329,35.36006643630468,28122000
2025-02-25,34.835350036621094,35.93336912797379,34.7381817800687,35.418370696129614,34275000
2025-02-26,34.1065788269043,34.81592122347213,34.009410565125144,34.76733338585097,31161200
2025-02-27,34.388370513916016,34.475823428492966,34.00940911965969,34.09686203423664,23252200
2025-02-28,34.864501953125,35.06855750699335,34.52440565661318,34.641012007450435,26777600
2025-03-03,34.961673736572266,35.21431714883887,34.7381837683251,34.85478642420806,19845700
2025-03-04,34.49525451660156,35.29204601453106,34.27176458003413,35.18515871731814,31010400
2025-03-05,34.553558349609375,34.67987633351813,33.98025677729739,34.32034935971503,24536100
2025-03-06,35.24346160888672,35.31148012352787,34.3494981630256,34.524403974026015,29116300
2025-03-07,36.52610397338867,36.55525370808472,35.04912353884478,35.05884258823097,43323100
2025-03-10,35.087989807128906,36.9050627052807,35.01025224453818,36.35119554538026,43425200
2025-03-11,34.93252182006836,35.29204881553899,34.4758228618142,35.04912446867723,32233500
2025-03-12,34.194026947021484,34.86450046210279,33.912237544710585,34.74789411625235,23455000
2025-03-13,33.7178955078125,34.90336363896718,33.67902672797638,34.17459069732886,32055800
2025-03-14,34.42723846435547,34.582709896861,33.66931569423241,34.08714586410316,27406700
2025-03-17,34.73817825317383,34.903365013888106,34.339782510987085,34.48553858774875,16899200
2025-03-18,34.99081802368164,35.107424368133564,34.56327254755099,34.80619687172929,17883000
2025-03-19,35.06855392456055,35.19487560503088,34.9130825127243,35.02968514491877,21740600
2025-03-20,35.466957092285156,35.65157827423257,34.84507131442899,34.88394010222791,17068800
2025-03-21,35.70988082885742,35.83620253361985,35.05884532495022,35.21431676668414,54564500
2025-03-24,35.56412124633789,35.83619902276561,35.447518603143834,35.74874611368727,34933300
2025-03-25,35.894500732421875,35.90421978222148,34.903368936553406,35.437805473588924,31434400
2025-03-26,36.31232833862305,36.6524246296079,35.81676432917751,35.952801362878986,25942200
2025-03-27,36.31232833862305,36.574687063646394,35.991670145859736,36.224875430281934,17856700
2025-03-28,35.58355712890625,36.419217471394525,35.55440739356919,36.24431164590948,23331700
2025-03-31,35.85563278198242,35.981950765409934,35.32119628774632,35.78761426575803,27806300
2025-04-01,35.680728912353516,36.088840031951555,35.48638869537435,35.89449981497239,20738300
2025-04-02,35.89644241333008,35.9356636790162,35.40618781329082,35.602290401375676,18827600
2025-04-03,35.02378845214844,35.94546571760396,34.9061246596979,35.89644100758904,26834100
2025-04-04,32.72939682006836,34.66099732253988,32.69017555597107,34.24918527055514,37314600
2025-04-07,32.81764221191406,33.76873353715413,31.74888709646953,32.327387640432086,46139700
2025-04-08,32.199920654296875,33.63146311644454,31.866547393489622,32.81764246645205,33971400
2025-04-09,34.49431228637695,34.562947627828684,31.572395460582126,31.866547458281765,45095900
2025-04-10,33.0235481262207,34.21977047363399,32.44504758415065,34.10210668381445,31778800
2025-04-11,33.062767028808594,33.33730837142751,32.57251249393466,33.29808711095473,26811900
2025-04-14,33.48439025878906,33.7785422670536,32.60193049364973,32.72939773535779,20432800
2025-04-15,33.729515075683594,34.08249521543983,33.5922406575976,33.76873259764844,17989900
2025-04-16,32.896080017089844,33.78834316095724,32.70978463200824,33.63146185237656,20687000
2025-04-17,33.34711456298828,33.63146311431822,33.06276975200391,33.12159790721316,21576000
2025-04-21,32.945106506347656,33.3471151150975,32.60192979412668,33.09218437749701,22945400
2025-04-22,33.53341293334961,33.58243764169174,33.0725724461735,33.19023249426371,23108500
2025-04-23,33.798152923583984,34.34723567530775,33.719710393140176,33.85698108107112,28164600
2025-04-24,32.543094635009766,32.699975936346405,30.827205635411847,31.356679559879847,44282300
2025-04-25,33.239261627197266,33.278479150470986,32.484269134081,32.86666710350516,29368800
2025-04-28,33.111793518066406,33.57263400258536,32.964715653542555,33.23926075129737,27895700
2025-04-29,33.278480529785156,33.396144325519906,32.9451072558948,32.994135707623805,22741600
2025-04-30,33.53341293334961,33.602048273097694,32.513682542313134,33.1117937089854,28174800
2025-05-01,33.16081619262695,33.562824758615164,33.01373833712226,33.1902302675898,20277700
2025-05-02,33.7883415222168,33.85697685762043,33.327504804556014,33.33730824946571,24823900
2025-05-05,33.778541564941406,34.00405822460154,33.31770105935359,33.40594703403327,20326100
2025-05-06,33.8177604675293,33.92561332652046,33.40594470100298,33.58243663803635,16103900
2025-05-07,33.71970748901367,34.2001585957386,33.54321555106128,33.95503131973199,25154100
2025-05-08,33.55302429199219,34.043278866730375,33.48438895075649,33.81776221119228,35269400
2025-05-09,33.582435607910156,33.778538169748025,33.48438619716385,33.67068157371993,16919700
2025-05-12,34.043277740478516,34.719827684710545,33.856978614420164,34.13152371062578,23093100
2025-05-13,34.111915588378906,34.42567822968079,33.817763579701605,34.17074374590693,19071500
2025-05-14,33.88639450073242,34.14132521088602,33.6804847552233,33.98444391071183,18156300
2025-05-15,34.64139175415039,34.680609279400194,33.83737077082445,33.96483801383714,18154000
2025-05-16,34.7884635925293,34.96495553570978,34.51392223217989,34.6315822808517,20791600
2025-05-19,34.749244689941406,34.83749066752595,34.55314584228311,34.660998712356864,14182500
2025-05-20,34.89632034301758,35.082615732563625,34.66099650433447,34.69041432188581,14068000
2025-05-21,34.41586685180664,34.92573201691392,34.278596180498,34.72962945489646,17290900
2025-05-22,33.91581344604492,34.543338736855745,33.89620281316386,34.52372810397468,14428300
2025-05-23,33.84717559814453,34.004056909245904,33.562827052915324,33.5726342388035,13930000
2025-05-27,34.268795013427734,34.42567632540068,33.90600768080509,34.1315243329946,22018500
2025-05-28,33.95503234863281,34.435479729570794,33.896200454084166,34.28840560371745,19762200
2025-05-29,33.61185073852539,34.131523104765996,33.18042808121099,33.95503116760434,22617000
2025-05-30,33.89619827270508,34.08249364960187,33.43535781259504,33.6902922655541,31652100
2025-06-02,33.66088104248047,33.74912327558326,33.17062646562182,33.65107385634977,25282800
2025-06-03,33.98444747924805,34.00405811137219,33.44516818704383,33.68048829184228,22050900
2025-06-04,33.768733978271484,34.219771032589364,33.758930532465826,34.06288971727963,19206700
2025-06-05,33.55302429199219,33.91581163000169,33.4255570552635,33.82756565693499,18852200
2025-06-06,34.02366638183594,34.12171579530519,33.729514401082824,33.82756381455207,13753100
2025-06-09,33.92561340332031,34.21976912593875,33.88639588193719,34.02366655764158,15056300
2025-06-10,34.92573547363281,34.94534610581002,33.84717688630609,33.96483693902367,21240900
2025-06-11,34.49431228637695,35.07281283600266,34.43548039069879,34.96495623076549,19015800
2025-06-12,34.582557678222656,34.700217727254966,34.38645510293846,34.49431170636205,14228600
2025-06-13,34.3276252746582,34.76885516052183,34.26879711677355,34.572752573432915,17190500
2025-06-16,34.42567825317383,34.798272792603726,34.09230497901986,34.49431359723385,18323500
2025-06-17,33.85697937011719,34.34723393957893,33.788344029620184,34.278598599081924,16399400
2025-06-18,33.59224319458008,34.03347307803012,33.543218483162455,33.87659175728629,16249500
2025-06-20,33.85697937011719,34.21977044456766,33.709905243485984,33.82756529286005,42693900
2025-06-23,33.91581344604492,33.955034711807045,33.49419418996657,33.7197108575801,28769100
2025-06-24,34.52372360229492,34.592358938256126,33.925612468622795,34.1021044011931,24319500
2025-06-25,34.16094207763672,34.504118815562876,34.121720810346325,34.4649012886184,21623000
2025-06-26,34.52372360229492,34.543334232618875,34.141325661841016,34.17073973715431,16830600
2025-06-27,34.63158416748047,34.866908017989374,34.5041169259404,34.61197353490925,26939900
2025-06-30,34.9943733215332,35.07281585585818,34.59236468398247,34.68061066492511,18490400
2025-07-01,35.62189865112305,35.94546472052267,34.87670961432269,34.89632024585381,22857500
2025-07-02,35.45368194580078,35.730739918424156,35.344836663803946,35.53283974885098,24144800
2025-07-03,35.612003326416016,36.01769699823949,35.40420606064732,35.4239964561792,10160900
2025-07-07,35.06777572631836,35.76042444850292,34.99851123156309,35.542733879482434,15078500
2025-07-08,35.62189483642578,35.68126602002061,35.01830101442303,35.206307875157414,12711900
2025-07-09,35.245887756347656,35.65158144066362,35.018303862671104,35.54273614920263,14909500
2025-07-10,35.0479850769043,35.59221149550306,35.00840806206862,35.18651784004061,15132700
2025-07-11,34.62250518798828,34.97872097327847,34.59281770824019,34.869879462975064,16864400
2025-07-14,35.26567840576172,35.29536211287077,34.43450063501913,34.53345261643618,18545300
2025-07-15,34.355342864990234,35.30525923992022,34.33555246868351,35.24588805100004,17002900
2025-07-16,34.03870391845703,34.503765018336374,33.91996154115701,34.40481681188514,21102900
2025-07-17,34.33555221557617,34.652191004885374,33.91996144546278,33.93975184162362,17545600
2025-07-18,34.17723083496094,34.56313410109306,34.06838554971713,34.493869605870984,14788100
2025-07-21,34.64229202270508,34.731346913236735,34.30586285565569,34.385024435964674,15815100
2025-07-22,34.89956283569336,35.38441429625568,34.67197895782895,34.74124345219499,14553400
2025-07-23,35.41410446166992,35.52294975382379,34.95893667141933,34.99851368932172,16430400
2025-07-24,34.998512268066406,35.64168690942121,34.998512268066406,35.44378672941727,16134600
2025-07-25,33.326263427734375,34.078279580898105,32.851305261320654,33.78143119871853,32924600
2025-07-28,33.17783737182617,33.39552794706706,32.960150571217255,33.31636636529511,19631900
2025-07-29,32.485191345214844,33.29657865876002,32.23781707219176,33.207523769486436,32911500
2025-07-30,32.15865707397461,32.791934640105595,32.04981178455234,32.48519294224142,35644500
2025-07-31,32.88098907470703,33.74185051823339,32.55445698563096,33.63300900496269,40584100
2025-08-01,32.17844772338867,33.118470769425514,32.128973620888225,32.99972839386595,22399800
2025-08-04,32.2180290222168,32.603932312277685,32.14876452269982,32.2773964362987,29378800
2025-08-05,32.168548583984375,32.48519112395858,32.1190744846431,32.356555445965796,27440100
2025-08-06,31.822227478027344,32.41592424483523,31.792543772076545,32.316976041911246,21569100
2025-08-07,31.337373733520508,32.138865868886455,31.287899632655883,32.02012727188497,25138700
2025-08-08,31.337373733520508,31.703488496793035,31.258214039747525,31.357164128792746,16280700
2025-08-11,31.08010482788086,31.75296318096982,30.704096747380795,31.357164704833963,19954700
2025-08-12,31.762855529785156,32.020126890629044,31.188949172251373,31.188949172251373,19947600
2025-08-13,32.594032287597656,32.65340347095775,31.752961283804492,31.83211908698616,29736800
2025-08-14,32.55445861816406,32.67319722245238,32.257606445495,32.38624213534278,14579800
2025-08-15,33.09867858886719,33.18773347841912,32.65340414110753,32.68308784608089,20703200
2025-08-18,33.078887939453125,33.24710063251683,32.86119737230542,32.900778161719884,25119900
2025-08-19,33.5340576171875,33.6330095963991,33.09868023255263,33.17783804128986,16793200
2025-08-20,32.94036102294922,33.66269348935166,32.71277713144972,33.58353190554379,20291700
2025-08-21,33.247100830078125,33.25699791480647,32.772142678177794,32.88098796239842,16169200
2025-08-22,33.79132843017578,34.03870271216936,33.35594727810261,33.35594727810261,25268200
2025-08-25,33.652793884277344,33.82101034995767,33.46479079875867,33.69237467321763,17147400
2025-08-26,33.326263427734375,33.62311180991395,33.167944038929804,33.62311180991395,22273800
2025-08-27,33.454898834228516,33.4944758501286,33.098679268704146,33.2372082609343,17520700
2025-08-28,33.2174186706543,33.53405745332002,32.91067319854537,33.49447666182879,21385500
2025-08-29,33.61322021484375,33.63301061128325,33.108574542216935,33.20752652441443,16730000
2025-09-02,33.77153778076172,33.80122148649554,33.29657961586068,33.346053716961045,20302100
2025-09-03,33.5340576171875,33.821012694953055,33.12836393900009,33.7913289885056,17908700
2025-09-04,33.59342956542969,34.08817814879498,33.36584567003751,33.672587375959424,27937800
2025-09-05,33.55384826660156,34.01891313583051,33.23720947999567,33.73195805589639,21116900
2025-09-08,33.64290237426758,33.75174766236074,32.17844707681412,32.22792117832047,27803100
2025-09-09,33.316368103027344,33.682484775870755,33.316368103027344,33.633010671998775,17141500
2025-09-10,33.12836456298828,33.38563593915221,32.554458171279435,33.17783866620992,17681600
2025-09-11,33.0492057800293,33.207525170458034,32.831515202702775,33.10857319229507,21780600
2025-09-12,32.71277618408203,33.02941496087943,32.1091823362395,32.92056967361183,23874800
2025-09-15,32.27739334106445,32.80182935450073,32.17844514399514,32.68308698845944,21389900
2025-09-16,31.950862884521484,32.41592396379054,31.64411741870542,32.277394971045204,21622100
2025-09-17,32.089393615722656,32.45550651275992,31.861809718935593,32.00033871918579,16186100
2025-09-18,31.307687759399414,32.07949429245923,31.000944185678616,31.990443176766387,39019900
2025-09-19,31.258214950561523,31.545168141106448,31.070209964629036,31.307689052867744,53789600
2025-09-22,31.159263610839844,31.2483185012776,30.971258632436143,31.00094422502071,36356100
2025-09-23,31.287899017333984,31.84201686284733,31.258213425009437,31.258213425009437,26288500
2025-09-24,31.278005599975586,31.456115389427527,31.129579517221607,31.456115389427527,22928300
2025-09-25,31.287899017333984,31.574852193874207,31.18894893023476,31.37695201967576,19402700
2025-09-26,31.38684844970703,31.55506303818687,31.2285290590573,31.337374347872494,15565400
2025-09-29,31.159263610839844,31.53527356764725,31.080103917930277,31.49569277753449,22268000
2025-09-30,31.09000015258789,31.47590343248086,30.901995167912542,31.11968574616274,37758200
2025-10-01,30.940000534057617,31.3700008392334,30.899999618530273,31.040000915527344,30248200
2025-10-02,30.399999618530273,30.799999237060547,30.3799991607666,30.719999313354492,25014600
2025-10-03,30.899999618530273,31.200000762939453,30.40999984741211,30.43000030517578,32639900
2025-10-06,31.09000015258789,31.110000610351562,30.420000076293945,30.799999237060547,27868000
2025-10-07,30.600000381469727,31.1299991607666,30.299999237060547,31.09000015258789,30175800
2025-10-08,30.770000457763672,30.989999771118164,30.459999084472656,30.610000610351562,23765200
2025-10-09,30.079999923706055,30.969999313354492,30.059999465942383,30.860000610351562,22555000
2025-10-10,29.459999084472656,30.3799991607666,29.43000030517578,30.190000534057617,22896800
2025-10-13,29.40999984741211,29.770000457763672,29.389999389648438,29.530000686645508,16844100
2025-10-14,29.989999771118164,30.110000610351562,29.40999984741211,29.450000762939453,23398700
2025-10-15,29.719999313354492,30.1200008392334,29.450000762939453,29.93000030517578,20536600
2025-10-16,29.260000228881836,29.829999923706055,29.149999618530273,29.65999984741211,20378600
2025-10-17,29.540000915527344,29.639999389648438,29.15999984741211,29.299999237060547,20680900
2025-10-20,29.56999969482422,29.6299991607666,29.31999969482422,29.549999237060547,16881400
2025-10-21,29.969999313354492,29.989999771118164,29.489999771118164,29.649999618530273,30083000
2025-10-22,29.399999618530273,30.0,29.3799991607666,29.940000534057617,22015800
2025-10-23,29.299999237060547,29.649999618530273,29.25,29.6200008392334,21198100
2025-10-24,29.280000686645508,29.6200008392334,29.25,29.469999313354492,18001500
2025-10-27,29.420000076293945,29.719999313354492,29.290000915527344,29.40999984741211,24107400
2025-10-28,29.280000686645508,29.420000076293945,29.1299991607666,29.309999465942383,27062800
2025-10-29,28.530000686645508,29.260000228881836,28.459999084472656,29.149999618530273,42857700
2025-10-30,27.31999969482422,28.100000381469727,25.75,26.09000015258789,64038100
2025-10-31,27.84000015258789,27.940000534057617,26.350000381469727,26.729999542236328,49107300
2025-11-03,26.979999542236328,27.760000228881836,26.700000762939453,27.639999389648438,39650700
2025-11-04,27.440000534057617,27.540000915527344,26.889999389648438,27.030000686645508,45561700
2025-11-05,27.940000534057617,27.989999771118164,27.3799991607666,27.450000762939453,40249200
2025-11-06,27.309999465942383,28.059999465942383,27.280000686645508,27.93000030517578,32823400
2025-11-07,27.350000381469727,27.780000686645508,27.010000228881836,27.56999969482422,36519300
2025-11-10,27.1200008392334,27.479999542236328,26.75,27.25,55469900
2025-11-11,27.450000762939453,27.649999618530273,27.049999237060547,27.3700008392334,53417000
2025-11-12,27.889999389648438,27.959999084472656,27.420000076293945,27.440000534057617,30938900
2025-11-13,27.969999313354492,28.280000686645508,27.760000228881836,27.760000228881836,31960600
2025-11-14,27.510000228881836,28.229999542236328,27.25,28.020000457763672,37839100
2025-11-17,27.219999313354492,27.6200008392334,27.149999618530273,27.510000228881836,26584800
2025-11-18,27.360000610351562,27.549999237060547,27.06999969482422,27.360000610351562,29241600
2025-11-19,26.8700008392334,27.3700008392334,26.770000457763672,27.290000915527344,27469300
2025-11-20,26.6299991607666,27.139999389648438,26.549999237060547,26.979999542236328,24690800
2025-11-21,27.350000381469727,27.420000076293945,26.59000015258789,26.59000015258789,31572800
2025-11-24,26.459999084472656,27.34000015258789,26.43000030517578,27.299999237060547,51662500
2025-11-25,26.68000030517578,27.09000015258789,26.520000457763672,26.549999237060547,30445600
2025-11-26,26.56999969482422,26.799999237060547,26.5,26.770000457763672,24225500
2025-11-28,26.690000534057617,26.8799991607666,26.450000762939453,26.479999542236328,13634000
2025-12-01,26.579999923706055,26.84000015258789,26.450000762939453,26.5,28314800
2025-12-02,27.020000457763672,27.270000457763672,26.399999618530273,26.719999313354492,45781400
2025-12-03,27.43000030517578,27.510000228881836,26.850000381469727,26.959999084472656,27648700
2025-12-04,27.200000762939453,27.520000457763672,27.040000915527344,27.479999542236328,40806200
2025-12-05,27.309999465942383,28.079999923706055,27.209999084472656,27.229999542236328,47677500
