Date,Close,High,Low,Open,Volume
2015-01-02,114.13603210449219,115.3772489845796,113.49123884408988,114.34558468729931,1471000
2015-01-05,112.83839416503906,114.57933234091782,112.6771989187708,114.20051674806247,1748500
2015-01-06,114.32943725585938,115.20796148962671,112.71746076891546,113.3300074065285,3185200
2015-01-07,116.32027435302734,116.40892128775083,114.74053137131709,114.93397305226407,2171600
2015-01-08,117.31965637207031,117.75489694634082,116.81994755563179,117.31965637207031,2937700
2015-01-09,115.51431274414062,116.90866982831868,115.43370895034028,116.44925034079867,1727000
2015-01-12,114.86949920654297,116.19132002425644,114.5470963861189,115.72384515844911,1344800
2015-01-13,113.71692657470703,116.39281458175975,113.15273702454827,114.61157439653371,2198500
2015-01-14,112.2822494506836,113.00764643762854,111.41984820090755,112.8464389082578,2207900
2015-01-15,112.2822494506836,112.97540001239128,111.7261154502148,112.79808156880969,1819600
2015-01-16,112.6126937866211,112.80613541897621,111.40371125581575,112.06461531081807,1784800
2015-01-20,112.33866882324219,113.86198643030039,111.51655719927847,113.41869034392744,1836100
2015-01-21,112.14518737792969,112.59653876081859,111.53264082949514,111.91145623264893,1682000
2015-01-22,113.86197662353516,113.87003207953644,111.54072626093155,112.43537381331785,1897500
2015-01-23,114.49068450927734,114.70023712044802,113.53961155431156,114.1199243373798,1696800
2015-01-26,115.1838150024414,115.29665289611222,114.10379340610535,114.17632941666344,1482800
2015-01-27,113.63630676269531,115.09514377095446,113.5395797936348,115.05484189204648,1786500
2015-01-28,112.53211212158203,114.81306108658687,112.48375477860242,114.12797823036126,2016300
2015-01-29,113.35420227050781,113.39450414812225,111.95984585357361,112.96733130190307,1873400
2015-01-30,115.24832153320312,115.90117037219687,113.91843288116881,115.3289130191862,5169000
2015-02-02,117.6742935180664,117.85966738621937,112.94314606348053,116.06231689453125,4797500
2015-02-03,123.92070770263672,124.03354557868985,116.68293582801365,117.96445434141857,10302900
2015-02-04,125.66972351074219,126.41929919938228,122.5666752125282,122.5747306699772,11006300
2015-02-05,124.14591217041016,125.81962940130616,122.83859375971448,124.48731856839825,6986700
2015-02-06,123.8211441040039,124.8620078115121,123.3714965729369,124.24582462841497,2927400
2015-02-09,122.85523986816406,124.20420809634834,122.25571396279737,123.82116459801011,2740200
2015-02-10,123.4215087890625,123.63800395871763,122.40562435954162,123.22999334260368,1703400
2015-02-11,123.08341979980469,123.93479461497454,122.32384867771661,123.85967555534687,2295800
2015-02-12,123.33381652832031,123.85967541785315,122.58260046015461,123.54248907351761,1712200
2015-02-13,122.7829360961914,124.20190691875449,122.6493826046565,123.72612738129709,1926800
2015-02-17,123.14183044433594,123.20860718124699,121.58096402016598,122.69944570661546,1541500
2015-02-18,122.89144134521484,123.10011390670265,122.30716072032148,122.8330196509067,1541000
2015-02-19,122.42398071289062,123.1251172558281,122.24870294533557,122.61595584661808,1273700
2015-02-20,123.15017700195312,123.35884953585231,121.78128568902879,122.42400065961932,1595600
2015-02-23,123.85965728759766,123.91809170515289,122.72447829843446,123.53412867419436,1587300
2015-02-24,123.70941162109375,124.70268203152173,123.53412111551307,124.68599740154929,1844200
2015-02-25,123.10014343261719,124.03500539303823,122.85808880723332,123.28377634968032,1602700
2015-02-26,122.40728759765625,123.20859562909722,122.03167963206417,122.75786861765854,1892600
2015-02-27,122.66603088378906,123.16683717207752,121.722827239795,123.16683717207752,3036200
2015-03-02,123.48402404785156,123.94310603344604,122.96652039301246,122.96652039301246,2108600
2015-03-03,123.00826263427734,123.65097750782452,122.41563985984558,123.48404205318285,1514300
2015-03-04,122.8412857055664,123.51738234723248,121.68106749343902,123.40052629480076,2208600
2015-03-05,126.18009948730469,126.66422126829134,124.3688235187836,125.84622854555667,4471100
2015-03-06,124.81951141357422,125.32867271867323,123.67599042357975,124.61083895634276,3014900
2015-03-09,125.77113342285156,126.029898124956,124.82794200609003,125.02825953499186,1727900
2015-03-10,123.66771697998047,125.32874251328741,123.6593619257705,124.99487149032927,2128100
2015-03-11,123.03334045410156,124.36050766034747,122.98326107582109,123.80960902653692,1734300
2015-03-12,124.73606872558594,124.90300416906351,123.03329408758411,123.8512994124327,1564000
2015-03-13,124.6025390625,125.1283979093792,123.65933515907803,124.44394590319608,1470100
2015-03-16,125.19515991210938,126.03819224201645,124.60252439756954,124.96979004191998,2532700
2015-03-17,125.22852325439453,125.3704190074185,123.8930143350348,124.69432223392204,1972500
2015-03-18,125.97979736328125,126.56409074612836,123.74283353492366,125.20354151931568,2772500
2015-03-19,126.2969741821289,126.45556736053096,125.47063902193567,126.03822225373054,1862900
2015-03-20,127.36534881591797,127.83277319561594,126.664212246371,126.9813985338914,5859300
2015-03-23,127.64912414550781,128.17498287401048,127.45714902889473,127.83275694795772,1665900
2015-03-24,127.8244400024414,128.7342491447353,127.61576747973034,127.6658468473634,1637000
2015-03-25,126.11333465576172,128.50890410300428,126.11333465576172,128.16667807677516,2266800
2015-03-26,125.25357818603516,125.84621368446803,124.51070460246518,124.63591574310462,1554800
2015-03-27,125.59580993652344,126.22182745953938,125.22020196998568,125.37879511363384,1329900
2015-03-30,127.1817398071289,127.36537266730716,125.87128283552393,125.96309926561305,1463800
2015-03-31,126.45556640625,127.70760171720296,126.2468938544245,126.73935802000584,1886100
2015-04-01,125.40386199951172,126.7643983839501,124.95312215280012,126.73101637947903,1795000
2015-04-02,126.5640869140625,126.87291823148999,125.50402672844685,125.59584316556887,1095300
2015-04-06,127.29024505615234,127.57403664414115,125.70433890081668,126.34704113190413,1767600
2015-04-07,126.68923950195312,127.66582521439534,126.639160142806,127.31525696400772,1391700
2015-04-08,126.87288665771484,127.43212745869823,126.19678976005372,127.0648618016084,1483000
2015-04-09,124.21027374267578,126.03824771759027,123.75954654026887,125.67933696668386,3401800
2015-04-10,124.90302276611328,125.2285513870884,124.05163532034767,124.7026925622979,1572900
2015-04-13,124.38551330566406,125.48729753536843,124.3103815224439,124.73608159404087,1120200
2015-04-14,124.80287170410156,125.28699350747817,123.30042692402944,124.36882927066726,1540800
2015-04-15,124.42724609375,125.7627424699697,124.41054872734409,124.85293341440948,1404700
2015-04-16,122.79121398925781,124.28530309078015,122.624278580605,124.16844703108764,2680600
2015-04-17,120.67119598388672,122.47411754946047,119.44420008976462,122.34891908531112,4369300
2015-04-20,122.12350463867188,122.90811535857478,121.6560802275876,122.40729621163591,2881900
2015-04-21,122.98324584960938,123.60092115677547,122.36558327880445,122.68275688076658,1616700
2015-04-22,122.68273162841797,123.47568457464787,122.09845118047795,123.47568457464787,1423500
2015-04-23,122.94986724853516,123.49241077622966,122.0901373737421,122.36558666416533,1351800
2015-04-24,123.63430786132812,123.86802009749853,122.59094511543827,122.97490820992486,1421100
2015-04-27,122.66603088378906,123.95979001413524,122.58255680089589,123.78451227095917,1717000
2015-04-28,122.3739242553711,122.85804607411454,121.90649980592526,122.60763648009399,1302100
2015-04-29,120.90924835205078,122.40742592870156,120.41542407295579,122.09774969006149,1719000
2015-04-30,119.72906494140625,121.27745829522627,119.30220027138473,120.39864631361063,2523200
2015-05-01,121.68763732910156,121.98058330864886,119.87140546105032,120.07228379884347,1504700
2015-05-04,121.9888916015625,122.37390504344198,121.03474229130747,121.68758062089235,1288800
2015-05-05,120.94270324707031,121.9805552635719,120.76693314551231,121.46162286971835,1769600
2015-05-06,121.16873931884766,122.06429492997606,120.53263085402038,121.65418581050663,1737300
2015-05-07,120.99296569824219,121.87179099825569,120.5326274200246,120.95949235583109,2564500
2015-05-08,122.09771728515625,123.50382685399984,122.03075786218216,122.19815003401534,1728700
2015-05-11,120.75021362304688,122.47437760652734,120.69161932690595,121.81316115308361,1905800
2015-05-12,120.58282470703125,121.36120423157857,120.03878405982067,120.52423040929182,1923900
2015-05-13,119.88812255859375,121.60390850066275,119.45289263987691,120.42378523885844,2135900
2015-05-14,119.35250091552734,120.63307015038578,118.45693257978174,120.63307015038578,3023400
2015-05-15,121.21891784667969,121.32772852823791,119.46964565735695,119.87138950826974,2357000
2015-05-18,121.41143035888672,121.60393077751985,120.56609132818642,121.14360535529384,1451700
2015-05-19,121.1435546875,121.77964997979586,120.78364942454118,121.2021361942312,1332700
2015-05-20,120.09735870361328,121.4114007485327,119.90484556072307,121.4114007485327,1640900
2015-05-21,120.47400665283203,121.01803449555237,119.56170830744293,119.99692547313671,1539400
2015-05-22,120.2563247680664,121.1602575183867,120.02197325182037,120.44045992671681,1189500
2015-05-26,119.8965072631836,120.86740002059662,119.75422323737082,120.5911971100632,2477400
2015-05-27,121.71269226074219,121.8968274636688,119.77928540121557,120.21451522369692,2954100
2015-05-28,120.7418212890625,122.17305193450014,119.82115788235978,120.79205043884349,3206200
2015-05-29,119.3441162109375,120.4824013295101,118.65780419142675,120.3401172860897,3027100
2015-06-01,119.17670440673828,119.89650241902012,118.76658262805431,119.72911020548632,2182700
2015-06-02,118.3480224609375,119.41098215436385,117.92117066493135,118.82510338400265,1963500
2015-06-03,118.95906066894531,119.27710194935646,118.1639255399087,118.57404719745372,1858200
2015-06-04,117.7203140258789,119.26872006147346,117.4524891551868,118.32293594893828,2898600
2015-06-05,116.15521240234375,117.85426804047438,116.12173907271206,117.79568652081755,3203200
2015-06-08,115.54422760009766,116.26402552883387,115.51911940954221,116.26402552883387,1879700
2015-06-09,115.53582763671875,116.13844963743817,115.34332728880108,115.43539489366663,2039100
2015-06-10,116.69923400878906,117.12609875892814,115.71997633626593,115.77020548485069,1725600
2015-06-11,116.6071548461914,117.5696692684557,116.49834420375726,116.87497972676493,1342300
2015-06-12,116.15521240234375,116.59044231478872,115.92922592091196,116.38956402338208,1290700
2015-06-15,114.85791015625,115.77022129768059,114.79095072019595,115.45216716922552,1939500
2015-06-16,115.48565673828125,115.70327812885488,114.79096685915846,114.83281810897711,1553600
2015-06-17,116.2389144897461,116.60718497047554,115.40194076852663,115.45215714840691,1508100
2015-06-18,117.5948257446289,118.09701516234159,116.52350023996873,116.74948675506019,2074100
2015-06-19,117.42742156982422,118.41504448054613,117.32697603378703,117.67013834190136,2758200
2015-06-22,117.3353271484375,118.15555767338472,117.24325954463299,117.8793548619712,1415700
2015-06-23,116.88333892822266,117.92955575633493,116.78290619950836,117.54455511546246,1489400
2015-06-24,115.78692626953125,117.05912973406612,115.73670989626866,116.62389988045086,1965900
2015-06-25,115.04203033447266,117.1009912168529,115.01692214564405,115.87900401863936,1660900
2015-06-26,115.55261993408203,116.03806635107541,115.10902476826561,115.45218714822437,2248900
2015-06-29,113.56896209716797,115.35172014455893,113.54385390815162,114.67376072750244,1963200
2015-06-30,113.04165649414062,114.42267064721499,112.76545366352576,114.14646781660012,2454300
2015-07-01,114.2385482788086,114.30550770932742,113.44341302340095,113.65265645457022,1707000
2015-07-02,114.15486907958984,114.83281589145173,114.06280144025007,114.665423666618,1148400
2015-07-06,113.72798919677734,114.53147678809941,113.04166464011827,113.11698920720377,2450400
2015-07-07,117.5948257446289,117.90450198186753,113.8535516191708,114.07953813426226,3790000
2015-07-08,117.09259033203125,117.6198877363823,116.5653056988826,117.15954974617125,2917100
2015-07-09,116.71597290039062,118.4317714365748,115.25964692343393,118.3062304975973,3317600
2015-07-10,119.45291900634766,120.04716333827906,118.15560687477826,118.60757994391759,2846000
2015-07-13,120.57440185546875,121.41975327447655,120.10569873307351,120.4070097076422,1847800
2015-07-14,120.46562194824219,120.76693299968815,119.82116137612057,120.23127032725151,1512800
2015-07-15,120.21456909179688,120.6748945341822,119.62031198493773,120.46565105265847,1306700
2015-07-16,120.80045318603516,120.93437208473276,120.05554687244226,120.64979123219807,1148100
2015-07-17,121.09333038330078,121.2691004529193,119.82113974790295,120.6246272259223,1842100
2015-07-20,121.39466857910156,121.55369563695746,120.54096453883214,121.00966780122462,1243600
2015-07-21,121.31096649169922,121.6959672303049,120.88410174389998,121.52020991043854,1587800
2015-07-22,122.51624298095703,122.59993270783058,121.37795797157017,121.54535019652539,1612000
2015-07-23,121.86331939697266,123.03507692588232,121.67918424654411,122.90953603749887,1356100
2015-07-24,121.35282135009766,122.13956590021704,121.26911887162288,121.95544343574176,1272700
2015-07-27,120.73348236083984,121.26914513394951,120.1308601446905,121.17707749617091,1431300
2015-07-28,120.98455810546875,121.11009905947469,119.61192166644489,120.96781505453266,1376500
2015-07-29,121.67923736572266,122.83425235667093,121.1519398619215,121.1937911000526,1840500
2015-07-30,121.6122817993164,122.08098503037121,120.54095647941821,121.48672808093767,1392700
2015-07-31,121.6122817993164,122.3571878853582,121.36955227317397,122.3571878853582,1386700
2015-08-03,121.79643249511719,122.29024397828425,121.06825659547054,122.01404108823992,1328100
2015-08-04,121.22725677490234,122.04750012263533,120.68322902715641,121.45324322958012,1315300
2015-08-05,122.94306182861328,123.06860277058358,121.905209880575,122.05587178214404,1687800
2015-08-06,122.56644439697266,123.52895915127763,122.18143083252673,123.1606886386441,1948000
2015-08-07,121.57880401611328,122.56643969585876,120.81716759915054,122.2149122485207,1228300
2015-08-10,122.40740966796875,122.85936986895071,121.9303285052379,122.44926090927588,1072600
2015-08-11,122.10610961914062,122.44089403736973,121.36956857358828,121.59555508005674,1260700
2015-08-12,122.94538879394531,123.13841844158607,120.31006603268641,121.6528982334869,1963800
2015-08-13,121.92147827148438,123.3566312962183,121.84593379150914,122.83628491372059,1114000
2015-08-14,122.60966491699219,122.88662716589269,121.5941494773421,121.5941494773421,1210400
2015-08-17,122.60966491699219,122.7355638335752,121.678069282079,121.82074447581833,912600
2015-08-18,122.2236099243164,122.93698591801152,121.79557152178045,122.66842460459655,1099100
2015-08-19,121.8375015258789,122.4837466034032,120.55341231351814,122.02214297660014,1436100
2015-08-20,120.6122055053711,121.59415563410992,120.25969876614467,121.09897369391997,1785100
2015-08-21,116.65078735351562,120.2932362341383,116.65078735351562,119.3616408672559,3611400
2015-08-24,111.59838104248047,115.11494481425078,98.22033749924888,110.75910616831355,5205800
2015-08-25,111.38014221191406,116.13882784562092,111.32977497661547,114.79598330991283,4645100
2015-08-26,115.95421600341797,116.05492488709565,111.91730603597814,114.23370000478977,3094900
2015-08-27,117.67471313476562,118.12791584496915,115.47580467859295,117.89291994985386,2603100
2015-08-28,117.45649719238281,117.7502484736358,116.357049333017,117.28864480580232,1850900
2015-08-31,117.54043579101562,117.69149910475721,116.24794545508104,116.8690134040914,3005700
2015-09-01,116.07171630859375,117.41454840785225,115.40029385580544,115.46743738171608,2968200
2015-09-02,117.85094451904297,118.22861554932759,116.17239522327597,117.35577555030726,1809900
2015-09-03,117.90129852294922,118.92521461417304,117.58238286619975,118.28737049435934,1615600
2015-09-04,116.22273254394531,117.04523079833753,115.97094762538266,116.49130653876227,2124500
2015-09-08,118.69862365722656,118.74058995666574,116.75990100251214,117.95166962994878,1638000
2015-09-09,117.2298355102539,119.47070930289509,116.98645158259765,119.47070930289509,1390800
2015-09-10,117.50687408447266,118.30419548415946,116.65082290741732,116.69277640734303,1350700
2015-09-11,118.37974548339844,118.50563161530704,116.89422509527361,117.37261800916762,1452300
2015-09-14,118.4636001586914,118.68181974242688,117.69987003455806,118.48877737122803,1123300
2015-09-15,119.53791046142578,119.98273791270731,117.69990930149257,118.60632767415001,1349600
2015-09-16,120.52822875976562,120.73804741488628,118.96717745341532,119.35324941361567,1374300
2015-09-17,120.31007385253906,121.72843781552136,120.15060955686793,120.77166484781453,1535300
2015-09-18,119.01757049560547,121.14093494982419,118.92524974514733,119.2945327469799,2833900
2015-09-21,120.19254302978516,120.67092297978178,119.25254659799019,119.4791543671025,1004800
2015-09-22,119.72251892089844,119.97430386711068,118.17825670005776,119.0259322587618,1787200
2015-09-23,122.05573272705078,122.22359793858234,119.72254971751953,120.40237308906003,2310200
2015-09-24,121.58577728271484,122.04738114003356,120.56186065605202,121.16613974084717,1974900
2015-09-25,122.15645599365234,123.2894693482246,121.7032404067692,122.49216080841795,1845700
2015-09-28,120.4779052734375,122.36627365450606,120.25968562002625,122.02216789821732,2553500
2015-09-29,120.62060546875,120.97309943621215,119.38687017947233,120.0498918026301,2513100
2015-09-30,121.333984375,121.65290014430286,119.9239958147457,120.46951940390214,2549200
2015-10-01,121.32560729980469,121.56900425213597,119.59670263009343,121.56900425213597,2657300
2015-10-02,122.41665649414062,122.45862280694112,119.33651866812983,120.22614815168949,2591500
2015-10-05,124.27143859863281,124.39732470908807,122.54252157503034,122.73556401948635,2273000
2015-10-06,124.5567626953125,124.80014672625907,123.67552168918117,124.33854307482687,2091000
2015-10-07,124.17913818359375,125.32055272846611,123.73431063906682,124.81698259154692,2340800
2015-10-08,127.28438568115234,127.31795102952282,123.88532107610132,123.88532107610132,2370900
2015-10-09,129.22314453125,129.46652859327463,126.26050545327564,126.52906673529188,3715500
2015-10-12,128.93780517578125,129.65118114698004,128.4845895646023,129.22315556426076,1200100
2015-10-13,127.80476379394531,129.30707283719957,127.7544093556359,128.60207228191706,1493700
2015-10-14,125.75696563720703,128.2160480994997,125.13591031986493,127.82997595639691,3044900
2015-10-15,127.37675476074219,127.48585178910459,126.07587610854344,126.58783430819642,1697000
2015-10-16,127.62017822265625,128.38392168843473,126.965544625224,127.83839795934871,1647500
2015-10-19,128.5936737060547,128.73634887178903,127.50261400808603,127.61172381977767,1543700
2015-10-20,129.7183074951172,129.98688157081202,128.54332792974418,129.01331975589338,1875700
2015-10-21,130.26382446289062,130.87649137351136,129.50846959177292,129.91971878181417,1797300
2015-10-22,132.73126220703125,132.89072641723396,130.15469605125404,130.4484344538737,2192400
2015-10-23,130.7086639404297,133.27684281828599,130.01206430912924,133.19291021448888,2273400
2015-10-26,131.5395050048828,132.11021839447716,126.94867189978775,127.62009414376939,2500000
2015-10-27,132.40402221679688,132.85723789801318,130.5576197386368,131.99278565406112,1675100
2015-10-28,132.40402221679688,132.54669743308483,130.5156534264767,132.18581532241302,1778800
2015-10-29,132.84039306640625,132.92432565550476,131.37166240138797,131.81647694971687,1547000
2015-10-30,132.70606994628906,133.78034020167735,132.0178715668895,132.60536111181878,2050000
2015-11-02,133.57057189941406,133.70485893349243,132.3116597691413,133.4362976716521,1260700
2015-11-03,133.27685546875,133.62934938678487,132.0850866583506,132.94113782801307,1531100
2015-11-04,131.89202880859375,133.46986951998144,131.68221011000782,133.4446923006565,1653100
2015-11-05,131.15345764160156,131.60666033337398,129.26508961430505,129.37418661425446,2550300
2015-11-06,132.2277374267578,132.5718431425768,130.64989682256635,131.33810825420431,1749800
2015-11-09,130.221923828125,131.8501195241069,129.1560408961424,131.60672258059714,2291100
2015-11-10,131.6103057861328,131.65238056893443,130.0872936604296,130.53325811140056,1701800
2015-11-11,131.59344482421875,132.46854105575778,130.57529179423187,131.24844965510252,1864200
2015-11-12,131.2653045654297,132.08991634522607,130.7604328736406,131.3662737680193,1657400
2015-11-13,129.30470275878906,130.6341858690723,128.9344653306827,130.48273210634716,2459900
2015-11-16,131.64389038085938,131.66072285322988,128.9428627587521,129.42247908628843,1778400
2015-11-17,133.69705200195312,134.56373839434147,132.12355564984537,132.40123374246755,2500000
2015-11-18,135.68283081054688,135.80904226158134,132.79668435529453,133.69702266464228,2152000
2015-11-19,137.01234436035156,137.32367456877557,135.8427375747864,136.05309859981193,2959300
2015-11-20,137.239501953125,138.39227596002294,136.94499145938198,138.1314304115495,2051100
2015-11-23,137.5340118408203,137.9126590525879,136.92817116622584,137.60132889793258,1174300
2015-11-24,136.4738006591797,137.92949514408912,135.47248027242475,136.5326950610626,2799500
2015-11-25,136.64208984375,137.1553711943115,135.5902848499286,136.34757930971344,1828000
2015-11-27,137.64341735839844,138.34181745108268,136.72624643789462,137.24793763315054,866300
2015-11-30,135.825927734375,138.36709293522864,135.29581375434861,138.13989939530018,3063800
2015-12-01,135.71652221679688,137.18904948919905,135.25373820271986,136.3307856948091,1939700
2015-12-02,135.54818725585938,136.68414159365736,135.16113027338704,136.06989117574255,1585700
2015-12-03,137.71913146972656,139.76384697016985,137.41621113038,138.42594131506326,3440000
2015-12-04,140.35289001464844,140.72312750346734,138.0052535921009,138.09781296430563,2578600
2015-12-07,140.62210083007812,140.9418536215338,139.3010405800915,140.79880969888652,2791900
2015-12-08,142.0946502685547,142.81829265318225,139.5703181602376,140.30238320245317,3158500
2015-12-09,134.39547729492188,137.90429829386457,133.13331091374448,136.91981005727666,9527000
2015-12-10,136.19615173339844,137.50039274432388,135.1443465373971,135.4136019910756,3653300
2015-12-11,134.6478729248047,135.64077068520137,134.09251680148964,134.4038469739163,2511200
2015-12-14,136.17926025390625,136.21292519566714,134.13455800169282,134.70673361749442,2427300
2015-12-15,135.71652221679688,137.778070669695,135.2369057245694,137.42466566504876,2378700
2015-12-16,136.9534149169922,137.3657270814171,134.63103419924497,136.27184736066505,2196300
2015-12-17,135.20326232910156,137.64345847329972,135.1359580846045,136.6842124964552,1703900
2015-12-18,132.6957244873047,135.20322416826315,132.61158778572033,134.45433947525063,4295800
2015-12-21,134.11776733398438,134.15141944682094,132.38439463601074,133.62972824164137,1453500
2015-12-22,135.666015625,135.80064974953643,133.81484135058304,134.54689353869753,1742100
2015-12-23,136.06991577148438,136.67574364314876,135.28736616991452,136.67574364314876,1581000
2015-12-24,136.10362243652344,136.59166169603725,135.8427767445847,136.1877720065651,491000
2015-12-28,135.60708618164062,136.53266665998683,134.96758067503814,135.51452684986467,1124700
2015-12-29,136.86929321289062,137.34890964825217,135.9100475027502,136.2297875131854,1169600
2015-12-30,136.91131591796875,137.5339760653123,136.74301689925835,137.12167685194427,889900
2015-12-31,135.89320373535156,137.9968137002951,135.89320373535156,136.38124278794842,1873400
2016-01-04,134.2439727783203,134.71519221279414,132.8387628111263,134.47116625787166,2640800
2016-01-05,134.57215881347656,135.66603879316125,134.16826921031048,134.7741100347691,2127700
2016-01-06,133.32679748535156,134.46275200623558,132.6368200908878,133.25107060780365,2033400
2016-01-07,130.2723846435547,132.15721125255496,129.20374701757578,130.29762693996676,3826000
2016-01-08,127.99202728271484,130.67623527610178,127.73959155441685,130.6594028037047,3156200
2016-01-11,130.188232421875,131.23162773001079,128.00047262202895,128.15193923680872,2164500
2016-01-12,131.3157501220703,131.62708029709955,130.3733369396575,131.02125242227464,2215600
2016-01-13,128.00045776367188,131.28209708250662,127.79851941996402,131.24002231442861,2157500
2016-01-14,128.8923797607422,129.71700408675886,127.33571613681127,127.86582994076257,2281500
2016-01-15,126.54472351074219,127.49555904529662,124.74403442120649,125.61913026122791,2975400
2016-01-19,126.6120834350586,127.8994917658111,125.86319876658546,127.72278287126491,2242600
2016-01-20,125.22367858886719,126.21657615839447,121.933630088879,124.92075829251048,3796800
2016-01-21,126.53633880615234,127.25998107953667,124.62625754278646,125.34989981617078,2211800
2016-01-22,129.321533203125,129.3383656785246,127.6049802160343,128.0509445184982,2544100
2016-01-25,126.87291717529297,129.98625720821266,126.67938866271189,129.64127494824177,1820600
2016-01-26,124.95442199707031,127.66387244395798,124.78613578111893,126.87291310562968,2828600
2016-01-27,124.30653381347656,125.87162035954387,123.4566798911426,125.61918456061339,2189500
2016-01-28,125.87157440185547,126.19132715304853,124.37380547165644,124.99647850308153,2076100
2016-01-29,127.15900421142578,127.57972618178059,123.61653241111098,125.79586913608918,3221300
2016-02-01,127.2684097290039,128.0593691727008,126.37648111016851,126.92341459472472,2142000
2016-02-02,124.95442199707031,126.88132292263191,124.62625938216976,126.20817805882638,1931400
2016-02-03,123.43985748291016,126.19979334032789,122.38805226775342,125.61078498772395,2546900
2016-02-04,120.5621109008789,122.12719745707247,119.30835455637703,122.00939579539846,5340500
2016-02-05,121.15957641601562,122.17771688807237,119.82167014335137,120.55373545767532,4079300
2016-02-08,123.7091064453125,124.15507075968168,119.1653009223758,120.10772697866108,3782000
2016-02-09,124.48323822021484,125.98100764307709,123.04436320596841,123.05278586392612,3228300
2016-02-10,124.91350555419922,126.70219867400345,124.51695372115228,126.02721600876035,2189600
2016-02-11,123.73225402832031,125.20034001980571,122.13761444887088,124.13725125824627,2198100
2016-02-12,125.41973114013672,125.94284945733777,124.02758987288551,124.85443686725554,1951800
2016-02-16,125.80790710449219,127.09880606169067,124.61825108535503,126.01040585484398,2186400
2016-02-17,127.32659912109375,128.22937857554766,125.63914837520177,126.3478745986618,2174600
2016-02-18,125.41973114013672,126.423766070412,123.87572553430101,125.82472845814206,2894300
2016-02-19,125.46196746826172,125.8332087132019,123.90108316469005,125.71508766928713,2471700
2016-02-22,126.60939025878906,126.7106331540864,125.28474850649546,126.24659463449117,2161300
2016-02-23,126.86254119873047,128.0437515116446,125.81631715427308,126.46598926348928,1850600
2016-02-24,129.8240203857422,130.2796393015095,126.27194373771471,126.58411800924694,2590100
2016-02-25,130.5412139892578,130.6762131627951,128.97188400101862,130.5159032534983,1746900
2016-02-26,126.28876495361328,129.43586880033203,125.5125394177973,129.16587059262744,3800800
2016-02-29,126.5840835571289,128.49934325744348,126.29722009518902,126.55034021569885,3115800
2016-03-01,126.99752807617188,127.57125506582703,126.03568180734217,126.89627229182491,2681400
2016-03-02,128.91275024414062,129.04774934773394,126.88781518713364,127.5121763855853,2947600
2016-03-03,127.90876007080078,128.21250169244266,124.34823829042017,125.34382796044133,5552600
2016-03-04,127.31815338134766,128.0522032088641,126.58411642805868,128.02689247766293,2155600
2016-03-07,125.0147476196289,127.30968094171457,124.53383100300296,126.52502277145307,3159600
2016-03-08,127.36039733886719,128.1788123331404,124.11206097816158,124.58454533068364,3156300
2016-03-09,129.13209533691406,129.51176895771158,127.66400941238108,127.6977656171124,2395300
2016-03-10,128.98025512695312,130.51584102679374,127.44468210133616,129.26713145250184,1413000
2016-03-11,128.8453369140625,129.93373723009475,127.7400456076867,129.80718354482255,1829900
2016-03-14,128.81158447265625,129.3431357149035,127.95098076478709,128.4656538904245,1218400
2016-03-15,130.0855712890625,130.2880700124631,128.0775136641398,128.0775136641398,1398500
2016-03-16,129.98428344726562,130.7773870804031,128.7777627654412,129.680541904239,1485500
2016-03-17,129.7987060546875,130.5580666018321,129.5877747150741,129.78184081696207,1583200
2016-03-18,129.216552734375,130.52432980951664,128.89594580490737,130.4230868711826,3611700
2016-03-21,129.88307189941406,130.22900235465778,128.64279470561914,128.9381037038469,1367400
2016-03-22,128.44027709960938,129.77336439313967,128.24622391820014,129.26713702326023,1943100
2016-03-23,129.5202178955078,129.87458084452797,127.94245629229914,128.39806211983318,2127300
2016-03-24,127.7652587890625,130.00113755742385,127.27590966350085,129.29241171258911,2506500
2016-03-28,128.81158447265625,129.88311957834026,128.06066921140467,128.07754732801448,1767400
2016-03-29,130.9967803955078,131.1655357483862,128.6849814020945,128.89591271896657,1655400
2016-03-30,132.97108459472656,133.51106815872222,131.3258103047523,131.54518707633483,2642700
2016-03-31,132.9542694091797,134.8273410994727,132.90364793769552,133.27488922755248,2692400
2016-04-01,133.51953125,134.22825742558845,132.4648746050553,133.19891151018427,1531500
2016-04-04,133.0807342529297,134.1438359413675,132.00921282383794,133.88227038958502,1458400
2016-04-05,131.61268615722656,133.30856901439807,131.38487676995098,133.21575873619125,1855600
2016-04-06,132.2707977294922,132.8107813201545,130.96302114882158,131.46081590638659,1572600
2016-04-07,128.27159118652344,130.4230938610338,127.80753957057338,130.2880946865338,4050100
2016-04-08,127.95095825195312,129.07311463579353,127.33504228348819,129.07311463579353,2008500
2016-04-11,125.75726318359375,128.19562887566448,125.68976361219408,127.68938852728036,2279000
2016-04-12,126.99752807617188,127.1325143315918,125.30163208628554,126.2213023920484,2268300
2016-04-13,128.14498901367188,128.3137314808257,127.05657628321335,127.88343625844966,2078800
2016-04-14,127.74003601074219,129.01406975984122,127.52067201467409,128.7440714192379,2420000
2016-04-15,129.2333984375,129.77338209690416,128.11124228022362,128.21249806739223,2675900
2016-04-18,129.3430633544922,129.6889937431947,128.47402751161184,128.90432268770425,1335800
2016-04-19,129.6636962890625,129.8493168826596,128.65967400907533,129.7480739676889,1579000
2016-04-20,128.87063598632812,129.8409151502042,128.75251493268905,129.69748336180172,1308700
2016-04-21,127.75686645507812,128.87058988315385,127.14095067246181,128.65965858609934,2097600
2016-04-22,126.49127197265625,128.08591197895328,126.01878795215698,127.44468550459341,2233900
2016-04-25,127.83280944824219,127.97624119746818,126.1116155833045,126.54191083098247,1249000
2016-04-26,128.75247192382812,129.46963062627884,127.96780078558795,128.31373121077152,1552900
2016-04-27,128.43089294433594,129.0570878701808,127.4408164776375,128.82861762484308,1492800
2016-04-28,128.15170288085938,130.02184395161106,127.89783401310699,128.6340421085126,2198100
2016-04-29,125.35066223144531,127.76238320602202,124.7836959761104,126.94154818696806,3588800
2016-05-02,127.72010040283203,128.13475324734182,125.02912443025966,125.88380279823981,3361500
2016-05-03,128.1262969970703,129.07406018014422,126.59463938431516,127.00082176101755,2201300
2016-05-04,128.21087646484375,128.62552920082757,126.45920656446606,127.03463036561772,2111600
2016-05-05,125.10527038574219,127.2546782839153,123.8613248720862,126.06996150732196,4869300
2016-05-06,123.92054748535156,124.8175392608511,122.48197503904278,124.44520012861317,3692200
2016-05-09,125.73995208740234,126.06152013999969,123.97981118273611,124.25060805067186,2843800
2016-05-10,126.56070709228516,126.9161180718712,125.87527070934803,126.40839363487565,1943900
2016-05-11,124.49595642089844,125.824528810129,124.03900303013454,125.57066007646007,2812700
2016-05-12,124.15748596191406,125.04602016361767,123.81900289093245,124.66522348068797,2860400
2016-05-13,122.27889251708984,124.15750352507715,122.10965095765835,123.82747796487956,2993600
2016-05-16,123.3705062866211,124.03902784945898,121.34803939380117,122.27888729940982,2615000
2016-05-17,121.51727294921875,123.75129462597567,121.19570501673918,123.12508678701559,2928900
2016-05-18,119.56253814697266,119.875648641662,117.26082931560492,118.62323248751555,5717000
2016-05-19,120.75566864013672,121.07723657771126,119.67250738044436,120.54411350484835,2830500
2016-05-20,120.7472152709961,121.43265186713508,120.18024903823544,120.78105841240368,2088400
2016-05-23,120.1717758178711,121.85575936305271,120.0871615101384,120.87414042478703,1828400
2016-05-24,120.64566802978516,121.41571890428831,120.48488406195791,120.64566802978516,2813100
2016-05-25,122.31272888183594,123.27741992063721,120.59490196986792,120.68798675923921,4156700
2016-05-26,126.68775177001953,130.2164917955174,124.98683929374464,126.09538673933822,7679400
2016-05-27,126.15460968017578,127.5847250258662,125.3337743978837,127.136228994796,3349800
2016-05-31,125.89227294921875,126.83157856055861,124.92758174667819,126.56925217661497,3738900
2016-06-01,129.06556701660156,129.47174928125523,127.20388431527908,127.35619782241119,3487300
2016-06-02,128.21087646484375,128.21087646484375,125.7060707586638,126.97540163893512,3957600
2016-06-03,128.380126953125,128.4393556779811,127.16156727967369,127.18695286351218,1964200
2016-06-06,128.82861328125,129.04016840577842,128.38011745023377,128.4816597780714,1961600
2016-06-07,129.1502227783203,130.19108372699276,128.54094272964076,128.69326919796342,2113000
2016-06-08,129.78488159179688,129.86950883778013,128.66787683618608,129.20098716650506,1528300
2016-06-09,130.36032104492188,130.43647782043553,129.4040873780113,129.4717865936807,1812100
2016-06-10,131.05419921875,131.29113998816896,129.42099942151896,129.47177059892252,3266500
2016-06-13,131.12185668945312,131.97654761137335,130.8003016974816,130.96107273731766,2576600
2016-06-14,131.90045166015625,132.31510456250416,129.9541538593682,130.78344675175742,3274700
2016-06-15,131.04571533203125,132.67045724404187,130.8764738039199,131.75653749747948,2228500
2016-06-16,132.36585998535156,132.43355920087333,130.41109194426596,131.04575756343945,1937400
2016-06-17,131.9173126220703,133.0681730132717,131.80729982564,132.88200347114352,2858200
2016-06-20,132.41659545898438,134.0244223413437,132.3912098740478,133.17820174398668,2090800
2016-06-21,133.02589416503906,133.61824608463468,132.568940659152,132.91589425216637,1909700
2016-06-22,133.80438232421875,134.05825105856877,132.99201786905886,133.37281451443383,2094800
2016-06-23,132.8820037841797,134.3713472124135,132.2981095745204,134.21057616410593,2912400
2016-06-24,131.63807678222656,133.4405308238228,129.55638130055095,129.60715247147448,3996100
2016-06-27,130.5379180908203,131.10488405226994,129.09088883859835,130.52100298436153,2790800
2016-06-28,131.67193603515625,131.95117748201656,130.0725795507181,130.87648657189985,2156300
2016-06-29,132.9243621826172,133.0936037568066,131.91735738457925,132.38278139782844,1942500
2016-06-30,132.89048767089844,133.55055166951644,131.58731352702785,132.82280138046326,3091100
2016-07-01,132.10350036621094,133.0174201774109,131.50267804977602,133.0174201774109,2317200
2016-07-05,131.3757781982422,132.13737174751307,130.91035417933017,132.07814300636312,2807400
2016-07-06,132.01895141601562,132.47591804870882,130.88501822161462,131.3335143792853,2133200
2016-07-07,138.52633666992188,138.91560390329718,133.70288089112074,133.98213529309135,6497900
2016-07-08,139.99874877929688,140.55725751673353,139.19484173060616,139.49101121575399,3932000
2016-07-11,141.08192443847656,141.7335180312623,139.67719489486723,139.67719489486723,2634300
2016-07-12,140.7095489501953,141.25112957388393,140.32029473657883,140.88726094322934,1642100
2016-07-13,141.13267517089844,141.47962872700163,140.4895521426576,141.3188447418659,1479800
2016-07-14,141.26806640625,142.16505815962225,140.7095577216706,141.44576549806075,2150100
2016-07-15,140.819580078125,141.6911863060539,140.13414342434618,141.6911863060539,1962300
2016-07-18,141.75039672851562,142.04657907976463,140.40490918100284,140.94648980522626,1993800
2016-07-19,142.26661682128906,142.63895598706372,141.64887933932812,141.74196413077178,1487800
2016-07-20,142.19891357421875,142.3850831518128,141.27653615669527,142.37662559366854,1336900
2016-07-21,141.36117553710938,141.9535274656828,140.7265099895728,141.68273063416146,1384600
2016-07-22,141.71658325195312,141.91121039969184,141.28501533854035,141.89428237005703,1335100
2016-07-25,142.13966369628906,142.33429080307243,140.81109126404897,141.46268468868968,1732200
2016-07-26,141.8012237548828,142.8589997407169,141.0650028883752,141.82660934555847,1593900
2016-07-27,140.59954833984375,141.74195132138456,140.26106526280293,141.45423941466967,1440000
2016-07-28,140.76882934570312,141.20039728718766,140.30340534274677,140.69265966354362,1866500
2016-07-29,141.50502014160156,141.8942744152568,140.79419788442908,141.0142106081341,1359700
2016-08-01,141.79273986816406,142.16507904591953,141.23423110153087,141.44578627868253,986800
2016-08-02,140.89569091796875,141.77575441706625,139.27940692019848,141.37804272441983,2107300
2016-08-03,140.57418823242188,140.75190027307306,139.71105235584204,140.40494666322803,1837100
2016-08-04,140.9380645751953,141.94506930565717,140.3795557967756,140.5064837408239,1638300
2016-08-05,141.91127014160156,142.44439354495455,140.54039614704672,141.20044754533674,1526500
2016-08-08,141.65733337402344,141.78427422045422,140.87035435782343,141.53040543989525,1294400
2016-08-09,142.04661560058594,142.6728236039673,141.21732288109473,141.945073242531,1286700
2016-08-10,142.79324340820312,142.97143308677545,141.7411177059942,142.0720302973355,1104300
2016-08-11,142.44540405273438,143.89632385652732,141.97872901902463,143.48904971211317,1497800
2016-08-12,143.42962646484375,143.74357850058834,141.83446425328927,141.83446425328927,1399100
2016-08-15,143.16664123535156,143.6248360529446,143.0478523839411,143.42967276725946,918600
2016-08-16,142.89508056640625,143.2259931784413,142.44537914356397,142.44537914356397,1023000
2016-08-17,142.51324462890625,142.85263749471423,141.6308024625928,142.08050383594195,1382500
2016-08-18,142.33502197265625,143.149582787632,141.86834718006622,142.90351201199138,1353400
2016-08-19,142.56419372558594,142.82722521513494,141.7835795495976,141.8769145568903,1764800
2016-08-22,142.4962921142578,143.13266354174414,142.2247674239656,142.83568503011327,955000
2016-08-23,142.0041961669922,142.92905308156338,141.96176880594493,142.62359420784108,1003700
2016-08-24,142.18240356445312,142.44543510979818,141.49511130295272,141.81754375054444,1363800
2016-08-25,139.8829345703125,142.04660015761408,139.69626457002698,141.86841044933766,1817700
2016-08-26,139.09384155273438,140.55325464339532,138.70354092791345,140.33265050532316,2009900
2016-08-29,139.1362762451172,139.86598282891086,138.64414734469702,139.55204366452716,1819200
2016-08-30,137.42233276367188,139.3908355323079,137.23566272349774,139.21265873296844,2010700
2016-08-31,137.53260803222656,137.9398951216544,136.73502033252814,137.34593801965835,1933200
2016-09-01,132.54348754882812,134.91078429351887,131.97498417132604,134.91078429351887,6038500
2016-09-02,134.04530334472656,135.14834998439406,133.0440849598214,133.05256525312961,2679000
2016-09-06,134.11317443847656,134.1895359135416,132.38224960194398,134.17257532820162,2716900
2016-09-07,132.05982971191406,133.95197091720817,131.85618614546928,133.75682059124836,2984100
2016-09-08,130.2185516357422,131.9325154629764,129.7688502422464,131.67796432871253,2993100
2016-09-09,127.86824035644531,129.6415924433022,127.86824035644531,129.4718959710642,2993900
2016-09-12,128.7082977294922,128.96284899512563,127.49494230701266,127.69858590892247,2982400
2016-09-13,127.90217590332031,128.61490879075478,127.33368565165165,128.27550292982664,2148600
2016-09-14,127.85979461669922,129.18344558366968,127.44402714240128,127.87676815261315,2188900
2016-09-15,129.539794921875,129.79434613866115,127.36764870639028,127.88523143328412,2284300
2016-09-16,129.2682342529297,129.53126566360717,128.24154948056727,128.9373216803019,2842000
2016-09-19,128.79310607910156,129.84524499525986,128.6319028348379,129.0816043436528,1321300
2016-09-20,129.1155242919922,129.57371899028175,128.6912766549887,129.33612840231024,1396700
2016-09-21,129.5652313232422,129.7349277959391,128.3349157124261,129.47189632120725,1535100
2016-09-22,129.94703674316406,130.90584047727353,129.54824295713672,129.84522146060712,2502200
2016-09-23,129.4210205078125,130.47315961254557,129.11556160301993,129.94708358667197,2282100
2016-09-26,128.2840118408203,129.20886864919692,128.1312759479903,129.03917217150573,1862200
2016-09-27,127.65611267089844,128.77613265843522,127.27429238315109,128.479154130737,2569000
2016-09-28,126.77366638183594,127.84276563447904,126.37487261641162,127.78337770505883,2626300
2016-09-29,125.14458465576172,127.01127184864052,124.89851375231632,126.58702417084935,4501300
2016-09-30,129.40402221679688,131.38951119162422,128.63190128176524,128.79310452408257,7318100
2016-10-03,128.13128662109375,129.18342558563853,127.54583566634386,129.15797175921517,3197100
2016-10-04,127.68155670166016,128.64884073171027,126.84155472243823,128.52157162789163,2840500
2016-10-05,127.25732421875,128.05491188950685,127.13005509980415,127.80885394387454,2377700
2016-10-06,126.8245620727539,127.8172997739018,126.42576834489864,127.4694136798991,2465500
2016-10-07,127.26583862304688,127.43553512553318,126.24763371410255,127.07916858620796,2282100
2016-10-10,127.51192474365234,127.9955734768138,127.06222308668613,127.57132565348597,1587700
2016-10-11,128.13128662109375,128.24159516693663,126.85854351187564,126.99430588414188,2596800
2016-10-12,127.66461944580078,128.53856864373375,127.60521855515879,128.09734742486086,1664500
2016-10-13,127.4609375,128.41124788791168,127.03668994153828,127.21486666576772,1795300
2016-10-14,127.40153503417969,128.12276105334936,126.66334843472939,127.42698885160847,1745000
2016-10-17,126.1712646484375,127.44400776112586,126.11187670229185,127.34219245515477,1988400
2016-10-18,126.51913452148438,126.9518624629469,125.9251904017287,126.85852746219881,1847800
2016-10-19,126.8076400756836,128.39433534190533,126.68885123275372,127.86825936863346,1812000
2016-10-20,127.30828094482422,127.9361723833741,126.93495373632503,127.14707764768451,2251200
2016-10-21,126.40036010742188,127.52036729707118,126.00156623576319,126.85854192432107,2188000
2016-10-24,129.0731201171875,129.24282956007278,126.67187650690349,126.7227971079767,2432800
2016-10-25,128.11428833007812,128.94580995821576,127.18941876984441,127.18941876984441,2060600
2016-10-26,128.1058349609375,128.47069472419625,127.51189075599461,127.57129164999522,2246100
2016-10-27,128.0040283203125,128.51313078588353,127.12159871993808,127.9785744917353,1993500
2016-10-28,127.07064056396484,128.00399049268444,126.7482211815969,127.64762405090323,1843900
2016-10-31,125.46699523925781,126.72277759881302,124.81366318337935,126.33246406608409,3239400
2016-11-01,124.44029998779297,126.1118364446269,124.20272238502545,125.98455440578182,2112000
2016-11-02,124.4914321899414,125.40210998283386,124.36375833996458,124.62759944830853,2260500
2016-11-03,122.94239807128906,124.85738873590996,122.67855699095027,124.85738873590996,2168200
2016-11-04,121.06145477294922,123.41050523174553,120.9508067159114,121.70829136648008,2702100
2016-11-07,122.16783142089844,122.2699730404249,121.49546294438939,122.03166423962253,3010100
2016-11-08,124.33818817138672,124.79779311187393,122.38915933122004,122.46575582568157,3505200
2016-11-09,124.93392944335938,125.44459858724363,122.16783305217386,122.16783305217386,3170200
2016-11-10,124.85733795166016,127.66599238142271,124.78074147307682,125.16373685284982,3944200
2016-11-11,127.121337890625,127.34262102813261,123.73393577750079,124.78079371701315,3218000
2016-11-14,129.3682098388672,129.48736424950766,127.2404432296753,128.44901310527348,3890800
2016-11-15,128.64483642578125,129.3682826749592,127.91288378064573,129.35125689618005,2799900
2016-11-16,129.48744201660156,129.83639906693,129.19806870080632,129.52999997171605,2152300
2016-11-17,128.6873779296875,128.8575967351286,127.2830565512205,128.71291010116056,2098700
2016-11-18,127.972412109375,128.68733866621557,127.25748555253442,128.38093971516125,2020500
2016-11-21,128.6617889404297,128.76391758122128,127.76812437293337,128.13410698053096,1181200
2016-11-22,129.9384765625,130.26190130967478,128.6958678787874,129.30865284085945,1954200
2016-11-23,129.0277862548828,130.50870366258545,128.67030999765308,130.00655380564854,2166900
2016-11-25,129.26614379882812,130.57684295062282,129.1214571577566,129.27465019411596,886800
2016-11-28,128.72988891601562,129.73418859254477,128.5256186318884,128.55967017267176,1733500
2016-11-29,128.92567443847656,129.555498243502,128.79801359340573,129.0448288894964,1496800
2016-11-30,127.75963592529297,128.97671235518308,127.72559736920071,128.62776845451813,2750500
2016-12-01,129.1468963623047,130.1171571880475,127.75958870413987,127.75958870413987,2305200
2016-12-02,129.44482421875,130.10868645366392,128.8830906394048,129.35972133472887,1829200
2016-12-05,129.1724853515625,129.56398721504175,128.32988492681633,129.44483278004466,2432100
2016-12-06,128.52561950683594,129.43630991955456,128.02346966515296,129.24055901271942,2245400
2016-12-07,130.94277954101562,130.99384386845318,128.07454094364095,128.17668258537452,2811300
2016-12-08,134.12596130371094,136.9431236539621,133.2833736080927,133.31741217699243,5504300
2016-12-09,135.92173767089844,136.0323856979194,133.84503524074964,133.86206101110463,2614700
2016-12-12,136.4579620361328,137.2665109416226,134.95149928395386,134.98555083040006,2299200
2016-12-13,135.98133850097656,137.91334160673614,135.44513705554817,136.90053541305699,3583300
2016-12-14,135.3174285888672,136.5600368198065,134.68760509671753,136.21959941082838,2119100
2016-12-15,136.27073669433594,137.4537748562871,135.38559116489847,135.62390007616477,1811100
2016-12-16,136.52603149414062,137.24095801906847,136.04941381085538,136.59412158987536,3767100
2016-12-19,139.12196350097656,140.03264128733943,137.5814488382247,137.88784789436403,3231900
2016-12-20,139.46231079101562,140.39001375372615,139.15591193333958,139.85382549293396,2204600
2016-12-21,138.76443481445312,139.60703514798612,138.7474220304805,139.24106548970465,1313400
2016-12-22,137.93885803222656,139.30062085082193,137.81118424535865,139.29211445977336,1965900
2016-12-23,137.94737243652344,138.44952226154638,137.47926116452862,138.02396892097968,1254100
2016-12-27,137.9218292236328,138.5261076461778,137.70905257039885,137.9303356144939,1301100
2016-12-28,137.0366973876953,138.60274372622456,136.64519554320708,137.89632354341632,1281000
2016-12-29,137.13880920410156,137.4026501694925,136.7302686897647,136.7302686897647,858200
2016-12-30,136.27073669433594,137.01971497937956,135.89624755181413,136.93459908812946,1472300
2017-01-03,135.94728088378906,137.01968372674617,134.90892958430987,136.73029755461852,2099000
2017-01-04,135.97276306152344,136.5940801264289,135.27486251909303,136.00681459248332,2163600
2017-01-05,138.65379333496094,139.02828235470312,136.71327112980356,136.98561851616137,2880900
2017-01-06,138.58575439453125,138.6878830787546,137.13887509163112,138.44957415765867,2167000
2017-01-09,137.0026397705078,138.28780614875646,136.78986310601823,138.16014534480547,2318300
2017-01-10,137.58993530273438,138.22826543473622,136.61115464154904,136.67073835422858,1477900
2017-01-11,137.48777770996094,138.202717244925,136.47497159357354,137.42820699104792,1378300
2017-01-12,137.76864624023438,137.84525571817687,136.7473207318716,137.32608007828753,1296900
2017-01-13,137.7601318359375,137.989934282683,137.32607209151396,137.87077986341825,1250100
2017-01-17,139.41978454589844,139.79427356668353,137.59841675223603,137.7516227093106,2430500
2017-01-18,139.81130981445312,139.9049320766656,138.38144371764966,139.28361479704714,1834700
2017-01-19,139.32620239257812,140.26242521401133,139.20704794138308,139.73473008426663,1980400
2017-01-20,139.78573608398438,140.23682148954782,138.92611020832777,139.91339686410439,1897100
2017-01-23,138.73890686035156,139.87939977715698,138.02398030607358,139.62406515438386,1421600
2017-01-24,139.30064392089844,139.42831772891088,138.69636538495914,138.92615486303586,1347400
2017-01-25,139.70066833496094,140.2198439976131,139.49639802958896,139.75173266458918,1299200
2017-01-26,139.64108276367188,139.95598808746598,139.0708298451714,139.87087222256386,1180000
2017-01-27,137.9303741455078,140.07516704557648,136.7813876891874,140.0581412722418,2341100
2017-01-30,138.9431915283203,138.9772300876771,136.68776359871475,137.9048401453314,2149800
2017-01-31,139.53900146484375,139.5815594156968,138.17723794558904,138.29639241585963,1796600
2017-02-01,137.7601318359375,139.53894173312483,137.71757390330202,139.44531947606984,2219700
2017-02-02,143.1136016845703,143.73491899242012,141.4199074823936,141.99865386647073,5816300
2017-02-03,143.25830078125,143.70086696044498,142.26249441091392,142.74763151373708,3227700
2017-02-06,142.16036987304688,143.1391375128167,141.88802244617517,143.1391375128167,2172800
2017-02-07,142.57745361328125,143.05407147322407,141.73485297647065,142.5859600083293,2732600
2017-02-08,143.72950744628906,143.85752515341585,142.94438165890273,142.94438165890273,2089900
2017-02-09,145.8971710205078,146.28972746268101,143.51617933917015,143.75513013575608,2606900
2017-02-10,146.78463745117188,147.01505884212216,145.3082607322248,146.4859425732054,2070000
2017-02-13,146.7505645751953,147.20286520935034,145.74354652541388,147.20286520935034,2272200
2017-02-14,148.17572021484375,148.18424951972747,146.4006481610663,146.49452260214528,2244700
2017-02-15,149.3448944091797,149.3448944091797,147.68929749623473,147.79170125684035,2346500
2017-02-16,149.98492431640625,150.05319782181684,148.92670451530162,149.43021998997477,2206500
2017-02-17,150.0787811279297,150.62495608521218,148.9010860861676,149.7459559668019,2424400
2017-02-21,151.00047302246094,151.0516748965586,150.19827560335773,150.66764781898618,2317000
2017-02-22,150.6334686279297,151.12844166255258,149.40458487716288,151.1113830564818,1815200
2017-02-23,150.0702667236328,151.08580091581214,149.5240917121235,150.64204267147542,2599900
2017-02-24,151.52960205078125,151.6576197795214,149.4473053396247,149.53265049211814,1684300
2017-02-27,151.58079528808594,151.7770865232569,150.6676647133285,151.33331519491728,2340400
2017-02-28,151.2052459716797,151.7940934329436,149.75447010907746,151.008967825204,2992100
2017-03-01,151.78558349609375,152.5109780308661,151.2394085244218,151.36741319675176,2352300
2017-03-02,151.8879852294922,152.11840665848374,150.6334873698603,151.47835726160372,3190300
2017-03-03,145.2997589111328,146.6908039254513,144.9925346448367,145.67525668347693,10396500
2017-03-06,142.28724670410156,145.35948907028182,141.75814336064104,144.5743633593332,5793600
2017-03-07,142.51763916015625,143.90014143292595,142.12506987358034,142.12506987358034,2811900
2017-03-08,141.8690643310547,142.86753966799242,141.80079084367821,142.51764292837666,2375900
2017-03-09,141.4679718017578,142.33842950402746,140.91325457620977,142.00560437743334,1993700
2017-03-10,141.12660217285156,142.09094730352084,140.79377705139245,142.08241800055296,2164200
2017-03-13,140.42684936523438,140.9047508623301,140.21349955247098,140.6828717449183,2127700
2017-03-14,141.0156707763672,141.0839442664088,140.04279633148843,140.13667075256606,1974400
2017-03-15,142.1251220703125,142.1251220703125,140.6658164735204,141.29733668060933,2079700
2017-03-16,142.56890869140625,143.08948287187943,141.88618653346475,142.32995788940303,2726600
2017-03-17,143.2089385986328,143.66978152621496,142.57743143231397,143.4222884298141,3976000
2017-03-20,142.89320373535156,143.61858544329317,142.3470286168488,143.16628478368193,1603300
2017-03-21,142.3299102783203,144.05378022055274,142.21896422098803,142.95288801644637,2241900
2017-03-22,143.0979766845703,143.3454697535842,142.55180169805817,142.79076546263116,1534200
2017-03-23,142.43231201171875,143.72948235750425,142.03121337204715,143.3710562794262,1430500
2017-03-24,141.68136596679688,142.9102631336656,141.3741416750797,142.83344729435564,1410400
2017-03-27,141.7923126220703,141.93740198698646,141.0840025417213,141.2632091329954,1212300
2017-03-28,142.32135009765625,142.56030076788662,140.93883490922636,141.75810365132685,1446400
2017-03-29,142.8846435546875,142.92731612555056,141.7922934541626,141.90323953403853,1216700
2017-03-30,143.27719116210938,143.52467120049184,142.31284589915487,142.7736887593682,1034000
2017-03-31,143.10653686523438,143.51616490076515,142.6286353201417,143.02119172282192,1720300
2017-04-03,142.26171875,143.62716339585262,142.005696251172,143.14926167635775,1547900
2017-04-04,142.73101806640625,142.7907622616699,141.7581434865581,142.17631378788806,1322400
2017-04-05,142.51763916015625,143.7123926030639,142.2786884715747,142.76511915124573,1715200
2017-04-06,145.0948944091797,146.87849510522398,144.4889754197102,144.8047288670175,3313800
2017-04-07,145.60693359375,145.9312293815853,144.59138669760088,144.82180807431726,1510000
2017-04-10,146.1189727783203,146.4176676267447,144.94982035566196,145.24850218225149,2002300
2017-04-11,145.61550903320312,146.30676029871933,144.76210983689407,145.75204300801545,1191400
2017-04-12,145.2229461669922,146.31529614536558,144.8133181805619,146.2982245145613,1422300
2017-04-13,144.0879364013672,145.6069861316963,144.0538061585706,145.12055529626463,1422500
2017-04-17,144.8218536376953,144.86452620559947,143.97699669365466,144.02819856640383,1504100
2017-04-18,145.1888427734375,145.3509907414629,144.6255960492991,145.12056925943514,1542700
2017-04-19,145.12908935546875,145.87154261263538,144.9242818483003,145.82888306320228,1441300
2017-04-20,145.2058868408203,146.0848870850622,145.0352095838312,145.3595054873985,1933600
2017-04-21,145.73495483398438,146.68222827058383,145.624008793984,146.37500410136684,2257900
2017-04-24,147.06629943847656,147.3052501950538,146.21290015874666,146.78467611354495,1906900
2017-04-25,147.364990234375,147.67221451442484,147.03216501614105,147.56128145624044,1503000
2017-04-26,150.88099670410156,152.13549469905354,149.70330151981855,151.9477458139696,4591300
2017-04-27,151.4356689453125,151.72582151647563,150.55666890677674,151.32473591624245,2148700
2017-04-28,151.49545288085938,151.9648251172639,150.99193737898526,151.9648251172639,2364500
2017-05-01,151.78558349609375,152.3317584677657,151.3332829580766,152.3317584677657,3328000
2017-05-02,152.40850830078125,152.7072031281895,151.85380421769045,152.519454326133,2505300
2017-05-03,153.4582061767578,154.0043809865085,152.50239049331816,152.53653374370955,2900500
2017-05-04,155.7026824951172,156.32566026924152,153.61185704525778,153.6545296099158,3762200
2017-05-05,153.78256225585938,156.1038095596478,153.40706445350523,155.97580486422746,3713600
2017-05-08,153.2852783203125,155.11432894719255,152.36187898713524,155.07881932012185,3538000
2017-05-09,153.3208465576172,154.42183509139,152.9923315761747,154.14659134497853,2662100
2017-05-10,152.5817413330078,153.2406791474725,151.96731606143712,153.18725322602586,2554500
2017-05-11,152.50160217285156,152.75984559900465,151.4686692306447,152.07418117650843,2106000
2017-05-12,152.16323852539062,153.0269939262463,151.66457841509643,152.52832022848312,1586800
2017-05-15,152.7776641845703,153.1427458884119,151.64676555445982,151.64676555445982,1733600
2017-05-16,152.27005004882812,153.12490543109575,151.94058118910903,153.12490543109575,1129200
2017-05-17,150.6227569580078,152.71536358497752,150.54261804569128,151.96737322841182,2201400
2017-05-18,152.0207977294922,152.28794102215502,151.10361617507849,151.4508983792985,1589700
2017-05-19,152.83999633789062,153.5434603986507,152.10090593198325,152.58176647918543,1871800
2017-05-22,153.51678466796875,154.26478863532097,152.8311336134824,153.37432001523422,1594100
2017-05-23,153.57908630371094,154.5318804278939,153.44552147846503,154.02432050448994,1788000
2017-05-24,154.0599365234375,154.166801973366,152.98247734372595,154.00651059220814,1420800
2017-05-25,155.59149169921875,155.87644802124322,154.3181288022683,154.4695067530443,2726900
2017-05-26,158.378662109375,160.58701926678378,158.07590620623535,160.50688039609366,4471300
2017-05-30,159.32261657714844,159.74113784387777,158.0581529837747,158.21843078594142,2086300
2017-05-31,160.6671905517578,160.7028168931179,159.1979232761555,159.60754467698766,2456200
2017-06-01,160.84532165527344,161.26384291685127,160.15965713923543,161.00559945546732,2028300
2017-06-02,161.1480712890625,161.39740136002797,160.16855059064818,160.80078914825557,2239900
2017-06-05,162.136474609375,162.25223983987397,160.81858528991657,161.26381945341305,1561100
2017-06-06,161.57545471191406,162.70635314817847,161.18364652376155,161.79807176541283,2248900
2017-06-07,162.24331665039062,162.27894299029845,161.2994224548467,161.56656565428514,1246200
2017-06-08,161.5398712158203,162.51047848385457,161.03229771994035,161.99400519571097,1823600
2017-06-09,160.62269592285156,162.00291108647735,160.21307447632836,161.80702053701887,2167600
2017-06-12,159.96377563476562,161.0590481868714,159.2068719045667,159.9103496938052,2395200
2017-06-13,160.73843383789062,160.9877638840394,159.42054451003744,160.1952476114662,1745400
2017-06-14,161.77137756347656,162.02962098445994,160.48910101264826,161.0233874379828,1440400
2017-06-15,160.3376922607422,161.46859061111792,158.83279891938847,160.63154837953897,1753800
2017-06-16,148.80615234375,151.91389148084224,146.92726376064547,151.73578695782507,24233000
2017-06-19,146.3395538330078,149.04658501242758,144.60314340499022,148.7527288496142,13809100
2017-06-20,145.0572967529297,147.37252002517093,144.63877551842864,147.37252002517093,7337600
2017-06-21,145.27992248535156,145.8320221649822,144.9237405395972,145.58269208546008,3421700
2017-06-22,142.28790283203125,145.4134548030887,141.5933387467887,145.29768959305963,8043100
2017-06-23,139.91929626464844,142.29684513003124,139.41172278286905,141.94064963734343,9506700
2017-06-26,142.6530303955078,143.35650801796908,140.78305496785626,140.82756751645562,6473900
2017-06-27,141.81600952148438,143.85519001132786,141.76258358506422,143.0626735836629,5533800
2017-06-28,142.62631225585938,142.92016843828478,142.02970009910544,142.10983898863913,3234400
2017-06-29,141.29953002929688,142.8934761965536,140.51592701666488,142.66195928628264,3664200
2017-06-30,142.41256713867188,142.95575326294335,141.39743397384095,142.11872460112542,4755100
2017-07-03,141.4241943359375,142.94688765355002,141.308429098791,142.66194483803372,1994300
2017-07-05,140.7117919921875,142.02968115388964,140.5693138159314,141.5221077462773,3770400
2017-07-06,139.88369750976562,143.67710212708818,139.8480847472076,143.46338478932574,6963400
2017-07-07,137.2301025390625,140.29331638566018,137.21228936438104,140.1241251948641,7688400
2017-07-10,134.46075439453125,136.77597811710805,134.42514163013303,136.69582561913583,8999800
2017-07-11,134.55862426757812,136.3217471586986,134.39833295704145,134.86138013613606,6275600
2017-07-12,135.1285858154297,136.15261908678593,134.83472959963447,134.87035594622972,5112200
2017-07-13,136.77586364746094,137.06970607337385,135.90319539412314,136.4463813120331,5673500
2017-07-14,136.2416229248047,137.37252124638323,136.15257067744943,137.36360786916853,4368400
2017-07-17,136.09921264648438,136.63349922217253,135.81426977026354,136.24169087833081,3096500
2017-07-18,134.9059295654297,136.09915366825086,134.40726955753226,135.89434979089287,3256900
2017-07-19,134.6744384765625,135.49366773008018,134.37166891034195,135.18199837182652,4100000
2017-07-20,134.45179748535156,135.52035660051368,134.35384544052616,134.87921841392316,3207400
2017-07-21,133.96202087402344,134.66548468265026,133.57021274265065,134.40725491649894,4078000
2017-07-24,134.46075439453125,134.87927571043915,133.66823790881733,133.97099396235475,3655600
2017-07-25,136.3930206298828,136.8649677167968,134.81688801817864,134.82580139668428,4605700
2017-07-26,135.4313201904297,136.68688375168173,134.95047328796502,136.60674486584895,3017200
2017-07-27,135.81422424316406,136.23274541674797,134.8525168817883,135.360076729825,3637900
2017-07-28,136.1437225341797,136.50881786438475,135.4491582212127,135.94781838565356,2779500
2017-07-31,141.1481475830078,141.2817260015373,136.2683843345675,136.3129104740773,6937100
2017-08-01,142.22561645507812,142.44823355902264,140.61387079651487,141.673530385286,4787500
2017-08-02,143.61473083496094,143.85516108798214,141.08580404474822,141.70022936498665,5486300
2017-08-03,140.61387634277344,144.56755843876923,139.85697272451947,143.90860689361318,5562600
2017-08-04,139.3048858642578,141.08582275623252,138.76169956870672,140.9967704766457,3117900
2017-08-07,139.75904846191406,140.32004804560486,138.32539342718323,139.3583402967662,2629500
2017-08-08,140.4713897705078,141.97628353697303,139.8302514370141,139.89259074685324,2569200
2017-08-09,139.67892456054688,140.31116333294167,139.0912119418375,139.9282547162161,2157600
2017-08-10,139.48297119140625,140.31111387814596,138.35207250627553,139.06444995173118,2764600
2017-08-11,139.49188232421875,140.51592923139694,139.27817858443743,139.3672172801894,1887000
2017-08-14,140.61387634277344,140.87210621504784,139.39392532555925,140.3289199164994,2028400
2017-08-15,139.6967010498047,141.03240378471494,139.61654855923223,140.694021410547,1869100
2017-08-16,142.716064453125,142.8232715709381,140.34878407796907,140.50064606138366,3381800
2017-08-17,141.65304565429688,142.8858117776821,140.8222551496008,141.57263689964623,2650000
2017-08-18,140.32200622558594,141.7602447857811,140.17907246820812,141.12598475673784,2747900
2017-08-21,140.3131103515625,141.29574949070278,139.32152933120213,140.42030387887178,1857400
2017-08-22,141.76919555664062,142.43918231601123,140.7240178477323,140.7240178477323,2204600
2017-08-23,142.36769104003906,142.43022966970761,140.94732262488566,141.69770439542935,1731400
2017-08-24,135.18540954589844,143.52004315016686,134.97100896112298,142.93045176521693,10301700
2017-08-25,136.18594360351562,136.6236731003559,134.05092012954597,136.1144767286695,5703500
2017-08-28,136.27528381347656,136.92740031929702,135.06930242228577,135.69462055327205,3776400
2017-08-29,137.1775665283203,137.56169939488746,135.301611602615,136.12346046972164,2446200
2017-08-30,137.9636688232422,138.2316662398725,136.57009861386234,137.31155222647646,2493500
2017-08-31,140.01829528808594,140.48280959656634,137.52593707315535,139.55376734869094,4567700
2017-09-01,141.3582305908203,141.63515617758148,140.42917496262243,140.7775674154689,2833500
2017-09-05,142.16221618652344,142.68034076872286,140.67038106251158,141.10811052788134,3413000
2017-09-06,141.9120635986328,142.8768457209192,141.22420702765925,142.2068592719072,2873700
2017-09-07,142.28729248046875,142.5731599847754,140.7597306009327,142.0103668549922,2479300
2017-09-08,140.52748107910156,141.59052887113089,138.49072251136542,141.4743934760946,3364600
2017-09-11,140.5721435546875,141.1438649942377,140.30414614813583,141.04559973286592,2442500
2017-09-12,142.9661865234375,143.5111094470658,140.65250297512674,140.84903344797044,2988400
2017-09-13,145.6015167236328,146.45909207911657,142.93942638165376,143.05556177327918,4202000
2017-09-14,145.04762268066406,145.32454828430394,144.39550623039156,145.32454828430394,2493300
2017-09-15,144.985107421875,145.31562979280739,144.44911267303786,144.93151067317382,3757800
2017-09-18,143.74339294433594,146.02135007773938,143.60938744771687,144.8778937564207,2047100
2017-09-19,144.3240509033203,144.41338790624516,142.88581239407247,143.78806977850977,1790800
2017-09-20,145.47640991210938,145.64612837830884,144.05602814892694,144.27935698598517,2432300
2017-09-21,144.25254821777344,145.54785265315905,143.28776607551748,145.54785265315905,1738800
2017-09-22,144.08277893066406,144.71703861602427,143.26093071744228,143.73438660515802,1535900
2017-09-25,145.01187133789062,145.34239363028288,143.39497285869354,143.67189841512052,1799600
2017-09-26,146.56625366210938,147.15583142414326,145.2441371510994,145.3513442603958,2370400
2017-09-27,146.8789520263672,147.68294425975031,145.94990978282763,146.94149066235997,2053100
2017-09-28,146.41441345214844,147.3523975074937,146.0928193083419,146.92360985938947,1730200
2017-09-29,146.76280212402344,147.45960077642943,146.28934598457099,146.41440961327706,1852300
2017-10-02,148.19207763671875,148.66553366503814,146.76276767479342,147.32556068732438,2267100
2017-10-03,147.4684600830078,149.44267884398477,147.42379160129963,148.57617572719903,2839400
2017-10-04,147.5846405029297,148.22781503859977,147.12011268686314,147.60249699634343,1918600
2017-10-05,149.24624633789062,149.2909012139081,147.62040537578432,148.16532844615995,4715400
2017-10-06,140.33091735839844,142.44808419246178,139.8395911466575,142.037153097848,18001200
2017-10-09,138.115478515625,140.92048800096245,137.66882086744445,140.25942977452775,7028800
2017-10-10,140.1343994140625,140.57212892022358,138.53537065193345,139.06242353036973,5420200
2017-10-11,141.02767944335938,142.00140346185938,140.30409624467447,140.51849681984052,3859300
2017-10-12,140.44703674316406,141.13489336132363,139.67878501702629,141.0276862531092,3596300
2017-10-13,142.7964630126953,143.0019217249042,140.33090394254725,140.6256996414089,3634500
2017-10-16,141.86746215820312,142.7518495960031,141.4297461950917,142.37665864294374,2453700
2017-10-17,141.48330688476562,142.27835709874975,140.75972354327484,142.03715810794876,2426800
2017-10-18,140.74185180664062,141.8942227389904,140.52745119161443,141.8942227389904,3011300
2017-10-19,141.5547637939453,141.8227475082931,140.2505173168375,140.37558092717018,2981700
2017-10-20,143.61831665039062,143.83270361660018,141.59941517917815,142.0103462492646,3993200
2017-10-23,144.7528076171875,145.06547342974142,143.44857489084768,143.68977384250613,2811200
2017-10-24,144.97610473632812,145.51209926035494,143.82373422984952,143.9666679203776,3040700
2017-10-25,144.87791442871094,145.61043974819705,143.4486176772157,143.8238085856425,3603900
2017-10-26,145.12806701660156,146.1017778071708,143.63621788055096,145.12806701660156,3038900
2017-10-27,145.05654907226562,145.32453276917002,143.55577221504933,143.645109201291,3399900
2017-10-30,143.1359405517578,144.71711282333507,142.45702567033257,144.70818457535117,2550700
2017-10-31,143.89524841308594,144.0649805225623,142.68033890573605,142.7875323934426,2513600
2017-11-01,145.33351135253906,145.86949251262843,144.08286138383633,144.69032305570082,2129400
2017-11-02,147.3523712158203,147.88836590349973,145.26201646951068,146.26252534687367,3255700
2017-11-03,148.6834259033203,149.24621899956145,146.30720353131554,146.64666776471964,3112500
2017-11-06,147.4416961669922,148.81739576102368,147.37915755180848,148.1116826564233,1917300
2017-11-07,148.54049682617188,148.73702732211552,147.03973336359752,147.5757144726973,1944200
2017-11-08,151.01495361328125,151.14001720956625,148.30820935511213,148.85313223126323,3494300
2017-11-09,151.06861877441406,151.24727918847,149.22839061089778,149.61250981957227,2094000
2017-11-10,153.07850646972656,153.09637659192794,150.14843345053353,150.47002749561128,2673100
2017-11-13,153.1678924560547,154.623987554975,152.4442953999321,152.7569612994016,4093300
2017-11-14,153.1499786376953,153.49837106270002,151.65814370852598,152.59612750843397,1774300
2017-11-15,150.9702911376953,152.51572284570443,149.23725721232879,151.23828846353007,2439900
2017-11-16,153.1923370361328,153.5148854991827,151.56168523558722,152.52036221072584,2342700
2017-11-17,153.1923370361328,154.28541717917054,152.8966664723902,153.21026019279194,2100600
2017-11-20,154.35707092285156,154.58106249473536,153.07584569392935,153.3087920069987,1955000
2017-11-21,155.37843322753906,156.06833092501762,154.59894712644643,154.96629649392852,2360200
2017-11-22,154.53623962402344,155.89811201674786,153.29981561834552,155.75475414985925,1950100
2017-11-24,153.76571655273438,155.14551217180284,153.6582049823922,154.4466596218599,789400
2017-11-27,154.65272521972656,155.0559072725632,153.31773066961145,154.33017684318543,2346700
2017-11-28,155.58448791503906,156.05934879365017,154.59893353379312,155.28883117061446,2728400
2017-11-29,159.0609130859375,159.24907204437594,155.49497066013086,155.8981528037993,4683000
2017-11-30,165.24302673339844,165.66413190805355,161.47101698343434,161.65916221470516,7716600
2017-12-01,165.87025451660156,165.91504189694922,162.28638912165172,164.1947881479367,4034400
2017-12-04,169.8393096923828,170.12602536943393,167.15141174113043,167.74275257153138,5774200
2017-12-05,168.2803497314453,171.32662882671502,167.41126157100203,169.93787871776442,3182800
2017-12-06,167.74281311035156,168.42374258206326,166.21070470979916,168.10119416465017,3569200
2017-12-07,166.82887268066406,168.26242380261112,166.25545496615658,167.10661996359408,2240800
2017-12-08,168.50440979003906,168.91654668389677,166.60495169868668,167.3575602041888,1772500
2017-12-11,169.21221923828125,169.24805187981093,167.58155378574656,168.6298465317261,1964100
2017-12-12,168.7104949951172,169.44518041736163,167.366545242641,167.50990316403244,3365700
2017-12-13,168.69248962402344,170.34106390249315,168.26242974080463,168.91648114027282,3062900
2017-12-14,167.12461853027344,170.00067681068668,166.80207006584732,168.96135246182885,3743200
2017-12-15,172.6795654296875,175.027006218222,172.02551391829132,173.28882956725508,8452900
2017-12-18,172.30323791503906,174.13101640875618,171.935888534168,172.58995362831143,3492300
2017-12-19,168.73733520507812,172.9214961925947,167.5456983834985,172.84086250658484,3959900
2017-12-20,168.00262451171875,169.5705654295816,166.11213520104113,169.37345176334148,3894400
2017-12-21,167.36648559570312,168.80002328463448,167.16937194187923,168.44164228024138,1908100
2017-12-22,167.21417236328125,167.97573541262352,166.6228314040092,167.78759017099264,1078300
2017-12-26,167.14248657226562,167.85029380925076,166.7572140219889,166.81993821419886,1120000
2017-12-27,166.91847229003906,167.59940154367214,166.47048927995917,167.41125633539824,1175200
2017-12-28,167.20516967773438,167.5635642786888,166.819910861984,167.1603823150517,1017000
2017-12-29,166.75723266601562,168.0832725481894,166.58699689253658,167.06187157867495,2028000
2018-01-02,168.72836303710938,170.84283016579394,167.31273478636,167.75174947908954,2509300
2018-01-03,170.75323486328125,172.11510727400142,168.78211201727188,169.1763393207455,3364400
2018-01-04,169.42723083496094,172.29432022746053,168.0474350929901,172.02552760630357,3525800
2018-01-05,168.21763610839844,169.94684412771372,167.29479211453503,169.722852601604,2819000
2018-01-08,168.87168884277344,169.31967189845773,167.76965435377028,167.83237854381787,1961800
2018-01-09,166.90953063964844,169.60639754236803,166.78409592357022,169.346559698904,2241900
2018-01-10,166.13006591796875,166.8647648294721,164.75028386282406,166.4257364307913,2609500
2018-01-11,169.67811584472656,170.83390644880225,165.7806566593478,166.13903773947746,4678600
2018-01-12,171.88218688964844,172.18681217742306,170.23361203319072,170.32321413964772,3499500
2018-01-16,171.60443115234375,172.77814486448386,171.03101324445234,172.3391301097403,2006600
2018-01-17,172.2853546142578,172.5272693443659,171.4341893595645,172.50039144894953,2585200
2018-01-18,171.58644104003906,172.94831316660276,171.32661691952163,172.23153764360313,1908000
2018-01-19,172.2853546142578,172.59894828926312,171.27292198706635,171.76570618863434,2353800
2018-01-22,174.1579132080078,174.49837106528852,172.0792650751568,172.4734923880326,3009100
2018-01-23,173.2977752685547,173.9070393743431,172.08822913972222,173.46801102857435,2316400
2018-01-24,174.0325164794922,174.48945441660783,171.96282263507374,174.20273860961296,2799200
2018-01-25,177.3565216064453,177.80450474446178,174.48047751634147,174.71342382642027,3558700
2018-01-26,178.21661376953125,178.50331580202868,175.33160193844063,177.17728985009398,2756200
2018-01-29,177.6880645751953,179.08576998408725,177.0071213555262,177.7328519584999,2031100
2018-01-30,177.3206787109375,178.1091196917018,175.68105888010325,177.0339629569435,2285000
2018-01-31,174.59689331054688,177.82237643941363,173.90700932102084,176.89953253586273,2682300
2018-02-01,173.34259033203125,175.07179862081463,172.41974619435808,173.28883454480524,2096600
2018-02-02,171.12062072753906,173.4590934836886,170.9503849310154,171.35356706041463,2386600
2018-02-05,163.7557830810547,172.11515125021242,163.5407462229374,170.8249574442333,3407200
2018-02-06,165.76271057128906,165.9687926516467,157.86925011618385,160.29732466293717,4067900
2018-02-07,164.13201904296875,166.81991713001858,164.0245074943209,165.39533442500777,2594800
2018-02-08,160.0284881591797,165.3146821022755,159.95680923845913,165.3146821022755,3013200
2018-02-09,161.9190216064453,163.12858151109043,157.50190088994663,161.07681114500176,2777200
2018-02-12,162.2236328125,164.19475565538397,161.61438237817683,162.92248533251015,1596200
2018-02-13,164.99220275878906,165.39539856529106,161.3187488180707,161.4710614615075,2123900
2018-02-14,167.85923767089844,168.87166996705645,163.34356131838229,163.70195592568473,2191000
2018-02-15,172.0187225341797,172.2253561090691,167.60776602884005,168.9732693411018,2072900
2018-02-16,172.090576171875,174.83956734776942,171.62342313366165,171.99175560048266,1969300
2018-02-20,169.00018310546875,172.0186858331037,168.5599936440684,170.57231965719646,2202100
2018-02-21,166.8710479736328,169.9165001985621,166.81714834790793,169.36849782378997,1747200
2018-02-22,167.62570190429688,169.18885988614701,166.79023013140832,167.4101033605548,1360100
2018-02-23,170.51841735839844,170.55435958403797,167.01480429538978,168.73966101163577,1561700
2018-02-26,173.2135009765625,173.47403412326184,170.6262091613134,170.77894305169139,1852400
2018-02-27,170.7789306640625,175.64805986855936,170.7789306640625,173.78844058425298,2170400
2018-02-28,171.49765014648438,174.06697125583324,171.48867144301903,172.1265157956096,2179800
2018-03-01,169.81771850585938,173.37524540507906,168.28152398942748,171.8659869997316,2447700
2018-03-02,170.08718872070312,171.03945198087516,168.19164090185342,168.42521051217864,2275900
2018-03-05,172.0187225341797,172.46790450193717,168.44323790905497,169.29668090620504,2155800
2018-03-06,172.00074768066406,172.71044908624594,170.75202248526335,172.61162851504398,2458700
2018-03-07,168.31744384765625,170.46453280342377,165.99966357486196,169.9794223779291,5157100
2018-03-08,166.817138671875,167.41006193633984,164.4724091332555,167.2663204707834,6061500
2018-03-09,169.4134063720703,169.4673059938578,165.49654059620877,167.5448084717754,3288100
2018-03-12,170.1231231689453,170.77893851532545,168.488108423753,169.13493136038386,2394100
2018-03-13,168.4073028564453,170.79694041426504,167.8143793920774,170.7340620693477,1964300
2018-03-14,165.8649139404297,169.79973809054405,164.84975845278876,169.5931182533234,2866000
2018-03-15,166.65548706054688,167.60776433725633,165.44270398460918,166.03562746597194,1811300
2018-03-16,166.9788360595703,167.3202186102557,165.72113251695131,167.2573265791545,3569400
2018-03-19,165.43370056152344,167.07770808245726,164.22989627011114,166.76328895389452,2493200
2018-03-20,168.30841064453125,168.51503041552684,165.837910969091,166.28709272826197,1852500
2018-03-21,167.1585235595703,168.79353820229701,167.14953115038458,167.84127496858554,2048300
2018-03-22,164.07716369628906,166.69140564120983,163.95139331275047,166.10746094711052,2489800
2018-03-23,162.46011352539062,165.70320753590275,162.45113482185116,164.65212348812273,2351800
2018-03-26,168.19168090820312,168.4971213269597,163.80766093849428,164.42753418758198,2036600
2018-03-27,164.53530883789062,168.58693796362468,163.55609567892995,168.3892968497868,2495300
2018-03-28,164.9485321044922,165.85587435590762,162.81042246712795,164.9485321044922,2168700
2018-03-29,169.27871704101562,169.46737950705204,165.6673037352568,165.9637654916304,3016000
2018-04-02,164.17599487304688,167.9131918082169,162.64877905767722,167.9131918082169,3599200
2018-04-03,164.0502166748047,165.45166203181742,162.91828320366608,164.87670973899313,2287000
2018-04-04,166.66444396972656,167.41008751479367,162.54993641812035,162.72062772105582,2111000
2018-04-05,167.32025146484375,167.9940242895344,166.1344047135755,167.7245124180695,1933600
2018-04-06,165.26303100585938,168.21864223988663,164.49043749451724,166.50276388093738,2259000
2018-04-09,165.66726684570312,168.35336575675709,164.84975252149394,166.37696819563573,1946000
2018-04-10,164.89466857910156,167.068707202886,163.65492222113096,166.87106608181986,2526000
2018-04-11,165.88290405273438,167.42809120082836,163.69988615287218,163.72683597573865,1697300
2018-04-12,169.62904357910156,170.725034702246,166.63749075732593,166.6464694596343,2841600
2018-04-13,169.7099609375,170.53645424271184,168.00306096782398,170.51848312296107,1744400
2018-04-16,174.8036346435547,175.89963960625195,171.92887314629303,172.3421128291791,3026800
2018-04-17,176.0792694091797,176.86983378082323,174.93834377427427,175.77382906847774,2160500
2018-04-18,176.53741455078125,177.66936138580311,176.18705331802207,176.3487658835708,1663100
2018-04-19,175.2438201904297,176.43863189379124,173.83338254808234,176.22303337069093,2427600
2018-04-20,173.88731384277344,175.78286221520807,173.15964127891925,174.66888604721754,2252800
2018-04-23,173.69862365722656,174.62393715443278,172.71939682434862,174.1118632751161,1618000
2018-04-24,172.94400024414062,175.50434240988054,171.72222499817894,174.76767755648845,1598900
2018-04-25,174.25564575195312,174.8844977366554,171.93786525866895,172.69248764031164,1311700
2018-04-26,175.41452026367188,176.4745967338816,173.68966331812445,174.3903860238798,1445800
2018-04-27,176.60037231445312,176.90581274225735,174.7587236278419,175.13603481064916,1563100
2018-04-30,177.12139892578125,178.8103134418494,176.4296550051895,177.067499294452,2165000
2018-05-01,176.57339477539062,177.04952645808828,173.84236134578697,176.51949514458602,1413200
2018-05-02,174.28257751464844,175.7019939661643,172.89011088054576,175.6121521028246,2498100
2018-05-03,173.39317321777344,174.2735795156022,170.85080229572617,174.21068747663918,1815500
2018-05-04,175.35159301757812,176.43860529552148,171.83898805687446,173.24043307752845,1704500
2018-05-07,173.4381103515625,175.8996320603414,172.674509358142,175.88166094639516,2361900
2018-05-08,174.71376037597656,175.36058330639543,172.86313343369983,173.37520729859042,1908600
2018-05-09,176.11521911621094,176.45660171921926,173.51894849192678,174.41731221947066,1999100
2018-05-10,176.09722900390625,177.43068078506062,174.97099958619398,176.6378246235752,1874200
2018-05-11,176.37649536132812,176.57471279784053,175.30433672481166,175.9890791204542,1296300
2018-05-14,176.48464965820312,177.7370161539768,176.0701912055099,176.55672998684182,1440900
2018-05-15,176.1242218017578,177.22342259104482,174.1240376604595,175.47551268847647,2319600
2018-05-16,179.03445434570312,179.61108329057697,175.69179919400483,176.65585822960873,2163200
2018-05-17,179.8363037109375,181.4130247623934,178.2956159487173,179.34976494479784,2391000
2018-05-18,179.25967407226562,179.76422260688219,178.19650644753807,179.74619908838403,1624600
2018-05-21,179.85433959960938,181.404032472202,179.37681939737172,179.83632982633443,1202800
2018-05-22,179.2686767578125,181.79143314785586,179.14253962570615,179.9444143400786,1563600
2018-05-23,178.5208740234375,179.3768056174731,177.2865310009204,179.3768056174731,1635100
2018-05-24,179.1966094970703,179.3768034492285,177.3315807829612,178.65601389267843,1176300
2018-05-25,178.71908569335938,180.3949155353047,178.23256065766037,179.19660584340514,1331000
2018-05-29,177.25950622558594,179.15156340674432,176.59277345817713,178.48484438725328,2298100
2018-05-30,179.87232971191406,180.67420440710376,178.16947159525657,178.5388780975582,2390900
2018-05-31,178.61093139648438,180.82734257911042,178.12439272367405,180.39487445165648,4822800
2018-06-01,177.61085510253906,179.28668471098538,175.69175613618026,176.09719590075767,4056400
2018-06-04,178.95338439941406,179.33179591699553,177.71904108626111,177.78211654648504,1870600
2018-06-05,178.2505645751953,179.61105839959376,177.4847368823081,179.49392615036302,1868500
2018-06-06,178.08837890625,178.75509781146454,177.22342880889,178.4037148417685,2066900
2018-06-07,182.51219177246094,182.79149439287553,179.6650812747183,180.64714976195475,2735000
2018-06-08,183.5843963623047,183.80964224141684,181.097686806157,181.55718345029547,2052500
2018-06-11,184.25115966796875,184.6025427477366,183.27809565909172,183.5844268059827,1684800
2018-06-12,184.59349060058594,184.77368453804024,183.10685968377655,184.02586663708453,1384800
2018-06-13,183.8997344970703,185.44942714748473,183.08885488256078,184.6295288997122,1665800
2018-06-14,184.8096923828125,185.35929275252778,184.0618745848121,184.58444655502615,1685000
2018-06-15,186.79188537597656,187.10722131771502,184.31418102214343,185.06198514713455,3879600
2018-06-18,185.79180908203125,187.503672191383,184.8367550469234,185.60259650253263,1975000
2018-06-19,186.9810791015625,187.2333533472523,184.35921417537722,184.611488421067,1940600
2018-06-20,187.38656616210938,187.93616671061747,186.4675727842778,187.18834866934128,1527700
2018-06-21,189.17051696777344,190.20664257718153,187.40458311624784,187.55774867385227,1825800
2018-06-22,190.1975860595703,190.8012432396428,189.22452241548027,189.53985833156403,1738600
2018-06-25,190.78323364257812,191.08055981229046,189.17948430140174,189.21551758807192,2398600
2018-06-26,189.28759765625,191.42293764534438,189.17948404846845,191.35085732418483,2276700
2018-06-27,189.23355102539062,191.38690089960048,188.8551396298966,189.65701434252077,2211700
2018-06-28,188.0442352294922,190.27867001918023,187.4495829373279,189.20649766607283,1826700
2018-06-29,188.2875213623047,189.6840484878004,187.6928827216232,188.90019726968615,2164600
2018-07-02,187.3955535888672,188.1433715056054,185.64764348804735,187.78296987517444,1876100
2018-07-03,186.6116943359375,189.12544594878895,186.41347687012424,187.88208434467245,842100
2018-07-05,188.4316864013672,188.56682842559474,186.99912595288725,187.5847597217626,1436700
2018-07-06,188.86412048339844,189.55788149415264,186.19721753604753,186.62968568330982,1523200
2018-07-09,190.05343627929688,190.8192639031545,189.20650970286522,189.675024909641,1738300
2018-07-10,190.7381591796875,191.63914246702464,189.95430811903665,190.09846874450994,1687800
2018-07-11,190.06243896484375,190.81025681095753,189.1794791125291,190.2967034394789,1472800
2018-07-12,192.82850646972656,192.96364850533664,191.20673330281483,191.4950408947557,2222000
2018-07-13,195.0989532470703,195.1890570926377,192.54918214209613,192.81046129757493,1951200
2018-07-16,193.57630920410156,195.6305504707902,192.72036388638372,195.18906360943663,2078200
2018-07-17,193.71142578125,194.7565697965927,192.81044240552325,192.86449920840042,2064800
2018-07-18,193.68443298339844,194.50433130552534,192.45008993108547,194.01779249436348,1869500
2018-07-19,195.99993896484375,196.5945913574264,192.83749191906352,193.22492196195833,2790800
2018-07-20,197.03607177734375,197.26131763858305,194.82866508678202,195.49538403738384,1793900
2018-07-23,197.17120361328125,198.63080606732314,196.5945747882016,198.1082340464829,1394300
2018-07-24,196.93699645996094,198.8290537666194,196.04501774887424,197.68481449589692,1453900
2018-07-25,198.84706115722656,198.95518852877748,195.84678437014216,196.0630253653265,1560200
2018-07-26,199.76608276367188,202.37892967666906,198.95520303147788,200.01835706915085,1820000
2018-07-27,197.90098571777344,200.46879374354202,197.09911109271587,200.2976047087688,1596800
2018-07-30,197.41445922851562,198.3244474482928,196.96396756068074,197.3513837960197,1292700
2018-07-31,197.05406188964844,198.2793997169788,196.71168383927386,197.9370216666042,1888500
2018-08-01,195.63052368164062,197.40546202177296,194.8376539160828,197.0000085066212,1841300
2018-08-02,199.2254180908203,199.47769230890165,193.72040971069922,193.72040971069922,1904800
2018-08-03,200.0453338623047,200.57691074398628,199.11732210346563,199.11732210346563,1195700
2018-08-06,200.6670379638672,201.16258161806266,199.12635019317153,199.50476159785265,1285500
2018-08-07,201.69412231445312,203.15371086276,200.9012526102301,201.13551706715825,1428100
2018-08-08,202.34286499023438,202.61316277500399,200.23456701528096,200.79317235533279,2010700
2018-08-09,196.630615234375,200.33365742776607,195.43230570486338,199.67592967045053,3637100
2018-08-10,198.49569702148438,199.76608721173804,196.18918117836557,196.54056423652946,2830800
2018-08-13,197.8199920654297,199.63998310930697,197.36950018561302,199.1444392919244,1518900
2018-08-14,200.018310546875,200.52285904047994,198.0902066617902,198.22534866975033,1450600
2018-08-15,199.72097778320312,200.1174126573428,197.10813156424953,198.8650463492642,1844100
2018-08-16,201.09051513671875,202.0545603595147,200.14447968592145,201.32476590395945,1657700
2018-08-17,203.33395385742188,203.51416155945702,200.15348313692928,200.31566731917744,1980900
2018-08-20,204.83856201171875,205.62241309585184,203.59520063861302,203.62222903820972,1783700
2018-08-21,205.91073608398438,207.3162817082269,205.1539133425644,206.76668129526152,2066700
2018-08-22,206.51443481445312,207.43342808920292,205.7666168570583,205.8567069586266,1267900
2018-08-23,206.7847137451172,207.54155031746444,205.93780082135,206.3252171191238,1337900
2018-08-24,208.37948608398438,209.08225219274382,206.86584023370824,207.22622817484483,1453200
2018-08-27,207.25320434570312,209.80298894294185,205.51431303351745,209.6948753374342,1904100
2018-08-28,207.46046447753906,208.87501523097396,207.08205304138954,208.07314043219856,1882100
2018-08-29,207.39739990234375,209.028177883579,206.08195790623404,208.8389652941696,1793600
2018-08-30,208.4903106689453,208.78837497485068,207.23483520094462,207.3974082139589,1272000
2018-08-31,210.5677032470703,210.9199585296424,207.9303022474455,207.9303022474455,1881300
2018-09-04,211.96766662597656,212.17541715261675,210.57671386618074,210.57671386618074,1858400
2018-09-05,212.8076934814453,213.31349454460417,210.63092967988027,211.8683506187282,2126000
2018-09-06,213.7741241455078,213.8554244279085,212.31091201092252,212.68123555527023,1853200
2018-09-07,218.09153747558594,219.4373266415058,214.24381092206553,214.34316568711054,2722400
2018-09-10,219.64501953125,220.2050252687389,218.68760859501884,219.4824465565885,2817300
2018-09-11,220.5753936767578,221.43345004254692,219.6360370250375,220.3224793612597,2185700
2018-09-12,218.97666931152344,221.39729241007208,218.7869870384967,221.28891041522485,1912000
2018-09-13,217.91989135742188,220.37665083854787,217.72118185659232,219.0308480887556,2078200
2018-09-14,212.5999298095703,215.86958182698876,211.77799629492355,215.86958182698876,3875300
2018-09-17,209.54702758789062,211.88636394163416,209.1044448525705,211.4076584725528,2884600
2018-09-18,211.66964721679688,212.6812493723987,209.27610555514127,209.52900609404173,2000200
2018-09-19,211.21803283691406,212.02189820104147,209.92642088481765,211.91350241368977,1581400
2018-09-20,211.28123474121094,212.25671405967094,209.83609091471214,211.89543154855733,1910100
2018-09-21,212.03993225097656,213.01541155088384,211.36251721898907,211.68767698562482,3717800
2018-09-24,210.75738525390625,212.121256492895,210.35996618511604,211.52512788970967,1530400
2018-09-25,210.3870391845703,211.94961979082558,210.20639793136257,211.3805867502792,1889700
2018-09-26,211.18186950683594,212.8528320474415,210.8567097501468,210.96510552373897,2008500
2018-09-27,211.3534698486328,212.86184552233988,209.85412141295652,211.08250110523883,1421400
2018-09-28,212.14834594726562,212.68124250975032,211.16382554326484,211.22705756697246,1602800
2018-10-01,211.94058227539062,213.63864040412696,211.74187275896216,212.98832085618727,1673100
2018-10-02,213.4760284423828,214.57795782069851,211.23603317188162,211.44378367152802,1647600
2018-10-03,210.63092041015625,214.34315549923642,210.20640586896366,213.7199314373986,2322300
2018-10-04,209.2580108642578,211.35348795854412,208.33673635263838,210.68510017184025,2862800
2018-10-05,197.6426544189453,205.08518018348866,196.71232491633063,203.22454874235282,7379000
2018-10-08,202.2581024169922,202.77294457092907,198.0400655356653,198.11232480895714,3863500
2018-10-09,202.47486877441406,203.36002070354695,201.02068371410112,202.45680051160218,2502800
2018-10-10,199.6567840576172,203.22450030659087,199.64774303709572,202.4116078181819,3021400
2018-10-11,200.35226440429688,203.51353436309773,199.54838538401168,201.3367708837759,3650900
2018-10-12,204.98574829101562,205.59090395464926,201.77028773461404,203.40511350655652,3130500
2018-10-15,202.78192138671875,204.97675319828042,202.54708914345048,204.35352918040434,2441900
2018-10-16,205.64512634277344,206.16899560517336,202.61032032397722,203.10708030645446,2541800
2018-10-17,206.37677001953125,206.72902531477496,203.6851641409559,206.34063349681404,2129300
2018-10-18,206.4580535888672,208.32771204257952,204.35354908696596,206.4219170666635,2624600
2018-10-19,207.4425506591797,208.30964798561436,206.5844943539028,206.7470673502093,2099800
2018-10-22,206.8915557861328,207.966389712248,205.2747981690809,207.63220274706822,2007300
2018-10-23,206.61160278320312,207.0722400836097,202.15873419980372,205.09419959453774,2656700
2018-10-24,202.10450744628906,208.72511187073388,201.49935168454064,204.0644932429487,3100200
2018-10-25,204.489013671875,205.5638477357909,201.2735525011297,202.3754820639641,2218900
2018-10-26,197.07357788085938,203.22450399669913,195.99874385459427,200.79483994378938,3995400
2018-10-29,200.8942108154297,203.1251655408649,197.5793947381257,198.48261482835713,3801400
2018-10-30,205.8619384765625,206.12388004251554,201.42712415605862,201.5084244453124,2410500
2018-10-31,206.5032196044922,208.24642781360805,203.73032723200814,206.52127408374602,2674600
2018-11-01,207.37933349609375,208.46319482322113,205.5186885757724,206.0967488690433,2095000
2018-11-02,207.88514709472656,209.75480558516745,205.19354120152283,207.56901453843665,2167200
2018-11-05,211.7599639892578,212.15738306522368,207.5599957534417,208.3819294076397,2513900
2018-11-06,213.80123901367188,214.50574959925268,211.51607944828598,212.2567265563323,2101300
2018-11-07,217.1069793701172,217.5676303744579,214.00894149422737,215.64376743172426,2603600
2018-11-08,216.11109924316406,217.1070084649664,214.5991380171943,215.9390773035069,2140600
2018-11-09,215.24192810058594,217.5234427029343,214.63533394572968,215.45015861588232,2256700
2018-11-12,212.29046630859375,216.5637999761895,211.97359612356922,215.15142955999863,2301400
2018-11-13,211.9826202392578,214.04685581044416,210.7422719202459,212.53489463947543,1548100
2018-11-14,211.23117065429688,214.68061668281376,209.78259175624572,214.68061668281376,1896500
2018-11-15,208.18008422851562,210.63362099196107,205.51830311437496,210.3348620475445,2722300
2018-11-16,209.15794372558594,209.24847216073272,205.083791144171,207.60071096706048,2822400
2018-11-19,207.09364318847656,211.403184940268,206.25164473285395,209.69204194023868,1949500
2018-11-20,198.55604553222656,203.70758625727942,197.41528802251554,203.63515523550024,3704800
2018-11-21,197.8860626220703,201.0186245601581,196.8720422351418,199.68773402684224,2036500
2018-11-23,199.23509216308594,200.2490989470115,197.06221653615793,197.46058029121622,1007500
2018-11-26,198.68276977539062,202.33139739351265,198.18481520155697,201.7610256223968,2205600
2018-11-27,201.9058837890625,202.0054747087407,197.71404409577923,198.61034855807944,2369800
2018-11-28,208.54220581054688,208.6508592312476,201.1634711941664,201.69763434290314,2765600
2018-11-29,209.13978576660156,209.67394900343933,206.749617339004,207.32905169070025,1478700
2018-11-30,209.39328002929688,211.30360496442862,207.96279850213054,209.76448381728648,2764000
2018-12-03,210.11756896972656,210.22620858586217,206.6138032013167,208.8862693325763,2481500
2018-12-04,204.9298095703125,211.22210695362327,204.21456196128122,210.14471809950473,3418600
2018-12-06,211.131591796875,211.7291373611824,205.15617759821532,206.36936612104205,4029800
2018-12-07,203.58078002929688,211.68381015932124,201.92395712077644,211.0862647533366,2881900
2018-12-10,201.58900451660156,203.88863044675912,198.37494914309696,203.29108495572498,2650000
2018-12-11,205.0656280517578,205.74465331020735,202.80221052359272,203.8162171554733,2466800
2018-12-12,206.2426300048828,208.64184731562028,205.58171588406177,206.7405846773394,2891400
2018-12-13,205.0746612548828,207.89035299978318,204.14213440891677,207.18416788953323,2170200
2018-12-14,187.46531677246094,198.275402575291,186.06199495017688,197.370035440244,8822300
2018-12-17,183.09237670898438,188.31634851428075,181.67095760822423,187.1212573637568,4739400
2018-12-18,183.7804412841797,185.30145112187668,182.49482187903965,183.87096968986933,3308500
2018-12-19,182.34999084472656,187.41098961590217,180.94666907739517,184.24220476732413,3369600
2018-12-20,178.47496032714844,181.70711259450403,175.35143383941707,181.37213130182596,4250900
2018-12-21,176.1119842529297,181.70714541319754,175.93091362458378,178.5021524655845,5080200
2018-12-24,172.01068115234375,176.84533761254704,171.8386592121261,175.55065561998538,2031700
2018-12-26,179.83306884765625,179.96886838473583,171.5761116230821,172.76215411106728,3268800
2018-12-27,182.05120849609375,182.09647961166021,175.60499950580675,178.32110066213733,2705900
2018-12-28,182.92030334472656,185.55492406486024,180.7021574337265,182.72113535709002,2037800
2018-12-31,184.43231201171875,185.04795492179693,182.32280530841498,184.13353925307362,1729400
2019-01-02,185.38294982910156,185.69078512144173,180.93760816933798,181.5260912184385,2143100
2019-01-03,181.45367431640625,186.45130462591246,181.1096303942704,184.423277328552,2877700
2019-01-04,186.72288513183594,188.2529436761011,182.3861696959764,183.8619222482998,2761600
2019-01-07,187.41094970703125,189.33032312870458,184.2783741309996,186.07101055311605,2226600
2019-01-08,188.81431579589844,189.29415926471282,184.8578520841419,188.90484421909014,2366500
2019-01-09,190.0365447998047,191.23163597798109,188.2439218473454,189.35751948896956,1862900
2019-01-10,190.70648193359375,190.94187235262342,186.50558009947915,188.45211339498476,2340700
2019-01-11,190.58877563476562,191.25875209472207,189.50233814914066,190.1632520988855,1861100
2019-01-14,189.22171020507812,190.71556028603848,188.46120521167302,189.6472338164653,1523100
2019-01-15,191.0596160888672,191.34027767667942,189.29415302456013,190.16329769553954,1681900
2019-01-16,190.29005432128906,191.4489369425056,189.67441131186095,191.4489369425056,1455000
2019-01-17,191.44891357421875,191.62092170128886,189.81018768543996,190.00936953236769,1517100
2019-01-18,193.37730407714844,193.89336981782702,191.7295435776453,192.44477731766438,2115400
2019-01-22,192.29991149902344,195.16087403208442,190.85133284233046,192.84313712953434,3310800
2019-01-23,192.0192413330078,194.51806254295624,190.1270280361998,192.8431284367169,2220200
2019-01-24,190.40771484375,192.29087969620358,189.13114417026708,192.29087969620358,1994400
2019-01-25,189.2850799560547,192.2275226226548,188.98630719674654,191.96495846380657,2252300
2019-01-28,190.82420349121094,190.84230088427063,187.69162764140242,188.93197599138017,1999400
2019-01-29,190.40771484375,190.61594536732431,188.83238524352268,190.416777354429,1636500
2019-01-30,191.3493194580078,192.09171320842052,189.51142556777157,190.56164078018946,1589800
2019-01-31,194.31893920898438,194.54528097712983,189.87358356705414,191.15920315234376,4341100
2019-02-01,190.3715057373047,194.65388739177905,189.55666722213184,193.74852047367776,3453700
2019-02-04,191.19541931152344,191.20448182408265,188.22581630130006,190.76084696765813,1630300
2019-02-05,191.584716796875,192.40860410553944,189.80114265165832,191.47607717456478,2074500
2019-02-06,191.5756378173828,192.17316946044104,190.5616175151583,192.17316946044104,1618800
2019-02-07,189.77816772460938,190.73137342831131,187.2544505903839,190.7041401669584,2526600
2019-02-08,188.59811401367188,189.26990048958282,186.78248836733087,188.67074070178043,2013700
2019-02-11,189.47862243652344,189.66018216258135,187.69930387606985,189.41506891373763,2376600
2019-02-12,192.36544799804688,193.1370941028775,189.96882374164232,190.6950764546385,2091200
2019-02-13,193.18246459960938,193.8270035900684,191.82074611867057,192.6650049278366,1703000
2019-02-14,194.1266326904297,194.77118569693482,191.67554157177622,192.4562609201598,1411100
2019-02-15,196.51417541503906,197.22226806563216,194.30818380963774,195.31585625119249,2635500
2019-02-19,198.0120391845703,199.35561152997107,196.55046064486405,196.69571395552114,1938100
2019-02-20,197.09515380859375,198.87447223542588,195.23413558898886,198.11189927985887,1785600
2019-02-21,195.3884735107422,196.74111907414448,194.57144783080085,196.63218601071736,1615300
2019-02-22,196.3507843017578,196.62313085654105,194.49885266304997,195.334038606163,1542500
2019-02-25,197.0406951904297,198.89262649488384,196.5867889650899,197.33118797154546,1794000
2019-02-26,197.549072265625,198.72923124773484,196.20551368783725,196.8954461786755,1884100
2019-02-27,197.94847106933594,198.68379680219303,196.49596587575726,196.55043239639613,1482700
2019-02-28,198.57493591308594,199.43735512483235,197.4674034172866,198.34798275988314,2055600
2019-03-01,199.21035766601562,200.23619012301958,195.87868778023702,199.50085043440484,2178200
2019-03-04,198.27532958984375,200.69918727985555,195.96947810428392,200.10910084911842,2444700
2019-03-05,199.5553436279297,201.1803218528602,198.72014396640364,198.72923095645174,2160200
2019-03-06,199.01968383789062,201.45262797060914,198.11187155071968,200.17260932119024,1985300
2019-03-07,196.80462646484375,199.16494403417613,196.28718064631488,198.0211054994412,3279100
2019-03-08,206.81785583496094,207.61672143651688,203.14121234290116,204.69356400151585,6782700
2019-03-11,208.5154571533203,208.71517701322543,206.1279058248945,206.5545788117718,3748400
2019-03-12,211.48399353027344,211.88341937076248,208.70607580953438,209.08736922674615,2647100
2019-03-13,214.5886688232422,215.56002074907795,211.47486553392633,212.65502425539333,2421200
2019-03-14,212.28282165527344,214.5886726191325,211.77444899140045,214.36171954760945,2300300
2019-03-15,212.06500244140625,213.92600695751113,211.68370900711395,212.5824483557414,5075400
2019-03-18,214.77935791015625,214.86105771135496,211.9651474470611,212.0468472482598,1735400
2019-03-19,215.1968994140625,216.1047116757948,214.50695322979186,215.62357228524596,1852300
2019-03-20,215.13340759277344,216.50421336639985,214.04403533675787,215.17880098929905,1499500
2019-03-21,217.4573516845703,217.7387851326201,214.74300177994604,214.86100795920166,1617000
2019-03-22,215.65989685058594,218.18361404266093,215.06073738285437,217.64800808762075,1873600
2019-03-25,215.12432861328125,216.13200103946238,214.05310266326592,215.08800835619903,1357100
2019-03-26,217.03074645996094,218.10195858777413,215.47838095114648,216.05938041161392,1193000
2019-03-27,217.3394012451172,218.0656540399198,216.2046355820256,216.70393524420987,1351200
2019-03-28,218.98251342773438,219.6452126168524,217.49370161052283,217.85682103828438,1396700
2019-03-29,219.81771850585938,220.09006502666728,218.57401981178398,219.38197238383842,1968000
2019-04-01,221.67872619628906,221.87844604509326,220.21714758574123,220.66198067664493,1610200
2019-04-02,218.32891845703125,221.6787489856634,218.15643185604821,221.50626238468035,1574300
2019-04-03,220.12640380859375,221.09776997685196,218.80100511896848,219.40923792203233,1663600
2019-04-04,221.8693389892578,222.1961519984605,219.00973554782237,219.8449212708698,1319700
2019-04-05,223.2038116455078,224.3113437888396,221.5152801689624,222.37771295836424,1616200
2019-04-08,223.79397583007812,224.07539553206155,222.59565649658808,223.31283623917966,1244200
2019-04-09,222.3323211669922,223.03132668788933,221.51528175834656,222.51388086265226,1450200
2019-04-10,222.96778869628906,223.9300675573932,222.15076313364665,222.66820896275564,1556600
2019-04-11,219.00071716308594,221.66967457803548,218.71021048133522,221.1613017370927,2719800
2019-04-12,219.64523315429688,220.3442526628223,218.69202725214757,219.2457934351395,2187600
2019-04-15,223.6214599609375,224.0027395575044,219.65432367683246,220.02651628283272,1859700
2019-04-16,222.72271728515625,224.06628976990066,221.7332049764028,223.91194945374684,1360500
2019-04-17,222.92242431640625,223.7394638374815,221.79674573714343,223.59421052011896,1363000
2019-04-18,223.14935302734375,224.45660503641227,222.14168075802988,224.03900525769203,1365000
2019-04-22,220.97967529296875,223.1130398053247,220.19895613654452,222.58650699265561,1300000
2019-04-23,222.9406280517578,223.80304728259594,219.88130391153732,222.09635510005035,1524600
2019-04-24,225.10118103027344,225.77295337742012,222.9587430957749,223.0313559018567,1156400
2019-04-25,222.958740234375,224.3658384310799,221.45176826332235,223.51250637544285,1278200
2019-04-26,221.3428192138672,223.22198362100823,219.7450605736201,222.97687040194896,1842900
2019-04-29,221.76040649414062,223.09489179739518,221.04324081076132,222.41403251418848,1429700
2019-04-30,222.8952178955078,223.13124417555892,220.6166133449469,222.2052853331212,1427600
2019-05-01,219.31837463378906,222.8316177247322,219.28206823599166,222.72267082710673,1350400
2019-05-02,220.3170166015625,220.49857633011695,218.25627835956533,219.4727437782113,1237600
2019-05-03,222.06907653808594,222.30511663985916,220.34423842819163,220.8435380448827,905900
2019-05-06,221.71499633789062,222.25968926411122,219.74504528970868,220.46222477096967,1194900
2019-05-07,218.03834533691406,220.36235639430856,216.2590410369235,219.43638399616552,1775200
2019-05-08,219.09144592285156,220.6438112545988,216.23184234324975,217.47554092486249,1611900
2019-05-09,221.62197875976562,222.15903119008047,218.60900712076455,219.06413912398588,1919300
2019-05-10,224.85342407226562,226.24612692386071,218.49067351669407,221.1395451715031,2036500
2019-05-13,220.21112060546875,222.95101093443506,219.07329031925732,222.21369913129485,1962800
2019-05-14,220.9483642578125,223.0965877311484,220.11092309221044,220.54784589827986,1635100
2019-05-15,222.71432495117188,223.37881388276472,219.58301409450056,220.38405098049418,1194800
2019-05-16,225.23574829101562,227.3202469423833,223.205863262636,223.58817251308008,1800600
2019-05-17,226.06414794921875,227.61159450519128,223.55180955315092,223.8157939823618,1672000
2019-05-20,226.56468200683594,227.51136425288942,224.9717201617792,224.9717201617792,1600500
2019-05-21,227.50230407714844,228.32155011610163,225.83653296595273,226.75589472382111,1504200
2019-05-22,227.11997985839844,228.48537594387776,226.78318660196226,228.48537594387776,1242300
2019-05-23,226.22796630859375,227.49323302341637,224.9991040513105,226.31899828673687,1822800
2019-05-24,225.10833740234375,227.16552947551082,224.6258984918686,226.75591336712068,1340200
2019-05-28,224.20712280273438,227.74804919428286,224.05237959003998,226.27342596429122,3164100
2019-05-29,219.09144592285156,222.80532473570864,217.47117710262086,222.2227563271934,2594900
2019-05-30,219.8651580810547,221.72210439919348,219.14605564018973,220.42041967065657,2030300
2019-05-31,218.08108520507812,219.06417214697555,212.1370614581332,217.53492116307,4058100
2019-06-03,219.43734741210938,219.86515871036286,216.7156530733975,218.26309908325817,2512500
2019-06-04,223.5699462890625,223.76110784446723,220.73902463405093,221.19415664360568,1761500
2019-06-05,225.70907592773438,226.4372760431377,223.03289744609387,224.0159842693206,1825500
2019-06-06,228.66741943359375,229.33190824674853,225.50880232693768,225.74546596037646,1487800
2019-06-07,233.0366973876953,233.57374981849182,228.49447499124295,228.62191139667817,2270200
2019-06-10,233.8013153076172,235.6036202594441,233.12770105396658,233.39168539362765,1839500
2019-06-11,234.03797912597656,236.32275080580882,233.21874702781085,235.67647110136255,1613500
2019-06-12,234.14718627929688,235.53077736714093,232.81819491203743,234.4657564119167,1071700
2019-06-13,236.40469360351562,236.55033920037727,234.43851971446924,234.58416531133088,1228500
2019-06-14,236.80520629882812,237.76100029644607,235.6764876743851,236.66867223604171,1287800
2019-06-17,237.97032165527344,238.71674483612867,237.0600576139536,237.6972535544991,1191900
2019-06-18,239.1627655029297,240.4917710051527,238.53468109163285,239.95469077481158,2763200
2019-06-19,240.00018310546875,240.40070144362247,237.5242641873592,238.77132128518116,1628400
2019-06-20,243.35911560058594,243.7596340316993,240.81035942267775,241.21998938419787,1745100
2019-06-21,242.2485809326172,244.80642074212383,242.12113062911345,242.83113549119975,2964000
2019-06-24,242.8311309814453,243.92345895470172,242.60356496860473,243.32268134731612,1586100
2019-06-25,242.45791625976562,243.1133074794556,241.54765222014362,242.7765142294441,1182400
2019-06-26,240.682861328125,242.87660048010122,240.61913619339663,242.53980730946188,1334400
2019-06-27,241.74789428710938,242.56715408795057,239.390313925059,241.1289214510066,1122900
2019-06-28,240.54638671875,242.48525358970886,239.72712685058679,241.67510525134213,1952500
2019-07-01,239.90008544921875,243.04050761428374,238.34354166173458,242.52165042543737,1955800
2019-07-02,241.6477813720703,241.73881332644217,238.18878933835862,240.23688330598978,1201300
2019-07-03,244.98843383789062,245.00662911502113,241.34737832025746,241.34737832025746,986500
2019-07-05,244.17835998535156,244.50604174774963,242.37602695498967,244.1328578891488,1081500
2019-07-08,245.22511291503906,245.48909724980533,243.3590828504713,244.25112378049482,1236000
2019-07-09,245.74398803710938,246.48129969932782,244.39678723526296,245.1887125184565,1400300
2019-07-10,247.0639190673828,247.1640347944947,245.17055399288452,245.81683379068087,1257000
2019-07-11,251.72447204589844,251.9338150352965,247.4189123383911,247.89223972644228,1985600
2019-07-12,254.3641357421875,254.87388128242847,251.24193736344938,251.6879577663981,2046400
2019-07-15,255.40188598632812,255.51114101146499,253.87264898307794,254.819331414209,1568000
2019-07-16,255.46559143066406,256.1209826356451,254.6736661786148,255.78418939319224,1379200
2019-07-17,256.2939147949219,257.468163065144,255.07416443895244,255.8296712924745,1716600
2019-07-18,257.5228576660156,257.6593917452462,254.13667360579873,256.87657783828445,1696100
2019-07-19,256.2485046386719,258.79723349400507,256.1028590213584,257.66851468365195,1607600
2019-07-22,255.02867126464844,256.9857332640367,254.25494132655018,255.9844373311479,1459100
2019-07-23,254.96495056152344,256.76725549307366,253.98184989063003,256.55791255281224,1117800
2019-07-24,255.62945556640625,256.0026671817488,253.97279601268974,254.71919146431893,1257100
2019-07-25,254.6918487548828,256.6398269927388,254.27313510507383,255.96624054143066,1600200
2019-07-26,256.1209411621094,256.4850411550173,254.07284745057225,254.69182021642064,1447700
2019-07-29,254.99224853515625,256.0572418161625,254.45519613018743,255.7932852676696,1257400
2019-07-30,254.41879272460938,255.3927818896692,254.0546926736585,255.11968601716612,978200
2019-07-31,250.89613342285156,254.61911077913274,248.1653407408699,253.9819147083798,1886900
2019-08-01,249.9312744140625,255.7205420025424,249.69459680780807,251.00537961634348,2634300
2019-08-02,248.04693603515625,250.2679823819787,246.22640806425602,249.68540009734554,1969200
2019-08-05,241.31097412109375,246.27189588701225,239.1354299879377,245.85318225609313,3329800
2019-08-06,245.14321899414062,245.98067417678223,240.35522100826793,242.55807232111152,2383000
2019-08-07,249.6854248046875,250.19517046465668,239.93650433395788,244.11461310712772,3037500
2019-08-08,250.14056396484375,250.1769823070371,246.68157149098366,248.5385180360625,2046700
2019-08-09,249.35769653320312,250.7503991976695,247.50986191591696,249.94025098770646,1284300
2019-08-12,246.96371459960938,250.3043955804051,245.13407513712318,249.43963370036144,1638600
2019-08-13,251.46946716308594,253.19896269581753,245.78031884551842,246.84531185430214,1724600
2019-08-14,244.08729553222656,250.65029144920524,243.95076148272983,249.41234569502976,2122100
2019-08-15,247.15487670898438,248.4747706496006,244.65165065399407,246.25372421848493,1623200
2019-08-16,249.50347900390625,251.29670099318906,248.90270116302793,249.50347900390625,1230800
2019-08-19,250.8778839111328,252.48906920224243,249.9130061542121,251.6061118836576,1313400
2019-08-20,248.4746856689453,251.5604651962603,248.365458468551,251.48765632234537,1390600
2019-08-21,250.9415740966797,251.72441558566683,250.04953315085254,250.69581281592068,1682300
2019-08-22,254.80108642578125,255.77504769937488,252.0247648272311,252.1522151088331,2345500
2019-08-23,249.42144775390625,254.99225899427444,248.22900413515663,253.24453988991738,1984300
2019-08-26,253.47218322753906,253.5359083940124,250.9507611764112,251.00537481079945,1426400
2019-08-27,266.1429748535156,267.1078524062562,255.18338925294904,255.7841667860037,5169000
2019-08-28,268.0635986328125,273.0336593721932,266.17937353085597,267.3900122571879,5162100
2019-08-29,270.55419921875,271.61244467224157,267.0784234726078,271.384375251416,2613100
2019-08-30,268.9029846191406,272.11419211080675,267.14226749373694,271.8587554676118,1801000
2019-09-03,266.4306335449219,268.20958581150427,264.98011565639314,266.9050356642772,1842900
2019-09-04,270.1436767578125,270.30788006737214,267.9998185257611,268.20965242609185,1375700
2019-09-05,270.9190979003906,273.4187297807201,270.654529583555,272.2510154891241,1865300
2019-09-06,277.1133728027344,277.91618131379283,272.1232146556047,272.95339037315404,3018100
2019-09-09,272.7710266113281,280.3794191297935,272.05031944801686,277.78855385668703,3397200
2019-09-10,270.94647216796875,272.0868192730528,268.7387479227036,271.2931421423952,2725000
2019-09-11,265.1899719238281,269.79696256604325,262.56260803928075,268.4832806237696,4754700
2019-09-12,264.4601745605469,267.0692752093984,263.3562985871062,264.8706827882488,2942600
2019-09-13,266.2938537597656,268.27350860890806,264.42369562011277,264.7429983816526,2306300
2019-09-16,263.36541748046875,265.8194464042734,263.04611475854017,265.08050378979715,1508900
2019-09-17,265.84686279296875,266.1935327928732,263.36546619631855,264.1591433853065,1758900
2019-09-18,266.77728271484375,267.8172923505943,263.46571118274034,265.1990605756579,1666000
2019-09-19,262.580810546875,264.3415272134108,259.73450931005897,264.0951944798987,3004700
2019-09-20,261.23980712890625,264.0222705873,261.0391327784455,263.4201640144066,3409500
2019-09-23,262.3436279296875,262.8545010646164,260.6832763209197,261.23975219127163,2025400
2019-09-24,262.6539001464844,266.95072071401404,261.27635178360725,263.9219517892484,2483200
2019-09-25,263.2012939453125,264.2686434493979,261.70514489346965,262.9732244806177,1827800
2019-09-26,262.9731140136719,264.38713296458906,261.4587300633836,264.0404630693967,1877300
2019-09-27,260.8658142089844,264.13175605953114,259.4517670980967,264.13175605953114,1538100
2019-09-30,262.8363342285156,263.30160479889884,261.4314465117446,262.4623248434912,2151500
2019-10-01,259.0229187011719,263.35623640472113,258.33871064271676,262.7723933385646,2648900
2019-10-02,260.0994567871094,260.7198267225127,257.46298896353244,258.384398261298,2480600
2019-10-03,263.64825439453125,265.3450775472608,256.8974050058174,260.35494527228457,3590200
2019-10-04,266.0840148925781,266.3394515022068,258.46649150616577,262.59910784367776,4513300
2019-10-07,267.6713562011719,269.75134787757776,265.0166252204102,265.50926288707245,1988700
2019-10-08,266.28472900390625,269.6510078228376,264.97104699824854,267.251741058001,2201100
2019-10-09,270.8553161621094,272.3788325792962,267.39777495700645,267.39777495700645,2235500
2019-10-10,271.0742492675781,273.20897606071327,270.27144031826026,272.43353433282624,1637500
2019-10-11,271.4938049316406,274.3766053356352,271.2748393877097,271.9225764945243,1855500
2019-10-14,271.4208984375,273.9935286801847,271.40266290291396,271.85880183216256,1297600
2019-10-15,272.21453857421875,273.3548856251034,271.1562931701373,272.15067245764817,1580700
2019-10-16,272.57025146484375,272.7435864050828,269.1948138123439,270.7639321173252,1811100
2019-10-17,275.8727111816406,276.06428166182127,272.6341371840391,272.6341371840391,1734600
2019-10-18,276.2923889160156,277.3323987748632,274.57733036224687,275.5078435197654,1853900
2019-10-21,274.66851806640625,276.8853737165802,273.8383699787364,276.4201032476977,1322900
2019-10-22,273.6558837890625,278.13516967129806,273.6376482615758,275.15200441747214,1955600
2019-10-23,271.2384033203125,273.7289035395995,271.110671083167,273.30013192140467,1798700
2019-10-24,270.99212646484375,272.1142382522797,268.7205635083751,269.16757074963726,2056700
2019-10-25,270.4903869628906,271.1745953616163,269.2223073671404,269.5963446326384,1686200
2019-10-28,272.7163391113281,272.8531752189223,269.3135327530997,269.7605678252541,1672600
2019-10-29,269.90643310546875,272.7162636597283,269.8608303623909,272.050290999676,1295300
2019-10-30,273.53729248046875,273.9113296103055,270.0067828780234,270.87345767160855,1264300
2019-10-31,271.63568115234375,273.93048188607816,269.2951785948342,272.7785057566352,2277400
2019-11-01,270.7030334472656,272.8332732459952,270.16362380707125,272.4401205412945,1364500
2019-11-04,271.3705139160156,272.6504716472789,269.86199130770586,271.6813588006806,1651600
2019-11-05,273.52813720703125,273.9944184576628,270.4470873060774,271.617338293107,2204500
2019-11-06,275.7132873535156,275.78641584855126,272.3853688590989,274.2504663438928,1675000
2019-11-07,279.0411376953125,280.7691015645374,276.5452270855247,277.8708866366207,2399400
2019-11-08,276.67315673828125,278.19998211103183,275.44805257198726,276.78286339481787,1501600
2019-11-11,275.0458068847656,276.4080445235529,274.00356563052804,275.6949232756059,1160900
2019-11-12,274.7350158691406,276.7738248665357,273.05278151609724,275.0367092673702,1540800
2019-11-13,276.92926025390625,277.9349515139248,273.83905797357295,274.4424727295841,1517900
2019-11-14,278.47430419921875,279.6628583173067,276.35321541391204,278.2914690355804,1336400
2019-11-15,277.62408447265625,279.2514655090295,275.7407118541903,279.1326072921668,1706100
2019-11-18,278.4285888671875,280.11082295632235,276.7920565914971,277.1211766106607,1241300
2019-11-19,276.3258056640625,278.52005096996976,275.6035606868396,278.392041236697,1761400
2019-11-20,274.79901123046875,277.17609174092894,272.4585089158278,276.5086721969225,1979500
2019-11-21,274.5247497558594,275.9875708543591,273.83905498165564,274.9087511058499,1302500
2019-11-22,273.64703369140625,276.0515408600472,271.74538603425765,276.0515408600472,1277300
2019-11-25,273.4093017578125,274.85384744225723,272.0379124604465,274.54300254963937,1613000
2019-11-26,275.41156005859375,275.51214312569465,273.19906739424755,273.6013438606722,3359100
2019-11-27,274.9727478027344,276.8286938203397,274.7990362330233,275.9418608227062,1906500
2019-11-29,274.1041564941406,275.0915724436472,273.9670231403168,275.0275675782002,981600
2019-12-02,271.89166259765625,274.4607297164854,269.0391493477189,274.04930175612293,2705500
2019-12-03,270.31915283203125,270.79455778780675,267.60380065754777,269.8254448273099,1921400
2019-12-04,271.09625244140625,271.68139199060204,269.8437212263338,270.65742568049876,1742000
2019-12-05,267.9695129394531,271.6539782671453,267.42095156118074,271.6539782671453,1941100
2019-12-06,269.660888671875,270.6116985971036,269.03004729593107,269.6883153446991,1462000
2019-12-09,269.8529357910156,271.7088821368916,269.29522278408956,269.7066508695431,1960000
2019-12-10,270.41973876953125,271.2517184625549,269.2951892699733,270.6483036994501,1565900
2019-12-11,269.9808044433594,270.9407936065166,267.9237206807165,270.6207972187975,1749800
2019-12-12,271.8459777832031,272.22997913637045,268.90206041222683,269.95345349450577,2742700
2019-12-13,266.84490966796875,269.7065463013577,264.31242095552756,269.377426281395,5195600
2019-12-16,268.335205078125,269.2128865226621,267.7409418906883,267.9055019301034,2410000
2019-12-17,270.20941162109375,270.89510631602224,267.6494959204228,268.3351906153513,2474100
2019-12-18,266.84490966796875,270.9499258003081,266.7992078544134,270.6116542572403,3309800
2019-12-19,268.52728271484375,268.6187142902522,266.506776033014,267.01875937410205,2333600
2019-12-20,269.5511779785156,269.7248895554664,267.67695673372083,268.65522131949797,4866500
2019-12-23,268.16143798828125,269.9899568946967,267.90544645742244,269.6242586936105,1309800
2019-12-24,269.0025634765625,269.20370166820624,268.2071343316642,268.7099937612654,543600
2019-12-26,270.3740234375,270.3740234375,268.70091260951807,269.24032246906137,1101800
2019-12-27,268.8929443359375,270.8951755892175,268.0426893930366,270.822047079493,1439100
2019-12-30,269.8346252441406,270.2643005245478,268.48151082375693,268.9752188813417,1238900
2019-12-31,268.71923828125,270.11805458419286,267.1284073418884,269.70662653585947,1550700
2020-01-02,266.49761962890625,269.32267948103964,266.049641188901,268.8472743590136,2103600
2020-01-03,266.7170104980469,267.786678795373,264.5227647477491,265.1810328926397,1926000
2020-01-06,266.7901611328125,267.02787761904517,263.8736700170962,265.63818480844924,2655100
2020-01-07,266.3695068359375,266.6803517130705,264.47698300361253,266.3420801673959,1963400
2020-01-08,269.4231872558594,270.14546021513473,265.59243696565244,266.04041528040983,2492800
2020-01-09,273.7477111816406,276.06991123592934,272.184306665937,272.9522816328275,3261200
2020-01-10,271.75445556640625,274.52466043683916,271.2241973899826,274.2778204427944,2024200
2020-01-13,274.1590270996094,274.8721484853864,271.3522433769913,271.4619779679479,1778600
2020-01-14,274.04931640625,275.19214091169727,272.97962039271624,273.5921866040711,1459900
2020-01-15,275.0275573730469,275.2286955848542,272.48591700620113,272.7693352272497,1604000
2020-01-16,277.0481262207031,277.98981263116855,275.1739049254348,275.54875476468703,1758600
2020-01-17,278.5565490722656,279.1233854397234,277.0480266328415,277.3862981488416,2506500
2020-01-21,286.40093994140625,286.47406842498356,279.5439936903746,279.94627010251395,3585900
2020-01-22,285.1484375,286.67523539386497,283.61246018091146,286.5289505110476,2218900
2020-01-23,286.053466796875,286.5288716093776,284.0878147958408,285.26718925587284,1535900
2020-01-24,283.88677978515625,287.3335287055037,282.5976702990445,287.09581226237935,1986100
2020-01-27,282.9175720214844,285.0386325462511,279.443369689452,279.9004993725367,2265100
2020-01-28,284.1976318359375,284.9838817813413,282.5976773693216,283.88678688768545,1571700
2020-01-29,283.0364074707031,285.2215007882203,282.8627238568625,284.2066583647302,1713700
2020-01-30,282.9359130859375,283.09134949083347,280.37599742461913,282.35992508689384,1232600
2020-01-31,279.32452392578125,282.6707167028423,278.446842707514,282.09472881239157,1837000
2020-02-03,276.1063537597656,282.12216866127716,275.8046604178519,280.67765100744384,2816800
2020-02-04,278.7576904296875,279.6811013683989,276.801189787457,278.45599709876274,1982300
2020-02-05,282.46051025390625,283.04562188042985,279.2148719830269,280.67769290081844,1731800
2020-02-06,284.57684326171875,285.7037633871948,282.04818604231855,283.42246660322655,1917900
2020-02-07,287.34381103515625,287.50871802942396,283.2117975999472,284.01804685167735,1903500
2020-02-10,287.49041748046875,290.37640185122854,286.40015236887683,287.46293298016883,2336300
2020-02-11,284.64105224609375,288.0767544834012,284.4486607495531,287.7102851700517,2047500
2020-02-12,288.7088317871094,289.03867363343767,284.72341289947025,284.72341289947025,1384600
2020-02-13,291.53076171875,292.0713087809689,287.2613262532887,288.4615291805534,1438000
2020-02-14,291.6315612792969,293.0058421541488,290.38556004014276,292.1446239024563,1113400
2020-02-18,295.0580139160156,296.36818258324035,291.90632838053887,292.2636547333661,1547100
2020-02-19,295.9468078613281,297.330259614084,294.76494639024907,295.08558957336555,1413600
2020-02-20,296.91790771484375,297.8249519707181,294.1052345232594,295.30543740626734,1427500
2020-02-21,294.9664306640625,297.99900754974783,294.1235262793678,295.52529134145254,2239000
2020-02-24,287.3345947265625,293.17987291640316,287.00478079024106,289.05703095351623,2300400
2020-02-25,279.31805419921875,290.03745819474443,278.8874449935224,288.59903723530977,2881800
2020-02-26,280.06927490234375,285.2090718112271,279.14391685843094,281.77336971925206,2236000
2020-02-27,268.5619812011719,279.4371197145238,268.4428723814934,276.6702442012452,3625300
2020-02-28,257.57684326171875,263.2480154355272,248.54322431829095,261.34235865457805,7091800
2020-03-02,283.23016357421875,283.56914841149984,266.95866770617937,269.76219868887284,7563800
2020-03-03,277.35736083984375,287.83854463398404,275.79983141749983,283.230124141057,5131400
2020-03-04,293.8578796386719,294.0686127645493,279.4554154393758,282.4513655394179,4219300
2020-03-05,289.2952575683594,297.3118949683963,286.9498207486764,289.30440042700127,6407700
2020-03-06,285.2456970214844,290.8802422656383,277.3756529486554,285.9786634996308,6185500
2020-03-09,276.6702880859375,284.32043070076264,268.442914961182,271.054054708912,5203100
2020-03-10,283.4683532714844,283.7707107467749,269.74388501265094,282.1582121047408,4245500
2020-03-11,272.50152587890625,281.99323889369924,269.5330885846137,275.6440409611788,3622700
2020-03-12,256.3950500488281,270.85248613439927,253.1792233205757,256.93559726084476,7307600
2020-03-13,276.93597412109375,277.8338478995451,254.94747502929133,264.6224123928986,6100100
2020-03-16,259.4458923339844,274.42555909331435,256.0835008670628,258.2090339850827,5465500
2020-03-17,281.26031494140625,281.44356357533985,262.30439850137645,264.7781152604,7170600
2020-03-18,281.7275390625,291.3475038109756,271.19138719512193,273.0237614329268,6701800
2020-03-19,279.6386413574219,287.5453408878782,277.26572000838905,284.3936548740724,5429500
2020-03-20,266.0790100097656,282.19473411714006,262.96395220288383,282.1122806518716,6581200
2020-03-23,261.59893798828125,270.88908989721335,255.08486022050644,267.53584128889077,5646400
2020-03-24,261.0583801269531,272.4282665087925,259.1252106171603,269.8995809175274,7124200
2020-03-25,257.3203430175781,266.3539640313731,255.80863961529812,260.38957596149,5639600
2020-03-26,267.8014831542969,269.1116519812553,257.32030029750075,257.76008017925733,5463100
2020-03-27,260.4994812011719,268.89175888720433,259.5832940471484,263.0648220083254,4250400
2020-03-30,266.7204284667969,267.2334910913973,261.8829608921243,263.394664266744,4396000
2020-03-31,261.232421875,267.0868426713426,260.19712601973214,263.33049807904683,5618600
2020-04-01,262.74407958984375,264.5947670730642,257.35689611298164,258.6945211660062,3745800
2020-04-02,267.0502014160156,268.24123335256564,259.1160185044532,260.54526801223676,3500600
2020-04-03,264.4574279785156,267.8381609614468,261.8462888834318,264.9246923946357,2650100
2020-04-06,279.5469665527344,279.8859512613877,265.30027021352225,268.44278484106894,5272500
2020-04-07,278.1820068359375,284.0181165640201,277.806366616916,280.811460409265,4036500
2020-04-08,280.32574462890625,281.6542269965742,276.94501227624806,279.5378092497917,3964400
2020-04-09,274.86529541015625,278.84154399074606,272.6389395515032,274.35223288103566,6487600
2020-04-13,274.5080261230469,278.4751326706162,272.71230689762905,273.5551835308629,3120400
2020-04-14,287.81097412109375,288.3698347247939,276.00131123381783,277.3755916217041,4288300
2020-04-15,284.2654113769531,287.45375311045314,281.10458210270406,285.5206114106453,2937300
2020-04-16,294.6091613769531,295.5894884165372,285.8870690740241,288.35161494223416,3940000
2020-04-17,291.2742919921875,295.1314328722151,287.7011389914988,294.3801525416218,3688000
2020-04-20,285.92376708984375,291.69576480065956,285.41987517627933,291.30181090752217,3156300
2020-04-21,276.0746765136719,285.74963906309364,274.2606437530045,285.0624986634919,3833000
2020-04-22,283.48663330078125,285.0533054600998,276.72516782608443,278.52088676728397,2970600
2020-04-23,279.8035888671875,283.68824193522244,279.24472804880304,281.2969786026063,2625200
2020-04-24,284.5218811035156,284.7784123626485,279.90431843912353,281.5717576435822,2019400
2020-04-27,282.9002685546875,287.03228157017924,281.81000360363674,286.8123776403435,2287300
2020-04-28,279.3913269042969,285.18160936151787,278.7774691140853,284.7784847147736,2425900
2020-04-29,281.3519287109375,282.8086630287061,275.8822899148781,279.39130260846554,3667700
2020-04-30,278.2389831542969,282.7385518645941,277.84412927682763,281.1315610377954,3794300
2020-05-01,277.2472229003906,279.91023038075036,275.6493959932203,277.1186501966339,2525400
2020-05-04,279.60711669921875,280.5621359113916,275.54833408893546,278.2388882296296,2477500
2020-05-05,282.75689697265625,284.48324048629917,278.6429909267446,280.13060060611446,2460900
2020-05-06,283.64764404296875,285.6219412831649,281.48967951469655,284.5934717268037,2406700
2020-05-07,280.07550048828125,284.5475212090084,279.6439076124828,284.06083375533706,2601800
2020-05-08,280.938720703125,282.07737948376746,278.8817814803657,280.9019816388057,2337400
2020-05-11,284.9699401855469,286.3473607661352,280.0755180529484,280.6632309520389,1865900
2020-05-12,279.9285888671875,286.0902423965654,279.8826860574695,285.43827117062597,2264900
2020-05-13,277.4492492675781,281.36110465568794,275.59430495276007,279.92858949547417,2954900
2020-05-14,275.2453308105469,278.1287444317435,270.470290018682,276.4115647379632,3718900
2020-05-15,274.75872802734375,275.3280575104709,271.682482440057,274.6301833168149,4577200
2020-05-18,278.0185852050781,278.41343905470575,275.4106722100324,277.0635657344281,3987300
2020-05-19,279.7357177734375,283.76695350917,278.3766529113523,279.7265260033329,3523000
2020-05-20,279.9928894042969,282.75692246746405,278.42263771490144,281.70087755351733,2827000
2020-05-21,277.2930908203125,280.11221794000085,276.63192791314924,279.8826478753426,2492100
2020-05-22,277.7154846191406,279.1020967409408,276.24623063907063,277.3298226138816,2366400
2020-05-26,279.89178466796875,281.8201786301295,278.72557894034003,281.0029238509672,3234600
2020-05-27,281.00299072265625,281.27846362979767,274.997429133732,279.6714729495213,2980200
2020-05-28,284.26287841796875,285.58520443603106,281.8202491908173,282.1416529355966,4301900
2020-05-29,283.2619323730469,283.6384306683415,277.64206127975433,279.3408854821403,4971800
2020-06-01,283.0966491699219,284.4281388266232,281.41618048232584,282.7385063918897,2293700
2020-06-02,281.9947204589844,283.76699487881274,279.8184004272987,282.78445616350325,2528900
2020-06-03,281.58154296875,283.0140582915787,280.9203798948524,282.3712507389545,2165900
2020-06-04,285.35565185546875,289.5797475600797,283.8313029348455,285.4474855058573,4553900
2020-06-05,286.54022216796875,288.0002846324904,282.17839029376563,287.5411444352058,4375600
2020-06-08,282.0865783691406,285.8515338814995,281.41622354096074,285.2730127045861,3764500
2020-06-09,280.58056640625,283.38133845439853,280.23164339241714,282.37122440463503,3155800
2020-06-10,282.215087890625,283.40886916092137,280.6723836269142,281.4345720113721,2713700
2020-06-11,276.2462463378906,283.93227587803585,276.0717988651999,281.90285626722226,3443000
2020-06-12,274.2903137207031,280.21320434270507,272.0405159656887,277.93588732564655,4020000
2020-06-15,272.8945007324219,273.7117835546705,269.8274482539895,272.77511982367207,3266800
2020-06-16,276.73297119140625,278.00020264230324,274.76786568430214,276.7238074434088,2633800
2020-06-17,275.1259765625,277.32068016484646,274.4740053266275,276.4207552863778,2188400
2020-06-18,275.08917236328125,276.22783070347884,273.4546349295171,275.48402607497115,1881800
2020-06-19,275.39227294921875,277.22883365981534,274.2352587576538,275.6493903277546,3438000
2020-06-22,275.8973388671875,276.84316649474187,273.8771109133374,275.20862861342385,2094400
2020-06-23,276.668701171875,279.98367986396585,276.1544664053661,277.07274677751667,2409600
2020-06-24,273.666015625,276.65961980037713,272.36207266948156,276.1912876561127,2398100
2020-06-25,275.9709167480469,276.5402463376537,271.2601319472543,272.7844813775881,2274300
2020-06-26,272.3252258300781,277.43086247434456,271.7650882525733,275.8606108793713,2866000
2020-06-29,276.94415283203125,276.98089189073335,272.57312962827655,273.13329518464326,1841700
2020-06-30,278.43182373046875,279.72660260376296,275.612723881611,276.41162343618254,2391700
2020-07-01,279.845947265625,280.60810765457796,276.17282572645354,277.7798163998411,1906100
2020-07-02,280.7550354003906,283.675188317061,279.70821033583184,280.9937972676116,2540500
2020-07-06,286.03509521484375,286.09938155558166,282.132404300929,282.39871340992295,2332400
2020-07-07,290.3877868652344,292.0590356988856,284.40977319596044,284.68524607411985,3346600
2020-07-08,290.470458984375,292.05906612004935,288.34923353052704,291.223455628031,2364500
2020-07-09,298.93701171875,302.0958985625994,293.55587395821686,293.8497304143178,5313600
2020-07-10,299.5705871582031,300.64495939728954,296.70552913202863,299.35937260434025,2484100
2020-07-13,296.5310974121094,302.2152268906115,295.2271270090478,299.63486139721783,2583200
2020-07-14,301.1958923339844,301.80196060213297,294.26288833882,295.0617875938429,1844800
2020-07-15,300.002197265625,302.4080872644394,299.0104388085355,301.2877841325077,1770700
2020-07-16,299.6073303222656,301.1041318295941,297.57793852348993,299.9287340608927,1402000
2020-07-17,298.24822998046875,301.0122342890673,298.05537096401576,300.5530941952623,1768100
2020-07-20,299.8277587890625,300.6817528821376,296.29237345073886,298.3401489433974,1863300
2020-07-21,300.9571838378906,304.4007350462281,299.81852520591497,300.2776653670266,1874200
2020-07-22,301.471435546875,302.72031142772005,298.4503132937531,302.7111196563991,1312600
2020-07-23,299.4603576660156,303.38143225283176,298.74410019485754,301.28775441223985,1561700
2020-07-24,299.1573791503906,301.8846729823884,298.1381013865224,299.5614247568861,1423400
2020-07-27,300.82855224609375,302.114138721021,298.6063021779683,299.0654422064197,2083300
2020-07-28,300.8011169433594,303.0325315866289,299.1941262455515,301.1684234981196,1374000
2020-07-29,299.4879150390625,301.2326417977782,298.79920489559413,300.2959780675012,1341300
2020-07-30,298.9173583984375,300.4173791568895,296.32223149426767,296.9572099513298,1390300
2020-07-31,299.57073974609375,300.288537835951,296.8283685392206,298.9173662744975,2149900
2020-08-03,303.0585021972656,303.58305449313974,298.43880231172585,299.5891215128718,2480200
2020-08-04,312.693603515625,312.7212100554393,302.69043138603234,303.279380263394,3933300
2020-08-05,312.8592834472656,315.39919777641353,310.6690707238956,314.59855184972537,2923700
2020-08-06,315.932861328125,317.5985212615671,314.36841600267695,315.10463713157907,2104300
2020-08-07,313.7242431640625,317.2396252115178,312.5463174828793,315.7764226290768,1759000
2020-08-10,312.88690185546875,313.87158208087305,311.58012655547765,313.54027546347834,1503800
2020-08-11,305.92059326171875,313.66915855316756,305.34082768173465,313.66915855316756,2065600
2020-08-12,309.90533447265625,311.87466716836946,306.60161970965953,307.1353556861869,1853900
2020-08-13,308.92974853515625,312.38988973670075,308.40519621781675,310.11685777886225,1536500
2020-08-14,309.463623046875,311.74586756873504,308.8378558354545,309.69368699966003,1522900
2020-08-17,312.8501281738281,313.22743639087344,310.45745767381993,310.7243396973839,1504700
2020-08-18,313.5770263671875,315.46353869648516,309.9512178581468,313.8070902163197,1489400
2020-08-19,313.7151184082031,314.6721920651618,312.8408924664951,313.9175757570988,1730100
2020-08-20,313.68743896484375,314.41444856019314,311.7272905615137,313.01567052814744,1717500
2020-08-21,317.1293029785156,318.2612275986111,312.27035401074966,312.95136232516955,2372600
2020-08-24,316.6876220703125,318.509710517984,314.8286874444144,317.5894547495916,1461500
2020-08-25,317.22125244140625,317.4053147673928,314.2304221899166,316.6967281718837,1176200
2020-08-26,316.81640625,317.3317471733571,314.44215900196,315.6569032144335,1757000
2020-08-27,318.73968505859375,320.0096421562086,315.233513811163,318.0494934258874,2220700
2020-08-28,320.5894470214844,321.2244256483305,317.9483178758357,319.76122257724205,1487300
2020-08-31,319.93603515625,320.9391102957719,316.8347785695511,319.1906304371193,1586900
2020-09-01,323.359375,323.46058962247764,317.86544866198994,318.1415140723548,1773700
2020-09-02,330.24285888671875,331.2183555056361,323.29494143956396,325.41151775110353,2434900
2020-09-03,320.5250244140625,334.66937702528435,317.966714888267,334.1172180309744,3630400
2020-09-04,318.9329833984375,325.7520806226789,313.25499410759033,325.7520806226789,2557000
2020-09-08,311.8377380371094,317.4145117177026,311.21197109186966,316.4206201374121,2144300
2020-09-09,318.8041076660156,321.81336113930325,313.24578463960324,313.715095849773,2100900
2020-09-10,312.454345703125,320.24891083443686,311.74575908535803,318.6568587249449,1959600
2020-09-11,312.08624267578125,315.8869022681254,309.2978697193107,313.14453085166207,1599600
2020-09-14,315.57403564453125,317.34091051797526,313.3193983843057,313.7979211450364,1522300
2020-09-15,316.485107421875,320.028097106011,315.4176075535863,317.506577659685,1362500
2020-09-16,316.3194580078125,320.9483424135749,315.8777252228357,319.5771425136134,1656500
2020-09-17,311.8562316894531,315.5464657443605,309.5463810764545,312.5003937786267,2681500
2020-09-18,309.1689453125,314.00949690475466,304.78854942829304,313.0708466618449,3409300
2020-09-21,312.49114990234375,312.53715144125755,307.0984383615824,307.3377137654564,2427400
2020-09-22,316.9820251464844,317.3961232801664,312.5095687149302,313.53106694595203,2128100
2020-09-23,317.1477355957031,320.47905683302224,316.62318309131393,320.2489929013403,3577100
2020-09-24,319.3286437988281,319.63231574290137,311.3316216252755,317.4881328835611,5779300
2020-09-25,315.2610778808594,316.3561840372707,308.61683286843265,313.5678113401478,7338500
2020-09-28,321.73980712890625,321.8778398730267,315.7397498180015,316.34712197610776,3459200
2020-09-29,324.058837890625,326.03738192022706,319.42074155369835,321.1232201220439,2526000
2020-09-30,326.69073486328125,329.1754361930133,323.1661683060701,324.4453089741229,2525800
2020-10-01,329.874755859375,331.0066801563441,326.52504067463394,327.85021074973093,2053000
2020-10-02,326.699951171875,329.304262175913,324.7121956958869,326.44228072594905,2125000
2020-10-05,329.9851989746094,330.3533236352491,326.9943686527076,326.9943686527076,2093500
2020-10-06,329.7735900878906,334.05277288407416,328.56805753439306,333.0404861373281,2760400
2020-10-07,334.0711364746094,335.65397703415874,330.9790915214257,331.72449621849563,1959100
2020-10-08,335.9760437011719,336.78587295404304,332.9023940070226,335.7091617692106,1793100
2020-10-09,339.99761962890625,340.26450161132914,336.5374777359905,336.81354317713715,1730700
2020-10-12,346.4577941894531,350.3044553664574,341.20311516350176,341.41478403472235,2806900
2020-10-13,350.3228759765625,351.80450201548496,346.4578195175769,348.2431175310026,1823300
2020-10-14,348.16949462890625,353.25850689016005,346.6602900733012,352.3566743906795,1904400
2020-10-15,346.5497741699219,348.187827696353,343.3104851974196,346.4393480128089,1697800
2020-10-16,351.11431884765625,354.17875754584645,348.88728800619447,350.15724518914635,2459400
2020-10-19,345.6111145019531,352.54063651502406,344.8288917980464,351.5651680413409,1938100
2020-10-20,348.141845703125,351.6111987257,346.1264839707737,347.57129180336676,1282300
2020-10-21,347.6909484863281,350.87502473282075,346.9547272174482,348.3719285865685,1466500
2020-10-22,345.7860107421875,348.20628724693853,342.36265909331723,347.2584251871584,1813200
2020-10-23,344.7276306152344,346.49450501100523,343.77055726854724,345.65706934314926,1108000
2020-10-26,341.14794921875,342.9148523463756,336.9239793401752,337.4393202349051,2145000
2020-10-27,342.9976806640625,345.0130427471029,339.36265968002846,339.36265968002846,1525400
2020-10-28,335.8564758300781,342.71239128198476,335.58962192660357,338.03747710810745,1908300
2020-10-29,336.40960693359375,340.30977793169393,334.2428734059173,334.90673170053145,1838500
2020-10-30,329.7342834472656,335.4785042304809,328.046991574991,332.97059733005625,2724100
2020-11-02,335.9762878417969,337.147248014306,332.58321865226526,333.9754836849638,1646300
2020-11-03,342.9560241699219,345.5745688389061,339.20340803879196,340.17152194129756,2013100
2020-11-04,346.8377685546875,351.88124078707625,344.83696416267634,344.8553945123855,2449800
2020-11-05,355.1912841796875,356.43599395905454,349.90807699812177,352.65571840433876,2255800
2020-11-06,355.5877990722656,356.6388918592292,351.18975447634085,352.10254928316994,1950200
2020-11-09,336.5387268066406,359.12831257859324,336.31745007260616,357.97578269226915,4371300
2020-11-10,338.0324401855469,342.56881072417804,332.4726364955434,335.50610338628337,2662600
2020-11-11,343.8412170410156,345.48241870509196,339.4523736107695,340.8538400205394,1688800
2020-11-12,346.41357421875,348.74629344325353,344.37590938055513,347.55690293121216,1535900
2020-11-13,349.2995910644531,350.21238587853753,345.74979281043187,347.1604884948993,1274600
2020-11-16,350.1755065917969,351.54931336238064,347.52007294126565,347.52007294126565,1691500
2020-11-17,352.1394348144531,358.1879102843161,352.019567186816,357.1183590180922,3299100
2020-11-18,352.4252014160156,357.79135906811644,351.964189471262,353.03374055964275,2134600
2020-11-19,353.6330871582031,354.71183946362896,350.654939556383,353.69760745233276,1768900
2020-11-20,351.4017639160156,355.4402333259132,351.3003547875544,354.0111074561723,1807600
2020-11-23,351.9457702636719,353.1905082810113,350.68260189614233,353.13518909250195,1679600
2020-11-24,354.2601013183594,355.9473930430025,351.02378771873373,353.7714296702,2061100
2020-11-25,357.5148010253906,358.05879180126857,355.49556624245196,355.7076418891592,2034200
2020-11-27,358.10491943359375,360.20713305488846,357.51481055985636,360.01348775310225,1329400
2020-11-30,361.2213134765625,362.49371103215015,355.1912970909467,361.20288312718367,3733800
2020-12-01,366.69964599609375,367.1822045720235,360.66304380103105,363.80435229046407,2996800
2020-12-02,362.8581848144531,366.0562615717969,361.03207363051786,364.72215109092406,2212800
2020-12-03,353.9167785644531,358.34489990185426,353.1882341448778,357.6541816956531,3976400
2020-12-04,353.33013916015625,355.1089528598974,351.8730503848115,355.0143295806614,2839700
2020-12-07,353.235595703125,356.2349839703622,352.5922034588836,354.12500275397883,2652900
2020-12-08,357.2757873535156,359.0924277000291,350.7944809857953,353.8222533966213,2685500
2020-12-09,354.1438903808594,360.4927172906712,352.7340698304891,359.4330057863478,2461600
2020-12-10,352.7247314453125,354.81577097057095,351.56092532153576,354.1439945291948,2566300
2020-12-11,354.9103088378906,359.32893067191384,352.4881027345561,359.32893067191384,3483900
2020-12-14,354.2290954589844,357.8245498665451,353.1220577091693,356.2917505783221,2778400
2020-12-15,351.8636779785156,355.46860359014784,349.42252951513984,354.34265266420715,2133900
2020-12-16,349.55499267578125,352.7719828060577,348.9967527336873,351.1824152887415,2385100
2020-12-17,350.3592224121094,351.00261461723215,348.1924731220902,350.3308383111474,2314200
2020-12-18,347.2463073730469,351.37161749165904,346.2338929528914,351.125631568286,4140000
2020-12-21,345.3255920410156,346.413687834694,342.3356747003578,345.43912845427207,2329700
2020-12-22,342.5438232421875,345.1268920594213,341.2002416875332,344.502412931904,2105500
2020-12-23,342.41131591796875,343.5561796876566,340.14994360121744,342.9411716564179,1782100
2020-12-24,344.95654296875,345.6756453633641,341.9571837438004,341.9571837438004,972500
2020-12-28,351.0877990722656,351.6838941220331,345.4296604708758,345.8270667957135,3207700
2020-12-29,352.65838623046875,353.169328872074,350.330803557558,352.2136827761957,2072600
2020-12-30,354.29534912109375,355.62943087088115,353.1883113260828,354.05880529843984,1778000
2020-12-31,356.4999084472656,356.7459232515042,352.41242444979997,354.8062466699634,1628900
2021-01-04,359.68853759765625,361.01317725399474,354.6359649174217,357.1149396046363,3322200
2021-01-05,355.5158996582031,359.74530442414317,355.0522829990104,358.467961988125,2748400
2021-01-06,350.103759765625,355.57265162053983,349.75367953896597,353.6992430832885,2661400
2021-01-07,348.1167907714844,351.64600577211553,347.04760818014904,351.04046866174247,2849500
2021-01-08,350.0280456542969,350.3308286395165,344.682161704214,348.30599991020705,2599700
2021-01-11,344.417236328125,351.03099159280606,344.2752869512207,348.74123495343815,2562500
2021-01-12,344.5970458984375,345.42021376576434,340.859642020944,344.4077992938893,2387600
2021-01-13,347.1990051269531,348.89263796417515,343.4616014945837,344.7578569132861,1968800
2021-01-14,342.8465881347656,346.7732094241918,342.0991016447381,346.30012182606873,2363900
2021-01-15,342.66680908203125,345.26879084546965,341.37999581312556,341.6260106016609,2340400
2021-01-19,335.3907470703125,343.41432370606344,333.4700124389035,342.8560548901813,4533800
2021-01-20,341.85308837890625,342.42079927418183,334.38778106220525,335.3150431536546,2767200
2021-01-21,343.2723388671875,344.3982896253565,340.56629175089876,341.8530761173921,2121600
2021-01-22,342.79931640625,345.0039211330648,340.4812041328588,343.65089731788356,1960300
2021-01-25,342.4019470214844,342.47762834598365,337.61430196619176,341.4368296654894,2735900
2021-01-26,345.3351135253906,346.2055787376132,339.56343771615826,340.812396194546,1807000
2021-01-27,337.2074890136719,346.110974760554,335.7503707074675,343.4522240045805,3120800
2021-01-28,337.84136962890625,342.1464559401196,336.90466526832995,337.6426808895374,2251100
2021-01-29,333.4605712890625,337.1128231508744,332.94018639714983,335.6557050285467,2598700
2021-02-01,331.6533508300781,333.80118720913106,330.4138635155048,332.3062140873698,2371200
2021-02-02,336.44097900390625,338.4468947669099,331.8425811992761,332.82661153348846,1905000
2021-02-03,336.0909423828125,338.2860761535086,334.1985916580705,337.0560597324185,1759800
2021-02-04,337.3612365722656,339.7597851238192,335.46514984591533,338.17653997724227,3411600
2021-02-05,336.7165832519531,338.309289202036,335.70216988189304,338.0248588261002,2165600
2021-02-08,341.1344909667969,341.3336009393048,337.09584519923595,338.04388873006127,2520700
2021-02-09,340.8785400390625,342.8789269948297,339.6839958955049,341.33361136327335,2154000
2021-02-10,337.61724853515625,342.2437054709178,336.6692050296966,342.2437054709178,2162400
2021-02-11,333.9009094238281,337.9774846220699,333.132996555936,337.24750159253983,2088400
2021-02-12,334.4222717285156,334.64033210150035,331.9099627875404,333.7017495673358,2096600
2021-02-16,335.607421875,336.89674723552446,333.74926458930565,334.73520906547367,1829000
2021-02-17,339.4375305175781,339.5607808117462,333.6260187596079,334.763653693172,2143000
2021-02-18,338.3757019042969,339.589196438329,333.9767661359356,333.9767661359356,1914900
2021-02-19,336.33734130859375,339.3331618772787,336.1572107508699,338.1575973380182,1839400
2021-02-22,332.01434326171875,334.934333771043,330.69657769359765,334.4223821226819,2215600
2021-02-23,324.37310791015625,332.76329945196795,324.25934730869346,331.62563557335153,3692600
2021-02-24,322.99847412109375,324.704941070711,320.33447385343817,324.03183819893917,3305800
2021-02-25,316.5516662597656,325.17886646251543,316.0302539942094,323.1405790626317,3618100
2021-02-26,313.8023986816406,318.43834528668003,313.745518386167,318.07808412735284,3362200
2021-03-01,314.5323791503906,318.54261353993707,314.14367784655354,317.7936510797636,4653200
2021-03-02,311.39447021484375,317.3007937275679,311.356569292452,316.3527498917407,4660100
2021-03-03,307.09033203125,311.35652873678,306.93864156543583,311.119517808695,4064200
2021-03-04,302.4637756347656,308.6829380488355,298.671602019748,306.56879084294724,5501200
2021-03-05,300.8331604003906,301.8854747631831,291.0493448607426,298.9465342241195,8102800
2021-03-08,295.2397155761719,305.5828445635532,294.7656938324719,302.3405520385604,4873500
2021-03-09,302.21722412109375,303.639288986887,296.46259468717443,297.45805745241995,5426800
2021-03-10,307.0050048828125,310.38006736074084,300.83325954202815,304.45479372926576,4523500
2021-03-11,311.5744323730469,314.0393507996831,309.74471570300767,313.24299788005965,4338900
2021-03-12,313.9351806640625,314.39971278324913,308.6830108673166,311.0531199358126,3182100
2021-03-15,313.3378601074219,316.3431417397386,310.3135990890143,316.2673109913482,3243000
2021-03-16,310.2472229003906,312.88278256713875,309.66893027599895,312.54150080821717,3066700
2021-03-17,312.0864562988281,313.32839102585376,307.2798685911526,309.06219508147757,2672400
2021-03-18,306.1990966796875,311.09100455775325,305.630264799542,309.51724889321343,2736900
2021-03-19,311.8210144042969,312.1433457465923,305.6397807369968,306.79636611888367,4859300
2021-03-22,317.111083984375,318.7038191678458,311.13842107533907,311.3849216613987,4064900
2021-03-23,322.65716552734375,324.71443293429854,316.4569520868579,316.5423014737047,3641200
2021-03-24,320.4765930175781,324.71434809326166,319.32943969409286,324.43940741146895,3006400
2021-03-25,328.3453063964844,329.71049103537877,319.74654689605546,320.25849836863705,4307100
2021-03-26,333.73028564453125,334.14742712807663,326.2217968047012,328.2221548413449,3061200
2021-03-29,337.6457214355469,339.18154743425185,332.7727923894335,333.1899338868589,3012000
2021-03-30,331.57818603515625,336.33735358646356,330.7154630514034,335.2091796024782,2602400
2021-03-31,334.1663513183594,338.87812821975814,331.08521023820094,332.44090536979337,2832200
2021-04-01,336.4985046386719,338.75485241178984,333.36048350506263,334.2232064143128,2938600
2021-04-05,342.07305908203125,343.826945325322,338.29983557546996,338.925547750849,2705700
2021-04-06,341.409423828125,343.95017348853844,340.34761972717564,341.1060429615704,2142000
2021-04-07,340.16748046875,342.67978991708816,339.02981671418615,342.1204477328915,1808400
2021-04-08,342.4522705078125,347.0028676855906,340.9164446836122,343.95016649146714,2839200
2021-04-09,344.33880615234375,344.8128278123384,340.9163836545359,342.1583180891629,1610800
2021-04-12,345.8557434082031,346.27288485852625,342.5660313393312,343.98809657488977,1836600
2021-04-13,346.2349548339844,348.216362255971,345.3437916389485,346.3582051167859,1796400
2021-04-14,344.3009948730469,345.89370112153784,343.71318355877634,345.89370112153784,1509400
2021-04-15,349.6383972167969,350.3494297726325,345.343761736829,345.9220832602095,1850100
2021-04-16,351.4586486816406,353.4305662138949,349.429821928236,350.49165483389885,2249200
2021-04-19,350.3494873046875,352.22662397586043,349.0696516396082,351.7241620445052,1560000
2021-04-20,352.4161682128906,355.8575413027647,349.5720381362433,349.82799942762614,2330700
2021-04-21,354.653564453125,355.11809647715523,352.1696952872651,352.3024063232782,1531800
2021-04-22,351.97064208984375,355.93345701018586,350.804538159316,354.8906033648348,2138000
2021-04-23,353.8857116699219,355.37414705642817,351.16483118380825,351.97067402524124,1404500
2021-04-26,349.3730163574219,354.4734955443355,349.0791251565695,354.4734955443355,2059700
2021-04-27,350.9751281738281,351.6861607018692,346.3107709917917,349.04114052858745,1875900
2021-04-28,350.3874206542969,351.2501437775195,349.05067574459986,350.34949081042066,1305600
2021-04-29,354.8907165527344,356.00228710432594,350.13083564309676,350.14034566294447,1848300
2021-04-30,353.51312255859375,355.479783205496,352.79105685388413,354.292190398521,2118900
2021-05-03,360.3822326660156,360.667243391828,354.27326115968657,355.17581445407245,2685800
2021-05-04,356.55340576171875,360.2967009659787,355.090283165615,360.1066745011458,2133800
2021-05-05,353.9027099609375,358.672072956676,353.47516488822913,357.56050215798535,1905300
2021-05-06,363.650390625,363.8213970133047,354.5581740586266,354.5581740586266,2641400
2021-05-07,365.1325378417969,367.156200606303,363.1183850977326,363.7169075123079,1817100
2021-05-10,362.434326171875,368.52430543980347,362.24429972908945,366.24410410223464,1998700
2021-05-11,359.299072265625,361.90229542187836,357.22791736287064,360.37266080524466,1859700
2021-05-12,353.61773681640625,358.12108062145484,352.5821301074909,357.228008281234,2344600
2021-05-13,360.5816345214844,362.396279594708,353.01905254145436,354.46315478572313,2023100
2021-05-14,365.22760009765625,366.55769840966957,361.1232718828993,363.0614317055293,1876100
2021-05-17,364.79052734375,367.72625350969156,363.78345088529625,365.8166238447196,1830800
2021-05-18,363.69793701171875,370.0064442209503,363.4129263220104,367.15622134800105,1698200
2021-05-19,360.7052307128906,362.6718915732856,357.351469421681,358.320534819543,1725000
2021-05-20,364.42950439453125,365.32257659809574,359.3941219650447,360.2491830765089,1427300
2021-05-21,361.71234130859375,366.1111905969491,361.4368116031755,365.82615086907714,1706600
2021-05-24,364.3060302734375,366.50069975765246,362.8239165696552,365.1515813893537,1657000
2021-05-25,366.1396179199219,366.4816307317125,362.95686339392205,364.46747796726083,1379700
2021-05-26,366.36761474609375,368.3912774663746,365.7975644173723,366.5956232799967,1648000
2021-05-27,368.1537780761719,368.4102876901651,364.3534810121598,365.9021067047792,4452000
2021-05-28,359.3846130371094,366.07314456267864,358.206530124128,364.97105484016106,4681200
2021-06-01,359.3465576171875,361.21820485986734,356.7528447395767,360.96166628221437,2117800
2021-06-02,361.5887756347656,362.85239069484976,358.85255700206733,359.48911954266083,1881000
2021-06-03,364.7049560546875,365.0089867385151,359.9450753277554,360.6861609923209,1780300
2021-06-04,368.1727600097656,368.40079754385806,364.5529794654169,365.0090255396368,1765900
2021-06-07,361.408203125,367.1561691648814,359.66958017695293,366.2250860542229,2515800
2021-06-08,360.74322509765625,362.1778175818776,358.83356646711087,361.4177697356928,1553800
2021-06-09,360.9902648925781,362.71940727822806,360.20171588921585,361.2277834952014,1398900
2021-06-10,363.887939453125,364.2204422378528,360.543659613428,361.284716351731,1404000
2021-06-11,362.7668762207031,364.69552599100604,361.5317911635711,364.69552599100604,1404200
2021-06-14,364.60052490234375,364.80954240939593,360.1541551154134,361.77880305412333,1652600
2021-06-15,364.7430419921875,365.30358237142667,362.5103615026973,364.60053664051105,1252000
2021-06-16,360.4677429199219,367.14676500221714,358.29206435718567,365.2086050469508,1801700
2021-06-17,365.5411376953125,367.1752668780367,360.27771722396096,361.38931706669734,1686500
2021-06-18,361.86431884765625,365.6931172737533,361.3132594944595,365.5411019002496,3415700
2021-06-21,367.48876953125,368.29633857709547,361.5603145015542,363.1659425710918,1631600
2021-06-22,372.6001281738281,372.9041589052455,367.26071530191376,367.69774135709724,1934800
2021-06-23,372.40057373046875,373.7971839207116,371.08946673628617,373.37914896621965,1538000
2021-06-24,372.4956359863281,375.7543838612632,372.23909737041066,373.77824208401574,1487300
2021-06-25,374.8138122558594,374.8517943512797,371.716560835113,373.3506897511308,2056100
2021-06-28,376.7424621582031,377.57853216152654,373.50270539230786,375.27933965238714,1645500
2021-06-29,378.8801574707031,379.4976999982944,375.7259036758461,376.5144526275763,1523600
2021-06-30,375.9158935546875,380.47623838500147,375.27933104594837,378.10105274547016,2031700
2021-07-01,374.8327941894531,377.83503231071694,374.2152517232803,376.5144151808404,1523400
2021-07-02,379.022705078125,380.7613285719639,376.3339781361146,376.42899138032885,1676600
2021-07-06,378.94659423828125,381.3597909057431,377.2839643323696,379.877677423419,2113100
2021-07-07,384.4761047363281,385.8442142043103,379.26971553303446,379.26971553303446,2308600
2021-07-08,386.8227233886719,388.23835373084665,383.0319364259007,383.35495819020525,2235500
2021-07-09,391.78216552734375,393.33079139821234,387.24081117289126,388.1528744549236,2304200
2021-07-12,387.5163269042969,393.6633090512485,384.33357206267544,393.36878832501174,2491300
2021-07-13,386.73724365234375,388.85591978691735,384.49508221325067,384.49508221325067,1540300
2021-07-14,389.48297119140625,389.97699938997,386.9272690028625,388.1813450444422,1265800
2021-07-15,391.2596130371094,391.62064591738994,387.51631790046434,389.967496886314,1894100
2021-07-16,389.8819274902344,392.7796710678489,389.31187719677234,391.54455726635405,1413900
2021-07-19,393.4732971191406,394.5848968966825,389.57798637778126,389.58749639961366,2293100
2021-07-20,395.4588623046875,397.1975142682825,392.23812595288786,393.33070544700365,2045400
2021-07-21,394.2902526855469,396.28538505568025,391.6395378876235,396.28538505568025,1480000
2021-07-22,396.6940612792969,397.7011377937848,392.90324482030195,395.23093862856257,1339200
2021-07-23,402.2899475097656,402.82198678980967,396.2284689328715,397.4065807620829,1344500
2021-07-26,402.1000061035156,403.3065901757528,399.36378714243995,402.26150251784605,1220000
2021-07-27,403.1545104980469,403.3635279962959,400.5513162876447,402.8314887269285,1666500
2021-07-28,401.1403503417969,403.64853128085224,399.5442325629466,402.137916705087,1362700
2021-07-29,404.8049621582031,405.3475265721718,400.12182197961823,401.3782777651305,1434200
2021-07-30,409.03125,410.72555122783683,405.43323822186034,405.4713205663954,2283900
2021-08-02,408.269775390625,409.973575409975,404.99539093634786,409.887911921431,1366900
2021-08-03,414.1236572265625,415.7703481650059,408.4601070524816,409.2216086569004,1448100
2021-08-04,414.0951843261719,416.9031403473634,412.04870101112544,415.0089573832103,1280500
2021-08-05,421.8526916503906,422.14776442680125,415.7037154362362,416.67459724426664,1742600
2021-08-06,418.4642028808594,422.1097963576621,417.7693379669655,421.41496049209036,1789800
2021-08-09,419.263671875,421.46245511961195,418.15951632884116,419.4349988438049,1472500
2021-08-10,421.700439453125,422.43335755423374,419.4445471090998,419.4445471090998,1893700
2021-08-11,422.90936279296875,426.43123956045343,420.5297241793501,424.05160094683487,2267500
2021-08-12,423.9183044433594,425.12717938499213,420.95804811041256,421.67193965610574,1230700
2021-08-13,426.2598571777344,426.7738381367137,423.13777288418027,424.31806418774363,1309300
2021-08-16,431.0571594238281,431.37128792692147,425.5268826829441,426.34549331228334,1515600
2021-08-17,430.5622253417969,431.93289930538407,428.049342440766,431.0571796431905,1936700
2021-08-18,424.727294921875,433.3225460998503,424.43222213772566,429.24860706080773,2030100
2021-08-19,432.3897705078125,433.57006170965076,420.0632335336231,421.62429007001776,1953700
2021-08-20,436.8919982910156,438.443526876884,431.81862298008053,433.56050517231444,1911200
2021-08-23,433.0274658203125,436.9586323229009,432.7038385480832,435.25480343387744,1835900
2021-08-24,430.0386962890625,433.4653810366394,428.62041219801483,433.3321073569727,1541700
2021-08-25,429.5057067871094,431.01915333159315,425.7839488243276,429.1249414024701,1520600
2021-08-26,427.6780700683594,430.69546392166984,425.19374186705477,429.5056448869493,1418600
2021-08-27,428.6584777832031,429.8768513071174,425.2889021591291,427.6780680651183,1310200
2021-08-30,433.9794006347656,434.6076286484964,428.7537240842452,429.32484310112045,1219800
2021-08-31,433.560546875,434.8836396411676,430.65739992592836,434.17927603806686,1699000
2021-09-01,434.5409240722656,434.69322438958176,430.0957765693811,433.55101558218354,1325400
2021-09-02,438.7767028808594,439.22407599716627,436.3209291891705,437.3013389059729,1455000
2021-09-03,440.28070068359375,441.28016627585123,436.90162565569415,436.90162565569415,1302400
2021-09-07,437.47265625,440.89934078373886,435.5975003418371,440.2330305236202,1463400
2021-09-08,443.2790222167969,443.4027390044802,436.02586047295694,437.006270264246,1372000
2021-09-09,443.5074157714844,447.15300841904553,442.84110550981507,444.8400072465074,1398700
2021-09-10,442.7649841308594,445.84898579354154,440.899356005758,444.67822244665035,1324800
2021-09-13,437.5298767089844,445.69678363414647,436.14017589480153,444.5736011822497,1679500
2021-09-14,436.3399658203125,439.9475053280429,435.3976384243597,438.757686273227,1383900
2021-09-15,438.5482177734375,439.9950270914456,434.1792062795709,436.1780787832506,1770300
2021-09-16,441.0039978027344,441.44184302885407,434.5885035242306,438.60533333336315,1577500
2021-09-17,437.3871154785156,440.5377547543231,435.01697560988924,439.39551657317855,3411400
2021-09-20,429.419921875,438.75761804120697,425.1175182509379,434.6455970556354,2602000
2021-09-21,430.3432922363281,434.84557833068993,428.48719180229926,429.42002046777606,1531300
2021-09-22,430.55267333984375,433.42729479169947,428.1825630579136,432.8085946875859,1380800
2021-09-23,430.98101806640625,433.6176466462101,429.38190822121794,430.5241170899309,2061200
2021-09-24,445.2303161621094,446.15361696418586,433.094161098364,434.0269897488936,3353800
2021-09-27,438.386474609375,447.83839076602914,435.22630804202913,443.13622326053644,2526000
2021-09-28,425.8123779296875,435.4737012292645,424.2132683590634,435.1310473419788,2632700
2021-09-29,430.0386962890625,434.04599880237134,427.28782064293415,428.2111214075824,1922000
2021-09-30,427.7160949707031,433.43672436853024,427.66848478671835,431.780505790083,1836400
2021-10-01,426.7452392578125,429.36284112051953,419.5397172979174,428.077859808389,1860700
2021-10-04,418.9495849609375,427.71616370675036,415.17071844493466,426.7547806058454,2264000
2021-10-05,424.75592041015625,427.4877406061305,418.10246083540915,418.41656031840716,1808700
2021-10-06,427.7066345214844,428.1254531553226,421.08173011544244,422.55709413352,1334600
2021-10-07,431.06671142578125,437.4631802981254,430.30523879386936,434.4933963660226,1966200
2021-10-08,430.09576416015625,433.80799351164626,428.3348262868696,433.5129207329582,1545800
2021-10-11,428.0493469238281,431.84724033653805,427.8970465875768,428.37297424524246,1011700
2021-10-12,425.3554992675781,431.04760342876295,424.28942616476525,428.47758294652147,1380900
2021-10-13,423.86114501953125,428.82033194844195,422.6903816147983,426.945175882897,1621500
2021-10-14,428.9631042480469,429.9530418734161,425.0033827948876,425.58400057287054,1480400
2021-10-15,430.6098327636719,432.08519685815725,427.5543563383414,432.0376157125229,1494800
2021-10-18,439.7095642089844,440.0903005165106,426.9070988991475,427.9636443311566,2141300
2021-10-19,444.5925598144531,444.6687245053525,438.14850990430267,440.70900297982195,1365300
2021-10-20,447.15301513671875,449.75159033828925,445.3159415382555,445.96319611465975,1352900
2021-10-21,454.25390625,454.653669200998,446.49626247049594,447.1530449383106,1423300
2021-10-22,458.7846984863281,461.6783465535829,455.52936982794364,455.92913276225636,1710300
2021-10-25,466.5042724609375,468.5126731323833,456.4146008147029,458.7847111355679,1903400
2021-10-26,462.154296875,464.7433444205969,458.0613307554464,458.9179947050834,2378600
2021-10-27,465.5619201660156,467.83686821916507,460.2791350028069,460.55518116641434,1741800
2021-10-28,467.66888427734375,468.90828623486885,463.80764586748506,464.2652568818039,1362400
2021-10-29,468.6318359375,471.13926970755165,463.9792631909066,464.0936659477393,2471600
2021-11-01,468.94647216796875,471.8257441689385,464.49413306913686,471.1202119665182,1548700
2021-11-02,473.8278503417969,476.2113382371886,469.75686349077984,471.68271123594434,2012200
2021-11-03,478.9189453125,479.5195888776535,472.6456183887717,477.97509347886404,1856000
2021-11-04,491.58953857421875,495.9656473467467,482.42742634153484,483.38082136738615,2615000
2021-11-05,489.20611572265625,493.76337248056274,484.92538080081874,490.7792409996526,2071700
2021-11-08,480.3299865722656,489.4825563240224,476.88824420144175,489.4825563240224,2834800
2021-11-09,485.0015563964844,485.37339440770285,480.5682755195386,481.578871879606,1881800
2021-11-10,481.9507751464844,486.5747181900016,480.29184785726295,484.5726117195471,1226600
2021-11-11,488.3099365234375,488.61502996404596,480.5493148844,482.60865196553954,1227300
2021-11-12,493.0673522949219,495.4412969024471,489.31097308496066,490.28345475671676,1780200
2021-11-15,495.66064453125,498.7210058814815,493.8682568998644,494.325867974899,1392300
2021-11-16,502.1722717285156,503.67865237764414,493.29616509913353,495.6129665502249,1690700
2021-11-17,501.7623596191406,506.00498007279856,500.06534635205395,502.9159888074956,1609400
2021-11-18,504.69879150390625,506.06213960066884,498.13942814382807,503.54516241097366,1664200
2021-11-19,508.9127502441406,510.33335782539245,503.40215681699226,509.1892720655517,1909800
2021-11-22,514.4996948242188,520.0007450439642,507.5112923686167,508.46468747942555,2190500
2021-11-23,519.84814453125,520.3820433805387,508.89364576544193,512.8883729703266,2147000
2021-11-24,524.1098022460938,525.1585716354825,517.9985660455169,520.1150749636131,2316400
2021-11-26,520.677734375,528.7053058065992,518.942548097653,523.9383297228851,1844800
2021-11-29,529.0198974609375,534.6449520368427,517.1310298616925,520.6776900250059,2919100
2021-11-30,514.2423095703125,531.2031892936421,510.914969620266,525.3207571808362,4244200
2021-12-01,505.1470031738281,522.6989854535803,504.72750690438875,517.7889762674579,2877100
2021-12-02,501.0187683105469,506.167067963732,490.0832940717982,494.3450012785202,3277500
2021-12-03,504.2792053222656,512.4498073733996,500.3131077658125,505.289801684531,2984400
2021-12-06,508.3502197265625,511.0673721687199,502.98260128373306,507.44448284897265,2432900
2021-12-07,516.7592163085938,517.6935248595343,509.78990064961954,513.164898260855,2579800
2021-12-08,505.4042663574219,522.260284871357,501.05678699582427,520.7539624990917,3037500
2021-12-09,499.8936767578125,507.52083767501256,499.38834941555046,504.15532498880054,3200500
2021-12-10,532.7763671875,535.1121973047452,509.69464608398584,509.7900205281244,6333600
2021-12-13,531.2508544921875,533.6629723209134,522.4414920041254,524.7868651848355,3415200
2021-12-14,519.9244384765625,531.2030590729669,512.5165409396232,530.5261858863453,3494400
2021-12-15,539.1257934570312,540.0887317308859,520.1056094956991,520.753911121818,2937100
2021-12-16,526.8746948242188,540.1459372159563,523.8429056419596,538.4679526694097,2683000
2021-12-17,522.0887451171875,530.5358128436538,515.7677301211476,523.7190719003154,5752000
2021-12-20,522.9945068359375,523.5474923857576,512.9552849047988,516.8641822344435,2033600
2021-12-21,520.0103759765625,526.0644708652584,511.0961534638574,524.8440969861772,2472800
2021-12-22,524.052734375,524.36737109103,514.6427282072166,519.9626898291154,1454500
2021-12-23,524.7200927734375,526.8556886344411,521.9743100405406,526.0262394954017,1757800
2021-12-27,537.2095336914062,539.3737592886133,525.7402203717701,525.8355366098918,2262900
2021-12-28,538.3250732421875,540.2318636193356,534.5686938715809,537.1714441153882,1155000
2021-12-29,541.3092041015625,544.8558062667353,537.2381880308877,540.0030573502422,1753000
2021-12-30,537.62890625,543.3207042081597,536.1606990149461,542.987039260841,1338700
2021-12-31,541.2423706054688,541.7667262342685,532.9764519820769,537.152268681478,1509200
2022-01-03,540.2985229492188,541.023054298003,529.6204868851871,538.6968262682062,2714100
2022-01-04,537.9341430664062,542.214878108345,535.6078565027121,537.9341430664062,2097500
2022-01-05,524.291015625,538.7158881027054,524.1480412747732,537.4192847360983,2887500
2022-01-06,524.176513671875,527.723173021848,518.2177954412684,520.7443152472887,2503100
2022-01-07,511.19146728515625,522.8133579176927,509.34187813952224,522.031566815865,2323900
2022-01-10,494.6213684082031,505.69027160193383,484.8014104733178,504.6224737405067,4916800
2022-01-11,497.7008361816406,498.1202741324736,486.5079587280066,494.6213306605486,2457300
2022-01-12,501.2951965332031,505.3280978954588,497.6818495872502,497.7009361127075,1729500
2022-01-13,492.79083251953125,504.39363385328386,491.2177074285969,503.0493724518755,2428100
2022-01-14,479.5482482910156,489.0726571467597,478.4709070463906,487.7283955019459,3872500
2022-01-18,465.3235778808594,472.0068580980863,464.16994880064254,471.41575776028844,3801900
2022-01-19,467.31610107421875,473.11272992664834,464.3987146744822,467.05869489611496,2709400
2022-01-20,460.3182067871094,476.58312407478707,459.3838691602196,467.87862257969545,2893700
2022-01-21,459.16455078125,471.5586857487776,458.88808718059494,459.46012999815747,3295600
2022-01-24,466.1148681640625,467.1350079249323,447.15185436434507,453.38703749804876,4412600
2022-01-25,455.0745544433594,460.14662333960365,450.35523707756994,457.53430099038843,3076800
2022-01-26,460.9379577636719,470.85326157837915,456.45698888720926,460.7091522364691,3074900
2022-01-27,460.0321960449219,472.6837677217731,457.9252010074763,464.22715778731526,2372300
2022-01-28,469.4803466796875,469.7663826696573,453.72072668710786,461.1953408524229,1918500
2022-01-31,481.5884704589844,482.81835828196586,467.7642415393911,469.0703881682687,2480700
2022-02-01,484.7156066894531,485.9264079931584,473.78016371945824,481.46452590428606,2347200
2022-02-02,497.69134521484375,499.5695056925827,486.55566796540904,487.28977174242345,2547600
2022-02-03,498.2070617675781,502.66614982760876,490.9884711440295,492.5830381902896,2665100
2022-02-04,496.2972717285156,498.42654656365636,487.73232547970736,494.71220448070096,2387400
2022-02-07,492.59246826171875,498.4265272276016,491.0074010753955,497.75812750850673,1863600
2022-02-08,497.6148986816406,499.7537309973056,487.44582917863306,492.5924308624579,1462000
2022-02-09,504.9480895996094,510.11374872605063,501.9403200731629,504.15555602491173,2256700
2022-02-10,495.0655517578125,500.78503550282375,491.50401629189514,497.3476339311073,2558900
2022-02-11,486.6533508300781,497.8058467040854,484.4667589128478,494.9891151233454,2349700
2022-02-14,483.6838684082031,488.4294255544622,478.795091054192,486.00412319201973,1749600
2022-02-15,490.7114562988281,492.69754022088904,487.69418692775326,490.15769094692746,1984600
2022-02-16,489.2601013183594,491.31297261124683,479.0528289541746,488.391164172101,1770800
2022-02-17,491.752197265625,494.80769716707465,484.1325629627567,486.62471071563664,2022800
2022-02-18,489.5179138183594,494.51176774294987,487.2835912251687,491.6376893881423,2154700
2022-02-22,479.5015563964844,491.3415960090066,475.6631099890885,486.9684123797647,2451800
2022-02-23,472.8941345214844,485.03014447667744,472.4358007665586,480.2272997638459,2021400
2022-02-24,482.7480773925781,483.67427351742407,461.1687129932892,461.4455956605312,2859800
2022-02-25,494.12017822265625,494.84586600005946,482.4329450970189,485.61254970699736,2003000
2022-02-28,495.80072021484375,496.1635641138974,488.20972979026425,491.07425008038376,2408900
2022-03-01,499.31463623046875,505.45425242927206,495.7435427962846,496.00136832916587,2316000
2022-03-02,504.1556701660156,509.0158328563222,496.29735327458405,500.3363090283943,2571500
2022-03-03,508.9774475097656,514.6205845144721,505.6259498038206,510.3524194332608,3851800
2022-03-04,501.7685546875,505.9889323022908,488.6681452054392,496.03951314967884,4417900
2022-03-07,504.6520690917969,520.6646966950865,499.78234999286553,499.81102316746876,3896900
2022-03-08,499.7250671386719,515.3557938620783,498.8179574489191,502.4558956540868,3649700
2022-03-09,503.8214416503906,506.886441313697,492.4206476297353,503.7927684713074,2789700
2022-03-10,508.66241455078125,510.23792410304566,494.7408871842869,499.4864147355847,1777700
2022-03-11,503.601806640625,518.1440626512119,502.6565241584617,512.3863482179319,1735100
2022-03-14,502.1981506347656,511.1354397771279,499.89695341085684,503.9359665700272,1950000
2022-03-15,517.828857421875,519.2897323779116,504.0791375360601,506.06522113708024,2547900
2022-03-16,518.8505859375,526.708901462911,507.2683706387079,519.9391176594195,3017200
2022-03-17,527.8261108398438,528.188954790291,518.6692256515739,518.8124167190729,1974200
2022-03-18,535.9993896484375,537.1452092592214,524.6941171283457,527.9883266547971,3597800
2022-03-21,530.4423217773438,541.1555991812172,525.9641196047093,534.8441204277918,3136900
2022-03-22,534.1565551757812,535.0445493469044,527.3867724819436,531.8076861679092,1777500
2022-03-23,529.00048828125,535.3692549176716,526.9857315404832,531.7981625556565,1546800
2022-03-24,532.9058227539062,533.0490720881012,524.4172798235453,530.423261672525,1614200
2022-03-25,530.6141357421875,535.1209523845736,525.381573125979,534.5385139952392,1974900
2022-03-28,539.6852416992188,539.7329720526831,528.5040421575696,531.597715030954,2056100
2022-03-29,544.2398681640625,545.4238608389035,539.0360350314628,542.3493029754505,2005400
2022-03-30,550.4366455078125,552.1362888628383,542.9125591221791,545.1659677754993,2086500
2022-03-31,549.8446044921875,559.8418098481453,549.519991520171,552.5659335277909,3439800
2022-04-01,549.5775146484375,556.6624143384947,546.4647255143217,551.3057734998605,1933500
2022-04-04,549.1571044921875,553.5111723281701,545.6623576429614,548.020842621805,2201800
2022-04-05,549.3386840820312,557.6075747704123,546.2640682590273,546.7319889225013,1826800
2022-04-06,558.3809204101562,560.3001583334002,544.612142503201,548.1068899010282,2646200
2022-04-07,580.590576171875,584.6200321501334,562.1908450138102,565.542285185947,4804200
2022-04-08,572.9422607421875,580.5428092915765,570.7365823340909,578.9959729159668,3230200
2022-04-11,558.2664794921875,573.8590384010912,556.4809327371726,571.7488202911514,2792700
2022-04-12,555.1058959960938,565.0075844095479,552.6233347370367,560.195210683865,2142000
2022-04-13,564.396484375,566.6880657452515,556.1657087461507,556.1657087461507,2211800
2022-04-14,563.72802734375,569.3520491876267,560.5388359553594,565.055268991306,2206200
2022-04-18,555.8316040039062,565.3704488168871,553.425387914569,558.9443925566014,2161900
2022-04-19,567.4613037109375,567.9673967985827,555.7167853666798,557.00579583565,2327800
2022-04-20,576.274658203125,577.9456283336923,570.3259649087125,572.0924540140287,1793300
2022-04-21,565.0171508789062,581.669566895038,564.4538277768511,579.8554054172938,2027900
2022-04-22,545.8821411132812,565.1699243538656,545.2614716864003,563.6898754557371,2878200
2022-04-25,542.5498046875,544.5740613747992,528.532756675203,544.5549459203903,3154500
2022-04-26,528.7522583007812,542.6738431504741,528.3225686039189,539.7233616255791,2057400
2022-04-27,529.0579223632812,538.1670777178579,527.8834291810597,531.0726213812637,2261600
2022-04-28,537.4932861328125,540.1711769512725,521.9996957474941,531.2480069418501,2118700
2022-04-29,508.5335693359375,537.0915261670397,506.601693987019,536.4698469869223,2968000
2022-05-02,505.8843994140625,515.6874336787911,495.67012291184454,509.021340024487,3303400
2022-05-03,505.0523986816406,510.97247798724624,500.86338962863306,506.8886582309907,2398000
2022-05-04,520.689453125,522.3249074859878,500.0122244903214,508.41890471295926,2465200
2022-05-05,494.7615966796875,518.6905857715012,489.83614576735886,517.9541439417596,3977000
2022-05-06,481.4102783203125,493.9199232084698,477.06827230212417,491.9689012391232,3560800
2022-05-09,477.0777893066406,484.9393455803888,472.7835915384924,474.4668535530963,3292700
2022-05-10,479.5931091308594,488.36325096773373,474.01734748680303,487.4738119567517,2729400
2022-05-11,467.7529296875,485.847907919127,466.5383204249552,481.94583520165975,2782900
2022-05-12,464.9794921875,475.5763509588976,458.8394608444011,465.5629075343518,2829500
2022-05-13,475.5859069824219,477.03964415412287,468.2503833042253,471.60730550152675,2338600
2022-05-16,472.96533203125,475.9779660733196,468.26943589136664,474.5051409245493,1579700
2022-05-17,469.08233642578125,472.0375889348386,459.2888760058516,467.82946323482594,2602800
2022-05-18,410.6753845214844,443.6326980812812,406.03686996674736,439.9410329880526,9511600
2022-05-19,404.4875793457031,411.7561772816746,400.4611700528628,411.6031507877066,5839600
2022-05-20,398.2709655761719,410.1493865048584,388.7835577486501,410.1015493144822,5115000
2022-05-23,410.751953125,411.249267313101,398.5005528685947,401.6853308639591,3687200
2022-05-24,418.62310791015625,419.59864823282845,405.84570118267186,406.2760608660671,3473400
2022-05-25,420.9184265136719,423.93109008409215,412.0430939508122,417.3032594159877,3225100
2022-05-26,444.71343994140625,447.64000195150163,427.99569889831804,429.51636118302906,5917600
2022-05-27,450.23187255859375,454.1722096264494,435.2738622434957,436.8805965297795,5719600
2022-05-31,445.8898010253906,450.2700706321417,438.05693553391774,450.23183590473616,4424500
2022-06-01,437.06231689453125,449.98320421288037,436.7849837555398,448.9120480140816,2319400
2022-06-02,466.3470458984375,469.7135698811646,437.9134842759789,440.8017822958732,4950600
2022-06-03,455.48248291015625,466.86356168514084,454.85125958890194,463.87961812053373,2857400
2022-06-06,451.8673400878906,460.0253773164878,448.4625807944647,459.54718045857044,2297000
2022-06-07,451.2073974609375,453.07237676321444,439.5489564696685,439.85500944415406,2435500
2022-06-08,447.5826721191406,453.741849796712,446.53066241317845,451.2074123642065,1697000
2022-06-09,451.46563720703125,463.12407881719906,446.7793138853641,446.9610310244354,3087500
2022-06-10,443.1067199707031,447.7739254453499,437.7987471236272,444.72302750237753,2549900
2022-06-13,432.5290222167969,438.6403915652539,429.325097696346,430.37713653412624,3113400
2022-06-14,434.96783447265625,438.75517446417473,430.64494554150696,432.5290422606735,2224600
2022-06-15,438.7838134765625,444.1109034712751,431.70650690682976,438.5064511693815,2250200
2022-06-16,432.06036376953125,437.8082692149593,428.4356240068016,430.67358143356216,2906600
2022-06-17,427.21142578125,435.81896750149616,423.873621720624,431.38128753827624,3623400
2022-06-21,442.91546630859375,444.55092052762126,429.55467452261047,430.9031639366717,2420600
2022-06-22,439.9028015136719,444.4552444870416,438.5064750000481,439.35767933196684,1827500
2022-06-23,454.2869873046875,455.51117001879373,445.40208205435624,446.03330537071355,2030100
2022-06-24,463.2483825683594,463.6883154702904,455.89371314448994,459.06894703297087,2862600
2022-06-27,460.74267578125,465.99326797761506,456.5345492399166,464.62563195937526,2034700
2022-06-28,448.1756591796875,465.9932793326411,447.4870837021056,462.41637606337105,1754600
2022-06-29,449.3520202636719,452.34553726624625,446.0811700978193,450.4136324661468,1275600
2022-06-30,458.38031005859375,461.06777366119076,444.45522198406746,447.87909812991177,3852400
2022-07-01,464.5777282714844,469.8283193865273,457.1561051740663,460.1974295802215,2660400
2022-07-05,466.96875,469.4936139350968,457.5960751773171,464.3864755968447,2489400
2022-07-06,471.16729736328125,475.346732691334,466.50966523912507,466.9687446706381,2262300
2022-07-07,473.36700439453125,473.92169981736436,467.88685878618776,470.60301299530494,2125200
2022-07-08,479.669677734375,483.476105768647,475.3276424060829,475.6336953778607,2607800
2022-07-11,477.1447448730469,483.5047562580214,473.26178932488074,479.26793975985623,1891100
2022-07-12,469.17803955078125,480.01396675535466,466.7583647854794,475.3372169873348,1775300
2022-07-13,470.756103515625,475.63371717464497,462.72240235261404,463.20059919787445,2008400
2022-07-14,489.6161193847656,490.8881391588391,472.09498243432563,474.4572756850757,3715600
2022-07-15,500.1460266113281,501.91533135754986,493.28870109325146,494.3789453936534,4265100
2022-07-18,493.7860107421875,505.4827443238409,493.1834780960763,499.10355689579154,2464100
2022-07-19,497.5446472167969,502.6613882412964,494.42679459457827,499.6295783578846,2391000
2022-07-20,501.3415222167969,503.2160162591656,494.2737597086402,498.5297227796126,1740700
2022-07-21,506.3721618652344,506.6399217112223,498.85486402209455,501.18846667373185,1716100
2022-07-22,506.62078857421875,513.6885512711715,503.1299869666561,507.5676672698304,1800800
2022-07-25,506.0661315917969,509.0787364557061,503.0630416301879,508.246678680315,1452700
2022-07-26,489.6065979003906,497.0186487433096,486.5748463518406,492.54273343268005,3334800
2022-07-27,499.5339660644531,502.41272029688906,488.879755957822,490.7255595146137,2060100
2022-07-28,513.6842041015625,516.5583371042025,498.45133427220236,498.45133427220236,2083300
2022-07-29,518.5894775390625,519.3750810480865,509.58389429966707,509.67967536016437,2131500
2022-08-01,523.868408203125,529.5208951948671,518.5416821307443,518.7045333532217,2256000
2022-08-02,520.6587524414062,527.9206858006788,518.0816110536679,521.204844684278,1984200
2022-08-03,524.059814453125,525.6789116360964,519.3749638588347,522.1341360815834,1693300
2022-08-04,520.4864501953125,524.2419683069834,517.9859095801411,524.0503477098337,2000500
2022-08-05,517.9857788085938,518.8767529622872,510.97288773905177,514.6996939811926,1711500
2022-08-08,519.164306640625,524.5293321274225,516.069783329597,521.0229151975499,1344100
2022-08-09,513.3394775390625,522.1343201720038,511.4904584313451,520.831393516991,1877300
2022-08-10,517.1715087890625,526.8381435490205,514.7476285123178,521.635969737851,2336600
2022-08-11,509.87127685546875,520.6875778333662,509.57428540977753,520.4480667166993,2340200
2022-08-12,514.6710815429688,515.8111567807842,511.33704708461494,513.6842676888695,1918200
2022-08-15,522.8527221679688,524.0502776470524,513.2052082115433,513.8950305741777,1848000
2022-08-16,529.8177490234375,536.4761110278125,525.9376223051119,527.9782616175497,2498000
2022-08-17,532.9793090820312,535.9779929652311,525.976006312264,526.924460986136,1835200
2022-08-18,537.4247436523438,541.05571179626,533.075183552222,535.604435442019,1619200
2022-08-19,531.264404296875,535.7959357258449,529.9614194353114,535.2115426590914,1617000
2022-08-22,522.58447265625,529.7985753576711,521.4539872338967,529.7985753576711,1860900
2022-08-23,519.3272094726562,523.1019072894774,514.3549559839299,522.8432165525385,1359000
2022-08-24,520.4288940429688,522.3449830018093,516.7308563862612,519.9786412053506,1145800
2022-08-25,527.662109375,527.7961911444861,516.9128212795538,522.8431181901385,1483300
2022-08-26,509.5072937011719,529.4825005159282,509.36356361929194,526.9245377690459,1886800
2022-08-29,508.779052734375,513.0327721759862,502.0152616624029,504.9181642393408,1579900
2022-08-30,502.1494140625,513.5213965985374,499.6297525713398,511.8639984712354,1872700
2022-08-31,500.1949157714844,504.23789320605266,498.43214696943505,503.49059056921226,2179800
2022-09-01,506.96832275390625,507.3611536911502,495.33770854599425,497.91479176513894,2280600
2022-09-02,497.33050537109375,512.4005863007601,494.3988913101176,510.35035687608786,1901700
2022-09-06,497.1292724609375,501.2009612421141,491.02653418921943,498.33635931051566,1933400
2022-09-07,507.4186096191406,509.35381939035966,497.1292229388931,498.1830483051693,1827900
2022-09-08,506.92041015625,510.66639622440675,499.67759737550483,502.331398875883,1600800
2022-09-09,514.0675659179688,515.4854531536931,507.313363470888,509.79466613340566,1930900
2022-09-12,516.8841552734375,519.8348900487468,514.4698645714642,515.169218301255,1522400
2022-09-13,488.89007568359375,509.909573450913,487.34763813861343,508.5203972906242,2881400
2022-09-14,486.6865539550781,492.44441014025216,482.0112926170861,492.300680090864,2007300
2022-09-15,482.3753356933594,487.70206000076934,479.52994277211536,487.06974721413803,1749600
2022-09-16,482.9885559082031,485.19204650695497,476.4355059671069,478.61028563827904,3004800
2022-09-19,485.31658935546875,485.4507003765918,477.9588149160128,481.09160977634764,1441300
2022-09-20,478.5622863769531,482.3082431623384,472.71823943698183,481.89629112323473,1843100
2022-09-21,472.38299560546875,485.18245573865516,472.31592547539077,481.4173479744095,2082600
2022-09-22,466.73052978515625,473.2739605453336,464.0863177347086,473.2739605453336,3133100
2022-09-23,446.8319091796875,462.08398912645447,444.0823263873818,458.8457943267372,5377800
2022-09-26,460.1487121582031,463.79885897159113,445.69182571675395,446.32413852720157,4001900
2022-09-27,458.23260498046875,467.90885884885876,455.48302234949597,465.1209462571313,2412400
2022-09-28,467.803466796875,470.9266713827454,454.2950361068072,461.32707787103203,2419500
2022-09-29,458.8841247558594,468.49330907581077,454.18012316632445,465.2359346726853,1963900
2022-09-30,452.4556579589844,463.53064985567755,452.07244601280206,460.4936652140556,2436700
2022-10-03,457.68658447265625,460.66608867080754,450.66410229899014,454.5920903815492,2338500
2022-10-04,465.734130859375,467.544819579846,460.560696924493,463.53061118755096,2175600
2022-10-05,460.16790771484375,463.568953747059,454.89866334892406,461.10677254460234,1587700
2022-10-06,462.24688720703125,473.1590282318123,461.70082405549965,463.1666309892704,2430700
2022-10-07,448.50848388671875,459.0086424150032,446.56365490740734,458.1943280577251,2568100
2022-10-10,446.7457275390625,450.5204252002907,442.2429067034256,449.98392262036765,1616300
2022-10-11,452.21612548828125,457.22670842872094,444.2452179775351,445.4906640531278,2341400
2022-10-12,446.8127746582031,459.6122344588533,446.73611472947795,454.419649919781,2043900
2022-10-13,448.35516357421875,451.9478298672762,430.1906509829344,438.9663406899059,3390900
2022-10-14,435.5749206542969,453.5286942420523,434.75101642841014,452.22573853493225,2301600
2022-10-17,444.69549560546875,447.29178782241564,441.1603093224324,442.28120493186594,2097500
2022-10-18,453.41363525390625,456.5272793656875,449.15991603606653,453.3465943702269,1864000
2022-10-19,451.65087890625,454.9465540865292,447.3588585689158,448.1827627453877,1207600
2022-10-20,445.12664794921875,452.2736520063541,443.48839997793044,451.2389767711191,1709500
2022-10-21,458.11767578125,459.4493715648414,442.8847752827713,444.2547717925527,2508400
2022-10-24,476.11932373046875,477.106108286956,460.828943386241,461.40374663297564,2366200
2022-10-25,478.1216125488281,479.2042073458494,469.9207552247579,472.6224473175942,2130900
2022-10-26,478.4952392578125,486.1308535290653,474.89298331939705,477.10606332233857,2088700
2022-10-27,476.566162109375,482.77590069545414,474.26271050295725,479.70461236024624,1576600
2022-10-28,490.3197021484375,492.19127302493433,476.01907647230655,477.29556290957544,2369300
2022-10-31,481.32659912109375,489.1391725359059,480.3668252444814,489.1391725359059,2192200
2022-11-01,479.84857177734375,486.9797144258378,479.67581949740105,483.43814623713047,1586300
2022-11-02,464.0602722167969,482.996591883888,463.82990657133064,477.77541969958776,2464400
2022-11-03,466.728515625,471.56575558911794,460.41318618132254,461.5361346704798,2010400
2022-11-04,466.8435974121094,472.8133918734048,457.32262802391193,470.67308566405893,1987300
2022-11-07,468.89752197265625,470.28920582834223,455.4127105419355,457.8601222440319,2036000
2022-11-08,472.9382019042969,478.21695841643924,465.0200671360833,470.9898620359597,1709900
2022-11-09,470.26043701171875,477.5643026119855,467.27552483731677,472.1127936802518,1640500
2022-11-10,492.48876953125,494.13955246569424,481.2306115161791,484.63782632127305,3098300
2022-11-11,494.7346496582031,496.0495938626488,486.32704977729446,492.48881142102056,2393500
2022-11-14,489.17755126953125,499.75427832710767,488.92802997427145,495.0226000592313,1820200
2022-11-15,505.2922058105469,508.4882697350794,499.0824959504661,499.0824959504661,2502200
2022-11-16,503.0270690917969,507.29807453052007,499.24555769970675,500.3397139710103,1833600
2022-11-17,500.34930419921875,500.80036978465364,492.3256089736324,498.12262186571684,1902500
2022-11-18,502.60479736328125,508.2386656442204,497.3452549741133,505.6760856543096,1584400
2022-11-21,502.3168029785156,506.06955129615193,501.07871588018526,504.5914621707641,1268300
2022-11-22,510.5517272949219,511.3675116611228,505.49370020061946,508.6417866460912,1809100
2022-11-23,512.9896240234375,515.2066997418405,509.0641809529119,512.5193441104368,1288200
2022-11-25,512.19287109375,514.3043852141006,511.6266373446223,512.6727580038322,744200
2022-11-28,509.5630798339844,514.6786904933936,507.66274649159044,509.5343170821004,1684300
2022-11-29,507.68206787109375,512.2505428296223,506.76066375729664,509.67835558105486,1685700
2022-11-30,517.55810546875,520.7541691427381,501.1363871504324,506.1943560612108,3601800
2022-12-01,483.5916748046875,498.25704846714393,475.73115332175223,498.25704846714393,6970400
2022-12-02,474.636962890625,478.8983611459744,472.31429727614324,478.4664511956453,3632100
2022-12-05,469.003173828125,472.88066905110475,465.23126897761637,472.68870253205466,2455300
2022-12-06,461.8047790527344,471.7000448860187,457.9752908480122,470.9226304277664,2995900
2022-12-07,462.58221435546875,466.9683879810131,459.6069094936563,459.81806091713906,2072600
2022-12-08,462.05438232421875,463.88752477143174,454.4529598443022,463.4748290075032,2901000
2022-12-09,463.5899353027344,470.37554317109044,451.5735777422716,455.9885431276081,4211100
2022-12-12,468.06256103515625,468.19694344967877,461.3345654459965,463.3116974741348,2276400
2022-12-13,468.5616149902344,477.9385951545479,462.17909532356913,477.04601248515553,2626700
2022-12-14,464.06988525390625,471.9112512368633,461.68966462660103,469.19507458234807,2145000
2022-12-15,445.24871826171875,457.52423477619055,444.528887828962,456.2189270273378,3437700
2022-12-16,442.8876953125,446.0933367499454,438.5015213871726,442.7053359211204,4909200
2022-12-19,440.1811218261719,444.7688400360528,437.04264233216907,442.3790123251871,1939200
2022-12-20,439.4036560058594,441.7358993519864,434.3264443118436,438.1943316234354,1993700
2022-12-21,443.4731750488281,445.03761136563844,437.8489134305791,440.9009877413008,1462400
2022-12-22,440.25787353515625,441.87989375486535,435.15189869314685,440.2002894448686,1906100
2022-12-23,444.0393981933594,444.5480771993184,436.50516706398605,439.11575329776963,1229500
2022-12-27,440.05633544921875,446.00694537629965,438.7222356620603,445.7189956308102,1230800
2022-12-28,434.7679748535156,441.9374871449418,434.58561546710916,439.13496372538754,1324100
2022-12-29,438.1656188964844,440.53626182562004,435.21910571480987,437.301828162665,1465000
2022-12-30,438.1367492675781,438.32871574775885,432.6180497970665,436.3611618408103,1803200
2023-01-03,435.0462951660156,440.3442363419384,429.88270710003906,439.57642896802747,1978100
2023-01-04,438.1943664550781,441.0257111567762,434.3840629264414,438.7894215826276,2097300
2023-01-05,432.08056640625,438.0695455044456,431.5334883144032,436.2555882656533,2169300
2023-01-06,463.446044921875,464.9337121259743,443.62671861094117,444.45211015297656,5174500
2023-01-09,459.4917297363281,467.2850886957997,458.9062817482273,463.50357739142976,2384800
2023-01-10,462.0351867675781,462.6974331550465,456.3533412249231,457.9465695418775,1649900
2023-01-11,464.82806396484375,465.0296082691224,459.8372283038569,461.0081535548591,1576400
2023-01-12,463.0237121582031,465.49033809274215,459.4917512616501,465.4807309810205,1628200
2023-01-13,465.7302551269531,466.0565747172427,459.7316686363947,461.54565525032666,1405900
2023-01-17,467.18914794921875,470.7499303380227,464.8856963624564,465.6151339260886,1539900
2023-01-18,460.182861328125,469.14714737025895,459.2710642717601,465.3080512002669,1925500
2023-01-19,450.604248046875,458.3496306060368,449.2413854837116,457.08272200283307,1919500
2023-01-20,460.7970886230469,460.9986622551304,450.58510832668776,454.85611441258595,2588600
2023-01-23,472.794189453125,475.31839940380166,458.38800366047633,460.64347810062316,2709400
2023-01-24,472.3143005371094,473.7443835067564,467.4194772794436,472.2567164486644,1510200
2023-01-25,471.1338195800781,472.1511775770596,465.0104573744886,469.6749444976329,1329800
2023-01-26,478.2553405761719,478.6104815360594,471.98801794590895,473.360516934723,1576400
2023-01-27,483.04461669921875,488.6209007423458,477.8330221362998,479.6566159872158,2034100
2023-01-30,483.0350036621094,485.2616861233005,480.24205811888675,480.24205811888675,1855900
2023-01-31,490.578857421875,490.8379858368841,481.8065097000209,482.9870421705696,1924100
2023-02-01,497.0764465332031,499.51430959186774,484.4170564582035,487.862641048651,2080200
2023-02-02,503.2490234375,509.61378305101573,500.5666136839143,504.07585184703,2287400
2023-02-03,494.95172119140625,501.44147293434054,492.74041011168083,499.1147931848505,1844100
2023-02-06,495.7112731933594,497.2783739863734,492.51926991172667,494.60558837246543,1740100
2023-02-07,496.6150817871094,498.0187535569182,487.8274627432603,492.2500850929012,1927300
2023-02-08,484.3854064941406,492.4326931832487,482.22215612218855,491.57702273786515,2062900
2023-02-09,481.3280334472656,489.52915502947604,479.2032490143849,485.80836897782416,1517300
2023-02-10,480.7127990722656,481.2512058386472,476.2805524167017,479.28987947867216,1536800
2023-02-13,486.9236755371094,487.2505632111631,482.02030174437584,482.3952499165986,1452600
2023-02-14,483.8182373046875,488.2697312748804,479.40520934068326,485.5392316548,1257300
2023-02-15,491.56744384765625,491.70206018899165,482.0106812056059,483.34710341902047,1422600
2023-02-16,484.66424560546875,491.03862821999513,484.18352328872874,484.1931177832096,1456000
2023-02-17,487.9139099121094,488.13502338905823,482.49134835400525,484.82765166020613,1340400
2023-02-21,482.395263671875,484.55851428850355,477.4053632355746,481.5107509617936,1811800
2023-02-22,478.2129821777344,485.9718184252543,477.4534326671154,484.49121474754526,1332000
2023-02-23,474.1268310546875,479.626266311694,469.0503751110587,479.5685819796948,1546300
2023-02-24,469.7715148925781,471.4540432397434,466.012291662676,469.7426727231225,1587600
2023-02-27,468.2524108886719,473.99223691912005,466.95445467597443,473.55957506789963,1501700
2023-02-28,465.51226806640625,470.03106970119416,465.1276960709049,466.877532392543,1918200
2023-03-01,460.2147216796875,463.9739444260632,456.7054252484929,462.55102512798607,1759300
2023-03-02,466.9640808105469,468.6369852070344,457.22464126077034,458.95522999224266,2379200
2023-03-03,456.9361877441406,457.6476473866844,447.3890201959555,456.52274425094186,5354200
2023-03-06,464.4547424316406,469.97345555163,457.1862220696711,458.1476668724815,3104700
2023-03-07,466.44488525390625,476.1170164832309,466.3006744186705,467.3582694453385,2659100
2023-03-08,467.30059814453125,468.1082081853397,462.5895249026665,464.37779799139287,1548500
2023-03-09,461.03192138671875,471.1078717368157,460.1666270823333,468.68504181634404,1629400
2023-03-10,452.9750061035156,461.9356471435744,450.3214097169666,460.51272796663847,2123000
2023-03-13,453.8019104003906,458.3110885099089,448.80238609179713,448.80238609179713,1799600
2023-03-14,463.3395080566406,466.4545799347018,454.7634072135391,457.09971112208507,2422900
2023-03-15,466.93524169921875,468.24279242205125,460.089760053886,462.94525201817964,2226300
2023-03-16,468.4735107421875,469.31958669477746,464.1470099908661,466.23332836667623,1979600
2023-03-17,468.27166748046875,471.0117909665001,462.9452845347984,470.21380471062844,3959300
2023-03-20,470.42529296875,471.8674600417127,466.99292829326737,469.1850210705321,1623800
2023-03-21,471.92510986328125,473.992209981825,467.2524736313123,473.992209981825,1664000
2023-03-22,468.7234802246094,477.4726323148335,468.5600510667848,470.5886851730667,1299700
2023-03-23,468.9542541503906,474.2325759154147,465.6180400250512,471.7712799467394,1565900
2023-03-24,476.1746826171875,476.847705610515,467.8005079069856,468.16586156959414,1635200
2023-03-27,474.20367431640625,480.587650765989,473.5210569126148,478.10713677785515,1452100
2023-03-28,468.0024108886719,475.0113507399877,466.69486022271116,473.617244233784,1407800
2023-03-29,471.9443054199219,472.3577195554891,467.16592459124456,470.3387093711989,1643000
2023-03-30,472.5308532714844,476.6265877550876,472.0693492512209,473.99223865753953,1545500
2023-03-31,477.7130432128906,479.1455864862129,474.89601716685456,475.9151462438571,2082000
2023-04-03,477.8668518066406,479.95319968833064,475.9151202648496,477.3572872959552,1804700
2023-04-04,478.5398864746094,483.2028698492705,476.39585420675417,477.357298917565,1913300
2023-04-05,477.96295166015625,484.69306376113434,476.06890465238547,479.76084834114965,1941500
2023-04-06,467.242919921875,469.0408168703956,459.08985805791076,463.4163593380377,4114700
2023-04-10,474.7901916503906,474.85749981673644,463.08942686208326,465.2430534574546,1653600
2023-04-11,479.42437744140625,480.7127097745664,473.9922209398019,474.79020710357145,1547400
2023-04-12,470.48291015625,480.7703495372308,469.70414239527435,480.7222890447103,2063700
2023-04-13,478.69366455078125,479.2224473428208,471.4058980735665,474.46328485062253,1600500
2023-04-14,472.3577880859375,481.0780989022215,471.26175634181965,477.0592669388479,1675300
2023-04-17,474.8959655761719,478.69368362254187,472.2135268278269,473.7710624426847,1411800
2023-04-18,477.74188232421875,478.4437475425919,475.06906713807695,476.9727382736175,1339600
2023-04-19,476.9053955078125,478.7898188337732,474.7902055106384,477.96299050639954,1098800
2023-04-20,486.0872497558594,490.9714057776523,476.4055229054126,476.6362602686269,2936500
2023-04-21,486.8274841308594,490.9520897231367,485.97178434431714,489.7310362902488,1508600
2023-04-24,491.7020568847656,491.96163638864346,486.30833690981905,486.5871640857375,1374100
2023-04-25,483.7701721191406,493.3461536998083,482.8952538678547,491.42326418251156,1789900
2023-04-26,475.5882568359375,483.48170990643416,474.3672325834379,481.1261879067964,1441900
2023-04-27,481.943359375,482.89520955056327,475.75165335026554,475.75165335026554,1361600
2023-04-28,483.8182373046875,485.3661492974338,481.33772271338484,482.2222354689639,1170200
2023-05-01,474.5595397949219,480.7704650461346,469.9542109439381,479.9051705861523,2203200
2023-05-02,475.7324523925781,476.5689045918289,470.92522886496295,475.9151292339046,1940800
2023-05-03,471.16558837890625,479.54938735512474,470.7810163662467,477.45344494631104,1426400
2023-05-04,472.4180908203125,472.9672644016482,468.1692726000491,471.06926663979124,1487000
2023-05-05,480.8193054199219,481.14687485812493,474.96154295661006,475.1735031109953,1709200
2023-05-08,480.8193054199219,481.9658131547114,477.5821278643922,479.191072734453,1015000
2023-05-09,482.4861145019531,483.4013743241768,478.2469405513478,478.7960846838182,1571800
2023-05-10,481.3974304199219,486.5133475665977,477.00410077308345,483.60373915203036,1257600
2023-05-11,483.54595947265625,484.61537491459893,479.36456038378464,481.25294365042413,1046700
2023-05-12,485.646240234375,487.53459396941076,482.881143486104,484.77914112966596,1472800
2023-05-15,483.6903991699219,486.5422026598387,480.6266061223843,485.5883966613347,1135700
2023-05-16,478.01568603515625,482.00438293470984,476.23329775012127,481.7249742170594,1229300
2023-05-17,476.9077453613281,479.80773924181256,473.9210445099463,479.7980953332149,2069500
2023-05-18,479.89447021484375,480.37619523425195,476.02138224141856,476.9077692140808,2298900
2023-05-19,478.3721618652344,481.13728793848435,475.8672154998072,481.13728793848435,1635000
2023-05-22,473.89215087890625,478.83465412583865,470.68387528821313,478.83465412583865,1943800
2023-05-23,467.14794921875,469.36390163436164,465.31740028561524,469.36390163436164,1800200
2023-05-24,465.1151123046875,469.4409932183161,463.3327239974647,469.4409932183161,1600600
2023-05-25,468.76654052734375,470.68382583589386,459.32474319885443,462.6582716447359,3421900
2023-05-26,488.7196044921875,492.0820352263063,466.42535974745977,467.8994369147827,5302600
2023-05-30,489.4615173339844,495.97441954024305,483.25689679153754,491.1571987946764,2544800
2023-05-31,492.86248779296875,495.08805497757606,486.4940973007606,490.26116098911444,3320800
2023-06-01,493.86444091796875,494.9627880186398,483.74824543402525,490.713970038217,2407700
2023-06-02,493.8548889160156,499.54885285966463,490.7814514902776,491.6678384766618,2284800
2023-06-05,499.30792236328125,499.95341734618336,493.30564816315507,493.8548216755285,2023500
2023-06-06,497.3907165527344,499.6740883949569,494.01864148396254,499.3079726831445,1410300
2023-06-07,492.5445861816406,500.3099619333409,491.90870561194396,495.70470121148435,1784700
2023-06-08,501.08074951171875,501.2733924733126,493.76813794608825,493.76813794608825,1530400
2023-06-09,498.3734436035156,502.97870401951576,496.6584743795837,499.2501572285191,1287300
2023-06-12,501.9284973144531,502.2175793458387,497.1401792404774,498.37342341505394,1404500
2023-06-13,502.9402160644531,503.8362175582575,498.9803916507699,502.9402160644531,1204700
2023-06-14,507.9307861328125,508.5569932693096,504.01918199039073,505.81118464581493,1841400
2023-06-15,509.83837890625,511.84237103720903,507.41046649382486,509.6649649916927,1871600
2023-06-16,504.5106201171875,511.03313668319674,503.52788229182715,510.7248256241754,3147800
2023-06-20,500.7049865722656,503.7880383935428,499.20200689498733,502.8727491147433,1684400
2023-06-21,500.6278381347656,502.5740257726983,497.66039594317164,498.9803176171212,1273600
2023-06-22,505.0404968261719,505.5029340042706,500.6856840513394,501.65877795052285,1114000
2023-06-23,505.2716979980469,506.19663112668184,500.3581267371606,504.00958090605803,1434300
2023-06-26,504.28900146484375,505.6860157781493,502.20797526062734,505.2332224872265,1278500
2023-06-27,510.9465637207031,512.9504978081312,503.0173285460189,503.5472732022752,1673600
2023-06-28,513.3261108398438,513.9908936435827,509.2892532817834,509.6457250514663,1245200
2023-06-29,512.2567749023438,512.9890063711426,509.6169310943355,511.18735942759463,1121800
2023-06-30,518.7022094726562,519.8390734024794,514.125822027637,514.6460638518312,2221900
2023-07-03,521.2649536132812,521.3035292470688,514.8098858204127,517.613499375423,951400
2023-07-05,521.351806640625,526.0919651158632,517.8544777424087,521.4384842274019,1630400
2023-07-06,517.7290649414062,520.5519660748918,516.9679606945423,519.1838836903372,1750100
2023-07-07,505.85943603515625,516.8524340152924,505.45480348013217,514.3763603349552,2740600
2023-07-10,507.74786376953125,511.7365614313718,505.8691242501719,505.8691242501719,1955600
2023-07-11,510.2816162109375,511.36067538837926,506.9191854879881,508.21981932377327,1262300
2023-07-12,518.3360595703125,520.3689247987139,511.697875475047,512.5553600212012,1960500
2023-07-13,518.7696533203125,519.4151483414895,513.3164935048966,518.1433873117916,1647200
2023-07-14,526.7181396484375,526.8722657783072,518.4324341631127,519.0201833687777,1828700
2023-07-17,532.749267578125,533.9535799298516,526.139956700571,526.2170491562895,1909900
2023-07-18,533.3562622070312,534.7147007079037,529.3097608191894,532.4698459496333,1778800
2023-07-19,533.857177734375,535.572146678873,531.8436004953987,534.2136494715012,1261100
2023-07-20,536.6030883789062,540.5628534353447,533.4718761402709,533.5681976105024,1732800
2023-07-21,537.47021484375,541.5070727857285,537.0752262088643,538.7323320196547,5264300
2023-07-24,543.3185424804688,545.8620654878375,535.5627790143183,537.6052890281424,2086400
2023-07-25,544.5322875976562,546.8060154000452,543.6748030165143,546.0545550062437,1602500
2023-07-26,545.4764404296875,547.2685020237096,542.8269530734854,544.8405893380989,1306400
2023-07-27,541.2952270507812,550.2841748239086,540.1101433512887,546.9699038772951,1485300
2023-07-28,542.730712890625,547.0565943950818,542.0562860653488,543.9446694152566,1371400
2023-07-31,540.177490234375,543.6651744990352,538.616705952591,542.4223451796355,1365900
2023-08-01,535.1676025390625,542.3068007600863,534.2716009963567,540.1390380200255,1445300
2023-08-02,532.16162109375,536.2852156074233,530.8802748434941,532.0749435181247,1635000
2023-08-03,537.3064575195312,539.869208763284,532.0363551993375,533.2985312094315,1463400
2023-08-04,531.8629150390625,540.7748275090461,531.2559368367612,540.5628967358341,1142000
2023-08-07,538.0001831054688,539.108174321774,534.7051999920396,534.7051999920396,1015400
2023-08-08,535.793701171875,538.4721198574413,531.670166582256,537.6049915107002,1020400
2023-08-09,539.242919921875,541.5455792921999,536.4585356023264,537.5857555183017,1471800
2023-08-10,540.9674682617188,548.40533197611,540.2063640196714,542.6149887399265,1107200
2023-08-11,542.3837890625,544.3492057331152,538.5974379269275,539.869140075709,1043100
2023-08-14,540.9482421875,546.9602195710556,539.95591926774,544.1276742245716,1247600
2023-08-15,538.0963745117188,544.5032806051777,537.7977074162861,540.5435159128668,1124300
2023-08-16,538.61669921875,544.3010776188963,538.2987442603408,541.1698651858693,1340100
2023-08-17,527.1130981445312,539.9366148728875,525.1573252867537,539.0213256419632,1941900
2023-08-18,525.0225219726562,529.3869205313387,523.2593917501395,526.9301344336657,1878100
2023-08-21,523.355712890625,525.2248083043006,516.6982402411403,523.9819201286376,2076100
2023-08-22,518.6925659179688,522.1513772526757,517.8543691318126,522.1513772526757,1286000
2023-08-23,521.0914916992188,521.3901588119758,516.6403579262267,519.2609721967552,1295800
2023-08-24,513.2439575195312,522.2112985343458,512.3848527038656,520.5606649024363,1587500
2023-08-25,515.4639892578125,517.1821397122217,512.1337950241782,514.4021566054854,1511500
2023-08-28,517.5682983398438,518.3887545505918,514.6049113698296,517.3848946213274,945800
2023-08-29,523.9198608398438,524.209430191669,515.7826380186744,515.7826380186744,1468500
2023-08-30,523.4275512695312,525.512509469452,520.5799917262616,523.8812000908991,1292800
2023-08-31,530.2037963867188,533.0223696858991,521.2460580722901,521.2460580722901,2086500
2023-09-01,525.3484497070312,534.2578772313013,521.8638374738508,533.8621422640969,1437700
2023-09-05,525.8116455078125,530.1167720411921,525.1070170768022,526.7769157597919,1714300
2023-09-06,527.7036743164062,529.6245529749583,521.4197546218547,522.9062498198036,1476600
2023-09-07,529.566650390625,531.8543365610553,525.3870129971448,529.5956367824831,1340000
2023-09-08,532.04736328125,533.19603734726,529.0646519954169,530.0009948651453,1075300
2023-09-11,539.3738403320312,539.9626411559128,532.6941265227416,533.6111452163293,1388600
2023-09-12,539.3834228515625,540.9375529633514,536.864081260133,539.8564548341075,1055500
2023-09-13,540.3197631835938,540.9761399792468,535.3582592369885,538.9104472039853,1162700
2023-09-14,545.15576171875,547.0187264493326,540.792720825419,545.1943513237129,1257300
2023-09-15,537.037841796875,545.8700897893538,536.2463129751576,545.6963481819668,2945300
2023-09-18,543.1769409179688,544.5959190673567,538.1092712273834,538.794634433189,1003100
2023-09-19,544.7501831054688,545.6961879106423,540.0010704854129,542.1343387167469,1144700
2023-09-20,544.2484741210938,549.4512372601558,543.1190652343912,544.75037471086,1311500
2023-09-21,535.80224609375,544.9626516685067,535.0300416491233,544.4800165261872,1687700
2023-09-22,539.1904907226562,543.4183214375188,535.5128123637445,535.8795609625658,1527300
2023-09-25,539.21923828125,541.7772278957781,535.4739851651334,540.0590186480445,1313300
2023-09-26,533.7559204101562,541.8738182291887,532.8292396533791,539.73094630564,2425100
2023-09-27,543.9588012695312,546.8256257855082,525.811672469465,528.3696623345428,4591400
2023-09-28,548.8817749023438,552.3084734303047,544.4801437326571,544.4801437326571,2192400
2023-09-29,545.3392333984375,551.1597837761096,541.2271717135344,550.2041754242108,1887500
2023-10-02,551.4686279296875,551.8836871303776,544.4125036870978,548.1866850150474,1831700
2023-10-03,545.4163818359375,556.1791706823685,543.4569135016548,551.26591827738,2007400
2023-10-04,551.941650390625,552.7235171252296,544.1808969169415,549.7118779315354,1798800
2023-10-05,549.7408447265625,554.7891903196822,544.7600162192624,552.2987760660321,1579700
2023-10-06,538.1672973632812,547.2601290989287,523.7847431541821,546.4300105974983,4246700
2023-10-09,539.5571899414062,540.3101291645356,530.6864111504719,535.7250945713573,1781500
2023-10-10,542.56884765625,547.2600475100797,537.8872510171514,540.474168536326,2176800
2023-10-11,545.8797607421875,546.8257069250595,540.744514906508,545.2329871251242,1449800
2023-10-12,544.2001342773438,549.3739691002671,542.8487322507864,548.3217985190356,1458000
2023-10-13,547.1539306640625,547.73306937092,542.4626714767841,544.2677225144954,1243900
2023-10-16,552.3663330078125,554.161721840512,548.7755553424137,549.9049052319593,1428300
2023-10-17,554.3933715820312,556.0536082232915,550.8894356699551,552.0766992893545,1404600
2023-10-18,554.6829833984375,557.2505766776334,552.1346554642842,553.987958091201,1311900
2023-10-19,545.9859008789062,555.8509360841334,544.5186710184695,553.7756400740994,2019600
2023-10-20,533.7269287109375,546.9897339221775,532.8388964833348,546.8642440631718,2295400
2023-10-23,533.1091918945312,537.5783987600263,527.6457871085106,534.8949775638083,1776500
2023-10-24,532.6748046875,536.6806412066732,530.25196673338,532.9257254842755,1678600
2023-10-25,530.8890380859375,534.5957022065976,526.6611491782555,529.4990464051184,1757500
2023-10-26,528.58203125,535.3968377082152,526.5839734289048,530.5608826416067,1925300
2023-10-27,524.1707763671875,528.997128024442,521.4679723067845,528.5820099363436,1503100
2023-10-30,535.6091918945312,537.0377730939102,524.7595630858532,526.7866071614814,1696200
2023-10-31,533.2540283203125,534.7888343120385,529.9914093724869,532.9837243054939,1394700
2023-11-01,537.4625244140625,539.0455819434262,530.5608766925401,535.7250495499588,1735300
2023-11-02,537.6463012695312,541.0696676536828,533.8168528039494,538.1588618502204,2100600
2023-11-03,542.4136962890625,544.4347803260933,536.9305275234501,538.9613504444864,1826800
2023-11-06,551.039794921875,553.7765398883001,541.6691570196034,542.0172779205022,2056900
2023-11-07,552.4419555664062,554.9756002118949,550.7882929369357,553.6313980230965,1373100
2023-11-08,548.6802368164062,554.1053276986054,545.6920513811831,553.2640059692185,1343600
2023-11-09,544.7056274414062,550.2467578020367,543.4871453880951,550.2467578020367,1288400
2023-11-10,558.09912109375,558.8437621168501,546.3205598503442,549.1830246329449,1908800
2023-11-13,559.172607421875,560.8359501478322,554.58883835414,556.049081036805,1650700
2023-11-14,571.3282470703125,572.0535283738946,562.054349855028,562.5668512839833,2037600
2023-11-15,577.1113891601562,580.1188758024667,573.8331024096126,574.4133040364507,2165100
2023-11-16,559.5111083984375,567.2571233140394,553.3800368985583,567.054023270419,2954700
2023-11-17,558.1283569335938,560.8070233440623,555.1401709528786,559.8206805640491,1773600
2023-11-20,561.6578979492188,563.1278204573231,558.3119709037875,558.3119709037875,1624100
2023-11-21,565.0426025390625,565.6712034192767,558.669829108384,562.8184178471271,1173700
2023-11-22,569.6649780273438,571.6570816973172,567.0249138794891,567.5084347607792,1068600
2023-11-24,571.869873046875,574.6162979615082,570.9511714544685,571.5411118602574,645800
2023-11-27,575.293212890625,580.1670825044387,572.8852291348302,572.9916485948811,1627400
2023-11-28,574.4228515625,577.7301181206599,571.927867094776,573.6395500349477,1286800
2023-11-29,568.4851684570312,575.5929609770631,568.0596677115183,575.5832811154645,1319800
2023-11-30,573.2044677734375,573.5236081612242,563.621107488072,568.4563175061002,1755200
2023-12-01,576.5986938476562,576.695374421691,571.1252630344915,573.7266079303604,1475300
2023-12-04,579.3353881835938,579.7705687758529,571.966534769625,572.633795938144,1624000
2023-12-05,585.3987426757812,588.8124286348814,577.3530066665695,578.803569397928,2349700
2023-12-06,587.41015625,588.4255382709164,583.9578101600493,585.5437727771524,2233900
2023-12-07,590.8142700195312,592.1680932869614,586.3658417945496,589.8955683951885,1690400
2023-12-08,590.64990234375,593.3865885272562,587.7003772183958,588.541698981319,1502100
2023-12-11,603.2987060546875,604.4301875005385,598.366816297128,601.4709828177432,2139300
2023-12-12,608.7529296875,608.9366700256315,602.6702568490322,606.760825558917,2374400
2023-12-13,620.8408813476562,621.4210828609904,610.2034207638179,613.0271665012968,2436900
2023-12-14,609.9906616210938,620.7441618330735,609.5264414159934,620.0478610371971,3839200
2023-12-15,637.1065673828125,640.0657133089866,619.3903522542439,620.3573941781381,8807700
2023-12-18,658.7876586914062,659.4355602812605,639.311419353651,642.5993856435678,5733400
2023-12-19,655.4030151367188,658.362161203221,647.0671180793314,652.7533295833645,3437300
2023-12-20,639.2146606445312,652.124645688068,639.0212404704885,649.6490209215516,3782700
2023-12-21,643.2376098632812,645.3458132955589,637.715837997655,643.9145510460124,2388400
2023-12-22,649.46533203125,651.0803345400021,644.049920870589,645.9840047170471,1641700
2023-12-26,652.3858032226562,653.5849257373995,648.6723953720679,650.8288799260479,1774800
2023-12-27,659.487060546875,661.2475679106632,653.1572868311727,655.4320502034684,1875900
2023-12-28,655.82763671875,659.5464097686967,654.3342478725285,658.5474769651365,1496900
2023-12-29,652.8407592773438,655.9166366644623,649.9527401629557,653.7506525115557,1947500
2024-01-02,643.5140991210938,650.5856461431187,642.3766874604254,648.3900226996503,2657700
2024-01-03,637.61962890625,648.2616326720971,636.0470400190396,644.0681427939071,2612600
2024-01-04,641.2393798828125,642.7724289870971,633.4853966789475,635.0381853901426,2171100
2024-01-05,648.8154907226562,652.4155850126922,645.0868173247063,648.9836094153983,2233500
2024-01-08,654.4330444335938,654.8187816712865,646.8570805732375,648.6175273749328,2245300
2024-01-09,659.8628540039062,659.9716331171551,651.0406988952741,651.6538943627447,1886200
2024-01-10,665.3817138671875,666.4399862033912,661.6728408801156,662.2167968450652,1801900
2024-01-11,666.1928100585938,667.1126034287851,660.3179521088402,663.6410882267792,1670800
2024-01-12,675.7467651367188,676.2214815668494,668.6949563962544,670.0697264852419,2388400
2024-01-16,674.015869140625,678.9907324796596,670.7223734250207,675.7466763247342,1626700
2024-01-17,676.6863403320312,677.358875378707,671.7411764307948,673.0368069582879,1786800
2024-01-18,679.7720947265625,680.1775715917755,672.7499863712294,675.3412473383479,1900600
2024-01-19,687.3480224609375,688.4953341909517,675.182932396345,680.9490099055117,2267900
2024-01-22,684.9151000976562,690.9976154748507,682.9469345240906,687.8030589126774,2452900
2024-01-23,680.049072265625,684.0447429446097,677.1215135201957,683.1446893146046,2208600
2024-01-24,678.98095703125,682.4029720859708,675.6281211547099,681.4436391892444,1946500
2024-01-25,672.4434814453125,678.9710743282318,668.5466894708078,678.9710743282318,2751900
2024-01-26,679.3468627929688,679.7029001175334,672.047795810533,672.6214517439574,1825500
2024-01-29,686.3986206054688,686.5172997048447,678.7336168809708,682.3337105374225,2215400
2024-01-30,693.0547485351562,694.9438347533612,683.2237613095471,685.3403057264545,1610500
2024-01-31,687.2590942382812,697.782417371173,685.4392473853317,693.6284676749505,1928500
2024-02-01,697.7779541015625,698.5901603372329,684.9214578676509,687.3976742735354,2039200
2024-02-02,702.7305297851562,707.4849146146679,695.5792443691982,696.6489870012898,2377400
2024-02-05,704.3944702148438,706.0783096365643,698.9666226350582,703.8794582580118,2276900
2024-02-06,704.0279541015625,705.9395859998234,697.6393638457001,704.4637706271171,1920200
2024-02-07,712.9324951171875,716.4387960215896,705.2264801224061,707.3560505573872,2145500
2024-02-08,717.2708129882812,721.242674277702,713.8041095821847,717.0034226917347,1918500
2024-02-09,716.51806640625,718.6278078059754,713.2692411778346,718.2415035036014,1426100
2024-02-12,715.5374145507812,716.9142054655042,708.4950691720123,716.6369006474733,1572600
2024-02-13,707.455078125,714.9134714949745,702.2946209997658,714.5271671987473,1951100
2024-02-14,715.3096313476562,715.6761065665213,704.3053393336129,709.188431193294,1472500
2024-02-15,717.6176147460938,719.1231740560831,711.446901210548,714.6263252079364,1264100
2024-02-16,717.1025390625,722.1243144658944,711.6647761243354,715.1215654337615,1764900
2024-02-20,718.7861938476562,727.9680236005039,716.825049805107,721.1039589970796,2407300
2024-02-21,716.1416625976562,721.8567293439284,713.4178243650437,718.7862449726039,1564200
2024-02-22,727.4134521484375,729.0477189205911,718.9447425523747,718.9447425523747,1801600
2024-02-23,730.9097900390625,735.4462357219036,730.1074982886796,733.0789581722469,1265800
2024-02-26,738.2592163085938,739.6756654485913,731.9696501273274,734.9411101413762,1707000
2024-02-27,737.6253662109375,739.5369982720806,734.2775163553988,738.903072280077,1471300
2024-02-28,740.8443603515625,744.7270507980445,736.139549120624,736.139549120624,1365000
2024-02-29,736.8131713867188,745.400674213894,735.9217091681215,744.271504858207,3361200
2024-03-01,742.3104248046875,744.2319716019109,732.2173619625656,733.3960436647983,1678100
2024-03-04,751.9577026367188,757.4648063949331,746.5001111237207,747.8967312567935,2133400
2024-03-05,752.720458984375,761.9518032545722,749.699486322301,761.1098531982454,2353400
2024-03-06,765.8839111328125,767.7856286320496,756.3950318066608,757.563859289582,2400600
2024-03-07,778.1165161132812,779.5923317048506,769.6181228319089,771.6981208346754,4187900
2024-03-08,718.6575317382812,749.0258275337388,718.2018860900552,748.8574617210402,8590200
2024-03-11,707.2867431640625,713.1504073640152,704.2459418114554,712.9622124772249,3762500
2024-03-12,729.8698120117188,733.0096377844158,710.0897620522883,710.2581883110774,3727400
2024-03-13,727.21533203125,729.4934393027328,719.6678283713625,728.0077092837863,2270300
2024-03-14,724.98681640625,733.6337467181216,722.0549537507965,731.3061269486458,1826100
2024-03-15,718.7269287109375,725.5513971503932,716.3398217109522,725.5513971503932,3390700
2024-03-18,724.5806274414062,726.3635518863903,719.1131819009239,719.1923773106258,1595200
2024-03-19,725.20458984375,728.3543301198807,723.0750798299939,724.8282000823407,1322700
2024-03-20,733.6732177734375,735.0302400565902,722.1935117393189,724.045716876363,1398700
2024-03-21,735.495849609375,745.1530955656192,734.049717169225,736.426909586414,2106900
2024-03-22,727.8096313476562,737.7045840292501,727.393643851615,737.3480233183576,1794100
2024-03-25,724.0061645507812,727.1756735595594,719.8262793296032,724.0457622543128,1604700
2024-03-26,724.0260009765625,727.710643203353,723.2732213574055,724.0458300574397,1353500
2024-03-27,725.1155395507812,728.8892915599797,720.8267150984389,727.0172571381025,1246700
2024-03-28,725.6602783203125,727.9087024823872,721.3912830470035,726.8686430802487,1713300
2024-04-01,714.378662109375,726.2942468670163,713.3485776411586,724.7986021846011,1600700
2024-04-02,704.5331420898438,713.1503880361824,701.6607670774025,713.1503880361824,2326700
2024-04-03,698.9765625,704.0478495731446,690.6366814042091,703.2257286839892,3205500
2024-04-04,698.1742553710938,710.3077171930357,697.5205003082027,702.0272630628172,2252400
2024-04-05,706.9300537109375,710.0699397005618,699.3033553993537,699.3231240219153,1552900
2024-04-08,705.0382690429688,709.3270929769127,704.1072092145619,706.7221083651308,1459000
2024-04-09,711.75390625,712.209491467931,700.2543090406543,709.426226095276,1386400
2024-04-10,715.7059326171875,717.0925777942371,702.2055933806857,704.2360791269282,1832000
2024-04-11,725.3828735351562,726.8091767285293,717.260931373359,724.5409840649357,2107800
2024-04-12,724.352783203125,725.9276835627146,719.6281425788632,721.0742748387281,1481800
2024-04-15,711.4468383789062,733.9506678959578,711.1199608303126,728.4336495480553,1808000
2024-04-16,709.1587524414062,715.6266597825899,705.3553172667771,711.4666034410482,1412300
2024-04-17,708.38623046875,716.9143069893446,704.2360885134788,716.1219296698245,1376700
2024-04-18,704.4835815429688,712.110340316303,702.8195713395236,708.3861010947577,1846400
2024-04-19,702.7601928710938,708.0691868071971,695.3216284552121,706.2467252253144,2190400
2024-04-22,708.6536254882812,711.4269761156711,699.4519654927769,708.059297204513,1437100
2024-04-23,715.8049926757812,717.3798932862423,709.4856820615439,712.1897521319947,1176200
2024-04-24,717.00341796875,718.5287456937615,709.2776339483844,712.8631908969965,1206600
2024-04-25,716.1402587890625,721.5272263990802,708.7492774655491,721.5272263990802,1613600
2024-04-26,723.4022827148438,725.158277369411,709.3346462278661,709.3346462278661,1524400
2024-04-29,720.574951171875,726.4480271787235,714.5133176538111,723.7496081261197,1526900
2024-04-30,717.172119140625,719.7614242482341,711.4180270549912,719.7614242482341,1734800
2024-05-01,716.4974365234375,724.0769152593657,709.6521452359661,716.547088787993,1609100
2024-05-02,726.636474609375,728.5809662423013,714.9200542029017,719.0074043167432,1826900
2024-05-03,738.0057373046875,741.5672580536688,727.5392817213133,728.4619661575908,2323300
2024-05-06,750.4562377929688,750.9423455620354,740.565204164511,743.650607922955,1773300
2024-05-07,765.1984252929688,766.1210490542247,749.5831528608809,752.6784263023642,1897800
2024-05-08,757.361083984375,767.2620484955846,756.6666788849973,763.8988946736769,1511900
2024-05-09,772.8672485351562,773.5319833819129,757.559515529662,757.7480124852052,1716200
2024-05-10,780.95263671875,781.2105862752836,771.9941576131074,772.8671897037417,1652700
2024-05-13,769.0081176757812,783.224530221626,767.4505503157759,781.756276388659,1596800
2024-05-14,771.736328125,774.6232440769496,765.3175617284899,768.7898294539884,1327700
2024-05-15,780.8038940429688,783.4031297196633,772.3514431426876,772.3514431426876,1661700
2024-05-16,786.7860717773438,798.1850204171556,781.5876009051877,785.5360457711379,2000000
2024-05-17,789.50439453125,791.2801896620447,784.3455846373531,787.3218141278847,1309100
2024-05-20,786.7166137695312,796.6175172245894,786.1114616759244,788.9487857505924,1347100
2024-05-21,794.5838012695312,795.0897699583813,785.7245656427995,789.2662859132078,1375700
2024-05-22,795.5064697265625,799.9608836463298,791.6869993167006,793.7008831805136,1192800
2024-05-23,790.0302124023438,801.6473892548082,789.127388894764,797.9271024469138,1519200
2024-05-24,803.3140869140625,810.3975276735886,792.7584389476712,794.2862149628154,1623000
2024-05-28,806.726806640625,808.8300039141665,798.343748353775,803.3239916126637,1986300
2024-05-29,800.129638671875,806.9947917882687,799.9014198788598,800.6256769717903,2282800
2024-05-30,808.8796997070312,813.0067114041207,801.8954422252012,803.7804118413873,2277800
2024-05-31,803.4727783203125,805.3080954584095,781.9546385628591,802.619607139983,4360700
2024-06-03,808.9292602539062,821.3500166805366,800.7346987933051,804.5740299490619,2008700
2024-06-04,820.8341674804688,821.4492500495699,806.5978337628148,808.5224645423855,1754500
2024-06-05,827.6893920898438,827.778705615392,815.1693918027123,824.3262383027228,2080000
2024-06-06,835.96337890625,842.3622846131265,827.7092949387559,828.8005548973971,1735000
2024-06-07,838.8800048828125,843.6419596379179,835.6160346741582,839.9712647355204,1593600
2024-06-10,841.6181640625,842.7490851987835,836.0624995995162,840.4673214691389,1401600
2024-06-11,842.5804443359375,844.1975337878195,833.6021646056223,842.5109917184991,1690500
2024-06-12,841.0923461914062,848.959505300358,836.9256129240266,845.5566902882682,1838300
2024-06-13,839.2570190429688,841.0923362627302,830.9136221537926,841.0923362627302,1322400
2024-06-14,848.8900756835938,849.396044383195,835.2390934537136,836.737138646166,1395500
2024-06-17,861.0330810546875,863.6621079776565,846.60831066751,847.7194314938143,1904900
2024-06-18,863.8505249023438,867.0351119434315,860.8247039940442,861.1223148035996,1763800
2024-06-20,855.6063842773438,866.9259495100072,853.7412757762845,864.4060972188711,1944600
2024-06-21,841.58837890625,860.1004989971789,840.9336350856818,859.7731573626656,3833100
2024-06-24,841.4396362304688,843.8900968430246,834.8423633766845,843.265083760349,1722900
2024-06-25,848.7313842773438,848.9099507828572,838.3046504749058,842.5904282618623,1564200
2024-06-26,850.0509033203125,852.9278890032548,843.3245952024508,845.963492200079,1505300
2024-06-27,843.880126953125,851.5290587422257,841.9158348145381,850.913976142233,1254900
2024-06-28,843.255126953125,850.4476818545355,840.1003308280713,844.5051530794107,2131700
2024-07-01,838.96923828125,849.2174045215542,833.8402202107083,846.7372135036759,1989000
2024-07-02,852.5508422851562,853.5429187802428,836.3998684319511,838.9891735517563,1377900
2024-07-03,855.82470703125,856.6779388605463,848.2254275047067,848.2254275047067,814400
2024-07-05,878.6524047851562,879.9123613567793,851.9159301483056,857.7096837355128,2620700
2024-07-08,873.8607788085938,880.9144289007842,870.7059219358724,879.7635861361505,1611300
2024-07-09,879.8229370117188,889.5651345911486,875.9736757098166,876.8467077917865,1356800
2024-07-10,877.3031005859375,883.2158978749054,873.7217192256236,880.3686433805241,1755800
2024-07-11,839.8820190429688,883.7020183943299,839.8125664260615,883.7020183943299,6021100
2024-07-12,836.2213134765625,843.2650324683271,831.7371082803543,843.1559185847314,3288400
2024-07-15,842.005126953125,851.1025126871298,837.9772985054188,840.1499486133902,2064000
2024-07-16,844.0289916992188,844.4952386162238,834.6737170337387,841.0824928383898,1687600
2024-07-17,839.5745239257812,843.2154277022419,835.9732814105021,841.2907968829234,1783100
2024-07-18,832.71923828125,848.5230094953383,818.5722178504606,842.6995253451614,2338500
2024-07-19,831.489013671875,842.1538351731914,828.9393700095616,829.8818547176602,1984400
2024-07-22,840.7053833007812,842.858232730362,831.9552620058375,839.0486326329869,1920200
2024-07-23,845.3582763671875,847.8087367640155,838.8800484278898,842.1737496136236,1744100
2024-07-24,824.2369384765625,839.2966512649907,822.9273903360636,837.907720056466,2511300
2024-07-25,809.48486328125,830.0208597279016,807.8281124172438,829.167627886057,2183700
2024-07-26,812.2764282226562,816.92600922281,803.7423932869559,812.6738480024497,1441500
2024-07-29,810.2498168945312,818.3765489407216,808.7894172959575,817.2042392978374,1320400
2024-07-30,804.7557983398438,816.6478307101245,798.0497486351073,812.67387532954,2017200
2024-07-31,816.6478271484375,820.1051489103885,805.9877112905909,815.0780978013836,2135000
2024-08-01,811.5711059570312,818.8036731172969,804.4080296537404,813.2202707363878,1861400
2024-08-02,816.727294921875,824.8837992140428,799.7684337205546,810.8855758893809,2598500
2024-08-05,796.6092529296875,805.5407087891757,787.8367286198267,792.8041733147815,2820900
2024-08-06,811.5612182617188,827.6656951757611,799.8181721759212,799.8181721759212,2476300
2024-08-07,805.0239868164062,828.4008080922778,803.9907802628012,818.7440651331104,1702000
2024-08-08,833.96435546875,837.2726903868044,815.1079561066365,816.1511072933388,2345000
2024-08-09,849.3634033203125,852.1849382952784,832.1760585843462,833.0403890206825,1710600
2024-08-12,857.9472045898438,864.5837030720281,846.8499507114018,851.6683475535722,1748200
2024-08-13,859.1890258789062,862.3979754280034,850.5853785674325,859.2883505078069,1484100
2024-08-14,857.0928344726562,861.0866186343391,852.9102243558928,859.2387438253702,1341500
2024-08-15,871.6373901367188,874.5980280477521,863.3417827622828,867.1865796365681,1923800
2024-08-16,864.9214477539062,871.63738115808,862.9642432711604,871.63738115808,1516300
2024-08-19,866.669921875,867.9416166325716,863.0437241734197,864.9214325399544,1318400
2024-08-20,870.494873046875,871.0512243329778,865.4975954239541,866.3222080822333,1104600
2024-08-21,875.6809692382812,885.3178236955986,871.5083037308319,875.0054040628276,1465500
2024-08-22,871.8461303710938,878.2442014132342,867.4946440696325,876.55525812912,1440900
2024-08-23,873.4853515625,878.8004926422713,865.994406843142,876.7439634511284,1305800
2024-08-26,886.6987915039062,887.4339635909031,875.7008620589448,877.4195784589646,1737000
2024-08-27,902.9819946289062,912.9466557618731,881.2941171450456,886.8775193503587,2098900
2024-08-28,882.2677612304688,906.2803697595435,875.9193529250782,905.0286247440873,1668400
2024-08-29,880.8569946289062,894.5969619459794,879.406479126562,885.1985359079854,1709900
2024-08-30,886.569580078125,890.4938731422116,877.3499744932559,884.7018161990825,1933500
2024-09-03,872.8495483398438,891.0502722266381,868.7464343403308,890.8416177284805,1784200
2024-09-04,884.2249145507812,885.9535753477819,870.8823673433435,871.7367531518794,1425200
2024-09-05,880.2112426757812,882.8440124155546,863.0437866696102,882.8440124155546,1998800
2024-09-06,870.9718017578125,887.3842570395749,865.3287923403203,885.4568862361772,2074600
2024-09-09,890.65283203125,892.9776226798411,875.959153396545,878.9793377475813,1954000
2024-09-10,888.4672241210938,894.8255777481937,881.7413450659495,886.7882253457902,1360800
2024-09-11,894.5374145507812,896.1269725085571,872.1540809096086,889.1725503272268,1796100
2024-09-12,909.0722045898438,909.7378251942749,890.6727702048788,894.5572852399946,1867300
2024-09-13,910.0357666015625,917.814801104684,903.4389862294703,907.6812029298248,1327500
2024-09-16,901.958740234375,916.622645733677,899.4551288649092,915.9967428913105,1661000
2024-09-17,891.4278564453125,902.6840426764384,889.6196992658375,902.5151665322069,1387000
2024-09-18,886.7086791992188,899.087511341905,885.1488944433291,894.0803494160962,1338200
2024-09-19,894.8751220703125,899.2365526018789,889.6692502854777,898.372222167864,1747500
2024-09-20,901.0745239257812,901.8991366737877,889.868000904101,895.699775771869,4658200
2024-09-23,911.1087036132812,913.5129294724767,894.914848693085,901.0744305936895,1697600
2024-09-24,895.6698608398438,906.8267811719161,891.6860217323949,906.0717199903768,2432600
2024-09-25,902.505126953125,904.4324977536459,895.2626150436264,897.1204343479006,1728100
2024-09-26,895.570556640625,903.3197572425731,892.2821111001558,899.4054088998558,2738600
2024-09-27,879.8536376953125,887.6723905133149,868.3093014899106,887.4439074696345,3459100
2024-09-30,880.7477416992188,904.0748401486456,875.6709676660046,885.5661382954619,2142900
2024-10-01,871.667236328125,881.2146494512097,867.0673781846448,879.4859885854561,1836700
2024-10-02,872.8098754882812,875.4922471404315,861.5138503511957,868.9551335150651,1317100
2024-10-03,869.9683837890625,875.442517177228,866.9879171722972,868.7464118802683,1451900
2024-10-04,877.3599243164062,878.5322338836061,869.9683648422968,872.2732662522607,1516400
2024-10-07,867.9019775390625,881.9300356765399,866.6501718479641,875.8597725337969,1963200
2024-10-08,884.6223754882812,885.5065951684674,870.9917367919654,870.9917367919654,1697900
2024-10-09,903.1807861328125,904.0749504487974,882.0890349896101,886.4305768786572,1956500
2024-10-10,887.8114624023438,904.074870328553,886.0331391573309,904.074870328553,1765800
2024-10-11,883.241455078125,888.6758101885861,879.7344101978681,888.6758101885861,1527300
2024-10-14,883.9666137695312,889.3413615539537,880.4894029326357,886.639101095398,1431500
2024-10-15,888.7850952148438,894.7858070123494,883.7580437784189,886.2815444066019,1613900
2024-10-16,881.6021728515625,885.5264660803341,873.7734755758268,884.1256127933913,1475500
2024-10-17,879.5256958007812,889.5003623636954,877.0519183405352,885.754890107482,1321500
2024-10-18,883.7679443359375,884.8110955072093,877.9957765079693,879.9926988106098,1654000
2024-10-21,880.9961547851562,885.596013157173,877.9461366426523,883.2116155866539,1184900
2024-10-22,887.67236328125,889.063271958309,878.5521427052167,885.1786965084115,1189700
2024-10-23,893.3153686523438,899.7829908864488,889.162592459744,890.1859151001224,2193500
2024-10-24,887.602783203125,897.6171676973435,882.4764074650083,895.630190015667,1649600
2024-10-25,885.4171142578125,895.7494226750545,884.2050869526032,889.8183232765588,1425800
2024-10-28,885.1588745117188,890.1560920473775,884.2051033571596,890.1560920473775,912500
2024-10-29,881.2147216796875,885.3674980615702,868.398751078241,884.2051330113504,1361700
2024-10-30,873.3661499023438,880.7974271819926,871.657317529002,880.6086618728051,1412200
2024-10-31,868.488037109375,871.9354747976507,862.9940755440953,871.488392707424,1771900
2024-11-01,872.755859375,874.8449339350434,862.8376430396523,869.731661949781,1625200
2024-11-04,881.4703369140625,882.3955019128463,872.1787949918406,876.7649102063278,1576700
2024-11-05,885.5490112304688,890.9309613192405,882.1965101338573,883.3902929436606,1622300
2024-11-06,894.5819091796875,895.2285592562463,881.6792668070368,893.6169736851645,2437400
2024-11-07,909.1857299804688,914.7069074703983,889.727269484321,893.9552074920276,2145500
2024-11-08,938.900634765625,957.0061690259964,909.0066392385698,909.2553414654477,3277100
2024-11-11,928.0374145507812,946.3419242364004,926.6048871778344,938.9007117099407,2181800
2024-11-12,927.5399780273438,934.6826990357889,922.187900993669,931.0914532817702,1691400
2024-11-13,928.8828735351562,932.7228819473038,918.4075676311207,925.1722558528332,1757600
2024-11-14,919.0940551757812,926.3163778660456,917.38295220865,922.1878964371705,1859900
2024-11-15,902.361328125,915.7713328442196,900.859156951233,912.9759222270385,2269900
2024-11-18,914.7367553710938,921.1333694099156,902.401100534739,905.9128051503434,1797300
2024-11-19,925.321533203125,929.1515232245932,911.6030794555356,923.182669756341,1690500
2024-11-20,923.2623291015625,923.9785624176686,911.7424241876201,920.2779021811448,1452100
2024-11-21,950.689208984375,953.5144324346762,925.1723348174055,930.1463796282517,2320500
2024-11-22,959.0057983398438,971.23197863911,953.5443068467473,957.7423715267034,2078700
2024-11-25,955.9019165039062,969.9386551876103,944.7600449365497,969.9386551876103,3240900
2024-11-26,966.4568481445312,969.3119448353673,955.9019402683288,958.9957813806774,1438000
2024-11-27,956.5584716796875,967.2427093947011,953.6138762384194,966.4170617369487,1499500
2024-11-29,966.8348999023438,968.2176988762221,957.4737139447287,963.0645959468252,1095900
2024-12-02,969.938720703125,971.4309341195913,959.7518868283124,966.3176015734366,1955800
2024-12-03,977.0516967773438,977.8972601513863,965.7208075425613,969.6303996789412,1653900
2024-12-04,985.7760620117188,986.004909357348,972.475471284877,976.9023832303484,1784700
2024-12-05,977.1610107421875,984.9901520151606,973.1220889918121,981.5381335200826,2089400
2024-12-06,987.4573364257812,992.530898702868,977.161087672509,977.161087672509,1737300
2024-12-09,982.7319946289062,991.8345211778834,975.4102150323711,991.8345211778834,1855500
2024-12-10,988.2432250976562,989.8249373097004,980.7622424403996,984.5922325713525,1556800
2024-12-11,989.5264892578125,1002.5684196555368,988.4322237307131,989.8348775949636,1903600
2024-12-12,983.2592163085938,997.2660823744309,982.0853490533167,996.4802051755972,2344300
2024-12-13,984.2142333984375,1001.4542899060053,960.7168503077172,975.907602759121,2951900
2024-12-16,987.7159423828125,1003.0161086597543,981.2496843056606,983.9157649651188,2581300
2024-12-17,976.98193359375,991.7448635478249,975.6687785701963,988.8400385845,2050200
2024-12-18,959.73193359375,980.4836327861186,958.9957847187513,976.9023450143297,2725300
2024-12-19,949.8435668945312,969.5806030451516,948.5602852163025,969.4512730250605,2610800
2024-12-20,949.1173706054688,956.9465120887567,938.1545566806761,944.461672062604,5373800
2024-12-23,944.9789428710938,949.306398234094,932.1359860441133,948.9283659756713,1856800
2024-12-24,953.8427124023438,954.3998029784138,940.5421217701419,945.8046391890595,939000
2024-12-26,951.1766357421875,954.4296196919018,949.04773003533,951.8530985360982,969000
2024-12-27,934.8218994140625,945.5160946765471,927.1618590358759,943.7950340574796,1943400
2024-12-30,917.4228515625,929.3207286256736,910.7476611551853,926.1672010218214,1881200
2024-12-31,911.5136108398438,919.9396134534214,907.8029321890816,918.855305706374,1742900
2025-01-02,905.0870971679688,920.9642693211997,897.3176419650529,910.2501578692055,1765100
2025-01-03,911.8219604492188,919.4123572293847,906.2709097746078,909.5836404195887,1612200
2025-01-06,917.9202270507812,922.59578073946,908.5292277356873,913.2147392292196,1970400
2025-01-07,916.587158203125,926.47556203501,911.6727993426445,919.0443679925264,1888000
2025-01-08,922.555908203125,925.669664861791,910.6679299174968,918.1886826379906,1774800
2025-01-10,932.0762939453125,939.3782183066136,918.7060593160302,928.5148609264771,2765800
2025-01-13,919.89990234375,930.1364651830652,916.2190968684747,929.151613979539,1693800
2025-01-14,912.4685668945312,922.9439339741884,905.1965161130208,919.501873250007,1683800
2025-01-15,918.7060546875,928.0274095836044,913.5330360637333,922.4465460111207,1839400
2025-01-16,914.9755249023438,922.5858376001123,913.0555509294373,919.9296540063372,1353000
2025-01-17,938.2938232421875,938.9006421081189,919.7704860969318,925.1722912207646,2375000
2025-01-21,942.810302734375,951.5845252944265,938.6022801451454,940.3431958740845,2042400
2025-01-22,939.7960205078125,946.9984275395274,934.3643418209459,946.2920913314686,2155000
2025-01-23,937.2691650390625,938.4928213248223,931.6286153453083,936.8016339816344,1352400
2025-01-24,934.8021240234375,941.129094760006,928.7138977345397,937.2692309404664,1562400
2025-01-27,960.2393798828125,961.9703378146005,922.3669942571798,925.1723629018551,3044700
2025-01-28,953.6934204101562,960.6969138469232,949.1173238090728,956.8370505009731,2166400
2025-01-29,959.0158081054688,963.2337886230887,950.0426113412615,952.8280644455083,1713700
2025-01-30,973.9279174804688,981.6277290197693,965.0641357553153,965.2631096884943,1788200
2025-01-31,974.7933959960938,985.8556666309961,970.7147036000844,971.1722768560514,1873800
2025-02-03,1000.6087036132812,1004.3690498723846,963.9101868594798,967.3422898821311,2751000
2025-02-04,1016.5554809570312,1019.0325455809216,994.4608125616448,1000.1809641472771,2001600
2025-02-05,1037.4664306640625,1037.6753016975345,1014.7051955380567,1014.7051955380567,2047600
2025-02-06,1045.5341796875,1057.4818441039247,1038.7793885027868,1044.549328606887,2218000
2025-02-07,1039.5389404296875,1052.3860582588973,1031.2728541879742,1042.7158290620441,1632900
2025-02-10,1057.5748291015625,1058.6503661408015,1041.7199275477687,1047.6953764629568,2036900
2025-02-11,1054.0093994140625,1061.6380898972436,1044.7475265441296,1055.5730432921628,1748500
2025-02-12,1060.76171875,1062.6340309964066,1046.6995000723743,1049.8366351622078,1662300
2025-02-13,1072.45361328125,1073.8180025552424,1060.293613927973,1062.643942524079,1623300
2025-02-14,1067.4639892578125,1073.0809250913953,1063.6397364924721,1072.075048263331,1410700
2025-02-18,1051.7088623046875,1066.6175774170795,1040.9629749796834,1064.8348630115465,2090600
2025-02-19,1058.1922607421875,1058.829656532313,1048.6912583027663,1051.7387955270397,1349600
2025-02-20,1030.5955810546875,1049.3286716003133,1029.6196105247425,1049.3286716003133,2000500
2025-02-21,1030.7947998046875,1031.9699032943008,1020.4871751850062,1030.3764746331833,1816300
2025-02-24,1031.362548828125,1033.9419171293882,1021.0250164361136,1024.3314998719318,1759700
2025-02-25,1051.3404541015625,1052.6948746259638,1033.2148524423203,1036.471491613639,2083800
2025-02-26,1027.747314453125,1054.557205879427,1025.964721515308,1045.843009481505,1555700
2025-02-27,1017.5293579101562,1038.26417329681,1014.661137518691,1029.7690474325789,1629100
2025-02-28,1044.319091796875,1045.085960421792,1019.799841265225,1026.3927474792195,3307100
2025-03-03,1042.56640625,1061.6380713391586,1036.879809704869,1047.4364116160295,2422500
2025-03-04,1032.627197265625,1043.6419988907476,1024.5204909748647,1041.4509281908934,2536800
2025-03-05,1043.4627685546875,1046.6795324413965,1024.2915365864912,1028.8527521671956,1898600
2025-03-06,1022.419189453125,1041.610358379888,1014.8801576892848,1028.7232440882276,2594600
2025-03-07,960.3641967773438,998.3182422233216,938.9223256688251,991.0780312233506,5510700
2025-03-10,930.5865478515625,955.7332297241644,920.2490767310682,951.5603719641854,4459900
2025-03-11,926.6824951171875,934.1617744872008,917.4305309818244,927.1904179611769,3204900
2025-03-12,923.2864990234375,940.5156970085887,919.4721539778155,934.161798463245,2331600
2025-03-13,886.9757080078125,919.7211727066997,883.8385730341728,918.2273104879016,3447200
2025-03-14,900.2212524414062,903.238883227469,877.9527614263606,888.1608196748543,3186400
2025-03-17,912.859375,919.6116615835388,894.3255385065314,897.9406900339285,2256100
2025-03-18,894.3753051757812,913.8054829780174,893.1702952125978,909.2641442290565,2182000
2025-03-19,900.3507080078125,906.4356919262642,892.3336599388805,899.1655749342899,1908500
2025-03-20,891.7362060546875,903.7667330680897,890.441476796179,897.8112216205958,1891800
2025-03-21,905.5394287109375,906.0473515788091,880.3429653820994,885.1133434036037,3447600
2025-03-24,922.250732421875,924.8500988087712,916.2354692672584,916.2354692672584,2208100
2025-03-25,926.4535522460938,928.4752142408838,918.7153262445679,922.8384006937879,1623000
2025-03-26,925.9456176757812,935.5760326245943,919.671408384778,930.5068940976378,1644700
2025-03-27,934.90869140625,939.0417341697708,924.2026797603196,925.7562939026385,1547000
2025-03-28,925.85595703125,934.9087889879092,922.2109598964622,933.6639037828654,2100500
2025-03-31,941.9100341796875,990.9286038800542,918.2671237670669,918.585821667589,3102000
2025-04-01,950.4947509765625,953.8011125027112,934.9087643067132,938.5637301523174,2041500
2025-04-02,961.1310424804688,966.9172663286622,946.1127307451471,946.9493203263332,1719900
2025-04-03,963.122802734375,977.3343696975917,924.2026979598588,927.2701118652426,3096900
2025-04-04,912.7299194335938,960.573387831753,910.3995283064916,951.0923224021299,5167000
2025-04-07,904.4140625,933.9825775576345,868.1431051229166,884.1174497785507,4626600
2025-04-08,905.031494140625,939.1313780703931,895.8890649933762,928.236140925471,3545400
2025-04-09,961.2405395507812,963.5012703845966,893.9968053217395,904.2845529941084,5084500
2025-04-10,960.3641967773438,989.3450999626092,939.0318609780909,962.5452380824286,4209100
2025-04-11,959.4677734375,966.2399969874514,939.3006348841246,960.0155715080145,2721800
2025-04-14,975.312744140625,983.0907841006335,961.051332615236,966.0308731987346,2219900
2025-04-15,972.9225463867188,989.9326741454706,970.263488718536,981.3180445683715,1788200
2025-04-16,963.7901000976562,974.6455231109305,955.3149121215841,968.152182602884,2531700
2025-04-17,990.4306640625,995.8284692640219,968.0127616791704,969.2975221068612,2711100
2025-04-21,953.8509521484375,992.9104399539951,939.1114631493357,988.9367762283503,2841300
2025-04-22,975.2230834960938,983.4094798055746,962.824076099078,965.7818940221036,2230600
2025-04-23,971.8470458984375,991.6755506245464,965.0350073363651,990.4506030387015,2109700
2025-04-24,971.4884643554688,973.9981723490489,956.778942289143,969.616152167466,2468500
2025-04-25,973.1615600585938,974.3168475274338,958.9400235926236,969.9846106973959,1780900
2025-04-28,974.535888671875,981.268237142353,964.8158766917682,974.4960742306874,1616200
2025-04-29,987.6421508789062,989.1459819512191,967.0865915256416,973.9981967025753,1523100
2025-04-30,990.4306640625,993.6773343862991,972.5541004525052,985.9490773472851,2212400
2025-05-01,994.9520874023438,1002.2620801974849,980.9695584219005,986.0486658315448,1829900
2025-05-02,1005.4824829101562,1015.1553902554524,1001.802791487318,1005.013825451866,1547400
2025-05-05,1012.0541381835938,1014.9360773515297,999.6987445782579,1004.6947550251608,1952600
2025-05-06,1007.6763305664062,1013.3902995846815,1000.7058726643082,1005.6320711137346,1381200
2025-05-07,1004.3357543945312,1011.2662853819788,998.6715724052643,1008.3544617531236,1316000
2025-05-08,1004.8942260742188,1014.1582455604588,988.6298027614176,1010.6680254429941,1882600
2025-05-09,1005.2731323242188,1007.8858064187586,995.2611480290266,1001.8028150608266,1176700
2025-05-12,1013.3106079101562,1014.068433124495,989.4673852681626,1006.9683333290195,2069000
2025-05-13,996.2384643554688,1020.9691541549438,984.8403493613687,1010.887358021192,2917000
2025-05-14,988.7693481445312,997.0661071263447,987.7522396873176,995.969205168598,2215000
2025-05-15,1007.6464233398438,1011.166588706862,980.2532117345614,989.8762711701684,2470700
2025-05-16,1022.9635009765625,1025.3867644395075,1006.1805725142287,1009.6608107422688,2033700
2025-05-19,1031.44970703125,1032.0979150804442,1010.059693512321,1015.7536990914957,1879800
2025-05-20,1033.9228515625,1035.0996079532083,1027.131943445355,1027.131943445355,2271200
2025-05-21,1022.43505859375,1036.5653855347207,1020.9391891708166,1028.0591916513545,1438900
2025-05-22,1015.2850952148438,1025.9053607992143,1011.2862904186197,1024.8482642740876,1660900
2025-05-23,1005.6820068359375,1012.2735222881095,1004.1861981990967,1009.1722269885659,1413900
2025-05-27,1014.9459838867188,1016.1027766015843,1008.1051672817207,1012.1638018500347,1868200
2025-05-28,1010.3090209960938,1021.7569232215939,1010.1295312696731,1014.2080685933236,1674700
2025-05-29,1005.9212646484375,1014.6966626055832,1000.7956127604159,1013.1709695393823,2016700
2025-05-30,1037.2735595703125,1049.5490993965154,999.2001894109425,999.4993389713769,5403800
2025-06-02,1053.8968505859375,1057.536675843453,1031.379989042547,1031.379989042547,2148000
2025-06-03,1052.6402587890625,1064.0981417601242,1040.3447571714644,1051.204341109286,1992900
2025-06-04,1048.7513427734375,1054.87420118795,1046.437878804615,1052.0521525065917,1422100
2025-06-05,1007.9854736328125,1048.1130814284368,1003.1988985290707,1047.065966769983,3289400
2025-06-06,1012.10400390625,1017.7781070446924,1005.7916744818358,1017.7781070446924,1855400
2025-06-09,1003.368408203125,1010.5183559180218,994.1841219387512,1009.5909619353033,1696700
2025-06-10,1004.4553833007812,1008.6835256394589,994.9320203790301,1004.1163065896513,2255000
2025-06-11,993.9947509765625,1002.6305257676506,990.6042271684619,999.6389085950703,2459800
2025-06-12,999.908203125,1000.4466723206964,992.5787043171172,996.2085478678052,1720100
2025-06-13,987.443115234375,1000.7857328712023,985.9073794452864,996.2883252567708,1786000
2025-06-16,981.6094360351562,999.0505548389581,978.6976122914807,989.5571975006961,2109300
2025-06-17,974.9879150390625,983.3445035649518,973.4722037828154,980.2531902812192,1668200
2025-06-18,972.1758422851562,979.9041863091891,971.348144528235,977.2615669099683,1509600
2025-06-20,977.55078125,985.8973883247049,971.1786829047896,981.2404546167485,3255700
2025-06-23,1001.6732177734375,1002.0621426255752,978.518129346538,980.4028628318742,2082900
2025-06-24,999.120361328125,1003.0294516645477,989.2979091020399,1003.0294516645477,2385100
2025-06-25,983.7833251953125,1002.1718014075898,983.2448560089599,1000.1973535263559,1827700
2025-06-26,980.1634521484375,984.9699910455582,973.7713902331204,984.9699910455582,2262800
2025-06-27,982.38720703125,990.3648523805302,977.5607048145097,979.4952862462943,2129200
2025-06-30,987.173828125,988.968786239412,977.0122994526788,982.4071555914037,2127600
2025-07-01,983.2049560546875,994.0545589638175,971.7769567961905,987.2336451803269,2200600
2025-07-02,979.614990234375,982.9456840983271,974.1403406048815,981.1207806002939,1606100
2025-07-03,984.2620239257812,984.9101711346938,974.5990979201327,979.6648592308459,1101400
2025-07-07,989.4075927734375,990.1156307665112,973.4722643805387,982.2476627991218,1832600
2025-07-08,983.0853271484375,993.0872690063997,981.1806301131669,986.735073352822,1716200
2025-07-09,979.3457641601562,985.6281478424953,969.5631787629785,985.6281478424953,2922600
2025-07-10,967.4590454101562,985.239240239153,966.3621434763803,984.2420345304089,2897000
2025-07-11,967.61865234375,976.2444453833413,963.0015849479702,970.5703423490987,1942000
2025-07-14,978.1690063476562,978.7474026897979,966.9105760216894,968.3864209658389,1679300
2025-07-15,964.97607421875,977.5109580774985,963.9589048545572,976.5137523054225,1878000
2025-07-16,948.7116088867188,966.8807289063834,947.4750835219338,965.2851632223001,2950300
2025-07-17,951.2444458007812,952.0821253544964,944.862365951627,947.7043778008732,2280600
2025-07-18,948.2927856445312,957.5767684047739,946.9964303896035,957.2676370681019,2115500
2025-07-21,944.9122314453125,953.089330365052,943.9548920612561,948.851206136518,1742400
2025-07-22,938.9788818359375,955.0239489661649,938.6199023771956,946.148793538083,1799900
2025-07-23,938.56005859375,945.8496300077228,933.3845584472626,939.7467358408901,2401600
2025-07-24,931.190673828125,940.2652822494475,930.8815424946001,938.6996619910775,2057100
2025-07-25,932.865966796875,938.6597294671025,931.739119489077,933.6836827729074,1827700
2025-07-28,931.380126953125,937.6126624774042,928.2888136789243,932.8859172741276,2006300
2025-07-29,931.9585571289062,939.1583532129497,924.78864556687,931.3801607691637,2065900
2025-07-30,924.9182739257812,935.1296506148461,922.5549012722015,932.3873349238935,1699600
2025-07-31,937.014404296875,943.3067700021527,922.4152978403075,922.774277294664,2564400
2025-08-01,951.1743774414062,955.3683952670457,938.1727515249177,938.1727515249177,2934500
2025-08-04,954.0203247070312,958.8235270853169,947.3197821173934,951.2542184380943,2389900
2025-08-05,942.296875,950.1557516431945,934.3580943125125,949.9860088793837,2462300
2025-08-06,967.191650390625,969.1788292374677,941.3282166112642,942.2968779231544,2753000
2025-08-07,976.069091796875,980.6126514646908,969.5882704814876,973.3029856897996,1893300
2025-08-08,979.5941162109375,986.8039479613234,975.6197583978872,975.7695708672848,2189700
2025-08-11,987.3431396484375,988.1819797490296,974.9407031716983,981.7710057738157,2290100
2025-08-12,989.849609375,990.3489029988966,978.6654200099305,987.1034944435687,1588500
2025-08-13,977.4671020507812,985.0064845224941,968.7294636421735,982.5699292025938,2352600
2025-08-14,974.0120239257812,986.8937627692793,973.8022986634927,979.2146244456744,1808700
2025-08-15,970.666748046875,978.6155246581623,965.8535500913173,977.7567542336544,1638300
2025-08-18,977.9663696289062,979.8936965987621,968.6296035005083,971.9249291370649,2078500
2025-08-19,979.4642944335938,987.1334982633657,975.4100325759078,977.2374643364424,1673400
2025-08-20,993.1649169921875,997.8882151260808,977.6169063766969,977.6169063766969,2229600
2025-08-21,968.31005859375,987.9223264333003,966.1531369928716,987.5029368620877,2145600
2025-08-22,957.185791015625,972.1246780665098,951.7634696167063,970.1674251346436,3136000
2025-08-25,940.2498168945312,956.9461667604558,939.2312383774862,953.6109194166465,2284300
2025-08-26,940.0101318359375,942.7162642274807,931.9315343111209,940.0101318359375,4341300
2025-08-27,948.1785888671875,950.6550657533077,935.8959168845508,939.1613167086003,1893600
2025-08-28,943.625,949.6564448585393,942.7961555428886,948.9474259917421,2067900
2025-08-29,941.9873046875,947.2698091453123,939.1313598630009,943.6649239050155,1609000
2025-09-02,937.4937133789062,943.1756774149441,935.256887633424,937.3339052834116,1793900
2025-09-03,948.438232421875,948.7477920330045,935.1769644184162,937.6734325562123,1670500
2025-09-04,954.549560546875,958.144450206641,949.7662886927766,952.053092464002,1471900
2025-09-05,962.1188354492188,968.1802674419253,954.86908217707,957.3556156559335,1928500
2025-09-08,970.4769897460938,970.9663486932802,957.2357740735057,962.368466192003,1737000
2025-09-09,977.8665771484375,978.4856963754918,961.749364098253,968.6296449670507,1496800
2025-09-10,954.93896484375,979.6140773577494,952.6123004698491,975.010604832975,2277500
2025-09-11,962.9576416015625,963.7964207404486,952.9318477888123,956.4468333809283,1532000
2025-09-12,966.5326538085938,968.2002775024205,958.6437899079043,958.9333582778239,1461600
2025-09-15,958.7435913085938,968.3699869958449,958.3541886035131,966.4527165476179,2199400
2025-09-16,950.7249755859375,958.2243756260046,949.4567502678909,957.745012298129,2012600
2025-09-17,961.6694946289062,962.6181037434592,952.142933395221,952.142933395221,1556800
2025-09-18,951.0145263671875,961.1801371256086,949.3269114987614,956.0174581762051,1860900
2025-09-19,949.8162231445312,956.0873803382838,942.4566399782441,953.6508250071147,4606000
2025-09-22,941.9274291992188,948.6578975839328,938.2825613184034,946.0416038370369,2794300
2025-09-23,942.2669067382812,943.6549576464967,932.1811998712544,941.4281275778852,3258500
2025-09-24,943.9345703125,952.3126708501874,941.7775877645137,942.9459787067261,2149800
2025-09-25,941.9773559570312,951.6536690488005,934.2982174068125,951.1044582396601,2991500
2025-09-26,914.656005859375,926.3194976514163,903.7713804306212,924.2424191011016,4812900
2025-09-29,915.57470703125,915.9241881968125,902.0138748143294,915.0454874706328,4107000
2025-09-30,924.3223266601562,929.1954373454189,912.0796371495959,914.9555733228306,3096700
2025-10-01,916.0440673828125,922.694631742126,909.8827400819978,921.6960444783359,2642100
2025-10-02,915.474853515625,917.2123855803707,908.7243939476801,911.2707792477015,2063800
2025-10-03,914.0867919921875,916.8029200276153,909.9127046457583,914.296517254056,2319200
2025-10-06,909.653076171875,914.4862653018198,902.9725250004338,914.206631615037,2504000
2025-10-07,913.5076293945312,916.3436440805559,902.603073388412,907.4461973053898,2601800
2025-10-08,913.5076293945312,915.0854143589017,909.673088379798,911.2508123952379,2376900
2025-10-09,941.5579223632812,942.436683996407,925.9699904227583,930.99285246656,3742900
2025-10-10,928.6961669921875,944.1143570494081,927.6875840865079,943.0857828944498,3142500
2025-10-13,934.23828125,934.6576708275393,921.696027880611,927.6875513554579,2169600
2025-10-14,945.1728515625,946.0815391653653,934.627772374779,938.9316810927568,1925900
2025-10-15,953.6408081054688,962.6380887909135,943.9245738706032,944.6635186682616,2009800
2025-10-16,924.3123168945312,956.5467422809885,919.8585958592327,954.1900300716651,2721400
2025-10-17,935.0072021484375,937.4936746099911,926.8387658858168,928.2667383169801,2502200
2025-10-20,934.7874755859375,938.4722648960447,930.184003091563,934.8673796298953,1523700
2025-10-21,936.175537109375,942.0372393298148,933.6790690104166,934.7874862186113,1448200
2025-10-22,943.3453979492188,951.6536512001154,931.1826125331664,938.6720169235136,2372400
2025-10-23,940.7191162109375,944.1342675748647,933.16979896235,944.1342675748647,1974800
2025-10-24,930.8231201171875,941.6677628645336,928.8359412708182,938.672001158708,1639400
2025-10-27,928.5363159179688,931.881619723973,923.8130178009262,928.8958536436892,1967600
2025-10-28,922.8543701171875,929.4051000674442,918.9000035974706,925.5605635179573,2090800
2025-10-29,911.1309814453125,918.5804644343531,908.0153940332956,917.7017027592785,2449600
2025-10-30,918.8800048828125,921.6960282309323,909.0838664356717,911.4005961606978,2677100
2025-10-31,911.4500122070312,920.0,909.6799926757812,916.2100219726562,2456300
2025-11-03,928.0399780273438,929.1900024414062,908.3800048828125,912.4000244140625,3206600
2025-11-04,940.739990234375,941.1699829101562,928.969970703125,933.2100219726562,2554500
2025-11-05,935.030029296875,945.280029296875,927.4400024414062,940.0,2974800
2025-11-06,923.5800170898438,925.0,908.2999877929688,924.3599853515625,3247700
2025-11-07,922.739990234375,937.0,920.7899780273438,929.530029296875,2584000
2025-11-10,915.5599975585938,922.0,909.0700073242188,919.0,2612700
2025-11-11,913.8599853515625,918.8900146484375,913.0,916.5,1663400
2025-11-12,914.0,918.0999755859375,911.6699829101562,915.469970703125,1829700
2025-11-13,925.0800170898438,926.75,911.719970703125,916.3499755859375,2430600
2025-11-14,922.97998046875,928.8900146484375,915.0999755859375,927.1300048828125,1739100
2025-11-17,912.5900268554688,924.9000244140625,908.8099975585938,922.02001953125,2481900
2025-11-18,895.0800170898438,918.9099731445312,894.1699829101562,912.5900268554688,2984700
2025-11-19,890.5999755859375,895.0,873.969970703125,895.0,3462300
2025-11-20,893.2899780273438,904.5700073242188,891.0,893.5,2648300
2025-11-21,899.010009765625,905.3200073242188,892.1300048828125,894.52001953125,2870100
2025-11-24,886.1199951171875,901.3599853515625,881.3200073242188,899.0,3661200
2025-11-25,894.3300170898438,895.719970703125,885.1300048828125,886.6599731445312,2534700
2025-11-26,908.260009765625,912.0,895.6199951171875,896.02001953125,1936200
2025-11-28,913.5900268554688,914.2000122070312,903.0,905.02001953125,1092600
2025-12-01,911.9600219726562,918.5800170898438,906.2100219726562,913.2000122070312,2149400
2025-12-02,922.030029296875,923.0,905.0,911.9600219726562,2160600
2025-12-03,922.260009765625,926.3200073242188,916.02001953125,920.8099975585938,1886800
2025-12-04,895.8599853515625,907.9600219726562,888.0800170898438,907.030029296875,3787800
2025-12-05,894.6799926757812,905.8900146484375,893.0,897.25,2358100
