Date,Close,High,Low,Open,Volume
2015-01-02,44.838035583496094,45.04733660437458,44.682744239815655,44.797521886675625,659000
2015-01-05,45.702247619628906,45.79677098410726,44.304646272113764,44.513947271867686,1514900
2015-01-06,45.56046676635742,46.16136756062197,45.38492115139572,45.877792289949234,1232300
2015-01-07,45.925048828125,45.97906364992521,45.3174001118519,45.82377747617077,854600
2015-01-08,46.525943756103516,46.65422248876696,45.8102604135319,46.05332190329045,1165800
2015-01-09,46.03307342529297,46.559705002270036,45.90478952536499,46.43142110234206,569800
2015-01-12,46.46518325805664,46.52595121580732,45.71574440299633,45.776512360747006,811500
2015-01-13,47.12010192871094,47.12685506916805,46.57996401715346,46.701494789697044,1223600
2015-01-14,47.95056915283203,47.957322294871815,46.74201943575463,46.74876742665631,1215700
2015-01-15,48.29490280151367,48.389426176751016,47.81553278391351,48.10585605103897,1088200
2015-01-16,48.67976379394531,48.733778638900176,48.08561595285925,48.34217873968614,1230100
2015-01-20,49.13887023925781,49.40893926104048,48.767529841552516,48.88906064379781,1622500
2015-01-21,49.010581970214844,49.199633874577486,48.74051812340073,49.037589385123795,1047900
2015-01-22,49.631736755371094,49.79377607587589,49.09835195960831,49.09835195960831,1394700
2015-01-23,49.72626495361328,49.88155114843825,49.39543313968662,49.63174157820566,612600
2015-01-26,49.99632263183594,49.99632263183594,49.62497720454463,49.8275301923647,742300
2015-01-27,49.97607421875,50.15161983678003,49.780279478842104,49.780279478842104,722200
2015-01-28,50.22588348388672,50.90105331714358,50.03683675475672,50.19887607242,998600
2015-01-29,50.03009796142578,50.49596692833586,49.63849810956334,50.24615216398117,960900
2015-01-30,49.24687957763672,50.023320611905646,49.24687957763672,50.023320611905646,1085400
2015-02-02,49.44944381713867,49.55747347758092,48.65949624192122,49.28740447761303,856000
2015-02-03,49.53046417236328,49.57097271791444,48.78102517284177,49.04434102119932,1002000
2015-02-04,49.631736755371094,49.96932167791941,48.956566910274475,49.38192205827598,911000
2015-02-05,50.08409881591797,50.16512105093105,49.32790674254048,49.75326703743779,1651100
2015-02-06,47.07284927368164,49.73302049879602,46.65424205440267,49.71276107354008,2582400
2015-02-09,45.8980598449707,47.03909366652159,45.83729186508331,46.90406172409825,1629200
2015-02-10,46.6879997253418,46.701500856873125,45.621230044552796,45.95206185401456,1152800
2015-02-11,46.94455337524414,47.03907673113711,46.39766750884393,46.62722275854496,1084000
2015-02-12,47.74801254272461,47.86954332158312,46.985067316670566,47.05933641214728,1677300
2015-02-13,46.35041046142578,47.91005114060843,45.41867278720273,47.68724385754317,2196400
2015-02-17,45.43892288208008,46.586709311919336,45.202609366110806,46.330146680262665,1408400
2015-02-18,45.627986907958984,45.69550287339828,44.83803929492946,45.330910478660506,1432100
2015-02-19,44.74351501464844,45.73601576946723,44.47345112722272,45.45244559698713,1206900
2015-02-20,45.519962310791016,45.55372287283874,44.851545421582166,44.87855284099263,1019100
2015-02-23,45.864288330078125,46.21537438721234,45.56721194633112,45.776518103578866,610800
2015-02-24,45.067588806152344,45.803521491639486,44.898796338713574,45.72250440399675,1093600
2015-02-25,44.675994873046875,45.344416840113574,44.459940692588205,45.03383412651237,1243500
2015-02-26,44.18312454223633,44.784025404221474,43.865793831744334,44.70300315330711,1300600
2015-02-27,44.81777572631836,44.89879796803861,44.1493589733232,44.25063548768914,1043200
2015-03-02,45.19588088989258,45.7495200770059,44.97307355637255,45.303905409965836,1468600
2015-03-03,45.04732894897461,45.18236084572855,44.4194208419091,45.054082089153304,1033900
2015-03-04,44.29114532470703,45.19587568798782,44.10209857298385,45.06759175597381,917500
2015-03-05,44.47343444824219,44.93255009627651,44.37891109286481,44.52744411478888,768400
2015-03-06,43.87928771972656,43.913048273151176,42.73825158455465,43.561957061629215,1594800
2015-03-09,43.54169845581055,44.33839901663648,43.494436776402935,44.13585116966246,790200
2015-03-10,43.615970611572266,43.97380980240819,43.210869738005876,43.3324005151895,1026600
2015-03-11,44.135948181152344,44.40961809332025,43.6228164433601,43.711759556301125,1226300
2015-03-12,44.436981201171875,44.68328360465545,44.149630137047545,44.32751636619002,778600
2015-03-13,44.10857391357422,44.45065994644535,43.84174722552023,44.423292437437425,877700
2015-03-16,44.436981201171875,44.772229329136444,44.21804631138865,44.293305669109714,1055600
2015-03-17,44.45750045776367,44.69011644062815,44.14961991478513,44.38224111746791,1263500
2015-03-18,45.1827278137207,45.29903582234887,43.978583410776416,44.471188176518126,1835800
2015-03-19,45.531646728515625,45.82584088464798,45.03219889328892,45.182717561982386,836500
2015-03-20,46.71527862548828,46.83158665082631,45.4837717540236,45.59323659557121,949600
2015-03-23,46.19530487060547,46.7221203902513,46.174780539677386,46.68790969215806,868000
2015-03-24,45.68901443481445,46.3184515475623,45.64796577697151,46.26372174371142,678300
2015-03-25,45.57270812988281,46.16109660680743,45.429032602236475,45.78479982976749,1069400
2015-03-26,45.61375427246094,45.83953232622729,45.381138255721595,45.579548798138774,1006100
2015-03-27,44.97063064575195,46.00372667155446,44.758533763121605,45.53165151175316,1229300
2015-03-30,45.67533874511719,45.70270626022148,44.81328028870103,45.257993274461256,728500
2015-03-31,45.12800216674805,45.949012020164574,45.12115898251903,45.62745021906294,959100
2015-04-01,44.594337463378906,45.35376890815973,44.279618925333885,45.19640702922779,965200
2015-04-02,45.04588317871094,45.18956389599193,44.60117554267694,44.64906737516452,651100
2015-04-06,45.422183990478516,45.709535011428706,44.96378994946482,44.96378994946482,609400
2015-04-07,45.17589569091797,45.60692757637713,44.93643643222974,45.51798183756411,651200
2015-04-08,45.40852355957031,45.47693975484134,45.0938048854667,45.196426568462684,671200
2015-04-09,44.710655212402344,45.565870519524886,44.49172030257177,45.24430872887561,1254300
2015-04-10,44.62171173095703,45.31956507842071,44.44382549736054,44.95011146394477,1077000
2015-04-13,44.512237548828125,44.76538311857312,44.512237548828125,44.61486441330956,694000
2015-04-14,44.758544921875,44.97064185738324,44.66960441331977,44.71749625943716,704800
2015-04-15,44.54645538330078,44.88854150652083,44.36856913767675,44.738022777132805,568900
2015-04-16,44.7516975402832,44.83379484788199,44.02647159764254,44.43013583267158,715900
2015-04-17,44.68327713012695,44.82011467880115,44.272774923741885,44.614860965699236,833000
2015-04-20,45.01853561401367,45.2579948547629,44.60119012878503,44.683287457144786,1101300
2015-04-21,45.51112365722656,45.59322618450429,44.95694595260314,45.141675334023375,1282500
2015-04-22,45.35377502441406,45.56586673261142,45.21009949113654,45.47692622719759,769500
2015-04-23,45.05957794189453,45.49060451463199,45.05957794189453,45.2579884905633,717800
2015-04-24,45.6479606628418,45.96952236610338,45.06641545600335,45.32639895958022,787800
2015-04-27,45.60008239746094,45.84638482985913,45.36062314924606,45.791649796032836,818600
2015-04-28,44.50540542602539,45.48377191880711,44.27278415468674,45.48377191880711,1285200
2015-04-29,43.68439483642578,44.41645889688933,43.50651120907898,44.17699966586289,1151400
2015-04-30,43.38335037231445,43.66386081350161,42.93863748779148,43.4791340434648,1113500
2015-05-01,43.86912536621094,43.917017213626735,43.38336109827789,43.41072861391833,931500
2015-05-04,44.00595474243164,44.38908949579408,43.80754418234908,43.875960356903875,748700
2015-05-05,43.16441345214844,43.99910155352777,43.02757852424569,43.800691038564246,1097600
2015-05-06,43.68439483642578,44.36856705068404,43.23968446310384,43.73228668263107,1431800
2015-05-07,44.361724853515625,44.50540561514644,43.21231790911813,43.67755523395256,1227700
2015-05-08,45.00484085083008,45.79848300906075,44.64907364805635,44.799592348397965,786000
2015-05-11,44.25225830078125,45.155365399988234,44.18384212444217,44.82012248205297,689700
2015-05-12,44.142791748046875,44.31383481238649,43.595457074052156,43.958067535280925,741800
2015-05-13,44.286468505859375,44.820121983111044,44.03332291442119,44.286468505859375,1024800
2015-05-14,45.073265075683594,45.223783802932196,44.259103663469666,44.40962239071827,773300
2015-05-15,45.6342658996582,45.69584408800958,45.12113694927306,45.12113694927306,765000
2015-05-18,45.340087890625,45.69586034590166,45.162206882806146,45.47008227464757,774000
2015-05-19,45.08694076538086,45.45639431208634,44.9637895831457,45.27166492882426,442400
2015-05-20,45.21010971069336,45.476936507069496,44.86118035396275,45.11432600019017,569200
2015-05-21,45.13483810424805,45.40166482831689,44.806433171645224,45.35377298604349,765500
2015-05-22,45.360618591308594,45.64112647679707,44.78591123352066,44.970640649167336,424600
2015-05-26,45.422183990478516,45.504286519243735,44.91589811263979,45.25114097041501,799800
2015-05-27,45.6479606628418,45.81216049563674,45.30587463295817,45.49744197452203,697700
2015-05-28,45.49745178222656,45.93532157728197,45.28536006832089,45.51797611327296,642800
2015-05-29,45.1827278137207,45.695856908065146,44.991160453669835,45.40166268518157,1468900
2015-06-01,45.60692596435547,45.83954203033903,45.16221294547024,45.33325601274762,695900
2015-06-02,45.41533660888672,45.53848778073826,45.18272062862172,45.47007162300257,473700
2015-06-03,44.53276443481445,45.58639021233897,44.5122401047035,45.57955224884829,875300
2015-06-04,44.265926361083984,44.77905536165212,44.1085697240079,44.519071880498785,708500
2015-06-05,44.02647399902344,44.15646836957012,43.54755561251292,43.91016599370216,905600
2015-06-08,43.896488189697266,44.129104218046564,43.896488189697266,44.0264773503198,636700
2015-06-09,43.68439483642578,44.11542667209312,43.56808681275862,43.95806476609304,564500
2015-06-10,44.4711799621582,45.66848096113938,43.479130041020554,43.95805096259484,1905900
2015-06-11,45.19908905029297,45.56650941816025,44.95645694999051,44.95645694999051,1231500
2015-06-12,46.14881134033203,46.17654146970825,45.30999476038176,45.42784384349463,1286400
2015-06-15,45.725948333740234,46.155757520375914,45.28921057964634,46.03790840579256,1239400
2015-06-16,46.44691467285156,46.45384852909101,45.69128830121385,46.044835634685974,957700
2015-06-17,46.9113883972168,46.952986250855545,46.07950537020797,46.49544688371238,1078800
2015-06-18,47.68780517578125,47.91657480534285,46.77966580198358,46.7865943684682,1730600
2015-06-19,47.09163284301758,47.48677808412909,46.862863153694214,47.48677808412909,1126200
2015-06-22,46.83512878417969,47.4867737958972,46.77273994126186,47.20254385198366,553200
2015-06-23,46.32212448120117,46.93217151056535,46.2666642179003,46.7727298648026,780700
2015-06-24,46.05869674682617,46.62021737515307,46.02403275957903,46.446908016881125,448600
2015-06-25,45.89925765991211,46.19041616224825,45.76754083262457,45.95471793339979,809600
2015-06-26,46.11416244506836,46.315201982090656,45.732884941598314,45.98245089866163,1801200
2015-06-29,45.67743682861328,46.69649720983405,45.58038396268602,46.00325943093388,966500
2015-06-30,46.2250862121582,46.57170503339845,45.51798614398084,45.843803393200545,1916600
2015-07-01,47.459049224853516,47.5699697883615,45.80914551004908,46.48851545009296,2419400
2015-07-02,47.77100372314453,48.15228121513625,47.327326810290856,47.694747166949604,1490400
2015-07-06,47.715553283691406,47.881928854692774,47.493717426028226,47.66702685510833,1147100
2015-07-07,47.854183197021484,48.408775305872524,47.549157008255186,47.83338691851148,1050100
2015-07-08,47.68780517578125,47.86804839504027,47.396646713965794,47.52835823394018,616500
2015-07-09,47.09163284301758,48.221608286094934,46.93218585952399,47.67394991876784,834900
2015-07-10,47.92351150512695,48.08295847402843,47.015371977205135,47.278800350843504,1300600
2015-07-13,47.43130874633789,48.36024975181234,46.91138061842544,48.27012549135877,1209800
2015-07-14,47.78486633300781,48.13841897774052,46.91138550619058,47.34812856409068,2048300
2015-07-15,46.821266174316406,47.64622057618049,46.81433231769203,47.58382644452696,9014600
2015-07-16,47.16094970703125,47.4382457849852,46.89752134191553,46.91831762219009,3037400
2015-07-17,46.952980041503906,47.20947454160317,46.79353308310542,47.20947454160317,1363500
2015-07-20,46.98762893676758,47.133208152405984,46.793523315916374,47.01535906674368,4954900
2015-07-21,46.10029220581055,46.99456918553346,46.10029220581055,46.99456918553346,2173900
2015-07-22,45.96165466308594,46.23201690201136,45.87846424765384,46.08643764174252,1594800
2015-07-23,45.268409729003906,45.96857577835698,45.053502512891725,45.96857577835698,1677300
2015-07-24,45.19908905029297,45.538779279699526,45.074306071711256,45.42092486899566,1346900
2015-07-27,45.06737518310547,45.33773740794645,44.97032234798218,45.164428018228755,1458700
2015-07-28,44.65142822265625,45.261475295518665,44.478118854219886,45.08123207142983,1691300
2015-07-29,44.90792465209961,45.08816788401141,44.47812078467157,44.59596989096749,1243400
2015-07-30,44.81087112426758,44.95645036311927,44.554371347824706,44.85939753721814,1373400
2015-07-31,44.55437469482422,45.27534237638025,44.367202884806346,44.686091520862966,2062000
2015-08-03,44.81781768798828,44.880206541336634,44.436534843135576,44.63757440778665,971100
2015-08-04,45.28921127319336,45.58730363692855,44.60983613410518,44.82474337520544,1514700
2015-08-05,45.06737518310547,45.857665577099546,44.89406579338777,45.31000727091368,1712800
2015-08-06,45.19908905029297,45.21295676401489,44.519719169446084,45.01885108377292,1611900
2015-08-07,45.24761962890625,45.60117231554542,45.06044778832292,45.16443449486192,906700
2015-08-10,44.894065856933594,45.48331672501126,44.68609247338484,45.372396176723164,751800
2015-08-11,45.24761962890625,45.37933647645456,44.74155910019128,44.77621780971522,999800
2015-08-12,45.46944808959961,45.47638194597267,44.949519930257736,45.06044047629572,730700
2015-08-13,45.81606674194336,46.051770257162524,45.199085750933016,45.46251940258871,1339500
2015-08-14,46.30827713012695,46.356803554061884,45.517986632338925,45.68436218740389,1075600
2015-08-17,46.50929641723633,46.516230272418035,46.12108515076983,46.30132836262149,703900
2015-08-18,46.56477355957031,46.599437559062075,46.273615004181,46.481588423164084,678200
2015-08-19,46.384521484375,46.585555695625075,46.1696142729642,46.32212736203569,670400
2015-08-20,46.21815872192383,46.59250773511238,46.051783145723654,46.20429629431724,729300
2015-08-21,45.7190055847168,46.58555235689855,45.615024203240395,45.94084134683605,1444200
2015-08-24,43.590782165527344,44.19389815280204,43.07778516456948,44.01365753567674,1900500
2015-08-25,42.84208297729492,44.66529859835593,42.79355655705112,44.62370603499928,1705200
2015-08-26,43.868064880371094,44.02750917613457,43.00845192542963,43.41052827029167,1341600
2015-08-27,44.84553146362305,45.372388107342644,43.73634997843044,44.14536017178123,977600
2015-08-28,45.06737518310547,45.17136187473265,44.72075640367007,44.866335656355,891400
2015-08-31,43.895816802978516,45.067390364603455,43.826494081535806,45.067390364603455,1505600
2015-09-01,42.647972106933594,43.750219858120516,42.356810976407544,43.54918034472054,1425600
2015-09-02,43.36201477050781,43.38281369840223,42.93220816507212,43.19563921430319,923700
2015-09-03,43.8126106262207,44.408792656172416,43.611571116096236,44.02751255922371,1590500
2015-09-04,43.084712982177734,43.847273197379124,42.77275556887125,43.53531578407264,1016800
2015-09-08,43.895816802978516,43.94434323688687,43.043134635670064,43.64625077459705,1346900
2015-09-09,42.765830993652344,44.11071376854889,42.71037335507999,44.02059213081549,1059200
2015-09-10,42.80741882324219,43.25802428970445,42.641040647235556,42.751958549742845,902500
2015-09-11,43.37677764892578,43.55953660239905,42.63871924488706,42.80741961106228,824800
2015-09-14,43.86178207397461,44.03751036324309,43.37677027949701,43.58061573858467,821400
2015-09-15,44.28353500366211,44.5576707437082,43.67902917617522,43.854757489681816,834700
2015-09-16,44.937252044677734,45.08486320912404,44.171076362654254,44.220280084136355,622100
2015-09-17,45.309791564941406,45.907266809123065,44.43818055739636,44.81072375566952,790400
2015-09-18,45.492549896240234,46.00567360502796,44.82478172111133,44.82478172111133,1477500
2015-09-21,45.66827392578125,45.928348391618506,45.50660152142633,45.534718694479466,745600
2015-09-22,44.94426727294922,45.49254137071284,44.698248735196984,45.267609370081956,949400
2015-09-23,45.091888427734375,45.32385109948682,44.76854627789145,45.098919062188244,945000
2015-09-24,44.92318344116211,45.267612096158146,44.52252312332248,45.049705352910465,926100
2015-09-25,44.972381591796875,45.19028562670424,44.67012873235151,44.972381591796875,780300
2015-09-28,44.17808532714844,44.85288391145233,43.87583249287705,44.73338729535872,847900
2015-09-29,44.65607833862305,45.03565214076478,44.072661729910045,44.61390525931926,2157000
2015-09-30,45.91429901123047,46.040823626548374,44.782608108332276,45.02160143184529,1210500
2015-10-01,45.513641357421875,46.054882300417134,45.26762274696948,45.99162267035945,1090500
2015-10-02,46.202491760253906,46.34307226963039,45.063770328214765,45.40819633014902,2600500
2015-10-05,46.216552734375,46.52583632428384,45.900243872188796,46.202496827016994,2889100
2015-10-06,47.32715606689453,47.37635978576407,45.675310804499254,46.279811337980824,1481700
2015-10-07,48.26205062866211,48.44480430449704,47.24985332272316,47.35529143589267,2047400
2015-10-08,48.557254791259766,48.58537196838282,47.98789133942344,48.50102043701365,1107900
2015-10-09,48.69078826904297,48.78920103720763,48.276072112555056,48.56426369603284,1219000
2015-10-12,49.16877746582031,49.316393960901856,48.64862318595968,48.81029558577161,1015900
2015-10-13,49.534305572509766,49.80141071996917,48.852478752022925,48.915738380577764,1335300
2015-10-14,49.37965393066406,49.80843142584775,49.11254883645222,49.66785092632622,1213100
2015-10-15,50.061485290527344,50.14583145299653,49.42886225799443,49.42886225799443,941400
2015-10-16,50.026336669921875,50.44808356383873,49.80140463564604,50.16692254309597,1085600
2015-10-19,50.30750274658203,50.44808325609584,49.82249087199481,49.97713265014162,966700
2015-10-20,50.78547668457031,50.85576692922041,50.131767220000796,50.328582050141826,1034300
2015-10-21,50.31453323364258,51.10179266510015,50.25829888488057,50.799539744007646,983800
2015-10-22,51.26344680786133,51.44620569480508,50.41292269645498,50.47618229416584,1308000
2015-10-23,51.586795806884766,51.60788234340083,50.91903045746788,51.32671600998255,808700
2015-10-26,51.64303970336914,51.860941104763064,51.382959858335646,51.63600906896209,659800
2015-10-27,51.23534393310547,51.67115205804162,50.58866506085356,51.340781988164466,1428400
2015-10-28,50.982303619384766,51.523549893582036,50.25127310329177,51.17209322408367,1231500
2015-10-29,50.50431442260742,51.11585086234356,50.06851165289412,50.70112926864599,1624600
2015-10-30,51.987464904785156,52.09993360234487,50.00524969411789,50.0544534085996,1874800
2015-11-02,52.662261962890625,52.859076824409584,51.69927419577247,51.917175597768065,1619000
2015-11-03,51.97339630126953,52.71848247075984,51.97339630126953,52.486519860816166,1475400
2015-11-04,51.76956558227539,52.317837097853236,51.565720081877984,52.13507813839299,988400
2015-11-05,51.938262939453125,52.352984572168005,51.63601000808561,51.66412718342245,1620100
2015-11-06,50.73627853393555,51.65709317414859,50.13880334476828,51.46027832245137,2683300
2015-11-09,50.51838684082031,50.658967372504826,49.92793680957757,50.658967372504826,1029700
2015-11-10,51.017452239990234,51.30564392488856,50.42700223721775,50.511353769843325,855100
2015-11-11,51.36891174316406,51.48137509671988,50.79252297883118,51.11586249415904,566800
2015-11-12,50.6449089050293,51.3759340682094,50.574613279936024,51.27752662844273,821200
2015-11-13,50.061485290527344,50.98229998283465,49.93496068402076,50.862806010801435,721500
2015-11-16,50.29344177246094,50.46917007304563,49.843577751988285,50.110682838268254,662100
2015-11-17,50.35670852661133,50.56055402772912,49.91387507695725,50.124745849876994,525100
2015-11-18,50.426998138427734,50.58163992093678,50.04039904495796,50.50431902968226,819200
2015-11-19,50.13176345825195,50.40589914577828,49.78733753134991,50.258288034248835,973800
2015-11-20,51.05961227416992,51.20722339643312,50.14582300743363,50.27234759263093,659700
2015-11-23,50.8979377746582,51.28453674397218,50.82764217769101,51.03851824299036,616600
2015-11-24,50.483238220214844,50.687083741864186,50.26533679074294,50.553528484934475,516700
2015-11-25,50.426998138427734,50.764398878702266,50.25830044969188,50.525405570423885,419000
2015-11-27,50.729251861572266,50.98933171465601,50.33562212743723,50.33562212743723,305700
2015-11-30,50.687076568603516,51.15099654034166,50.525404156105225,50.79953990367837,1117500
2015-12-01,51.17209243774414,51.35484604185671,50.785487962115454,51.00338937775902,623600
2015-12-02,50.67300796508789,51.31266152537099,50.63786552419001,51.0244645508781,849300
2015-12-03,50.26533126831055,50.84874522790946,49.906843985981375,50.67301690401516,1017600
2015-12-04,51.26344680786133,51.37591010250311,50.103639251288755,50.27936750644215,978300
2015-12-07,50.72222900390625,51.23535273706859,50.441062596369115,51.200204925075255,587900
2015-12-08,50.694095611572266,51.11584240657407,50.32857778984963,50.60974410745132,639600
2015-12-09,50.24422836303711,50.77843843246647,49.99820449947233,50.53945056395351,602300
2015-12-10,49.471038818359375,50.546500730700316,49.421835099191085,50.244247780722766,1486700
2015-12-11,49.77698516845703,49.99043925155114,49.09393970226386,49.32162152432825,1290200
2015-12-14,50.28925704956055,50.3319456833104,49.65601698325137,49.727166515621576,1120000
2015-12-15,50.21813201904297,50.737528744288795,50.118521539451606,50.50984687259939,1086200
2015-12-16,51.62689208984375,51.762080015275615,50.367528407848255,50.43156136514003,1302400
2015-12-17,52.55897521972656,52.936072710884275,51.60555390265297,51.79054707074712,1251200
2015-12-18,53.22066116333008,53.56218106885102,52.558960239477095,52.558960239477095,4045700
2015-12-21,53.498146057128906,53.932165217760755,53.1068155259491,53.533718105552005,1636300
2015-12-22,53.5479621887207,53.93217621723203,53.384313361843645,53.505268122200384,1319800
2015-12-23,53.932186126708984,54.0531409092899,53.20644657449763,53.71873203997319,1097500
2015-12-24,53.761417388916016,53.93929397416612,53.48393035019486,53.89660533078212,343900
2015-12-28,54.145633697509766,54.18121118737209,53.555082107317126,53.647581409614055,1819400
2015-12-29,54.793121337890625,54.82869340863339,54.23103050785844,54.351985319439436,1103600
2015-12-30,54.73616409301758,54.97096240712067,54.55828756930809,54.6436702548985,908800
2015-12-31,53.804107666015625,54.67925736384134,53.782757917466775,54.67925736384134,751000
2016-01-04,54.21678161621094,54.50138524145069,53.26336571427481,53.26336571427481,1840100
2016-01-05,54.280818939208984,54.39465713004086,53.70450054503421,54.20966939139374,1344500
2016-01-06,54.78598403930664,55.027893571009216,53.93928982162328,54.01044479293549,1385900
2016-01-07,54.62944412231445,54.814437250716466,54.15273628024139,54.27369102912057,1349600
2016-01-08,54.814456939697266,55.26270404391876,54.63658032920825,54.80022377097466,1496900
2016-01-11,55.92439651489258,56.17342264499867,54.82156495917629,54.87137018519751,2001000
2016-01-12,55.55440902709961,56.5932074955408,55.43345426800674,56.42244751632958,1972800
2016-01-13,55.23423385620117,55.888823798394256,55.07770702509054,55.64690882601884,1127900
2016-01-14,55.75362014770508,56.01687936702439,55.00653654834759,55.46190003210576,1872000
2016-01-15,54.302162170410156,55.66114184835392,54.2167794577287,55.013668491001674,1868900
2016-01-19,53.43412399291992,54.98520800061809,53.377202184037195,54.58676619516396,1753200
2016-01-20,51.683799743652344,52.85778582785926,49.72715807942763,52.85778582785926,2154500
2016-01-21,51.58421325683594,52.324180553578934,51.135966185504444,51.89016122156273,1537600
2016-01-22,53.19221878051758,53.256251749454634,51.96131034788599,52.05380965194563,1027500
2016-01-25,53.87526321411133,54.37331550185101,52.85780888770358,53.19932890547855,1475400
2016-01-26,55.87458801269531,55.87458801269531,53.88948481476643,53.981984106498274,2177200
2016-01-27,54.814456939697266,55.767872966303955,54.4373593939987,55.561535446733096,1611200
2016-01-28,56.543426513671875,57.48973152993125,54.842926289933345,55.17021865220475,2239200
2016-01-29,56.977439880371094,57.11262241947516,55.959985402922904,56.75686918160326,2382700
2016-02-01,56.650142669677734,57.01300703260628,56.03113013492874,56.920513152943485,1585400
2016-02-02,56.63589859008789,56.977423991687374,56.02400275731196,56.55763246531222,1086000
2016-02-03,57.511051177978516,57.6248893546121,56.828005833091396,56.884922207227255,1799400
2016-02-04,57.88102722167969,58.32216301179094,56.81376794127369,57.19798193362322,1064300
2016-02-05,58.17278289794922,58.51430303640944,57.27628303485288,57.632036345628364,1329800
2016-02-08,55.84613800048828,57.83835816975948,55.29828043953849,57.68894247131863,2694600
2016-02-09,54.892723083496094,55.774989551594544,54.33063234293785,55.269820629200936,1932300
2016-02-10,55.44770812988281,55.8888441647549,54.437370086660465,55.10618258218112,1647200
2016-02-11,54.842918395996094,55.42635346708697,54.38043811843741,54.899840214727746,1707900
2016-02-12,56.379764556884766,56.51495250742124,55.14174496408437,55.57576429419974,1008300
2016-02-16,57.20509719848633,57.46123985415589,56.265909270485025,56.71415620372612,1027300
2016-02-17,56.756858825683594,57.95930628736707,56.650137216485454,57.51105924364703,1179300
2016-02-18,56.849365234375,57.31184550273423,56.20900835729017,56.74975476775773,1362000
2016-02-19,57.93083190917969,58.393312012142445,56.785306524391274,56.92761101749747,1154800
2016-02-22,58.03756332397461,58.841563414651624,57.93083630314023,58.37908870497227,1025000
2016-02-23,57.63199996948242,58.699259228176544,57.43989569139645,57.987753055713796,1164400
2016-02-24,57.2762451171875,57.68891998729813,56.031109353770375,57.34027806512132,1266600
2016-02-25,58.236785888671875,58.48581199226058,57.54662395275322,57.916610245252386,1305400
2016-02-26,56.17341613769531,58.19409670582251,54.73617590446129,58.06602536398091,2685300
2016-02-29,56.258792877197266,56.7995390885725,55.938617270718986,56.273020612177085,2751400
2016-03-01,58.15141296386719,58.15141296386718,56.166309712373995,56.45090789299448,1973700
2016-03-02,58.621009826660156,58.72773686862765,57.567983431100025,57.966425264191656,1248800
2016-03-03,58.535614013671875,58.82021758580173,57.64623124349212,58.813106432060664,1201300
2016-03-04,58.265254974365234,58.52851427991534,57.411449519744245,58.265254974365234,1616600
2016-03-07,58.677921295166016,58.706382196564164,57.93795414389969,57.96641504529784,1151200
2016-03-08,59.72382354736328,59.76651217612795,58.549837401088624,58.80598003039803,1585100
2016-03-09,60.94050979614258,61.05434797040177,59.339620775727425,59.69537389137524,1913700
2016-03-10,60.64167404174805,61.28914184207271,60.11515556071941,61.13972619584394,1725600
2016-03-11,61.525970458984375,61.6913211254426,60.426009513866205,60.92206699823612,1439600
2016-03-14,61.173683166503906,61.66255524327265,60.88611587369425,61.3677971226444,1009200
2016-03-15,62.2592887878418,62.57561949857563,60.80705372355684,60.93646124294828,1201400
2016-03-16,62.59716033935547,62.84878444271917,61.720065906207076,62.108288302108534,869100
2016-03-17,63.560523986816406,63.77619942454098,62.23769159846544,62.395856877126356,1433800
2016-03-18,63.58211898803711,63.682768666973715,62.91351441510335,63.26578829138145,1574700
2016-03-21,62.16582489013672,63.10762063067555,61.842303375412534,62.94226994347966,1152600
2016-03-22,62.64030075073242,63.43112727803565,61.935753189128185,62.07234601066676,1243200
2016-03-23,62.633121490478516,63.308911290811814,62.086733696276866,62.64030683415571,1145400
2016-03-24,61.94295120239258,62.51809135215302,61.64099672739842,62.51809135215302,1259600
2016-03-28,62.50370788574219,62.755332014711634,62.02921196969012,62.07953679548401,838800
2016-03-29,63.58211898803711,63.58211898803711,62.35275035102912,62.6259415531433,1088200
2016-03-30,63.50303268432617,64.2291474001536,63.402383011142255,63.5677336949462,643700
2016-03-31,63.6180534362793,63.6827599267127,63.13637211247825,63.423944934969825,935300
2016-04-01,64.31542205810547,64.38012855488715,63.32330148241894,63.32330148241894,1011500
2016-04-04,64.2938461303711,64.66768694490239,63.81935016981717,64.32260395994967,903000
2016-04-05,63.86968231201172,64.71801918421293,63.73308946212049,64.08536331604428,1163200
2016-04-06,64.68923950195312,64.76113131125423,63.201056560947094,63.596464254599894,1185300
2016-04-07,64.75395202636719,65.113416621936,64.2435129588588,64.36572960495353,1158900
2016-04-08,65.09185791015625,65.32910588983259,64.53109394728135,64.94088341899725,1132700
2016-04-11,64.99839782714844,65.52321312179252,64.7036341941331,65.16374848738067,548000
2016-04-12,65.71012878417969,65.7963967762172,64.9049261201983,65.1206070702809,1095500
2016-04-13,64.0997085571289,66.02643289984923,63.84807903372074,65.94735576062662,1229600
2016-04-14,62.99979019165039,64.15008178113133,62.33837636719662,64.15008178113133,1942300
2016-04-15,63.244205474853516,63.92000070875388,62.575601069078296,62.812849032255414,1436700
2016-04-18,63.51738739013672,63.66117650679724,62.29521006598908,63.05008235972946,794700
2016-04-19,63.77621841430664,63.90562590947075,63.30172792203511,63.89843508057404,686400
2016-04-20,62.58999252319336,63.9128254864899,62.489342844844245,63.84811898755341,798400
2016-04-21,61.554718017578125,62.841601900689085,61.46844454186878,62.618730126355175,987700
2016-04-22,61.95014572143555,62.26647641590141,61.62662968209261,61.62662968209261,757500
2016-04-25,62.841609954833984,62.841609954833984,62.17300551612868,62.33116534770836,852300
2016-04-26,62.877559661865234,63.445514500865656,62.56841982506742,63.04291582410408,1053200
2016-04-27,62.99257278442383,63.21543906107972,62.49650992606687,62.83440749712196,695600
2016-04-28,63.287353515625,63.567735539773835,62.7193986376067,62.755347301213874,1015400
2016-04-29,63.25138854980469,65.7820167251792,62.67624304017707,65.1781188765649,1148700
2016-05-02,64.33697509765625,64.41605775156009,63.28014825457292,63.538963215531886,974500
2016-05-03,64.22196197509766,64.34417865166832,63.62524928125861,64.14287930555292,846000
2016-05-04,65.7388916015625,65.83954125657843,63.86967118556416,63.86967118556416,916800
2016-05-05,65.74608612060547,66.32123178810488,65.26440477794718,65.65262728075994,861000
2016-05-06,66.27090454101562,66.59442053908437,65.32191806368586,65.56635139822751,1076400
2016-05-09,66.9754409790039,67.04014196848198,65.92579961307797,66.33558900142121,1105300
2016-05-10,67.31334686279297,67.3205376914291,66.68788189632849,66.99702170774023,1120300
2016-05-11,66.86763000488281,67.39963626466624,66.50816527813792,67.0186045319161,892400
2016-05-12,68.06104278564453,68.34861563336534,66.75259153926092,67.0473552165486,859200
2016-05-13,67.86691284179688,68.26951141050857,67.09765887086895,68.2191865894196,958500
2016-05-16,69.93743896484375,70.8073427290267,68.98126171309903,70.13155294060896,4811300
2016-05-17,68.59304809570312,68.78715659599331,67.11204998739686,68.50677460391007,33780200
2016-05-18,67.26300811767578,68.35578347450937,66.75256909000781,68.28389165800574,5544200
2016-05-19,66.63754272460938,66.96105863867345,65.34346809836516,66.75256853305666,2593000
2016-05-20,67.39961242675781,67.701561374031,66.78133287663013,67.12642130565271,1858500
2016-05-23,67.73751831054688,67.7590853115614,67.06172302545062,67.55059516009565,1323300
2016-05-24,67.7015609741211,68.54989764358791,67.32052937838502,68.06102557160713,1641600
2016-05-25,68.35578918457031,68.59303713534526,67.09766309318096,67.7447004657515,1512500
2016-05-26,68.1545181274414,68.33425050068361,67.88132140971534,68.26954399411811,1137900
2016-05-27,68.05384063720703,68.70806335636011,67.95318550311205,68.14010863072487,1637500
2016-05-31,68.621826171875,68.8806412593046,67.80224689001375,68.20485118434723,2718900
2016-06-01,68.72245025634766,68.81591457724357,67.82378861693525,68.58585741695381,2136000
2016-06-02,69.82959747314453,69.90868013102425,68.46363625884761,68.58585291739081,1785600
2016-06-03,70.77140808105469,70.91519175931533,69.68582320970079,70.09561272623897,1507100
2016-06-06,71.65567779541016,71.80665228132112,70.6491757376754,70.70669139468767,2850300
2016-06-07,73.3739242553711,73.7190127405413,71.65568362847152,71.65568362847152,2440100
2016-06-08,73.76213073730469,73.81964638651756,72.62622134782421,73.17260904535817,1380000
2016-06-09,73.93470001220703,74.10724702475325,73.43145160477124,73.74778230944302,1218600
2016-06-10,73.56084442138672,74.0425257272448,73.10073011653795,73.62555090940977,1509100
2016-06-13,72.69062042236328,73.95966061041294,72.5673435604853,73.95966061041294,1936800
2016-06-14,72.77767944335938,73.12575611713947,72.13228197533725,72.66890340808598,1761500
2016-06-15,72.76315307617188,73.06047378891532,72.51659929420875,72.90093638525566,1739600
2016-06-16,73.72764587402344,73.77840728647782,72.56738106608121,72.67615710207745,1596100
2016-06-17,74.04669952392578,74.33676702582397,72.75590494968515,73.67686332069115,3924500
2016-06-20,74.25700378417969,75.1417072403565,74.22799647859938,74.56157219390612,1595300
2016-06-21,75.42453002929688,75.59856834975707,74.28601943708328,74.28601943708328,1337900
2016-06-22,75.75811004638672,75.8668860775141,75.2287363122755,75.4172810640577,1212300
2016-06-23,76.01189422607422,76.4107377093403,75.41725837175386,75.99739334149051,1344400
2016-06-24,75.11994934082031,76.00465281736089,73.96693796349734,74.57607479697107,2274300
2016-06-27,75.50428009033203,75.67831836779193,74.3295092691792,74.9458992151399,1455000
2016-06-28,77.33171081542969,77.64353245309586,75.7871090470339,75.96114735820765,2277200
2016-06-29,78.46297454833984,78.52824237822456,77.60003059934698,77.89734584137248,1616400
2016-06-30,79.03582763671875,79.10109544279635,78.09311531316358,78.68775111289354,1205300
2016-07-01,79.04312133789062,79.73202706312487,78.21643225457775,79.29692841915696,1237200
2016-07-05,80.66020965576172,80.67471054017662,79.05034038943306,79.05034038943306,1668600
2016-07-06,81.29109191894531,82.09602646733431,80.54417196725991,80.66020116066711,2034200
2016-07-07,79.07209014892578,81.25484105011898,78.74576217541554,81.13881185085043,2240200
2016-07-08,79.94230651855469,80.31214276574,79.34767055865774,79.48545388326323,1359000
2016-07-11,79.65946960449219,80.11632764281894,78.80377365775455,80.00029844814024,1194600
2016-07-12,79.49995422363281,79.89154456515136,78.52823434594379,79.75376677407158,1895900
2016-07-13,79.63774108886719,80.24688349140017,79.04310510661597,79.76827120851152,2028900
2016-07-14,77.62177276611328,79.73925625274188,77.04163772720621,79.42743463753044,2392900
2016-07-15,77.27367401123047,78.02059397863744,76.76606011083055,77.61450285831751,2426100
2016-07-18,76.8023452758789,77.38972805386659,76.54853271161318,76.99813769101534,1566100
2016-07-19,76.86759185791016,76.88209274279465,76.18593408421718,76.30196329360204,1605600
2016-07-20,76.05540466308594,77.23017552190755,75.27947729933324,76.88934663204452,1589500
2016-07-21,74.01044464111328,75.99740358407956,73.43031512576648,75.99740358407956,3229700
2016-07-22,76.61378479003906,77.19391423856484,74.0104361163753,74.16997351280749,2431600
2016-07-25,76.11343383789062,77.26645082361435,75.58406567864293,76.84585315422692,1133900
2016-07-26,76.25845336914062,76.53401443628631,75.82334937643667,76.22944606745521,924600
2016-07-27,76.42523193359375,76.8240753821013,75.9248657041164,76.23668725497413,1533800
2016-07-28,78.09313201904297,78.40495363515438,76.53402393848592,76.57027892066114,1705300
2016-07-29,75.75082397460938,76.86758004674483,73.50281094768211,76.17867470275267,3325700
2016-08-01,77.36071014404297,77.36071014404297,75.89587723863269,75.91763133371352,1561100
2016-08-02,75.86688232421875,77.3607227778897,75.31575451766328,76.94012509571373,1948500
2016-08-03,74.01770782470703,75.77986176945296,73.51009373880434,75.56230971402118,2158200
2016-08-04,74.74286651611328,74.92415803337684,73.95968583371602,74.38753669139858,1506100
2016-08-05,73.20552062988281,74.82264357872657,72.68340564924593,74.82264357872657,1347200
2016-08-08,72.76315307617188,73.20550477447274,72.21203090499166,73.12573607264292,1488500
2016-08-09,73.89441680908203,73.89441680908203,71.86394978773711,72.82842189950483,1544800
2016-08-10,73.68412780761719,74.22074917208752,73.45932808721305,73.80015150658832,954500
2016-08-11,73.70587158203125,74.01769318242323,72.77765998995581,73.72762567675528,1012800
2016-08-12,74.86613464355469,75.81610584480462,73.7276242699091,74.14096865951095,1327600
2016-08-15,73.82190704345703,75.21422454937523,73.61160822236867,74.7863736974843,986200
2016-08-16,73.00247192382812,73.55359972378203,72.40783592712837,73.55359972378203,1146300
2016-08-17,73.8073959350586,74.06120293315198,72.68339193419428,73.24176732999972,1107000
2016-08-18,73.40130615234375,74.11921897009078,73.1837541311706,73.93792746330573,982900
2016-08-19,73.25627899169922,73.54634654615009,72.8429345246947,73.37230822651094,1064300
2016-08-22,73.68412780761719,74.16273455631281,73.14750644314687,73.5390968007587,1415000
2016-08-23,72.26278686523438,73.65510413908915,71.9872202678039,73.41579805160806,1375600
2016-08-24,71.70439147949219,72.61084871896452,71.29104719959584,72.31353362135708,1232900
2016-08-25,71.62466430664062,72.29182142627063,71.20407210854802,71.59566252683766,998400
2016-08-26,72.125,73.24175615377871,71.26930401373198,71.66089426499803,1861500
2016-08-29,73.00971984863281,73.08223534881895,72.2773005718232,72.33531518500334,1156800
2016-08-30,71.80593872070312,73.14024710890665,71.54488403673194,73.06773161154922,1073300
2016-08-31,71.8567123413086,72.12502581299324,71.18956080004695,71.60290529110893,2359800
2016-09-01,72.11775207519531,72.1685134707869,71.26930923491706,71.79142960818896,1269500
2016-09-02,72.58914184570312,74.43106481829035,72.3788429654485,72.3788429654485,1260400
2016-09-06,73.89441680908203,74.11921649957769,71.86394978773711,72.8429227852301,1576500
2016-09-07,73.81462860107422,73.95965955031349,72.85740995139723,73.88714407569385,1146600
2016-09-08,72.85018920898438,73.44482521797958,72.57462806959877,73.44482521797958,1560300
2016-09-09,69.81170654296875,72.48757001616899,69.81170654296875,72.0742257467993,2175600
2016-09-12,69.68844604492188,70.18155910767113,68.65145852469522,69.43463907128117,2838100
2016-09-13,68.08566284179688,69.31520101070168,67.82218997819524,69.02977300575132,2712000
2016-09-14,67.36843872070312,68.53210593747767,67.11228050283422,68.37841435698152,2475000
2016-09-15,67.82220458984375,67.93930614720995,66.79758829772784,67.36845001432368,1660700
2016-09-16,67.7709732055664,67.8441588861488,67.20743732300143,67.60264669859782,2389600
2016-09-19,68.59063720703125,68.83946952841649,67.63920702638956,68.21006290129175,2042500
2016-09-20,68.83946990966797,69.26395449007177,68.64918833945144,69.04439195987474,1932900
2016-09-21,69.88605499267578,69.97388113923061,68.42963962715119,68.82484891108561,1796000
2016-09-22,71.78892517089844,72.41101740087356,70.25200357903327,70.25200357903327,2206200
2016-09-23,71.68644714355469,72.25730870486579,70.93994446139105,71.43761477740283,2209700
2016-09-26,71.45958709716797,71.82552107680677,70.78626991472284,71.2107546711941,6213100
2016-09-27,70.87406921386719,71.86940978629599,70.70574276065646,71.83281974954518,1821200
2016-09-28,72.64519500732422,73.06967406208882,72.16947984929183,72.5720093484826,2878400
2016-09-29,71.72303771972656,72.55736648732065,71.08631078289626,72.33048927723857,2346900
2016-09-30,71.07901763916016,72.76963082460388,70.46424565482012,72.08899340464313,2945800
2016-10-03,69.2347183227539,70.81555603453431,68.61263157983875,70.81555603453431,1594500
2016-10-04,67.46357727050781,68.79557650719235,66.73902967711511,68.78825626540215,2092200
2016-10-05,66.47554016113281,67.6977577996971,65.5753404924787,67.52211112668182,1788000
2016-10-06,66.59265899658203,67.30989199906537,65.26797987762501,65.96325215268102,1800600
2016-10-07,67.0537338256836,68.62724522210281,66.4023718917228,66.92199739051688,1293600
2016-10-10,67.69778442382812,68.10762868328271,67.08301803464623,67.08301803464623,1146000
2016-10-11,66.98052215576172,67.8660868900229,66.6585041997372,67.6318894748656,693500
2016-10-12,68.29791259765625,68.36378361256395,66.75367087307355,67.11960482517924,895300
2016-10-13,69.2200698852539,69.31521070564168,67.66118762695602,68.10762750918404,1221900
2016-10-14,69.31519317626953,70.03974067742698,68.56869053624484,69.3078729354112,1044100
2016-10-17,69.48351287841797,69.74698566546618,69.04438784419979,69.35177648489386,714200
2016-10-18,70.6764907836914,71.07170016393437,69.57136856766259,70.07635926192462,939700
2016-10-19,70.62523651123047,71.07167627680637,69.84213825720038,70.80820344519739,795700
2016-10-20,70.26663208007812,71.12291610301767,70.12757540527808,70.56669498752592,898600
2016-10-21,70.02511596679688,70.4056847911795,69.54940074853717,69.72504746873618,756700
2016-10-24,70.24467468261719,71.07900353720616,69.76163924906133,70.559378063468,995000
2016-10-25,70.91799926757812,71.0131400826195,69.35180243829144,70.38373325398554,929300
2016-10-26,70.6618423461914,71.11559683444996,69.97388478824004,70.4569146602102,1578900
2016-10-27,67.34647369384766,71.4742132960824,66.3438183636345,71.4742132960824,2288600
2016-10-28,67.77826690673828,68.70042175534697,66.24134588152869,67.41965330372108,1597400
2016-10-31,68.3784408569336,68.51749759095836,67.30259379280915,68.14424327440867,1187200
2016-11-01,65.70709228515625,68.5833330541907,65.38506865610445,68.3784109570517,1665000
2016-11-02,64.55805206298828,66.08033828783846,64.5434171651585,65.77295518004401,1680500
2016-11-03,64.91668701171875,65.01914808130529,63.35048999522799,64.52879787918265,1679500
2016-11-04,66.47554016113281,66.67314197031163,64.71173643990186,65.07767026584617,1418700
2016-11-07,68.29059600830078,68.81022157804253,67.3611261770634,67.3611261770634,2064000
2016-11-08,69.4395980834961,69.8714028847391,67.60261436941623,68.52476355443792,1845700
2016-11-09,66.76831817626953,68.15886286930332,66.04376485684001,67.38308459840538,2363000
2016-11-10,64.57269287109375,66.8341614974999,63.98719644820332,66.48286252702411,3058300
2016-11-11,64.35313415527344,65.4728909659157,63.76032303992355,64.57269672288128,3516800
2016-11-14,65.8461685180664,65.86080342204863,62.6698583177596,64.24337572207575,2071600
2016-11-15,66.31454467773438,67.3977059417851,65.66318275421116,65.94129052012508,1452800
2016-11-16,65.23869323730469,66.14620771793376,64.51414570104401,65.85346507391073,1434200
2016-11-17,64.06769561767578,65.71439785245039,63.07967539355244,65.21672762037022,1985500
2016-11-18,65.09233093261719,65.26065741787812,63.4529428636999,64.36777771227521,1654600
2016-11-21,65.35579681396484,66.50482903732824,65.16550962240869,65.64853946717962,1381600
2016-11-22,67.32453155517578,67.40503747684859,65.28261929255609,65.71442428913836,1501800
2016-11-23,65.64855194091797,67.33185043528377,65.16552200436757,66.76099433585637,1213400
2016-11-25,66.56340026855469,66.8927442578784,65.61197510583258,65.6778405534711,518400
2016-11-28,66.98786163330078,67.29524478202548,66.23403866126755,66.54874205173572,895200
2016-11-29,68.42964935302734,68.86144873828323,67.07569484085897,67.11960512852323,1482400
2016-11-30,67.5733642578125,68.04175926511061,67.0610533797803,68.04175926511061,1722200
2016-12-01,64.87275695800781,67.41965918659434,64.56537384288586,67.03176458851249,2081700
2016-12-02,65.20941162109375,66.46822497137894,64.88007338620385,64.88739362671689,1218300
2016-12-05,65.75102233886719,66.05841116071478,65.20944155019006,65.27531257762529,984500
2016-12-06,65.6705093383789,66.94395792510078,65.50217726399703,65.99252741850886,1575400
2016-12-07,67.51480865478516,67.69045537402589,65.95593215614308,65.9778872980846,1156200
2016-12-08,68.94925689697266,69.12490358548321,67.63189835758216,67.9905119752059,1596500
2016-12-09,68.80287170410156,70.0397240984132,68.37838717412174,69.34445214155825,1211400
2016-12-12,70.60328674316406,70.93262501587338,68.61260545678459,68.61260545678459,2112000
2016-12-13,71.40836334228516,71.79982326453934,70.06410187061967,71.25325689960584,1896200
2016-12-14,69.82035064697266,71.7111782096993,69.72433399687223,71.6447064446553,1433300
2016-12-15,69.6726303100586,70.92086927409565,68.97833961442235,69.56183840233422,1289600
2016-12-16,69.86467742919922,71.34188813083898,69.58400942452785,70.25614299862752,3071600
2016-12-19,71.34928131103516,71.37143857166507,70.09365437103548,70.93566408564459,1079600
2016-12-20,70.72146606445312,72.4867324950441,70.43341041327632,71.34189188695335,1537500
2016-12-21,70.40385437011719,72.2651371779188,70.36692185243685,70.7953142630402,1171800
2016-12-22,71.04645538330078,71.2901908831442,69.88684512819063,70.28569272126897,815500
2016-12-23,71.1646499633789,71.88109831240436,70.99477382738928,71.25328466592588,1736500
2016-12-27,71.21633911132812,71.77768085460723,70.90612616179729,71.3788332187336,510000
2016-12-28,70.92086791992188,71.57823172383853,70.53679570026951,71.38619279645714,875800
2016-12-29,72.6861801147461,72.94469094883975,70.97999733950083,71.06124440666078,1184500
2016-12-30,72.57537078857422,72.96683076301665,71.94016967095027,72.49412374084704,1305800
2017-01-03,73.3878402709961,73.409997533575,72.40549363917245,73.04069479695973,1412600
2017-01-04,75.71444702148438,76.39396268991547,73.21795696881647,73.43954086009778,2490700
2017-01-05,77.73082733154297,77.78991711339539,75.16786580358978,75.55194375051875,2819800
2017-01-06,76.84449768066406,77.723439809114,76.58598694732918,77.472311071652,1262300
2017-01-09,75.92864990234375,76.71895758534077,75.35253286178981,76.53430620487313,1494300
2017-01-10,75.6036376953125,76.28315320752966,75.31558208393542,76.08373225931136,1230000
2017-01-11,75.48545837402344,76.29054107027531,75.30080705154774,75.46330111694414,935600
2017-01-12,75.70704650878906,76.23145561814876,75.02014332481706,75.36728873237763,1058500
2017-01-13,75.55195617675781,76.03205087182565,75.40423169783011,75.51502364824772,718700
2017-01-17,76.32748413085938,76.64508469823558,75.7070582606988,75.99511393400368,1413000
2017-01-18,77.2802963256836,77.5535824066143,75.9655793541229,76.0320567835874,1854500
2017-01-19,77.36891174316406,77.47970367459189,76.15021176768137,76.65246363972405,983100
2017-01-20,78.14445495605469,78.58761707686976,77.60527052506976,77.6274277858437,1526800
2017-01-23,78.3291015625,78.58022468286913,77.93763598380592,78.0705851755048,990300
2017-01-24,79.2892837524414,79.56256976250127,78.1222859388171,78.35863942707289,1175600
2017-01-25,79.31885528564453,79.76940515445564,78.66149674953265,79.25238348620366,1302400
2017-01-26,79.45181274414062,80.02792427271893,79.03080773209385,79.4665823782852,1296000
2017-01-27,78.60979461669922,79.62168632227399,78.24049181489853,79.59214142191631,849100
2017-01-30,78.6023941040039,78.69102879055436,78.11491741575801,78.69102879055436,774000
2017-01-31,79.49610900878906,79.82109723640934,78.72795860221292,78.72795860221292,1303900
2017-02-01,78.58761596679688,79.59211976518189,78.45466676891908,79.37792352220592,1019900
2017-02-02,78.93476104736328,79.40008042025563,78.45466641082307,78.80919384680428,955700
2017-02-03,79.58472442626953,80.50798109014737,79.3188260562638,79.5625671679543,964100
2017-02-06,78.94950866699219,79.48130530782603,77.95239278298395,79.30404163925155,1446500
2017-02-07,79.1341781616211,79.62904240253317,78.72056096146912,79.03816149304632,663200
2017-02-08,79.58472442626953,80.1682233140537,78.75748442679486,79.2301913878914,868100
2017-02-09,79.59950256347656,79.90233348645785,78.77965574260524,79.58473293472454,712800
2017-02-10,79.1784896850586,79.82846598655244,78.42511472254978,79.56256761505252,1801600
2017-02-13,79.20804595947266,79.74723041115475,79.0307822313646,79.51087689530657,1115900
2017-02-14,77.77513885498047,79.17848439002336,77.55355501517836,79.17848439002336,1837500
2017-02-15,77.132568359375,77.45016893235785,76.4013505323168,77.45016893235785,2573500
2017-02-16,76.17975616455078,77.98933703739802,75.94340267542242,77.36152361019255,2274200
2017-02-17,76.92578125,78.29220060523843,75.11619398701805,77.60529711037282,2336800
2017-02-21,77.3467788696289,77.5314302685212,76.72634723909172,76.92577390555897,1520200
2017-02-22,76.59335327148438,78.1444286243518,76.24621357781206,77.26548667574163,1317300
2017-02-23,78.16661071777344,78.34387443567753,76.4752036780842,76.88882089823109,1299500
2017-02-24,79.6438217163086,80.07221420117591,77.95980230419518,78.27001522008723,1403700
2017-02-27,79.4813232421875,80.09436704342802,79.37053131116268,79.79153614096764,671000
2017-02-28,79.76937866210938,80.0869791914463,78.93475663622935,79.49609265101564,1348600
2017-03-01,79.79891967773438,80.17560996984524,78.4915851019249,79.34836998043409,1229500
2017-03-02,79.29668426513672,80.23471073915398,78.61716858040667,79.7989362136573,908300
2017-03-03,80.01313018798828,80.16823665712204,78.77966043217758,79.16373278882608,794400
2017-03-06,79.54779815673828,79.88756159464289,78.9864621182696,79.76938202752618,666800
2017-03-07,79.38533020019531,79.93189675144201,78.92000507842623,79.2154484373832,642100
2017-03-08,77.09563446044922,79.18588922602164,77.02916267513244,79.18588922602164,1769900
2017-03-09,76.80017852783203,77.51662090692707,76.253606570227,77.04391398448182,1428000
2017-03-10,76.7411117553711,78.20354747404994,76.36442137657266,76.8002015471655,870900
2017-03-13,76.88269805908203,77.1286348918354,75.9063823383709,77.0093936526226,1121500
2017-03-14,76.3162841796875,76.88269568497518,76.10015339890658,76.87524133087759,862300
2017-03-15,77.88883209228516,78.08259984727442,76.76346322381515,76.76346322381515,2187900
2017-03-16,77.06902313232422,78.14221711305339,76.72619103855605,77.80684506020181,1157900
2017-03-17,76.68147277832031,77.71740630919301,76.67401842375105,77.21061823260729,1790700
2017-03-20,77.30751037597656,77.79193540509644,76.71874143740814,76.72619010622061,1261900
2017-03-21,77.10626220703125,78.25398804738012,77.02428138372025,77.59069279404942,885300
2017-03-22,77.97826385498047,78.16458294582904,77.09883751873492,77.58326829214269,970600
2017-03-23,78.17950439453125,78.86515739592112,77.62800138784881,77.96337353161324,762900
2017-03-24,77.3149642944336,78.6415552419888,77.26279517917042,78.33599490573513,1230600
2017-03-27,76.61439514160156,77.46400954925616,76.15977620764528,77.17335228800623,678300
2017-03-28,77.13610076904297,77.24043900119298,76.18214796881016,76.76346260107658,664600
2017-03-29,78.52973937988281,78.62662321935242,77.04663594750885,77.10625939610786,1140300
2017-03-30,78.58192443847656,78.81295824122199,77.91117472049896,78.26145544466539,791600
2017-03-31,79.28997039794922,79.49864691876205,78.27639385170797,78.35092036828273,1157200
2017-04-03,79.14087677001953,79.46134574431647,78.38069190726594,79.29738408034979,896100
2017-04-04,78.90986633300781,79.33467367051445,78.66392943256244,79.14835456308158,695600
2017-04-05,79.65512084960938,80.325870589046,78.67881081476662,78.84277249396294,831600
2017-04-06,80.66124725341797,80.72831938348672,79.25266997590508,79.72219763041147,933700
2017-04-07,81.01154327392578,81.5406945272843,80.3407990555425,80.58673594881276,887000
2017-04-10,81.45870208740234,81.6450211629124,80.78795227836473,80.98172570897714,953500
2017-04-11,81.54813385009766,81.83134249171579,80.98917660817612,81.52577647018194,637000
2017-04-12,81.9207763671875,81.98039984080441,81.2500265040158,81.56304689750085,797400
2017-04-13,81.68972778320312,82.06236589709931,81.50340872625503,81.92076159429672,577800
2017-04-17,82.90454864501953,82.91200300141648,81.6524840127039,81.94314136609789,689100
2017-04-18,83.47093200683594,83.7168745104261,82.65858370140944,82.80763666273353,1423000
2017-04-19,84.23114013671875,84.32057535583368,83.20266070393275,83.47096067526961,1158000
2017-04-20,84.4249038696289,84.64848904863825,83.93302443621853,84.23858478245687,1058400
2017-04-21,84.12678527832031,84.75282031648644,84.0075440290548,84.3429160839963,823500
2017-04-24,83.4336929321289,84.7230236403797,82.91945606889108,84.41745757894158,1425500
2017-04-25,83.53800201416016,83.94045182273173,83.39640341029661,83.61998284661024,633400
2017-04-26,82.88963317871094,83.42623303860373,82.80019797339311,83.39642130349779,789900
2017-04-27,84.43236541748047,84.62613887672781,82.8896434717212,82.8896434717212,1106000
2017-04-28,85.58753204345703,86.05705977608253,84.02990722419446,84.21622630894878,1891500
2017-05-01,85.15528106689453,85.96762959463476,84.74537678206663,85.85583700004464,1287600
2017-05-02,84.04479217529297,85.33412246636541,83.76904362820096,85.27449900742432,1129900
2017-05-03,83.10576629638672,84.4919807441828,83.08340891593956,84.4919807441828,986500
2017-05-04,83.37406921386719,83.40388095086472,82.16671945250042,83.04614579290171,1154800
2017-05-05,84.81989288330078,84.86461332725816,83.50821070469283,83.50821070469283,650800
2017-05-08,84.6186752319336,85.15527509955736,83.92556801725411,85.0881972731008,691900
2017-05-09,84.96150207519531,85.40866673838964,84.34292135333945,84.73791690059456,823600
2017-05-10,85.2819595336914,85.63969462722348,84.74535973639651,84.92422444015934,656500
2017-05-11,84.71556091308594,85.31178426448527,84.48452706527216,85.05093868050079,610600
2017-05-12,85.76639556884766,85.93780592888761,84.55159159479415,84.6931959073542,683000
2017-05-15,86.4222412109375,86.51167641612004,85.52045754787336,85.69932227223138,774100
2017-05-16,85.87075805664062,86.42971542393936,85.42359330000332,86.3253771702576,593100
2017-05-17,85.86327362060547,86.43713950083061,83.97772567187847,84.6335667061294,1186600
2017-05-18,85.4533920288086,85.86329062413536,84.48453046529534,85.86329062413536,852600
2017-05-19,85.58753204345703,86.38498318477242,85.06584088054785,85.48319381087519,813200
2017-05-22,86.36261749267578,86.92157472994475,85.29687213284265,85.84092634562755,992200
2017-05-23,86.59365844726562,86.87686140519627,86.32535851406517,86.63091885209467,697200
2017-05-24,87.3239974975586,87.76371334434448,86.6905139626348,86.6905139626348,708800
2017-05-25,88.50902557373047,89.03071677176894,87.04828453321515,87.46563749164592,828700
2017-05-26,87.8010025024414,88.79222138468104,87.16751875997498,88.5835449223163,502800
2017-05-30,87.94259643554688,88.35994931097316,87.4581657417091,87.46562009620071,580900
2017-05-31,88.0842056274414,88.63570848427956,87.51033970588783,88.03203651511897,1146300
2017-06-01,87.79356384277344,88.31525505816539,87.5476212615139,88.07676683312795,1283500
2017-06-02,89.2617416381836,89.2617416381836,88.08420938326738,88.1587358774762,780900
2017-06-05,88.6580810546875,89.37354572599408,88.28544284967317,89.22449271839146,741900
2017-06-06,88.56118774414062,89.46297142199138,88.28543345481151,88.69533771111057,569400
2017-06-07,87.95750427246094,89.06051567132111,87.77118520201884,88.61335103946145,994900
2017-06-08,87.01100158691406,88.65060705119421,85.78129464570071,87.95749991603806,1058800
2017-06-09,84.4546890258789,87.93512711422912,83.22498230036173,84.92421093081941,7069000
2017-06-12,85.48319244384766,85.49810115455362,82.62878843242406,84.42490142400884,3072300
2017-06-13,86.67788696289062,86.700427104943,84.97979222759554,85.50575371626475,1704100
2017-06-14,88.24824523925781,89.18745604739162,86.66285693652891,87.58704289402723,2163600
2017-06-15,88.47364807128906,89.06722992246836,87.55697750953084,87.91012165045282,1226000
2017-06-16,87.61707305908203,88.79672126458884,87.12868243320641,88.67649956422541,1832000
2017-06-19,87.57201385498047,88.26327160090827,86.75301908856515,88.26327160090827,1312500
2017-06-20,88.39098358154297,88.53374542076371,87.39917746153107,87.60204441977805,1237900
2017-06-21,89.47296142578125,89.54058183848475,88.26325769475642,88.3083379698921,1373800
2017-06-22,90.47978210449219,90.6826547843711,88.88688475203915,89.51803146169352,1802000
2017-06-23,90.56996154785156,91.29127463484575,90.22433271861395,90.3670888384704,2166400
2017-06-26,90.27693176269531,91.31381829034706,90.00643862809275,90.90807858844323,1573600
2017-06-27,87.63961029052734,90.16420858963603,87.59453002062806,90.06653276069223,1524300
2017-06-28,86.67788696289062,87.96272665226618,86.18198090778718,87.82748006746414,1460900
2017-06-29,84.8520278930664,86.5200665452642,84.04054870024278,86.34724930267775,1749600
2017-06-30,84.86707305908203,85.33292361076572,84.41625308817132,84.72431693666059,1977200
2017-07-03,85.13754272460938,85.49068675311877,84.10817179234242,85.31035996094911,684700
2017-07-05,83.40189361572266,85.45313189991671,82.90598771290072,85.03236169169283,1375200
2017-07-06,82.1696548461914,83.34930309337805,81.69629478237935,83.05626985399634,1125600
2017-07-07,82.76325225830078,83.40191442042818,82.1621550866,82.42513294953629,879300
2017-07-10,82.69560241699219,83.59724791628439,82.6655469937672,82.94355535923398,1242500
2017-07-11,82.34996795654297,83.13139170892262,81.92168823704009,82.64300114712466,1065100
2017-07-12,84.15326690673828,84.32608417357291,82.6355051508929,82.943563236355,1116800
2017-07-13,84.52894592285156,84.74684344912879,83.68741124196909,84.11569100534544,1203000
2017-07-14,84.47636413574219,85.80628391278444,84.22841114481479,85.06994596289252,948200
2017-07-17,84.68673706054688,84.7393326225915,83.83769277825895,84.25845727461596,1225000
2017-07-18,84.91214752197266,85.25026102105495,84.35613075872307,84.59656842601153,939400
2017-07-19,84.41624450683594,85.03988169831817,83.76255762183638,84.57403119399052,1257300
2017-07-20,84.23589324951172,84.99477677164269,84.18329770238293,84.52892640244141,1201600
2017-07-21,84.49889373779297,84.70927598295685,83.98044768186325,84.22088535240572,608800
2017-07-24,85.09249877929688,85.39304738285156,84.1608032675164,84.52897229731478,711700
2017-07-25,84.48387145996094,85.20518449351883,84.07061651404872,85.20518449351883,762400
2017-07-26,85.1450424194336,85.2802889219131,84.23588760428753,84.44626977870357,634900
2017-07-27,85.76870727539062,86.15941633598786,84.43878194651118,85.14507010382538,1508100
2017-07-28,85.03988647460938,86.32472591287708,84.30354282737794,85.73865940410445,1406300
2017-07-31,86.66283416748047,86.73797559837944,84.67922192045813,84.90463474818235,1521000
2017-08-01,88.35342407226562,88.84181477089764,86.71544615444789,86.74549585152911,2193700
2017-08-02,88.00776672363281,88.33085532122855,87.27142900142819,88.32334576563426,1230900
2017-08-03,86.97090148925781,88.06038349137701,86.44494584668026,87.99276307982556,1043700
2017-08-04,86.55765533447266,87.48184118039362,86.33224820722675,86.94085490302399,795200
2017-08-07,86.0767822265625,86.68539467117425,85.74618395123538,86.55765765657222,673300
2017-08-08,85.48318481445312,86.08428185887065,85.19766687122225,85.89643974905097,825100
2017-08-09,85.96407318115234,86.12185987888637,85.2352448160332,85.65600934332394,656900
2017-08-10,84.79193115234375,86.05423041808143,84.76939101531948,85.71611689774437,1471700
2017-08-11,84.01800537109375,85.03235145729684,83.15393065600026,84.93467563932414,1282700
2017-08-14,86.2946548461914,86.50503706941993,84.37866897108674,84.55899577207039,1019800
2017-08-15,86.50505065917969,86.5275965287695,85.34043295978118,86.19699256462425,716400
2017-08-16,87.52691650390625,87.78989433704791,86.4148943144824,86.51257015751021,902400
2017-08-17,86.7755355834961,87.812427652324,86.63277948448005,87.44425300608042,910900
2017-08-18,86.30217742919922,86.76051262532263,85.57334914249525,86.53509980567678,802500
2017-08-21,87.48933410644531,87.7598271759849,86.1744394699279,86.407361828287,717900
2017-08-22,88.38348388671875,88.71408789588459,87.30151703101777,87.50438402505941,806000
2017-08-23,88.76664733886719,89.09725121347641,87.94014338482911,88.35339249560566,702700
2017-08-24,88.61639404296875,89.30765161945193,88.39849651141697,88.94699225249026,1034700
2017-08-25,88.76664733886719,89.26255315078102,88.33836765243478,89.12730663230316,646600
2017-08-28,88.33838653564453,89.33019263899564,87.83497106077769,88.87937272519719,793200
2017-08-29,88.1881103515625,88.6614703754654,87.73728472976633,88.32335689160418,859000
2017-08-30,88.70655059814453,88.70655059814453,87.93264207094522,88.00026820717355,500800
2017-08-31,88.91693878173828,89.41284470564874,88.57882527542571,88.88688908861002,1093400
2017-09-01,88.44357299804688,88.9770438700587,88.0904289355565,88.9770438700587,702300
2017-09-05,89.548095703125,89.5931759775431,87.97773259855103,88.46612325719792,1011800
2017-09-06,89.93128204345703,90.32199107357965,89.00709642602466,89.75094950725976,1199000
2017-09-07,91.23867797851562,91.76463364009928,89.7584811034329,90.14168064686487,1552000
2017-09-08,90.6375732421875,91.0808836045814,90.17172847618102,90.69768409344198,960200
2017-09-11,94.70248413085938,95.59661445856771,91.49413750348629,91.49413750348629,2940000
2017-09-12,93.7557601928711,95.0556302157296,93.02693183316026,94.59729497369467,2026300
2017-09-13,91.32135009765625,93.69567214666893,90.17175693391862,93.52286056038173,4572600
2017-09-14,91.56361389160156,91.65447542410996,89.7237097392978,91.50303953659598,2744600
2017-09-15,89.0346908569336,91.6847582751163,88.58796797925044,91.45761310528519,9754100
2017-09-18,88.66368103027344,89.36784201652985,87.95952004401701,89.13312361334052,2023700
2017-09-19,88.78482818603516,88.92868505481724,87.56579676043953,88.74696777090453,2015800
2017-09-20,87.0357666015625,89.15582243946031,86.43004048836843,89.08010739739697,1728700
2017-09-21,88.00494384765625,89.0573985899884,87.08120526191142,87.17963424459212,2074300
2017-09-22,86.70263671875,88.24724814993714,86.24076735947249,88.13367267562997,2041000
2017-09-25,86.48307800292969,86.87679985341958,86.1272108010637,86.70265576103188,1335500
2017-09-26,85.7789077758789,86.56635717034371,85.71833341245332,86.46792238560484,1418900
2017-09-27,87.262939453125,87.2705126922424,84.9081646595433,85.58961176288814,1886700
2017-09-28,87.95196533203125,87.96710603453027,86.64964540292404,86.90707778223214,1341500
2017-09-29,89.59500122070312,89.79943246544914,87.67180861015814,87.70966325275387,2152900
2017-10-02,89.69342803955078,90.32944725257562,89.47385032176179,89.84486393631326,1485400
2017-10-03,88.2093734741211,89.76912535396464,88.10337125568634,89.59498132797368,1060100
2017-10-04,88.6258316040039,88.64854554414038,87.12664801142114,87.96709845660276,1654800
2017-10-05,89.65555572509766,89.67826966096248,88.02765626009524,88.62581493684905,1388400
2017-10-06,89.5116958618164,89.64041202015318,88.65609907321675,89.42083433886158,1224500
2017-10-09,90.07200622558594,90.35215829308852,89.42841957089533,89.50413462850211,685100
2017-10-10,90.677734375,91.40460929508419,90.01142803240656,90.27643938776805,1121500
2017-10-11,91.32889556884766,91.74533126233618,90.45815798909754,90.6625892165645,1057000
2017-10-12,92.94163513183594,92.96434906747594,91.47273900911455,91.7680317258098,972700
2017-10-13,92.20719909667969,93.26722718607327,91.9119063414706,93.13093777776997,1026200
2017-10-16,92.17692565917969,92.51765211906945,91.74534343133735,92.00278158614445,1243600
2017-10-17,92.91893768310547,93.2369443918657,91.96491178013613,92.05577331550562,1202000
2017-10-18,93.77452087402344,93.84266846395408,92.6236370735407,92.75992647671389,900900
2017-10-19,93.79724884033203,93.8805371423218,92.75236711085452,93.18394932267013,800400
2017-10-20,93.42623901367188,94.00925711527111,93.13094623165782,93.88810839614284,774100
2017-10-23,91.02600860595703,93.57007316566703,90.90485992373888,92.49490460607296,1610000
2017-10-24,91.76046752929688,92.06332771752088,90.69286630273753,91.11687518760137,1214800
2017-10-25,93.11578369140625,93.50950538285471,91.624173652932,91.624173652932,1794400
2017-10-26,87.68694305419922,93.50952159129898,87.52793970259073,93.01736505916496,2865400
2017-10-27,88.24726104736328,88.66369681176728,86.7026493904296,87.54309993577131,1380400
2017-10-30,89.0346908569336,89.72371115847159,88.17909974152819,88.2472473361595,970700
2017-10-31,89.67826843261719,89.76155671410585,88.47437785808206,89.14825157071765,961100
2017-11-01,88.54255676269531,89.98873367916933,88.48198239533262,89.98873367916933,934100
2017-11-02,89.92813873291016,90.32943949233822,88.56525043926686,88.80754207658266,1412800
2017-11-03,90.14771270751953,90.59444132527331,89.0498300349402,89.45869823914792,765600
2017-11-06,92.24507141113281,92.43436195948857,90.6095983005283,90.6095983005283,992200
2017-11-07,92.38134765625,92.38891511788837,91.22289058986911,92.04062125181026,1131200
2017-11-08,93.50950622558594,93.88051398504085,91.91946719409162,92.35862253685973,1454100
2017-11-09,92.55549621582031,93.41866057313838,92.44949398082957,93.25965722065227,732800
2017-11-10,91.50304412841797,92.33592133313095,91.2228978316635,92.26777951284649,988900
2017-11-13,92.90377807617188,93.76694232178751,91.37431332874229,91.77560827737386,1012800
2017-11-14,92.91893768310547,93.44894886437253,92.1163476724186,92.58578449677267,1065500
2017-11-15,90.97303771972656,93.335380040797,90.85188899726704,93.20666385570053,689500
2017-11-16,91.06388854980469,91.8059099929339,90.56416453846356,90.98817349071527,1364900
2017-11-17,89.42842102050781,90.8594570062207,89.22398400729814,90.67016647079107,800900
2017-11-20,88.89839935302734,89.8069915053132,88.84539246373411,89.42083724108211,909000
2017-11-21,89.55713653564453,89.71613989102646,88.63339780531165,89.06497999183077,1217800
2017-11-22,88.7469711303711,89.86000036776004,88.58796777884245,89.61770872114185,688800
2017-11-24,88.99685668945312,89.26943557730424,88.25483509992733,88.85299400511785,359200
2017-11-27,89.39055633544922,89.58742010037105,88.8756858725918,89.2466994635384,1177300
2017-11-28,89.74642181396484,90.05686104440348,88.99683296057911,89.28455247584628,1198900
2017-11-29,88.58039093017578,89.84485600559925,87.75508702825381,89.61013183050899,1799800
2017-11-30,88.3608169555664,89.4132718385905,88.19424614184447,88.89083390475321,3501800
2017-12-01,89.95842742919922,89.96600066768684,87.98223388218156,88.67125416734568,1108600
2017-12-04,83.73455047607422,89.9508561488838,83.65883542447733,89.86756785912077,2484900
2017-12-05,85.5744400024414,86.12717076093526,83.35595528496039,83.6588212166,1828100
2017-12-06,85.2867431640625,86.23319584102225,84.92330857105563,85.2337420452203,1001100
2017-12-07,86.42249298095703,86.99036463053052,84.63558972816395,85.36246474641534,1210900
2017-12-08,86.92976379394531,87.70207223710675,86.54361534905199,86.93733703110618,1077000
2017-12-11,87.0357666015625,87.14176881578865,85.97574445930103,86.85404934527303,860300
2017-12-12,86.99794006347656,87.40680835468098,85.92277109958124,86.95250640221654,1110200
2017-12-13,87.30835723876953,87.77779980605514,87.08877954326603,87.17964107210175,1226000
2017-12-14,87.98771667480469,88.2625117873998,87.07937166384755,87.17860096752891,765100
2017-12-15,87.36943054199219,88.67470441437308,87.27020123835774,88.64417097702609,2215500
2017-12-18,87.09464263916016,87.98009492454689,87.04884539117747,87.78926529307473,910700
2017-12-19,85.32374572753906,87.48393859995214,85.23215122960328,87.27783933228,1450500
2017-12-20,84.2856216430664,85.32373519839402,84.01846135095805,84.94207597433703,1620000
2017-12-21,83.43834686279297,84.63675672499248,83.34675236610144,84.36959640354512,988700
2017-12-22,84.71308135986328,85.02603888577801,83.63679958537266,84.31615251765751,1270800
2017-12-26,85.1786880493164,85.73591298215823,84.26270839998519,84.77413027380084,648700
2017-12-27,85.87332916259766,86.65191145126242,85.33900855504908,85.36953616948797,920000
2017-12-28,87.04119110107422,87.07172453411732,85.75881603154806,85.79698427876617,1010000
2017-12-29,86.94197082519531,87.56025689336306,86.87326913781139,87.24729936362466,690900
2018-01-02,85.99545288085938,87.17859289485371,85.47639614109485,87.04883016582686,1224400
2018-01-03,86.78169250488281,87.84270488085328,86.33133150773189,86.40003320924858,1472800
2018-01-04,85.70539093017578,86.87326717641697,85.49929751999214,86.64427514550817,1458500
2018-01-05,86.25498962402344,86.79694505468056,85.94202624684594,86.16338930843682,1066900
2018-01-08,87.13280487060547,87.55262653662307,86.2473526464384,86.2549874617937,834700
2018-01-09,85.94965362548828,87.43812805077447,85.87332294759969,87.21676500833732,947300
2018-01-10,83.61387634277344,86.03359363955721,83.2016838158562,85.9725267858682,1650600
2018-01-11,82.39259338378906,83.95739267462746,81.85063799610438,83.84289374513746,1714600
2018-01-12,80.74382019042969,82.33915868994937,79.93470454228185,81.97276329204514,1907400
2018-01-16,82.04147338867188,83.75893998114573,81.27815490312794,81.301053525909,1889100
2018-01-17,81.68270111083984,82.30862194670748,79.78203416006696,81.75139696937867,2365700
2018-01-18,81.64453887939453,82.11016358932903,80.83542320413801,81.11021830585861,1839500
2018-01-19,81.90406799316406,82.0567293462057,80.98808240394226,81.85826492832571,1467500
2018-01-22,83.46124267578125,83.4688774914678,81.75904566813789,81.97277391809688,1565800
2018-01-23,84.81233215332031,85.2168900892726,82.91167042419596,83.56812490188948,1445500
2018-01-24,84.61383056640625,85.04892175508154,84.15584076100957,84.81229495075213,1021700
2018-01-25,85.04129791259766,85.40768744962904,84.43827573325781,84.5298702056873,1156800
2018-01-26,85.2245101928711,85.52983875223998,84.71308820453149,85.20924056189081,1375500
2018-01-29,81.95750427246094,85.81989377528966,81.91170120526229,85.81989377528966,1413200
2018-01-30,81.33921813964844,82.20940077063707,81.22472502266943,81.69034395358614,1471000
2018-01-31,85.45348358154297,85.54508387644542,81.4842306476092,81.4842306476092,2538100
2018-02-01,82.42313385009766,85.66723746162455,82.01857015490513,85.46113820623204,1784900
2018-02-02,82.21702575683594,82.46128741661842,80.45376208227047,81.46134215683036,1562400
2018-02-05,79.63701629638672,83.13301623941189,79.63701629638672,81.86590480098272,1868000
2018-02-06,79.76678466796875,80.20951080351676,77.17150055710226,78.89660202839265,2238500
2018-02-07,79.51485443115234,81.44604851949741,79.31639589484297,79.56065748262465,1335700
2018-02-08,75.5379867553711,79.75913649680525,75.49982433027768,79.51487484631028,2088800
2018-02-09,78.0187759399414,78.56073132576678,75.01893428061406,75.95018369590686,1988000
2018-02-12,80.18659210205078,80.20185590609071,76.33183224425333,78.47675486674673,2390100
2018-02-13,80.24004364013672,80.60643326264903,78.88133180431758,80.0186805740256,1618000
2018-02-14,80.35453796386719,80.5835358491192,78.69813817467309,80.06447902305167,1726300
2018-02-15,80.491943359375,80.74383989292143,78.68288201982574,80.48431436647387,2392400
2018-02-16,78.01115417480469,80.41560879343504,77.23257180928529,78.09511968194461,2253600
2018-02-20,76.0112533569336,78.18670979497249,75.8509571797789,77.40812753112718,1999900
2018-02-21,74.76704406738281,75.98835831523161,74.07242726698529,75.98835831523161,2908500
2018-02-22,76.96540069580078,77.2859930470589,74.81284290017715,74.81284290017715,2092300
2018-02-23,78.01115417480469,78.44624551923049,76.53032013471355,77.28600387531448,1441200
2018-02-26,77.53788757324219,78.56836628975712,77.1409587281065,78.23250431674346,1300600
2018-02-27,76.56084442138672,78.12564378151355,75.77462151002588,77.54552011709215,2287900
2018-02-28,76.82036590576172,77.56842052544664,76.04178367386368,77.02646514197357,1629900
2018-03-01,75.49217987060547,77.27834186970689,75.1334193433527,76.3699970668004,1298000
2018-03-02,74.97314453125,75.17923796529593,73.70603301694575,75.16397415759765,1461600
2018-03-05,76.60663604736328,76.93486319641192,74.40064630968422,74.45407836540575,1153200
2018-03-06,77.23255157470703,77.78214172339338,76.46159840370775,76.61426556926334,1059700
2018-03-07,78.66759490966797,78.84316070958785,76.8890674078226,77.08752600501865,1699400
2018-03-08,79.17138671875,79.24771739530948,77.96534222867537,78.64469515027216,1257400
2018-03-09,78.72867584228516,79.51489302759717,77.78216245815152,79.19430062995394,1162000
2018-03-12,79.65228271484375,80.2400412093195,79.02636179032719,79.13322591229407,1670200
2018-03-13,80.65221405029297,80.8735712315886,79.88889575335052,79.93469298759702,1425100
2018-03-14,81.28419494628906,81.46144930618026,80.5905768687808,81.02986733789214,1606000
2018-03-15,81.17628479003906,81.6078666803636,80.6753381645625,81.4460234714919,839000
2018-03-16,81.97779846191406,82.16276128977316,80.79864499967377,81.01444182534873,1502600
2018-03-19,80.72929382324219,81.97780625974127,80.1512797863216,81.9315611384809,1269500
2018-03-20,80.89885711669922,81.28419986308351,80.49809736773588,80.78325311681118,882300
2018-03-21,79.66574096679688,81.15316381958438,79.37287679193102,80.75240417393495,1308400
2018-03-22,79.31123352050781,80.86030686647736,78.90276533907515,79.36518126071775,1394200
2018-03-23,78.84112548828125,80.37478791856961,78.61762599765817,79.63493057712603,1603800
2018-03-26,78.68698120117188,79.64262948769617,77.8546395258782,79.40371888603089,979300
2018-03-27,79.1571044921875,80.42873670288246,78.07814365038985,78.94902200091838,1055400
2018-03-28,80.95278930664062,81.12234102323958,79.61950107327272,79.65032919264185,1035300
2018-03-29,81.2148208618164,81.58475242057973,80.63680684365427,80.99132140254353,1097500
2018-04-02,79.32664489746094,81.43832115233916,78.60990727242957,81.35354529175439,955700
2018-04-03,79.3960189819336,79.83530948925866,78.40183984419566,79.35748823419227,847300
2018-04-04,80.61369323730469,80.89884895762053,78.71780782188766,78.97984392053037,777000
2018-04-05,81.08380889892578,81.22253250384571,79.7967657131959,80.64451846332312,639200
2018-04-06,80.38248443603516,81.73888641986868,80.10503723937316,81.14546128692433,839600
2018-04-09,80.44415283203125,81.68495699534563,80.21295070288278,80.45186133362871,746400
2018-04-10,79.75052642822266,80.92967412947067,79.14938688732063,80.67534654061167,906200
2018-04-11,80.57518005371094,81.26108975218426,79.56557794168425,79.7043015818173,1243100
2018-04-12,77.83152770996094,80.73701536423864,77.45389345787149,80.73701536423864,1519600
2018-04-13,78.94902801513672,79.04921501784453,78.10126922351671,78.10126922351671,754100
2018-04-16,79.52703857421875,79.92779244681498,78.63304057247251,79.24959132401224,696500
2018-04-17,80.54434204101562,81.50769890153919,79.11857506341349,79.7505369287224,772200
2018-04-18,80.2437744140625,80.97592326920933,80.12046191474403,80.62140865346407,490000
2018-04-19,79.51161193847656,80.06650637166274,78.71780691094862,80.06650637166274,712100
2018-04-20,78.85649871826172,80.09730219212071,78.68694705651293,79.62718381358478,729000
2018-04-23,78.44808959960938,79.46539437807147,78.20917894008001,78.81801540276034,991100
2018-04-24,78.15520477294922,78.91818162901455,77.76986209495585,78.76404102989962,1062200
2018-04-25,78.2014389038086,78.47117758480924,77.66195566194503,78.06271531359936,801700
2018-04-26,79.76596069335938,80.18213162864761,78.13210508221275,78.38643274486631,959400
2018-04-27,83.07989501953125,83.54230512000152,79.00296822664217,79.00296822664217,1804900
2018-04-30,81.4537353515625,83.53458341469005,81.0529756826033,83.17236036462164,1502200
2018-05-01,80.92967987060547,81.607880942478,80.59057639473755,81.16859047595061,1463300
2018-05-02,81.18399810791016,81.63099705600098,80.39790157839099,80.71388541820579,1180800
2018-05-03,80.89885711669922,81.49228235899102,79.89696362415455,81.1377677379011,1222500
2018-05-04,81.99322509765625,82.1781879605184,80.521218935945,80.72159292076924,921500
2018-05-07,82.20130920410156,82.39398055789344,81.39208716623044,81.9392731054158,918400
2018-05-08,80.56744384765625,82.07798636532188,79.95089324132391,82.07798636532188,1868300
2018-05-09,81.63101196289062,81.73120484740309,80.305431877443,80.52893139230234,938300
2018-05-10,83.50379180908203,83.93537978590095,81.76974903828024,82.14738337311485,1401900
2018-05-11,83.84284973144531,84.60582648875716,83.60393918356812,83.72724576703762,1325200
2018-05-14,83.41126251220703,84.20506733436757,82.85636822257906,83.6039338138911,1394300
2018-05-15,82.64061737060547,82.91035614776337,81.89305141686475,82.91035614776337,1523300
2018-05-16,82.38626861572266,82.83326754901374,81.86220232010692,82.83326754901374,1043400
2018-05-17,81.30731201171875,82.40168389966666,80.9373804220612,82.37856427778742,1742500
2018-05-18,81.10693359375,82.44022198443785,80.52891951706734,81.3073134533617,1467000
2018-05-21,82.14734649658203,82.4016740666311,80.82947528795832,81.38436966629723,837400
2018-05-22,81.95467376708984,82.26294906978575,81.48456113330997,82.04715812185732,949600
2018-05-23,82.16275787353516,82.68682409723108,81.60786353316746,82.03944540684809,982200
2018-05-24,81.9161376953125,82.60975561124873,81.23022827840389,82.37083918028839,816200
2018-05-25,82.12425231933594,82.73309462419428,81.91616980292666,82.39399697227307,587100
2018-05-29,82.47874450683594,82.81013944629515,81.4152008285044,82.04716258748911,898000
2018-05-30,83.24943542480469,83.73497099635553,82.04716806641795,82.47104739398408,982700
2018-05-31,82.83325958251953,83.2571329744706,82.12422462968064,82.97198317330732,1277100
2018-06-01,83.6270751953125,83.8120380467091,82.58665107139493,82.85638978798644,827500
2018-06-04,83.89681243896484,83.98929680297096,83.08759042353442,83.97387980237181,757200
2018-06-05,83.39586639404297,84.52877487235409,83.14153880098068,84.00470856537558,883200
2018-06-06,83.51148223876953,83.65020586560591,82.54812535236795,83.42670636237709,673500
2018-06-07,83.31108093261719,83.7966164415978,82.34772429398872,83.53458037836246,910600
2018-06-08,84.44400787353516,84.72916361810599,83.17237565458166,83.41899477317733,1958200
2018-06-11,84.22821044921875,84.87558338115888,84.0971953386875,84.23591894979798,1751100
2018-06-12,83.81974792480469,84.78310469979598,83.3265097263982,84.01241927980296,1824500
2018-06-13,81.54621887207031,84.22049810426775,81.44603188856604,83.98158751598524,1521400
2018-06-14,82.97015380859375,83.18024755887136,81.77964234544962,81.81076756536217,1147400
2018-06-15,82.65892028808594,83.86499149222152,82.55776183090926,82.9857262192817,1776200
2018-06-18,82.43327331542969,82.78342170669553,81.80299790000969,82.33211485035272,700900
2018-06-19,82.68228149414062,83.43705198508239,82.05978877635573,82.09869679741622,1014900
2018-06-20,83.11801147460938,84.37077359394698,82.66670461272372,82.66670461272372,1011500
2018-06-21,83.46037292480469,84.26182808535026,82.9468156744382,83.2113770891349,664500
2018-06-22,83.9505844116211,84.22292268775293,82.98572626052723,83.62377848026289,2017700
2018-06-25,84.0750961303711,84.70536564152987,83.60822366940762,84.16846587333984,1124500
2018-06-26,84.9932632446289,85.67800036735788,83.87277891968192,84.35521098992955,1169100
2018-06-27,85.31226348876953,85.72466220967257,84.94654962335652,85.16442019768056,852800
2018-06-28,85.89585876464844,85.98923442393617,84.54194435588404,85.14887129993261,877400
2018-06-29,86.82183837890625,87.20311203579884,84.82208847322231,85.29673781480564,1722000
2018-07-02,87.09415435791016,87.81001661393314,86.21488914800335,87.00077869717852,1356300
2018-07-03,87.52991485595703,88.18353275204926,86.42499600820382,87.10195634049039,941900
2018-07-05,89.1717300415039,89.8253479123755,87.33538326902487,87.57660228562895,1501000
2018-07-06,89.71639251708984,90.26106900717693,89.34289582636691,89.48295634332194,991000
2018-07-09,89.07836151123047,89.94206131148586,88.36249317882462,89.80200669782005,1428500
2018-07-10,90.12881469726562,90.33890255902108,88.98498783435363,89.02389585226726,915700
2018-07-11,90.44783782958984,90.82911740801218,89.80978551729802,90.08990662381932,880900
2018-07-12,90.46340942382812,91.3738001122646,90.37003373660498,90.68128009081835,1020700
2018-07-13,90.44783782958984,91.07811328752777,90.18328230483642,90.68905685475154,802000
2018-07-16,89.99653625488281,90.43227755687916,89.21842339472937,90.43227755687916,608800
2018-07-17,90.20661926269531,90.69682820107208,89.60747500467927,90.62680089695955,1175500
2018-07-18,89.69305419921875,90.46339009704,88.96940910329917,89.85646310108083,1154800
2018-07-19,90.79021453857422,91.2726466797249,89.42851694663946,89.42851694663946,1273100
2018-07-20,90.26109313964844,90.76686769368524,89.55300757669089,90.73574246642589,1494300
2018-07-23,90.12881469726562,90.2766521049713,89.35847868559222,90.22996723269898,1115500
2018-07-24,89.68529510498047,90.34668988701623,89.38183154691076,90.15994445201879,1644000
2018-07-25,91.05474853515625,91.15590698886004,89.79420971909717,89.88757944678808,1145500
2018-07-26,91.03919982910156,91.74728534397327,90.78242117404723,91.74728534397327,1245200
2018-07-27,94.23723602294922,95.34215470781972,91.81730488537009,92.40088945031948,2466300
2018-07-30,93.9571304321289,94.75080295910963,92.4553723335165,94.26059398096244,1538300
2018-07-31,94.47846221923828,94.68077322545814,93.80150782910765,94.15165624217315,1293900
2018-08-01,94.56403350830078,94.7585616792424,93.03893336050183,93.5758330119899,1135200
2018-08-02,94.18277740478516,95.49778998367294,94.03493406778932,94.24502785578653,1207800
2018-08-03,95.38107299804688,95.70009617426759,93.70034642034904,94.24502896824585,1076200
2018-08-06,94.99201202392578,95.8090269017944,94.59517283380129,95.35772598967488,844200
2018-08-07,95.0309066772461,95.18653278696407,94.38507761563596,95.12428234307689,671100
2018-08-08,94.57182312011719,95.70786700799115,94.28391926920284,95.27990262643321,945600
2018-08-09,94.78971862792969,95.62229924078835,94.62631562202628,94.62631562202628,1084900
2018-08-10,94.12053680419922,95.22545571072779,93.85598126455028,94.64965382002747,1029100
2018-08-13,94.54071044921875,94.92976687082047,94.15165402761703,94.15165402761703,803800
2018-08-14,94.28392791748047,94.83638730110249,93.9259967366773,94.38508638232524,645600
2018-08-15,94.51736450195312,95.1165087568853,93.87152944132325,94.10496566022286,785600
2018-08-16,95.21765899658203,95.29546908398359,94.5173563369097,94.5173563369097,579600
2018-08-17,96.50933074951172,96.57158119899823,95.24100900800438,95.24100900800438,883900
2018-08-20,96.33036041259766,97.04622271476885,95.9802061146778,96.4859805873204,779000
2018-08-21,95.59114837646484,96.25254301438659,95.4588706361863,96.11248248452429,645900
2018-08-22,94.95308685302734,95.59113899611488,94.30725192111979,95.59113899611488,670100
2018-08-23,95.17874908447266,95.7467739905694,95.04647134487787,95.06981377697942,802400
2018-08-24,96.20584869384766,96.62603024213479,95.13205536146617,95.13205536146617,579900
2018-08-27,95.87127685546875,96.6104875733759,95.43553558952232,96.51711190073188,720000
2018-08-28,96.71942901611328,96.73498866094141,95.64562949054532,95.9880010420632,699800
2018-08-29,96.57158660888672,97.34191667071461,96.4782109294261,96.85949050149289,493700
2018-08-30,96.25252532958984,96.94504506207859,95.84790939351191,96.91392578251934,535400
2018-08-31,96.703857421875,96.882825977185,96.17474048266962,96.40039390609113,685900
2018-09-04,96.07357788085938,97.26408938508824,95.8012396178869,96.60269476457542,1196400
2018-09-05,96.06581115722656,96.31480703023253,95.24101344099367,95.6845375253021,787400
2018-09-06,96.64937591552734,96.80500201448329,95.92573088083606,96.29144479272168,589400
2018-09-07,95.43553161621094,96.48598265947192,95.27990550161682,96.37704734752066,813300
2018-09-10,95.99578094482422,96.61049078631585,95.70787706366089,95.98021536393446,859700
2018-09-11,95.7389907836914,96.50153793282004,95.46665251614547,95.70786556218202,1075400
2018-09-12,95.63785552978516,96.18253216319668,95.25657594986701,95.87128582844863,928500
2018-09-13,96.2341079711914,96.97159011313462,95.71629562988593,95.99089036282842,919800
2018-09-14,95.62999725341797,96.0536602801413,94.9788111575812,96.0536602801413,845400
2018-09-17,96.02227020263672,96.4851635815877,95.33185975679416,95.49661659094808,1012800
2018-09-18,96.3517837524414,96.60284264023137,95.7006036903623,95.7006036903623,635700
2018-09-19,95.46524810791016,96.62639938433891,95.30833852345191,96.56363315626882,1004100
2018-09-20,95.59078216552734,96.26550420654213,95.01805674965131,95.42602529305407,1034400
2018-09-21,94.86897277832031,95.67706844185393,94.79051799281814,95.29263580289178,1905200
2018-09-24,90.94618225097656,93.762755407013,90.79711994013375,93.762755407013,2695000
2018-09-25,89.08677673339844,90.14593137384028,88.49835682362888,88.59250017833322,7784300
2018-09-26,87.49410247802734,89.27505649899939,87.34504019276157,89.18875444587479,2666300
2018-09-27,87.55687713623047,88.09037806801302,87.37643172464146,87.53334129869422,2002200
2018-09-28,88.2472915649414,88.34928218711994,87.33719929670309,87.59610547498293,2010900
2018-10-01,87.3215103149414,88.57680482914627,87.17244203378957,88.31789865210878,1471700
2018-10-02,87.19599151611328,87.58827148729814,86.86647777689016,87.38428422628117,1344200
2018-10-03,85.98776245117188,87.54119366174557,85.35227085788655,87.36074225395063,1218400
2018-10-04,85.92498779296875,86.12897501965357,84.12835109475716,85.62685721990351,1245900
2018-10-05,86.13681030273438,87.02336061012679,85.96420621077654,86.04266098374406,1528700
2018-10-08,86.89000701904297,87.32151734886448,86.02699234511685,86.02699234511685,1291300
2018-10-09,87.64317321777344,87.67455632758602,86.51340520738476,87.10967232239169,1320700
2018-10-10,86.21528625488281,88.27867662081583,86.1839031408433,87.45489232371723,1370400
2018-10-11,84.34020233154297,86.38005719079018,83.43010983323938,86.38005719079018,2357100
2018-10-12,84.2852554321289,85.1168868640354,83.85374516894198,84.77168463920181,2431300
2018-10-15,84.16758728027344,84.75600722041598,83.97929457542864,83.97929457542864,1196300
2018-10-16,86.29373168945312,86.70170614200919,84.08127326818008,84.28526049445811,1689500
2018-10-17,87.03121948242188,87.25089527029492,86.16035761927067,86.54479024804849,960600
2018-10-18,87.67457580566406,88.00408955332792,86.89786311882283,86.94493480114124,1729200
2018-10-19,88.32575225830078,88.58465845389902,87.69810196334446,87.78440402854388,1312800
2018-10-22,88.29437255859375,88.96909455675683,88.13745698592963,88.81217898409271,1408600
2018-10-23,88.78861999511719,89.09459779988953,87.53332566967742,87.64316354904619,1609500
2018-10-24,90.75789642333984,91.29139743563385,88.72588301411798,88.9377175553457,1613400
2018-10-25,91.63658142089844,91.81702681184377,90.16160525639275,91.24430154492835,2456400
2018-10-26,83.17117309570312,91.59734235685602,82.82596492214132,91.59734235685602,4733000
2018-10-29,83.30455017089844,84.74813716283224,82.84165682985048,83.53207320487583,2787800
2018-10-30,81.57067108154297,84.41862057186673,80.84887761079598,83.28101142744408,2880000
2018-10-31,81.01365661621094,82.08849984392351,80.24478528366333,81.72760300969652,3302000
2018-11-01,82.94366455078125,83.12410995612406,80.34677348008628,81.30393142582216,1375000
2018-11-02,84.36370849609375,84.47354638163277,82.23755230356574,83.16333304290596,2346000
2018-11-05,86.67816162109375,87.17243209623291,84.65399608072548,84.65399608072548,1937900
2018-11-06,87.2430648803711,87.3136783891197,86.07407221968816,86.93708697580118,1111300
2018-11-07,87.80793762207031,88.24729521159317,86.81154923894795,87.76871322071143,875800
2018-11-08,87.87068939208984,87.94914416761821,87.03905799720087,87.36857164584944,1074600
2018-11-09,86.78800964355469,87.8863886055165,85.78376804363523,87.8863886055165,1579400
2018-11-12,87.52547454833984,88.01975096948242,86.48201474021548,86.7095317762505,943900
2018-11-13,87.98053741455078,88.31789837534707,87.08613970187533,87.67455956472583,1333500
2018-11-14,87.57254791259766,88.82784212140686,87.0233525810646,88.49048124162861,1506600
2018-11-15,87.26659393310547,87.57257179288665,86.06621234582936,87.11752564757022,1323100
2018-11-16,87.40782165527344,88.616038638309,86.89785652124479,86.92923963564685,1958700
2018-11-19,87.89422607421875,88.92199741070289,87.17243255524845,87.47056309941904,1246300
2018-11-20,84.73245239257812,87.95699342081961,84.69322201107302,87.8393082620201,1895600
2018-11-21,85.6817626953125,86.49770548804338,84.00280544406168,84.72459891949906,1116000
2018-11-23,85.8151626586914,86.2466730128197,85.14044064262748,85.45426581056466,301800
2018-11-26,86.85076904296875,87.16459416581122,86.02698482943815,86.24666061971297,1189300
2018-11-27,87.52547454833984,87.73730901046244,86.07404036131318,86.9213662383731,1474300
2018-11-28,88.82787322998047,89.3692214788127,87.29013653744121,87.61965026033168,953100
2018-11-29,89.19660949707031,89.73795171257191,87.81578251239092,88.6552612958522,826300
2018-11-30,90.2557601928711,90.32636770179191,88.61602709679828,89.45550584413776,1724000
2018-12-03,90.9226303100586,91.0089323627081,89.28290328115001,90.61665248183435,1085300
2018-12-04,89.1259994506836,91.71504939900048,88.89063508265635,90.84418747015117,1225600
2018-12-06,91.71504974365234,91.80919309693031,86.91354119782224,88.78863880302097,1335000
2018-12-07,90.7892837524414,92.13872790413248,90.169480636922,91.52677206457902,916400
2018-12-10,91.28353118896484,91.74642458179343,89.5104243716441,91.39336908169375,860400
2018-12-11,91.62873077392578,92.47605671139738,91.0010806011952,91.63657804715673,1289000
2018-12-12,90.69514465332031,92.31918379027964,90.20087395449562,92.0053585590513,1826300
2018-12-13,91.30455780029297,92.50759716071973,90.38644388857969,90.8217575602498,764100
2018-12-14,90.48140716552734,91.11458947879707,89.23087541798037,90.97212376023508,864000
2018-12-17,85.09149169921875,90.69513095017604,84.73532427273071,90.69513095017604,1780000
2018-12-18,86.27078247070312,86.72192301823108,85.5267939739647,85.53471041542323,1361700
2018-12-19,85.88294219970703,87.45797554361106,85.54260775469518,86.65067381090637,1109700
2018-12-20,83.97550964355469,86.1362393940177,83.46104960406578,85.68509881382995,1621100
2018-12-21,83.97550964355469,86.41325448036527,83.28693014870159,83.97550964355469,2420500
2018-12-24,81.05493927001953,83.70637871113546,80.36635400229878,83.70637871113546,1361200
2018-12-26,82.85159301757812,82.8911691780844,79.5986306859186,81.21324021129134,1782700
2018-12-27,82.95451354980469,83.1444719449814,80.58800439913618,82.33716386167174,1901300
2018-12-28,83.95176696777344,84.95693772798197,83.39773679104056,83.69849516719897,1386900
2018-12-31,84.33164978027344,84.61658121643778,82.9307358793864,84.29999006086916,1024900
2019-01-02,81.67230224609375,83.61141346350517,81.08660643379078,83.51643429539463,1411800
2019-01-03,81.26072692871094,83.64306808006243,81.1103508031426,81.5219150962142,1511600
2019-01-04,82.95451354980469,83.36608403421103,81.4032228867208,81.45071550475325,1474300
2019-01-07,84.05463409423828,84.72739260706287,83.08903976409213,83.23150549124065,1382900
2019-01-08,84.95691680908203,85.28142443160512,83.81719700636759,83.81719700636759,1771600
2019-01-09,80.59588623046875,84.2524962094014,79.18706194954024,83.89633493873033,3241800
2019-01-10,83.1681900024414,83.34231545928736,80.39011121020523,80.61172323220019,1942300
2019-01-11,84.40287780761719,84.45036436646684,82.6220593890682,83.04154009483725,1180100
2019-01-14,84.29998779296875,84.60866250076359,83.54017266312962,84.11794592091016,1079700
2019-01-15,84.91732025146484,85.6929620664558,84.31579779603219,84.36328434514148,1053400
2019-01-16,84.64034271240234,85.36849829998968,84.29209176247998,84.83029503123484,966200
2019-01-17,84.38706970214844,85.03607898389964,84.07839492414939,84.31583380958506,1096100
2019-01-18,84.88568878173828,84.92526494481194,83.27899559193219,84.60867375564666,1180600
2019-01-22,83.18402099609375,84.89360988847406,82.48752517242492,84.60076196566585,1942400
2019-01-23,82.33715057373047,83.53227962031666,81.2053409819844,83.25526455348557,1468400
2019-01-24,82.38462829589844,82.5508433566179,81.71979220692027,82.33714172910712,1346400
2019-01-25,82.44792938232422,82.65371452338198,81.37943959815368,82.43210254307681,1876600
2019-01-28,83.65889739990234,83.97548857851604,81.54566079325325,82.21841327376079,1454200
2019-01-29,84.41079711914062,84.67989567974375,83.36605051958152,83.6430655197536,1441700
2019-01-30,85.02815246582031,85.7167378327748,84.1971013690985,84.1971013690985,1316200
2019-01-31,85.74839782714844,86.61110870936442,84.20502400647648,84.87777654270593,1495800
2019-02-01,85.92253112792969,85.99376702379014,84.20503168603702,85.91462072498172,1279500
2019-02-04,86.49237823486328,86.5240379562595,84.89360155443791,85.80379891953736,1149600
2019-02-05,87.71916961669922,87.9724413575981,86.44489447198072,86.49238103637595,1634600
2019-02-06,85.400146484375,87.03058291415732,84.60075511121616,86.86437390283263,3407500
2019-02-07,87.10182189941406,87.82997741451726,85.35265692122468,86.15204832284599,2473700
2019-02-08,88.89847564697266,89.00928166874142,86.53196698423211,87.16514338884289,1760300
2019-02-11,89.61869049072266,90.59220107222248,88.6768335860345,88.6768335860345,1800200
2019-02-12,88.33651733398438,89.87198062899452,88.24153816862645,89.8640641889294,1262700
2019-02-13,88.79557800292969,89.03301686866902,87.26803108328845,87.62419240113482,1225900
2019-02-14,90.07779693603516,90.82970205217936,88.57399878070076,88.79561088618259,1740900
2019-02-15,91.04337310791016,91.10669256049924,89.4129364538311,90.56848929044276,1289000
2019-02-19,92.1356201171875,92.48386505815249,90.43394742920502,91.01963731769347,1517100
2019-02-20,93.78186798095703,93.9559934413976,91.81109698641808,92.0564522960526,2554600
2019-02-21,92.10393524169922,93.40195357989198,91.8506635181122,93.40195357989198,2518700
2019-02-22,93.78186798095703,94.16969506592913,91.94564628276767,92.38887637438224,1122500
2019-02-25,92.68963623046875,94.04305773391117,92.61048993944681,93.9243352781408,1669300
2019-02-26,91.05128479003906,93.15660515154477,90.82175631525715,93.15660515154477,1483100
2019-02-27,90.34688568115234,91.37579970866246,89.66621659844945,90.30730950996984,1531900
2019-02-28,89.53164672851562,90.71094268967389,88.65310906849567,90.33103206433775,2838900
2019-03-01,90.74259948730469,90.94046821447348,89.50789452360885,89.97486785973386,2058600
2019-03-04,89.75328063964844,91.20959197534921,88.80350686384375,91.1462785544097,1416100
2019-03-05,89.54749298095703,90.2756486290086,89.43668694923075,89.5237496939408,1408600
2019-03-06,89.08843231201172,89.80867752713188,88.94596655728881,89.66621177240897,1027900
2019-03-07,89.15966033935547,90.52099831133887,89.00927815639972,89.40501565809373,1803500
2019-03-08,88.63728332519531,90.09360046135717,88.09116968280026,89.16757616303619,1389400
2019-03-11,90.18064880371094,90.2993652036734,88.96177677681254,89.08049921524906,1421100
2019-03-12,90.86133575439453,91.32038668202287,90.28355632623308,90.49725192715702,810400
2019-03-13,91.787353515625,92.44427919195267,91.10668455628122,91.10668455628122,1224000
2019-03-14,92.17082977294922,92.27468653320307,91.52370444990258,91.87522901574332,900100
2019-03-15,92.0589599609375,92.50635032215372,91.78732574503013,92.29063990139838,1578700
2019-03-18,92.37853240966797,92.6341849469124,91.80331877229597,92.1708189136325,676000
2019-03-19,92.37853240966797,93.02565765647206,92.09092254336333,92.61820933000094,745700
2019-03-20,93.12952423095703,93.49702441106999,91.87522788537491,92.41049948932826,960700
2019-03-21,95.39846801757812,95.51830042271804,92.87389303181561,93.12954565484631,818100
2019-03-22,95.1667709350586,96.61280534640895,95.13481359894871,95.45438086480897,1068200
2019-03-25,94.03230285644531,95.1587760494945,94.01632723668587,94.75931850788642,631800
2019-03-26,94.9830093383789,95.03893314779353,93.9204508642628,94.31192362540331,744200
2019-03-27,94.88711547851562,95.59815531331846,94.00831034935666,94.96701184090554,1641800
2019-03-28,95.58219146728516,95.86181050220128,94.655453223672,94.9989869223512,854400
2019-03-29,95.07089233398438,95.69404510681775,94.75931594756769,95.69404510681775,1181700
2019-04-01,95.89378356933594,95.96568910167785,94.24802032642886,95.23867339636178,809100
2019-04-02,97.2359619140625,97.46764803836925,95.38247901484732,96.0935130088196,1114100
2019-04-03,97.19601440429688,97.99492950768816,96.52492254792418,97.36378584458042,780300
2019-04-04,97.4117202758789,97.67536372684889,96.4370428597392,97.37976293983056,483100
2019-04-05,97.79520416259766,98.06683238156519,97.25992639216612,97.47563689098268,961500
2019-04-08,96.99627685546875,98.00290540612392,96.52491381757703,97.69132903160141,1075600
2019-04-09,96.29322814941406,97.42768603573977,96.1254567235691,97.05220108946085,1076300
2019-04-10,97.45165252685547,97.53154280628716,96.67670401636903,96.98028951630452,996400
2019-04-11,97.24393463134766,98.02686791685603,96.64474838223427,97.45165423770686,778800
2019-04-12,98.05084991455078,98.07481639158169,96.5648673862512,97.09214816664617,782100
2019-04-15,97.38774108886719,98.28252200050069,97.05219824700461,98.1706743865465,558600
2019-04-16,95.12681579589844,97.70731411741234,94.44773921504893,97.30785658806109,862800
2019-04-17,95.1667709350586,95.89378052203303,93.92045920772745,95.20671303376699,775900
2019-04-18,96.22931671142578,96.65274681398499,95.0149684999535,95.16676431210185,863000
2019-04-22,95.37446594238281,96.189362616726,94.35185576654914,95.87778626925285,866600
2019-04-23,93.71273040771484,95.80588377258036,93.41712966825659,94.27196846048709,1675900
2019-04-24,95.27863311767578,95.70205721914242,93.77666856727842,93.960421754169,1251900
2019-04-25,95.71800994873047,96.19736385371257,93.72072232876539,94.19208537660096,1147600
2019-04-26,93.3052978515625,94.27198441797924,90.77273837708931,94.07225563743268,2665500
2019-04-29,93.56893157958984,94.46371252248605,92.53033959059901,93.06561120397271,1502000
2019-04-30,94.04029083251953,94.9031205588128,93.37718987091056,93.43311368121262,1639300
2019-05-01,93.9843521118164,95.17473365381674,93.74467519412418,94.31191015964663,1407100
2019-05-02,94.91111755371094,96.51693253704478,93.71274488810974,94.24801654922102,1539400
2019-05-03,96.42906188964844,96.67672974560914,95.20672261284489,95.34253673354767,1192400
2019-05-06,95.3824691772461,96.2053507194283,95.10285012338393,95.95768899961297,1212800
2019-05-07,93.80860900878906,95.42242091431069,93.15349887458164,95.0469298443555,1014600
2019-05-08,94.01632690429688,95.2706233367022,93.62486022157171,93.67279317591894,808200
2019-05-09,93.9524154663086,94.15214424327576,92.50638107154262,93.7846440250848,796400
2019-05-10,93.93643951416016,94.63948261231472,93.2573628939188,93.84855836498602,1190900
2019-05-13,93.24137115478516,93.56093838149691,92.77799898081501,93.14549915820027,797700
2019-05-14,93.38518524169922,94.12018566840459,93.30529495101185,93.47306639002687,956800
2019-05-15,93.9843521118164,94.40777605053374,93.12951337839539,93.53696170037728,856500
2019-05-16,94.55158996582031,94.91909013802541,93.88848904640693,93.88848904640693,846700
2019-05-17,94.25601959228516,94.44775753690217,93.60090936087425,94.02433344888821,689100
2019-05-20,92.8099594116211,94.20007597994281,92.41050188870433,93.99235636135943,721500
2019-05-21,93.47308349609375,94.0243369646243,92.92982088666584,93.22542172106795,1019100
2019-05-22,94.55158996582031,94.67142843605275,93.47305592420399,93.85653780990022,782300
2019-05-23,95.31856536865234,95.58220883314671,94.160140829858,94.31193666006484,1013900
2019-05-24,95.85381317138672,96.44500849557731,95.68603567719983,95.68603567719983,723600
2019-05-28,95.13480377197266,96.66871917536933,95.13480377197266,96.26127080110403,1134100
2019-05-29,93.85655975341797,95.35851812513836,93.38519661902984,95.3345516445361,805200
2019-05-30,94.04827117919922,94.6234909324431,93.69674664216407,94.16011878730359,619900
2019-05-31,94.04827117919922,94.78327148823863,93.53696608636855,93.7366948287317,985800
2019-06-03,91.76337432861328,96.21333048646092,91.20413628535103,94.39180532242095,1584400
2019-06-04,90.11763763427734,91.91519684696713,89.39861273015357,91.70747718683376,1618800
2019-06-05,91.75540161132812,92.07496888289786,90.54105329364961,90.72480036051607,2413400
2019-06-06,92.27468872070312,92.8578993919249,91.63555423952074,92.69012186680497,1210600
2019-06-07,92.67413330078125,93.77663372679822,92.61820949863338,92.82592909028432,1247300
2019-06-10,93.33724975585938,93.75268291331395,92.26670038490926,93.10556365248034,1116700
2019-06-11,95.24664306640625,95.48631389867286,93.73669427074805,93.83256016555971,1637800
2019-06-12,95.3824691772461,95.83785052074684,94.8951304996985,95.43040213069726,1254500
2019-06-13,95.8984375,96.05161898566219,95.30184531244649,95.3502158233382,1220800
2019-06-14,96.55146789550781,96.8336394539146,95.53564413436474,95.70494706940882,769900
2019-06-17,98.75240325927734,98.9297699801795,96.83363068499011,96.83363068499011,1117700
2019-06-18,98.70405578613281,99.96980222961778,98.36544986769519,99.1958432085263,1116600
2019-06-19,99.96978759765625,100.26808675883655,98.2767521023878,98.38962072534713,950900
2019-06-20,100.67925262451172,100.92918128660999,100.11490948599092,100.6873164267417,1118400
2019-06-21,99.2845230102539,100.5744546655683,98.49443641150422,100.5744546655683,1759600
2019-06-24,99.33287811279297,99.84885069486096,98.84109078443467,99.45381053221979,653100
2019-06-25,97.55117797851562,99.98592368117919,97.50280746184906,99.46995100047063,949500
2019-06-26,94.52789306640625,97.84947241874916,94.3505263127593,97.55923703112312,1536300
2019-06-27,94.81007385253906,95.15674359079847,94.28603734341952,94.58433656267337,960300
2019-06-28,94.96322631835938,95.4872626671967,94.48756047373297,94.922913464265,1244600
2019-07-01,94.38277435302734,95.8903855918612,93.39919956679513,95.8903855918612,837600
2019-07-02,96.04356384277344,96.50310219031286,94.02804369551646,94.56820776964963,919500
2019-07-03,97.50279235839844,97.81721296978561,96.55146672241507,96.55146672241507,431800
2019-07-05,97.58341217041016,97.90589658443355,96.09998632625401,96.97069239885359,518200
2019-07-08,97.09163665771484,97.5028044894849,96.45473155387631,97.29318867218731,636600
2019-07-09,98.0993881225586,98.50249211613406,96.90619759518857,96.94651045489763,1724800
2019-07-10,98.45411682128906,98.6476050065576,97.51891264921386,98.47830207558782,660300
2019-07-11,97.57535552978516,98.6073008096933,96.64015742644804,98.49443217913328,881200
2019-07-12,96.80139923095703,98.05908180655932,96.75302871678132,97.82528073657801,690900
2019-07-15,96.4547348022461,97.3093134041082,96.34992996550739,96.80946832794564,556600
2019-07-16,96.42247009277344,96.67239874117449,95.64851119484182,96.39022103649981,1077100
2019-07-17,96.2370376586914,96.80138071908294,95.45501502437881,96.71269735946741,585000
2019-07-18,96.96263122558594,97.18031082507623,95.64045062803758,95.89037928489233,625100
2019-07-19,94.91487884521484,97.16419394910899,94.72944828261511,97.10775963020984,766600
2019-07-22,94.78587341308594,95.09223023585781,94.43113992817621,94.97936160900086,828600
2019-07-23,94.57624816894531,95.26152981470666,93.25406768560809,94.55206291573082,925600
2019-07-24,94.74555206298828,95.28571604411835,94.21345803418336,94.64881104913918,847900
2019-07-25,90.96444702148438,94.89067591134656,90.65808405534473,94.89067591134656,1688300
2019-07-26,89.9163818359375,91.2143772741239,89.40040918172566,91.02088906651429,1494000
2019-07-29,89.65839385986328,90.6822814976783,89.36009467583861,90.3759185111451,982700
2019-07-30,91.90772247314453,92.31889032224437,89.50521965298583,89.51328345615082,1701100
2019-07-31,92.19795989990234,93.64913695743942,90.91608580726464,91.56911855859619,2003200
2019-08-01,93.14120483398438,93.3427568244157,90.63389758094837,92.06894676867886,1555300
2019-08-02,94.49565124511719,95.07612206483442,93.02028893681582,93.16540664174512,929000
2019-08-05,93.12507629394531,94.43112915598215,92.05281831024291,94.01190375417632,1214200
2019-08-06,94.39889526367188,95.05999175299955,92.73004488790062,93.27020894257375,847300
2019-08-07,95.5598373413086,95.80975986371223,93.5765663146237,93.93935746978248,1158200
2019-08-08,96.53534698486328,96.60790890541529,94.35858778236879,95.34216255490658,936200
2019-08-09,96.98681640625,97.19642603934604,94.93904752664349,96.34991140366198,853500
2019-08-12,96.54341125488281,96.94651526847314,95.979068096208,96.90620240676246,843900
2019-08-13,96.89813232421875,97.27705103252345,95.79362525436021,96.47084310876991,869800
2019-08-14,95.13256072998047,96.86590946498238,95.0922478625395,96.86590946498238,929500
2019-08-15,97.19644165039062,97.36574460471975,95.09223812377536,95.36635206236492,1031400
2019-08-16,99.7037353515625,100.3245189153832,97.30123911345751,97.57534686307709,1484700
2019-08-19,100.23583221435547,100.77599004478473,99.65536152755699,100.30033032419493,780200
2019-08-20,99.23614501953125,100.40515037192678,99.010407751725,99.97786109345364,702000
2019-08-21,99.39736938476562,99.96977623640096,98.79271348010998,99.29256457560804,463000
2019-08-22,99.05877685546875,99.96978965982662,98.41380801021513,99.45381704397523,617900
2019-08-23,97.32542419433594,99.62311560953016,96.96262692822411,99.34094405869551,750500
2019-08-26,97.70433807373047,98.29286640048201,96.95456447528947,97.84139194150788,579100
2019-08-27,97.01905059814453,98.62340866285456,96.9948653465652,98.22836238413296,989000
2019-08-28,97.77689361572266,98.06712895324105,97.01905621766038,97.2851063021986,659800
2019-08-29,99.64730072021484,100.04234089081426,98.23643681719555,98.36543304075042,728000
2019-08-30,99.67149353027344,100.32452619748746,99.36513670242418,100.08266133542612,771000
2019-09-03,101.20328521728516,101.21134901920946,98.99427710768296,99.43768779946107,1244800
2019-09-04,101.94499969482422,102.10624498622967,101.21941741157593,101.70314098403443,1022900
2019-09-05,102.12236022949219,102.30779076561201,100.9372335509695,101.88855918433178,1437900
2019-09-06,103.6944580078125,103.74282851439277,101.97723736455194,102.38034132172957,1123500
2019-09-09,103.26718139648438,103.76703872956429,102.73508730654831,103.69447065908369,1761800
2019-09-10,102.91244506835938,103.17043136386923,101.77568891725507,103.04143514067506,1620800
2019-09-11,103.59773254394531,103.7750992958655,102.00143792754282,102.20298993638318,1307600
2019-09-12,102.87413024902344,105.34578312206217,102.8172175975399,103.45952106600484,1944900
2019-09-13,101.07730102539062,103.11803656368635,100.81712803985991,102.62208084079758,2232400
2019-09-16,102.76029205322266,103.06924552208271,100.80086569540302,100.89842668398356,1801600
2019-09-17,104.13433837890625,104.337598717933,103.07738213476186,103.07738213476186,1083800
2019-09-18,101.87407684326172,104.88232715646689,100.80086258094397,104.5896317937427,1599700
2019-09-19,100.67890930175781,103.2643809772017,100.63825475408524,101.65455641576895,2924800
2019-09-20,101.65457153320312,102.08548250935732,100.84153008294571,101.07731284788204,2217900
2019-09-23,102.69524383544922,103.11802878191459,101.40251115574662,101.40251115574662,1892600
2019-09-24,103.71156311035156,104.10181952413441,102.87413142763641,103.23187164278224,1824800
2019-09-25,103.80099487304688,104.09369027561081,103.11804306907347,103.80912702395523,1183200
2019-09-26,104.50019836425781,104.92298331826485,103.89041738302733,104.15059655657807,1439700
2019-09-27,104.76036834716797,105.2888401887945,104.27253864257061,104.65466901643276,1696800
2019-09-30,105.5408935546875,105.77668248886211,104.51646594027793,104.77663271595802,983000
2019-10-01,104.93112182617188,105.5815574318846,104.50021087366798,105.37829708047609,1222500
2019-10-02,103.79285430908203,105.58966861693969,102.57329237114176,105.19941227048596,1779800
2019-10-03,105.41080474853516,106.24011038886475,103.92294381090822,103.92294381090822,1783500
2019-10-04,105.91487884521484,105.9961755202552,105.0855733612498,105.60591922439917,1261600
2019-10-07,104.28067016601562,105.76041125135049,103.97171671252426,105.42706134891456,1688400
2019-10-08,104.88233947753906,105.95556006894641,103.7684705383749,104.52459928040328,1461500
2019-10-09,106.23198699951172,106.63036932577141,105.17503075105792,105.37016514348876,1404800
2019-10-10,106.22383117675781,106.32140455993986,105.15874915604007,105.85796510639268,877300
2019-10-11,105.13438415527344,106.58973524611051,105.06933935287587,106.50842614160666,941900
2019-10-14,105.57341003417969,106.23197145397609,105.19940560492414,105.44332045826256,754400
2019-10-15,105.52462005615234,105.85796995139688,104.776623582986,105.68723823355708,774500
2019-10-16,106.1832046508789,106.19945654544473,104.5489836070877,105.55715934135598,860400
2019-10-17,107.13446807861328,107.58164332700935,106.09377608563364,106.15882088594826,972500
2019-10-18,108.11821746826172,108.19952655230027,106.30513902962682,107.13444454392719,813100
2019-10-21,109.2158203125,109.2808650939043,107.63851848001053,108.04503905926973,860100
2019-10-22,109.60610961914062,109.85002452139223,108.84998706879065,109.38658496651145,836300
2019-10-23,110.36222839355469,110.83379382715681,109.11827622109713,109.93944345204496,1052500
2019-10-24,109.23210906982422,110.58174826661308,108.8987591427386,110.58174826661308,681700
2019-10-25,107.98815155029297,109.10201416269948,107.76048857247653,109.10201416269948,1009600
2019-10-28,107.54911041259766,108.08572068916223,107.10193518212718,108.08572068916223,973100
2019-10-29,106.17506408691406,109.15079832598494,102.85786018168801,107.6629312064495,3003200
2019-10-30,105.2156753540039,105.80106606993175,100.20733807596591,104.91484164335807,7840700
2019-10-31,103.28877258300781,105.2156827919867,102.79281686934253,105.04493865192677,2384300
2019-11-01,103.09363555908203,103.88228038077177,102.01228918081975,103.58145908067766,1499600
2019-11-04,100.87403869628906,103.19120527217363,100.6545202640529,103.06112188348155,1670900
2019-11-05,100.27237701416016,100.8171131529572,99.35363644856417,100.58946259960992,1624800
2019-11-06,99.76016235351562,101.08542360690417,99.39429625953223,100.58946793096324,1541200
2019-11-07,96.49174499511719,99.75204245521208,95.95513474152483,99.4674730281787,2692500
2019-11-08,94.77622985839844,96.28848726463457,94.45914422835021,95.16649243546493,2595700
2019-11-11,94.84941101074219,95.54862089550615,94.50792891453881,94.76810190978064,2027600
2019-11-12,94.39410400390625,96.2803597778982,94.320933256357,94.97136264562215,3393600
2019-11-13,94.4184799194336,94.97948037753322,94.10952647166084,94.73556551670401,1971500
2019-11-14,95.22339630126953,95.30469918811593,94.27213329582746,94.54857055472038,1741700
2019-11-15,96.646240234375,96.68688858541981,95.15024072780851,95.62180626162944,1674200
2019-11-18,97.94709014892578,98.1096959339386,96.73566030244496,96.73566030244496,1621000
2019-11-19,99.18289947509766,99.27233450804914,97.72755490608353,98.45116111595475,1582100
2019-11-20,98.65442657470703,99.35364257626247,97.80073694700287,99.15038225495015,1932200
2019-11-21,97.43486022949219,98.41864559869384,96.64621542908532,98.21538528659659,1511700
2019-11-22,97.23973846435547,97.84138729090374,96.78443732026626,97.62186886872156,1885400
2019-11-25,96.18279266357422,98.4674368359427,95.78439794221153,97.83326558546413,1759700
2019-11-26,98.06904602050781,98.23165180291963,95.84130834278533,96.02831057527061,2669600
2019-11-27,98.54060363769531,98.67882537376904,97.88204216592422,98.10969273873334,1320800
2019-11-29,98.33735656738281,98.83331232629145,98.09344786492832,98.37801111929875,497700
2019-12-02,96.96330261230469,98.36986052143291,96.67873941129717,98.31294788123141,1774400
2019-12-03,96.02017974853516,97.3373089350695,95.70309412635314,97.01209116275093,1619400
2019-12-04,96.8332290649414,97.06087966343785,95.57301862240368,95.61366697041314,1129700
2019-12-05,95.54859924316406,97.24785857937113,94.90630215281652,96.91450870940727,2132400
2019-12-06,96.23970794677734,97.0608752536147,95.87383561323361,96.0608378552244,1411300
2019-12-09,96.52426147460938,96.97143045550705,95.97952530730963,96.23969826803582,1228600
2019-12-10,95.60553741455078,96.68688398977257,95.49984426324114,96.54053628633643,1576800
2019-12-11,95.14210510253906,95.97954298327082,94.00385206661981,95.89010793001805,1751600
2019-12-12,94.09989929199219,96.0119333126902,94.00142952114385,95.36364685783059,2054900
2019-12-13,93.3121337890625,94.51843887815528,92.1714794045942,93.9193871548495,2847200
2019-12-16,94.77281951904297,95.07644930666088,92.93464377055533,93.55010498757886,1587100
2019-12-17,93.39419555664062,95.23237775121284,93.20545760377391,94.93695583639929,1300500
2019-12-18,95.53598022460938,95.71651649501872,93.36134959968737,93.39417494528858,1655000
2019-12-19,97.65318298339844,97.72703532669145,94.97797638562042,95.27339828038342,2011200
2019-12-20,96.84896850585938,99.22875298675727,96.44686895471571,99.00718971676235,2730600
2019-12-23,95.70011138916016,97.46442840625609,95.46213231811491,97.06232886039092,1099500
2019-12-24,95.79857635498047,96.38942005190856,95.40468473089139,95.98732052625257,486700
2019-12-26,96.92283630371094,96.92283630371094,95.97912781953698,95.97912781953698,745100
2019-12-27,96.98027038574219,97.48905388420353,96.2663331596296,97.24286690670402,580300
2019-12-30,97.08694458007812,97.11976992661768,96.126826671776,96.77511317914431,694400
2019-12-31,98.26042938232422,98.29325473062491,96.87359441619117,97.16901629010242,1129600
2020-01-02,96.83257293701172,98.76922489661561,96.38944007227566,98.4820108900633,1071900
2020-01-03,98.42455291748047,98.62149874007379,96.07759380719456,96.20068729411344,869400
2020-01-06,97.5383071899414,98.18659384300685,96.87361099031561,98.03888288077933,1151000
2020-01-07,96.57815551757812,97.2674689279962,95.81498352130446,97.14437545876615,1006400
2020-01-08,97.41519165039062,97.61213746856183,96.20888677510204,96.70125445092737,2553900
2020-01-09,97.42340850830078,98.20299021162457,96.89000753512359,97.07875172961839,980000
2020-01-10,98.77743530273438,99.02361605996168,97.20184965681834,97.70242533554857,2048800
2020-01-13,100.09040069580078,100.27913861739883,98.27684251191619,98.97436392713414,2072100
2020-01-14,99.0892562866211,100.68945295214904,98.45738552302156,100.09040753820075,2408200
2020-01-15,99.28618621826172,100.04935825820745,98.98256273901934,99.26156877516577,1443700
2020-01-16,101.4854507446289,101.74804728176974,100.19708550603238,100.8125467269058,2232100
2020-01-17,102.11732482910156,102.39633090267851,101.05873080839854,101.60854131394964,1355000
2020-01-21,103.17591094970703,103.24155538147842,101.59212399112073,102.10910910829028,1286400
2020-01-22,103.62722778320312,104.3575743968359,103.24153785584329,103.47951688040135,1648000
2020-01-23,104.3083724975586,104.64482138983763,103.43852260646123,103.49596540566964,1258900
2020-01-24,105.25206756591797,105.99062852395494,104.19347980413232,104.57916982718056,1916300
2020-01-27,105.875732421875,106.24500660343631,104.64480387481677,104.64480387481677,1527000
2020-01-28,106.5322494506836,106.93434280249238,105.9660230752229,105.9660230752229,1678100
2020-01-29,104.73507690429688,107.04100901899449,104.62839922172164,106.86047274017886,1895900
2020-01-30,103.18412780761719,105.28490645397709,103.00359150683359,104.39043285303893,1594700
2020-01-31,100.92743682861328,103.51237532389911,100.44327698508255,103.07745037678286,1923000
2020-02-03,101.05052947998047,102.17477427141563,100.70587268638856,101.23927368264015,1396000
2020-02-04,102.56865692138672,102.97076273926758,101.20643941214276,101.46082803345088,1222500
2020-02-05,101.641357421875,102.69995134633444,101.31311022454892,102.67533390217403,1748300
2020-02-06,101.77265167236328,102.03524817581535,101.15719053044799,101.71520888288296,1127800
2020-02-07,101.16539764404297,101.99422039505558,100.81253300832824,101.91216016226495,922800
2020-02-10,103.46314239501953,103.48775984369492,101.01770690026754,101.58393326298435,1854200
2020-02-11,103.00360107421875,104.74330728060228,102.83127266040846,103.75857169860173,1869900
2020-02-12,104.2591323852539,104.94844594126846,102.81484831353428,102.87229110986884,1829700
2020-02-13,103.8324203491211,104.79253844647073,103.75036009701184,103.7995949961182,1610100
2020-02-14,107.91088104248047,108.18168551650894,102.74100362890252,103.32364583452598,3785900
2020-02-18,109.30590057373047,109.33051801864251,107.64005335287175,107.94367685451326,3167800
2020-02-19,108.6576156616211,109.74082075606285,108.36219381375717,109.17459450419125,2250500
2020-02-20,111.8498306274414,111.89906552558168,109.04332873912205,109.45363625241303,3939700
2020-02-21,113.35154724121094,113.62235167775762,111.62825083467398,112.03855831036465,3346800
2020-02-24,111.00458526611328,112.61298351941596,110.5122112986834,112.4078297865852,3314000
2020-02-25,109.58491516113281,112.5719530850191,109.07613789789204,111.91547114080797,5027100
2020-02-26,106.99179077148438,109.92137989416945,106.94255587352873,109.55210563791053,2665400
2020-02-27,101.09156799316406,106.15476124791138,100.91923958740267,106.03987564407045,2844900
2020-02-28,98.5640640258789,99.4010885360987,94.69896828893171,99.4010885360987,5045700
2020-03-02,107.08206176757812,107.3118329785318,98.97438111321011,99.21236022763954,6312700
2020-03-03,106.34349822998047,109.32233478171298,104.34940972686773,107.278998858896,4144400
2020-03-04,110.7666015625,110.80763481399117,107.13128337332523,108.06678390800867,2950400
2020-03-05,106.57325744628906,110.21678975583572,105.07974477799165,108.8299485142516,2408700
2020-03-06,105.23566436767578,105.96601116309502,101.80548740873833,103.5780186835503,3622100
2020-03-09,99.02360534667969,101.72342930618014,97.65317987124551,98.87589440400566,2708400
2020-03-10,110.3316879272461,111.36567087556655,101.27210353444464,102.0516853061396,9935000
2020-03-11,112.4242172241211,113.4089523889201,105.93315175001469,107.50052887853916,34673400
2020-03-12,105.34234619140625,107.27079649852413,102.26504612483826,105.03051473745319,9406200
2020-03-13,117.6269302368164,117.8484997535725,104.73507162413948,109.44539913586564,6545900
2020-03-16,106.12230682373047,115.47655087272304,105.4606486421001,109.52159568754851,6914100
2020-03-17,114.33518981933594,115.58407221014124,106.64336710528292,108.90955121336937,8061000
2020-03-18,113.5907974243164,115.51788911680832,106.1388352275048,109.01706080100672,7986500
2020-03-19,103.60798645019531,113.59908958770568,100.39892830673304,113.47502040159992,4429300
2020-03-20,100.24176788330078,107.21403619938376,98.4304728574019,104.1703851228624,4732000
2020-03-23,89.24166107177734,99.64629725169492,86.84313512534303,99.64629725169492,3915400
2020-03-24,96.53646850585938,97.76881198037326,89.01833217508019,92.2604801560305,4666500
2020-03-25,100.4320068359375,106.68471614015874,96.75151500687907,96.75151500687907,3729600
2020-03-26,110.93589782714844,111.53966080706694,100.25005281862077,100.74629800611403,3885100
2020-03-27,109.87724304199219,112.43290930483542,107.22231890453158,107.7930043578306,3703000
2020-03-30,115.6336898803711,116.60136892901512,111.08476415654721,111.30807858937266,3774600
2020-03-31,114.88933563232422,115.40211963082027,107.53661734910474,115.10437123358368,3774200
2020-04-01,111.225341796875,111.78776087294642,105.1380592200069,109.87721450049497,2542100
2020-04-02,111.6637191772461,112.71411104602585,108.39676585582245,109.42234641134128,2551500
2020-04-03,112.88778686523438,113.7810318766742,109.33135189937158,110.79528227535894,2819800
2020-04-06,115.37727355957031,117.77579247796288,114.93065740835543,116.74194594069074,2425800
2020-04-07,116.204345703125,119.14873849316848,115.15395413357699,118.14798215620247,2359500
2020-04-08,120.59616088867188,121.67136409702904,114.98857679084954,116.41115101356202,2104300
2020-04-09,122.64728546142578,126.20372032319241,121.27434675495596,121.55555000397526,3032600
2020-04-13,116.3780517578125,121.56381731205514,115.94796803066292,121.45630584541622,2361200
2020-04-14,119.82694244384766,122.25855130261401,118.71038323475834,119.0660329744711,3636300
2020-04-15,116.53518676757812,119.17356537937154,114.83968839516244,117.98257204562923,4310800
2020-04-16,117.40365600585938,118.17284469187834,115.21190554070144,117.00666231447644,4086300
2020-04-17,123.39990234375,123.84653105066121,118.01563489848604,119.84346824510311,1799400
2020-04-20,118.8675308227539,122.40742006919328,118.42918093617585,121.97733641097098,2077900
2020-04-21,119.6780776977539,120.88561605730162,116.52691533795971,117.52768438129839,2560700
2020-04-22,123.38341522216797,124.48342981007528,121.17511981463716,121.54731478528483,2081400
2020-04-23,122.84581756591797,125.42629527495026,122.60597064868647,123.20973367774577,1927400
2020-04-24,124.08639526367188,124.40895487715088,122.07660366127115,123.30067442265344,1448200
2020-04-27,127.56014251708984,128.2466182662419,123.93755212519993,125.65786199320092,1746300
2020-04-28,127.49398040771484,130.97598193056,126.98946267210545,129.36318347089062,1656900
2020-04-29,122.9119873046875,129.5203410474151,122.63078398462277,128.88348784122056,1901400
2020-04-30,123.63982391357422,124.55788047230585,120.76986388853936,121.1585913354024,3019700
2020-05-01,120.68712615966797,123.40821772566193,120.33975518489831,121.14202122908021,1316900
2020-05-04,120.56303405761719,121.67958058584549,118.429173595867,121.11717420780964,1389700
2020-05-05,122.40740966796875,123.32546574528632,119.51263984473977,120.50512983152215,999100
2020-05-06,123.81348419189453,125.48418407268593,122.40745513666198,123.39167926138464,1107200
2020-05-07,123.25934600830078,124.88868952362229,121.74579282614019,124.30145900674914,1655600
2020-05-08,119.9758529663086,126.69171782680071,118.27207543728329,126.54284994338701,2077100
2020-05-11,119.39688873291016,120.93525313425641,118.55326628824955,118.79312579104278,2087800
2020-05-12,109.94336700439453,119.26453065547787,109.6290862476524,118.95024989873573,3860300
2020-05-13,110.34864807128906,113.16071836707293,108.553891906197,109.75315142607354,2474700
2020-05-14,109.76970672607422,111.19228077541517,107.60276811100317,109.17421002541062,2624100
2020-05-15,108.15690612792969,109.7283480090322,106.85838866033143,109.5133124462051,3107400
2020-05-18,108.70276641845703,112.46597075917855,107.61929714541334,111.15092084549339,3194700
2020-05-19,108.68624114990234,109.67046524785012,107.72682836365081,108.62833967581166,2040800
2020-05-20,109.79452514648438,110.30730909740521,107.36291556468623,110.01783957874329,1979200
2020-05-21,108.14034271240234,109.18245542968711,107.37116698254377,109.04185382165478,1886700
2020-05-22,112.32539367675781,112.36675007595304,107.96669170176531,108.21481747673549,1518100
2020-05-26,114.41789245605469,115.68331995657239,112.8795278801037,115.3111376246908,1969400
2020-05-27,115.22840118408203,115.79080762054464,111.48172986977934,115.79080762054464,2158500
2020-05-28,120.79467010498047,120.92700553241104,115.28633098514243,116.25401013535165,1652500
2020-05-29,118.7352066040039,119.64499661645696,116.73368119680434,118.37956944835226,2341800
2020-06-01,117.80890655517578,119.8766000495584,117.75100507963728,119.05778888251105,2024200
2020-06-02,115.79083251953125,119.0412405461339,114.889321209477,119.0412405461339,2369100
2020-06-03,115.36902618408203,117.32919550061669,114.91413110930421,116.33670518668266,1630600
2020-06-04,113.27651977539062,116.24572444264969,110.8449103392914,114.64119235922645,2804400
2020-06-05,116.84947967529297,117.4036199506405,112.82988350139773,115.30284916618571,2733700
2020-06-08,117.11418151855469,117.5525315931854,115.45174763155762,116.96530100290953,1918900
2020-06-09,117.01487731933594,118.12317034539687,115.63365992632033,116.67578526275102,1980100
2020-06-10,114.36827850341797,118.67735793729378,114.27729947137219,117.09763684459026,2161700
2020-06-11,110.77047729492188,114.31864663792089,109.84415458542115,114.31864663792089,3828300
2020-06-12,113.43109130859375,114.08998690103866,111.8880897552898,113.12249608858323,1703100
2020-06-15,116.36695861816406,116.56712298755257,111.03736593055771,111.4794125484583,2026500
2020-06-16,118.86077117919922,119.92835694777744,116.14176566338688,118.8524352390135,1962800
2020-06-17,121.3546142578125,122.48892593794723,119.31118859054962,119.327873200639,3594200
2020-06-18,119.40288543701172,121.85500031348457,118.21018447851971,120.6956685613603,8472200
2020-06-19,116.64221954345703,121.31290479940516,115.68305176003126,121.31290479940516,5838700
2020-06-22,118.52713775634766,121.07933500216984,116.06668674541692,116.54208979776402,3014500
2020-06-23,118.36035919189453,120.0951894187305,117.32612980859977,119.4279450658509,2071500
2020-06-24,116.78395080566406,117.95995431448772,113.8480845490762,117.2677024357046,1721500
2020-06-25,119.32786560058594,119.41126319246403,116.42535450806831,116.82570876494316,1451400
2020-06-26,117.25940704345703,121.83002270308118,116.95081177223938,119.6781662925197,6131300
2020-06-29,116.87576293945312,119.03595552814606,116.35864181480007,119.03595552814606,1440300
2020-06-30,118.52713775634766,118.86075348688512,116.05833807984766,116.78397202003438,1671400
2020-07-01,122.93095397949219,124.02356033172511,118.72733646622652,119.0776368651131,1180400
2020-07-02,123.93182373046875,124.94103257676731,123.24790748699482,124.52400644181591,1296800
2020-07-06,123.28125,125.51651644774331,122.78916227094267,125.10782630024376,1299900
2020-07-07,123.01438903808594,123.79838757809985,121.77998236324689,122.18033666533863,1280400
2020-07-08,122.69743347167969,124.76587959721361,121.47137558144665,123.79837588184381,1133500
2020-07-09,122.63069915771484,123.43139490344733,120.86251249111568,122.49724774565492,946100
2020-07-10,122.93095397949219,123.91514219918687,122.51392787701387,122.63069467664273,1727700
2020-07-13,119.01091003417969,123.38133540171211,118.47711713712893,123.31462242537899,1485200
2020-07-14,122.42214965820312,122.84751159007375,119.26109822655548,119.26109822655548,1059300
2020-07-15,120.24530792236328,124.28211764272389,119.25278373693895,124.08195325347998,1788800
2020-07-16,117.15099334716797,121.05435205867738,117.00919325469032,120.46216931742106,1535700
2020-07-17,119.89501190185547,120.89587206458025,116.71727484005625,117.68477851222876,1112200
2020-07-20,120.30370330810547,121.7549461044403,119.47798698401223,119.9283696074819,1041400
2020-07-21,119.5196762084961,122.13025079630064,118.75234975404348,121.92173775780941,1152100
2020-07-22,120.82914733886719,121.0626809545134,118.92750919624662,119.1193503800205,1077400
2020-07-23,121.5964584350586,122.57231065870704,120.4037699586842,121.23782211613513,1192900
2020-07-24,122.59733581542969,122.80584886263331,121.04599823516965,121.43800378204259,1104500
2020-07-27,125.95021057128906,126.04195681684052,121.30454671432149,122.13025019765887,1577900
2020-07-28,128.4190216064453,128.7943425609234,125.78341353121263,126.09200878075266,1711900
2020-07-29,131.11302185058594,131.25480921745736,128.44405697818314,128.44405697818314,1531800
2020-07-30,132.38906860351562,132.96456651198105,130.2121924039335,130.46241054586935,1956700
2020-07-31,133.89874267578125,138.02731149644848,132.3223844316341,135.2248954261172,4292100
2020-08-03,133.99884033203125,134.75783094973977,133.07304180617177,133.323260031712,1513300
2020-08-04,134.3657989501953,134.69107876146066,132.63096904790498,133.05633103905967,1674600
2020-08-05,133.12307739257812,134.6994356035797,132.37243547367342,134.64104583849993,966700
2020-08-06,130.9462127685547,133.4483697004379,130.81276134446347,132.53090706809607,867700
2020-08-07,132.28903198242188,132.6560170200585,130.29564755219363,130.57088633042108,971700
2020-08-10,131.9804229736328,132.70604430556813,129.75350515611888,132.27233360381732,1520400
2020-08-11,126.46733856201172,132.2306295645918,126.31720254887405,132.2306295645918,1422000
2020-08-12,128.81103515625,129.1696715250755,126.3589194358872,126.70921986356365,953000
2020-08-13,126.89269256591797,129.35314384319832,126.80928226094207,128.51909169994224,968800
2020-08-14,127.87690734863281,129.3948759476953,127.00114987047486,127.08454746619616,1294900
2020-08-17,130.54586791992188,130.9462094554381,127.86855447083006,127.89357502138557,1098600
2020-08-18,130.4958038330078,131.11299427350127,129.11961016172026,130.57086547145283,762300
2020-08-19,126.75926971435547,131.2214547762945,126.28386650348571,131.11302390073274,1185400
2020-08-20,129.40322875976562,130.145534909591,126.04199850224548,126.34225788456978,1055300
2020-08-21,128.91114807128906,129.91200849263643,127.42653568885379,129.91200849263643,757100
2020-08-24,127.48490142822266,129.06125979438167,125.36640142137993,128.65256957847808,844400
2020-08-25,129.069580078125,129.95367338844187,127.33474994632559,128.3856511540675,1312800
2020-08-26,128.41064453125,128.5190626312456,127.05947171068057,128.24382395903,815600
2020-08-27,128.19383239746094,129.76185475034902,127.98531932826316,129.00286412407849,870000
2020-08-28,128.6859130859375,128.7359669101505,126.45899515697425,128.40233838186586,1049000
2020-08-31,129.82022094726562,130.9461965175256,128.8360454516472,129.20303045903938,1328200
2020-09-01,128.07708740234375,129.4783020838593,126.85937799773552,129.36987119688723,735500
2020-09-02,129.27809143066406,129.47826854091647,126.20043676615121,127.05950951688291,2040800
2020-09-03,123.57318115234375,129.66176496194464,122.32210281036933,129.0862668883761,1350000
2020-09-04,121.08769989013672,124.26544966202927,118.46044038582562,123.60654125574649,2312300
2020-09-08,120.36206817626953,121.32123582017553,117.05088000032818,120.60395043561483,2021800
2020-09-09,123.08942413330078,124.90765180471597,121.09603990169236,121.45467623579432,2120200
2020-09-10,121.46302795410156,123.89011022374119,121.31289193778906,122.69742166692663,928100
2020-09-11,121.43798828125,122.99766160273022,121.0292981793121,122.25535575850101,1532200
2020-09-14,121.2699203491211,123.00138515341588,120.37897343625369,121.88349481878322,1745700
2020-09-15,123.79146575927734,124.79168403534855,121.74060018906148,121.75741413684742,1881900
2020-09-16,126.43904113769531,128.58236332383248,125.54809464136892,126.07762476949013,2125400
2020-09-17,123.32917785644531,125.81711628144646,122.32895958465912,125.09427043316029,1855000
2020-09-18,121.77422332763672,123.62335992803965,121.05977806541375,122.45504069560147,2608700
2020-09-21,119.2358627319336,121.58090189066085,118.80720324547161,121.30354228636959,2085400
2020-09-22,120.53864288330078,121.8498484046199,118.5886357206238,119.0173079431733,1770700
2020-09-23,116.99166107177734,120.40416089213761,116.58821616562619,119.73174416503082,2067300
2020-09-24,118.7231216430664,120.28648503222709,117.23540176661949,117.27743021544333,1166500
2020-09-25,119.37031555175781,119.42074455673045,117.4623369701796,118.72311339561982,1225500
2020-09-28,122.66517639160156,122.83327739559984,120.9000837864085,121.18585677573401,1414600
2020-09-29,123.9931640625,124.53949539053843,122.4970437108169,122.71557367697604,1017500
2020-09-30,123.35440063476562,125.06065092150713,122.24492369167305,124.51431942438138,1656400
2020-10-01,123.76622772216797,124.60674539770052,122.04316392226985,123.46364084596497,1482900
2020-10-02,125.53133392333984,125.89275040785391,122.21127847574628,123.05179624469993,1726000
2020-10-05,127.74188232421875,128.1117121812563,123.67377954737124,125.29598545205279,1339300
2020-10-06,128.6244354248047,129.00266586244595,126.22895461093736,127.74188918678601,1222200
2020-10-07,128.24618530273438,129.6078197993599,127.91838393038816,129.08670295749712,1438100
2020-10-08,131.83523559570312,132.80182603482993,128.71690859441804,128.81776663668236,1000800
2020-10-09,133.0876007080078,133.39018766388259,131.81002273901228,132.45721228537576,1205400
2020-10-12,133.69276428222656,134.12983714586886,131.90245719629226,133.0287608381891,1320700
2020-10-13,132.78500366210938,134.07099492053644,132.3059151664622,133.32293456220117,1120200
2020-10-14,131.4233856201172,133.03717852598976,130.6080821922403,132.79343396649944,1044500
2020-10-15,131.68389892578125,133.35653366942233,130.2802359867641,130.77613832309774,1038600
2020-10-16,132.54965209960938,133.63392722417413,131.02831696114717,131.57464839116076,1336500
2020-10-19,130.4315185546875,133.39014417812925,129.8851872299602,132.9362703049245,1021000
2020-10-20,130.78456115722656,131.65869393484905,129.87680048895564,130.92744762927626,705900
2020-10-21,130.17095947265625,131.4485498438515,129.21276990058004,129.9608300680318,1025100
2020-10-22,128.01083374023438,130.28022870750246,127.72506083274985,130.10371436742034,1223600
2020-10-23,128.26303100585938,128.4899615946324,126.28780889797349,128.17897408945728,743000
2020-10-26,128.32188415527344,128.3723131842628,126.46434651930088,127.55700968150256,878900
2020-10-27,126.63243865966797,129.06993560831785,126.63243865966798,128.58243365353061,737700
2020-10-28,125.976806640625,127.0526683531049,124.53111505973952,125.01020351633164,995500
2020-10-29,125.00180053710938,126.35503462470952,124.02679687113894,125.96839081741675,1118100
2020-10-30,121.28668212890625,124.04357860093953,118.43732821557336,124.04357860093953,1855300
2020-11-02,122.67356872558594,124.64037727355489,121.87507939118319,122.93412718810102,1175800
2020-11-03,122.62313842773438,124.32098793464286,122.1608510836153,123.95955862004666,1404600
2020-11-04,124.40499877929688,127.11146633417816,122.8500489967044,123.13582188752291,2445200
2020-11-05,123.9847640991211,127.25437751266465,123.90072002239977,126.52313120130451,1874500
2020-11-06,123.28714752197266,124.68241017943586,123.0770180672445,124.68241017943586,2211100
2020-11-09,116.17633819580078,126.77526514283676,115.99142330653606,125.96836264192889,3239100
2020-11-10,114.15910339355469,116.78991468674427,112.98237109131541,116.46211334492855,2867600
2020-11-11,118.50462341308594,119.09298337840114,115.37789579708468,116.15117072653973,2579100
2020-11-12,118.84919738769531,119.86622944557585,117.79855026501313,118.84919738769531,1263300
2020-11-13,121.5809097290039,121.86669556368781,118.5214250703099,119.86625884732754,1500900
2020-11-16,119.3534927368164,122.00111790333095,118.01707290325308,121.87504540027028,1875600
2020-11-17,119.70653533935547,120.4293811108657,118.0002853482237,119.235847455634,1131600
2020-11-18,119.68968963623047,121.96749775699944,119.0677148800337,119.54680319696149,1812200
2020-11-19,120.19404602050781,120.5722764674037,118.01710798533739,119.32831370806115,1229600
2020-11-20,119.9418716430664,121.3035190203,119.36191238567015,120.19402951479722,1457800
2020-11-23,117.64728546142578,121.00935688917181,117.44555655865852,119.89986716187897,1230700
2020-11-24,111.4526596069336,118.04231573775154,110.87270030308582,117.46235643390378,3999800
2020-11-25,114.10030364990234,114.2600041011633,111.5451349055825,112.58736888175268,3046600
2020-11-27,114.92398834228516,114.99964468698438,113.64641059675726,114.5457579199212,487100
2020-11-30,113.25978088378906,115.20978846219204,112.85633590474468,115.15094605624564,2116500
2020-12-01,113.57915496826172,115.781307123064,113.29336921798532,114.17591532191072,2106100
2020-12-02,111.08284759521484,113.65483029061525,111.01560462487484,113.25978585567098,1680000
2020-12-03,112.335205078125,113.76409567770172,111.80568755591264,112.335205078125,1672800
2020-12-04,113.86493682861328,114.14230921591512,111.5451125329288,112.43605926622902,1805600
2020-12-07,113.66321563720703,115.62162360086508,113.2933857624859,113.66321563720703,1556900
2020-12-08,112.09986877441406,114.63823643607272,111.85612422533175,113.78090458274436,1927900
2020-12-09,109.05718231201172,112.30158146644399,109.03196780455185,112.16709554313569,2580200
2020-12-10,108.9815444946289,110.2507217959209,108.15782779020809,109.2673174776561,2774900
2020-12-11,109.4942626953125,110.00697909113329,107.58628360590932,108.6117163975509,1767000
2020-12-14,108.5955581665039,111.11354512519387,108.51925866751421,109.50271755394945,1847600
2020-12-15,109.19751739501953,109.53663493721169,107.49342393201819,108.74818083018768,2529300
2020-12-16,109.85879516601562,110.87616063193575,108.55316558660671,109.57054398903061,1494600
2020-12-17,113.54676055908203,114.37762055232677,110.38444476036054,110.38444476036054,2303000
2020-12-18,113.62307739257812,114.411531551705,112.07158930833835,113.66547032227982,5403600
2020-12-21,114.15717315673828,114.2334855956098,111.30006856283914,111.893530697647,2065700
2020-12-22,117.45516967773438,117.50604896162446,113.76721719091199,113.89438305936855,2023300
2020-12-23,115.97147369384766,118.65903233766338,115.97147369384766,118.04012412761557,1959300
2020-12-24,116.51407623291016,117.1414578893052,115.75105532733883,116.04779286645238,460100
2020-12-28,117.51451110839844,117.74342258618294,116.46322592941245,116.75996350937406,1140600
2020-12-29,116.99732208251953,118.32838478240024,116.75993724654774,117.84512876427692,1009200
2020-12-30,117.29409790039062,118.50645564170095,116.75997537677438,117.17540544364341,1032800
2020-12-31,118.27754211425781,118.45558726458205,116.14955134170928,117.15844367502953,1019000
2021-01-04,114.69977569580078,118.6844779847118,114.53021692396533,118.6844779847118,1858100
2021-01-05,112.72439575195312,115.53910754933007,112.65656965681688,114.81846660794933,1614000
2021-01-06,112.00375366210938,112.60570216495567,110.26574718451602,112.02071341984576,1823800
2021-01-07,113.27548217773438,113.7417785672448,111.57139493953106,111.82572666425779,2187100
2021-01-08,113.26701354980469,114.3691522341898,111.91899066928234,113.19070109265661,2341500
2021-01-11,111.29161071777344,113.07199737120197,109.85034163552001,112.91091199711666,1917500
2021-01-12,111.49507904052734,111.84268296892242,110.25728823008086,111.05422877361826,1748700
2021-01-13,112.88548278808594,113.26700623968105,111.698558310809,111.698558310809,1272800
2021-01-14,113.13981628417969,113.78415773958147,111.59681461591256,112.70743946792739,1442200
2021-01-15,115.70866394042969,115.85278953844224,112.50395539602107,112.84308586473114,1762600
2021-01-19,116.9888687133789,118.06557406937118,116.21736139605743,118.01470772959271,1622100
2021-01-20,119.3033676147461,119.89682975602592,116.26821787905277,116.98885879550255,1814000
2021-01-21,119.72727966308594,119.99857111738775,117.96383993235531,118.70142772304112,1459500
2021-01-22,119.08297729492188,120.42250097510131,118.82014625740999,119.26100952104967,1109700
2021-01-25,120.92266845703125,121.87220777970344,119.21009537592344,119.57464603141257,1651800
2021-01-26,123.65262603759766,123.77979188205254,120.2698722735422,120.63442298531625,1167100
2021-01-27,126.46735382080078,126.90821703137188,122.08419369670945,123.23721159908308,2866100
2021-01-28,122.82174682617188,126.3994919701271,122.67762124619775,124.7293118132166,3027600
2021-01-29,122.04178619384766,124.94977024295146,120.26139967690104,121.94005351759502,3433600
2021-02-01,125.65345764160156,125.68736422319117,121.56702245699765,122.42330270957176,1954200
2021-02-02,125.99258422851562,127.53558606323138,125.39063563600959,126.32322840284806,1231100
2021-02-03,124.8989028930664,125.78061626529205,123.77131830654847,125.78061626529205,1283000
2021-02-04,122.97439575195312,124.91586789751196,121.11769653608935,124.74630910161491,2725400
2021-02-05,123.40675354003906,124.62759738013423,122.63524626101992,122.9743767368824,1478600
2021-02-08,124.093505859375,124.33937713264872,122.26225257984177,122.94897417673025,1025400
2021-02-09,125.67888641357422,125.77214568031403,123.61870913432398,124.09347887899744,1220800
2021-02-10,125.07695007324219,127.13712755324421,123.83067290377954,126.747130689828,801900
2021-02-11,122.77938079833984,126.11125514491529,122.03330671225488,124.78867867340429,1521700
2021-02-12,118.74382781982422,122.93199581608921,117.29408532050552,122.08418894839204,1957100
2021-02-16,116.31907653808594,119.42205216178934,115.13215233385691,119.39661899573468,2529600
2021-02-17,117.23472595214844,117.55689668320336,115.92062279477246,116.08170816029991,1203100
2021-02-18,116.94649505615234,117.84516837101091,116.25977348296826,116.70911014039754,1011900
2021-02-19,115.68324279785156,118.23514971121544,115.6493362157082,117.04821235210254,1446600
2021-02-22,116.65823364257812,117.04821756888497,114.03002709987432,114.92022692475828,1647200
2021-02-23,116.40388488769531,117.717988112765,115.16608117554104,117.30255809271534,1776700
2021-02-24,114.58110809326172,116.69215212914656,114.19959753982678,115.92064467311751,1243500
2021-02-25,113.91980743408203,116.32758882844874,112.90244175548679,114.45392991335979,1386600
2021-02-26,114.2249984741211,116.99733013653406,114.0384799563744,114.39455723484421,2722100
2021-03-01,112.72439575195312,116.1664892269616,112.16484016945783,114.95411879822181,1930900
2021-03-02,111.1644058227539,113.44500782242164,110.11313383706539,112.65655383315526,1761900
2021-03-03,106.53541564941406,111.06270128401626,106.07759915800712,110.63879784400092,2075700
2021-03-04,109.3670654296875,111.0965854234907,105.67910754024376,106.95081760337966,2959700
2021-03-05,111.9104995727539,112.41070248881023,107.1034364843958,109.36707912791859,2783300
2021-03-08,112.06310272216797,114.45392423799557,110.24032317742444,111.88507052890769,2053600
2021-03-09,114.52175903320312,116.53105727158986,112.9702708344653,113.2161291464698,1728900
2021-03-10,114.75066375732422,115.96302135846472,113.84350420695527,114.97956229540289,1811900
2021-03-11,114.32675170898438,116.34452308829611,113.93675489044223,115.00498679713668,1648800
2021-03-12,114.75431823730469,114.86549359629748,111.35932028518839,112.53944933064726,2864000
2021-03-15,115.50687408447266,116.00285714763015,114.66880493913321,115.08783951180294,2388700
2021-03-16,116.02850341796875,116.65278176993425,115.54106731919212,115.87458034953966,1737300
2021-03-17,115.17335510253906,116.07127892876005,114.61750433089182,115.66080431202435,1782900
2021-03-18,114.72867584228516,115.49831735384807,113.1038582474545,114.31818819061607,1174300
2021-03-19,114.17279815673828,117.66186447912719,114.07872971243057,114.72866189082949,2355000
2021-03-22,116.77251434326172,116.99485203348617,114.1728114250496,114.45501679076848,1422300
2021-03-23,119.72283935546875,119.89386937336863,116.79818298849277,117.2685253242829,1629100
2021-03-24,119.7998046875,120.6549678527452,118.1065852739657,119.03016305828105,2166100
2021-03-25,118.32035064697266,120.34708273760737,117.81580761956805,119.7826850868462,1763100
2021-03-26,122.21136474609375,122.37384782687407,117.7046514450573,118.24340838685445,1867300
2021-03-29,123.61381530761719,124.04139681124177,120.63785169604063,122.24554927651774,1270500
2021-03-30,120.7832260131836,123.2460865636307,120.37273838081595,122.8612658259438,1322800
2021-03-31,120.4411849975586,121.74958368269657,118.61113622529824,120.29580881573828,1600700
2021-04-01,122.5020980834961,122.60471346649953,120.19316062465697,121.1423920636938,1334100
2021-04-05,124.65708923339844,124.74259768704644,122.04883999527353,122.75006672968378,1268000
2021-04-06,123.7164306640625,124.55448675732087,122.34817768203378,124.34925598683014,1266600
2021-04-07,122.2027816772461,124.29794136675112,121.87782862582894,124.22096678335515,1726700
2021-04-08,121.33052062988281,124.69130467988343,121.14238374146666,123.18622262130502,1510700
2021-04-09,120.80033874511719,121.47592492343523,119.99649636587422,121.43316415729106,1385000
2021-04-12,122.7330093383789,122.8612785813408,119.97082318490382,120.99702932361139,974400
2021-04-13,125.01628112792969,125.24717879170973,122.57906135706178,122.80141208838768,1288800
2021-04-14,122.8185043334961,125.10178794881348,122.64747434540617,124.64000567609548,725000
2021-04-15,125.91419219970703,126.05100834894532,123.49407958637596,123.55393420502699,965800
2021-04-16,124.81961822509766,126.37600836164358,124.43478437133943,126.18787142608527,1292200
2021-04-19,126.35891723632812,126.54705419539813,124.34073144255902,125.02486465292672,774500
2021-04-20,129.0783233642578,129.79665725304338,126.57268863839963,126.57268863839963,1382100
2021-04-21,128.97569274902344,130.24133036310076,128.53100432563062,129.92491117301734,1434100
2021-04-22,127.4620590209961,128.83887209458732,127.39364440910147,128.53955979864241,1066500
2021-04-23,127.4534912109375,128.1205303737529,126.32468280588905,127.31667504430436,697400
2021-04-26,126.76080322265625,127.85541077891584,126.34178171910848,127.85541077891584,1345800
2021-04-27,126.50428771972656,127.3337970794766,125.44389368778182,127.3337970794766,1082500
2021-04-28,125.8543472290039,126.99171567599277,125.35835108340895,126.89764721650488,1151600
2021-04-29,127.4534912109375,127.4534912109375,124.22953600921603,126.162199743713,1656100
2021-04-30,131.960205078125,132.17399583563574,127.98370220792627,128.27445450644032,2837200
2021-05-03,129.70257568359375,131.49842327287007,128.76190417629613,131.1991109917399,1607800
2021-05-04,130.8484649658203,131.80625624549896,129.59137451335127,129.68544295022818,1553100
2021-05-05,128.41128540039062,130.49788530875313,127.97514389816993,130.17291917749102,1453600
2021-05-06,127.87252807617188,129.05265724465502,126.73515966935526,128.27445574808272,1129600
2021-05-07,129.2835235595703,129.47166044525534,127.29100544538441,128.31719833627966,1312400
2021-05-10,129.15528869628906,130.42092649675618,128.90729712578525,129.882182588764,954300
2021-05-11,127.1199951171875,128.73625292444245,126.38455429729215,128.73625292444245,1118300
2021-05-12,125.81159210205078,127.40219600271512,125.11891207331452,126.60690057675968,1094600
2021-05-13,127.36799621582031,128.2659200947695,124.95642997228556,125.92276846616697,1847400
2021-05-14,127.31668090820312,128.19749781859213,126.6325478485192,127.68439476164099,555700
2021-05-17,126.7522964477539,128.68496067216057,126.65822796942517,127.43642964934877,791400
2021-05-18,128.1974639892578,128.7362077032623,125.50369322423803,126.30754837858522,907300
2021-05-19,128.28298950195312,129.26643472424044,126.743706630114,128.30864334656704,763700
2021-05-20,129.34339904785156,130.9596565371441,127.96658614595412,128.41127454343845,822700
2021-05-21,129.0441131591797,129.8907293689571,128.48826233530065,128.5652238865293,644400
2021-05-24,129.31773376464844,130.1814435893041,128.75332312338818,129.64269983969226,913200
2021-05-25,130.36106872558594,130.6005133564336,128.27446861498163,129.31776867028378,775800
2021-05-26,129.09542846679688,131.15636163909295,128.9072915392216,130.6432716037769,887000
2021-05-27,128.41986083984375,129.84798186983454,127.9153176652298,129.09544709967054,979200
2021-05-28,129.60848999023438,130.59193517689923,128.41981405409211,129.41180617240164,800600
2021-06-01,130.9682159423828,130.98532285704064,129.60850982401882,130.13870673963817,815700
2021-06-02,132.34503173828125,132.38779250144222,130.6005048205887,131.36159942934347,1536200
2021-06-03,132.91798400878906,133.51660857112964,131.37870098777717,132.55027016785357,1683400
2021-06-04,132.70420837402344,133.90144458639466,132.5502852738814,133.57647842108972,1030100
2021-06-07,135.54335021972656,136.05645329494922,132.97786094111976,133.45675018532583,1543600
2021-06-08,136.84320068359375,137.57008147748553,135.45782761103837,135.95382376679854,1680100
2021-06-09,137.57861328125,138.65611385143427,136.98854878492867,137.88647245112415,1424200
2021-06-10,140.19541931152344,140.28092777922498,136.05643367072884,136.98855817580937,1123900
2021-06-11,138.7074432373047,139.81915780513884,138.05752402089897,139.44288397767937,1185500
2021-06-14,139.81854248046875,139.87882824689018,138.13034387950984,138.7935661666091,1062100
2021-06-15,137.26904296875,139.91331090006722,137.1829185539807,139.57739545415112,1034800
2021-06-16,135.71865844726562,139.48263539184643,135.61529076007767,138.04422769645114,2547000
2021-06-17,134.96070861816406,135.8823174324865,133.5136790834078,135.2277166564935,2104600
2021-06-18,132.81600952148438,135.68421680846876,132.704046463873,135.08129331182337,4174800
2021-06-21,134.0907440185547,134.61615151818222,131.8685424813703,133.1346882076408,1593700
2021-06-22,133.4103240966797,134.90040926425883,133.4103240966797,133.99603059352793,1185000
2021-06-23,130.87802124023438,133.10023605580713,129.16399695992388,133.01409850264528,1944100
2021-06-24,129.2242889404297,131.72212038916587,128.94005077263623,130.87802752716306,1543900
2021-06-25,131.10194396972656,131.3000445258995,128.9486370551526,129.35344666376952,1041000
2021-06-28,131.51539611816406,132.14415815717646,130.76604939848156,131.51539611816406,1066500
2021-06-29,131.27423095703125,132.5489852138654,130.6799160323043,131.14502463184348,929200
2021-06-30,129.59463500976562,132.2819579554112,129.42235993458897,131.21391294593369,1333500
2021-07-01,129.06060791015625,130.5420842087113,128.97448351399197,129.69799152693935,1556900
2021-07-02,129.43101501464844,130.593793216056,128.90560744219502,129.52576107337762,1187100
2021-07-06,131.19674682617188,131.3690088254028,129.0951162644097,129.4310317628718,1398100
2021-07-07,132.5489959716797,133.18637972319996,130.18035772119023,131.42927344289913,1648100
2021-07-08,133.143310546875,133.85821021201647,132.04942665994807,132.39396374463755,1072800
2021-07-09,134.15965270996094,134.2113431248439,133.1088377006674,133.59118957369543,1279700
2021-07-12,135.81338500976562,136.1406919088795,133.9357074454146,134.56446946599388,1021800
2021-07-13,133.92710876464844,136.089024614156,133.49644729435047,135.74450069501563,774000
2021-07-14,135.53778076171875,135.87369618855115,133.6084126106008,133.84097348848331,733700
2021-07-15,135.3052215576172,136.51969009378294,134.45252023274182,135.99428255887938,624100
2021-07-16,135.50331115722656,136.74360496719612,135.02958098185115,135.55498842313241,738700
2021-07-19,134.64199829101562,136.58858325947708,133.59118333082787,135.67558311371425,1557500
2021-07-20,135.2277374267578,135.91679858996616,134.58174505051534,134.90043041711542,958600
2021-07-21,133.2294464111328,134.90041527293357,132.99689864457073,134.88319827427887,922900
2021-07-22,132.62646484375,133.40166315458862,132.06661034931764,132.84179551741497,805600
2021-07-23,133.3844757080078,133.5825763112105,131.54985357556768,132.48870560169283,737500
2021-07-26,132.45423889160156,133.03132367655974,131.65321487662445,132.87629185794927,974100
2021-07-27,133.83233642578125,134.15102164552158,131.6531908655591,132.45421473444455,814500
2021-07-28,132.7815704345703,133.78931687066043,132.10111783493642,133.77208672892675,765300
2021-07-29,129.6204833984375,133.41029876819232,129.02616851547845,133.22941518273973,1613800
2021-07-30,132.7815704345703,135.82203988457437,132.1097394771769,133.06580863081328,1819400
2021-08-02,133.28114318847656,134.8918132035208,131.78243624101313,132.9452277002388,862300
2021-08-03,133.63421630859375,134.84007601629472,132.61786179566275,133.30692260824304,1073300
2021-08-04,134.30606079101562,135.33103704795218,132.94518230328995,133.92708979074936,828400
2021-08-05,134.33192443847656,134.90038756048546,132.72124168834227,134.71089547223437,1107600
2021-08-06,135.296630859375,136.04597773260826,133.95296895864755,134.19413836940646,758900
2021-08-09,135.80477905273438,136.13208595797082,134.55586348560047,134.98652493238765,1477100
2021-08-10,132.96241760253906,135.8736933357926,132.85045455777586,135.70143137691113,895500
2021-08-11,134.76260375976562,135.1932652642299,132.9279815450691,133.20359807369826,752800
2021-08-12,135.6755828857422,136.13208295785657,133.65146887335274,134.84009864596817,868100
2021-08-13,137.03648376464844,137.10537803360614,135.77894650087887,136.22683810557356,477200
2021-08-16,139.0175018310547,139.2759013129271,136.25266286042748,136.8555862229674,1011200
2021-08-17,139.2069854736328,139.85297756780113,137.8202552524418,138.7763240775206,815000
2021-08-18,137.5101776123047,139.37925962468685,136.85557702592982,138.84523055997363,1273700
2021-08-19,140.30950927734375,140.92105438071331,137.45853229418552,138.1217546739181,1136400
2021-08-20,140.19754028320312,141.472294569523,139.34482583112182,140.09417259211298,1007500
2021-08-23,139.61181640625,140.73153873020658,139.01750154200224,139.68933230782747,1215400
2021-08-24,139.17257690429688,139.784108896273,137.8116849384006,139.69798447883437,949400
2021-08-25,136.6316680908203,138.71606811869646,135.29661484749485,138.39736968003768,1244800
2021-08-26,136.82977294921875,137.40685778480326,135.6928202753536,136.34743416978966,791100
2021-08-27,137.9064178466797,138.19926449498863,136.7350181106987,137.46714787421627,904600
2021-08-30,139.89605712890625,139.921895763247,137.2431811470572,137.89779493100642,1133300
2021-08-31,141.17947387695312,141.39480465409105,138.67302047680852,139.91332785596245,1272700
2021-09-01,143.49642944335938,143.69453007049006,140.75741523270648,141.60150816559764,1169100
2021-09-02,144.7022705078125,144.76256942904243,141.9288092716597,143.8409474690755,1109300
2021-09-03,144.3577117919922,144.96063514539117,142.97098150780286,144.09931231403738,1296200
2021-09-07,143.32415771484375,143.78065790365912,141.48954846002354,143.78065790365912,1343800
2021-09-08,143.10018920898438,144.96064986791953,142.55755156444212,142.75566529854962,1400300
2021-09-09,135.98565673828125,138.19924964441927,135.88228905847473,137.07091880567154,5111700
2021-09-10,133.82373046875,136.93310656358307,133.66869866024714,136.2354371398321,2428000
2021-09-13,133.25526428222656,135.06403438668298,132.2991953903197,134.4180422473606,1617900
2021-09-14,133.82803344726562,134.29665569233154,132.98623751862002,133.5329612641917,1077300
2021-09-15,135.39883422851562,136.04101992477987,133.45489034866392,133.77598319679606,1695700
2021-09-16,135.7373046875,136.0410372673618,133.65450457027796,135.3988514892314,968000
2021-09-17,136.0757293701172,137.10844905771262,134.56570059472133,134.56570059472133,2601700
2021-09-20,136.51832580566406,136.88281279158815,134.41817893893912,135.563720816444,1447600
2021-09-21,136.3881378173828,137.68119577549666,135.85876109700433,136.57037466421596,1785900
2021-09-22,138.44493103027344,138.9309137543371,136.59644873006928,136.83076655847,1789400
2021-09-23,134.23590087890625,138.8527615568464,133.6110756345692,138.6791982533066,1523600
2021-09-24,132.5349884033203,134.5223131230385,132.00561161460402,133.94955543130712,1083700
2021-09-27,128.2478790283203,132.6824895678003,128.09167602994262,131.84936718369278,1514600
2021-09-28,126.78125762939453,127.5796594898878,124.10834014407406,127.37138880403973,2709000
2021-09-29,127.36270141601562,128.61237849320176,126.89407913308699,126.89407913308699,1128000
2021-09-30,125.35803985595703,128.1264196526952,125.28861186746425,127.8053267926966,995500
2021-10-01,125.88738250732422,127.06763150723452,125.01087921935887,126.19980174971316,889900
2021-10-04,126.22584533691406,126.73786175532918,124.81996525854301,125.41876995622913,1177400
2021-10-05,123.83932495117188,125.09767566660112,122.36401675921918,124.09967657140669,1694700
2021-10-06,125.92210388183594,125.93945094282978,122.25986122337765,123.63103383767528,1449300
2021-10-07,124.69847106933594,127.37138854931086,124.47282683740856,126.51223224580852,1022800
2021-10-08,122.06896209716797,124.4294605847967,121.7218221772026,124.4294605847967,1066700
2021-10-11,121.26187133789062,122.14706156642565,121.01888001900396,121.73050691148188,1065700
2021-10-12,123.11903381347656,123.44013990749994,120.89739120526633,121.47883569709991,1372400
2021-10-13,125.25389862060547,125.3233266058425,122.78057795941884,123.34467537370686,1537400
2021-10-14,129.2632598876953,129.67981452848142,126.21718173101581,126.38207152937767,1631200
2021-10-15,128.03956604003906,130.16575903215005,127.39738064763843,129.80127221002397,1323900
2021-10-18,128.03956604003906,128.4821675856428,126.79857613913553,127.45812183031208,1783500
2021-10-19,130.0963897705078,130.26995311048393,127.36271750825637,128.06567088451578,1699600
2021-10-20,132.91683959960938,133.88013138306385,130.50427337474758,130.82536622188766,1330500
2021-10-21,134.32269287109375,134.4007943735446,132.19651254928675,132.7953172188066,980900
2021-10-22,136.15383911132812,136.3360892256975,133.62845080126638,134.51364105014005,969400
2021-10-25,136.00631713867188,136.55305427000997,134.62647063218836,136.17120695555383,1087300
2021-10-26,136.4662322998047,137.36009590987808,135.87611440819686,136.5269867403104,1143000
2021-10-27,136.15383911132812,140.5797771136625,135.91952131914869,140.5797771136625,1319000
2021-10-28,138.93089294433594,139.0523886071534,136.30136926604519,136.53568705934822,930500
2021-10-29,136.95223999023438,139.28670463524523,136.25797339348992,138.01966710303404,1512900
2021-11-01,137.17788696289062,137.24730170610815,134.5743971051052,136.67454400134133,907800
2021-11-02,137.09107971191406,138.13247286260275,136.35341905740873,137.80269328877228,847800
2021-11-03,137.551025390625,138.56638468301352,136.53566609823648,137.42952974645968,1216000
2021-11-04,135.52032470703125,138.2192763122442,135.35543490201934,137.74196720353441,1051000
2021-11-05,134.92147827148438,136.46621400660052,133.99289417930333,136.08436683755522,773500
2021-11-08,135.43350219726562,135.7459214220241,133.55031331876026,135.16447710634066,862600
2021-11-09,136.3794403076172,138.42751905318423,135.73725476567157,135.85875040133948,1243900
2021-11-10,133.74127197265625,137.10845636193855,133.67184398872905,135.90217328052566,855800
2021-11-11,133.35940551757812,134.2012014939279,131.78863567780135,133.68049831031885,730800
2021-11-12,135.65919494628906,135.84143183476624,133.08173873011563,133.66318325388727,1062600
2021-11-15,139.89418029785156,141.09178982355195,137.11712720538964,137.11712720538964,1851200
2021-11-16,140.3367462158203,140.89215669256524,139.2866664553026,140.076394658152,1583300
2021-11-17,142.41957092285156,142.5671004225092,139.57308980020466,139.79004728358953,1325800
2021-11-18,142.58441162109375,143.45224125574188,140.2499477851656,142.96625877906362,949100
2021-11-19,143.69528198242188,144.49368393222252,142.64520193635946,143.59982016005256,1550800
2021-11-22,141.6124725341797,143.61717066714988,141.2653458812678,142.75801432444837,947700
2021-11-23,143.28736877441406,144.1812323464614,141.61245049183862,141.7426328979421,1249800
2021-11-24,144.2419891357422,144.71061137607356,143.0617401414645,143.92088312241052,1183900
2021-11-26,142.983642578125,146.26403838065283,142.32409665344812,143.16589267472443,1044100
2021-11-29,146.48095703125,147.50500287777905,141.96824561566945,143.96425640776158,1400700
2021-11-30,145.56979370117188,147.37488150091582,144.88420065753073,145.7780644044281,2684700
2021-12-01,141.3174285888672,146.84551448091992,141.20461969778793,146.39423919049972,1875600
2021-12-02,143.7993927001953,144.81475195941866,141.5083225978892,141.76867418174865,1281000
2021-12-03,143.43487548828125,144.71925959083816,141.88146632796196,143.93821824623583,1369300
2021-12-06,143.3220977783203,144.91022802995883,142.36749286624277,143.90355544439038,1016300
2021-12-07,145.2920684814453,145.46563179895747,143.19192188287371,144.26803563870087,1350200
2021-12-08,145.89085388183594,146.22930694092005,143.86013552733127,145.0143506370362,1046000
2021-12-09,144.33743286132812,146.0557318500498,143.0270016229445,146.0557318500498,1121300
2021-12-10,145.0143585205078,146.05575158645485,143.59979177106123,144.65854514001626,1179000
2021-12-13,148.76336669921875,149.63119640571892,144.7106035589065,144.97095511926267,1561800
2021-12-14,146.12469482421875,148.53621923094576,144.50826592909885,148.53621923094576,1237600
2021-12-15,148.8594970703125,148.86824302746126,145.3383160603144,146.57029611563183,1320900
2021-12-16,150.27496337890625,150.85162324268774,148.44883159146926,148.9818150001205,1138600
2021-12-17,149.8817901611328,152.59039738096837,148.97310378138496,150.57205423709075,2835900
2021-12-20,149.54100036621094,150.99141589116593,148.24786539965191,148.78084877534016,1041700
2021-12-21,148.43136596679688,151.4807184674423,147.91584780860146,150.318639453741,1194500
2021-12-22,149.76821899414062,149.76821899414062,147.69744001144286,148.894476413227,1285400
2021-12-23,148.37020874023438,149.87304687590495,147.49646625820506,149.87304687590495,943400
2021-12-27,151.59432983398438,151.6729634623996,148.3440065369579,149.3488051193828,1290000
2021-12-28,152.78262329101562,152.87000287918272,150.60699953528675,151.54191046611209,1106700
2021-12-29,153.13209533691406,153.7874021673511,152.04866324323254,152.9660954722947,624300
2021-12-30,153.85731506347656,154.24176390023067,153.06220618130348,153.1932755568802,622600
2021-12-31,154.538818359375,155.71837596538396,153.86604629171188,154.25048175941166,752000
2022-01-03,152.9835662841797,154.7834736440622,150.03032579356503,154.53009419327137,1000700
2022-01-04,147.7411346435547,152.90495666554347,146.9809828395959,152.46808536078478,1531600
2022-01-05,142.315185546875,146.22081566750776,142.26276312897434,145.54803019585944,1470500
2022-01-06,140.497802734375,141.75599412187512,137.7192945316034,140.96088521279475,1709400
2022-01-07,140.72494506835938,141.7384894251451,138.42699835115133,139.67645688269337,1265700
2022-01-10,139.134765625,140.67254768203728,135.54368328442308,138.55809235401614,1172300
2022-01-11,138.95127868652344,139.30077037871948,136.60965501785245,139.05612352773156,817300
2022-01-12,138.88133239746094,140.6550281549121,137.9551677161021,138.3221378729283,1060200
2022-01-13,137.7193145751953,139.69398153051222,137.30865445611198,139.10857554489994,1004100
2022-01-14,136.198974609375,136.74069065106514,133.90976037088302,135.63103402904525,1395600
2022-01-18,136.1902313232422,136.81932695339765,134.06704357065632,135.03689822279168,1502000
2022-01-19,135.36892700195312,137.93773223457933,135.3514617501587,136.7931316261412,1113300
2022-01-20,135.7795867919922,138.05132275246572,135.2640818877839,135.51747469307492,1304200
2022-01-21,135.3863983154297,137.39600874088842,135.23786368963417,136.8106028631346,1825400
2022-01-24,134.4777069091797,134.78350877467352,131.8215223313214,134.7048751520253,2383200
2022-01-25,133.39425659179688,134.95826302401406,132.60789372942338,133.81364922957928,1478800
2022-01-26,129.07797241210938,134.42528543802362,128.61488996581522,133.69133162473003,1372400
2022-01-27,126.91985321044922,131.14003183213305,126.21212379336802,129.8556290632617,1275100
2022-01-28,130.0828094482422,130.19638692632864,125.64419520514113,127.39168049775155,1948300
2022-01-31,130.3885955810547,131.34971770847108,129.20905115077434,130.2313283232519,2902000
2022-02-01,129.0867462158203,130.57210608089466,128.09068011032292,130.57210608089466,1984900
2022-02-02,130.3885955810547,131.00021269293188,129.09546035419245,129.2789521538822,1816300
2022-02-03,128.44017028808594,130.18765559812792,128.11688977204975,130.05659953277672,1501600
2022-02-04,126.83245849609375,128.44014142025307,126.3169536452359,127.33923072197585,1320600
2022-02-07,127.61009216308594,128.33530002301924,126.77129351417143,126.94603934412171,1812400
2022-02-08,125.45195770263672,127.37418865804206,125.38205669833519,127.34797744796066,1408900
2022-02-09,128.3702392578125,128.850800272151,126.71013393437237,126.92856954704878,1563700
2022-02-10,122.50743103027344,126.65770754071772,121.9569690373046,125.96744356028834,1393000
2022-02-11,119.08236694335938,123.00547581454504,118.67172020822176,122.8394625959504,3829600
2022-02-14,118.95130920410156,119.95610779508749,118.18241150037124,119.29206826239057,1939300
2022-02-15,119.29206085205078,121.22303761723964,118.86392223320513,120.79489899839399,1494800
2022-02-16,117.6057357788086,119.31826346634352,117.05527378454669,118.9862370784076,3146000
2022-02-17,120.36674499511719,121.53756991221633,117.61446184185752,117.65815162713558,3676800
2022-02-18,118.1299819946289,118.96003469377034,114.56511103516392,118.47074103247654,3174400
2022-02-22,118.82898712158203,120.80364049031478,117.25624786087513,118.6280300675691,1980500
2022-02-23,115.53496551513672,120.99585606796926,115.29031868495001,119.28332825666227,2768300
2022-02-24,117.3785629272461,117.6232097579084,113.67390330164416,114.05833879821895,3425100
2022-02-25,120.48907470703125,120.79488988774887,117.09896317430417,117.95522701516164,1678900
2022-02-28,117.88533782958984,120.03475027002109,116.38249964606128,119.16100776016741,2864900
2022-03-01,117.18634033203125,119.30079559115299,116.4698784117557,118.90761413093142,1694800
2022-03-02,118.2260971069336,118.76781319778411,116.3562886654709,117.58826880652063,1774700
2022-03-03,119.91244506835938,120.55900609123134,117.63197623791507,118.89890040321642,1129000
2022-03-04,121.65989685058594,122.14044450587129,118.95129007156356,119.00371248252189,1521000
2022-03-07,118.9338150024414,121.86085746838891,118.71537939549759,121.38029646666227,1187800
2022-03-08,116.63590240478516,119.38818621306498,115.83206082691376,118.0164172881688,1530100
2022-03-09,118.34842681884766,119.807575290889,117.66690869016375,118.66297467302894,952600
2022-03-10,118.20860290527344,118.50568545246591,115.50874210099397,116.60966605274939,1145000
2022-03-11,118.54937744140625,119.44059853526913,117.85039409871257,118.84646002752898,1412400
2022-03-14,116.90065002441406,119.22825884286128,116.12478938707817,119.02547846127324,2045600
2022-03-15,119.15772247314453,119.27234390448689,117.01527033885665,117.7735072510499,1302900
2022-03-16,119.96887969970703,121.15031462882705,118.09091772578687,120.28626808076558,1183400
2022-03-17,121.86447143554688,122.24358321164625,119.4310662208883,119.4310662208883,966500
2022-03-18,122.54337310791016,123.16053969408645,121.58234215241143,121.85567127571048,2515200
2022-03-21,120.94752502441406,123.93640024978365,120.25982326821855,122.09369910248026,902900
2022-03-22,122.0407943725586,122.74613326309832,120.63894190403887,121.3266436226795,1659600
2022-03-23,120.4802474975586,122.24358819099216,120.10113570601688,121.67050784691499,934700
2022-03-24,121.36190795898438,121.37954513138423,120.21574736418826,120.33035535173542,686500
2022-03-25,121.87326049804688,122.17303857209224,120.77117281569727,122.04959183657905,819200
2022-03-28,124.21852111816406,124.43012682155131,122.14659064714428,122.49926681945637,1093400
2022-03-29,127.58651733398438,128.2653937909116,125.15309865202576,125.20599671846463,1467300
2022-03-30,127.1015853881836,127.83337330384855,126.06120750635407,126.84589348405403,868700
2022-03-31,125.02083587646484,128.133130576977,124.98556153499315,127.66584645162325,1919100
2022-04-01,128.63568115234375,128.73266541575495,125.30296875980679,125.56747251940276,965200
2022-04-04,129.2087860107422,129.3763055213662,126.54613792021898,128.53870796824611,1390600
2022-04-05,129.08531188964844,130.83982663342567,128.1331066460448,128.3799731773624,931800
2022-04-06,131.4306182861328,131.58931250698606,128.01854455233274,128.80323070185017,1083300
2022-04-07,130.6370849609375,131.34242388199445,128.96191679499557,130.91922591064866,1222400
2022-04-08,132.23287963867188,132.3739500853726,130.09042772393005,130.5841608341643,1168400
2022-04-11,128.25657653808594,132.8500711570019,127.9303628399484,132.55913180382134,987400
2022-04-12,128.3006591796875,128.847290432353,126.87234421945313,127.4718869880847,1419200
2022-04-13,129.73776245117188,130.76932840732724,127.85981410372301,127.85981410372301,1195900
2022-04-14,127.85982513427734,130.23152029105577,127.55123516135637,129.8259460512071,1366300
2022-04-18,127.87747192382812,128.5034638420652,127.02226399254761,127.86866006277967,1024000
2022-04-19,132.55914306640625,133.0352391380093,128.30067364344552,128.30067364344552,1476000
2022-04-20,134.60459899902344,135.33638694018748,131.9243272878336,132.59439185232588,1453100
2022-04-21,132.55029296875,134.87790172928732,132.40922250975515,134.8161918117392,1601700
2022-04-22,132.03890991210938,133.69645401241098,131.53636494857807,132.57672921359756,1606900
2022-04-25,133.6259307861328,133.88162267301172,130.9897455489607,132.2505274531353,2210600
2022-04-26,131.9066925048828,133.978623065784,131.85379444004636,133.19393704652757,1722200
2022-04-27,130.69879150390625,133.81989800204946,130.5224467064405,132.1623537690498,1771500
2022-04-28,133.57302856445312,133.8375323017592,129.111779729931,131.47464928923563,1937400
2022-04-29,128.8296661376953,134.66633295308327,128.21249958860582,133.4672607491858,2383100
2022-05-02,124.56237030029297,129.0588939008648,121.96144578566503,128.5122492044484,1758600
2022-05-03,125.42638397216797,126.96930665195724,123.68949279351918,125.13543122387868,1479600
2022-05-04,127.54243469238281,127.82456220568272,123.58373002016445,124.85333746306841,1299500
2022-05-05,124.63287353515625,127.74516760377375,123.53078601926572,127.2690717163244,1323200
2022-05-06,124.38602447509766,125.06491424712183,122.44635286539005,123.37209574616465,1081300
2022-05-09,117.59718322753906,123.26631652461708,117.11226189536414,123.05472427291929,1349000
2022-05-10,111.61945343017578,119.51921814263864,110.31458521392004,118.655185055828,2305400
2022-05-11,111.97210693359375,114.84634672510842,111.91039029332465,112.32477633224977,1716800
2022-05-12,112.06909942626953,112.30714742006447,110.30575902994917,111.61062715632475,1480000
2022-05-13,115.66632080078125,116.10715592025784,111.79578898990566,113.30343756471225,2289500
2022-05-16,113.21527099609375,116.0278010216542,112.91550636378945,115.38417210420053,1527300
2022-05-17,113.42686462402344,114.35262101467181,112.13963367972487,114.2997229557581,1476300
2022-05-18,110.4644546508789,113.29461504440594,110.02361957288511,112.98602510852271,1360000
2022-05-19,112.56283569335938,113.96468811837617,109.63569082369332,109.662139854111,1501600
2022-05-20,115.58696746826172,116.00135353445732,112.41294939808677,113.77954088533485,1570200
2022-05-23,117.7206039428711,117.78231385861359,115.51642853514248,117.20040832220067,1201700
2022-05-24,120.46260833740234,120.63012783432328,116.35402181952132,117.50019581399381,1337600
2022-05-25,121.53826141357422,121.89973602752426,118.89325040090206,119.63385025567706,1263400
2022-05-26,120.6036605834961,123.44263970010294,120.38324303377954,122.10251068414436,1343000
2022-05-27,124.76512908935547,124.99437192189002,120.8857860902945,120.8945979480005,971700
2022-05-31,123.07234954833984,123.6807041861063,121.37954424724487,123.18697098827283,1735000
2022-06-01,121.1767578125,123.27513725192186,120.66538746788375,123.08998058535289,1314800
2022-06-02,121.9967041015625,122.0143412728735,118.4700232196779,120.40970846729036,1562600
2022-06-03,118.57582092285156,121.22964317761746,118.3113171925476,120.67418668930098,1329500
2022-06-06,118.9461441040039,119.85426344210754,118.3642384737954,118.5846560500967,1357400
2022-06-07,119.25469207763672,119.29877827298267,116.46862480489392,118.50528056962757,1263800
2022-06-08,117.12989807128906,119.26353846149277,116.54799247762794,118.64637197725538,1147400
2022-06-09,117.45610809326172,120.34798534620224,116.54798884053332,116.99763581075555,1398700
2022-06-10,115.81620788574219,116.94474476171462,113.89415969017551,115.83384505814759,1637600
2022-06-13,112.13082885742188,114.38790939618285,111.45194568713339,113.43570385920293,1912500
2022-06-14,110.8934326171875,112.92310983978231,110.48393693120448,112.69165339404873,3037900
2022-06-15,114.77474212646484,116.2346992276134,112.1664339522692,112.69165447025404,2065800
2022-06-16,111.55218505859375,113.30589940716177,110.93794493044268,112.09521356627506,1543900
2022-06-17,113.21688079833984,114.28513661606081,111.91717532644341,111.91717532644341,2339500
2022-06-21,114.07147979736328,115.6293469005023,113.89344055942345,114.30292944833275,1652500
2022-06-22,117.76585388183594,119.19909226909803,113.18127863437994,113.33261267731766,1802500
2022-06-23,121.63825988769531,121.8074019138246,118.43349934925304,118.65605178710256,1566200
2022-06-24,123.56114196777344,123.72137323633525,120.9706277911523,122.19912185089545,1319600
2022-06-27,122.18126678466797,123.86376237409962,122.05663798484045,122.87562918135275,997500
2022-06-28,119.78660583496094,122.9468527433235,119.37711701126427,122.39492711854932,978500
2022-06-29,113.41271209716797,117.39194357421225,110.38599789335292,117.23171235542509,4161500
2022-06-30,115.57594299316406,117.77476234347502,114.10708863455257,114.97059324986613,3313900
2022-07-01,117.13380432128906,118.80740305211424,115.25546114473207,115.57593720843214,1512500
2022-07-05,114.44538116455078,116.01215926275727,111.64122544741289,115.95873525925256,2172100
2022-07-06,114.30292510986328,116.84892550798423,114.0536674695037,115.33557166765168,1115400
2022-07-07,114.32963562011719,115.25546139885795,113.6174718705836,114.22281479315605,857200
2022-07-08,112.46018981933594,113.91122914386257,112.05069418404182,113.51063750700725,953800
2022-07-11,112.807373046875,113.2168686894212,110.688669637133,111.83704095268607,813800
2022-07-12,110.69757843017578,112.905301546219,109.9765107231316,112.47799788797276,920300
2022-07-13,109.37117004394531,110.8222094863114,108.43644709302593,108.91716117134779,958900
2022-07-14,107.74208068847656,108.9349652379459,107.40380344190882,107.70647148487556,1180700
2022-07-15,107.69757843017578,109.63823595480645,107.02101711919371,109.20202828769672,1378100
2022-07-18,106.81624603271484,108.28509320398271,106.4957700392833,108.12485520726695,1258000
2022-07-19,110.05663299560547,110.10114620144732,106.78956472295782,107.75099291834412,1961500
2022-07-20,109.78067779541016,111.93498398992776,109.42459249911715,110.02103146514472,1197400
2022-07-21,111.365234375,111.54328039367516,109.05959446518618,109.94090018440448,1705200
2022-07-22,113.4305191040039,113.80440555048645,111.48986167333035,112.17532695030938,1383600
2022-07-25,113.1634750366211,115.24656955216608,112.03290475910512,113.04774341301408,1687800
2022-07-26,113.5106430053711,114.71242476591124,112.76286331078894,113.23467337448712,1176000
2022-07-27,115.02400207519531,115.3088621176496,113.36820468713222,113.51064150012043,2012600
2022-07-28,121.89641571044922,122.9290622903474,115.8340894284709,116.53736274445374,2219000
2022-07-29,117.90827178955078,121.86970222915318,116.86672807285905,121.86970222915318,3406200
2022-08-01,116.20799255371094,117.73025743567936,115.75399040187293,117.32075491132606,1295000
2022-08-02,115.0774154663086,118.34448354157657,114.97949185278188,116.04774081083183,2302500
2022-08-03,115.17533874511719,116.76880817857847,114.99728593302426,115.72726442874247,1720700
2022-08-04,115.22875213623047,115.66494621998389,114.44536321002757,115.41568857683257,1416900
2022-08-05,115.25545501708984,115.40678904141309,113.53734996372721,114.23171925933511,1122100
2022-08-08,116.59966278076172,118.08631135073546,115.89640309404007,116.59966278076172,1472100
2022-08-09,115.88750457763672,117.0892932341367,115.48691288664456,116.5462647159178,1265900
2022-08-10,117.95280456542969,118.51364111499684,116.74211863183223,117.55221285153496,1673600
2022-08-11,114.86376190185547,118.62044809906683,114.57890184790114,118.60264010084386,951600
2022-08-12,116.99136352539062,117.16940275839755,115.43349646541517,115.78067772401165,1200500
2022-08-15,118.4869155883789,119.32370128975822,116.83112501582508,116.84002222268843,1057000
2022-08-16,119.75993347167969,120.35637245827832,117.16941947376984,117.60562720286049,933800
2022-08-17,117.69464874267578,119.4572604197862,117.57001990860785,118.85191066608188,1270100
2022-08-18,116.66197967529297,117.81925496007179,115.4958071839044,117.67681815318667,1125200
2022-08-19,116.03884887695312,117.45427915028107,115.29106234716505,116.8489294436453,1061500
2022-08-22,112.7183609008789,116.08334587477414,112.62933449254021,115.54031738436274,1183200
2022-08-23,111.45426177978516,112.4334979715502,109.81627904403568,112.4334979715502,1729900
2022-08-24,111.845947265625,113.58185348100814,110.9023271476999,111.26730959657692,1209600
2022-08-25,114.38306427001953,114.44537189377367,111.91717927368038,112.69165746769956,938000
2022-08-26,111.51657104492188,114.83705636062341,111.42755142935118,114.54328551665492,1212900
2022-08-29,110.35930633544922,111.75693540346226,109.94981065603105,111.16049648725068,801500
2022-08-30,110.21687316894531,111.30293021166966,109.45129219757443,110.3860152043157,1004800
2022-08-31,110.05663299560547,112.35337586510776,110.00322258200455,111.142690017235,1814400
2022-09-01,108.60558319091797,109.63822970097526,107.3414870493742,109.27324046463264,1208300
2022-09-02,105.29402160644531,110.39492711453343,105.06256514015759,109.67385250643747,1565400
2022-09-06,106.20201110839844,106.79844992785151,104.65304146894661,105.51654589292873,1367000
2022-09-07,108.55218505859375,108.8192439232248,106.24653814757022,106.64713663215946,1153100
2022-09-08,109.19313049316406,109.70944698310657,107.85781587674731,108.02695110976238,1026900
2022-09-09,110.78660583496094,111.16939631697464,108.85485221743762,109.4334899402623,1020800
2022-09-12,112.8340835571289,113.02102678588084,111.0091508894018,111.01805488841701,1354800
2022-09-13,106.97650909423828,110.80441391724506,106.60262261155252,110.38601422824644,1676000
2022-09-14,104.39539337158203,106.4638713443849,103.78384187061859,105.84333138325403,1417100
2022-09-15,100.62716674804688,104.56627405325662,100.62716674804688,104.28748080819216,1971400
2022-09-16,100.79803466796875,101.28367911938575,99.82674576513473,101.28367911938575,3752500
2022-09-19,99.9616470336914,100.59118231848,98.73854402774214,99.88070286197859,2441700
2022-09-20,98.70258331298828,100.2134750677715,98.0010990806641,99.1162789663738,2499700
2022-09-21,97.83921813964844,100.63616662360783,97.8032437093963,99.1702377518725,2198000
2022-09-22,96.5981216430664,97.3625593416058,95.46495121688336,96.94886372664824,2999600
2022-09-23,92.93781280517578,95.41999367385094,91.89458174301568,95.01529332915682,3348700
2022-09-26,91.53483581542969,93.23458808402495,90.2218000707774,92.49712946411283,2157100
2022-09-27,87.89250183105469,93.16262795524655,87.71262971295036,92.25429948914366,2320300
2022-09-28,89.7271728515625,90.04194742514099,86.78633328166522,88.32420427085057,2423800
2022-09-29,87.15503692626953,88.93572616604297,86.40858312892306,88.42310267442102,2385700
2022-09-30,89.19654846191406,89.55628586237901,87.24498215577347,88.3331828176503,3053000
2022-10-03,90.33870697021484,91.1481144026612,88.89076891367753,90.21279990976987,2256600
2022-10-04,91.92154693603516,92.97377316209057,90.85133006634008,91.25603721119073,2010300
2022-10-05,89.03466796875,91.06717847186056,88.35116758637807,90.46461540325122,2072800
2022-10-06,84.897705078125,89.05265186394509,84.14225584161751,88.63895624976587,3140600
2022-10-07,83.14398193359375,85.24844114400797,82.79323987542801,83.91741489811814,2572400
2022-10-10,80.65282440185547,84.0972988006921,80.43698468845722,83.56668454770461,1781300
2022-10-11,80.98558044433594,82.46948615125295,79.62757494371952,80.36503356669535,3022100
2022-10-12,80.23912048339844,82.06477968990556,80.06824367797873,80.69778583080813,2383200
2022-10-13,82.8292236328125,83.74655439708859,77.12741056872314,78.01775536582119,3057400
2022-10-14,81.69605255126953,84.66387766800507,81.24638249488055,83.74655377199657,2646500
2022-10-17,85.57221221923828,85.86899610013047,82.94614076379206,83.56668076943338,2991300
2022-10-18,87.09208679199219,88.46808282645216,86.07583500976361,86.78631446972555,2922800
2022-10-19,85.62616729736328,86.7863168117929,84.54696195722514,85.50925555829805,3127000
2022-10-20,85.50926208496094,87.40687032765503,85.29341551132222,85.84201354516766,2081700
2022-10-21,87.1100845336914,87.11907985608521,84.22320357313522,85.4912695738372,1763700
2022-10-24,87.63169860839844,88.96271806948076,86.3276513901662,87.91948715631517,2599200
2022-10-25,91.32799530029297,91.57980944535684,88.15331879596378,88.36916537295069,2796300
2022-10-26,90.17681121826172,91.93952350848048,89.88003425782999,90.83333238222697,2587300
2022-10-27,89.85308074951172,91.65176111095761,88.62997755481483,91.65176111095761,3087000
2022-10-28,91.1841049194336,91.34598643448916,88.89977992317021,89.39441979179037,1782200
2022-10-31,90.15885162353516,90.82436142504469,89.51132560631683,90.1228771935318,2400200
2022-11-01,87.11907958984375,92.05645491017928,86.85827013258536,91.55282664039514,3877000
2022-11-02,84.74482727050781,88.36017173626406,84.69086219452092,86.82230086834694,3506100
2022-11-03,85.39232635498047,86.07582664495784,83.0180694123426,83.60264175792511,2499800
2022-11-04,87.02913665771484,87.55075555166569,85.27542624355978,86.27369428282353,1847800
2022-11-07,87.433837890625,88.10834290599836,86.84926550501746,87.57772872596634,1480400
2022-11-08,88.5400161743164,89.9699702763431,87.25395975913841,87.7575948016895,1956200
2022-11-09,87.31692504882812,89.0256725726251,87.14605509944263,88.46808611449302,1605300
2022-11-10,97.65933227539062,98.00108588408752,91.01320988615186,91.13012848340922,2886600
2022-11-11,100.3483657836914,101.85925736259415,97.47946878971403,97.55141764142849,2804400
2022-11-14,96.60709381103516,99.70082537156313,96.49917741054549,99.70082537156313,1723700
2022-11-15,100.60918426513672,100.78904954916415,98.12700354931775,98.33384793980721,2038500
2022-11-16,98.7925033569336,100.8340091177205,98.78350803521442,100.35735312648552,1699400
2022-11-17,98.28887176513672,98.75652555725408,96.98482461721554,97.05677346567047,1983200
2022-11-18,99.34111022949219,100.15051772116414,98.28888392102901,99.83575004701967,1244800
2022-11-21,99.4580078125,99.69183813488709,97.71329286938933,98.83746787510846,1571700
2022-11-22,98.47774505615234,99.65587844062154,97.40752809687378,99.65587844062154,1799300
2022-11-23,99.81775665283203,99.88970550820366,98.19894857549338,98.22592768090261,1207300
2022-11-25,100.06956481933594,100.96890487360359,99.45801330797714,100.15950431389878,431800
2022-11-28,96.66107177734375,99.73681310746794,96.31032284466846,98.92740568864049,1818200
2022-11-29,97.80323791503906,98.0280729447288,96.50818594837155,96.80496983430295,1422100
2022-11-30,101.1397933959961,101.35563311282641,96.68806235623344,97.34457682950676,2598100
2022-12-01,100.45628356933594,103.29820149801853,99.76379473104925,101.83227964680785,1564400
2022-12-02,99.69184875488281,100.05158616731906,97.82121969935068,99.00834835739599,1610600
2022-12-05,98.1719741821289,99.71883347834186,97.62337614107457,99.04432836505416,1475000
2022-12-06,97.17369842529297,98.61264118155273,96.66107485395604,98.48673411921877,1199100
2022-12-07,97.84819030761719,98.91840019332287,96.69702939622434,96.93985502760836,1352200
2022-12-08,96.51718139648438,99.52098096499095,96.08549511989267,98.02807307242443,2221300
2022-12-09,96.19341278076172,97.89316495914625,95.44695887811746,95.99555686811672,1294000
2022-12-12,97.42552185058594,97.4704847420431,95.79771148400773,96.29235131998307,1953800
2022-12-13,99.9076919555664,102.05712118323434,98.17197208802794,101.1487857288514,2243300
2022-12-14,95.15191650390625,99.38938097209501,95.02461135948607,97.46160645463088,4600700
2022-12-15,94.8245620727539,95.50655691727903,93.4787627979528,93.80612087833367,2626900
2022-12-16,92.33300018310547,93.4969368234204,90.0324055834815,93.18776918854094,5083600
2022-12-19,90.37794494628906,92.11476159667039,89.77779316566954,91.84196091791004,2022400
2022-12-20,89.78688049316406,91.15996520334609,88.95939713478533,89.72322792713493,2170600
2022-12-21,91.34183502197266,92.77857241342299,89.75051380599675,89.82326158375346,1623400
2022-12-22,90.80532836914062,91.541880480464,89.18672860283974,90.42341297346253,1957300
2022-12-23,91.72376251220703,92.14205185126856,89.7414305520222,90.22337246577547,833600
2022-12-27,91.25092315673828,91.87836073238469,89.76872329247325,91.61465518519434,1124700
2022-12-28,90.38704681396484,92.06929929001348,90.14152479746323,91.63281955934947,2197800
2022-12-29,92.1147689819336,92.87859984352727,90.38704739902077,91.10541610224911,1149100
2022-12-30,91.17814636230469,92.0420105223182,89.93237375342326,91.26908454370236,1200300
2023-01-03,93.50604248046875,93.9697939846198,91.58736307570223,92.29663661156656,2410100
2023-01-04,94.25167846679688,96.17944590717117,90.67802559960073,91.47823029771747,2492500
2023-01-05,89.1867446899414,93.02410362586797,89.03216085013277,93.02410362586797,2218100
2023-01-06,92.1875228881836,92.7694913235758,88.25014421008552,89.53229103450522,2015500
2023-01-09,91.96927642822266,93.30598741727283,91.42368194675184,92.22388672373503,2859100
2023-01-10,93.04227447509766,93.1059270438861,90.95082103614658,91.8055900492568,1448300
2023-01-11,95.50654602050781,95.88846142484095,93.62424074188358,93.78791976339915,1857000
2023-01-12,97.55253601074219,97.74349372404704,94.4335461515431,96.1339890332719,1547000
2023-01-13,96.38858795166016,97.3433833432061,95.59747157187613,96.18853505532793,1056000
2023-01-17,97.16153717041016,97.72532210974619,95.5065631832872,96.46135880330885,1801700
2023-01-18,95.87937927246094,97.67075341731615,95.13373189079435,97.16152590811241,1834000
2023-01-19,95.4428939819336,96.74323095517596,94.66996796289796,95.5792943235539,1901800
2023-01-20,97.0615005493164,97.56163285752996,94.02435362339425,95.53383187958507,1636300
2023-01-23,97.49797821044922,98.44367850373884,96.4340679821021,96.98875764391246,1214500
2023-01-24,97.29792785644531,99.1620498100474,96.63411651104448,96.7796120696677,1668300
2023-01-25,97.47069549560547,97.64346278775533,94.87910979965179,96.68867426500205,1636000
2023-01-26,99.39846801757812,99.44393711328702,97.91626846144185,98.13450485810259,1365100
2023-01-27,101.21712493896484,101.7263524685876,99.11658305930297,99.33481946479257,1663000
2023-01-30,100.9625015258789,102.02641166922876,100.03499171984272,100.08954907972445,2074200
2023-01-31,104.22698974609375,104.40885224281499,100.70789423990045,100.70789423990045,4887400
2023-02-01,105.6182632446289,106.26388415915443,102.12644624463705,104.11787329004514,2309000
2023-02-02,109.04642486572266,111.32883616942912,106.90950912226354,107.09137163496256,2962900
2023-02-03,104.76349639892578,107.68243338529044,103.51771670142894,106.53668708697836,2045200
2023-02-06,104.02694702148438,104.1815308525923,101.96277209980468,102.71751471654608,1145800
2023-02-07,103.19035339355469,104.08148929818498,101.94457384307935,103.14488430271042,1725600
2023-02-08,102.39924621582031,103.36312997749603,101.63540843407722,102.84481420823137,1541800
2023-02-09,101.20801544189453,103.82687257131431,101.00796255481775,103.15397308191783,1013800
2023-02-10,101.35353088378906,101.65361029389348,99.3075462582581,100.0259150259578,1554000
2023-02-13,102.72660064697266,102.86300098935466,101.39898498551436,101.72634303218733,1195100
2023-02-14,102.59930419921875,103.22673472713343,100.70790353329609,102.16282445415575,1471000
2023-02-15,103.3267593383789,103.35404495876445,101.36261786483446,102.19010130533395,1425200
2023-02-16,102.64476013183594,103.5631817258166,100.13502429721018,101.22621318725531,1484100
2023-02-17,100.71699523925781,102.94484217148162,97.95264211691028,102.89938001349111,3369700
2023-02-21,98.580078125,100.38054050775507,97.00694040410689,100.01680856107824,2382800
2023-02-22,96.97056579589844,99.27116045545884,96.50680739388754,98.76193989645695,1781600
2023-02-23,98.89834594726562,98.96199852081244,97.4343298180786,97.94355040645314,1201900
2023-02-24,95.51565551757812,98.31638277694967,95.11554964120775,97.6161974933015,1203200
2023-02-27,95.3701400756836,97.52524590940268,94.49718765809854,96.89780854085971,1481900
2023-02-28,94.77909851074219,96.79779739309099,94.50629780192224,95.27012868644175,2178200
2023-03-01,91.68738555908203,94.11528546102109,90.95082643355136,93.92432774332353,2351800
2023-03-02,93.75154876708984,94.11528070807294,89.89600684293237,90.87808100230382,2259800
2023-03-03,96.38858795166016,97.07058267773323,94.27895120984518,94.42443981051736,2673800
2023-03-06,95.77024841308594,97.1706117881694,95.36105434127468,97.1706117881694,1447300
2023-03-07,93.61515808105469,96.38860661239903,93.51513161352355,96.04306504849812,1571100
2023-03-08,96.19763946533203,97.03421807766831,93.66061800907781,93.66061800907781,1546300
2023-03-09,94.91548919677734,96.87054238677857,94.63360022668763,96.38860049432455,1867500
2023-03-10,93.2423324584961,95.78844228610708,92.72401667371446,94.74272244737243,2405000
2023-03-13,96.324951171875,98.2345353302623,92.45121855049943,92.76948142062895,2979900
2023-03-14,97.23566436767578,98.6431496461168,96.18695480067845,97.77842150480824,2170100
2023-03-15,96.83090209960938,98.33957222234925,95.36822382325025,95.81899023949478,3288600
2023-03-16,94.83465576171875,96.68369900006519,93.40878237405975,96.37092921822894,4055000
2023-03-17,92.63606262207031,93.52838731469889,90.86981559125763,92.6544649765148,5200600
2023-03-20,93.51919555664062,93.75837002302424,91.38497156656891,92.35089166488785,2229700
2023-03-21,89.99589538574219,93.69397563279372,87.91687144608213,93.50999419463987,4285700
2023-03-22,84.8995361328125,89.53594024585256,84.66955581183893,89.53594024585256,2592100
2023-03-23,86.0218276977539,88.17443979478018,84.48555406116739,85.0191100063665,2573400
2023-03-24,86.8129653930664,86.88655375439153,84.56835543926972,85.8562465114226,2618800
2023-03-27,86.47260284423828,87.19014034063328,85.58027805363947,85.91145028558218,2121300
2023-03-28,84.09918975830078,86.88654971685817,83.51044078440808,85.68145525755298,3015400
2023-03-29,85.00072479248047,86.05863563228482,83.45525681376475,85.51587844590499,4373300
2023-03-30,85.98503875732422,87.27292988700088,85.25830014116066,86.24261557957115,3786900
2023-03-31,90.43745422363281,90.58464498985174,86.37140405580234,86.37140405580234,3935000
2023-04-03,85.84703826904297,90.26266243345914,85.65385567688541,90.15226937289435,4271700
2023-04-04,85.35028076171875,86.04022160471834,84.43956081412283,85.67225175143032,3137800
2023-04-05,82.98609161376953,85.37788535901758,82.65491941628761,85.0007213120443,4402500
2023-04-06,83.64842987060547,83.68522755856345,81.33023167678337,82.7929029262961,2686100
2023-04-10,85.21229553222656,85.44227582494723,82.07536798910613,82.56292508672331,3841600
2023-04-11,86.32539367675781,87.42010204461415,84.64194337785035,85.37787605549507,2628300
2023-04-12,85.36868286132812,87.98125547688609,85.12950140463413,87.4661018948755,2362400
2023-04-13,84.56835174560547,86.00342649617103,83.92440974687513,85.66306016188845,1939200
2023-04-14,82.59052276611328,85.10191068622966,81.05425607345377,84.66954660685374,2709600
2023-04-17,88.49642181396484,88.57001719869977,83.25287347433914,83.25287347433914,3832300
2023-04-18,89.7567138671875,90.253472172144,87.57649803184097,88.38603320367021,4471100
2023-04-19,88.78160095214844,90.33626307721433,88.54241946427597,89.23236039516642,2401200
2023-04-20,86.70257568359375,88.18364942120265,85.7458567648721,87.88927490916845,2245900
2023-04-21,88.90119171142578,88.94719058268565,86.5093977932026,86.74857929055761,1827300
2023-04-24,89.68311309814453,90.24426557457132,88.89198032870485,89.28754671342469,1981100
2023-04-25,89.82109832763672,90.64902874607507,89.10356097113723,89.48072498382284,1576000
2023-04-26,89.84869384765625,91.75293027984387,89.51752168393308,90.03268228219197,2777900
2023-04-27,93.60197448730469,94.25511764397122,89.95908767379551,89.95908767379551,3860100
2023-04-28,91.21019744873047,93.16962727283187,87.69609839621491,92.75566549906645,3889900
2023-05-01,89.16796875,91.03540780029387,88.8459977100256,90.75023445323687,2289800
2023-05-02,87.16251373291016,89.94987320743432,85.81022875573939,89.16794177024664,2534100
2023-05-03,87.19933319091797,88.79079296945493,86.73017140406587,87.88007292781185,1246500
2023-05-04,88.2020492553711,89.79351614806309,86.92335924553866,87.25453146577003,2317600
2023-05-05,88.69880676269531,89.00238246483096,87.06134803254633,88.88279522691795,2142800
2023-05-08,89.57273864746094,90.10628766232087,87.62250298354998,87.62250298354998,1564600
2023-05-09,88.87358093261719,89.25074494633556,87.2913154660338,88.78159022330352,2121000
2023-05-10,90.95260620117188,91.4861551316576,89.33354301959099,89.8762931266972,2030800
2023-05-11,89.9406967163086,91.14579831552196,89.62792686297092,90.4374550290585,2082800
2023-05-12,89.32435607910156,90.53865190420612,87.93527296255752,89.84871093497756,1448100
2023-05-15,90.50184631347656,90.7318266164856,88.95637839651818,89.66472166011344,1406100
2023-05-16,86.10462188720703,90.50184404770165,86.0954207101533,90.31786261727727,1539100
2023-05-17,87.96288299560547,88.8736031771082,85.74586914850343,86.07704139967588,1615300
2023-05-18,86.65656280517578,88.06404795106106,85.53426498466489,87.39250247550373,2439100
2023-05-19,83.48284149169922,86.35299790763942,83.30805423330854,85.32268372843087,3962200
2023-05-22,84.18199157714844,84.45796372805029,81.82698851582337,83.52884836270634,3322600
2023-05-23,83.18846893310547,85.50666711673703,82.7929025623477,84.17278427172018,2100800
2023-05-24,79.56398010253906,82.99528915796206,79.41679636479104,82.88489609081988,2504700
2023-05-25,84.83512878417969,85.68145454985495,81.76258852226636,82.05696300678129,4977600
2023-05-26,90.97100067138672,92.1301032691057,86.74856602164377,86.81296022049253,6252100
2023-05-30,92.5440673828125,95.93857871243334,91.98291491318842,94.47590041701339,5907500
2023-05-31,94.25511932373047,94.57709031959403,91.6701431618013,92.59006430337796,7580000
2023-06-01,96.38934326171875,97.40125518903952,94.0343472099989,94.0343472099989,4746900
2023-06-02,96.86769104003906,98.63393780202081,95.74538621676709,98.18317844492397,4131900
2023-06-05,96.4261474609375,97.62204792204632,94.98187134447589,97.02409769149192,2336100
2023-06-06,96.90451049804688,100.1334363636553,95.67181927242777,99.11232311571455,3980200
2023-06-07,95.3222427368164,97.29087365623063,92.26810445841697,97.18968175695252,3646400
2023-06-08,96.1409683227539,96.2513543769554,92.70965909633873,94.93586675633298,2221400
2023-06-09,95.90177917480469,97.93480405898326,95.3222313812505,96.49972932154928,1809600
2023-06-12,96.9136962890625,97.4288569297371,94.84387360459465,95.91098555743899,1885400
2023-06-13,96.5733413696289,98.62476194270913,94.47591490563028,97.77843602931677,3630300
2023-06-14,98.18350982666016,99.42139256903609,96.88047573473625,96.88047573473625,2911000
2023-06-15,98.09043884277344,98.86295278451331,97.30862263737258,97.82983344097315,2433100
2023-06-16,97.89497375488281,99.68198810944614,97.75536170509672,98.26727018732446,4570800
2023-06-20,97.6343765258789,98.18350830628495,95.84736202226559,96.95493494743025,1868100
2023-06-21,97.11315155029297,97.57852032046144,95.43782823826483,97.52267834034966,2440000
2023-06-22,98.16488647460938,99.51445302590648,96.00557573195583,98.76986727728051,5027900
2023-06-23,96.93631744384766,98.23004207282172,96.04281024620137,97.86705499568303,8097900
2023-06-26,99.77506256103516,100.12874737479893,96.61986283330242,96.80601460395809,2477100
2023-06-27,101.46900939941406,101.89715494161219,99.77506726193928,100.41727847427215,3855000
2023-06-28,101.99951934814453,102.33458541665395,100.64995281178867,101.45969699418035,3539900
2023-06-29,104.13091278076172,104.16814313424923,101.15255551139799,101.63653590480816,2783000
2023-06-30,105.98308563232422,106.50429637944625,104.54974897677478,105.54563785486229,4068100
2023-07-03,107.24888610839844,107.51879373671221,105.02441693269579,105.87139147294188,1568800
2023-07-05,107.31404113769531,108.20754832344103,106.15992147609703,107.01620540911341,3057900
2023-07-06,106.56012725830078,106.89519330396334,104.59627069659753,105.46185679773195,2248100
2023-07-07,105.9179458618164,106.98828846289571,105.52703065779856,106.10409054870898,2007700
2023-07-10,106.1133804321289,106.68113085417276,105.35947825640318,105.85277507793762,1974800
2023-07-11,108.35645294189453,109.16619708510034,106.23437267800426,106.86727443223147,2653400
2023-07-12,109.59434509277344,110.24585852894789,109.0824366065193,109.97595089179268,2831900
2023-07-13,110.09693908691406,110.3389328237767,108.58914178933485,110.18070205296446,1935900
2023-07-14,110.08763885498047,110.44132367687712,108.99867760021941,109.37097404912761,2027400
2023-07-17,110.02247619628906,110.91598332121828,108.9893570297539,109.82702217842612,1986700
2023-07-18,109.18482208251953,110.39478376410608,107.61188041761397,110.20863909046082,3427400
2023-07-19,112.7774658203125,113.63374265138349,109.86425988155493,109.86425988155493,2569500
2023-07-20,110.53438568115234,112.15386691640578,109.62225982164064,111.96772225983447,3009300
2023-07-21,111.82810974121094,112.69369588241591,110.4878454965159,110.86945127211624,2933200
2023-07-24,114.5924072265625,114.67617019578277,111.92118795966063,112.40516835073778,2668500
2023-07-25,112.26556396484375,114.061887690421,112.23763587399984,113.84781493306743,2114400
2023-07-26,110.42269134521484,112.81468632598717,109.50126325093096,112.71230463762637,3455800
2023-07-27,107.17443084716797,111.75365791220032,106.97897681279068,111.55820387782305,3397900
2023-07-28,114.27594757080078,118.01751624681874,113.13114443779844,114.68547433757938,5273000
2023-07-31,115.98851013183594,116.47249050877011,112.10732934921216,114.27594943452904,5427800
2023-08-01,114.84369659423828,116.3701054867836,113.96880109450008,115.44867737382398,2689700
2023-08-02,114.8157730102539,116.09088587987712,113.81057485468071,113.97810788060957,2360900
2023-08-03,112.47962951660156,113.82920320091468,110.25516737935025,113.56859072669418,3072900
2023-08-04,111.65126037597656,114.62962438922105,111.53026706737116,112.63783977173924,1969900
2023-08-07,112.51685333251953,113.27074841863197,111.53957613862579,111.90257028852955,1791500
2023-08-08,110.86014556884766,111.85603442216805,109.75256565779428,111.57681032831746,1980300
2023-08-09,111.04629516601562,111.66989472320151,109.93872230670193,110.41339334599466,1714000
2023-08-10,112.39585876464844,113.81988595631692,111.39996995668031,111.8746409532609,1185000
2023-08-11,111.99563598632812,112.13524802018577,110.75775350760028,111.25104320639602,1190500
2023-08-14,113.06599426269531,113.91296169248456,111.04628849742457,111.54888759793225,1841800
2023-08-15,113.20559692382812,114.16426249124021,111.87464204588471,112.1073264154485,1469600
2023-08-16,112.75885009765625,114.0618840242332,112.63784967744671,113.53136393067246,2425200
2023-08-17,113.41036224365234,114.62032382645056,112.78676982679393,112.83330954188753,2608500
2023-08-18,112.9356918334961,113.53137040326165,111.69781627859035,112.13526406682735,1372800
2023-08-21,112.58201599121094,113.82920803167904,111.11144892146652,112.93569371264546,1511800
2023-08-22,115.15084075927734,115.80235414695687,113.26144483404335,113.79196490714335,2439500
2023-08-23,117.05885314941406,117.36599823100374,115.16015488368285,115.81166829830006,2128800
2023-08-24,118.63179779052734,121.8800695921746,117.74760002907283,117.92443532078568,3407300
2023-08-25,117.22637939453125,118.38980121107468,116.13741827847777,117.41253114575613,1865800
2023-08-28,118.34327697753906,118.92032969478271,116.98440105172529,117.83136850163221,1636600
2023-08-29,121.34024810791016,121.39609008780047,117.63591668859921,118.37120019466515,1529100
2023-08-30,122.54090118408203,122.82942753330221,120.84695213753814,120.84695213753814,1617500
2023-08-31,122.59675598144531,123.09004576594093,121.8800840635838,122.55951852492008,2004500
2023-09-01,122.95972442626953,124.15106721970808,122.05690796847098,123.43439541052311,1248300
2023-09-05,121.64739227294922,122.90389361862465,120.84695742945155,122.83873517463027,2268800
2023-09-06,120.97726440429688,122.31752876668389,120.1209875509781,120.9493434135745,1513800
2023-09-07,122.67120361328125,123.03419066509362,120.5770442677652,120.85626835421941,1768300
2023-09-08,120.97726440429688,123.01558193859978,120.90280369506114,122.84805599426548,1462000
2023-09-11,122.02899932861328,122.27098597610339,120.6794327372028,121.7590916911023,1684200
2023-09-12,121.8614501953125,122.7642666778492,121.43331891196262,121.58224031570464,1546600
2023-09-13,119.32986450195312,121.982457930889,118.70626496256735,121.65670831782367,2822100
2023-09-14,120.72997283935547,122.01734302134118,120.58902670259633,120.77695966439714,2176200
2023-09-15,120.98368835449219,121.88578663090948,119.76210261411349,120.50445715855011,5884300
2023-09-18,120.32592010498047,121.88579096215032,119.37684213970464,120.70178603613085,2111100
2023-09-19,119.32984924316406,120.90851044890844,118.9915641869915,119.84667562597845,1673100
2023-09-20,120.34471130371094,121.91397370728576,120.09099392757446,121.22799762878216,1689300
2023-09-21,116.46383666992188,119.14192082565266,116.35107259050788,119.02915674623868,2016400
2023-09-22,115.8060531616211,118.80363185943602,115.4771669022643,116.8960843859839,2019000
2023-09-25,116.14434051513672,116.48262557978487,115.02612721122254,115.4301823598592,1218100
2023-09-26,112.58296203613281,115.25165467737057,112.31045420933572,115.2328570787317,1721900
2023-09-27,109.7921142578125,113.3159112568824,109.39745071452069,113.1843567424518,3216500
2023-09-28,111.38956451416016,111.54930824505921,109.37865175701099,109.4726182358232,2261800
2023-09-29,113.719970703125,115.74968116410108,112.7239130708959,114.63146065073833,2266100
2023-10-02,111.08887481689453,114.19921063684082,109.70754526266361,113.09038890759004,2210700
2023-10-03,108.20405578613281,111.06068126850147,107.7624054376256,110.29014465063239,2668200
2023-10-04,110.46868896484375,110.59085185410518,107.73422610925647,109.07796770684676,1935900
2023-10-05,110.60023498535156,110.8163643480011,108.7678634790792,110.46868047562857,1552800
2023-10-06,110.29014587402344,111.09827052723841,107.593264096975,109.20011460440952,1738000
2023-10-09,111.86881256103516,112.23528687855811,108.58932696386123,109.22830911195982,1409400
2023-10-10,113.18435668945312,114.94155937307251,111.36138391783258,111.36138391783258,1706300
2023-10-11,116.91487121582031,116.9806484656673,114.4529165765338,114.63145072944273,2226700
2023-10-12,116.93367767333984,118.00491134869856,115.72149068929012,116.91488007528339,2268600
2023-10-13,115.20465850830078,118.27741324091251,114.54688599294373,117.27195687076231,1472100
2023-10-16,116.25711059570312,117.15920175828093,114.73482772618749,116.0315895973545,1112100
2023-10-17,115.85304260253906,116.81151217562784,114.0582519950755,115.1294856464265,1485100
2023-10-18,113.2877197265625,115.05432117448572,113.22194247068344,114.52809595827,1189400
2023-10-19,108.66449737548828,113.10918295209137,108.59872012112423,112.64873500236,2238100
2023-10-20,108.82423400878906,110.37470595380621,108.1758603064304,108.67388908113436,1559300
2023-10-23,110.34654235839844,111.71847329937863,107.06706355311574,108.03493210147145,2282500
2023-10-24,112.26346588134766,113.13736775180023,110.53445256844694,110.694203467807,2216500
2023-10-25,109.90487670898438,112.35743995741505,109.17192809114225,111.4365512009062,2110900
2023-10-26,113.63540649414062,114.60327492776752,109.68875670266432,110.36531970783308,3289500
2023-10-27,114.96974182128906,118.87881050108552,112.89305177359078,114.20860400887548,3383600
2023-10-30,114.71602630615234,117.73239535836363,114.05824663431281,116.25709945739084,1876400
2023-10-31,116.85848999023438,117.23436305294412,114.43411626339801,115.74966839829094,1821700
2023-11-01,118.84121704101562,118.89759549293268,115.97519291552227,116.92427081482734,1748400
2023-11-02,122.38382720947266,123.74635921564068,120.38230587548331,120.72998259984125,2169500
2023-11-03,124.91154479980469,127.4768792496035,124.13162370887633,124.62024655214317,2339400
2023-11-06,121.67906188964844,124.33835568330652,120.03461615938939,124.32894971497447,1959300
2023-11-07,120.26014709472656,121.69784795356871,120.20376146771738,121.68845632338665,1708800
2023-11-08,120.70178985595703,121.12464262647471,119.59296811793331,120.24134905729817,965000
2023-11-09,119.91246795654297,121.68846114018942,119.47081756826981,120.99309334329041,944800
2023-11-10,120.98368835449219,121.37835186968547,118.60630129544985,120.52324041758384,1571000
2023-11-13,119.9500503540039,121.06826371801135,119.21710173093825,120.16617255353184,869300
2023-11-14,126.19891357421875,127.29833646662048,123.38926773472589,124.1973923827775,2123700
2023-11-15,126.4808120727539,127.89972234607981,125.72906592818693,126.02036415384492,1726500
2023-11-16,126.99762725830078,128.31318662854986,126.24589543343328,127.09160090559195,1458800
2023-11-17,126.41504669189453,127.84336314784174,125.57873274393455,127.82456554834621,1542700
2023-11-20,127.6460189819336,127.73058666865612,125.04311792369585,126.10494566873422,1319300
2023-11-21,127.99369812011719,128.9615664581487,127.11039746093532,127.54264182285495,1238800
2023-11-22,128.5762939453125,129.67571678001752,128.00308911644592,129.2716616463792,1397000
2023-11-24,128.26620483398438,128.73604441213084,127.30772807982311,127.82455448345742,585900
2023-11-27,129.15890502929688,129.5535685783671,127.97491438208617,128.576308505198,1303700
2023-11-28,128.64207458496094,129.41261839844077,128.2662086466178,128.52931767113128,1826100
2023-11-29,129.8636474609375,130.54960918237393,128.92396837028187,129.66632288138425,1878700
2023-11-30,130.40867614746094,130.61540671523062,128.61388546289982,129.52537541942075,4633400
2023-12-01,130.24891662597656,130.94428430044067,127.60842073017652,129.03673693307036,2457300
2023-12-04,129.4595947265625,129.75089295591005,127.758777835186,129.37501270968315,2163800
2023-12-05,130.314697265625,130.56841465013937,128.72665155090954,129.26226120892224,1787300
2023-12-06,127.3077392578125,130.803347173216,127.13860387724489,130.201953033919,2497300
2023-12-07,125.9452133178711,127.59904369629808,125.5881306015871,127.2231777179545,2913800
2023-12-08,126.67813873291016,128.9709580592124,124.89275415632548,128.09706336789318,2857400
2023-12-11,126.62175750732422,126.77210960308598,124.57326397143913,125.91699818910163,2053900
2023-12-12,126.82849884033203,127.46747379411256,125.52234536634771,126.55598385129261,2572000
2023-12-13,128.4259490966797,129.71330495780387,126.0109811110524,126.85668661983821,2564800
2023-12-14,126.03662872314453,130.77734322203682,124.92730326650523,130.2937955514543,2746400
2023-12-15,125.31603240966797,127.4683206212043,123.9791475865874,124.79455097504317,5289700
2023-12-18,125.45826721191406,127.51573543334362,125.07900139637839,125.62892597827145,2117700
2023-12-19,127.56315612792969,128.2647871742406,125.95131588006805,126.10302223616465,2072200
2023-12-20,125.85650634765625,128.08463370509781,125.79960561525219,127.17442453182821,1613400
2023-12-21,127.91397094726562,127.98982412060691,126.01768501627366,127.17442059157983,1237200
2023-12-22,128.11306762695312,129.0327674232593,127.2028585191223,128.3406271376673,1094200
2023-12-26,128.54920959472656,128.7388352716013,127.93290806049399,128.17943446119173,1218200
2023-12-27,129.05172729492188,129.36461617977326,128.22684762327594,128.4449164336225,975700
2023-12-28,129.06121826171875,129.3741071823204,128.22686227429486,129.042265818662,944600
2023-12-29,127.60106658935547,128.94742770131188,127.49677029707306,127.8381023020417,1499500
2024-01-02,128.2173614501953,128.4733640863632,126.8425571265375,127.05114972378352,1300000
2024-01-03,126.58655548095703,127.59159912442212,125.45827756385857,127.25026709603145,1680800
2024-01-04,124.94625854492188,127.17439993900221,124.74715665630858,126.1978140005358,1470900
2024-01-05,124.0455322265625,126.01767111331866,123.25857191592095,124.09294226310946,1444100
2024-01-08,126.76670837402344,127.11753110025687,123.524061250477,123.70421072414845,1250900
2024-01-09,126.69084167480469,126.93736807245806,124.80404668206052,125.69530326662846,875600
2024-01-10,129.449951171875,129.85766014888617,126.36848669468941,127.05115075165155,1492500
2024-01-11,127.05113983154297,129.88609211519272,126.99425357627098,129.01380244349545,982300
2024-01-12,129.97142028808594,131.0997125655144,128.29320343562884,128.59661608427004,1631800
2024-01-16,131.48843383789062,132.60724984183776,129.83867465924635,129.83867465924635,2537800
2024-01-17,128.53025817871094,131.35572016698293,126.87100798791978,129.82920941275452,1782700
2024-01-18,127.56315612792969,129.6111485326904,126.95634517105773,128.7009393311397,1542700
2024-01-19,130.21792602539062,130.6161442571719,127.55364712650196,128.07512854937409,1791300
2024-01-22,133.28993225097656,135.28102368486103,131.38417020693444,131.38417020693444,2385200
2024-01-23,131.81082153320312,133.9251760133424,131.17556756715274,133.65969717581422,1423600
2024-01-24,130.77734375,133.33734116374686,130.39809237556253,133.33734116374686,1541800
2024-01-25,134.81646728515625,135.86890668597582,132.61676838821202,132.74003161860563,2152400
2024-01-26,135.77406311035156,137.1204243192603,134.69318076136776,135.46117421097298,1917100
2024-01-29,138.40042114257812,138.60901373929363,135.423252996517,135.423252996517,2229600
2024-01-30,136.7411651611328,138.38144826684058,136.57049192230983,137.95478687105108,3044700
2024-01-31,133.1761474609375,137.48070951736233,132.80637233817745,137.48070951736233,2892100
2024-02-01,136.39036560058594,136.49466190107646,132.20905182752853,132.8917158911915,2550600
2024-02-02,136.99717712402344,137.8599761947618,132.92963585370325,135.2336306960376,2052600
2024-02-05,136.81703186035156,137.58502534224482,135.19570103495536,135.53703307885385,2042300
2024-02-06,136.779052734375,138.61845178013988,135.9446970448335,136.66528024659857,1789400
2024-02-07,137.9263458251953,138.21079158252078,135.87835373346647,137.53760377243424,1341600
2024-02-08,139.43389892578125,140.32515560727825,137.31954421314285,137.31954421314285,1840200
2024-02-09,139.55715942382812,140.26826661746745,137.99271491731392,139.22530361312462,1223300
2024-02-12,136.3429412841797,140.410467642369,136.12487248508387,139.92692000937097,2127400
2024-02-13,134.79747009277344,134.89229016677893,132.15215785115961,133.35628887945964,1995100
2024-02-14,134.8543701171875,135.5180673004454,133.30890691921124,134.51303807043863,1645700
2024-02-15,140.90350341796875,141.3396554757944,135.60338858809544,135.60338858809544,3125900
2024-02-16,129.156005859375,133.55538761672776,127.7622348670608,132.73998427746577,6572700
2024-02-20,128.05616760253906,130.4360153519916,126.91839910628265,128.95690039259577,3411400
2024-02-21,128.50180053710938,129.8955716973948,124.60493280748705,127.36403199968566,3219300
2024-02-22,131.2040252685547,134.6742174495603,129.89558337574948,132.7400122087951,3440200
2024-02-23,130.6920166015625,131.64965020983124,129.01381405001615,131.27038436137877,2086400
2024-02-26,130.8057861328125,132.88220669748497,129.52578757481947,130.1610415102459,2033900
2024-02-27,131.06178283691406,132.33230525832212,130.10416376136752,130.84371403109887,1495900
2024-02-28,135.32843017578125,136.29553997117583,130.18949746566517,130.37912314951393,2446900
2024-02-29,139.1968536376953,139.4054462283062,136.54205068515745,136.9402689579113,4098000
2024-03-01,142.79031372070312,142.84719997479922,138.59950974714883,138.931365519391,2290700
2024-03-04,145.7390594482422,146.01401453848544,142.48692160132356,143.01787933938866,2098500
2024-03-05,142.4584503173828,146.18464443618788,141.15949936006558,145.06584291886568,1719300
2024-03-06,142.04127502441406,144.53489529651247,141.0646890670737,144.19356329906748,2287500
2024-03-07,143.6531219482422,144.1461602947129,142.27831767141268,142.9894248284809,1577800
2024-03-08,141.72837829589844,145.39770068185305,141.69045895051218,144.6296928795528,2253800
2024-03-11,137.95480346679688,141.50086341713492,136.48517895560659,141.35863328975373,2166800
2024-03-12,138.6469268798828,139.29167155017453,136.20071655593054,136.94975751990862,1676800
2024-03-13,136.46620178222656,140.32515036157596,136.2576236526115,137.9263499621203,1904700
2024-03-14,136.5618438720703,136.82003504867527,133.82697262004464,135.7872849334494,1917200
2024-03-15,134.6971435546875,137.07820720591135,133.63570729946625,135.22308306694882,2996000
2024-03-18,135.98809814453125,138.13008532865305,135.76815049593827,136.08371423456907,1501200
2024-03-19,135.5386505126953,135.90201497475925,132.88028118597046,135.86377145971812,2006100
2024-03-20,134.725830078125,135.55776147733553,132.01964548402194,133.68352287363493,2433300
2024-03-21,133.8843231201172,136.31320204375413,133.73133447697742,135.46214161567462,2238200
2024-03-22,132.449951171875,134.29551803948868,131.67539235778318,133.84608015629118,1812700
2024-03-25,131.79969787597656,132.80376145540077,130.75739078672615,132.30650828051816,1746400
2024-03-26,132.95675659179688,134.08513716795375,131.4650115853446,131.96226478455904,1748900
2024-03-27,137.4511260986328,137.59455749693396,133.40618557225972,134.35287657461748,2268600
2024-03-28,137.73800659179688,138.17788725508632,136.4853235817221,137.58501794434972,2034700
2024-04-01,135.70120239257812,138.26394088261964,134.9935733839948,137.7188869284445,1535700
2024-04-02,133.68350219726562,134.62062135417492,132.19175732960073,133.85561987067788,1707500
2024-04-03,134.47720336914062,135.77770164340865,133.45401068230726,134.57281944461863,1428900
2024-04-04,133.76004028320312,136.5044687153383,133.1958425981548,135.88291304803315,1178300
2024-04-05,136.3610076904297,136.9060616111225,133.1671274132413,133.66438059389424,1139500
2024-04-08,137.06861877441406,137.40331149380282,136.14105681733227,136.8869292748139,1152500
2024-04-09,139.49749755859375,140.7501804151545,137.72843248270576,140.41548769554643,1102900
2024-04-10,135.21351623535156,136.15065016130993,133.61658317823276,135.50039367000835,1385800
2024-04-11,136.96343994140625,137.45113591283243,134.83101031766046,136.34188438280128,1105400
2024-04-12,136.25582885742188,137.22163441125053,135.16570635236693,136.26538608782718,1315400
2024-04-15,132.4977569580078,137.17381037941797,131.3311329101051,137.1259950480402,1659000
2024-04-16,130.46095275878906,132.44995103766672,129.60989232808006,132.44995103766672,2051500
2024-04-17,129.8107147216797,131.76145495372631,129.7055268185522,130.71914774440333,1965300
2024-04-18,130.68089294433594,132.89938135798863,129.7628881789409,130.33664298121164,1498500
2024-04-19,130.8434600830078,131.8953244859723,130.35577869000358,131.39808586254537,1505200
2024-04-22,129.91587829589844,132.10568020759507,129.8011331834989,131.62755611767807,1518400
2024-04-23,132.46910095214844,132.81335098907707,129.78204505418594,130.5374749343159,1320400
2024-04-24,134.45809936523438,134.70671871722084,131.61804021215326,131.74235718374342,1614900
2024-04-25,135.29957580566406,135.73944184799953,131.16857618906997,132.46907444712465,1887100
2024-04-26,136.58096313476562,137.5372115516516,135.24220659640955,136.10283892632265,1798100
2024-04-29,136.1123809814453,138.5221308088504,135.10831733742725,138.24482521899728,1913600
2024-04-30,132.70814514160156,136.055014374064,132.6220862917957,134.8501467032066,2001800
2024-05-01,131.95269775390625,134.9935601040986,131.9144396538592,133.4157563701218,1639700
2024-05-02,134.01820373535156,134.8023344055448,131.27377557205966,133.27233117117333,2030300
2024-05-03,140.5684814453125,145.68441500785906,139.29666962415033,140.80754348858684,3309700
2024-05-06,137.47982788085938,141.52475427215833,136.2271448904735,141.11357448986936,1907400
2024-05-07,138.3022003173828,139.06718730666122,137.47982617183615,138.17788336558888,1274000
2024-05-08,134.1138153076172,135.78724972322024,134.03731369767536,134.209445967842,6521600
2024-05-09,137.2598876953125,137.88145790450085,134.86926671657073,135.3091473967839,10657100
2024-05-10,135.2708740234375,137.91011374859005,133.51136628214653,137.10686877891612,2950700
2024-05-13,136.82957458496094,136.9156334356349,134.34333759905277,135.98808594860668,1722300
2024-05-14,135.6533966064453,137.6137087157647,135.07964173843246,137.15469898487746,1758200
2024-05-15,138.31175231933594,138.96200874507127,136.19843717468484,138.69424579951604,2563300
2024-05-16,138.5986328125,139.81307225547076,136.89651198275737,138.31175540037896,1748000
2024-05-17,137.53720092773438,139.11500485724324,137.25032350658955,139.07676134364675,1556000
2024-05-20,137.07821655273438,138.89508271040364,136.16976888270685,137.25989149554698,993900
2024-05-21,137.94837951660156,138.23525693526156,136.26538770029012,136.74351186765955,1148600
2024-05-22,136.88693237304688,137.69019199952243,135.92112688475342,137.67106294881836,1512900
2024-05-23,136.0263214111328,138.48388655920414,135.6820714376222,137.69975594518894,2249200
2024-05-24,136.52357482910156,136.82956669981718,134.9266419079022,136.71482157219774,1122200
2024-05-28,137.47982788085938,137.73800442691407,136.51400771942318,137.57544396011204,1191300
2024-05-29,135.2421875,136.62875918165284,134.13295058234488,136.1984357818622,1340100
2024-05-30,137.73800659179688,138.29263238846966,135.7394510323464,136.60964053701537,1235300
2024-05-31,138.9811248779297,139.2680022871129,136.66700573524972,138.58905957175233,3657100
2024-06-03,136.78173828125,139.28711852706778,136.22712715668442,138.99068391494797,1196200
2024-06-04,138.770751953125,139.66007048086115,135.7298892900079,136.67656579133723,1403900
2024-06-05,140.91275024414062,140.93187929569754,138.34999720958416,139.27755922901488,1047100
2024-06-06,140.68324279785156,141.05617904476497,139.78436707678054,140.85537507629897,807400
2024-06-07,139.94696044921875,140.7693346643455,138.42651439008472,138.91421041688332,1070100
2024-06-10,142.56704711914062,142.92086889123905,139.00024525647865,139.85130560953178,1506800
2024-06-11,143.322509765625,143.9249363141959,141.9359379619678,142.37581863045344,1337600
2024-06-12,143.04518127441406,146.32512056704581,142.54794265858186,146.2773052332797,1748200
2024-06-13,143.20773315429688,144.53691764267052,142.88261225007665,144.0874797963465,1496300
2024-06-14,144.53822326660156,145.4348461063054,143.24632964181507,143.7573027129774,1000400
2024-06-17,143.660888671875,145.14561455793364,143.16920175978356,143.70909673251955,1192200
2024-06-18,144.19113159179688,145.71441492728658,144.017600246365,144.95278061505823,1095700
2024-06-20,142.58108520507812,145.2034445762834,142.39790341862115,143.92118678211784,1315000
2024-06-21,143.02456665039062,143.16917609536708,140.6721549385602,142.90886438337742,3587900
2024-06-24,141.73265075683594,145.5119293923489,141.5687551578377,143.39090761979986,1502600
2024-06-25,141.18312072753906,142.1761447618351,140.0743944321287,141.68445796295097,1209200
2024-06-26,141.61697387695312,143.09204909010427,140.69142927701893,142.2050768169765,1748600
2024-06-27,143.38128662109375,144.8949194914442,141.63626391666895,142.27257492709882,1660900
2024-06-28,146.59176635742188,147.7486862438783,144.85637917222,145.02991053522294,3406300
2024-07-01,146.66888427734375,147.44015433101004,145.20344469551785,146.49533821754554,1483900
2024-07-02,147.42086791992188,148.25963210925045,146.46640146545602,146.7170627363619,1162800
2024-07-03,146.2639617919922,148.5295932989032,146.25431135423509,147.87401081687955,879700
2024-07-05,146.00363159179688,147.03521324003137,144.9527637815209,146.35070895338717,1261800
2024-07-08,148.14395141601562,148.46210691557206,145.99399286244025,146.05185135320437,1149400
2024-07-09,147.796875,148.5970816173002,146.16753987534327,148.230718061877,1080400
2024-07-10,150.04322814941406,150.1878375931275,147.7582959615182,148.47173687624567,1459700
2024-07-11,152.06784057617188,154.6998502552773,151.3736857938839,152.0389186861626,1678200
2024-07-12,152.6656036376953,153.8418096093933,152.37637000823895,152.85842115365506,1284100
2024-07-15,153.7742919921875,153.96710947881158,151.8846453167965,153.22474670872606,943300
2024-07-16,156.5027313232422,156.74375690316876,153.55258057870643,154.6323704692466,1192900
2024-07-17,151.2001495361328,156.5027116271833,150.57347428057122,155.45184376160464,2012300
2024-07-18,149.05020141601562,151.57614439472613,148.69347360949538,150.75665166554074,1414600
2024-07-19,149.5997314453125,150.38065184659428,148.6742016034347,150.07214680297886,1168800
2024-07-22,149.97573852539062,151.05552830091924,148.568157526724,149.7539991345658,1347900
2024-07-23,149.52261352539062,151.10374061746967,149.31050985477967,149.60937919672253,1128300
2024-07-24,146.2157440185547,150.02394478811954,146.05184840894157,149.19481630293816,1568100
2024-07-25,142.07974243164062,146.40856678613773,140.8939007952763,146.20609884284005,2489900
2024-07-26,140.42147827148438,141.1445549149236,135.93840896657397,137.73163963074452,3204900
2024-07-29,141.9062042236328,142.2050735498708,139.38026118403994,140.40220715544675,1628400
2024-07-30,139.83338928222656,142.26293116540035,138.88857315972754,142.19545165502427,1699600
2024-07-31,144.12367248535156,145.56982607946534,141.63628653815167,142.22438958819933,3344100
2024-08-01,146.8231201171875,147.69082093888892,144.8659937940518,144.8659937940518,2019900
2024-08-02,145.42518615722656,147.41123452447036,142.9185290252914,146.30252277336893,1642300
2024-08-05,139.28384399414062,144.740665897777,139.00424612201104,142.22435860377027,2320900
2024-08-06,143.2945098876953,145.33840177561666,138.8982063569044,139.67912675894863,1378800
2024-08-07,141.85800170898438,146.3796435270348,141.58805426113352,143.7187266649197,1210800
2024-08-08,144.28753662109375,144.5864059448513,142.02189060062227,142.15686431815897,1160700
2024-08-09,144.7310333251953,145.34805821198006,143.05350472948587,144.57678813677438,803400
2024-08-12,143.4102325439453,144.8370999822675,141.80981902322662,144.40325684282897,1105800
2024-08-13,144.20077514648438,145.0780969804578,143.72835976585844,144.60569631086418,1435800
2024-08-14,145.75296020507812,147.3533733511655,144.210405546936,144.47071725407832,1227700
2024-08-15,144.48036193847656,146.44712403064335,143.35236408562656,145.69512546207667,1504700
2024-08-16,144.22970581054688,145.16488619149604,143.4198487214855,144.03687358727362,1257800
2024-08-19,143.2848663330078,145.2902007033937,142.73533572078048,143.8826197091725,1400900
2024-08-20,143.74766540527344,143.9694048253508,142.60038126190486,143.4295098663619,1041000
2024-08-21,144.38394165039062,144.97204458683726,143.31378760902157,143.70907304570568,1480100
2024-08-22,145.2805633544922,145.83009396058142,144.06578516339528,144.65388809579065,874900
2024-08-23,146.71707153320312,147.2569811438082,144.78886705699733,145.75296929510023,1604200
2024-08-26,145.1841583251953,147.98969948118696,144.63462767718488,147.4112322307234,925400
2024-08-27,145.20343017578125,145.714403155205,143.46804330649692,143.78619879178504,1076900
2024-08-28,144.7213897705078,146.15790742329318,143.91154740872392,145.2034408969553,1096400
2024-08-29,144.13328552246094,145.43482943667553,143.34271462084132,144.3646753570641,1148100
2024-08-30,146.1675567626953,146.6399722065826,143.9501184323163,144.96242883434087,3050900
2024-09-03,144.41285705566406,145.55050526193733,143.78619653181488,144.96240235189651,1605400
2024-09-04,143.73800659179688,145.06847245680947,142.01226996907727,144.75031693643544,1233800
2024-09-05,144.528564453125,144.69246006193777,142.83173516464998,143.74764402423918,1299600
2024-09-06,142.89923095703125,144.61533171651803,141.92549301944499,144.6056959903752,1741700
2024-09-09,143.97903442382812,144.2779037840435,142.3979072350809,142.71606276044898,1499800
2024-09-10,151.1326446533203,151.47008628334547,144.6442414353413,144.7213713710908,1794700
2024-09-11,152.7330780029297,153.13799918611392,148.9923565329902,149.82148506361494,1922800
2024-09-12,154.72877502441406,154.7576969149615,152.00999962469095,152.7909200915378,1372300
2024-09-13,154.39845275878906,156.24428732319507,153.77670154704722,155.87511744557023,1467000
2024-09-16,156.2831268310547,156.78830427950615,154.21386936438046,154.91334127032346,1467700
2024-09-17,153.0869598388672,157.00205219899001,152.7080804112333,156.1568630505111,1824700
2024-09-18,153.73785400390625,155.34080200242158,152.09603821494474,153.36868411326108,1515300
2024-09-19,154.3693084716797,155.7682523962605,152.96065501174306,155.43795030954504,1803200
2024-09-20,154.17501831054688,155.76825675283112,152.66921016006467,152.89266289296125,7232200
2024-09-23,156.37060546875,157.2935154575286,154.65106876259784,155.1853897530655,1651600
2024-09-24,157.50723266601562,158.6535805062122,155.36023931998977,156.03056789462497,1680100
2024-09-25,158.2552490234375,160.46052897974525,157.60435441911318,158.51755470162465,1675400
2024-09-26,157.43922424316406,160.29539918220573,156.64261239192592,160.29539918220573,1459500
2024-09-27,156.5648956298828,158.58559097729554,156.49688440401678,158.58559097729554,1549200
2024-09-30,157.21578979492188,157.50723894643477,154.92307919939051,155.71969106822485,2220700
2024-10-01,155.7002716064453,158.20671058524158,154.54419936335543,158.20671058524158,1346000
2024-10-02,155.04937744140625,155.61282702483442,153.6990107010119,154.15559608957204,1361100
2024-10-03,152.81494140625,155.91398798420138,152.49434884745656,155.4670973442631,1199200
2024-10-04,152.52349853515625,153.33954426898936,151.16342231210106,152.8052233157466,1120600
2024-10-07,152.00860595703125,152.24176822553818,150.7359600751662,151.35771130079945,988200
2024-10-08,153.76699829101562,154.19445504599133,151.27028380668028,152.6497939008263,953800
2024-10-09,154.5927734375,154.76763403005734,153.0189539858876,153.9807317161108,822600
2024-10-10,154.32073974609375,155.59338554112145,153.7184076328132,153.8447057059348,881100
2024-10-11,156.1471405029297,156.21515172536232,154.33046410110708,154.515049049174,1346200
2024-10-14,157.36151123046875,158.235858708742,155.7488535525977,156.4774690392987,1371800
2024-10-15,156.6134490966797,159.90678992378363,156.25398877306526,158.42041577850682,2637000
2024-10-16,157.50723266601562,158.03182925884545,155.95284713573926,156.40944732936848,1307600
2024-10-17,159.02276611328125,159.5667966555017,156.20544391432472,156.90491598967114,1178400
2024-10-18,160.66458129882812,160.92687220798376,158.8090369186627,159.33363356069438,986000
2024-10-21,160.4896697998047,160.87827354334377,158.76042390627774,159.75134492265605,1891300
2024-10-22,160.53826904296875,161.5486092667029,159.45020805991362,159.91651779212023,1540300
2024-10-23,161.07260131835938,161.82065070864084,160.25655552371785,160.3925631561581,1240700
2024-10-24,160.4217071533203,161.8497947108179,159.80966539332985,161.7914930192358,1479800
2024-10-25,175.84890747070312,188.3519588625235,175.21744666727724,179.20055045052834,6093000
2024-10-28,178.08334350585938,179.89031056726293,176.101515837088,176.8106974509473,2697800
2024-10-29,177.58787536621094,180.0360274296078,177.18956202906207,177.78216985486037,2154100
2024-10-30,176.975830078125,179.36569522913987,175.96548986327613,177.98618511669287,2079300
2024-10-31,173.14816284179688,176.51922467665221,173.01215522412485,175.5963147836121,2014100
2024-11-01,170.98175048828125,174.36252185865834,169.97141030328666,172.98301178697412,1517200
2024-11-04,172.2641143798828,172.42926542212263,170.0685438594427,170.9234573239481,1270000
2024-11-05,175.85862731933594,175.95576715075285,171.37034611425184,172.40013505804873,1404000
2024-11-06,168.6696014404297,173.1870257750228,166.36718154022196,171.9532328912075,4619700
2024-11-07,173.38131713867188,174.5859665710328,168.84447381470267,169.13592293166136,3991500
2024-11-08,176.79122924804688,178.12217673753966,174.13907345155945,174.61510749655676,2229700
2024-11-11,177.63644409179688,179.03537323655758,176.57751175605833,177.00496850461795,2015700
2024-11-12,175.63516235351562,178.9479372252574,175.24657340745455,177.78215556335604,1936000
2024-11-13,173.051025390625,176.8398196661756,172.97330463321387,176.77182326826508,1862800
2024-11-14,173.12875366210938,173.98365238329836,172.31269308573349,173.7310710285388,2127400
2024-11-15,174.547119140625,175.71290092070976,171.9629593985621,172.43899350590618,2998600
2024-11-18,178.06390380859375,178.24848877061697,173.8767958441636,174.28481873845286,2316400
2024-11-19,181.930419921875,182.14414830096774,177.2964216278643,178.16104468011446,1657700
2024-11-20,180.60919189453125,180.8229202679609,178.32619100731392,180.2497315444622,1433800
2024-11-21,182.02755737304688,182.80475012107135,179.75428081464324,181.0852135749215,1886100
2024-11-22,184.42713928222656,185.46663777371126,182.97963274100678,183.33907828634818,2526500
2024-11-25,187.32217407226562,187.77875943076089,185.5637697409106,186.03980381828984,4657000
2024-11-26,188.48794555664062,188.76967031452503,185.73863507673798,187.12785461948442,1962600
2024-11-27,189.7120361328125,190.34349693958623,188.48796748829062,189.83833422365507,1719200
2024-11-29,190.11032104492188,192.3544539694372,189.92573611628774,190.3434684716451,1492300
2024-12-02,186.6809844970703,189.8091744768104,185.83578055028252,189.2942874450878,2293500
2024-12-03,185.6220703125,187.38045980958438,185.27233432021615,186.91413527072686,1186600
2024-12-04,185.39862060546875,186.62270401030537,184.64086174710263,186.62270401030537,1506300
2024-12-05,185.6317901611328,185.68036748959406,183.17392854293163,184.2911329789433,1507500
2024-12-06,187.19589233398438,187.30275653114637,184.7866079532739,186.64213745131224,2073800
2024-12-09,182.80474853515625,188.68224918497046,181.5806799736472,187.9633433051339,2309500
2024-12-10,180.4149169921875,183.29051116244838,179.91944897105813,182.63961643591148,1866000
2024-12-11,181.8818359375,183.05732715576391,180.861771406208,181.3669489040921,1836300
2024-12-12,181.79441833496094,183.81511364381342,181.18237660872464,181.5515465164506,2061200
2024-12-13,180.9436798095703,183.2025548352421,180.82634107821016,182.64516601928457,1566800
2024-12-16,181.36415100097656,183.64257231514424,180.80676223869227,181.11968538685124,1258100
2024-12-17,180.90457153320312,182.24423845037816,179.41821628110483,180.3178480355069,1508000
2024-12-18,173.04254150390625,181.16857587818973,172.7491797918498,180.66985649139482,2407500
2024-12-19,172.8958740234375,176.69975872289302,172.40694275142008,173.59016299494147,2977300
2024-12-20,174.61691284179688,177.45270810804635,171.88866812580744,172.89586530167523,4801700
2024-12-23,174.51910400390625,175.1547085965357,172.64160998338957,174.73423492593383,2167100
2024-12-24,176.40638732910156,176.40638732910156,174.0106272114226,174.4213276669392,683700
2024-12-26,175.5263214111328,176.0054794149564,174.54845889630755,175.22318641889663,693500
2024-12-27,174.19642639160156,175.64365872401126,173.40436014833003,174.27465718267746,822900
2024-12-30,172.3189239501953,173.0816554755604,170.5978913916018,172.56338956527378,1027700
2024-12-31,173.40435791015625,174.54845523800327,172.20159122000896,174.3822204044868,1434000
2025-01-02,173.0816650390625,174.92005134075038,172.16247188821856,173.75639256132018,1285900
2025-01-03,177.71673583984375,177.95141329003326,173.90306314329058,174.16709019575137,1574200
2025-01-06,175.6240997314453,179.70178430502318,175.2720686571294,177.9122942540004,2021300
2025-01-07,175.8979034423828,180.55252336356398,173.7857169553943,178.45989830358374,2288500
2025-01-08,176.86598205566406,177.86340596355376,175.44808444328004,176.00547321918813,1728600
2025-01-10,169.502685546875,174.06930172236056,168.96485817695745,173.3163583254739,2781400
2025-01-13,168.11412048339844,169.30711393611838,166.26596094123354,167.96744707568604,1798000
2025-01-14,170.04049682617188,170.63699350345362,168.1923374360689,168.8475034716084,1537400
2025-01-15,171.03793334960938,176.005476637038,170.2752017937638,175.89791116526501,1859800
2025-01-16,176.11302185058594,176.25969524022383,171.34104862775467,171.71264110949852,1735200
2025-01-17,174.47998046875,177.80472157370326,174.20618019105922,177.1593288101481,1639400
2025-01-21,179.49642944335938,179.93646456290713,176.02501475182152,176.68996897862445,1926400
2025-01-22,178.40122985839844,183.58390388840198,177.85362926733336,180.4058508886164,2723400
2025-01-23,179.44754028320312,180.3178373030203,176.37705265947764,178.45990453923002,1765800
2025-01-24,176.50418090820312,180.5623043069456,176.27927671151798,179.15419484331036,1851700
2025-01-27,161.0930633544922,162.6185263699091,152.8594634197702,162.45229154602356,8405400
2025-01-28,158.55062866210938,161.0832890121213,152.63455742197885,160.79971544608438,4745500
2025-01-29,158.14968872070312,160.74103314712323,156.9469220937516,158.67774279565523,2660000
2025-01-30,160.5943603515625,162.1980543161808,158.5506312292803,159.9783170992323,1964200
2025-01-31,160.23252868652344,163.9875166096001,160.0956285514424,161.31795651502168,2010600
2025-02-03,157.85633850097656,158.87332387147598,156.3015406844799,158.06169619419208,2242700
2025-02-04,159.7240447998047,160.32054147545142,155.76369899729747,156.1646261722888,2055300
2025-02-05,163.48883056640625,163.68440007838365,159.57738064286903,161.1810745146794,1647600
2025-02-06,164.38845825195312,165.0338510546471,162.83366052627875,164.48625046605716,1276600
2025-02-07,164.34934997558594,165.42498972349864,163.0683376258856,164.65248494927948,1054300
2025-02-10,162.70652770996094,164.9751756898274,161.8166693253928,164.5546870896813,2163900
2025-02-11,161.99270629882812,162.4523028702537,160.56502047505978,161.34731346393295,2571200
2025-02-12,159.60671997070312,161.18107920760556,157.91502200739728,158.4626226252768,1803600
2025-02-13,161.16151428222656,161.4939839471532,157.95412651482243,157.95412651482243,2707300
2025-02-14,160.64324951171875,161.99270452976307,153.7395426832267,161.1615154404754,4795100
2025-02-18,161.98291015625,164.1439927530943,161.08327848564875,162.35450266491026,2364200
2025-02-19,165.85525512695312,166.20728621510156,161.02461210885977,161.6602316707652,2119200
2025-02-20,168.1923370361328,168.29990249968182,164.05598315783251,165.95303864897159,2131800
2025-02-21,161.69935607910156,167.9283359102238,160.96595914748752,167.7816624923005,2498400
2025-02-24,156.1548614501953,160.78014679180515,153.82754397856624,160.34011166104264,3969200
2025-02-25,154.65872192382812,157.51407836270252,153.9448716233624,156.71222402661644,2952200
2025-02-26,155.8517303466797,157.51409361591428,155.14766815154542,155.49969924911255,1896800
2025-02-27,153.78843688964844,157.89545633432562,153.1137093889734,157.3771904119805,2299800
2025-02-28,152.85946655273438,154.27736413222775,151.30465390500325,153.2310441403897,5769900
2025-03-03,151.871826171875,155.5388106358318,149.80853564998205,154.83474842507226,2455700
2025-03-04,152.22384643554688,153.72976297058275,148.4297353390116,151.54911895487467,2562200
2025-03-05,153.7982177734375,154.91298046260033,151.16776517612394,151.3242267622165,2016000
2025-03-06,145.13433837890625,151.66646709410898,145.04633434227088,151.5686748838499,2557800
2025-03-07,145.86773681640625,146.35666803115092,141.07621688030707,145.13433999428923,2704700
2025-03-10,142.4061279296875,145.21258867343784,140.58730298986714,144.40096096642674,2903500
2025-03-11,143.75555419921875,146.30777580469567,141.51625574155366,142.34744479705645,3725500
2025-03-12,148.31239318847656,148.9382245477688,145.25167900329905,146.49356846912775,2607800
2025-03-13,142.70925903320312,148.38086465236157,142.32789324596823,147.26610197267507,2442600
2025-03-14,146.50576782226562,146.7325679770601,141.03287680504113,144.6124311621588,2814600
2025-03-17,149.7401885986328,151.22920310734725,145.79576495477585,146.00283876988036,2224700
2025-03-18,146.59451293945312,150.17406727686915,145.7661875594546,150.17406727686915,1933500
2025-03-19,148.99075317382812,151.10101942959145,146.53535884325078,146.83117860829609,1883200
2025-03-20,149.30630493164062,150.00643172727376,147.6792210922727,148.35963660266452,1392200
2025-03-21,148.29061889648438,149.56268896272766,145.7661900494898,148.40894679656762,4766100
2025-03-24,153.32962036132812,153.48738587857483,150.00643306113255,150.2825415247927,2023100
2025-03-25,149.316162109375,152.95489549590073,148.1624199460249,151.94906320729442,2582200
2025-03-26,147.32421875,151.03198664721214,145.86478619832195,149.84866254999258,2241800
2025-03-27,142.93606567382812,147.2453592457275,142.75857381133804,146.73257989833857,2706500
2025-03-28,140.1256561279297,143.74466301971785,137.93649979932815,142.65008485541708,2799200
2025-03-31,141.29910278320312,142.90646015821343,137.33496803936305,139.93828692123802,3860200
2025-04-01,144.02076721191406,144.3166019861507,139.7016186296916,142.08799306077887,2117800
2025-04-02,146.61422729492188,147.19604124840296,141.9499503049864,142.82758400981717,2164400
2025-04-03,139.1296844482422,142.35425510796736,137.80830609051623,141.15120464890862,3789300
2025-04-04,135.58956909179688,138.37039511308075,133.64693915270269,137.96608805947005,3800800
2025-04-07,134.77110290527344,139.57343422802157,128.14446949506876,133.12430771910297,3819500
2025-04-08,134.2188720703125,141.01314098881124,131.96069622331336,137.561770405169,3515200
2025-04-09,143.74465942382812,144.2377123675433,129.06154336186074,132.6410975014215,3469500
2025-04-10,140.31300354003906,142.45286660936495,135.85581565332006,140.71731057502004,2162700
2025-04-11,143.07411193847656,143.63619956525616,137.64067344685563,138.92261422045937,1663400
2025-04-14,144.27716064453125,146.53535171982483,143.6855060964188,145.00688447199772,1324500
2025-04-15,144.19827270507812,146.12117634955754,143.35022096356627,144.9477228770272,1587500
2025-04-16,146.1211700439453,147.33409117616878,143.61646759274757,143.61646759274757,2077800
2025-04-17,148.6554718017578,149.82894028847417,147.18616852100482,147.91589234005752,2040300
2025-04-21,144.30673217773438,148.1722654568051,141.83161181331099,146.8804691497655,2572900
2025-04-22,146.82130432128906,147.7679725895742,145.17450930225596,145.83519843826696,2097000
2025-04-23,149.48379516601562,154.18752469191537,148.71463373999208,150.7755915341633,1785000
2025-04-24,151.61378479003906,152.95488943948402,149.18795761281427,150.006427329815,1957400
2025-04-25,157.6586151123047,162.1946931956175,155.4990407974443,157.9445792009165,3387600
2025-04-28,158.12210083007812,158.86168031937356,156.56405156701507,156.96834358560798,2264700
2025-04-29,157.6487579345703,159.20680718588565,156.6232143377312,157.99390104568576,1624800
2025-04-30,158.3094482421875,158.8616802331931,154.0987865191003,155.43002057103996,2044700
2025-05-01,159.63084411621094,163.43721387858875,159.2561190211904,159.2561190211904,2051800
2025-05-02,162.26373291015625,162.97373037964527,161.1592840427387,162.05664404539598,1510600
2025-05-05,164.32469177246094,165.3896879837654,161.85942694447348,161.85942694447348,1497700
2025-05-06,164.31483459472656,165.16288628950184,162.52998528342545,162.5694228997205,1602100
2025-05-07,164.857177734375,165.76440840681653,163.7626146263363,164.09788702231836,2016800
2025-05-08,164.3838653564453,167.62816248644413,164.3345570476388,166.8195483530106,1679100
2025-05-09,164.2556610107422,165.09384196718466,163.91051793958383,164.4331528438307,1399300
2025-05-12,163.69358825683594,168.03244843288235,163.69358825683594,167.64786771294544,1931200
2025-05-13,163.49636840820312,165.0051092977068,161.9580455441431,164.42331040238867,2060800
2025-05-14,163.3681640625,164.5514881433937,162.75678321417436,163.8020530697435,1901700
2025-05-15,165.45870971679688,165.76441519872245,163.20053372570825,163.20053372570825,1629000
2025-05-16,167.68731689453125,167.69717253701833,165.26148967907767,166.05037743473312,1196900
2025-05-19,168.41702270507812,168.86078240452474,164.77830451580382,166.0405188840318,1113300
2025-05-20,167.76620483398438,168.22967581971093,166.42510018211684,167.54926032803652,933700
2025-05-21,164.9656524658203,167.8056423257356,164.5219078119041,166.62231823303165,1131100
2025-05-22,165.61648559570312,166.58286518035914,164.36412686918686,164.97552276896621,1172900
2025-05-23,165.78411865234375,166.72093129227906,163.9401054392157,165.18259345307143,1151600
2025-05-27,168.3085479736328,169.73841356762227,167.016751650705,167.3618947347953,1847000
2025-05-28,167.22384643554688,168.58467744222213,166.3363420650612,168.22967870338434,1840700
2025-05-29,169.86659240722656,171.72047626497644,168.10146951367435,169.74826451733836,2204600
2025-05-30,169.13690185546875,170.14271912110402,167.638016553188,169.22564778241602,4130900
2025-06-02,170.32022094726562,170.49771279587196,166.06023601932117,168.02259227734874,1340500
2025-06-03,171.3260498046875,171.72048615822698,169.40313120253097,170.30049121063303,1363600
2025-06-04,173.5546417236328,174.43227538956853,170.60617960932723,171.18799353702343,1609300
2025-06-05,173.4658966064453,175.49727240128036,173.0714452089934,174.04769549005687,1555500
2025-06-06,174.38296508789062,175.33948902200044,173.8208925448881,174.52101931308266,1748400
2025-06-09,174.22518920898438,175.94101895110737,173.23908327491463,174.97463934881813,1689300
2025-06-10,175.22116088867188,175.4085234183441,172.94325865272438,175.38879708712017,1766400
2025-06-11,173.39686584472656,176.22700014011124,173.0714490770991,175.18171519858848,2042300
2025-06-12,174.0772705078125,175.60573763744816,173.0714382929814,173.2588008184362,1924700
2025-06-13,173.24317932128906,173.6006485128896,171.46575759168033,172.80627084805576,1520900
2025-06-16,174.82200622558594,176.43061011283817,173.58079578134942,174.46453701158603,1394500
2025-06-17,174.82200622558594,176.19230740450135,173.8985529277914,174.68299126189123,1185600
2025-06-18,175.35821533203125,176.98668280754086,173.86876281840074,174.35530760923024,1470300
2025-06-20,174.18650817871094,176.56964133751646,173.94819031738194,175.7554000082635,2641300
2025-06-23,176.09300231933594,176.33132017620488,173.03465800457636,174.47447422318797,1183200
2025-06-24,176.41075134277344,177.59238604085368,175.23904087312889,177.0959018921809,1558500
2025-06-25,171.03878784179688,176.35117425045595,168.88404847207076,175.77525082444947,2964200
2025-06-26,168.39749145507812,170.29406455676272,162.48933306197904,169.79758040353602,4734200
2025-06-27,170.15504455566406,171.1380886044484,165.98458082249206,168.5166529591837,2658900
2025-06-30,173.1041717529297,173.27297455179223,169.3011012096308,171.31682571865818,2505700
2025-07-01,170.0458221435547,173.54107481777044,168.95355094802042,172.150910100591,2250400
2025-07-02,170.94943237304688,171.92253709997064,168.81454135961377,169.16208633783373,1568700
2025-07-03,171.38633728027344,172.270078474825,170.76076239316038,171.48562502090635,780900
2025-07-07,170.43307495117188,172.93535925886752,169.27130388190085,171.5253461196285,1267700
2025-07-08,169.5989990234375,170.22455878760886,167.26551731539303,169.9465288587561,1266600
2025-07-09,169.97630310058594,170.73096869124265,168.3577751052695,169.7777124746476,1004100
2025-07-10,169.28123474121094,170.800475056807,168.07975156033794,170.1351881014115,1217200
2025-07-11,167.28536987304688,168.78474654397954,166.86832500732046,168.03009609430703,1494000
2025-07-14,169.7280731201172,170.20470883811254,167.41447019347046,167.63292444301135,1184300
2025-07-15,169.92666625976562,170.99907381816683,168.99327365422232,170.66145308851745,1424200
2025-07-16,171.76365661621094,171.8828231182271,169.56920510279605,170.5522340475905,1490100
2025-07-17,175.51707458496094,175.74546820737166,171.6941556482942,171.7835191606319,1706100
2025-07-18,176.72850036621094,177.40372671410742,174.92130587175674,176.14265268377483,1393300
2025-07-21,175.8646240234375,179.528679637277,174.97095857437668,177.68175791125606,1620100
2025-07-22,178.0789337158203,178.24773651094463,175.79510356435495,176.36110277579596,1662600
2025-07-23,177.97964477539062,178.66478017986628,176.77814645743766,178.66478017986628,1264500
2025-07-24,178.75416564941406,180.15423950025902,177.21506168488094,177.80090937187592,1882600
2025-07-25,176.65899658203125,180.72023335457493,173.58078874451505,180.22374919700744,2602200
2025-07-28,174.48439025878906,177.80090073246853,174.454602422016,175.83482774797807,1547000
2025-07-29,177.04624938964844,177.31435507074883,174.21628369851734,176.19229605297153,1609400
2025-07-30,176.05328369140625,178.60520435915532,174.89151259151728,177.62217543313062,1128000
2025-07-31,175.19932556152344,179.30028940204957,174.67305358580137,176.98667149392546,1963300
2025-08-01,170.99908447265625,175.407851174346,169.72807105827016,175.38800271662495,1662100
2025-08-04,171.69415283203125,172.69704536307918,170.4132152368921,171.0586537244525,1347700
2025-08-05,170.9593505859375,172.03175816932816,169.93659444790168,171.6941525833053,1041300
2025-08-06,168.29820251464844,171.9026671383434,168.00030899453887,171.23738019594518,1285400
2025-08-07,170.0259552001953,170.1848337621557,168.04995800997725,168.61594205365742,1164500
2025-08-08,168.7152557373047,170.6912530539488,168.28827146865402,170.24442032740333,905200
2025-08-11,167.5435333251953,169.0031979061549,167.4343062085421,167.9208661193598,983300
2025-08-12,168.0797576904297,168.8741354047152,166.1335330480049,168.01024263286342,1098800
2025-08-13,167.3946075439453,169.4897713845606,165.69662498577586,168.49680302695137,1488400
2025-08-14,165.0511932373047,166.4016307411761,163.20427157982607,165.99451009885962,1313000
2025-08-15,165.72640991210938,167.2555896407927,164.65401743805168,164.9419715900405,1950400
2025-08-18,163.85963439941406,166.17325237482154,163.5319530396531,165.96472236352133,1625700
2025-08-19,165.39874267578125,165.52781825619186,163.8794871853067,164.0979414309177,1312200
2025-08-20,164.16744995117188,166.96761266294155,163.40286012197322,165.47816022116154,1657900
2025-08-21,162.62835693359375,163.73055242023568,161.36728287285152,162.98582614957206,1470300
2025-08-22,165.88528442382812,166.92790418578304,162.89645524761846,163.69083293060766,1355900
2025-08-25,164.6937255859375,166.6895864476275,164.19724142767186,165.4980274980888,789700
2025-08-26,166.73924255371094,168.93370926123248,165.03133578942575,165.05119939872986,3334700
2025-08-27,168.53651428222656,169.17201342197347,166.8186832742613,167.0570011334769,1346400
2025-08-28,167.38467407226562,169.30109562391308,166.88818992087585,169.10250499365597,1010100
2025-08-29,166.46121215820312,168.71525453576163,165.14056244586686,167.28537769980372,1628400
2025-09-02,161.80418395996094,164.75330106874245,160.55304933712705,163.9291355488024,1404700
2025-09-03,160.3643798828125,161.96305944621793,158.10041337893935,161.2679846689751,1669600
2025-09-04,161.69496154785156,162.0127186907418,159.44093431538894,160.51332679390714,1366800
2025-09-05,162.09214782714844,164.42561419922484,161.77439070415443,163.1149039456084,1352700
2025-09-08,160.07643127441406,161.2282630230027,158.10041884159043,160.86086958908606,1879700
2025-09-09,162.82693481445312,162.87658625890506,158.97422817917956,159.86789357333996,1893700
2025-09-10,172.66726684570312,173.69994726944648,165.3193070707553,165.41859481547394,3004200
2025-09-11,173.4417724609375,173.71980237493094,172.0714713480455,172.5183192076365,1582800
2025-09-12,172.27999877929688,174.35529887463136,172.24028671424708,172.5282408524659,1341300
2025-09-15,175.0399932861328,175.8300018310547,172.33999633789062,172.33999633789062,2199800
2025-09-16,173.86000061035156,175.3699951171875,172.11000061035156,175.0500030517578,1590100
2025-09-17,171.14999389648438,174.9499969482422,170.8800048828125,174.10000610351562,1730600
2025-09-18,171.36000061035156,173.27000427246094,170.74000549316406,171.5800018310547,1012600
2025-09-19,172.0800018310547,173.32000732421875,170.69000244140625,171.55999755859375,3146600
2025-09-22,174.69000244140625,176.14999389648438,169.6699981689453,171.1699981689453,1837400
2025-09-23,174.1199951171875,175.13999938964844,172.8699951171875,174.58999633789062,1019400
2025-09-24,172.0,173.75999450683594,171.61000061035156,173.38999938964844,1308700
2025-09-25,171.36000061035156,172.61000061035156,170.64999389648438,172.0,1272600
2025-09-26,171.4600067138672,172.05999755859375,170.4499969482422,171.94000244140625,785200
2025-09-29,170.11000061035156,173.19000244140625,169.41000366210938,172.69000244140625,1277600
2025-09-30,172.8800048828125,172.9199981689453,169.25999450683594,171.27000427246094,1516400
2025-10-01,171.4499969482422,173.3699951171875,170.22000122070312,172.52999877929688,1345800
2025-10-02,173.75,173.82000732421875,170.61000061035156,171.82000732421875,1824900
2025-10-03,176.35000610351562,178.3000030517578,173.88999938964844,174.33999633789062,1635900
2025-10-06,176.9600067138672,178.2899932861328,174.50999450683594,178.2899932861328,1873600
2025-10-07,175.13999938964844,177.0399932861328,174.13999938964844,176.8800048828125,853900
2025-10-08,174.1999969482422,176.9499969482422,173.0500030517578,174.77000427246094,1471700
2025-10-09,175.2100067138672,175.9600067138672,173.3000030517578,174.41000366210938,1190800
2025-10-10,168.49000549316406,175.72999572753906,168.4499969482422,175.22000122070312,1551700
2025-10-13,171.55999755859375,171.57000732421875,168.5399932861328,168.8699951171875,957700
2025-10-14,171.8800048828125,172.32000732421875,169.4499969482422,170.10000610351562,1138600
2025-10-15,175.1999969482422,176.86000061035156,173.11000061035156,173.2899932861328,1447900
2025-10-16,173.9600067138672,176.22999572753906,172.8000030517578,173.9499969482422,1318500
2025-10-17,172.72999572753906,173.52000427246094,170.47000122070312,171.77999877929688,1321500
2025-10-20,172.9199981689453,175.74000549316406,171.44000244140625,175.74000549316406,1705500
2025-10-21,171.6300048828125,172.47000122070312,168.72000122070312,172.44000244140625,1391200
2025-10-22,172.41000366210938,173.38999938964844,169.77000427246094,172.52999877929688,1542900
2025-10-23,175.38999938964844,176.8000030517578,172.0,174.30999755859375,2510500
2025-10-24,179.27999877929688,182.47999572753906,176.07000732421875,178.83999633789062,2472300
2025-10-27,178.13999938964844,179.99000549316406,176.3699951171875,179.27999877929688,2103800
2025-10-28,174.05999755859375,177.32000732421875,173.77999877929688,176.75999450683594,1432300
2025-10-29,167.13999938964844,174.08999633789062,165.97999572753906,174.0500030517578,2017000
2025-10-30,170.75,172.0800018310547,166.2899932861328,166.8800048828125,2069100
2025-10-31,170.41000366210938,172.14999389648438,168.80999755859375,170.00999450683594,1838600
2025-11-03,171.9600067138672,172.47000122070312,168.36000061035156,169.16000366210938,1513700
2025-11-04,168.27000427246094,171.9199981689453,168.16000366210938,171.39999389648438,1448400
2025-11-05,166.52000427246094,168.94000244140625,166.42999267578125,168.67999267578125,1681000
2025-11-06,168.35000610351562,169.77999877929688,165.0,166.0,1473600
2025-11-07,169.88999938964844,170.08999633789062,166.00999450683594,168.0,1211900
2025-11-10,169.2100067138672,170.2899932861328,167.6300048828125,169.3699951171875,1247600
2025-11-11,168.57000732421875,170.0,166.5399932861328,169.88999938964844,1354600
2025-11-12,163.89999389648438,167.97000122070312,163.82000732421875,167.6199951171875,2213500
2025-11-13,158.11000061035156,163.5,157.63999938964844,162.66000366210938,2687200
2025-11-14,158.17999267578125,159.02000427246094,156.0,157.02000427246094,2088800
2025-11-17,157.6999969482422,159.3000030517578,156.8699951171875,158.66000366210938,1855100
2025-11-18,159.6199951171875,160.6199951171875,156.8699951171875,158.00999450683594,2058100
2025-11-19,159.3000030517578,160.33999633789062,155.5399932861328,159.9199981689453,1539300
2025-11-20,157.58999633789062,164.33999633789062,157.44000244140625,161.8000030517578,2446600
2025-11-21,157.17999267578125,158.52000427246094,154.8300018310547,157.7899932861328,2391400
2025-11-24,159.00999450683594,159.14999389648438,155.32000732421875,156.94000244140625,4469900
2025-11-25,157.3699951171875,159.49000549316406,156.52000427246094,159.49000549316406,1707600
2025-11-26,158.91000366210938,160.0500030517578,156.7100067138672,157.32000732421875,1705100
2025-11-28,160.1199951171875,160.5,157.6300048828125,158.49000549316406,625700
2025-12-01,156.38999938964844,158.82000732421875,156.10000610351562,158.00999450683594,1357800
2025-12-02,156.5,157.3000030517578,155.80999755859375,156.42999267578125,1293300
2025-12-03,159.69000244140625,159.8800048828125,156.5800018310547,157.42999267578125,1362300
2025-12-04,161.02000427246094,162.50999450683594,158.66000366210938,159.89999389648438,1774200
2025-12-05,164.72999572753906,166.0,160.5,161.02000427246094,1875200
