Date,Close,High,Low,Open,Volume
2015-01-02,28.308359146118164,28.434231257669573,27.969473639011806,28.234128137963918,3889600
2015-01-05,28.0953426361084,28.485869203320856,27.937193621273394,28.340630462904,3322200
2015-01-06,28.043699264526367,28.644013433187176,28.024335085660816,28.11470453687722,3676000
2015-01-07,28.327722549438477,28.50200757503452,27.972698591690957,28.08566042428563,2188400
2015-01-08,28.49555206298828,28.637562623039468,28.337405506266002,28.38259023675808,2037000
2015-01-09,28.33417320251465,28.689197088643077,28.040470034634062,28.56655318976461,2936200
2015-01-12,28.092113494873047,28.472957958893147,27.933966947808806,28.443909226846174,2229400
2015-01-13,27.76936149597168,28.60528134505141,27.662853592166712,28.247029277622165,5190800
2015-01-14,28.127620697021484,28.14375669532556,27.488575574502242,27.627357964310878,3042600
2015-01-15,28.560091018676758,28.60850391658006,28.079195147570463,28.211523571014,2964800
2015-01-16,28.618196487426758,28.724704409354757,28.401954921609196,28.579468124822526,2591400
2015-01-20,28.62787437438965,28.905439090084162,28.382586572636725,28.756974643007556,2393000
2015-01-21,28.944181442260742,28.970001998749147,28.379369696591816,28.553654759312856,1915200
2015-01-22,28.86025619506836,29.15395938635346,28.631104373375962,29.060361747231276,3007800
2015-01-23,28.918352127075195,29.008721585030006,28.795708214476956,28.940944491563897,2508400
2015-01-26,28.669836044311523,28.957082875953912,28.5310536735553,28.88284941431931,2434400
2015-01-27,28.543962478637695,28.811842653848796,28.5116855633552,28.689198747877242,2291400
2015-01-28,28.70210838317871,29.086181012575764,28.547187565370105,28.547187565370105,4057200
2015-01-29,29.01516342163086,29.0668020307214,28.489080471128947,28.618180687428023,2402000
2015-01-30,28.24380874633789,28.97967719442794,28.217988195994995,28.90867191217658,2562800
2015-02-02,28.45037078857422,28.58592499651724,28.008203058036166,28.259947290611326,3084600
2015-02-03,28.86025619506836,28.892530648673226,28.230895731433108,28.46972964296867,3515000
2015-02-04,28.230892181396484,28.805385755422563,28.130840649088,28.744062577616635,3163600
2015-02-05,27.924274444580078,28.44390112793365,27.627345614772977,28.23411600707181,4425000
2015-02-06,26.5977783203125,27.87586560482832,26.462221705568343,27.80486034529148,5703400
2015-02-09,26.23952293395996,26.833380551354473,26.15237923121009,26.639731435351138,4198000
2015-02-10,26.686260223388672,26.702565141654595,26.278662144553085,26.30474901866606,4953000
2015-02-11,26.399309158325195,26.676475323791852,26.242792906481398,26.673216330723292,3450000
2015-02-12,26.2982234954834,26.503651992178593,26.171053118322455,26.438437307196846,3019600
2015-02-13,25.79932975769043,26.167797537697858,25.548247939560582,26.138451669173794,4174600
2015-02-17,25.714550018310547,26.034105546569393,25.483034588063006,25.786287684428665,3033400
2015-02-18,26.17105484008789,26.206923665521852,25.606938075538157,25.727587987250658,2607000
2015-02-19,26.008020401000977,26.347142320555292,25.90693437996697,26.22975386810259,1624400
2015-02-20,25.864540100097656,26.03084079039543,25.597155895982077,25.981928529980685,2321200
2015-02-23,26.17757797241211,26.184100934670333,25.87106342858634,25.991713352551653,1999800
2015-02-24,26.236270904541016,26.435178951362104,26.043885819657604,26.167794730881784,2741200
2015-02-25,25.88410758972168,26.350399892987173,25.815631410781034,26.141709874944837,2417200
2015-02-26,25.825403213500977,26.030834157339772,25.743883629509142,25.991703861422796,2056200
2015-02-27,25.92650604248047,25.946069959266055,25.60042749455063,25.841724923439784,3019000
2015-03-02,25.326515197753906,25.88737058700651,25.055869459580386,25.818894404055634,4140600
2015-03-03,25.26456069946289,25.36238274682319,25.016740368143846,25.287386092625088,2135400
2015-03-04,24.945003509521484,25.19934432373041,24.785225752248426,25.075435397977213,2293400
2015-03-05,25.114566802978516,25.20912987339371,24.984137383712305,25.055872569196037,1690200
2015-03-06,24.348276138305664,24.814568399750527,24.227628709565632,24.814568399750527,2490200
2015-03-09,24.358064651489258,24.560234231172238,24.279806502617205,24.40371544564643,2063400
2015-03-10,24.612398147583008,24.74608899479175,24.24392797207209,24.270014840525743,3290000
2015-03-11,24.354799270629883,24.687398181951206,24.26349770625858,24.687398181951206,2216600
2015-03-12,24.866744995117188,25.006958837722745,24.495015735703635,24.495015735703635,2415600
2015-03-13,24.341758728027344,24.71674947293849,24.090676908380004,24.697183072689533,3833000
2015-03-16,24.781963348388672,24.993914848266666,24.452623402048438,24.452623402048438,2152600
2015-03-17,24.772178649902344,24.899349038193602,24.64174678074232,24.68413608091241,1859200
2015-03-18,25.479768753051758,25.64606945174918,24.67435461925528,24.72978735622741,2590800
2015-03-19,25.4145565032959,25.743893963623766,25.32651392408571,25.417815496762,4860000
2015-03-20,25.776500701904297,25.877584218390037,25.44716079338559,25.531941881156744,6074000
2015-03-23,25.59389877319336,25.809111760551094,25.52216111074078,25.75693801048328,2429600
2015-03-24,25.202594757080078,25.65584344274364,25.16346446136241,25.49280427559041,2439200
2015-03-25,25.088481903076172,25.479775128503974,25.068915500357626,25.333040790913962,2746000
2015-03-26,24.95152473449707,25.222170475816707,24.749357664705737,24.96130917884499,1926800
2015-03-27,25.003690719604492,25.186293819540406,24.863476914216374,24.93195307669234,1652000
2015-03-30,25.20912742614746,25.39825354861791,24.90261533528934,25.065654581326317,2387000
2015-03-31,25.267818450927734,25.460206030507972,25.03956453052523,25.215647192456228,2615800
2015-04-01,25.33303451538086,25.37868529744604,24.863480770960653,25.209123117391616,1903600
2015-04-02,25.326515197753906,25.460208570025667,25.19934478830493,25.293907846984162,1682800
2015-04-06,25.89389419555664,25.910196627457353,25.40803545218023,25.40803545218023,2269000
2015-04-07,25.46999168395996,25.900415201912757,25.440643325486484,25.893894726575045,1664200
2015-04-08,25.42107582092285,25.499333952828856,25.134127678746722,25.44063973195406,2081600
2015-04-09,25.11130142211914,25.489551119793937,25.006956420576323,25.362380726906792,2260200
2015-04-10,25.463464736938477,25.56128926616953,25.14064777092579,25.24499277447439,1188800
2015-04-13,25.19933319091797,25.46671732462298,25.17976928701622,25.3330265016606,1133200
2015-04-14,25.36237907409668,25.456942114298183,25.163471039152295,25.287382430758843,1209600
2015-04-15,25.372169494628906,25.685204583308696,25.362387536823558,25.362387536823558,1276000
2015-04-16,25.225419998168945,25.41780502018614,25.003686632584575,25.34606987678023,1698000
2015-04-17,25.202594757080078,25.381936348280476,25.11455221366039,25.130857125487815,2236200
2015-04-20,25.551509857177734,25.74063597238883,25.28086412207717,25.293907559793247,1724400
2015-04-21,25.453685760498047,25.79280768366481,25.391732539996838,25.574335695632247,2389400
2015-04-22,25.3917236328125,25.551501337944924,25.14390337439652,25.509112045336884,1915200
2015-04-23,25.61998176574707,25.831933239660877,25.329772166372194,25.388466382413235,1882400
2015-04-24,25.805845260620117,26.034099153323673,25.466723414474234,25.593893795806334,2815000
2015-04-27,25.479768753051758,25.893889759328335,25.372162272260425,25.893889759328335,2228200
2015-04-28,25.766719818115234,25.831937005323987,25.2971685091188,25.41129547700747,2731200
2015-04-29,25.564558029174805,25.659121104292417,25.033048416885528,25.306955684085136,3734600
2015-04-30,25.166732788085938,25.544982465141413,24.990650141122188,25.544982465141413,2499600
2015-05-01,25.16999626159668,25.244992911671098,24.974347202071293,25.173255254882605,1788800
2015-05-04,25.375423431396484,25.584113428464736,25.10803921716647,25.16673343432823,1811800
2015-05-05,24.63522720336914,25.408031516067723,24.596096894862715,25.254774250810566,2569400
2015-05-06,24.71021842956543,24.856955188430955,24.416747399614902,24.654785703847143,2781800
2015-05-07,24.935216903686523,25.091733150423405,24.706960519505643,24.85043581883186,2278400
2015-05-08,24.91238784790039,25.30041941467704,24.77869452269714,25.153685143982248,2559400
2015-05-11,24.811307907104492,25.020000402523575,24.785223521985593,24.912393917646813,3719400
2015-05-12,24.471744537353516,24.771747089360982,24.379433544595386,24.728890300564878,3559800
2015-05-13,24.31679344177246,24.798117941963326,24.23107736181006,24.583828999665826,3170800
2015-05-14,24.471744537353516,24.610207253664655,24.362951325158747,24.41569794866031,2312200
2015-05-15,24.7189998626709,24.8244956223171,24.50800582816118,24.557457515699124,3002800
2015-05-18,24.81789779663086,24.854162195535483,24.587126635616897,24.600313918420124,1467600
2015-05-19,25.12449836730957,25.144278036395516,24.643173802885315,24.735482278909508,2322000
2015-05-20,25.068458557128906,25.256372991048373,24.982742451153328,25.091535680058744,2215000
2015-05-21,25.094831466674805,25.187139952273817,24.94318145244534,25.081644180843863,1661200
2015-05-22,25.068458557128906,25.147579762142957,24.85087209931807,25.028896697013003,1318600
2015-05-26,24.883838653564453,25.154171711255067,24.709109011637103,25.081642900496067,2556800
2015-05-27,25.190444946289062,25.2398941389416,24.906924504062218,24.95637369671476,2268200
2015-05-28,25.236595153808594,25.325606201520078,25.03219596783912,25.134394303214886,2137000
2015-05-29,25.210216522216797,25.411318225108936,25.150874994884404,25.236591093301758,2155800
2015-06-01,25.246484756469727,25.437696653000508,25.197033056992055,25.23329746892782,2257600
2015-06-02,24.761857986450195,25.157466477664233,24.58713086091037,25.02559865740452,2845600
2015-06-03,24.339881896972656,24.79483204370571,24.188231848061637,24.67285150828638,4106200
2015-06-04,24.31679344177246,24.554159499996338,24.194812963180468,24.234374811290113,2056400
2015-06-05,23.776138305664062,24.079438400960278,23.713499312967922,24.079438400960278,2470200
2015-06-08,23.72997283935547,23.93107198071739,23.72337794049425,23.815686402815647,2127400
2015-06-09,23.37392234802246,23.944257819498425,23.367327449558882,23.944257819498425,2918800
2015-06-10,23.311294555664062,23.65085904791473,23.288217430420367,23.515693747263942,5417800
2015-06-11,23.54535484313965,23.654148044067608,23.31458367318681,23.47282604252101,3488200
2015-06-12,23.311294555664062,23.598112411022573,23.307997104852674,23.459649659560398,1806800
2015-06-15,23.390413284301758,23.406898021389836,23.116785261250996,23.238763260918883,2951600
2015-06-16,23.350852966308594,23.469536025786013,23.222280071077662,23.3673351874919,1565600
2015-06-17,23.46953582763672,23.61129600774802,23.215684974424157,23.331070582603676,3169200
2015-06-18,23.7497501373291,23.855245871636605,23.512384106333045,23.512384106333045,3906800
2015-06-19,23.594810485839844,23.812396924205544,23.558546079445563,23.61788760670734,2988200
2015-06-22,23.571735382080078,23.703605733414985,23.48931672689798,23.677231160104455,1691400
2015-06-23,23.3343563079834,23.598096864343102,23.25523514716203,23.558535026324243,2132200
2015-06-24,23.24535369873047,23.46623504808208,23.242056248902415,23.35744184071167,2389000
2015-06-25,22.90249252319336,23.251946758600248,22.89919507326952,23.24864930867641,1572200
2015-06-26,23.24535369873047,23.284913035798063,22.76732408235318,22.87611728972359,3973400
2015-06-29,23.06072998046875,23.4695281663116,23.024465584705,23.258536690168036,2709800
2015-06-30,23.2420597076416,23.542064806207822,23.073924954431767,23.176125792572222,9107800
2015-07-01,23.555246353149414,23.571731087269384,23.23546414209066,23.29480566361835,4656000
2015-07-02,23.69700813293457,23.95745135546665,23.594809817020796,23.815691184093936,2788200
2015-07-06,23.89151954650879,23.89151954650879,23.565142384719884,23.65085597292776,2841800
2015-07-07,24.267343521118164,24.395916392781665,23.95744864315117,23.98712066019046,5372600
2015-07-08,24.165145874023438,24.42558655893608,24.112396737948767,24.17173825842415,3464000
2015-07-09,23.908000946044922,24.30690942644987,23.858551768093363,24.22119332597117,2532400
2015-07-10,23.898113250732422,24.118997164640987,23.772837796673006,23.898113250732422,1899000
2015-07-13,23.818986892700195,24.06294536215006,23.743160637418836,24.00690129076056,1678600
2015-07-14,23.832172393798828,24.020086777799694,23.733269027391174,23.82228256020148,2593800
2015-07-15,23.818986892700195,23.907997916953093,23.65085216331442,23.881625863792745,3073600
2015-07-16,24.056354522705078,24.21130197785368,23.855252827539964,23.855252827539964,2966000
2015-07-17,23.858545303344727,24.105801186976063,23.838763122306716,24.105801186976063,1733600
2015-07-20,23.828880310058594,23.878332004398114,23.614591311399117,23.84865998170734,1810800
2015-07-21,23.50579071044922,23.865134675343782,23.38381025110569,23.809090619111593,2077200
2015-07-22,23.406896591186523,23.67063727717425,23.36403979868099,23.518984747839873,2846200
2015-07-23,22.978315353393555,23.337661924317043,22.79699585825253,23.304694972038423,3411000
2015-07-24,22.816774368286133,23.04095315370447,22.79699470096652,23.00468875347378,1843400
2015-07-27,23.20909309387207,23.340963441181675,22.82996678856358,22.82996678856358,2222200
2015-07-28,23.07062530517578,23.23216512473973,22.92886515304743,22.994799054644147,2912200
2015-07-29,23.11348533630371,23.149749741840886,22.889306518081852,23.02117685501544,2369400
2015-07-30,23.195899963378906,23.436560960007704,22.984908466930214,23.044249982507473,2053400
2015-07-31,23.413482666015625,23.571727538001145,23.370625885060985,23.370625885060985,2375800
2015-08-03,23.47283363342285,23.59151670641309,23.37063529871045,23.489318371700687,3206800
2015-08-04,22.609086990356445,23.275028643957214,22.49370137156644,23.077224366714656,5658200
2015-08-05,22.378305435180664,22.612374041749852,22.33544865320613,22.609079107517406,5953600
2015-08-06,22.892602920532227,22.90908513988371,22.16402242345833,22.37171649685202,3543200
2015-08-07,23.162933349609375,23.364035015581404,22.701388501227388,22.872818151371916,2762800
2015-08-10,22.717872619628906,23.311285252744888,22.59918958996231,23.18271238980891,3758800
2015-08-11,23.004852294921875,23.201730422671503,22.774602749149413,22.79796121423635,3808400
2015-08-12,23.36189842224121,23.431973799051907,22.858020184166886,22.90139945194082,3767600
2015-08-13,23.288490295410156,23.378586500014823,23.051568006091017,23.36190333776739,2486800
2015-08-14,23.39193344116211,23.42530230994635,23.1750319752423,23.22508655135941,3062600
2015-08-17,23.578798294067383,23.662221719881295,23.328528016625643,23.385255335167685,3565600
2015-08-18,23.56545639038086,23.698931869811897,23.435316015818497,23.502053755534014,2661600
2015-08-19,23.64887809753418,23.738974294107685,23.395270122692573,23.44532469673625,2042200
2015-08-20,23.545433044433594,23.87912683495394,23.39527185705207,23.482032955434203,2360600
2015-08-21,23.155014038085938,23.645544362351398,23.155014038085938,23.47202214971835,3125000
2015-08-24,21.99042320251465,23.185047686700045,21.870293223888083,22.49096393149807,4975200
2015-08-25,21.22292709350586,22.430899675459024,21.22292709350586,22.163943592921587,4653800
2015-08-26,21.45317268371582,21.529920824782042,21.08944642511039,21.473193495145026,4202600
2015-08-27,21.960384368896484,21.99375577983573,21.516573626450306,21.516573626450306,4750600
2015-08-28,21.99042320251465,22.113888286299538,21.713456721465523,21.950379027678526,3429200
2015-08-31,21.800212860107422,21.90365710584514,21.499887981970726,21.89698435116709,3409600
2015-09-01,21.042728424072266,21.50989891232404,20.909250414319963,21.50989891232404,3279200
2015-09-02,20.9426212310791,21.296337098812653,20.839176973178912,21.276315013602574,2582400
2015-09-03,21.019371032714844,21.159521804438672,20.895903421883045,20.95930605256443,2222800
2015-09-04,20.532184600830078,20.859204459583847,20.445424749708124,20.849194050246243,2994200
2015-09-08,20.81915283203125,20.932608757802836,20.638957901757443,20.77910993850617,3972800
2015-09-09,20.65230941772461,20.979329194345876,20.605592488627405,20.949296700934696,2585600
2015-09-10,20.699024200439453,20.94595815098569,20.608926729548557,20.63228646461572,3562000
2015-09-11,20.91592788696289,20.922601915843785,20.545527558188788,20.605592545175984,2369800
2015-09-14,20.965984344482422,21.116145552455638,20.872549204724173,20.915929759864042,2346200
2015-09-15,21.099458694458008,21.159523679932335,20.87254680998628,20.996013158820926,2515200
2015-09-16,21.3397159576416,21.51990961850457,21.099456045903427,21.142836590620742,3033200
2015-09-17,21.49655532836914,21.84359720756257,21.28966551586344,21.333046068997845,2103600
2015-09-18,21.439828872680664,21.64338231545371,21.27631833363546,21.326372918000978,3953000
2015-09-21,21.33304786682129,21.620024780610542,21.293004961367746,21.479873975052637,2503000
2015-09-22,21.369747161865234,21.566625244109172,21.25295359048493,21.493214760719322,3907400
2015-09-23,21.202903747558594,21.369750642758884,21.062751693661138,21.369750642758884,2888600
2015-09-24,21.219581604003906,21.269636166222412,20.789116442334013,20.81914892507704,3267400
2015-09-25,21.55328369140625,21.773522845661557,21.12281960947888,21.21625474935897,3283400
2015-09-28,21.37642478942871,21.713456252512128,21.356403975383948,21.4631858934256,2132200
2015-09-29,21.466520309448242,21.676746462883,21.333042295540512,21.403117680018763,1649800
2015-09-30,21.72346305847168,21.736811114249416,21.43982387436836,21.529920068516446,2765000
2015-10-01,21.49321937561035,21.776858602974126,21.3230348208394,21.743489731381043,2472200
2015-10-02,21.987085342407227,22.00043340055901,21.493219920200048,21.663401933401314,2829600
2015-10-05,22.347475051879883,22.42088809804131,21.93703054192362,22.08385663424647,2234200
2015-10-06,22.060503005981445,22.35415270912852,21.903666472228448,22.29075260199179,2481400
2015-10-07,22.284072875976562,22.284072875976566,22.05716097670709,22.063836278796025,3140600
2015-10-08,22.5810546875,22.764587262143024,22.103872539309332,22.274057058898208,2852400
2015-10-09,22.54435157775879,22.677829602580108,22.440907317816016,22.591068504564014,2732600
2015-10-12,22.78461265563965,23.044893416856354,22.4342356870332,22.60108258995485,1901800
2015-10-13,22.72454833984375,22.898070549700396,22.637787234915425,22.7512444561112,2697000
2015-10-14,22.664478302001953,22.881379743060684,22.581054866662534,22.74122898270195,2182200
2015-10-15,23.051563262939453,23.091604880799515,22.587729186265705,22.751238399583514,2188800
2015-10-16,23.124984741210938,23.358569417028413,23.051571687130583,23.2117433088677,3260800
2015-10-19,23.15167236328125,23.275139972123785,22.951456614632804,23.195054181840682,2534400
2015-10-20,23.381927490234375,23.532088701315455,22.994843955996807,23.088277824747877,2681600
2015-10-21,23.165021896362305,23.582139126760136,23.148338734675313,23.455336405236547,1458400
2015-10-22,23.378585815429688,23.40194427859739,23.131653126816587,23.231762280896206,2072800
2015-10-23,22.9080810546875,23.365239954782012,22.888057694460493,23.31185026790082,1991800
2015-10-26,22.85468864440918,23.01820044656444,22.6211039925899,22.984829028405887,2507200
2015-10-27,22.84467124938965,22.924757027532962,22.64779318106212,22.824650441324064,1553200
2015-10-28,22.61109161376953,22.99817508101311,22.424221362727746,22.844676245219834,2230600
2015-10-29,22.524333953857422,22.57105088727635,22.030465955866276,22.484289776977516,2360200
2015-10-30,22.74458122253418,22.811318995262354,22.444256153491718,22.524341989942094,3550000
2015-11-02,22.874710083007812,23.024871268580718,22.167278339107973,22.607754035454256,5021400
2015-11-03,23.121646881103516,23.335210738746024,22.807973851367706,22.86470119414231,3936000
2015-11-04,23.094945907592773,23.231761577634522,22.908078207907913,23.098283558196137,2686400
2015-11-05,22.71120262145996,23.2084082911076,22.634454461636523,23.091613406875528,2357000
2015-11-06,21.90699577331543,22.541014424180418,21.830245088607427,22.27072074836644,5129000
2015-11-09,22.021942138671875,22.099699594391115,21.673729462388323,21.91714096638992,2729600
2015-11-10,21.92390251159668,22.29916150530154,21.886714497497863,22.04222683860342,3459000
2015-11-11,22.332963943481445,22.45129082780928,21.87656872155369,21.961086450772772,3898600
2015-11-12,22.245067596435547,22.478334777628792,22.103075849602106,22.258588163489748,3557200
2015-11-13,22.025325775146484,22.410726501967666,21.97123317805306,22.265355871375327,2182800
2015-11-16,22.59328269958496,22.610184699887075,21.957707649005727,22.042225388346434,2377400
2015-11-17,22.12336540222168,22.62370900021269,22.076035672121904,22.539191256566397,2171600
2015-11-18,22.20111083984375,22.349862830765556,21.802187156324518,22.12335599315335,2431600
2015-11-19,22.258590698242188,22.38367788158784,22.06589035482018,22.305923005427704,2815600
2015-11-20,22.630470275878906,22.674418570950994,22.356631051774876,22.427625641942093,2568400
2015-11-23,22.539186477661133,22.752172797228216,22.50199847199946,22.61694392021089,1845600
2015-11-24,22.474952697753906,22.545947271336495,22.322819257840305,22.397195262339036,2394200
2015-11-25,22.36001205444336,22.539189242276436,22.109840277805294,22.539189242276436,1561000
2015-11-27,22.370149612426758,22.447907050062287,22.255206750755953,22.33972447114077,806800
2015-11-30,22.52566909790039,22.731892607801434,22.31944558799935,22.356633603179993,2813000
2015-12-01,22.7825984954834,22.9719173803542,22.130121533809252,22.572993602036178,2560800
2015-12-02,22.07941436767578,22.718368298752928,22.052370650151808,22.718368298752928,2213000
2015-12-03,21.75824737548828,22.059130326084304,21.697394499003877,21.96447086917006,2260200
2015-12-04,22.289016723632812,22.312681585780002,21.721057452823715,21.842763195088274,2374400
2015-12-07,22.54595184326172,22.55271212718881,22.0591288636607,22.224782902278488,2940600
2015-12-08,22.502002716064453,22.576378741415734,22.366776392818615,22.485100715297115,2660200
2015-12-09,23.00235366821289,23.20181434200035,22.3498764635972,22.393824769869696,4656000
2015-12-10,22.214641571044922,23.00234749492142,22.19773957129652,22.97868263185235,3574600
2015-12-11,22.197738647460938,22.434387268302654,22.001656887748357,22.076032905520474,3783600
2015-12-14,22.12336540222168,22.251831444024376,21.70415553665675,22.190978565427972,3886600
2015-12-15,22.048988342285156,22.24507011738591,21.994895750832512,22.136887513757344,3628800
2015-12-16,22.6947078704834,22.731895891035215,22.099704700208974,22.177459594615627,4056400
2015-12-17,22.728513717651367,22.877263198852642,22.441151313677164,22.68456283835901,2631400
2015-12-18,22.40057945251465,22.765694078874056,22.336345153576023,22.620326062162654,9391000
2015-12-21,22.373538970947266,22.532432754254966,22.23492862235049,22.52905132204413,3043000
2015-12-22,22.880645751953125,22.927975486373803,22.224787176013578,22.44115241315871,1942200
2015-12-23,23.255901336669922,23.316754211826574,22.9550183926389,22.96177867686666,1584800
2015-12-24,23.222091674804688,23.30660940245586,23.093623078038036,23.184903668296062,792600
2015-12-28,23.279560089111328,23.35731494406379,23.056432079019515,23.120666369065827,1348000
2015-12-29,23.394506454467773,23.465503616891382,23.289705295432825,23.370841593418707,1503800
2015-12-30,23.411409378051758,23.492545670305425,23.320131371675913,23.42155109217394,1404200
2015-12-31,23.110530853271484,23.36408407131123,22.870500783040395,23.36408407131123,1756200
2016-01-04,23.18490982055664,23.19167010568102,22.572999556080017,22.958402869372787,2702200
2016-01-05,23.30999183654785,23.38098900844822,22.66089620746613,23.147719218915796,2881200
2016-01-06,23.161239624023438,23.232234208239404,22.927969862116367,23.1747627704374,2531400
2016-01-07,22.83331298828125,23.19504881294971,22.745413816328362,22.958400172242023,2887200
2016-01-08,22.826553344726562,23.08686946550353,22.775844756905038,22.84683935913227,2702200
2016-01-11,22.83669662475586,23.053061854084298,22.67442141312104,22.90092835956222,2078800
2016-01-12,23.124052047729492,23.164618908451963,22.667656809666223,23.080101176244824,3781600
2016-01-13,23.056432723999023,23.353936745777137,22.887397285907312,23.19842445224589,3332600
2016-01-14,23.360702514648438,23.526356560684636,22.907688672225493,23.083484434244784,2315600
2016-01-15,23.019250869750977,23.188286352992304,22.792743941234026,23.188286352992304,3153800
2016-01-19,23.282947540283203,23.408032142578577,23.04291747235575,23.26942439260433,3113200
2016-01-20,22.502002716064453,23.296471551156067,22.10307887222495,23.13081492040938,3030200
2016-01-21,22.542570114135742,22.67779900438196,22.190976031206187,22.508763536393325,2229200
2016-01-22,23.235618591308594,23.27618545642729,22.596662093644632,22.73865385939039,2644800
2016-01-25,22.846832275390625,23.235614330234032,22.7285079750321,23.20856803893028,1970400
2016-01-26,23.225475311279297,23.50945627591102,22.951638642647584,22.9651617913707,1669000
2016-01-27,23.51283073425293,23.671721881251138,23.1206672754247,23.188280419710058,2359800
2016-01-28,23.854286193847656,23.972613093673893,23.367465763690205,23.492550368581067,1815800
2016-01-29,23.86104965209961,24.19573918978794,23.796815342510516,24.097698299096045,3916200
2016-02-01,24.205883026123047,24.280259058629095,23.77991284494653,23.874574891312335,2416800
2016-02-02,24.253198623657227,24.320814331651466,23.908367540350955,24.036833516626714,2513200
2016-02-03,24.79750633239746,25.003729840408795,24.28025813597711,24.317446150816984,3151800
2016-02-04,24.442529678344727,25.17952442120683,24.40534166908241,24.7197477423969,2726200
2016-02-05,24.415483474731445,24.564235512330637,24.053747675432408,24.358012034486865,3312200
2016-02-08,24.155170440673828,24.685941775034507,23.80357889194511,24.466197701898277,3496600
2016-02-09,24.203075408935547,24.394676316534913,23.83014263599095,23.939627750191576,3511400
2016-02-10,24.44256591796875,24.582842439710998,23.724067375707122,24.14490216159379,2912400
2016-02-11,24.134639739990234,24.46651711035,24.021732521352973,24.29202437339515,3018800
2016-02-12,24.100427627563477,24.148327188057273,23.724070208926126,24.059369742712963,2558000
2016-02-16,24.213335037231445,24.326242275853023,23.891724038275306,24.189385254220557,3525200
2016-02-17,24.29544448852539,24.35703000170318,23.929353551949045,24.216750873225475,3166200
2016-02-18,25.12685775756836,25.29450626267663,24.22360493977756,24.480210913248378,4776200
2016-02-19,24.969465255737305,25.29107620009841,24.634165740173025,25.246598785008608,4465200
2016-02-22,25.321866989135742,25.400557991064016,24.983145374585995,25.13026617202776,2018400
2016-02-23,25.143962860107422,25.397149296047782,24.96947268033476,25.27739775538341,2643000
2016-02-24,25.13027000427246,25.318448707718662,24.897613884707244,25.1200061859627,2024200
2016-02-25,25.403989791870117,25.43136172048216,25.02079062229387,25.19528340428216,1866600
2016-02-26,24.54520034790039,25.51688237245549,24.514408903658957,25.26027656245975,2543000
2016-02-29,24.706018447875977,25.013946083707538,24.473362301951077,24.576005717338425,2547000
2016-03-01,24.702594757080078,24.972886631025503,24.617059453059262,24.873665365121713,2251800
2016-03-02,25.051578521728516,25.06184233984628,24.158589800861165,24.58626629130223,2339600
2016-03-03,25.02420425415039,25.08236762491904,24.558892067341382,25.044731888461705,2306600
2016-03-04,25.38345718383789,25.41082649676384,24.709438583052435,24.904458968175057,2030600
2016-03-07,25.29792594909668,25.520315682903586,25.174754884969104,25.318453589674377,2371600
2016-03-08,25.513471603393555,25.547685204577846,25.09263673886851,25.332137167819425,2500200
2016-03-09,25.74612808227539,25.971942551636705,25.51689407998229,25.527157899438624,3002600
2016-03-10,25.995887756347656,26.050628987252544,25.715332095843802,25.766651184089,3150000
2016-03-11,25.975351333618164,26.24906525404178,25.91376583203932,26.07799470635937,2569600
2016-03-14,26.187490463256836,26.314083660037557,25.83166326530307,26.00957555911472,2279200
2016-03-15,26.2148494720459,26.454347174620427,26.057464894592755,26.06772870894178,1731400
2016-03-16,26.693859100341797,26.765711059727835,25.93772725323744,26.177227693752897,2527800
2016-03-17,27.008621215820312,27.083892680897847,26.598050300032753,26.738329414100814,2219000
2016-03-18,26.663070678710938,27.114697074465454,26.6528068577237,27.001789822944108,4820200
2016-03-21,26.823869705200195,26.92309096312232,26.50567829542583,26.529628074211853,2577400
2016-03-22,26.58437156677246,26.97441234605969,26.5535801101431,26.81018602337577,2337400
2016-03-23,26.734912872314453,26.905983470478905,26.49199293616055,26.61174183280963,1769600
2016-03-24,26.974414825439453,27.02573653486934,26.546738264074694,26.632273576347647,1692800
2016-03-28,26.745174407958984,27.14205941478647,26.70069699595106,27.01546624323013,1674800
2016-03-29,27.237873077392578,27.248136900237704,26.666497649475602,26.80677424557789,1798200
2016-03-30,27.107847213745117,27.265231845475746,26.960726399903216,27.189960367184995,1577800
2016-03-31,27.124954223632812,27.275497188632805,26.991519362957447,27.107848729638413,3296600
2016-04-01,27.361032485961914,27.39182394134588,27.0086274636953,27.145481856953236,4778600
2016-04-04,27.008621215820312,27.37128997265248,26.929927608603904,27.35418187228772,2834200
2016-04-05,26.375669479370117,26.99152481482674,26.334614197226845,26.940203101816895,4677600
2016-04-06,26.416719436645508,26.481727094286008,26.197749296554324,26.37566155650467,2955400
2016-04-07,26.409879684448242,26.598055775550684,26.290128177901952,26.327763918188474,2746800
2016-04-08,26.33118438720703,26.724647258617022,26.27986268913964,26.515940934051635,4010200
2016-04-11,26.28327751159668,26.618576916633224,26.23195582782292,26.40302636684928,2478000
2016-04-12,26.194326400756836,26.3106557526459,26.040363922733256,26.088263476355255,6265400
2016-04-13,26.190914154052734,26.314085214865745,26.006157562833216,26.314085214865745,2573600
2016-04-14,25.94799041748047,26.276448305336366,25.882985356832965,26.1190610376706,2839000
2016-04-15,26.043792724609375,26.166963782654957,25.859036137541008,25.934307629716702,2878600
2016-04-18,26.0882568359375,26.129314704447005,25.900078201513796,25.934294397103002,3205000
2016-04-19,26.149850845336914,26.249072102117903,26.057473874033274,26.156692520484185,3694400
2016-04-20,25.53399658203125,26.1977513392476,25.468991529652143,26.139587962260443,3280400
2016-04-21,25.15080451965332,25.468995992908166,25.061847061987816,25.468995992908166,4491400
2016-04-22,25.438196182250977,25.527153619843087,25.226070321501393,25.260283917396805,2927200
2016-04-25,25.41766357421875,25.523726483844023,25.208957286657736,25.431349531965484,2807800
2016-04-26,25.527145385742188,25.83165072855042,25.263695300633547,25.575044926611177,4765600
2016-04-27,25.561370849609375,25.650328299847907,25.167907915051305,25.48267982889601,4263400
2016-04-28,25.46556854248047,25.53057620303442,25.154218810701103,25.30133962488683,3049000
2016-04-29,25.72217559814453,25.72217559814453,25.188436159837256,25.325290551986665,3320200
2016-05-02,25.852184295654297,26.00272723601042,25.75296304954047,25.770071151064503,2911600
2016-05-03,26.180646896362305,26.21144096575773,25.759814627158953,25.800872516242674,4416800
2016-05-04,26.341459274291992,26.652809125831485,26.095117108311534,26.16354693793449,3657200
2016-05-05,26.293550491333008,26.60490023384508,26.194329230873013,26.32092241359718,3200000
2016-05-06,26.057477951049805,26.242231922564137,25.882985188696836,26.242231922564137,2109000
2016-05-09,26.187490463256836,26.221704064720946,25.965098138244425,26.08142751561896,2877800
2016-05-10,26.294742584228516,26.40545718426055,26.07331338416445,26.180567410545528,3075000
2016-05-11,26.498870849609375,26.54385038694045,26.097531425053706,26.33280027380848,3470800
2016-05-12,26.664945602416992,26.73068330560222,26.408918576836964,26.533472835690894,2569800
2016-05-13,26.502330780029297,26.671861925274882,26.388155612159267,26.595747786339007,2602600
2016-05-16,26.440052032470703,26.530008459782955,26.190943550463842,26.45389168587597,2353600
2016-05-17,26.232465744018555,26.495413911840927,26.107911487662925,26.325880116463125,3275000
2016-05-18,25.384807586669922,26.069853364024063,25.29485114734512,26.05601370877068,4308800
2016-05-19,25.71348762512207,25.73770635889516,25.142614455163294,25.281008350856936,2557600
2016-05-20,25.706575393676758,25.824208517964397,25.554341807286026,25.799989778279024,5839800
2016-05-23,25.495519638061523,25.820742265220165,25.478219410814713,25.748086062142892,1671400
2016-05-24,25.630456924438477,25.654675662540125,25.447086101719638,25.547418988394696,2553200
2016-05-25,25.7550106048584,25.83804589937485,25.4401643770317,25.620077261402507,1853000
2016-05-26,26.149429321289062,26.17364805677427,25.734247604857277,25.734247604857277,1634000
2016-05-27,26.17365264892578,26.201331962806393,26.017958488080843,26.111375512516737,1396400
2016-05-31,26.26706886291504,26.291287604335963,26.028342023093018,26.104456182098183,2449600
2016-06-01,26.512712478637695,26.512712478637695,26.142510269608653,26.249766940763667,3027000
2016-06-02,26.60266876220703,26.609589909798807,26.239385063326157,26.388158060816636,2703000
2016-06-03,27.069751739501953,27.246204086016746,26.83448282403055,26.858701566521212,3148600
2016-06-06,27.10088348388672,27.436487842969996,26.986708315192455,27.280793711211235,2276800
2016-06-07,27.132017135620117,27.280790100689774,27.083579671610817,27.08704024465257,2879600
2016-06-08,27.197765350341797,27.253121342212772,27.035152669820146,27.138948784089877,2347600
2016-06-09,27.22197914123535,27.28425627054274,26.90021441308788,27.15970201192796,4177600
2016-06-10,27.211606979370117,27.37075909703945,27.055912796687377,27.138950749976182,3273200
2016-06-13,27.107805252075195,27.439949077612738,27.090507661784027,27.28079699285378,2861000
2016-06-14,27.33616065979004,27.35691882782661,27.04207517414371,27.163168887098674,2875600
2016-06-15,27.014394760131836,27.329238401031127,26.96595727691656,27.315398743020353,2499600
2016-06-16,27.14240264892578,27.22889851796588,26.89675469760923,26.997090222453078,1819800
2016-06-17,27.211606979370117,27.256583891001114,26.952119314543914,27.07321303020047,3117400
2016-06-20,27.024770736694336,27.329235258992515,26.89329796017469,27.215062712908548,2587200
2016-06-21,26.969404220581055,27.128558903020654,26.872529293630887,26.98324387295162,2335600
2016-06-22,26.945194244384766,27.097427830283802,26.91059642203807,27.0143925287228,1686400
2016-06-23,27.0870418548584,27.090502428105868,26.768737746834404,26.93826888094484,2003200
2016-06-24,26.98325538635254,27.322320414996504,26.827563850128776,26.84140350840454,2503200
2016-06-27,27.301559448242188,27.36383394463091,26.88291708734619,26.969412962967827,2630000
2016-06-28,27.384593963623047,27.398433620082578,27.0178496665569,27.322316829377442,2236000
2016-06-29,27.27733612060547,27.57488212266193,27.187382316928456,27.491846827096822,3051400
2016-06-30,28.145755767822266,28.14921634174703,27.2911761438749,27.388053736256914,4245800
2016-07-01,28.2357120513916,28.246091133462244,27.872428341052363,28.173434919323288,2653400
2016-07-05,28.2772274017334,28.336043952372105,28.11807269819645,28.228787292193367,1997200
2016-07-06,28.38102149963379,28.40177966159544,28.052338283568048,28.26684632955631,2218800
2016-07-07,27.851669311523438,28.3741050898835,27.737494133005022,28.33604669704403,2278000
2016-07-08,27.98314094543457,27.99698060041924,27.557582773144283,27.77901197361038,2247000
2016-07-11,28.028120040893555,28.045417629617685,27.626777971616693,27.889726132879318,2013600
2016-07-12,28.045419692993164,28.208032348900414,27.723654955035787,27.83436956166389,3246600
2016-07-13,27.996984481811523,28.3083701630251,27.920867688665464,28.20111612158001,3404800
2016-07-14,27.606016159057617,27.94162048373215,27.522980881086195,27.844745552824843,2814400
2016-07-15,27.775556564331055,27.855133935377832,27.63024411944018,27.657923434555997,1946800
2016-07-18,27.810148239135742,27.907025820619918,27.730573525328975,27.730573525328975,1232200
2016-07-19,27.813613891601562,27.82053503993637,27.640622138256784,27.810153317434157,2143800
2016-07-20,27.664833068847656,27.886262239451867,27.616395602755727,27.83090626662278,1579600
2016-07-21,27.758251190185547,27.76170912387202,27.43302592786244,27.592177985693482,1599200
2016-07-22,28.249555587768555,28.277234903521983,27.751338462786197,27.7686386950433,1517800
2016-07-25,28.183805465698242,28.28068038854415,28.00389527179065,28.187266038555215,1314400
2016-07-26,27.98314094543457,28.187272556903046,27.903566228828094,28.187272556903046,1260400
2016-07-27,27.730581283569336,27.990068938799908,27.488391221567177,27.931252370462428,1311400
2016-07-28,27.858592987060547,27.91049104507243,27.654463969097325,27.692522368996382,1277600
2016-07-29,28.159591674804688,28.19073155669274,27.79630801076083,27.837826973396854,2338600
2016-08-01,28.118074417114258,28.235710165227136,27.99698073497181,28.124995564461997,2532800
2016-08-02,27.803226470947266,28.370639040587506,27.633695342609897,28.336041228222886,3065400
2016-08-03,27.79285430908203,28.045420777889234,27.637160155221796,27.917408576312404,2766000
2016-08-04,27.682132720947266,28.000436817132762,27.592176297366535,27.792847303952822,1912400
2016-08-05,27.536815643310547,27.692509746378732,27.426101068517998,27.633693205942247,2545000
2016-08-08,27.592182159423828,27.81361137247837,27.48838606096007,27.554123765963414,2382400
2016-08-09,27.57819938659668,27.72507731147028,27.46978987082076,27.592188141548764,2516600
2016-08-10,27.557209014892578,27.71807564467108,27.427815072903158,27.613161349211406,2678200
2016-08-11,27.721574783325195,27.78452283595878,27.53273329350619,27.599176533227045,2018800
2016-08-12,27.809001922607422,27.976864282256905,27.78802012818187,27.80900192260742,1606200
2016-08-15,27.350879669189453,27.87194798214639,27.34388662757458,27.81599564498289,1440600
2016-08-16,27.043132781982422,27.350877279699546,26.89275705362583,27.34038638415301,2581000
2016-08-17,27.34039306640625,27.39285022504121,26.78784930920423,27.06062333240773,2705600
2016-08-18,27.725069046020508,27.732064755452075,27.228480399635306,27.26345094254894,2055200
2016-08-19,27.273944854736328,27.686603710146905,27.16203750418846,27.602673864256428,2132400
2016-08-22,27.609668731689453,27.707590004464016,27.361374364623877,27.48027743323777,1678800
2016-08-23,27.595680236816406,27.885938170214825,27.588684526759593,27.714580626965844,1240800
2016-08-24,27.567703247070312,27.634146485359803,27.32989979425321,27.529234845285067,1286800
2016-08-25,27.655122756958008,27.732059537741392,27.50824490350658,27.581683830232294,1240000
2016-08-26,27.018648147583008,27.850958613597854,26.9941685064673,27.65162363077544,1474000
2016-08-29,27.392847061157227,27.399840103062623,27.095593420667903,27.102586462573303,1704800
2016-08-30,27.176021575927734,27.511743569749154,27.12706228525052,27.392843197556275,1329200
2016-08-31,27.347389221191406,27.371868875595865,27.10259267714684,27.197013438969112,3402000
2016-09-01,27.15505027770996,27.434817379954932,27.113084011736195,27.329905717143916,3173200
2016-09-02,27.61666488647461,27.641144538041452,27.197010286366275,27.204005997146467,1766200
2016-09-06,27.82649040222168,27.93839776015672,27.634148380107444,27.7635423466281,2008800
2016-09-07,28.071285247802734,28.088771855350455,27.602674048038992,27.756547656597455,2574600
2016-09-08,28.249629974365234,28.438474072904334,27.95936945245805,27.95936945245805,3711600
2016-09-09,27.12356948852539,28.092269923448004,27.095594651551355,28.092269923448004,2377200
2016-09-12,27.490764617919922,27.578192312883903,27.02215078551061,27.02215078551061,2367800
2016-09-13,26.889257431030273,27.434805308228633,26.756368316043286,27.364864230463084,2934200
2016-09-14,26.906749725341797,27.21099641285991,26.76686487214368,26.983686528004842,2546400
2016-09-15,27.14804458618164,27.190010836728298,26.791340794819554,26.871772773265707,1352800
2016-09-16,27.441804885864258,27.47327757487175,26.9801867705174,27.05362571294969,2815600
2016-09-19,27.67610740661621,27.725066696161996,27.473274539594442,27.553709182751756,1919400
2016-09-20,27.714570999145508,27.8964193762254,27.683098319068122,27.801998667912528,2121400
2016-09-21,28.316091537475586,28.326582437411076,27.71458837240528,27.71458837240528,1906200
2016-09-22,28.58186912536621,28.609843965800923,28.354556537811018,28.473456946884223,2064400
2016-09-23,28.476945877075195,28.616830707733573,28.372031587061105,28.525905167593443,2190400
2016-09-26,28.319576263427734,28.52240646033281,28.29859180520358,28.511915565261308,2203800
2016-09-27,27.83697509765625,28.578362846335082,27.80899759738582,28.431484972037218,2132400
2016-09-28,27.59917449951172,28.001342435698085,27.52573555486436,27.96986974574131,3872800
2016-09-29,27.043132781982422,27.50475086259874,27.01515528180416,27.50475086259874,3920800
2016-09-30,26.83331298828125,27.263455812305015,26.574525054717,27.127068802923638,3507000
2016-10-03,26.494089126586914,26.773856146429935,26.340215531420288,26.773856146429935,3256600
2016-10-04,25.88558578491211,26.42064541663065,25.731714885590574,26.417147562440316,3938400
2016-10-05,25.65127944946289,26.179343356368072,25.630297661135835,25.906569435792694,5156600
2016-10-06,25.812150955200195,26.01848169590564,25.34004195159752,25.57085233936143,3396400
2016-10-07,25.574350357055664,26.140882824941748,25.567357314871167,25.97302046361493,3904000
2016-10-10,25.840129852294922,25.87160521054477,25.612817307002715,25.658281416910096,2888200
2016-10-11,25.630306243896484,25.92755990642104,25.612819635714295,25.84013220167371,3034600
2016-10-12,25.89957618713379,25.927553686280636,25.616311345495173,25.64079099022837,3790200
2016-10-13,26.18635368347168,26.406673278674248,25.850631508205943,25.913579582823438,3561200
2016-10-14,25.93454933166504,26.235298108473845,25.89608093745252,26.08492238602886,2237400
2016-10-17,26.1024112701416,26.17934806528743,25.878596594125405,25.892585344886594,2473400
2016-10-18,26.203828811645508,26.382182056232825,25.92056393406916,26.263279003814112,1889200
2016-10-19,26.18984603881836,26.273775897985086,25.987013100090167,26.245801056984256,1917000
2016-10-20,26.05695152282715,26.252788710034576,26.004494371087567,26.14437921969926,1564600
2016-10-21,25.93805503845215,26.102419577102516,25.84363427586696,25.924066283239114,1952200
2016-10-24,25.903078079223633,26.046460783640317,25.68625642915996,25.896085037387458,2307400
2016-10-25,25.3470401763916,25.787673867170096,25.33305142410125,25.70724187660268,4436800
2016-10-26,25.277097702026367,25.36452540723154,24.91689598347415,25.301577352760543,3693000
2016-10-27,25.1372127532959,25.1651902592046,24.79449764420066,25.021810210565683,4340400
2016-10-28,25.30507469177246,25.427472942946242,25.0917508819774,25.193167338116183,3088600
2016-10-31,25.766695022583008,25.847129690440386,25.322563425866694,25.385508816256824,4080800
2016-11-01,25.15469741821289,25.777182202142185,25.077760616948535,25.71773200774031,3840800
2016-11-02,24.976335525512695,25.119718181548457,24.825959830000382,25.098733726957438,3330600
2016-11-03,24.965858459472656,25.09525244013884,24.86094413265335,24.941378805625774,2790200
2016-11-04,24.766515731811523,25.336543305851965,24.75252698134606,25.074260237807614,2459200
2016-11-07,25.00782012939453,25.028801923670763,24.651113618208544,24.881924027573792,3505200
2016-11-08,25.393699645996094,25.4857423353481,25.06092202789403,25.064462962389612,3516000
2016-11-09,24.374126434326172,25.06800103933516,24.345804360421734,24.90869410027054,3392600
2016-11-10,24.027191162109375,24.52989583389919,23.61652918170077,24.25022142329851,5886800
2016-11-11,23.864337921142578,24.26791794171093,23.76167244911153,24.030723995529698,2268400
2016-11-14,24.08383560180664,24.182960174646478,23.623613984915675,23.77230084417543,4263800
2016-11-15,24.296241760253906,24.359965075225368,23.96346684957323,24.193576269414237,3649400
2016-11-16,24.115694046020508,24.384745635341403,23.924524105645222,24.317484088481944,2090200
2016-11-17,24.13693618774414,24.289163965395684,23.9882493447194,24.04843172866631,2410400
2016-11-18,24.01302719116211,24.22543732362254,23.86079943439288,24.10506987129876,2596800
2016-11-21,24.22189712524414,24.267921167651863,24.051970094490652,24.133392675618776,2895000
2016-11-22,24.218364715576172,24.437854074823786,23.917447353737042,24.10507639991017,4200200
2016-11-23,24.115694046020508,24.271460044853256,23.9988675211898,24.05197073256208,2324000
2016-11-25,24.61486053466797,24.69628582810709,24.186499262781414,24.186499262781414,1480600
2016-11-28,24.98657989501953,25.075084355372297,24.664422362883396,24.685665270008474,2628000
2016-11-29,25.276870727539062,25.312271966324666,24.87682889653172,24.89098993223424,3714200
2016-11-30,24.331642150878906,25.01135561072711,24.324560283059398,25.01135561072711,4561200
2016-12-01,24.384746551513672,24.409527690959596,24.069670906726213,24.19003837042187,3985200
2016-12-02,24.52635955810547,24.827274231423345,24.3812136243159,24.554681638191017,4104200
2016-12-05,24.561758041381836,24.56883991107671,24.016570215378778,24.420153058787307,3844800
2016-12-06,24.519275665283203,24.62902032829627,24.38120892764041,24.62194116010969,2230000
2016-12-07,24.937013626098633,24.95471289477417,24.600695109967276,24.600695109967276,2275400
2016-12-08,24.926403045654297,25.021986695647325,24.60778637744023,24.738771279247626,3347200
2016-12-09,25.050294876098633,25.071535075211766,24.795401682977467,24.83434384864547,2004000
2016-12-12,25.33350944519043,25.372451613949398,24.91576839018241,24.97241252690131,2914800
2016-12-13,25.747716903686523,25.76895710831023,25.40785742405769,25.443261366352647,2553000
2016-12-14,25.372447967529297,26.122966465546767,25.34766683651149,25.903474518717136,3514200
2016-12-15,25.627347946166992,25.7052322931635,25.19898673862762,25.29103212152726,2921000
2016-12-16,25.90348243713379,25.924725342314712,25.570707533303374,25.570707533303374,9339000
2016-12-19,25.907026290893555,26.034472932574644,25.669834980353357,26.02031189450543,2155800
2016-12-20,25.924724578857422,26.076952340287004,25.783116919234782,25.846840231017897,2253800
2016-12-21,25.807897567749023,26.069869977471644,25.800815699384373,25.928262320534056,1931600
2016-12-22,25.907026290893555,25.988451584556078,25.77957964921247,25.793740687281684,2452800
2016-12-23,25.804359436035156,25.95658721111093,25.730016015780713,25.903483996374412,1408000
2016-12-27,25.846843719482422,25.945968284314354,25.655673758331492,25.7689593611311,1539800
2016-12-28,25.48573875427246,25.864537663824386,25.44679658311786,25.864537663824386,1537400
2016-12-29,26.020313262939453,26.05217357456437,25.584870097471708,25.62027404497759,1740800
2016-12-30,26.00969123840332,26.105274867161768,25.907025740289853,26.073414557889546,1941400
2017-01-03,25.822059631347656,26.076952883792693,25.630889692013874,26.020308738386458,2525800
2017-01-04,25.935352325439453,26.091118366091067,25.825604938888205,25.90703024497834,2502400
2017-01-05,25.843307495117188,25.988456135035225,25.62027718359445,25.903489891742677,4608800
2017-01-06,25.928264617919922,26.158376743215015,25.58486689722532,25.751255706299336,5032200
2017-01-09,25.167123794555664,26.045089116120813,25.1458835911194,25.99198590658872,4325000
2017-01-10,25.220226287841797,25.35829300813933,25.096320603080084,25.273329495865777,3030600
2017-01-11,25.383079528808594,25.468045760044728,25.255632882896325,25.298115998514394,2229000
2017-01-12,25.429101943969727,25.48574339354265,25.245011155738784,25.34059748449686,1917600
2017-01-13,25.340599060058594,25.471583939619748,25.255632829003773,25.443264563543398,1453200
2017-01-17,25.538843154907227,25.715852049909877,25.43263673752908,25.468040677282723,2645600
2017-01-18,25.450340270996094,25.676911454444006,25.41139809562771,25.517604519530853,2435600
2017-01-19,25.163589477539062,25.411400892667654,25.121106363113363,25.411400892667654,2520000
2017-01-20,25.19544792175293,25.31227445206538,24.965335795636733,25.21314989335481,1923800
2017-01-23,25.021984100341797,25.27333647337838,25.00074389164471,25.25209626468129,1575000
2017-01-24,24.937013626098633,25.16004385818809,24.9157707223701,25.050299209199185,2535400
2017-01-25,24.98657989501953,24.997199998111178,24.806030039636184,24.866212424450037,2423000
2017-01-26,24.9688720703125,25.103400547120366,24.830805360597907,25.032595374868556,1657400
2017-01-27,24.9759521484375,25.135259047942444,24.86620481454607,25.067994814358112,1831800
2017-01-30,24.997194290161133,25.09277789710183,24.788322406933435,25.09277789710183,2106400
2017-01-31,25.361835479736328,25.482202938616986,24.968875497854878,24.997197570643447,4071800
2017-02-01,25.0361385345459,25.368916121362012,24.816646532463146,25.191907226407295,2659800
2017-02-02,25.29103660583496,25.29811577457101,24.922857709896697,25.06092445825581,2829400
2017-02-03,25.42555809020996,25.528223575524436,25.301652401361956,25.358293844431852,1873400
2017-02-06,25.372447967529297,25.556538684467878,25.354748703054128,25.485733523745072,2646800
2017-02-07,25.32945442199707,25.494303400406842,25.22911180332428,25.447716537203416,2097200
2017-02-08,25.587480545043945,25.601815595827787,25.340205703752574,25.354540754536416,1886000
2017-02-09,25.444128036499023,25.62689648231784,25.31869978314527,25.587475783530824,2357600
2017-02-10,25.669902801513672,25.69498845600443,25.361706055409318,25.408295652414502,2047400
2017-02-13,25.788158416748047,25.802493463434516,25.616143324771617,25.6842313788691,1557800
2017-02-14,25.368877410888672,25.734411659551096,25.2936204401091,25.687824792153705,2966600
2017-02-15,25.36170768737793,25.73441081674559,24.95316829702195,25.429798497147743,3582600
2017-02-16,26.078445434570312,26.10711553876255,25.358127522128836,25.397548231860252,4727400
2017-02-17,26.357969284057617,26.400971697134874,26.110694472339226,26.160865777016717,3422600
2017-02-21,26.486982345581055,26.55865485775516,26.128614316448353,26.26837762907962,2451200
2017-02-22,26.415306091308594,26.51564869817586,26.196701383148778,26.42964114002263,3339000
2017-02-23,26.92776870727539,26.999441206718725,26.483393195639422,26.54073064836797,2181000
2017-02-24,27.164291381835938,27.18579258365946,26.917016624343656,27.07111495038327,2518600
2017-02-27,27.049617767333984,27.18579662266585,26.94210627398245,27.160710972101274,2785200
2017-02-28,27.472497940063477,27.519084805523075,27.0030339026352,27.013784507423455,3800400
2017-03-01,27.0854549407959,27.486825363468064,27.056784843710474,27.18221310079553,3730800
2017-03-02,27.071121215820312,27.31122713885543,26.86685154882862,27.010199307133387,4019800
2017-03-03,27.013784408569336,27.13204652907028,26.83460037173691,27.10337642698555,2077200
2017-03-06,26.866849899291992,27.04603390263887,26.78800850035842,26.99586260043222,2731200
2017-03-07,26.877599716186523,26.97435787214723,26.816677813021233,26.83101286096557,2963600
2017-03-08,26.264801025390625,26.741431302641118,26.25046597184942,26.57658228811509,4064800
2017-03-09,26.214618682861328,26.404553277691573,26.085605989367057,26.25045493458068,3758600
2017-03-10,26.37946319580078,26.44396953170957,26.25403496879211,26.397382685715,1943000
2017-03-13,26.547903060913086,26.551484772469024,26.32212946286497,26.361550163027946,2711600
2017-03-14,26.46906089782715,26.641076008007744,26.422474041763838,26.537151693261194,1854800
2017-03-15,26.94210433959961,27.0460313799428,26.469058724252022,26.5658168740167,2651000
2017-03-16,26.859682083129883,27.056785588353076,26.777258969404564,26.995863680968096,3087600
2017-03-17,27.024538040161133,27.153548032676923,26.79159824292965,26.79159824292965,5096800
2017-03-20,26.94927978515625,27.12488212115941,26.802350287219685,27.07112635981419,2716400
2017-03-21,27.149965286254883,27.210887200925537,26.891939842789345,26.93136054854832,4086400
2017-03-22,27.422317504882812,27.777103785020255,27.24313350914379,27.24313350914379,5026000
2017-03-23,27.461740493774414,27.590753200200346,27.27539032567642,27.354231727840155,2750000
2017-03-24,27.5262451171875,27.623006007991826,27.25388740663135,27.25388740663135,2587600
2017-03-27,27.407997131347656,27.726944563979718,27.253898718515043,27.623017473080328,2301800
2017-03-28,27.418739318847656,27.440240526178957,27.235970854138166,27.32556286352678,1617400
2017-03-29,27.304061889648438,27.43665631483335,27.18579978005284,27.35423319660454,1157600
2017-03-30,27.18221092224121,27.30405745802324,27.060367120589905,27.30405745802324,1415400
2017-03-31,27.221635818481445,27.35064853079761,27.164298354191565,27.18938400746798,1653600
2017-04-03,27.124879837036133,27.164300543094328,26.952861962042974,27.164300543094328,2092000
2017-04-04,27.16787338256836,27.311221109225556,26.97435436170071,27.12487097846253,2399200
2017-04-05,27.282556533813477,27.32914612652287,27.042450615236405,27.160712718701898,5107200
2017-04-06,27.192975997924805,27.261066825754593,27.020960805904114,27.164308622009475,2158800
2017-04-07,27.218053817749023,27.397237852715456,27.149965743671125,27.228807156517377,3160600
2017-04-10,27.18221092224121,27.257467870460673,27.060367120589905,27.228800509803776,1484000
2017-04-11,27.45098304748535,27.515489384617876,27.08544895982127,27.24312899071051,2258400
2017-04-12,27.623010635375977,27.633761239681647,27.264642576486715,27.35781630322338,2359800
2017-04-13,27.590755462646484,27.651680109215853,27.40082083320337,27.60150606670836,2831800
2017-04-17,27.640932083129883,27.741277453298263,27.580010158983626,27.644516529883123,1220800
2017-04-18,27.554922103881836,27.73769059455939,27.515501395419392,27.612262310420494,2125200
2017-04-19,27.364978790283203,27.59074963025072,27.253885592952773,27.565663981365443,1944000
2017-04-20,27.164291381835938,27.36497655653666,27.03169425761985,27.36497655653666,1473800
2017-04-21,27.382905960083008,27.45457848152715,27.182217978602832,27.182217978602832,2151400
2017-04-24,27.40082359313965,27.519085717994667,27.160717631135718,27.461745511714106,4084800
2017-04-25,27.49041175842285,27.519081857541213,27.21805128506071,27.36856793836653,3110000
2017-04-26,27.23239517211914,27.45099996410911,27.14280313389807,27.325571657426018,2755000
2017-04-27,27.479663848876953,27.655263438463102,27.196552744122158,27.196552744122158,2667400
2017-04-28,27.329137802124023,27.554908602954352,27.21087573468091,27.536989113658052,2688800
2017-05-01,27.164291381835938,27.39364664838832,27.114120088160757,27.3542259556249,1789600
2017-05-02,27.329137802124023,27.33630395736443,27.060361867460692,27.189374534829508,2106200
2017-05-03,27.39366340637207,27.50475666259513,27.157139105098587,27.282567416016896,2117800
2017-05-04,27.4366512298584,27.501157574579693,27.31480743101299,27.347059236308308,2341800
2017-05-05,27.723350524902344,27.744851731396782,27.508330257564864,27.508330257564864,1716000
2017-05-08,27.644506454467773,27.7269322949605,27.544163855002388,27.71617895861997,2481600
2017-05-09,27.26755142211914,27.65537902278855,27.24580219340648,27.564765071554405,1845000
2017-05-10,27.430662155151367,27.45603395710623,27.2168117398298,27.3001778121495,2366200
2017-05-11,27.321929931640625,27.445166398994353,27.169699088426835,27.311056695028153,2454600
2017-05-12,27.43791389465332,27.50678140901588,27.31105486713235,27.3255534367518,1944400
2017-05-15,27.474157333374023,27.709751447605793,27.376292695331596,27.419788397274782,2006800
2017-05-16,27.23493194580078,27.539396293272755,27.227684045647973,27.47415413062295,1414000
2017-05-17,27.321929931640625,27.51403391796613,27.18782299299401,27.234941273421256,2255000
2017-05-18,27.463274002075195,27.535766819293883,27.14068857007714,27.365412155477742,1975800
2017-05-19,27.43428611755371,27.510401519614994,27.23130894673808,27.49952828579465,2215600
2017-05-22,27.67713737487793,27.778624601403006,27.358177125039184,27.379923597774695,2967000
2017-05-23,27.749624252319336,27.916353643092343,27.655387704481903,27.684382076336927,1561600
2017-05-24,27.916353225708008,27.941725029026315,27.698880230791197,27.742375935902224,1646000
2017-05-25,28.220821380615234,28.3114353709806,27.82574294465608,27.981599118697293,2717000
2017-05-26,28.144697189331055,28.296927982025885,28.10120149199596,28.267930850469156,2131600
2017-05-30,28.35855484008789,28.48541387885719,28.108462096605447,28.15920571211317,2081200
2017-05-31,28.655771255493164,28.808004881282073,28.28969267655385,28.398427820323192,4367400
2017-06-01,28.94934844970703,28.996466712600327,28.456408294367343,28.61226441356031,3368600
2017-06-02,29.08346939086914,29.20308053752825,28.985607485169805,29.03997643958939,1951400
2017-06-05,29.043590545654297,29.094334150907788,28.916731532520572,29.06533978027657,2366400
2017-06-06,29.007343292236328,29.108830494989764,28.945726457038727,29.09433192812229,1984000
2017-06-07,29.159574508666992,29.21756877695689,28.992845135311907,29.025467602554702,2436800
2017-06-08,28.746376037597656,29.15957553509171,28.59051989273102,29.15957553509171,2973600
2017-06-09,28.73550796508789,28.815248718458015,28.485412468666954,28.688389685968957,2211200
2017-06-12,28.688377380371094,28.96746713213421,28.503524146424013,28.73549563927911,2299200
2017-06-13,28.771745681762695,28.851486414828482,28.58326984795895,28.70288094755763,1578600
2017-06-14,28.78624725341797,29.00009767490298,28.73912898137779,28.89861046415854,2020200
2017-06-15,29.007343292236328,29.039965759017864,28.61951561581778,28.77174641994793,1764600
2017-06-16,29.000093460083008,29.068958191468585,28.807992301190783,29.06171029117699,4105000
2017-06-19,28.815244674682617,29.029092332965448,28.724630697718204,29.029092332965448,1400800
2017-06-20,28.90223503112793,28.952978640009714,28.757252106328846,28.82974495138803,1165600
2017-06-21,28.768125534057617,28.97472528468927,28.58327225233907,28.97472528468927,1446200
2017-06-22,28.702882766723633,28.905857179887228,28.684758866125893,28.797119306938743,1383200
2017-06-23,28.630390167236328,28.876860284688405,28.619516932915047,28.702883004909882,2066200
2017-06-26,28.913108825683594,28.992849574131096,28.626771069450246,28.724632955523507,1494800
2017-06-27,28.318668365478516,28.8587294547781,28.31142046680544,28.749991617455454,1822200
2017-06-28,28.209941864013672,28.521654142701475,28.199068630041594,28.474533108397257,1803000
2017-06-29,27.86560821533203,28.032337595213175,27.735123871891304,27.95984752233234,1729800
2017-06-30,27.825740814208984,28.075836293371363,27.814867578648762,27.96347583882331,2597000
2017-07-03,27.716997146606445,27.934470086709922,27.688000017174392,27.9308447542013,1058600
2017-07-05,27.53214454650879,27.74236959182612,27.474153051607978,27.731496359364623,2091600
2017-07-06,27.372669219970703,27.56477317593541,27.332801613798985,27.4959056678477,1786000
2017-07-07,27.470521926879883,27.597380887713438,27.325539072219556,27.372657324724035,1815600
2017-07-10,27.296552658081055,27.637262085413155,27.292930090148737,27.448786236128417,2284800
2017-07-11,27.249431610107422,27.383541273549984,27.122572612428645,27.34004557492351,2269000
2017-07-12,27.43428611755371,27.575643687855933,27.38354251617952,27.51764942038893,1327400
2017-07-13,27.20594596862793,27.40892320526676,27.169700922366637,27.372675393685693,1777400
2017-07-14,27.361793518066406,27.48865252259071,27.329173816325397,27.401663885962456,1048600
2017-07-17,27.405290603637695,27.474158108995525,27.267558358241075,27.372668134929604,2353600
2017-07-18,27.416162490844727,27.503151127593203,27.354545655036176,27.463280759642046,1461800
2017-07-19,27.51040267944336,27.539399814399367,27.354546535703545,27.463281643810095,1437000
2017-07-20,27.716997146606445,27.764115407944686,27.383538454093223,27.54664246784121,2561600
2017-07-21,27.974342346191406,27.97796767894598,27.713373694235155,27.73512016012529,2038000
2017-07-24,27.65901756286621,27.97435529078289,27.615524610960417,27.869242714810664,1436200
2017-07-25,27.33642578125,27.666262007368626,27.278434269982572,27.640890202691754,1783800
2017-07-26,27.416162490844727,27.485029992818344,27.242185217347775,27.274804919133864,1479600
2017-07-27,27.60101890563965,27.60101890563965,27.28568125921546,27.332802298695857,1491600
2017-07-28,27.63726043701172,27.713375838836047,27.45965783275496,27.60464073565224,1643000
2017-07-31,27.807613372802734,27.86560487108384,27.54664471724104,27.63363334732204,3394800
2017-08-01,27.96347427368164,27.988846077008514,27.774995650122722,27.854736393526945,2244800
2017-08-02,27.738744735717773,28.155569500919132,27.564767482708287,27.930845886686757,3349600
2017-08-03,27.858360290527344,27.98521930062065,27.72425061396069,27.83298848850868,2241000
2017-08-04,27.86560821533203,27.872858881811528,27.53577478880949,27.74599987161055,2136200
2017-08-07,27.760498046875,27.894607735019054,27.720630439106007,27.843864126601144,2601200
2017-08-08,28.4130859375,28.4130859375,27.764168947454422,27.77883130456171,3494800
2017-08-09,28.160112380981445,28.475406152690503,28.15278120361013,28.464407988087675,2144800
2017-08-10,28.171110153198242,28.23343774689898,27.973137598921408,28.130784482580125,2482200
2017-08-11,27.93647003173828,28.22610044887158,27.852148916158878,28.22610044887158,1614800
2017-08-14,28.24810218811035,28.328756324409866,27.888812974938546,28.017129552110045,1341800
2017-08-15,28.438743591308594,28.44974175549362,28.002464431358543,28.057458049375278,2032400
2017-08-16,28.640390396118164,28.680718869153424,28.35809108487134,28.427749865039885,1968200
2017-08-17,28.43140983581543,28.721037456727245,28.40941071234884,28.65504847760153,1224600
2017-08-18,28.537734985351562,28.61839193329933,28.33976240032427,28.40941838502198,1751400
2017-08-21,28.68804931640625,28.746709929178124,28.471744600266884,28.54506756913976,2960800
2017-08-22,28.81637191772461,28.849369218560607,28.603731347736097,28.680724117322583,2365000
2017-08-23,29.025341033935547,29.040006187929528,28.73571053601169,28.77603901022211,1861800
2017-08-24,28.9593448638916,29.08766144558577,28.86768976309695,28.981343990104673,1780000
2017-08-25,29.274639129638672,29.391957548756857,29.003340809882566,29.094995912227766,1864400
2017-08-28,29.270973205566406,29.336964993535634,29.13165845189441,29.329633815802097,1573400
2017-08-29,29.274639129638672,29.410289688062598,29.179317040013974,29.36996121926337,1991600
2017-08-30,29.102323532104492,29.285633714386286,29.080327205299927,29.23064289737487,1272800
2017-08-31,29.025341033935547,29.219649429444587,29.007011689262164,29.135328290344347,2251200
2017-09-01,29.058334350585938,29.16831879484187,28.937348944521844,29.09866281927397,1909400
2017-09-05,29.252643585205078,29.263641750246983,28.977678270790168,29.109661845476673,1765200
2017-09-06,28.864032745361328,29.30397621966001,28.834702434516778,29.300309231531344,3475400
2017-09-07,29.043672561645508,29.131660686656982,28.88602565590841,28.91168897558226,1491000
2017-09-08,29.259971618652344,29.31496523504419,28.959343019080652,29.072997238848203,1489000
2017-09-11,29.454286575317383,29.509280204037385,29.149993717638722,29.245313023855097,1941200
2017-09-12,28.977685928344727,29.501953378254136,28.882363810972315,29.450626729767276,1686000
2017-09-13,28.68071746826172,28.959346981142346,28.658718340440267,28.959346981142346,2460000
2017-09-14,29.014345169067383,29.069338801633755,28.570734714658695,28.633059526257494,1707800
2017-09-15,28.915342330932617,29.10965063072546,28.798023953863872,28.970333134956444,3026400
2017-09-18,28.732040405273438,28.996004731316777,28.530398075908856,28.959343252457277,1702600
2017-09-19,28.614728927612305,28.827366675353154,28.493743500680498,28.761374878580554,1544800
2017-09-20,28.52306365966797,28.746702291531758,28.358082827899423,28.706373830238864,3323600
2017-09-21,28.581727981567383,29.09499713570235,28.55239767628153,28.80169967702755,2175200
2017-09-22,28.13811492919922,28.77236943454512,28.068456160038078,28.66971337580022,1760200
2017-09-25,28.508405685424805,28.519403850892502,28.13811826449136,28.178446735934205,1846800
2017-09-26,28.394752502441406,28.57439853538481,28.372756170689986,28.50473975538259,1513800
2017-09-27,28.03179931640625,28.26643618101603,27.87781939846084,28.211442554009224,2152600
2017-09-28,27.987804412841797,28.149118309383585,27.855823621325563,27.987804412841797,1686400
2017-09-29,27.99513816833496,28.086793282087474,27.863154580763975,27.965807860632054,2299200
2017-10-02,28.01712989807129,28.193108918287802,27.95113811512655,28.09778683245837,1922400
2017-10-03,27.745834350585938,28.039131814440697,27.500199332935427,28.039131814440697,1994400
2017-10-04,28.7467098236084,28.757707989189743,27.588187899446122,27.665177855607496,5197200
2017-10-05,28.996004104614258,29.083995008485132,28.526730472335526,28.743037947987073,3353800
2017-10-06,28.83469581604004,29.051000515411925,28.46074143133739,28.776035207815408,3850800
2017-10-09,28.911684036254883,29.040000612702283,28.856690418608398,28.89701888507638,2245800
2017-10-10,29.19764518737793,29.25996997714952,28.820026664878903,28.981340518020765,2030800
2017-10-11,29.45795440673828,29.597271976431003,29.14999455243438,29.157325731163994,3284400
2017-10-12,29.989545822143555,29.996876998441305,29.32962807169392,29.446946472097043,2784400
2017-10-13,30.169187545776367,30.367162861296887,30.01520767717968,30.0628673135288,3046200
2017-10-16,30.579805374145508,30.777777905835826,30.161855593101077,30.260844656037587,4185800
2017-10-17,31.016084671020508,31.016084671020508,30.572474331389813,30.59447065988818,3119800
2017-10-18,31.038082122802734,31.082074777427056,30.77777919651531,30.77777919651531,2842400
2017-10-19,31.294719696044922,31.320383013906554,30.99409105948357,31.16273611930171,3031400
2017-10-20,31.404701232910156,31.426697559337754,31.148065303859006,31.25438554341131,3234000
2017-10-23,31.2470645904541,31.525694140004166,31.243397602485942,31.507364794347914,3450600
2017-10-24,31.52201271057129,31.67599255591917,31.04540523067653,31.40102734761621,3593400
2017-10-25,31.654010772705078,31.709004403901346,30.93177077958064,31.573356616988463,3173200
2017-10-26,31.595352172851562,31.895980845952714,31.56968885187069,31.81165690724859,2025600
2017-10-27,31.8116512298584,31.837314546259165,31.481695103874728,31.580681382251488,2284800
2017-10-30,31.67233657836914,31.7859880089007,31.536686021505364,31.7859880089007,2293400
2017-10-31,31.624670028686523,31.76398474528219,31.54401310962389,31.599006717811243,1958400
2017-11-01,31.40836524963379,31.661334190523554,31.250718384557622,31.64666904062213,2737000
2017-11-02,31.76398277282715,31.80431122985418,31.265378937848325,31.492684532265148,4434200
2017-11-03,31.895978927612305,32.207605748521146,31.639345733238446,31.705337525662017,2124600
2017-11-06,31.661340713500977,31.998630839449437,31.6173452547326,31.870314247739906,1912000
2017-11-07,31.840980529785156,31.92163746367128,31.540351919813357,31.657670333531826,1823400
2017-11-08,31.944698333740234,32.037302401240915,31.707632147022643,31.78912417859154,3875800
2017-11-09,32.01137161254883,32.07804665051967,31.715040308496437,31.84098047685707,2693000
2017-11-10,31.53352928161621,31.963213419124386,31.522417248068805,31.837270444800822,2393200
2017-11-13,32.09286117553711,32.11138311701589,31.5705757732431,31.5705757732431,2952200
2017-11-14,32.38179397583008,32.41142795964572,31.9261834853866,32.011377656291266,2439400
2017-11-15,32.01507568359375,32.57810712400513,31.959512682474795,32.4114209466999,3161400
2017-11-16,31.818761825561523,32.037306093545496,31.781720759502633,31.95211192421527,1750600
2017-11-17,32.04470443725586,32.30769958522523,31.729851250309494,31.729851250309494,2431600
2017-11-20,31.726152420043945,32.04471062155315,31.570578273088767,32.04471062155315,2015000
2017-11-21,31.711336135864258,31.8965442652287,31.666885167438153,31.75208215040858,1577000
2017-11-22,31.674299240112305,31.75208632554752,31.429823120699776,31.67800136842911,1145000
2017-11-24,31.622440338134766,31.826167606149017,31.58539644753938,31.689115384733558,470200
2017-11-27,31.88542938232422,31.996552554388717,31.577983236781193,31.707628350548877,2927200
2017-11-28,31.981748580932617,32.152142600997976,31.900259352011254,32.02619956347828,2436400
2017-11-29,31.91135597229004,31.98914303462049,31.65576789173905,31.859497930736406,1663200
2017-11-30,32.03360366821289,32.13731978263717,31.763198518990603,31.940999590898052,2810200
2017-12-01,31.67799949645996,32.25955295172563,31.526130288932993,32.15954179809099,2639400
2017-12-04,31.25202178955078,31.759490271951137,31.137190823869958,31.74097115403943,5330800
2017-12-05,30.792713165283203,31.33352074997122,30.659363040176267,31.318706581450677,3403600
2017-12-06,30.96309471130371,31.048291697027523,30.744550468095643,30.885307633582947,2297000
2017-12-07,31.003847122192383,31.01125703172384,30.744556809640493,30.940877021437274,1601000
2017-12-08,31.12977409362793,31.218673179785824,30.848257023735112,30.944566015602575,1890000
2017-12-11,31.329809188842773,31.34832830694454,30.98532194036857,31.055699110838336,4607200
2017-12-12,30.840869903564453,31.570590655410673,30.792713963439827,31.392789541975183,3082000
2017-12-13,30.863073348999023,31.040874343562965,30.733428262364342,30.877890334050264,2457000
2017-12-14,30.618614196777344,30.837158467852248,30.31857505753678,30.766778463108423,2577200
2017-12-15,31.040882110595703,31.148300333506185,30.72232391741192,30.751955068877756,9288800
2017-12-18,30.629718780517578,31.14829923858617,30.492663758855713,30.996430054737953,3578000
2017-12-19,30.01484489440918,30.696412641109823,29.99262081144776,30.66307369061442,3405200
2017-12-20,29.707386016845703,30.107436297580097,29.69997893433673,29.948157176142445,1956600
2017-12-21,29.67774772644043,29.92963086197577,29.507356609174078,29.592550754781552,1957400
2017-12-22,29.748136520385742,29.944456736068208,29.69627845684896,29.740729436760134,2328200
2017-12-26,29.59625816345215,29.948152461295944,29.566624185977485,29.82961937744893,1269600
2017-12-27,29.81850814819336,29.86295911560655,29.559217903412364,29.62218798770893,2043400
2017-12-28,30.062986373901367,30.066688501911038,29.807398238638143,29.911114343947304,1581200
2017-12-29,30.148178100585938,30.22596517328675,30.040757049889095,30.170402171057116,1554200
2018-01-02,30.596384048461914,30.60749608465208,29.966677505235676,30.266713786577927,3626400
2018-01-03,30.25931167602539,30.72973918369521,30.19633875051487,30.49267295251559,2949800
2018-01-04,29.83332061767578,30.28522882673287,29.792574610232844,30.200031858610924,2190600
2018-01-05,29.603666305541992,29.970380431314716,29.514767195984245,29.885183449535226,2657000
2018-01-08,29.94445037841797,29.95926736857583,29.622190027153255,29.66663817157492,2222000
2018-01-09,29.67774772644043,30.01112005419336,29.56662173315518,29.90740396768788,1876400
2018-01-10,29.4406795501709,29.599958622345866,29.26287853837394,29.54069067639648,1961600
2018-01-11,29.32585906982422,29.59626422406269,29.24807198256301,29.366605090682786,2967200
2018-01-12,28.97395896911621,29.336965304535582,28.96284693399851,29.1665741719436,1997400
2018-01-16,28.770235061645508,29.111017399753287,28.470198745056297,29.036935265748035,2704800
2018-01-17,29.081388473510742,29.159175568001373,28.81098329414117,28.892475343432068,2695200
2018-01-18,28.81468963623047,29.11843094526865,28.65541048478041,29.092501912523414,2138200
2018-01-19,28.51834487915039,29.01099914542318,28.433150728472583,28.873944122354725,2765400
2018-01-22,28.459081649780273,28.836904987743484,28.392406610604205,28.70725986324884,2696200
2018-01-23,28.766536712646484,29.04064403574197,28.47390744059007,28.510948512459304,2642400
2018-01-24,28.41092872619629,28.7702329848955,28.377592616115937,28.751713865757104,3891400
2018-01-25,28.92209815979004,28.92950524047741,28.355361814484482,28.41092198476825,2123400
2018-01-26,28.999893188476562,29.08879231139634,28.688742019179095,28.999893188476562,2740200
2018-01-29,28.459081649780273,28.948030995054182,28.418335635503134,28.89246799139883,2110400
2018-01-30,28.855422973632812,29.033221169683877,28.451667840091485,28.451667840091485,3572400
2018-01-31,29.148056030273438,29.192504172230795,28.488715548089605,28.84431481400723,3264600
2018-02-01,28.566503524780273,29.25547800739667,28.440560524469355,29.066564919956214,3686800
2018-02-02,28.144229888916016,28.692444394709028,28.114595908588846,28.425744223868357,2419600
2018-02-05,27.56267547607422,28.3887021596677,27.555265568227963,28.103482880726677,3394400
2018-02-06,27.321901321411133,27.540445535849592,26.65144603798907,27.27745035740008,4878600
2018-02-07,27.284412384033203,27.91806259247724,27.22442340591337,27.29191279415338,3519800
2018-02-08,27.003210067749023,27.633110140910322,26.9919623118911,27.209428460373026,3145400
2018-02-09,27.794328689575195,28.068036419224008,27.04819815178386,27.119437737699585,3234000
2018-02-12,27.981794357299805,28.12052330206096,27.528116924627994,27.83931806904035,2499600
2018-02-13,28.139272689819336,28.22550736312444,27.614355659826664,27.95554986995291,1515000
2018-02-14,27.738088607788086,28.090530594856453,27.64435351942252,27.944304085851602,1642000
2018-02-15,28.61170768737793,28.64545381875069,27.689354431343492,27.85432916123497,3253800
2018-02-16,28.765424728393555,28.87040757096073,28.58545209787275,28.58545209787275,2698200
2018-02-20,28.28174591064453,28.761669019428155,28.060529654227707,28.5891968309945,1810000
2018-02-21,27.910564422607422,28.51421869829105,27.906814217630682,28.27800441441678,2396000
2018-02-22,28.131771087646484,28.431724480790873,27.858066262427222,28.008040098431856,3595000
2018-02-23,29.147872924804688,29.192866813460693,27.576874215104098,28.049297173431988,4001000
2018-02-26,28.85165786743164,29.24534636659366,28.701684020672552,29.230348409804197,2237600
2018-02-27,28.51046371459961,29.380325186466866,28.502963305903297,28.870406096692843,3747400
2018-02-28,28.427978515625,28.76167521345778,28.42048096693383,28.645444615052742,3564600
2018-03-01,28.450475692749023,28.95664750644666,28.334245087519452,28.446728348467406,3595800
2018-03-02,28.697935104370117,28.79916774153286,28.367988621896405,28.424227386671323,3320800
2018-03-05,29.459060668945312,29.56404350028775,28.51421232629574,28.66793636917071,2987200
2018-03-06,29.140363693237305,29.38782283023332,28.945393114447448,29.38782283023332,2904200
2018-03-07,28.780424118041992,29.140366536425724,28.5817061760709,29.024135935024077,2913200
2018-03-08,28.742931365966797,28.885407682852847,28.581706885552098,28.885407682852847,2874600
2018-03-09,28.787918090820312,28.851657260408665,28.56670466910743,28.802916047294225,3200000
2018-03-12,28.956640243530273,28.982885949759414,28.7166758229914,28.840406806886264,2108000
2018-03-13,28.904150009155273,29.31658667976612,28.81416512673465,29.01663325760693,1653200
2018-03-14,29.057876586914062,29.211603500639963,28.89665212497686,28.997884758952406,1997000
2018-03-15,29.06912612915039,29.402822826169633,28.941647777735387,29.069126129150387,2174200
2018-03-16,29.575294494628906,29.62403857207311,29.11411945487538,29.166610876301505,6991000
2018-03-19,29.447818756103516,29.710275886500444,29.30534243682635,29.575297116419687,2650800
2018-03-20,29.530309677124023,29.62404478655827,29.324091292141272,29.380332929915525,3040200
2018-03-21,29.339088439941406,29.620293760452025,29.039134953836033,29.52655865361515,2344200
2018-03-22,29.3765811920166,30.051475088961688,29.219106902918874,29.3765811920166,2350000
2018-03-23,29.00164222717285,29.67653615793828,28.94165324475399,29.477818184037492,1663400
2018-03-26,29.29783821105957,29.34657942590819,28.982889695604857,29.050379071854838,1497000
2018-03-27,29.729026794433594,30.036477830092274,29.21535737973683,29.327840652042774,2077000
2018-03-28,29.62028694152832,30.01397544383904,29.48905839428068,29.834002821493854,2599800
2018-03-29,29.537799835205078,29.882744265062104,29.5303022869768,29.69902429750727,2603400
2018-04-02,29.57903480529785,29.9539750389668,29.350321033914437,29.605280507232,2445000
2018-04-03,29.691524505615234,29.897739962839882,29.40656906482075,29.519052303719718,2350400
2018-04-04,29.71027946472168,30.010232958930725,29.48531577434916,29.695281503954376,2312200
2018-04-05,29.905244827270508,29.980231757331946,29.204105302867195,29.717774641548896,2623800
2018-04-06,29.612794876098633,30.002730385667927,29.530307528108402,30.002730385667927,2082200
2018-04-09,29.605297088623047,29.85275915451572,29.522809733325488,29.620295049637924,1856400
2018-04-10,29.43657684326172,29.882754053473516,29.36533723920264,29.684036063802136,2985400
2018-04-11,29.414073944091797,29.575298434396966,29.305343742773516,29.41782414914121,1506800
2018-04-12,29.00164222717285,29.552805127203197,28.926655284007147,29.46282022329065,1419800
2018-04-13,29.489065170288086,29.534056190786593,29.057883106910563,29.057883106910563,2721400
2018-04-16,29.856504440307617,29.931494240210395,29.552803617264395,29.597797497206063,2511600
2018-04-17,30.051471710205078,30.145206804210353,29.684028883054452,29.845253359166247,2495600
2018-04-18,29.830259323120117,30.216447503509325,29.80401360777042,30.111464642110523,2915800
2018-04-19,30.00272560119629,30.130206807916117,29.624037906638133,29.807757877502734,3793800
2018-04-20,29.612794876098633,30.043974059663043,29.477816099490674,29.998983041172604,2832800
2018-04-23,29.714017868041992,29.897737808475433,29.567791384350645,29.744013777662623,1758800
2018-04-24,30.032732009887695,30.328935333677574,29.76277440539217,29.807768292997714,2773200
2018-04-25,29.777755737304688,30.05146339471283,29.32407835112366,29.762757783145734,2443200
2018-04-26,30.478900909423828,30.493898866453144,29.71777246873485,29.860248769661638,3431000
2018-04-27,30.786352157592773,30.90258274991916,30.347672637617855,30.400164057414795,3899800
2018-04-30,30.591384887695312,30.910086505989916,30.58388733858435,30.805103655027615,2122800
2018-05-01,30.456401824951172,30.681365432817746,30.366414093350564,30.60262831309282,1871800
2018-05-02,30.598880767822266,30.640124433247607,30.30267756184379,30.38891509697888,3854000
2018-05-03,30.87635040283203,30.981333287860895,30.302691880660703,30.55765154168897,3193400
2018-05-04,30.820104598999023,30.97758176587983,30.75636540747774,30.865098483903353,1945800
2018-05-07,30.576387405395508,30.902583686799005,30.516395574912885,30.812598801643,1835400
2018-05-08,29.77025604248047,30.35516190964023,29.597783872947904,30.343914159974396,3077800
2018-05-09,29.584461212158203,29.91435820803323,29.413826530875586,29.819560519988254,2050600
2018-05-10,29.940906524658203,29.978825027710172,29.58825894958183,29.811983035682236,1454400
2018-05-11,29.89919090270996,30.03949252564803,29.830936450063867,30.012949288118765,986400
2018-05-14,29.785432815551758,30.00536123892273,29.618587969619046,29.97881800370577,2456200
2018-05-15,29.40624237060547,29.72096847891943,29.23181208836478,29.637548948146716,2031400
2018-05-16,29.186311721801758,29.48966257801597,29.038427564635732,29.451744082613665,1789600
2018-05-17,28.917089462280273,29.25456902234983,28.82608159284872,29.193897109395465,2585000
2018-05-18,28.871583938598633,29.011885559836987,28.609941391125655,28.93225584821388,2025800
2018-05-21,28.913291931152344,29.00050706825616,28.735071832762998,28.981546375365376,1755400
2018-05-22,29.076343536376953,29.231810221931514,28.85261951482853,29.030839610046215,1978400
2018-05-23,29.85747528076172,29.876435973196646,29.118054563727494,29.167348313864615,3917600
2018-05-24,30.138076782226562,30.1646200143383,29.648920453599985,29.77405118041513,2505600
2018-05-25,30.232877731323242,30.39592985854582,30.138080050216995,30.138080050216995,2256400
2018-05-29,30.19116973876953,30.50968859260478,30.047075396609436,30.172209043328692,3215000
2018-05-30,30.45659828186035,30.490726950757175,30.028113813014237,30.149454726766844,3964000
2018-05-31,30.68032455444336,30.76374408819387,30.293548374618815,30.49072918201841,3481400
2018-06-01,30.376972198486328,30.631029314901564,30.183584099679603,30.593110817271757,3198200
2018-06-04,29.69062614440918,30.536219591017684,29.671665456568093,30.475550597316815,3303200
2018-06-05,29.466915130615234,29.811980128631483,29.417621370754084,29.68684647706541,2453200
2018-06-06,28.97017478942871,29.516207519358947,28.905713054221017,29.46691376178764,1754600
2018-06-07,29.05738067626953,29.277311964302267,28.75402986901309,28.77678038398362,10891200
2018-06-08,29.155977249145508,29.2128564416358,28.82987296473011,29.13322672934775,4333000
2018-06-11,28.837451934814453,29.220432432862374,28.78436547185741,29.14838817198939,7077000
2018-06-12,29.190095901489258,29.262140153782834,28.83744850070098,28.856406296359328,8536600
2018-06-13,28.936054229736328,29.39487483314872,28.90572115895454,29.190114310135534,3997200
2018-06-14,29.087717056274414,29.19768270192161,28.894328997171044,29.000504818930477,3932000
2018-06-15,29.656503677368164,29.67546436916837,28.88295431844505,29.095303073224883,5780600
2018-06-18,29.72854995727539,29.97123176158006,29.501036127364173,29.576873106336144,6829600
2018-06-19,30.32767677307129,30.335259314981897,29.819559675187545,29.819559675187545,5213800
2018-06-20,30.4300479888916,30.486927161862344,30.13807247736766,30.335250331605334,6661800
2018-06-21,30.274587631225586,30.646195833495767,30.176000120680996,30.40730670610509,3688800
2018-06-22,30.41489028930664,30.608278385526734,30.221502193086543,30.4224757245287,4510600
2018-06-25,30.722034454345703,30.79028890764771,30.40730831861594,30.48693803196896,5540600
2018-06-26,30.676528930664062,30.995047737523546,30.593106511821187,30.642400262503102,3226200
2018-06-27,30.995052337646484,31.0595169664079,30.634822267902106,30.676533483514103,3282000
2018-06-28,30.813037872314453,31.14672465528601,30.740990711731467,30.98367253443724,6035200
2018-06-29,30.63481903076172,30.78649589941458,30.414887715864857,30.695488042425477,3977400
2018-07-02,30.877498626708984,30.888873884759715,30.52105844514387,30.748572285144725,3304200
2018-07-03,30.858545303344727,31.070894111981712,30.737204366836217,30.828212238964692,1149400
2018-07-05,31.07847023010254,31.093638205655004,30.73719801266088,30.91921082629494,3964000
2018-07-06,31.305980682373047,31.38940309236697,31.002629883207657,31.070884319294034,2448200
2018-07-09,30.392141342163086,31.343911002065298,30.282175669720548,31.343911002065298,3988200
2018-07-10,30.687904357910156,30.83578850376514,30.164622218192175,30.392136066200187,2444200
2018-07-11,31.173274993896484,31.24911488889881,30.695493780868492,30.737204999870723,3619200
2018-07-12,31.161897659301758,31.2680706122438,30.99126296964433,31.0595174241065,4215000
2018-07-13,31.05193328857422,31.233946139091806,30.92300980974618,31.082269245826502,2507800
2018-07-16,31.021589279174805,31.093636435698965,30.775117646214945,31.01400673832796,2448000
2018-07-17,30.97988510131836,31.146729967759427,30.96850984096938,31.078475512669534,1841800
2018-07-18,30.540014266967773,31.02917053611069,30.44521660766864,30.998834590816173,4864400
2018-07-19,30.714445114135742,30.907833171189353,30.5817289545873,30.60447946965409,2586400
2018-07-20,30.528642654418945,30.77890700048109,30.33904731319189,30.72202781951391,5002200
2018-07-23,30.111534118652344,30.66135946263189,30.016736446035498,30.566561790015044,2366000
2018-07-24,29.948490142822266,30.001576622471287,29.42141227831357,30.001576622471287,4449000
2018-07-25,30.050859451293945,30.16840762875193,29.846096150144643,29.91814330045508,2293200
2018-07-26,30.49830436706543,30.75236141051114,30.179782713868857,30.179782713868857,3807800
2018-07-27,30.5438175201416,30.78649938022624,30.426266414822248,30.54002480242266,1619600
2018-07-30,30.437641143798828,30.58931802695372,30.2745890006816,30.505895596568735,5557600
2018-07-31,30.82062530517578,30.858543803554998,30.369387363373935,30.57036090147616,4512000
2018-08-01,31.025394439697266,31.469047028558716,30.600699657054165,30.725833328680686,5231000
2018-08-02,31.381826400756836,31.616922807652376,30.843373352166825,31.11260132295971,3529000
2018-08-03,31.76481819152832,31.961999065772833,31.27187179191059,31.544889683635745,3618600
2018-08-06,31.64346694946289,31.90131677533886,31.594173193411542,31.70793157567876,2859200
2018-08-07,31.571434020996094,31.791362536495207,31.188450415580242,31.7610294642519,3631200
2018-08-08,31.667253494262695,31.7439099194324,31.441112068778263,31.494772151248092,2244400
2018-08-09,31.939376831054688,31.97770503071031,31.590583488403887,31.659575417485684,2929600
2018-08-10,31.96238136291504,32.26134549085565,31.950883192495006,32.02753961146519,2340400
2018-08-13,32.062042236328125,32.0927059785812,31.820568921404416,31.96622023497882,4530800
2018-08-14,32.18851852416992,32.28434049737038,31.916381546936613,32.08119545781158,5815800
2018-08-15,32.249839782714844,32.62162946875758,32.12718778647692,32.28816798324153,4679200
2018-08-16,32.63311767578125,32.64461584000421,32.085016095211145,32.24216547093387,3878200
2018-08-17,32.702117919921875,32.81710543996421,32.50664030555155,32.56796776270856,2553400
2018-08-20,32.667633056640625,32.7557876469951,32.49515172568866,32.70212756827804,1925800
2018-08-21,32.53730773925781,32.6407971039314,32.337999329309866,32.6407971039314,2836200
2018-08-22,32.30732727050781,32.698279518751235,32.200007160176426,32.57946124292059,1735000
2018-08-23,32.437644958496094,32.52963613453303,32.24983475819816,32.311162208889456,1828000
2018-08-24,32.61396408081055,32.629295946815425,32.24217729614632,32.406991200380745,1203800
2018-08-27,32.15785598754883,32.65612851217967,32.100362216638246,32.65612851217967,2432800
2018-08-28,32.05052947998047,32.188513333076614,31.927877491034348,32.14635143772757,2737000
2018-08-29,31.98154067993164,32.12718901721427,31.759233014404714,32.01603518445081,3133000
2018-08-30,32.322654724121094,32.395477403768744,32.04285339670164,32.11184530454114,2857800
2018-08-31,32.03902816772461,32.44914895133776,31.916376179624343,32.27666767403003,2681400
2018-09-04,32.3111686706543,32.3111686706543,32.019869070122574,32.02370276762091,2509000
2018-09-05,32.56413269042969,32.59096272073935,32.242172326713714,32.36099061462023,1815200
2018-09-06,32.78260040283203,32.88992050368525,32.47597196100188,32.61778655530646,1811000
2018-09-07,32.46831512451172,32.72895099314388,32.414655056639305,32.533473360606166,1808000
2018-09-10,32.65229034423828,32.817104223922904,32.45297904011762,32.571800252892864,1704200
2018-09-11,32.38398742675781,32.794105281414325,32.34949292624423,32.705950719488044,3263200
2018-09-12,32.211509704589844,32.54880194351993,32.180845976254176,32.40315362030664,2581400
2018-09-13,32.2805061340332,32.35716254131111,31.996873917999565,32.21917866880729,3167600
2018-09-14,32.10419845581055,32.24984681929258,31.80140063435023,32.2345149508858,2857800
2018-09-17,32.357154846191406,32.41848229683254,32.035194503086835,32.15784648011531,2003600
2018-09-18,32.169349670410156,32.395488100397685,32.0735277070078,32.3188316993775,1989800
2018-09-19,31.39127540588379,32.23450750365795,31.287786049111208,32.23450750365795,2012400
2018-09-20,31.617408752441406,31.667238036307847,31.111468990225873,31.31078027718415,2063400
2018-09-21,31.648075103759766,31.782225255583974,31.3299455121095,31.52925681560889,4265400
2018-09-24,31.29161834716797,31.663408011810933,31.27628648298893,31.590582388024018,2132000
2018-09-25,30.732011795043945,31.287777860728035,30.674518047912002,31.287777860728035,2514200
2018-09-26,30.31422996520996,30.847002684638415,30.275901770987694,30.843168987940054,3714000
2018-09-27,30.636194229125977,30.739680649326313,30.279736455152133,30.38705657217585,2952400
2018-09-28,31.096153259277344,31.15364704204287,30.728197143535333,30.728197143535333,2242000
2018-10-01,30.91216278076172,31.099972990811235,30.80100896380271,31.027147370397483,1331400
2018-10-02,31.364444732666016,31.48326302762156,31.01948509089522,31.01948509089522,2002400
2018-10-03,30.789505004882812,31.43342852816621,30.532702919662032,31.303109175324376,1573000
2018-10-04,31.122982025146484,31.142147593367536,30.498223686159086,30.75502592449239,2097200
2018-10-05,31.720901489257812,31.766894157131734,31.145969746801313,31.157467913769793,2448600
2018-10-08,32.05820083618164,32.32267043213425,31.709410355672485,31.736240392634727,2189200
2018-10-09,31.977697372436523,32.34948696099073,31.751556077394348,32.10801380490726,2355400
2018-10-10,31.79372787475586,32.41465528133942,31.770731538152383,31.97387364282819,3420600
2018-10-11,31.122982025146484,31.996881053986996,31.038661128037226,31.93938727357898,3196800
2018-10-12,31.180471420288086,31.295458964932102,30.678365185468998,31.092316837081775,3274000
2018-10-15,31.372112274169922,31.720905647289257,31.130641963417304,31.19963389852583,5572600
2018-10-16,31.705577850341797,31.93938372020217,31.260962450523774,31.326123620672842,4715000
2018-10-17,31.67108154296875,31.824397304369175,31.38361558693855,31.621255163321955,1898200
2018-10-18,31.663414001464844,31.893386159145265,31.517765650593326,31.697908509202318,2229800
2018-10-19,32.2421760559082,32.44915185263084,31.70940616081365,31.70940616081365,1749600
2018-10-22,31.954708099365234,32.35332780170309,31.924044370511368,32.24217397779843,3739400
2018-10-23,31.87038803100586,32.3264986229208,31.644246659603013,32.07353014095391,3724600
2018-10-24,32.736629486083984,32.96276800245827,31.889560432676085,32.05437438965859,4487800
2018-10-25,32.0045280456543,32.46830588558509,31.75539041613682,32.46830588558509,2837600
2018-10-26,31.59442138671875,32.32649974752357,31.456437510207603,32.19618326651558,3600000
2018-10-29,32.20000457763672,32.50663302195474,31.605907397624527,31.605907397624527,4102400
2018-10-30,31.789894104003906,32.3878221933506,31.598250185700056,32.31116579573071,3686400
2018-10-31,32.1770133972168,32.55263677174546,31.053979895123685,31.471765166515386,5353800
2018-11-01,31.816728591918945,32.31500109474565,31.701741055129574,32.31500109474565,3551800
2018-11-02,31.91254997253418,32.062032013034845,31.460270153409105,31.901051803919433,2558800
2018-11-05,32.33799743652344,32.47214760116088,31.954709580842604,32.035199679625066,2897400
2018-11-06,32.74044418334961,32.774941607024935,32.32649264476931,32.429981991541354,2595600
2018-11-07,33.046512603759766,33.151113390967865,32.60873160415635,32.814061155309865,2807000
2018-11-08,32.98063659667969,33.14722515839721,32.66683140478412,33.077490342893554,2251600
2018-11-09,33.14723205566406,33.23246384298596,32.78693592654848,32.96514650197499,4818200
2018-11-12,33.282833099365234,33.825211881935004,32.89154301558903,32.992271770527424,3274600
2018-11-13,33.27894973754883,33.37580348943008,33.011632436519136,33.31769064715294,2268000
2018-11-14,33.120113372802734,33.39130569415188,32.98064371170715,33.13173535193697,2585600
2018-11-15,33.30608367919922,33.5888951069257,32.7055889646263,32.98840334809604,2924800
2018-11-16,33.44167709350586,33.705119525266404,33.08138087000604,33.69737252245425,2722000
2018-11-19,33.612125396728516,33.79421091514613,33.22471040630527,33.38354901539306,2315200
2018-11-20,33.4455451965332,34.034414828712094,33.317697508343905,33.78259443081447,3418000
2018-11-21,33.06587219238281,33.43391824402789,32.95352147908539,33.31769255282585,1965800
2018-11-23,33.07362365722656,33.178224419487286,32.94190100413805,33.13173354973683,842600
2018-11-26,33.26346206665039,33.32932192693358,32.934159809491675,33.07362948758711,1687000
2018-11-27,33.43004608154297,33.492030954526776,33.02713406204999,33.28282942193187,2675000
2018-11-28,33.34868621826172,33.55401570955893,33.10074083755467,33.55014073168292,2329200
2018-11-29,33.267333984375,33.38355673493198,32.988394653850264,33.29832494441136,2832000
2018-11-30,33.728355407714844,33.81358719694172,33.26733347940782,33.379684205593925,3373000
2018-12-03,34.01891326904297,34.02278824699981,33.3603088920038,33.61600127805422,3025000
2018-12-04,34.47219467163086,34.63103331538374,34.034413745236115,34.09252659763057,5095600
2018-12-06,34.18938064575195,34.646530556185475,33.55014517567438,34.62328659733473,4735600
2018-12-07,34.27073287963867,34.545797193685466,33.82520500814347,34.16613212304029,3580600
2018-12-10,34.538063049316406,34.665910764989725,33.918199367519804,34.313361540995395,2917400
2018-12-11,34.708518981933594,34.867360598974344,34.441204560579884,34.53805834002148,2088600
2018-12-12,34.445072174072266,34.96808188007463,34.35984039346969,34.7123865382669,2427800
2018-12-13,35.045562744140625,35.16178843372961,34.45281822986933,34.46444020767982,3321000
2018-12-14,34.78213119506836,35.17342131856264,34.5186887786182,35.02232964868977,2703200
2018-12-17,33.6198844909668,35.022328324903626,33.60438753108572,34.89835560159792,3355600
2018-12-18,33.7399787902832,34.21262567329535,33.670246911552795,33.84458251986396,4823000
2018-12-19,33.64312744140625,33.96855767763866,33.42230094229035,33.794222056768184,4659600
2018-12-20,33.836830139160156,34.1428883932167,33.244085566468534,33.596634692091186,4784400
2018-12-21,33.612125396728516,34.37920542255113,33.55401255701667,33.60437544170464,7499600
2018-12-24,32.24843978881836,33.92594828134341,32.1903269188078,33.65475882895192,1261400
2018-12-26,32.71333312988281,32.73270211211223,31.79128326807449,32.23293626100649,2023200
2018-12-27,33.0620002746582,33.07362520944809,32.12445652542303,32.75594497393276,2757400
2018-12-28,33.120113372802734,33.383555737567455,32.99226864658379,33.08912241369225,2974600
2018-12-31,33.344810485839844,33.3564324634628,32.856666735481674,33.17047491001151,2159400
2019-01-02,32.54286193847656,33.25570416218225,32.35690142687305,33.182097317702194,2644800
2019-01-03,32.608726501464844,32.860546894051474,32.310418191057124,32.4808788159719,2287400
2019-01-04,32.85279846191406,32.90316135594057,32.391773591987544,32.391773591987544,2112600
2019-01-07,32.69783020019531,32.84504685237738,32.46538176568702,32.72882411299434,4098600
2019-01-08,33.27894973754883,33.29831871447991,32.535113632478826,32.63196738436009,3275400
2019-01-09,33.104610443115234,33.294445920534955,32.8179241718019,33.07749151144697,2586600
2019-01-10,33.561771392822266,33.681872092114865,32.99614566200917,33.1937282044159,2976800
2019-01-11,33.24796676635742,33.681872781610345,33.08137814008328,33.56952203777496,3843000
2019-01-14,32.817935943603516,33.027140472546925,32.24843521854806,33.027140472546925,4706000
2019-01-15,33.565643310546875,33.825210712624035,32.72495327088304,32.79081312709798,3695000
2019-01-16,33.472660064697266,33.53464493414383,33.04650411162228,33.34481239205211,3525000
2019-01-17,33.329315185546875,33.52689768217499,33.13948264488026,33.47653479139386,3377400
2019-01-18,33.43004608154297,33.449415061213124,33.089121890776156,33.29832342337105,2673400
2019-01-22,33.573394775390625,33.739980434800685,33.19760164662209,33.51528191787357,1553200
2019-01-23,34.04216766357422,34.046039686639986,33.54240180401011,33.54240180401011,2017400
2019-01-24,34.33659362792969,34.38695947435994,33.786464985365626,34.0886482409785,2061600
2019-01-25,33.74385452270508,34.41408394432216,33.70123862536709,34.208754414826025,2064200
2019-01-28,33.5152702331543,33.875566277255636,33.306065792475295,33.724474673833306,1824200
2019-01-29,33.550148010253906,33.82134036130903,33.39518137475708,33.64700178797158,1823000
2019-01-30,33.74773406982422,33.92206970563072,33.39905984246819,33.39905984246819,1859800
2019-01-31,34.55355453491211,34.669777294224886,33.61988270299641,33.82521223795076,4001800
2019-02-01,34.4140739440918,34.58453452816773,34.08089681939814,34.491555759058876,1806600
2019-02-04,34.55355453491211,34.56130153656921,33.933687995606434,34.201005366788436,2246200
2019-02-05,34.55355453491211,34.650408312210786,34.25911822431619,34.50706365774137,2516200
2019-02-06,34.69301223754883,34.72787816658703,34.34433816845826,34.46056088766065,2043800
2019-02-07,34.97195816040039,35.0145740558905,34.46832032711935,34.64653091019503,1925000
2019-02-08,35.18503952026367,35.18503952026367,34.78212745863739,34.85573727401164,2178800
2019-02-11,35.09980773925781,35.25864935023799,34.96033806572394,35.1075576965334,1497800
2019-02-12,35.200538635253906,35.32063637864827,34.851864430205765,35.16566973687767,3085200
2019-02-13,34.96964645385742,35.247493553197025,34.809197897335245,35.10269873284615,1778200
2019-02-14,35.098793029785156,35.23184532959197,34.8248570823932,35.0792251100981,3422800
2019-02-15,35.16531753540039,35.33750566653,34.94225699536668,35.278804895858975,2782800
2019-02-19,35.23967742919922,35.27098192411511,34.950087712473184,35.21228413011926,2369600
2019-02-20,35.70535659790039,36.06147240261056,34.76615326248427,34.867901061779335,5023600
2019-02-21,35.685787200927734,35.80318573713884,35.212272904560066,35.40011175675573,6154000
2019-02-22,36.30409622192383,36.323664139010106,35.634914659473736,35.71318334217387,3724800
2019-02-25,36.17887496948242,36.2727974034013,35.93233529814759,36.264969041085344,3294400
2019-02-26,36.27669906616211,36.45280134424996,36.05755274922929,36.33148564539532,3441000
2019-02-27,36.18278884887695,36.43324269928099,36.084955220261456,36.1514813711651,3138200
2019-02-28,36.523250579833984,36.632823765065666,35.983207044555876,36.214095958275806,3381800
2019-03-01,36.4919319152832,36.59367969279688,36.29235054014142,36.52323938307887,3044200
2019-03-04,36.25322723388672,36.72674161267766,36.002773396933584,36.61716843221632,2637200
2019-03-05,36.06929397583008,36.25322163705739,35.959720812284814,36.210174610572494,3116400
2019-03-06,36.037994384765625,36.24931538308709,35.963642856470514,36.171049673625255,2109000
2019-03-07,36.05363845825195,36.40975420781754,36.01059143389469,36.15930042190873,4285200
2019-03-08,36.19453048706055,36.214098408166564,35.84624298802154,36.15148344914376,3200000
2019-03-11,36.76979064941406,36.76979064941406,36.17887469613222,36.39802405464171,5032800
2019-03-12,37.133724212646484,37.16894586425054,36.76978306951015,36.86370249771297,3972800
2019-03-13,37.180694580078125,37.399840961759175,37.03981391024159,37.17286621750636,3498400
2019-03-14,37.153289794921875,37.42330850725007,37.00849498856864,37.17676890408661,4925600
2019-03-15,37.043724060058594,37.29026371261886,36.883275486899784,37.024156141404276,9114800
2019-03-18,36.97719955444336,37.17286682288671,36.84023306366213,37.039814513455106,2472200
2019-03-19,36.46454620361328,36.94197473693689,36.323665554906476,36.89501352548626,2456600
2019-03-20,36.61716842651367,36.918494672735434,36.44889447493275,36.57412139338982,2801200
2019-03-21,37.15720748901367,37.20025452044201,36.554555020307255,36.61716698424702,2929200
2019-03-22,37.615074157714844,37.869439200574675,37.12981721588648,37.17677843189595,3557400
2019-03-25,37.49766159057617,37.70506834211852,37.419395905873415,37.658110125554664,2439800
2019-03-26,37.76769256591797,37.908573221542746,37.55637158248081,37.572025320399696,2264600
2019-03-27,37.552452087402344,37.84203873380824,37.41157145171411,37.84203873380824,2493600
2019-03-28,37.200252532958984,37.763775106535434,37.07111443121852,37.62289446314132,3327000
2019-03-29,37.423316955566406,37.45853861290939,37.055464557816336,37.21199596844431,2182600
2019-04-01,36.92632293701172,37.407662690641075,36.80892139504858,37.407662690641075,2948800
2019-04-02,36.8363151550293,37.06328988001208,36.636736711076246,37.06328988001208,2869400
2019-04-03,36.80500411987305,36.98892879295261,36.589768990377635,36.820654869613854,2566800
2019-04-04,36.63282012939453,36.94197472027027,36.472371562911086,36.87935977169767,1961200
2019-04-05,36.969364166259766,37.0358903029606,36.472367767036424,36.648470052335114,3143000
2019-04-08,36.91849136352539,37.110247397759956,36.79326445629311,37.04372125640265,2343400
2019-04-09,37.06328201293945,37.07502156766305,36.891093915274325,36.97718796410689,2052600
2019-04-10,37.016326904296875,37.509409183401864,36.89501417131558,37.16503591700441,2214200
2019-04-11,37.18461227416992,37.27070636363216,36.93415836972307,37.078953246150114,2804200
2019-04-12,37.27069091796875,37.380264082549346,36.805004968501216,37.02415129766241,2609400
2019-04-15,37.19633483886719,37.39982740730038,37.071107953913426,37.26677514825646,2583200
2019-04-16,36.54672622680664,37.37635638512956,36.472371721464725,37.11024882382939,3529800
2019-04-17,36.35497283935547,36.609340841839135,36.2884466960483,36.538900517853584,2672600
2019-04-18,36.574127197265625,36.94589681636294,36.51934059834951,36.61717423722053,2986600
2019-04-22,36.644561767578125,36.73848121012739,36.48802737289918,36.57412143925487,2437000
2019-04-23,36.90284729003906,36.97719882033244,36.51542395654796,36.60543221192901,2852400
2019-04-24,37.03589630126953,37.19634487704038,36.83240367791981,36.94197685861929,2603400
2019-04-25,37.258949279785156,37.39982990798346,36.8558753101907,36.89500815454697,2085600
2019-04-26,37.22764587402344,37.63072287326471,37.20025258141917,37.41548772734194,3304000
2019-04-29,37.1767692565918,37.37243646320544,37.02414907428473,37.13372223228522,1963800
2019-04-30,37.92031478881836,37.93596852756709,37.09068454900788,37.16112488055449,2972800
2019-05-01,37.52505874633789,38.119888759705674,37.44679305356861,37.744205074607706,2986400
2019-05-02,37.65420150756836,37.94378816651711,37.278520791342835,37.59550074254829,2740600
2019-05-03,37.81464767456055,37.99074997238681,37.654202099006824,37.66985583563438,2113000
2019-05-06,37.65028381347656,37.9359592509039,37.528971099895806,37.845951021520186,1713200
2019-05-07,37.76769256591797,37.806825417892576,37.45853795972167,37.6111581723743,2677800
2019-05-08,37.226463317871094,37.7755958600255,37.12769842879202,37.645225483065474,4440800
2019-05-09,37.25806427001953,37.43189143220024,37.10004286519899,37.30547249990475,3150600
2019-05-10,38.05608367919922,38.06003210420961,37.21855642506759,37.21855642506759,2659800
2019-05-13,38.50645065307617,38.56571018197536,37.90595851419283,38.05608305594609,2407200
2019-05-14,38.11928939819336,38.518300327576114,38.11928939819336,38.439289635094156,3276600
2019-05-15,38.040279388427734,38.34447387541391,38.040279388427734,38.119290082327716,1846400
2019-05-16,38.285221099853516,38.41164003087478,37.85855607738234,37.92571547516066,1505000
2019-05-17,38.67237854003906,38.719786770405804,38.0600350409121,38.0600350409121,2147400
2019-05-20,38.696075439453125,38.91731080112782,38.50249713529436,38.715829619374595,2679000
2019-05-21,38.589412689208984,38.937063969628944,38.47089363171374,38.6565720818927,2595400
2019-05-22,38.90941619873047,38.921267503578,38.4748512746176,38.6210244005562,1797800
2019-05-23,39.249176025390625,39.25707890634823,38.897573174426306,38.980535340085375,1854000
2019-05-24,39.10694122314453,39.44274121389675,39.08719005549143,39.24916289213264,2376200
2019-05-28,38.293121337890625,39.13064864786622,38.28916989855187,39.11879432984995,3340000
2019-05-29,37.791385650634766,38.45903402240254,37.72817469653897,38.36817204347007,3736600
2019-05-30,37.98893356323242,38.09559833179656,37.77954943801323,37.94152532494523,3937400
2019-05-31,38.348426818847656,38.474845742486266,37.89015935093202,38.03237800271868,5991800
2019-06-03,38.72373580932617,38.727687248768966,38.09164113141259,38.42744114648557,4483800
2019-06-04,38.49459457397461,38.6960727275431,37.696572780483386,38.6960727275431,5144600
2019-06-05,39.60076904296875,39.80620169993138,38.60126884870407,38.65262550591212,5399800
2019-06-06,39.89311981201172,40.110400783996255,39.62052772297897,39.640278894578174,3383400
2019-06-07,39.74298858642578,40.465948258273635,39.71533453956049,40.25656718714137,3752000
2019-06-10,39.44670486450195,39.798307706660715,39.27682909695939,39.62053207242435,4671200
2019-06-11,39.30842208862305,39.517803151166326,39.05558423792192,39.31632195280405,3456200
2019-06-12,40.02347946166992,40.1973066169467,39.505952449087665,39.60076589102729,3256600
2019-06-13,39.908912658691406,40.228912929674685,39.715334331647725,40.055085770822785,2707000
2019-06-14,40.31187438964844,40.48175010636963,40.003728441657664,40.003728441657664,2858200
2019-06-17,40.201263427734375,40.604222870369036,39.94447409969068,40.38299047159435,4176400
2019-06-18,40.01953125,40.426442080145506,39.74298777294243,40.37113398754699,2077600
2019-06-19,40.48570251464844,40.63187261374721,39.82595079983011,39.82595079983011,2706800
2019-06-20,40.86495590209961,41.00322612515826,40.50545030808231,40.691128756503126,3527600
2019-06-21,41.188907623291016,41.248167155865225,40.541010232360414,40.88866153522939,5630600
2019-06-24,40.96371841430664,41.275815764955205,40.86495354438233,41.21260480145263,2528400
2019-06-25,40.785945892333984,41.02693245183507,40.6871810077537,40.876810912336474,3637000
2019-06-26,39.983978271484375,40.81360275640634,39.9365700385503,40.77804884225475,4651000
2019-06-27,40.16175842285156,40.32373128363317,39.8496609923941,40.05904208792578,2307400
2019-06-28,40.663475036621094,40.71878312628623,40.09458838399129,40.1024912619805,6031400
2019-07-01,40.296077728271484,40.6634832634154,39.952374803760904,40.61607502808329,4721400
2019-07-02,40.96371841430664,41.12173979493382,40.434337144198736,40.48174536682568,3727200
2019-07-03,41.29952621459961,41.53656134463282,41.0032315485418,41.0032315485418,2909000
2019-07-05,41.220516204833984,41.25607313527476,40.537064801496896,40.88471615589466,2318800
2019-07-08,41.23236083984375,41.43779045235876,40.95976882206336,41.26791474786827,2940800
2019-07-09,41.181007385253906,41.279772274521925,40.82940462058499,41.192858689715635,4299000
2019-07-10,41.35087966918945,41.69853397944122,41.153349907115484,41.34693124407475,2386800
2019-07-11,41.26396560668945,41.580014427919565,40.90841445038674,41.21656039335039,2634000
2019-07-12,41.03483581542969,41.36668438478999,40.84915734797399,41.36668438478999,2215400
2019-07-15,41.41804504394531,41.41804504394531,40.84916129661354,41.13755310299681,3224200
2019-07-16,41.433841705322266,41.47729849399649,41.07038766737868,41.36273087058852,2501600
2019-07-17,41.694580078125,41.84470160337289,41.50100176666183,41.59976664186658,1926000
2019-07-18,42.172603607177734,42.1844549104844,41.46544670725249,41.722235997134945,2119800
2019-07-19,41.71828079223633,42.40963488732474,41.71432935346915,42.12124315267835,3166800
2019-07-22,41.63927459716797,41.90001231672585,41.477298744935894,41.90001231672585,2687000
2019-07-23,41.42595291137695,41.698545019712384,41.350890617414265,41.64718533897338,2297600
2019-07-24,41.346927642822266,41.706430211170996,41.04273014784709,41.63531938245541,2283800
2019-07-25,41.094085693359375,41.402234618898405,40.8768047882743,41.20075344060182,2739600
2019-07-26,40.96371841430664,41.14149397454454,40.813593883020324,41.0861858885121,4300400
2019-07-29,41.457542419433594,41.46544228277345,40.95976663521329,41.086185547103334,2013200
2019-07-30,41.038787841796875,41.46940434875545,40.809655577446335,41.382490759420755,2062200
2019-07-31,41.72618865966797,41.90396424261015,41.32717769027672,41.44174531570847,6472200
2019-08-01,42.25556564331055,42.59136563047745,41.54446032002739,41.54446032002739,3363600
2019-08-02,42.16075134277344,42.484700020052195,41.95137028495562,42.279267387203305,2261600
2019-08-05,41.44570541381836,42.44915417766735,41.263975339604244,42.27137855758414,2472600
2019-08-06,42.09359359741211,42.251614996171526,41.05458511758558,41.473350263679976,2744600
2019-08-07,42.20516586303711,42.52393721947652,41.575594106085205,42.21711925689852,2590800
2019-08-08,42.651451110839844,42.84669699791224,42.02586474448066,42.17329400940028,1803600
2019-08-09,42.80683898925781,43.018023689485084,42.60760768111457,42.719176727270224,2611200
2019-08-12,42.93036651611328,43.12561541005739,42.70324291950975,42.834736328077284,1965600
2019-08-13,42.96223449707031,43.13357352505271,42.6235419180432,42.966219974008,2057800
2019-08-14,42.635498046875,43.24514533628092,42.47611239944175,43.08575968884767,1911400
2019-08-15,43.432430267333984,43.59181594054098,41.82264074399814,42.64347285697522,3031400
2019-08-16,43.50813293457031,43.69142536858007,43.34874728411839,43.456330850157094,1810400
2019-08-19,43.74721145629883,43.96636407349058,43.265072050442726,43.532041276490325,1979000
2019-08-20,43.914573669433594,44.054035006006146,43.61572664533707,43.99028255501404,2624600
2019-08-21,44.49631881713867,44.50030429443662,43.810962643258506,43.89464246637301,1992600
2019-08-22,44.35287857055664,44.540156510787355,44.05004913191398,44.50031085202163,2101200
2019-08-23,43.76713943481445,44.67563690138842,43.56392565626503,44.39272876259794,2599000
2019-08-26,44.44451904296875,44.45248695740541,43.84682513928175,43.84682513928175,1667400
2019-08-27,44.667667388916016,44.85893081964677,44.46046812565103,44.643760600085585,1836000
2019-08-28,44.75532531738281,44.866894374451455,44.42858606166944,44.76329323287537,1892400
2019-08-29,45.03424835205078,45.10597175222333,44.61187890660622,44.93861816516366,1516200
2019-08-30,44.9625244140625,45.209572353930426,44.7832174357903,45.12988103914918,1781200
2019-09-03,45.89493942260742,45.946738485421406,44.96652049043614,45.06215069871946,4073200
2019-09-04,46.050323486328125,46.181816876578864,45.70764540023566,45.99852444169682,1765600
2019-09-05,45.62397003173828,45.894924735187296,45.261367587992865,45.71960020941778,3576400
2019-09-06,45.24542999267578,45.67975277270973,45.18964547120405,45.480521470302584,3561400
2019-09-09,44.8629035949707,45.39285959344746,44.7473521138256,45.384891678896516,2828600
2019-09-10,44.72742462158203,44.755316880591245,44.2691920464065,44.74734896660071,2866200
2019-09-11,44.99040985107422,45.1059613201559,44.492331642856826,44.727423097921935,2756400
2019-09-12,45.38090133666992,45.71162599560579,45.00236311549723,45.356994555551516,2133400
2019-09-13,45.23347473144531,45.468569255184235,44.91470646336193,45.133859077663914,2650200
2019-09-16,45.23746109008789,45.36895448524784,44.9346286454849,45.29324561408995,2061000
2019-09-17,45.6080207824707,45.90288220322676,45.40878951763026,45.46457402858336,2129600
2019-09-18,45.68374252319336,45.875002888978685,45.364971193512886,45.77140479085693,2074600
2019-09-19,45.85508728027344,45.93477860258413,45.60007140084432,45.92282520824043,2253400
2019-09-20,45.9068717956543,46.44878112780909,45.67576277811191,46.19376532915132,8198400
2019-09-23,46.07422637939453,46.15392071828441,45.703656063634114,45.946718477198914,2485000
2019-09-24,46.65599060058594,46.81537626986012,46.22963568329405,46.24557455422435,2904800
2019-09-25,46.57231521606445,46.69185523164088,46.27346821715226,46.56833277823308,2378200
2019-09-26,46.83927536010742,47.058427945101656,46.59621295418379,46.699811031441534,2190400
2019-09-27,46.81935501098633,46.9349095285828,46.456752589559976,46.88709292267201,1726000
2019-09-30,46.76356887817383,47.15406050621363,46.67590662370784,46.79146113731953,2269400
2019-10-01,46.74763488769531,46.77552714975127,46.37706452607844,46.63606583947149,1511400
2019-10-02,46.40096664428711,46.89904487378795,46.221659697678106,46.731691318282444,2129000
2019-10-03,46.42088317871094,46.60816104789644,46.225637396806526,46.49260655329203,2448800
2019-10-04,47.325401306152344,47.361264520695634,46.389014811246106,46.52847611218476,2252800
2019-10-07,46.934906005859375,47.189921804853206,46.879121489831235,47.146090679398505,2192800
2019-10-08,46.86717987060547,47.22977931586031,46.71576211190286,47.01460911141099,2854200
2019-10-09,47.04248809814453,47.2377369381994,46.86716664180591,46.88310550875088,1780400
2019-10-10,46.934906005859375,47.1022595539438,46.58027456538271,46.879121489831235,1462800
2019-10-11,46.7117805480957,47.026563384908805,46.53247052101839,46.91101188482897,1589000
2019-10-14,46.46472930908203,46.96280761567966,46.329250428872534,46.819360820177245,1552600
2019-10-15,46.0423583984375,46.663959132288525,46.02641952833508,46.46472781605129,1932400
2019-10-16,46.23759841918945,46.24556633322376,45.7594414963681,46.010474868858495,2919800
2019-10-17,46.731693267822266,47.48478733904265,46.45675310085888,47.24172490970396,5776800
2019-10-18,47.07835388183594,47.18992291652049,46.55636584095009,46.61613583525344,3048800
2019-10-21,47.425018310546875,47.4808058725448,46.982727612082705,46.99069552663758,2652200
2019-10-22,47.580413818359375,47.75573527042706,47.42102819282042,47.532597218689304,2445400
2019-10-23,48.07451248168945,48.09045135022222,47.588387631539426,47.688003279847926,3756000
2019-10-24,48.31359100341797,48.39328230864935,48.02271196326942,48.02271196326942,1988400
2019-10-25,47.923091888427734,48.37734201441041,47.71190721303128,48.37734201441041,3052400
2019-10-28,47.06639862060547,47.81152166122172,47.006628628677326,47.648153592648065,5840200
2019-10-29,47.43299102783203,47.43299102783203,47.02655744977517,47.21782084651285,3084200
2019-10-30,48.437110900878906,48.46102072321841,47.12218619328045,47.397123309944455,3435000
2019-10-31,48.405235290527344,48.512818848924866,48.02270854060052,48.38929642261137,3154400
2019-11-01,47.6800422668457,48.64830359012413,47.600347912646875,48.453057742387344,3456000
2019-11-04,47.25368118286133,47.68003910952739,47.03452856339131,47.62823702272124,3602200
2019-11-05,46.45278549194336,47.241739989813645,46.43286113956074,47.01063391833378,3510200
2019-11-06,46.733943939208984,46.81427915916121,46.44474327633157,46.581311618012705,3837200
2019-11-07,46.08324432373047,46.641561063979516,45.72575796699436,46.54515880252304,4347800
2019-11-08,46.151519775390625,46.21177041330189,45.637386718900714,46.027000973180755,2790400
2019-11-11,45.826171875,46.31219148600393,45.77395628494278,46.179640683002866,2407200
2019-11-12,46.13545227050781,46.18766785511944,45.7297679147568,45.914534288545696,2926200
2019-11-13,47.203895568847656,47.2561142302416,46.328261551786575,46.328261551786575,4636600
2019-11-14,46.95083999633789,47.541290783129206,46.90665639566133,47.26413966333532,2430400
2019-11-15,46.8785400390625,46.99502379912211,46.504989727310985,46.962889714041864,2616600
2019-11-18,46.95083999633789,47.440874066041566,46.87853983745579,46.99502359701445,2279000
2019-11-19,46.66967010498047,47.015103825023886,46.452769648361944,46.830334385905545,2232400
2019-11-20,47.01912307739258,47.035190120017,46.59335717350805,46.7459894817275,2263800
2019-11-21,46.55318069458008,47.13559630328942,46.31619569942965,46.97091451602669,3990400
2019-11-22,46.48088455200195,46.78213466474188,46.29210065770232,46.685735486717995,2446400
2019-11-25,46.34431838989258,46.76606979307682,46.28407081613034,46.484904233937165,2343800
2019-11-26,46.782142639160156,46.79419215540776,46.263991989187296,46.400557259293635,4664600
2019-11-27,46.962886810302734,47.05928905958286,46.65762221434016,46.81427203882683,1493400
2019-11-29,46.75000762939453,47.11954042123891,46.56925876030056,46.92272450930713,1500800
2019-12-02,46.58531951904297,46.70180020107312,46.211769250760184,46.573266940184126,3626200
2019-12-03,46.962886810302734,47.27618645927607,46.681721244422775,46.9146887501375,3075800
2019-12-04,47.44087219238281,47.62965610336762,46.87853798600621,46.87853798600621,3120200
2019-12-05,47.56539535522461,47.59752944390978,47.232011080185586,47.36456189765537,2118800
2019-12-06,47.43283462524414,47.68588669016282,47.27217034434465,47.40873559600416,1738800
2019-12-09,47.468994140625,47.593509898405465,47.17979348367338,47.593509898405465,2890400
2019-12-10,47.26414489746094,47.52924653087819,47.12356209086482,47.468995881058326,2160800
2019-12-11,47.468994140625,47.617611996134926,47.256111174945396,47.34447838284453,3273200
2019-12-12,46.962886810302734,47.45693837832018,46.78615548223883,47.37660317058674,3722600
2019-12-13,47.51718521118164,47.533249186966536,46.480884098004346,46.902632413036095,3889200
2019-12-16,47.8465576171875,47.8465576171875,47.067322925699955,47.23602227195758,5195000
2019-12-17,47.72606658935547,48.32856701073152,47.62564985245946,47.89878349939563,3458600
2019-12-18,48.06345748901367,48.11165555049892,47.501123277378156,47.80638788170108,4067800
2019-12-19,48.003204345703125,48.21206975169435,47.802370928049164,47.96705273699854,1854600
2019-12-20,48.2682991027832,48.34059925008455,47.82244870517068,48.15583288797546,7240600
2019-12-23,47.625633239746094,48.34059966673588,47.52521653787732,48.220101463178075,4536800
2019-12-24,47.9750862121582,48.06345340333597,47.63768448806807,47.84655295166545,1335800
2019-12-26,48.00721740722656,48.12370115380491,47.754168411575115,47.922867742009416,2678600
2019-12-27,48.143798828125,48.15584834579732,47.870665191142365,48.00723047739593,1274600
2019-12-30,47.910823822021484,48.02730758220129,47.697940870976495,47.94697543389282,1444200
2019-12-31,48.11968231201172,48.139763812678595,47.78629814330277,47.934912893240345,2090800
2020-01-02,47.368568420410156,48.13173599477273,47.179784523836425,48.13173599477273,2906200
2020-01-03,47.68990707397461,47.734087608736836,47.159706947603894,47.28020516549842,2845800
2020-01-06,47.858604431152344,48.15583703365761,47.63768644413673,47.7943362660297,3055800
2020-01-07,47.85057830810547,48.035344720601834,47.517197098859505,47.64974485133003,2037800
2020-01-08,47.782291412353516,48.03534044214061,47.67384270372335,48.02329092612338,1735000
2020-01-09,48.30445861816406,48.31650813394155,47.62162310084784,47.74212438757277,1639200
2020-01-10,48.44504165649414,48.69809068253561,48.35265692760438,48.432992140655266,2116200
2020-01-13,48.81055450439453,49.07565609765011,48.43700420947296,48.43700420947296,3835000
2020-01-14,48.83465576171875,48.955153976561355,48.453070420196774,48.778422648563904,2255000
2020-01-15,49.70226287841797,49.7745630452233,48.93508066932142,49.02344788035854,2470800
2020-01-16,50.18826675415039,50.20433379430989,49.69823581942126,49.74241634926667,2260000
2020-01-17,50.73454284667969,50.78274397569452,50.176226126277065,50.244508760691744,2108200
2020-01-21,51.15629196166992,51.18440851952556,50.60600725566668,50.78675918286007,2221600
2020-01-22,51.36917495727539,51.60615693592812,51.18039104100628,51.41335855744369,1791800
2020-01-23,52.19660568237305,52.22873976569351,51.240639687150534,51.373190482491324,2556600
2020-01-24,52.50990676879883,52.694676220704345,52.12832447848187,52.13635953176903,1750000
2020-01-27,52.03594970703125,52.815184497417185,51.847165767960405,52.48581468748058,2269800
2020-01-28,52.21268081665039,52.32112646323199,51.6985476919107,52.068080492257955,2330800
2020-01-29,52.43760681152344,52.5179389531571,51.98372132431643,52.26890747540789,1770600
2020-01-30,52.90756607055664,52.93567956730594,52.224733546829555,52.41753194823411,1539400
2020-01-31,52.827232360839844,53.02806581067536,52.48581304453927,52.89952946088439,4816600
2020-02-03,53.09634780883789,53.17667996201475,52.79911210023802,52.98388156860019,1668800
2020-02-04,52.44162368774414,53.37349373465409,52.3853905731168,53.07625805508113,1907200
2020-02-05,52.44162368774414,52.819191512649034,52.24882531315753,52.36530600454636,2722600
2020-02-06,52.783042907714844,52.891488545764574,52.4657226599254,52.46974325100489,2254600
2020-02-07,52.995933532714844,53.24898564941193,52.899531267080064,52.9397004099989,2743200
2020-02-10,53.37750244140625,53.39356641716063,52.89951795413723,53.076252332181156,1393400
2020-02-11,53.37750244140625,53.75507022560024,53.25298671022508,53.44980565467384,2070600
2020-02-12,53.2157096862793,53.47054518009843,52.81121203749682,53.102450838391746,1831400
2020-02-13,53.8952751159668,54.00044229471839,53.06200467947645,53.2602107720435,1477000
2020-02-14,54.25526809692383,54.40088748795229,53.83054435874548,54.05706203986889,3278000
2020-02-18,54.518192291259766,54.793253900343124,54.14201244271466,54.4898806655251,2910400
2020-02-19,53.834598541259766,54.82966561988241,53.757742989103946,54.60719064578536,3266200
2020-02-20,53.17121505737305,53.830548204430606,52.9244712430624,53.80627933288273,3867400
2020-02-21,52.56851577758789,53.43009154991837,52.49570299319504,53.13885275663524,5692600
2020-02-24,52.47951889038086,53.02154417286844,52.289404531693776,52.4916533241572,3119200
2020-02-25,51.08804702758789,52.58468688131985,50.881752391876475,52.51996578538226,3198400
2020-02-26,50.82512664794922,51.46018778887764,50.80490053248951,51.07187044341236,3059800
2020-02-27,48.863311767578125,50.7604034306426,48.81881678427975,50.67950514432107,5108600
2020-02-28,47.28981018066406,48.04621862613934,46.06822584813565,48.04621862613934,5471000
2020-03-02,50.20624542236328,50.31141258099864,47.28577212865506,47.488020937514946,3914000
2020-03-03,49.30422592163086,51.266039209718706,48.980626517255025,50.35187660159134,3960000
2020-03-04,51.921321868896484,52.07907571543999,49.999957910462776,49.999957910462776,3012000
2020-03-05,51.5572624206543,51.84041258513027,50.33163521744885,50.986922423848064,4400000
2020-03-06,50.27096176147461,50.56220053030063,48.721735196568964,50.14152265155991,3755200
2020-03-09,46.67902755737305,48.10285787046633,46.11677609328117,47.80353048555682,6543400
2020-03-10,48.25252914428711,48.365788002151945,45.97520829201234,47.47184848992176,5639800
2020-03-11,45.15003204345703,47.16847459767812,44.30463028954275,47.06735017792254,3530800
2020-03-12,41.11314392089844,43.45518585686536,39.822795335015726,42.6502363383024,5744400
2020-03-13,41.63494110107422,43.39450517105205,39.08256204811543,43.13562693522447,5350400
2020-03-16,35.08612823486328,38.8479579292918,34.72207970216497,38.25739168116895,6870000
2020-03-17,40.296051025390625,40.38908374288725,35.349044141990355,35.882980837329,6942000
2020-03-18,34.95264434814453,38.60121189038622,32.1616098716415,37.901429579388456,8217600
2020-03-19,33.99802780151367,35.660513345136124,31.38497033712815,34.624997290488885,5604200
2020-03-20,32.35576629638672,36.23490038106761,31.983629197468492,34.67353919857139,4987600
2020-03-23,31.623624801635742,33.37105443784742,30.414177753382404,31.93913245891296,4360400
2020-03-24,34.920284271240234,35.2924213835672,32.19801361925488,33.011054792592596,3721000
2020-03-25,35.98411178588867,37.61423687653208,33.884767924123786,34.811067944157244,3844000
2020-03-26,39.11896896362305,39.66908603704356,36.04883315567403,36.25512474365251,3345400
2020-03-27,39.37380599975586,40.69246941150661,37.37558939110949,37.52120881503645,3671200
2020-03-30,40.47807312011719,40.9311115253249,38.55670959551531,39.79042846153044,3652000
2020-03-31,38.010643005371094,40.4659435102714,37.743673086707844,39.927960918593286,5240600
2020-04-01,34.616912841796875,37.09243671456017,34.03848102514728,36.3926574432869,3061000
2020-04-02,35.67668533325195,36.263208676086954,33.49644362322387,33.75532182762289,4130000
2020-04-03,33.727012634277344,36.06501162196798,33.549035768451446,35.27219351955245,4751800
2020-04-06,37.61827850341797,38.01873028145099,34.85555902966023,35.357138298344246,2600400
2020-04-07,37.881202697753906,39.10278415123548,37.472659237803846,38.872220631475926,2720600
2020-04-08,40.660099029541016,41.08482276105278,37.94996623496396,37.94996623496396,2860000
2020-04-09,41.62685012817383,43.370233823052025,41.10909060002683,41.29111637442852,2994800
2020-04-13,39.59626770019531,41.12122529886732,39.29289451641443,41.12122529886732,3525800
2020-04-14,40.71672821044922,40.97560641683834,39.96840521259429,40.41335502301776,2209200
2020-04-15,39.36166763305664,40.105944957287115,39.17964491435363,39.567962310706434,2829200
2020-04-16,39.30099105834961,39.72571171654469,38.60525464370016,39.46278764085898,3454200
2020-04-17,40.963470458984375,41.16976509840388,39.70548576632067,40.049308107971996,2641800
2020-04-20,39.01380157470703,40.49021878345442,38.763014978081,40.38100576332252,2441600
2020-04-21,38.28975296020508,38.884361974432494,37.73559001184227,38.309975993137385,2515000
2020-04-22,40.23942184448242,40.51448033072078,38.56075621903089,39.05424377546486,3543800
2020-04-23,39.22412872314453,40.58728351956532,39.16749931186677,40.211103752965116,2359400
2020-04-24,39.45064926147461,39.705484716985026,38.702329340934355,39.272669335222474,3076200
2020-04-27,40.979652404785156,41.404376135136765,40.21919799926154,40.34863711267135,3811600
2020-04-28,40.316280364990234,42.45607332134153,40.073582390217226,41.885733234928566,2271200
2020-04-29,39.79447555541992,41.16167951396251,39.72571169927613,41.16167951396251,1973400
2020-04-30,38.63357162475586,39.640769914608455,38.010644870054776,39.61245520239805,2995000
2020-05-01,37.848838806152344,38.24929055015637,37.2542268639839,38.24929055015637,1975000
2020-05-04,38.597164154052734,38.839862121378516,37.31895321356516,37.7679458418503,2444000
2020-05-05,39.13514709472656,40.29201060456756,38.42727621704417,38.42727621704417,2707200
2020-05-06,37.84861755371094,39.4047137238536,37.672995265805994,39.31077491663814,2077600
2020-05-07,37.88945388793945,38.79615472793875,37.82819284417567,38.17943736986953,2370600
2020-05-08,38.804325103759766,39.069801053249584,37.95071820352632,38.39590152485994,3254000
2020-05-11,39.29851150512695,39.686512601850055,38.27745270740914,39.523142571010375,5357600
2020-05-12,39.20865249633789,39.502717888624225,38.665448542032514,39.30667325509209,4866400
2020-05-13,38.43673324584961,39.208653359584524,38.105911230255735,38.91867306803545,4599200
2020-05-14,38.77573776245117,38.873758554422594,37.162462665292296,37.958890558631424,3147800
2020-05-15,38.79206466674805,38.992191305473085,37.7791730348707,38.575597598385414,5742400
2020-05-18,40.605472564697266,41.03023347216524,39.825385128231105,39.89481639067619,2528600
2020-05-19,39.437381744384766,40.56463175074261,39.437381744384766,40.40943190480467,1684000
2020-05-20,39.858055114746094,40.241974271663,39.559907650522,39.849888014312036,1502800
2020-05-21,39.874385833740234,40.15619905046541,39.698763601234184,39.82537700719608,2258400
2020-05-22,40.00917434692383,40.12353245311526,39.64159249414802,39.84172229600772,1911000
2020-05-26,40.73617172241211,41.352892272243174,40.65040313458527,40.9608059638812,2242000
2020-05-27,40.625885009765625,41.44681709636227,40.13577495262294,41.38555294971644,1624000
2020-05-28,42.09621810913086,42.2228284213313,41.009813010711035,41.230359000987725,2403800
2020-05-29,41.58568572998047,42.11663759130879,41.2385263357386,41.96551975606318,3640600
2020-06-01,41.93693161010742,42.394367122835746,41.35288578986635,41.50400363007715,1886400
2020-06-02,42.284088134765625,42.304510557951794,41.4468217565455,41.95326606811481,2357400
2020-06-03,42.49238204956055,42.9988263258415,42.324926915969996,42.52097157041453,1945000
2020-06-04,41.344730377197266,42.353534246401765,40.862790311558,42.22692390309814,2078000
2020-06-05,42.36577224731445,43.48893690469155,42.104378333037246,42.4025288676825,2117400
2020-06-08,43.24797058105469,43.41542573658625,42.116638689285246,42.39436683512397,2266000
2020-06-09,42.20648956298828,42.6965997088795,41.87158236550697,42.67617728429151,2002800
2020-06-10,41.73680877685547,42.586327498625096,41.5693536047795,42.39845301611716,2185800
2020-06-11,39.52314758300781,40.875031721517345,39.204577696285334,40.846442196196726,2998400
2020-06-12,39.38019561767578,40.3604127029969,38.68996197783203,40.33182318082615,3380000
2020-06-15,39.694679260253906,39.87438347365291,38.093656840718054,38.53066984234055,2843200
2020-06-16,39.992835998535156,41.10783373720874,39.64976168880458,40.866862205924505,2264400
2020-06-17,39.64566421508789,40.442088697147284,39.139220008958425,40.36857235141691,2202200
2020-06-18,39.821292877197266,39.88664213555913,39.0412024646293,39.404702261224905,2425000
2020-06-19,38.60418701171875,40.45843003542762,38.477576726592304,40.45843003542762,8592400
2020-06-22,39.604827880859375,39.8417142622179,38.18351270873228,38.53475717322277,3242800
2020-06-23,38.800235748291016,40.01733925123546,38.7838984330004,39.98466462065423,3419000
2020-06-24,38.191680908203125,38.55517756012737,37.54228594751363,38.4163119550645,2432400
2020-06-25,37.72200012207031,38.14676099694279,37.20738556574074,38.14676099694279,3167200
2020-06-26,37.43609619140625,38.38363850287765,37.19920983453246,37.721991369685824,3946400
2020-06-29,38.297882080078125,38.306052297580884,37.182887324875274,37.758763017820435,1646200
2020-06-30,38.31421661376953,38.653208946916024,38.016069133117604,38.326468823108,2120400
2020-07-01,39.502723693847656,39.678345933604135,38.28562022269418,38.29787242983604,1865600
2020-07-02,39.559906005859375,40.299151647379134,39.41695838402192,39.988751987396206,1754600
2020-07-06,39.37202453613281,40.31139668103854,38.84107275977713,39.96015223502304,1287800
2020-07-07,39.14739227294922,39.41695328154073,38.77981049578991,39.00852977714684,1857400
2020-07-08,39.57624435424805,39.73961440461928,38.91051194428955,39.15556857785867,2632200
2020-07-09,39.3924560546875,39.69877376309417,38.31013597780383,39.69877376309417,2745800
2020-07-10,40.08677673339844,40.16029310561798,39.24950711178836,39.24950711178836,1575600
2020-07-13,39.34752655029297,40.27056472176187,39.143314758482795,40.1071946651088,2629200
2020-07-14,39.874385833740234,40.139861736275996,39.34343714469277,39.37202666551822,2691800
2020-07-15,39.306678771972656,40.54420154151677,39.212743107155816,40.45843297606585,3168000
2020-07-16,40.1602783203125,40.29097369880579,39.24949266179541,39.416947770877485,2168800
2020-07-17,41.022071838378906,41.0629135796116,40.26240361055521,40.458445214882225,1799200
2020-07-20,40.184791564941406,40.93220738566079,40.074518580977966,40.84235370893724,1488800
2020-07-21,40.658573150634766,40.99756239150156,40.315495685002446,40.91996402158083,2325400
2020-07-22,42.120723724365234,42.406622107044086,40.20113409734517,40.55646374249365,4280600
2020-07-23,42.48421859741211,42.868137752301514,41.928765406116746,42.15748160935746,2171600
2020-07-24,41.928768157958984,42.8722256742719,41.638784660643765,42.54957065722414,1768800
2020-07-27,41.54893112182617,41.826659273897874,41.14867465241933,41.826659273897874,1480600
2020-07-28,41.93284225463867,42.23507790444704,41.35288160126184,41.35288160126184,1931400
2020-07-29,42.529144287109375,43.051929062673885,41.838910587884406,42.26775345733936,2895800
2020-07-30,42.7374382019043,42.8313769854528,41.904253821478896,42.108465587778525,1935600
2020-07-31,42.93756866455078,42.99474771489866,42.357607944722616,42.49238847026741,3372200
2020-08-03,41.91242980957031,43.007005152329675,41.76131195992687,42.937570774046385,1881000
2020-08-04,42.13298416137695,42.51690026374535,41.73681273235817,41.86342306351981,1448000
2020-08-05,40.98939514160156,42.27184507129409,40.97714293144924,42.23100333211136,2329400
2020-08-06,41.77764129638672,41.7980606023136,40.84235108267067,40.952624059543275,1774800
2020-08-07,42.74968719482422,42.80278424432511,41.67144939912048,41.67144939912048,1701200
2020-08-10,43.17036819458008,43.27655919057361,42.684346286657586,42.94165200261655,1479400
2020-08-11,41.70412826538086,43.517529795184,41.54484333273862,43.243883652930606,3069800
2020-08-12,41.897857666015625,42.454296850167175,41.59284709342377,41.88961235221632,2309000
2020-08-13,41.93082809448242,41.996774874411514,41.423848269324445,41.70825181597396,1233600
2020-08-14,41.6010856628418,42.1080654989922,41.304317285062595,41.848391596102616,1442000
2020-08-17,41.46507263183594,42.06273213521722,41.33729856148057,41.613456843388114,2182400
2020-08-18,41.25897979736328,41.63406294704189,40.77673272891855,41.518653714730235,1567800
2020-08-19,40.801456451416016,41.43208762538687,40.77260414753059,41.31667840984518,1224400
2020-08-20,40.27387237548828,40.764364719166245,39.94825169851989,40.57476340308316,1733400
2020-08-21,40.446983337402344,40.492323121143535,39.88642159720693,40.446983337402344,1843600
2020-08-24,40.657203674316406,40.74376060458461,40.05130201777308,40.59949905413761,1506000
2020-08-25,40.3192138671875,40.83031322539803,40.154342193506984,40.83031322539803,1587600
2020-08-26,39.67209243774414,40.12548715095671,39.64324013266694,40.08839267785691,2314400
2020-08-27,40.08839416503906,40.19968073313231,39.3876903598385,39.8616952276901,2331200
2020-08-28,40.78908920288086,40.850916463150135,39.90290685812814,40.17082288951828,2393000
2020-08-31,40.86328887939453,41.06525503211564,40.562400978660214,40.657200069978714,2392200
2020-09-01,40.265625,40.78908909359179,39.98534414624,40.7849664376742,1809600
2020-09-02,41.41560363769531,41.66702906242734,40.10899835020475,40.27799266342751,1728600
2020-09-03,40.39340591430664,41.8360275541033,39.972986134361626,41.59284427283422,3363000
2020-09-04,40.35218811035156,40.690173620262215,39.89467071777347,40.62010418221544,1975000
2020-09-08,40.372802734375,40.624231372219526,39.589667653525396,40.3068559404155,2522000
2020-09-09,40.54591369628906,41.164180127582284,40.504693418470296,40.53766838285904,1700000
2020-09-10,39.50721740722656,40.60361119602091,39.47012293728915,40.40576458902598,2010800
2020-09-11,39.34234619140625,39.548434967987035,39.02084820308665,39.548434967987035,2973400
2020-09-14,39.865814208984375,40.154337243861114,39.52782873470081,39.60202082147843,1498800
2020-09-15,39.7916259765625,40.591251528768595,39.58141451955321,40.1378536519514,1706800
2020-09-16,39.91527557373047,40.23677672955002,39.618510355894976,39.692702446520194,2157600
2020-09-17,40.24089431762695,40.298598924836476,39.18984341945476,39.61026314979059,2720400
2020-09-18,39.3341064453125,40.348062911146975,39.29700882801843,40.15846160238105,3401200
2020-09-21,39.086795806884766,39.556677938096215,38.452042035236936,38.963141290391235,2774400
2020-09-22,40.096649169921875,40.33983566644689,38.9755252384164,39.082692328986745,3147000
2020-09-23,39.2269401550293,40.25326460963996,39.18984568168129,40.1213647630726,2564600
2020-09-24,39.47837448120117,39.68034064749291,38.59631456920685,39.10741397039377,2177600
2020-09-25,39.972984313964844,39.99771396322787,39.169236121596285,39.31349765007306,1602400
2020-09-28,39.849334716796875,40.40165124988885,39.791630098254906,40.228537394262936,1880000
2020-09-29,39.47837448120117,40.09664095099154,39.218703695968934,39.96062157291785,1651200
2020-09-30,40.61186599731445,40.78497986687342,39.77926847372172,39.816362955198876,3302800
2020-10-01,41.74534606933594,41.77419837502714,40.669562301232496,40.731389569046634,3269800
2020-10-02,42.722206115722656,42.957147206795376,41.28782677650766,41.42384613046169,4642000
2020-10-05,43.200340270996094,43.30338468774375,42.18226093038264,42.62741356545238,2290400
2020-10-06,43.71143341064453,44.45747382063194,43.134384172433855,43.38169009033404,3082200
2020-10-07,43.15499496459961,44.10300473547132,42.96951629600827,44.06178760296943,3145200
2020-10-08,44.18954849243164,44.25961791127675,43.249784314828766,43.323976389095556,1771800
2020-10-09,43.62900161743164,44.25139072081959,43.336355876747895,44.22666106924979,1896000
2020-10-12,43.77326202392578,43.99171880423356,43.447644471150454,43.678462932256714,2372200
2020-10-13,43.888671875,44.041175573174776,43.31574212256352,43.46412630893094,2625000
2020-10-14,43.59190368652344,44.255509871509,43.20857839423156,43.913401710123296,2207600
2020-10-15,43.41053771972656,43.802105118841546,42.97775005151315,43.175596651324575,1689800
2020-10-16,43.96697998046875,44.1277289787945,43.196209948667125,43.455880681809056,2214000
2020-10-19,43.418785095214844,44.23902074975994,43.3281086684499,43.82684316665139,2325800
2020-10-20,43.7815055847168,44.09476144415361,43.34871784280192,43.65785104569382,2262400
2020-10-21,44.04530334472656,44.601742535892186,43.571298424598126,43.57542108154974,2373000
2020-10-22,44.53167724609375,44.655328664186875,43.71144453747791,44.10713473577499,1966600
2020-10-23,44.906742095947266,45.11695352358928,44.43685994804046,44.8243078451326,2248200
2020-10-26,44.931480407714844,45.071619280251845,44.247264092155184,44.469840370301135,2185800
2020-10-27,44.33382034301758,45.02215930467536,44.10300190011366,44.820190022469,2360400
2020-10-28,42.375980377197266,44.21429219680623,42.28530079707023,43.64136555291161,3726600
2020-10-29,41.82777786254883,42.34299978409613,41.53100953259118,42.182247651481525,3034600
2020-10-30,41.720611572265625,41.96791747012051,40.83030656638993,41.679394446734,3023200
2020-11-02,43.418785095214844,43.4970998422984,41.75770993843387,42.363611488749896,2339800
2020-11-03,44.59348678588867,44.89437461373948,43.71554665785309,44.00407280794548,3886600
2020-11-04,43.5877799987793,44.96857429179335,43.488858258011795,44.24726351167171,1984600
2020-11-05,44.028812408447266,44.75836539837231,43.88867352974185,43.90515786692374,1451800
2020-11-06,43.241554260253906,44.33382240308267,43.08080210042992,43.95049710278211,1580800
2020-11-09,44.98918151855469,46.45653263289446,44.902624607899675,45.22824525922012,2147600
2020-11-10,45.417457580566406,45.854042045359854,44.968396554828125,45.18876821404899,1895600
2020-11-11,45.66693115234375,45.79166820115265,45.05986863243541,45.65861344572446,1818200
2020-11-12,44.80207061767578,45.58792570929892,44.432012005103,45.35508069615884,1824400
2020-11-13,45.39666748046875,45.600406901841794,44.96839754130103,44.96839754130103,2459600
2020-11-16,46.88937759399414,46.930959788629565,45.84988617362978,46.60663580076399,2550600
2020-11-17,46.552581787109375,47.03074845847909,46.44031811337434,46.68147770367107,2479600
2020-11-18,45.816612243652344,47.1346862404007,45.77918891324006,46.82283890015754,2646000
2020-11-19,45.30934143066406,45.82908701342881,45.05570533249284,45.82908701342881,2098000
2020-11-20,45.313507080078125,45.69188027149943,45.05987094386435,45.26361035462966,2814400
2020-11-23,45.62120056152344,45.82909884831691,45.10561369851294,45.45488129763344,2251800
2020-11-24,45.98709487915039,46.09520286353169,45.62950961504554,46.09104401005818,2461600
2020-11-25,46.673160552978516,46.756318590175965,45.60872244992748,46.07025685260759,2338400
2020-11-27,46.36547088623047,46.72305614761968,45.94135665887317,46.72305614761968,1625400
2020-11-30,45.25944900512695,46.1450975924096,45.00165720188272,46.1450975924096,4758800
2020-12-01,45.25944900512695,46.18667660851909,45.20539660141216,45.60456086615939,2185400
2020-12-02,45.1596565246582,45.230341165816924,44.19916765869137,45.01828407006533,3282600
2020-12-03,44.340538024902344,45.064023038811776,44.1492720176516,44.91433604665458,2351200
2020-12-04,44.377960205078125,44.65238423537988,43.92474038720003,44.46943276699509,1848200
2020-12-07,44.32805633544922,44.78127290795487,43.820784198397995,44.00789131741365,1845200
2020-12-08,43.779212951660156,44.38627544831297,43.770895245359505,43.96632010384356,2117800
2020-12-09,43.43410873413086,44.13264708917498,43.138893554096434,43.96217214736402,3288800
2020-12-10,42.935157775878906,43.70022199668096,42.81457638128539,43.434112426638826,2960000
2020-12-11,42.73556900024414,43.005837392824205,42.452827218699376,42.802097971090404,2261200
2020-12-14,42.16593551635742,43.41332533965882,42.10772107277577,42.906052970618695,2064000
2020-12-15,42.65241241455078,42.847837307735986,41.766763700522176,42.311459358017885,3280400
2020-12-16,41.78754425048828,43.005828005776614,41.75843862516502,42.56924045365246,3067200
2020-12-17,41.81249237060547,42.40292577405403,41.70438757150637,41.987129300448885,2371600
2020-12-18,41.587974548339844,41.94555987822634,41.317709296081986,41.79171716643827,4423000
2020-12-21,40.340572357177734,41.222062020700825,40.157624066465644,41.20127092817032,2568200
2020-12-22,39.920623779296875,40.41957832196117,39.70025213674889,40.41957832196117,2444800
2020-12-23,39.69609069824219,40.481945796511916,39.68361731132924,40.16593958152383,2614800
2020-12-24,39.64619064331055,39.812509856801825,39.375922317921614,39.7501397552082,1232200
2020-12-28,39.775089263916016,40.007934256890486,39.56303218972849,39.770930411248585,2543600
2020-12-29,40.224159240722656,40.41126960034251,39.99962871254448,40.00794642040815,4530000
2020-12-30,41.0141716003418,41.14306751622301,40.07447050539002,40.17426396182316,2538600
2020-12-31,41.51312255859375,41.567178135831014,40.610844881875096,40.89358663912745,1984600
2021-01-04,40.75221633911133,41.61291497748211,40.552632620930524,41.504806997956024,2916000
2021-01-05,40.20753479003906,41.039128090120755,40.12853558367945,40.87696765038696,3258400
2021-01-06,40.84368896484375,41.0848485084095,40.30731113365595,40.5692617697952,2973400
2021-01-07,39.43414306640625,40.98506558533437,39.40919628866923,40.83537857436044,3225200
2021-01-08,39.70440673828125,39.72519783210848,39.13476756581133,39.450770620511605,2667600
2021-01-11,39.24702835083008,39.86240851911586,38.97676001224325,39.504823302944104,2067800
2021-01-12,38.54433822631836,39.20961523223362,38.161806168510196,39.055769369467434,2758000
2021-01-13,38.9393424987793,38.9850803671377,38.26575103299925,38.61086288614878,3729000
2021-01-14,39.084877014160156,39.28446076067222,38.5983957956493,39.23456403097519,3770800
2021-01-15,39.604618072509766,39.77925184754633,38.69402268910023,38.980923299714334,3567400
2021-01-19,39.55056381225586,39.88735795863833,39.35513895171647,39.60461621467665,3362000
2021-01-20,39.38424301147461,39.592141251043394,39.201291545525955,39.2511882650416,2256600
2021-01-21,38.94765853881836,39.51314204922711,38.93102629765626,39.417510627889605,2343400
2021-01-22,39.0723991394043,39.20545389771268,38.30733189992432,38.797971915988185,2347600
2021-01-25,39.39672088623047,39.708568281108285,38.748079320012856,38.835396209905554,3469200
2021-01-26,39.37177276611328,39.68777583143324,39.19298013892736,39.517300910967954,3165000
2021-01-27,38.922706604003906,39.53392790352207,38.498592441275896,39.05160249058045,4611000
2021-01-28,39.86241912841797,40.36968828954732,38.92271797263855,38.92271797263855,3877600
2021-01-29,39.63788604736328,40.04952374543837,39.247036273514155,39.61709495086137,5146600
2021-02-01,39.56303787231445,40.05367787246532,39.313560605112016,39.62956366317317,3848200
2021-02-02,39.84578323364258,40.531848159857,39.40088106224125,39.729360709877874,2552400
2021-02-03,39.454925537109375,40.03704121116024,39.413346525879,39.820825277121955,1968200
2021-02-04,40.11188888549805,40.36136615118558,39.33018943479476,39.52561429747058,2524000
2021-02-05,40.178409576416016,40.664893830877865,40.11188379440487,40.332255403996705,1647800
2021-02-08,39.280303955078125,40.107738272308694,39.21377497867959,40.05784154000979,2301800
2021-02-09,39.50066375732422,39.61708625872914,38.99339156782402,39.567192713712885,1561200
2021-02-10,39.920623779296875,40.08694301761018,39.438298305415856,39.82083033294352,2495000
2021-02-11,39.74424743652344,40.14320045869568,39.59306449667362,40.008815979271255,3014200
2021-02-12,39.84922790527344,39.975214732743886,39.50906795667259,39.74844036568395,2215200
2021-02-16,39.370487213134766,39.89542704264323,39.34529112659146,39.84923208132821,2304800
2021-02-17,39.135318756103516,39.555270657925924,38.85814896299093,39.4628807268884,1622000
2021-02-18,39.446083068847656,39.64766139557406,39.04292961937365,39.219308652772504,1670000
2021-02-19,39.13111114501953,39.55946059636807,39.013525146766135,39.475471513037974,2653400
2021-02-22,37.40930938720703,39.41667860060607,37.25392605832863,39.21930072997025,6824000
2021-02-23,38.282814025878906,38.33320619975737,37.493302459345585,37.682282723325336,3328200
2021-02-24,37.7830696105957,38.866546185627385,37.63188668366205,38.278612936883015,3502200
2021-02-25,36.97255325317383,37.8754501759741,36.590395614509056,37.58988285164605,2899400
2021-02-26,36.456024169921875,37.384117503695556,36.451826957699495,37.073353988363536,3420200
2021-03-01,36.854976654052734,37.7494729751223,36.81717932004723,36.92636770231166,3591400
2021-03-02,37.27492904663086,37.531099944805895,36.58200781720624,36.87177563408782,3493600
2021-03-03,36.716392517089844,37.23713194437565,36.275441767256666,37.119545932147744,3424200
2021-03-04,36.78357696533203,37.06914432014036,36.02346522555342,36.78777738048483,4538600
2021-03-05,37.430301666259766,37.68647251295174,36.6239950032184,36.77517790303589,4265200
2021-03-08,37.86286163330078,38.09803365209842,37.03555594777247,37.30432488467791,5125400
2021-03-09,38.110626220703125,38.29540603977343,37.400906646526714,38.009838684836595,3680200
2021-03-10,39.660255432128906,39.73164648072135,38.0434381774341,38.17362543519628,5387600
2021-03-11,39.20250701904297,40.10960460992805,39.1983066031652,39.420883788987254,3147000
2021-03-12,40.21458435058594,40.31117146816177,39.236095909883225,39.5216632555482,2180600
2021-03-15,41.209877014160156,41.25187476552971,40.31538065921609,40.31538065921609,3277600
2021-03-16,41.537437438964844,41.5668339391858,40.78572327162537,40.94950423056756,3281800
2021-03-17,41.550045013427734,41.92799918755343,41.15528917363188,41.52064850646287,2970800
2021-03-18,41.17628479003906,41.80621263565529,40.98730451396697,41.554238934225836,2674400
2021-03-19,41.34006118774414,41.85240295798139,40.60094503376359,41.52483782325551,8450000
2021-03-22,41.02089309692383,41.340057370944535,40.38256775286047,41.340057370944535,2946800
2021-03-23,41.20147705078125,41.48284402672797,40.701733314414376,40.92850770224526,2270000
2021-03-24,40.91590881347656,41.50803925503687,40.8907127277867,41.0250971914299,3191800
2021-03-25,41.28547668457031,41.45765852825835,40.651351523813915,41.15529260059688,2619400
2021-03-26,41.34006118774414,41.52483782325551,40.936907795748844,41.20147630812684,1437400
2021-03-29,41.642433166503906,41.77681765029665,41.07129830939004,41.201482376945215,1656800
2021-03-30,41.43245315551758,41.57523525383318,40.92850898762946,41.56263721033222,1674600
2021-03-31,41.772605895996094,41.8565949740779,41.33165522612174,41.4660396734394,2731600
2021-04-01,41.843997955322266,41.90699136741199,41.33165623616028,41.59202751094139,1882200
2021-04-05,42.21775817871094,42.725899523235135,41.95739008712399,41.99518421500792,2164200
2021-04-06,42.793094635009766,42.82249113667982,41.890197506603094,42.112771476959026,2559400
2021-04-07,42.71750259399414,42.98627152104265,42.43613562411184,42.83508859908057,3381800
2021-04-08,42.53272247314453,42.95687473494684,42.48233030214352,42.79309377123692,1540600
2021-04-09,42.473934173583984,42.860289145933336,42.318550819844525,42.52852676620552,1617000
2021-04-12,42.822486877441406,42.96107174466412,42.499122187255075,42.499122187255075,1490600
2021-04-13,43.42721939086914,43.53640455757388,42.41093354801129,42.4739269620198,2221600
2021-04-14,43.75059509277344,43.77579118496868,43.103868693269,43.343241181061366,2009400
2021-04-15,44.342716217041016,44.38051355124077,43.63299973862103,43.674994284637485,1955000
2021-04-16,44.78367233276367,44.99784870831391,44.42251342653341,44.5652987448932,3042400
2021-04-19,44.75846481323242,44.9684407188633,44.4812950798902,44.9684407188633,1453800
2021-04-20,45.3505973815918,45.53957762813297,44.76266417676071,44.81725996539576,1433600
2021-04-21,45.22041702270508,45.72435797990878,44.97684417166595,45.518582462848094,1547200
2021-04-22,44.76687240600586,45.249817737268984,44.75847477766143,45.17002585009247,1595000
2021-04-23,44.81306838989258,44.90125790741697,44.35112192496435,44.69968278278374,2162000
2021-04-26,44.934852600097656,44.985247980745044,44.59049217562054,44.859261131115915,2496800
2021-04-27,44.74167251586914,45.06923446111212,44.56529349981192,44.7374721000644,3793200
2021-04-28,44.75846481323242,44.913844932853316,44.16633122144388,44.63667840348915,4290600
2021-04-29,45.60256576538086,45.75374867414578,44.83405638380025,44.83405638380025,2998600
2021-04-30,45.89653396606445,45.955326963487835,45.40099069922592,45.661361976370934,2918600
2021-05-03,45.871334075927734,46.33747760139329,45.82933633498648,45.946925524053086,1831400
2021-05-04,45.820953369140625,46.03092932511543,45.354806490558246,45.97633672999436,2650200
2021-05-05,45.30411148071289,45.75740664016649,44.89741703007304,45.583712501475205,2835600
2021-05-06,45.596412658691406,45.67690536468042,45.0075527926402,45.414247167113864,2795400
2021-05-07,45.88448715209961,46.17680003984107,45.49473878985734,45.49473878985734,1667400
2021-05-10,46.22340774536133,46.51572067741157,46.02853353470116,46.15138964770605,1920400
2021-05-11,45.342227935791016,46.325073457359245,44.96095095929483,46.21069198047014,1948800
2021-05-12,44.00776672363281,45.32105464288971,43.995058027866584,45.32105464288971,2146000
2021-05-13,44.931297302246094,45.308336978802934,44.00776115208989,44.07978247251367,2558800
2021-05-14,45.40578079223633,45.59218361315119,45.07534177851993,45.07534177851993,1438000
2021-05-17,44.702537536621094,45.53710971551869,44.702537536621094,45.448145611510526,2204800
2021-05-18,44.70677185058594,44.897411973933224,44.34244084022782,44.56273566292426,2891400
2021-05-19,44.486488342285156,44.685599887855304,43.982355129639075,44.588161153937,1730600
2021-05-20,44.795738220214844,45.143123243972134,44.43988180997956,44.43988180997956,1434600
2021-05-21,45.17701721191406,45.24056392567279,44.740668066688336,44.91012489267156,3803000
2021-05-24,45.24480438232422,45.36342319912741,44.96943742496232,45.31682248793753,1873000
2021-05-25,44.87199020385742,45.27021321246346,44.73218809673576,45.27021321246346,1816600
2021-05-26,44.62204360961914,44.952482600791484,44.545788209185545,44.85928119669268,1681600
2021-05-27,44.397518157958984,44.84233866819432,44.38480623013515,44.84233866819432,2015000
2021-05-28,44.59238815307617,44.79573372936201,44.37633065016777,44.61780554208199,1445200
2021-06-01,44.32550048828125,44.79997897049182,44.16875558549936,44.69406885472234,1779000
2021-06-02,44.346683502197266,44.613575828555035,44.045899163315276,44.312791489673046,1764000
2021-06-03,44.82538986206055,44.93129996246773,44.04589307448112,44.10520247213957,1420800
2021-06-04,44.87199020385742,45.04144700956976,44.74490002366297,44.90588221142384,1141600
2021-06-07,45.155826568603516,45.19395588351907,44.84657090108214,45.02873639383075,1428000
2021-06-08,44.960960388183594,45.23209002119146,44.592395260377366,45.10499982378662,1739000
2021-06-09,45.59217834472656,45.69808843853153,44.910117082052984,45.143117349152185,1733800
2021-06-10,46.03277587890625,46.1471573858035,45.49051335222642,45.68962489397381,1438600
2021-06-11,46.15139389038086,46.176811284332274,45.647260696209194,45.812480221133974,1278600
2021-06-14,46.134437561035156,46.23611034621162,45.83788735876775,46.23611034621162,1886800
2021-06-15,46.27424240112305,46.48606260152124,46.04547619683862,46.185275072690416,1835400
2021-06-16,45.498985290527344,46.69788854801283,45.418492570193216,46.53266579782169,2351000
2021-06-17,45.604888916015625,45.909910515868255,45.20242860371908,45.40154010540731,1840600
2021-06-18,43.8001823425293,45.47779800168479,43.60530813906435,45.47779800168479,5128800
2021-06-21,44.26618194580078,44.48647675112139,43.808652796518686,43.95268897281945,2283000
2021-06-22,43.72816467285156,44.266186584159556,43.72816467285156,44.14333047449586,1905400
2021-06-23,42.948673248291016,43.64344341816328,42.89783845623047,43.634972030193374,2112400
2021-06-24,42.77073287963867,43.118117866036776,42.58856738481286,43.058808470709266,2025200
2021-06-25,43.033390045166016,43.046098739270086,42.55891166185704,42.707185146603734,2623400
2021-06-28,43.35111999511719,43.461264164590816,42.982551708316734,43.122353806632724,1785000
2021-06-29,42.55891418457031,43.42737829718201,42.431824003876734,43.21132078824724,2113000
2021-06-30,42.236942291259766,42.71142065456399,42.054776808502915,42.61821925890428,2390200
2021-07-01,43.024925231933594,43.245220087002,42.14798958560735,42.23695369672795,1542600
2021-07-02,43.130828857421875,43.24521357744491,42.81309855176649,43.08846546309179,1552200
2021-07-06,43.342647552490234,43.368068173899275,42.57162216688969,42.999499868605284,1548400
2021-07-07,43.5460090637207,43.567189150265946,43.04187581498271,43.279116701982105,1551800
2021-07-08,43.325706481933594,43.567181404035495,43.19437897949293,43.32147240464975,1588200
2021-07-09,43.60106658935547,43.71545130051389,43.19013490874848,43.51633980726147,1347000
2021-07-12,43.65190505981445,43.74086915159045,43.26639076333218,43.43161025264756,1190200
2021-07-13,43.067283630371094,43.71545291040683,42.902060904599935,43.66885220890311,1140400
2021-07-14,43.43585205078125,43.66885557626705,42.88088413095863,43.09694165167092,1283800
2021-07-15,43.89762878417969,43.93999218680078,43.24945611880725,43.28758544365054,1954800
2021-07-16,44.363624572753906,44.626279560294236,43.800182047675705,43.96963885932357,1498400
2021-07-19,43.04609680175781,44.253471169093274,42.4487623487964,44.079780303956305,2314000
2021-07-20,43.35960006713867,43.77900321399091,43.07152442749507,43.07152442749507,1534600
2021-07-21,42.851226806640625,43.61801489099792,42.81733479916899,43.61801489099792,1077000
2021-07-22,42.74108123779297,43.04610285392492,42.554678420796805,42.83851995543729,1156600
2021-07-23,43.524818420410156,43.5332930392986,42.80886826610142,42.846994354739124,1597400
2021-07-26,43.96540069580078,44.06283941104368,43.41467010879763,43.53752298193203,2103000
2021-07-27,44.626277923583984,44.876227438824415,43.71968773145579,43.914565158581425,1432600
2021-07-28,44.18992614746094,44.69405922417299,43.88067048603891,44.59238643993611,1280000
2021-07-29,44.21958541870117,44.465297635468694,43.98234782023314,44.367862149863555,1116400
2021-07-30,43.60106658935547,44.6982968405543,43.49092241905718,44.25347315426188,2322800
2021-08-02,43.88068389892578,44.14333894116604,43.63920894247752,43.78324516149694,3356800
2021-08-03,44.0458984375,44.35515415835683,43.702750704677435,43.95269702065433,1888600
2021-08-04,43.93574523925781,44.09672742675345,43.27486725340022,43.50363345591702,2528200
2021-08-05,45.10075759887695,45.16006699762601,43.88914576936944,44.08401996984774,2219200
2021-08-06,44.944007873535156,45.282921481775276,44.736424985350936,45.23208347090335,2519200
2021-08-09,45.25751495361328,45.299878356780034,44.82116575996681,44.98638529480149,2222600
2021-08-10,46.03700256347656,46.14291266594087,45.09652033645434,45.24479706560023,2540800
2021-08-11,46.588321685791016,46.71653270283016,45.95152823685252,46.160945107744816,2075600
2021-08-12,46.451560974121094,46.79346027770202,46.33189605483654,46.52421420931178,1907800
2021-08-13,46.96013641357422,47.02851822998434,46.33189559358472,46.34898778706278,1883600
2021-08-16,47.13108444213867,47.759328479406584,46.58831766948585,46.994324079378764,3447600
2021-08-17,47.05415725708008,47.2550247562307,46.515661893918185,47.12681048765072,2148800
2021-08-18,47.07126235961914,47.25503444325643,46.76782533977617,46.968692880103546,2042000
2021-08-19,47.776424407958984,47.9473756782668,47.04561090650172,47.10544336201582,3245000
2021-08-20,48.97735595703125,49.02436764220065,47.44734700117612,47.69522620286486,3975600
2021-08-23,48.72092819213867,49.09701839383215,48.43458667741895,49.00299828887709,3361200
2021-08-24,48.60980987548828,48.77221505794132,48.19098266527924,48.729474792690866,3998800
2021-08-25,48.63117599487305,48.887601262092254,48.29354814312849,48.5286065401102,3034000
2021-08-26,48.58415985107422,48.857680545724094,48.272173576532765,48.58843452897859,3897400
2021-08-27,47.73369598388672,48.652553113250974,47.584111557594994,48.58417454921393,5609600
2021-08-30,46.73789596557617,47.05415367386605,45.96861693392616,47.01141667446861,6153000
2021-08-31,47.272125244140625,47.319136930251986,46.46010906477356,46.648155809219,5706000
2021-09-01,48.092681884765625,48.203800698972806,47.250749572958775,47.45161706996336,3695200
2021-09-02,48.59699630737305,48.60554566594084,48.01148914922701,48.20381058950305,4136800
2021-09-03,48.10551071166992,48.45595940533126,47.960204227758425,48.41322239598228,3173400
2021-09-07,48.07986068725586,48.14396782029705,47.477258201542625,47.951646421173486,4378200
2021-09-08,49.07564163208008,49.152569528358164,47.86616541972831,48.05421211299113,3032400
2021-09-09,48.26790237426758,49.14402223238128,48.233711472128064,48.97734566023103,3307000
2021-09-10,47.79779052734375,48.26790732845478,47.7550535255948,48.26790732845478,1525200
2021-09-13,48.44313430786133,48.6867388261103,48.07131877300078,48.237995377032995,1909000
2021-09-14,48.88759994506836,49.15684597930146,48.485864972185624,48.74229349312087,4029000
2021-09-15,48.24653244018555,48.866227056004206,47.78923971924982,48.678183614725,5304800
2021-09-16,48.04139709472656,48.426033361564535,47.81061337824929,48.199524323343546,2322800
2021-09-17,47.45588684082031,48.1610587163038,47.34904271606899,47.91745424229575,4751000
2021-09-20,46.80200958251953,47.5883809144334,46.31480054848061,47.284943937838946,2827200
2021-09-21,46.14811325073242,47.23364662895518,46.14383857300355,46.84473573184559,3620200
2021-09-22,45.297637939453125,46.417365632698164,45.15660616126464,46.19940268731714,3228600
2021-09-23,43.85310745239258,45.25917667380271,43.81037045010603,45.07967930782464,4127000
2021-09-24,43.10092544555664,44.00269024846021,42.92997416934576,43.724894832195595,4818800
2021-09-27,42.74619674682617,43.46846408623401,42.712009104379305,42.955613582667155,5224200
2021-09-28,42.4213981628418,43.14793700895245,42.09659106499996,42.73765590355326,4047800
2021-09-29,43.053916931152344,43.45992664960694,42.3401988056251,42.50260073663216,4042800
2021-09-30,42.44276428222656,43.21631805759614,42.41284805404924,43.1607570191066,2568000
2021-10-01,42.46841049194336,42.98553574497681,42.34874231466649,42.69491954998183,3711200
2021-10-04,43.32743453979492,43.4898397196225,42.44276518977807,42.49405155087484,3277800
2021-10-05,43.36589431762695,43.67787733913025,43.177847612748934,43.361619639618645,2477600
2021-10-06,44.092437744140625,44.118082554285586,42.92142691374883,43.2334132289555,2354800
2021-10-07,44.21637725830078,44.71213561900752,44.09671234657827,44.16509089872358,2247600
2021-10-08,44.10098648071289,44.421518887709546,43.86592807799897,44.18218580659421,1885600
2021-10-11,43.883026123046875,44.17791699830207,43.54539824312594,43.98559558636955,2147600
2021-10-12,43.9385871887207,44.34886833331614,43.76336447830089,43.998419651851826,1406400
2021-10-13,43.83173751831055,44.03687969508372,43.43427720006976,43.68643105775711,2145200
2021-10-14,44.22493362426758,44.35741933172552,43.848840115677575,43.93431739518658,1618400
2021-10-15,43.69925308227539,44.5283646487032,43.68215762866999,44.36595946976409,3087000
2021-10-18,43.49410629272461,43.62232055087242,42.848770105752976,43.34452516530152,2568600
2021-10-19,43.61804962158203,43.72916843748546,43.43855225324717,43.59240807199828,1137400
2021-10-20,44.46853256225586,44.73777862238152,43.73344435421506,43.75908590452482,1283200
2021-10-21,44.4129638671875,44.72067546036355,44.378772965584865,44.464250219591456,1250200
2021-10-22,44.707862854003906,44.95574204496625,44.536911575387656,44.60956480909662,1323600
2021-10-25,44.357418060302734,44.70359206567354,44.31895247047002,44.65230896006288,1349800
2021-10-26,44.4044303894043,44.83180699900275,44.3745141571574,44.408705068475214,1286000
2021-10-27,44.066795349121094,44.69076470693818,43.99841353754562,44.60101602471356,1647400
2021-10-28,43.93431091308594,44.301855009184905,43.6479661447593,44.02833101573683,1592400
2021-10-29,44.028324127197266,44.39586816579139,43.68642489497228,43.865922236437186,3114400
2021-11-01,44.22919464111328,44.682215964409075,43.88729538535832,44.01550638353241,1880800
2021-11-02,44.36168670654297,44.40869838737607,43.55821671457665,44.237747117130624,3317800
2021-11-03,44.173641204833984,45.3831176440351,43.823192558420075,44.66512489764754,2745800
2021-11-04,43.977046966552734,44.44716051215257,43.54112106634935,44.19073523824578,3422400
2021-11-05,44.55400085449219,44.71213133590591,44.12662434749466,44.13089902553936,2656600
2021-11-08,43.199222564697266,44.630933358656634,42.848773923244906,44.630933358656634,2514000
2021-11-09,43.72916793823242,43.80182116830644,43.207768031820244,43.293245297164034,3440000
2021-11-10,44.20783233642578,44.23347388658342,43.776181098567385,43.8659297847435,2920800
2021-11-11,44.07534408569336,44.66512583367922,43.771907115053644,44.19073758448383,2680200
2021-11-12,43.85090255737305,44.187552665439036,43.28982014155388,44.07965182091161,2054400
2021-11-15,45.33562469482422,45.34857227086813,44.13145072964801,44.20050885904598,3129800
2021-11-16,45.45647430419922,45.76722930878257,45.31836133470361,45.495320326208606,2835800
2021-11-17,45.65501022338867,45.7326989723757,45.024869611770676,45.326990695124216,1831800
2021-11-18,45.52553176879883,45.85786496485654,45.28383160606579,45.69817050848586,1936600
2021-11-19,45.7283821105957,45.83196930470775,45.512580395504884,45.6377457854023,2790600
2021-11-22,46.3110466003418,46.43620868986574,45.47373494224795,45.55574064278739,2363000
2021-11-23,45.87944412231445,46.319678154741794,45.715432717924244,46.267884559743926,3405400
2021-11-24,45.922607421875,46.06503734968227,45.37446920014629,45.913973508925665,2351800
2021-11-26,44.49399948120117,45.892397074110434,44.308413153014456,45.525534788631184,1797800
2021-11-29,45.348575592041016,45.57300794327539,44.606217111009244,44.88676001970703,2520800
2021-11-30,43.307090759277344,45.13709184970942,43.30277709543007,45.05940309310737,4311000
2021-12-01,43.33299255371094,44.39905373775183,43.30278044008066,43.72575003090455,2249800
2021-12-02,44.01923751831055,44.55442819848399,43.5401573973579,43.5401573973579,2301200
2021-12-03,44.5673713684082,44.60621409675985,43.68258301450593,44.360200271914145,1945600
2021-12-06,45.2838249206543,46.15134861885945,44.891067565115705,45.162976503565496,2787600
2021-12-07,45.25362014770508,45.54711061941303,45.02918780716273,45.249303191288995,1604400
2021-12-08,45.538475036621094,45.831965476344145,45.11550226151013,45.33130395857494,2106200
2021-12-09,45.85786437988281,46.25925570099341,45.31836009306066,45.57300453586175,2860200
2021-12-10,46.3585205078125,46.57432219726057,45.89670173123608,46.043448592354444,3888200
2021-12-13,46.56137466430664,46.82033934448767,45.935551037238774,46.28946570156379,2397600
2021-12-14,46.306739807128906,47.04478139534223,46.194521975374,46.62612547441384,2207400
2021-12-15,47.41164016723633,47.52817494727595,46.194518522630936,46.194518522630936,2179400
2021-12-16,47.76555252075195,48.38706253595951,47.364161184742564,47.515221732085244,2596400
2021-12-17,47.269203186035156,47.88208252007889,47.13109022897022,47.23899107957947,3784000
2021-12-20,47.23899841308594,47.329638039396755,46.11251309441703,46.85055792488823,1916000
2021-12-21,47.16130828857422,48.00725396186194,46.863504142454424,47.63607472548255,2065600
2021-12-22,47.467750549316406,47.467750549316406,46.90234777077741,47.018882550384845,1026200
2021-12-23,47.51522445678711,47.692183460159576,47.39869296868982,47.52817532690739,919600
2021-12-27,47.83461380004883,47.86482591150527,47.372798214715644,47.57133541755416,872600
2021-12-28,48.29210662841797,48.32231873624573,47.8389217181288,47.895032270432345,682000
2021-12-29,48.55107116699219,48.57265265664072,48.093572563725715,48.309374288719034,931200
2021-12-30,48.184207916259766,48.63307589029092,47.97704010847489,48.60718073753604,1311400
2021-12-31,48.6201286315918,48.80571824425121,47.81302900577101,48.08925494653763,1102600
2022-01-03,48.08062744140625,48.620131781429045,47.66628850341352,48.620131781429045,2060000
2022-01-04,48.02883529663086,48.482020273149914,47.84324566631689,48.07631194342326,2194600
2022-01-05,48.14104461669922,48.57696498162781,47.84755416697591,47.84755416697591,1773200
2022-01-06,47.325313568115234,47.91229445677966,47.139723974009975,47.71375728750679,3144600
2022-01-07,48.39569091796875,48.68918137903633,47.08793306550698,47.41163563464595,2535600
2022-01-10,48.21010971069336,48.81435527024368,48.097895171381005,48.28779847253374,2556400
2022-01-11,46.93255615234375,48.39569151961137,46.72107139321489,48.39569151961137,2926200
2022-01-12,47.14836120605469,47.22604996082939,46.30241881677071,46.673598057041744,2725200
2022-01-13,47.752601623535156,48.132411443709515,46.967083539105126,47.23467884212715,2267600
2022-01-14,47.93819808959961,48.128104673321545,47.49796399163983,47.89935535722369,2249200
2022-01-18,47.407310485839844,48.00292521756484,46.664955488248744,47.84323079228583,2956600
2022-01-19,47.62743377685547,47.977034764470055,47.200147339629375,47.47637324782327,1911200
2022-01-20,47.47205352783203,48.128092491249156,47.43321080528789,47.748279419942705,2055600
2022-01-21,47.22604751586914,47.85618814180821,47.18288783053388,47.85618814180821,1965400
2022-01-24,46.6951789855957,47.23899696960431,45.655013075449936,47.044776731440244,4276800
2022-01-25,46.470741271972656,46.95845526322627,45.89670791046733,46.026190258717804,3840400
2022-01-26,46.30241775512695,46.96277050913453,46.09093298587325,46.42758315122041,2777400
2022-01-27,47.299415588378906,47.7267053303328,46.47073784080541,46.90234124594236,3377800
2022-01-28,47.977046966552734,48.01588970123743,46.872139759891695,47.15699965240636,2858800
2022-01-31,48.24031448364258,48.43885496148124,47.41595363504279,47.66628441764555,3697400
2022-02-01,47.48069381713867,48.318002224440576,47.08361616262802,48.128098956150595,2892000
2022-02-02,48.34389877319336,48.44316571327334,47.28646844522073,47.489322574348535,3165600
2022-02-03,48.32664108276367,48.59423312683562,48.06767965923111,48.45180648426026,2069800
2022-02-04,47.86482620239258,48.32232483376284,47.35985092517748,47.90366893469841,2280200
2022-02-07,47.32963180541992,47.94250786101114,47.213097040011355,47.752601305751384,2755000
2022-02-08,47.467750549316406,47.75260712404092,47.277843970917985,47.69218290234562,2281600
2022-02-09,48.110836029052734,48.23600142191558,47.571331728543704,47.77418587239477,2315600
2022-02-10,46.364280700683594,47.97146072777886,46.32072637981269,47.71884101455327,2142000
2022-02-11,46.08988571166992,47.013252604319526,45.859044819252944,46.49059078239304,3585600
2022-02-14,45.51496124267578,46.49494844646545,44.98794630072893,46.312018299273674,2694800
2022-02-15,45.048919677734375,45.99841845328824,44.79194354650213,45.77628710645724,2365200
2022-02-16,45.279762268066406,45.541091514975406,44.82679002269936,45.14474287714278,2423400
2022-02-17,45.710960388183594,45.9679365555173,44.94874806797961,45.08812390218334,3382400
2022-02-18,45.56722640991211,45.980997437371684,45.36251744915447,45.51931566067174,1789600
2022-02-22,45.51931381225586,45.867751683603856,45.07505112333668,45.758864225748574,3047400
2022-02-23,45.61949157714844,46.56899040843062,45.32767396736903,45.51496054079108,3276200
2022-02-24,44.56546401977539,45.39736589365391,43.633387533397695,45.21878884609519,2914800
2022-02-25,45.9853515625,46.181347655586656,45.01843041424534,45.14474026291641,2839200
2022-02-28,45.824195861816406,46.04632719898908,45.36251411900936,45.57593259896979,3246600
2022-03-01,45.236209869384766,46.081177682506706,44.818082391968844,45.8677558531628,2226400
2022-03-02,46.43832778930664,46.66045582784632,45.17087608748749,45.17087608748749,2992600
2022-03-03,47.6317253112793,47.91047691110542,46.56027322638869,46.57333918841472,2508400
2022-03-04,48.886104583740234,48.92094936237768,47.17004077310849,47.31812609784615,3569800
2022-03-07,48.72060012817383,48.964506948986724,48.136961677395696,48.87739831954818,2365000
2022-03-08,47.644798278808594,48.99935859103028,47.627375885885094,48.78158366395903,1686600
2022-03-09,47.03066635131836,48.280692083769786,46.98710871526244,48.093405546865,3666200
2022-03-10,47.47929000854492,47.57946461302669,46.686589415639396,46.69094252158616,2333800
2022-03-11,47.36604309082031,47.653507568057755,47.15262460870797,47.26586516975779,1771000
2022-03-14,48.028076171875,48.21536272342683,47.47928580284704,47.88870036534675,1622400
2022-03-15,48.454917907714844,48.812068630385035,48.23278656709636,48.67269281965963,2362800
2022-03-16,48.136962890625,48.611713905079824,47.566393710565286,48.481047634647524,1933400
2022-03-17,48.080345153808594,48.35038724291806,47.77110517528628,47.91048098705664,2807000
2022-03-18,47.670928955078125,48.267633435859956,47.27893675502718,48.184877902391534,4432200
2022-03-21,48.245853424072266,48.35909731081663,47.74932688147664,48.00194658152887,2161200
2022-03-22,47.7711067199707,48.620427581193375,47.63173090369361,48.620427581193375,1920000
2022-03-23,48.280696868896484,48.51589417038846,47.562039001501255,47.82772465746544,1593400
2022-03-24,49.09953308105469,49.15179693318337,48.359096387077734,48.359096387077734,1908200
2022-03-25,50.01418685913086,50.110008351650485,49.26504063359353,49.4218388353563,1535800
2022-03-28,50.23631286621094,50.24938215165288,49.609123407230726,50.04467321181926,1460600
2022-03-29,50.684940338134766,50.69800630275616,49.900949231032335,50.384409859915195,1390000
2022-03-30,50.97674560546875,51.011590384670264,50.39310718427704,50.5368394062475,1249400
2022-03-31,50.850440979003906,51.62571911921234,50.846084550412456,50.989816787097766,2041400
2022-04-01,52.30517578125,52.37486534680488,50.67186397209808,50.81559620881898,4222000
2022-04-04,52.009002685546875,52.11789013444252,51.22501172430574,51.99158029496582,2462800
2022-04-05,52.8365478515625,53.180632609753,52.026424916679844,52.187579547117856,3179800
2022-04-06,53.83395767211914,53.90364723910715,52.64490851147392,53.02383473228151,2937600
2022-04-07,53.568275451660156,53.890584735196065,52.832198460244996,53.69022887873573,2302000
2022-04-08,53.712005615234375,54.029958457464254,53.150145928322864,53.86880382195301,1784400
2022-04-11,53.045623779296875,54.14320808710806,52.87575958074255,53.8339680506891,1609800
2022-04-12,53.7076530456543,53.93414083740305,52.475049447298424,52.86704166928043,3055400
2022-04-13,53.733787536621094,53.84267500184835,53.27210242442994,53.59876482011172,1974200
2022-04-14,54.09528732299805,54.33919748637124,53.68151631547904,53.833958090723854,1850200
2022-04-18,54.199825286865234,54.38275542935184,54.00818228636592,54.24773603699006,2054400
2022-04-19,54.24773406982422,54.38275345728983,53.56827405768462,54.278222425799726,1679400
2022-04-20,54.809593200683594,55.197235636149955,54.43937648148816,54.71377502206568,2765800
2022-04-21,54.587467193603516,55.23643558360401,54.339203895215284,54.683288698767726,2214400
2022-04-22,53.72071838378906,54.53955425105342,53.64667570476504,54.500353035523105,1573800
2022-04-25,53.241607666015625,53.947199552130606,52.32695373266895,53.947199552130606,1763000
2022-04-26,52.55344772338867,53.77734176711793,52.54473486531546,53.163214869244136,2004800
2022-04-27,52.56216049194336,53.380993083165436,51.44715384466531,52.213719253178006,2527000
2022-04-28,53.276458740234375,53.537787991627994,52.2877620201843,52.86704080849595,1597200
2022-04-29,51.765106201171875,53.13708908391865,51.68235397780016,53.102244293561036,3189000
2022-05-02,51.41230392456055,52.379225108789974,50.77204512295016,52.05256272617093,2312400
2022-05-03,51.190162658691406,52.28774991256447,51.08998807496119,51.62135598979392,1815800
2022-05-04,52.13032913208008,52.30605652826262,51.22092276273073,51.493305589670044,2429200
2022-05-05,51.972171783447266,52.389529376973215,51.36151003201782,51.86234048496305,1825200
2022-05-06,52.398319244384766,52.52133312554545,51.638288465694515,51.80523084816285,1644200
2022-05-09,52.393924713134766,52.938687027029204,51.466948265514496,52.095183440653564,2025800
2022-05-10,51.0979118347168,53.06609016295126,50.5839021662579,52.42028159662769,2544600
2022-05-11,51.717369079589844,52.508152520250924,51.17699754612029,51.295617240880134,3205800
2022-05-12,51.036415100097656,51.79644928138964,50.289563492222015,51.66904455265118,2607600
2022-05-13,51.475730895996094,51.541630343813765,50.53557527236705,51.374687980889455,2512400
2022-05-16,51.748111724853516,52.05563800045539,51.409829469906434,51.68221227957168,2234000
2022-05-17,51.9765625,52.04685613972168,50.9617223769611,51.805225942909935,2728200
2022-05-18,51.168209075927734,52.244554527710534,51.062771961285094,52.183049264853544,2312400
2022-05-19,50.81675338745117,51.111100515144635,50.25441757580221,50.97491075345067,2106600
2022-05-20,51.392269134521484,51.42302176789904,50.15337206564835,50.83432419094719,3223200
2022-05-23,51.31318283081055,52.27530270453595,51.04958503898809,51.92823540696919,2910000
2022-05-24,52.349998474121094,52.38514194681452,50.843112730383204,51.52406485779082,1633000
2022-05-25,52.20940399169922,52.36756132830552,51.85794585062927,52.244550811341774,1606000
2022-05-26,52.66630554199219,52.94747341131287,52.253342119306716,52.60919447071265,1984400
2022-05-27,53.19350051879883,53.307722667172754,52.40271375121091,52.521333442241875,1803800
2022-05-31,52.85961151123047,53.23743147697105,52.13033337274935,52.71902757177715,3301400
2022-06-01,52.798099517822266,53.096840770057675,52.213796232278945,53.00458288578006,2180400
2022-06-02,52.89915084838867,53.20667715876389,51.59435442105235,52.96065611046372,1600600
2022-06-03,52.71902847290039,53.00019635661302,52.503760045136005,52.798107149681165,1399200
2022-06-06,53.30772399902344,53.36923261740418,52.6575245087936,52.89915473597839,1596600
2022-06-07,53.29454040527344,53.452697749766315,52.73659886071301,53.23742933434532,1896600
2022-06-08,51.9765625,53.05730207233167,51.91945143156505,53.05730207233167,1593800
2022-06-09,51.045196533203125,52.27091425476638,50.98808211153172,52.002925612142235,1350200
2022-06-10,50.93096923828125,51.475731533536425,50.21487038764917,50.52679086927855,1664800
2022-06-13,48.193973541259766,50.52239846332723,47.96552590995026,50.44331979253061,2305400
2022-06-14,47.13520431518555,48.360922108742805,46.47621647037749,48.31259606531404,2964000
2022-06-15,47.34607696533203,48.06217921122064,46.50696754726364,47.47348167994893,3608600
2022-06-16,46.51136016845703,46.88478591840358,46.15111363823556,46.65194409849992,3124600
2022-06-17,45.01325607299805,46.871602998594966,44.74526745379259,46.53771493418104,5952000
2022-06-21,45.99735641479492,46.23459247305484,45.035236311157746,45.052809724930995,2817600
2022-06-22,45.96659851074219,46.38395949850775,45.77768852406181,45.80405031759352,1992200
2022-06-23,46.5289306640625,46.78373671695152,45.927053970632684,45.99734425535842,1939000
2022-06-24,48.56739807128906,48.81341908979992,46.700266130041264,46.72662456722885,3468200
2022-06-27,49.18684768676758,49.23077953524672,48.413634416751044,48.50589565587798,1859000
2022-06-28,49.13852310180664,49.7887258746056,49.01111839119788,49.446052753830116,3139800
2022-06-29,49.06822967529297,49.639350389475204,48.84417289842456,49.26153047231869,2551400
2022-06-30,49.485591888427734,49.8019065791233,48.5717946379262,48.765098804859136,3403000
2022-07-01,50.654197692871094,50.76402899458869,49.252749210383215,49.599816526025066,2617400
2022-07-05,48.220340728759766,50.51800992594946,47.5877112915931,50.39939358237355,3836400
2022-07-06,48.927650451660156,49.41090751830154,48.07096427045528,48.422425783531956,1875000
2022-07-07,48.58937072753906,49.3889425278634,48.54983306491503,49.02869596621805,1310800
2022-07-08,48.365318298339844,48.7387474664714,48.233522725869186,48.56301668472465,1558600
2022-07-11,48.66844177246094,48.945218774567714,48.07095927341097,48.251084201879515,1218600
2022-07-12,48.75631332397461,49.463623829061525,48.44878366562972,48.48832467749329,1578000
2022-07-13,48.114898681640625,48.80024833342627,47.969923900184476,48.281844417537975,1674400
2022-07-14,48.215938568115234,48.308196453821786,47.24063613095293,47.24063613095293,1636600
2022-07-15,48.37849044799805,48.60254387845675,47.66238825324231,48.58497046889006,1534200
2022-07-18,48.00506591796875,48.5674050221363,47.96113406577368,48.32577480738519,1936800
2022-07-19,48.42241668701172,48.71236953181254,47.96112395672911,48.295011996250004,1680600
2022-07-20,47.56574249267578,48.620123744190266,47.55256327169701,48.497113212674265,1606600
2022-07-21,47.42955017089844,47.6052809285957,47.07369781660592,47.44712358184671,1533400
2022-07-22,48.04899215698242,48.1061032190017,47.62284623145089,47.71510410938274,1218000
2022-07-25,48.6728401184082,48.73873956985949,47.833727363618124,47.965526266520705,1382600
2022-07-26,48.88810348510742,49.16048629215677,48.5498245851941,48.57178883222043,1532800
2022-07-27,48.79145431518555,49.05065791907888,48.37409672722711,48.81781610568405,1607200
2022-07-28,50.08307647705078,50.21487538744144,48.97158417573174,49.34500995279124,1457400
2022-07-29,50.57950973510742,50.66298259677742,49.916131087661135,49.98642137765798,2755400
2022-08-01,50.70252227783203,50.7684183755421,50.14018321368597,50.43892447985081,2108600
2022-08-02,50.570716857910156,51.33514165884396,50.53117585259757,50.82552624214969,2941600
2022-08-03,51.567996978759766,51.63829062808089,49.94249488374402,50.5224040835006,2813000
2022-08-04,52.24894714355469,52.56526182973379,51.370296727184,51.616317771196485,2990000
2022-08-05,51.72615432739258,52.17865880150155,51.295617456638404,52.13472694657765,1692600
2022-08-08,51.93702697753906,52.47300427121204,51.7525111933588,52.090790131022615,1575800
2022-08-09,52.59601593017578,52.824463570031206,52.00731839182627,52.22698100205802,1829400
2022-08-10,52.37891387939453,52.89729683234196,51.88268205058254,52.89729683234196,2042200
2022-08-11,52.62702178955078,53.096667480629094,51.96242729977473,52.3080158936099,1654200
2022-08-12,53.61506652832031,53.641649232549334,52.80869182377588,52.96819480975638,1648200
2022-08-15,53.96950149536133,54.01381049841041,53.22515554018817,53.61062155671971,1394400
2022-08-16,54.15115737915039,54.25749154673214,53.76125979751358,53.82329172393036,1164400
2022-08-17,53.730247497558594,54.00494776922652,53.55745320127949,53.92076471913585,1700000
2022-08-18,53.38024139404297,53.98723565057094,53.09667791281379,53.84545560010787,2022400
2022-08-19,53.898616790771484,54.004950968557466,53.40681657059529,53.40681657059529,1534200
2022-08-22,53.46441650390625,54.02710846060561,53.309345115159374,53.64164239688958,2032000
2022-08-23,52.9460334777832,53.504293856753385,52.7643760081593,53.504293856753385,1377200
2022-08-24,52.8441276550293,53.030216702132606,52.330176282870234,52.96375656961734,1869800
2022-08-25,52.89286804199219,52.93717705320298,52.44537677542927,52.92831389883963,2406400
2022-08-26,52.711204528808594,53.36250766579298,52.54727000538932,53.00805592121707,3218200
2022-08-29,52.91502380371094,53.411255670446025,52.188400622604256,52.54728063587073,1150600
2022-08-30,51.771915435791016,53.07895342914135,51.647858325708185,53.07895342914135,2576600
2022-08-31,51.085166931152344,52.10420983646407,51.049721078714754,51.7408982997351,2556200
2022-09-01,51.84724044799805,51.96686937329163,50.921240227740206,51.12061726282544,2325200
2022-09-02,51.49278259277344,52.498534119189024,51.39087661506054,51.82951142051318,2400200
2022-09-06,51.23137283325195,52.03331915184193,51.040855610419264,51.26681868408184,2475800
2022-09-07,52.7998161315918,52.84855333130788,51.3421384771343,51.408598602229176,1611200
2022-09-08,52.49411392211914,52.89286798012616,52.30359666716565,52.51626504739567,1527200
2022-09-09,53.14098358154297,53.30048655081615,52.42765179682199,52.72007165362095,1548000
2022-09-12,54.0714111328125,54.102425408866395,52.95932201093272,53.220730949360615,2644000
2022-09-13,52.15294647216797,53.734681281767365,51.96242924276289,53.557455401806415,1610400
2022-09-14,52.59601593017578,53.09224777884382,52.22827277572455,52.24599570392372,1724400
2022-09-15,51.085166931152344,52.33017292037555,51.06744400493355,52.268144368761035,1682400
2022-09-16,51.13833236694336,51.57253560886539,50.95224671196358,51.01427526362351,3412800
2022-09-19,51.34214782714844,51.35987075575479,50.50919046446805,51.0275734500675,2528400
2022-09-20,50.64210891723633,51.11618625441855,50.035111310439206,50.952251705933904,2462000
2022-09-21,50.150306701660156,51.408604115784996,50.141443547868995,51.080738411869795,2706200
2022-09-22,50.47373962402344,50.80603689690329,49.85788228204367,50.176888204856745,2874600
2022-09-23,49.44140625,50.06612679987125,48.759092098367475,49.88890089620049,1789400
2022-09-26,48.20968246459961,49.432537253449645,47.58939698793149,49.39266320722198,2066600
2022-09-27,46.876068115234375,48.462231132328704,46.75200763217277,48.40463415756271,2553400
2022-09-28,47.77548599243164,48.07233740290972,46.827331405323804,47.46091165561573,2176600
2022-09-29,45.471561431884766,47.615988437816924,45.440547152350554,47.615988437816924,2012800
2022-09-30,44.585426330566406,45.985506965831576,44.51896958800189,45.92347841923651,3381600
2022-10-03,46.060829162597656,46.36654371488006,44.904434459958274,45.43168051266505,3659600
2022-10-04,47.03114700317383,47.25267854498783,46.078560697312994,46.23806367784332,2683800
2022-10-05,46.48174285888672,46.78745404281911,45.45826498830548,46.362113951011054,2687200
2022-10-06,45.50700759887695,46.28679955001511,45.28990764065716,46.28679955001511,3793400
2022-10-07,44.85127258300781,45.68422987306188,44.38605504348717,45.475989705472685,3022200
2022-10-10,45.29433822631836,45.759552412319685,44.9664691272665,45.046220613481424,2278600
2022-10-11,44.815826416015625,45.39623790692718,44.620877600007546,45.12596918666241,3196600
2022-10-12,42.79103469848633,44.62531564873989,42.764448614073245,44.46138108602138,2474000
2022-10-13,44.55442428588867,44.64746713131825,42.06441182551749,42.27265202351362,2556000
2022-10-14,44.31073760986328,45.17470922538124,43.801214414425786,44.89114913719571,2315400
2022-10-17,44.89113998413086,45.34306272618725,44.73606862069495,45.05507449993579,2074800
2022-10-18,45.83043670654297,46.17602529743647,45.43611091638988,45.7329623080238,2058000
2022-10-19,45.077232360839844,45.582323951732214,44.80253544176315,45.22787555091974,1665200
2022-10-20,44.293006896972656,45.18356443819382,43.91197246163633,45.10381296613965,2219800
2022-10-21,45.320919036865234,45.604479113728004,44.02717576364099,44.43922452850451,1807200
2022-10-24,45.34306335449219,46.07854951741133,45.01962927488731,45.75954363375013,2121000
2022-10-25,46.41084671020508,46.57034965190061,45.21014645154869,45.38294074166847,1837600
2022-10-26,46.397560119628906,46.93809754632637,46.25578008806093,46.68112018276486,1781400
2022-10-27,46.534908294677734,47.3590057795557,46.499462441923235,46.8140401597412,1947000
2022-10-28,47.731178283691406,47.85080380587303,46.66339483547816,46.66339483547816,2291400
2022-10-31,47.46976852416992,47.8640943152278,47.17734870824382,47.74446879514493,2584600
2022-11-01,47.992584228515625,48.01030715422715,47.19506947300921,47.651427204400484,2308000
2022-11-02,48.18753433227539,49.25088624156408,46.77859381303594,47.92169720002885,3852200
2022-11-03,48.448944091796875,48.90087029810176,47.726752533474,47.93499270889852,2298000
2022-11-04,49.05594253540039,49.1135395162812,48.25399947863869,48.75022794235736,2590200
2022-11-07,48.06348419189453,49.082527243178895,47.8197981468575,48.99834417665646,3232600
2022-11-08,47.872962951660156,48.67490597449975,47.57610814503923,48.34260869361447,2599400
2022-11-09,47.46091079711914,48.160947783137146,47.42546494508462,47.72674792677304,1819600
2022-11-10,49.69409942626953,49.79703017606877,47.94424253560041,48.5797424342564,2061400
2022-11-11,49.510616302490234,49.82389171525164,48.830367071320616,49.743335570759704,3025800
2022-11-14,48.5842170715332,49.6851486504169,48.570791617977406,49.60459251467378,1954400
2022-11-15,49.0183219909668,49.47033158173717,48.39625097473016,49.10783069995545,1667400
2022-11-16,49.28684997558594,49.689630701001924,49.13021397525993,49.13021397525993,2535200
2022-11-17,48.70952606201172,48.978048791889705,48.288847053059,48.74980583725675,2000600
2022-11-18,50.08793258666992,50.172965017264616,48.995953515410626,49.24209481356115,1530600
2022-11-21,50.59364700317383,50.71447950633696,50.002903112847186,50.002903112847186,1601400
2022-11-22,50.432533264160156,51.15753509098872,49.9536727261109,50.58469296110645,2969200
2022-11-23,50.553367614746094,50.575745648367366,50.02527811672427,50.356451844986196,3530000
2022-11-25,50.90692138671875,51.13963723928964,50.55336961087535,50.86664502190037,1447200
2022-11-28,50.68315124511719,50.80398374574597,50.110309110683026,50.58916965253738,3427600
2022-11-29,50.486236572265625,50.54889096867311,50.038703218264416,50.450436498896,3127600
2022-11-30,52.03470230102539,52.12421102173275,50.266946893560196,50.392255688141915,4979800
2022-12-01,52.04812240600586,52.95661442815881,52.016795212635344,52.80892762466581,2716600
2022-12-02,51.873600006103516,51.981007070154625,51.247052539388896,51.58270260215648,2896000
2022-12-05,51.645347595214844,52.003372214939546,51.220188877880766,51.4171046380948,1481000
2022-12-06,52.39719772338867,52.42852491670025,51.578210994004266,51.640865380627424,1683600
2022-12-07,51.913875579833984,52.495670378819845,51.78856677129154,52.29875458573375,1559600
2022-12-08,52.36140441894531,52.66125095812564,51.78856225024001,52.00337635630017,1867000
2022-12-09,52.303226470947266,52.60754930081014,52.16448880368051,52.16448880368051,1573000
2022-12-12,52.987945556640625,53.05507623725085,51.81093074457824,52.701524506151344,2622800
2022-12-13,52.96556854248047,54.05307466315169,52.28979226299623,53.61001762566588,3156800
2022-12-14,53.00585174560547,53.80693686209624,52.85816491875559,53.09983334058034,3130800
2022-12-15,52.267425537109375,53.001380030708134,52.074986040957945,52.7641878780024,2825800
2022-12-16,51.220191955566406,51.748281459719585,50.60707343436395,51.59164546577767,6534400
2022-12-19,50.63392639160156,51.35445540728789,50.40121053610446,51.215721151957425,2975800
2022-12-20,50.47728729248047,50.83978821578453,50.199815384445046,50.62049782885811,2727800
2022-12-21,51.06355285644531,51.090407178351334,50.58469232442323,50.76370634136039,2693400
2022-12-22,50.437007904052734,50.821886863736395,49.59564642314882,50.821886863736395,2330400
2022-12-23,50.763710021972656,50.85321532972661,50.27589687581031,50.36988188768318,2332800
2022-12-27,51.3365478515625,51.49318383411063,50.65629869260705,50.85768732525345,1937000
2022-12-28,50.55784225463867,51.555839696465526,50.5399405112075,51.537941367442784,2023400
2022-12-29,51.059078216552734,51.493186111966736,50.34750182961032,50.83978783128481,1668200
2022-12-30,50.34749984741211,51.148584921379936,49.895490226081,51.08145423870172,1812800
2023-01-03,48.83931350708008,49.98947408590928,47.58622216929113,49.859692418422384,5681800
2023-01-04,48.87511444091797,49.631446859392504,48.588693383565975,48.94672141246013,3173000
2023-01-05,46.39130783081055,48.785610525573425,46.17201403504473,48.49918946009198,4259800
2023-01-06,48.19038772583008,48.7766552786682,46.9283439080816,46.9283439080816,3561600
2023-01-09,48.539466857910156,48.69162997279956,47.859217666475125,48.11431154006432,3722200
2023-01-10,48.212772369384766,48.53946982362929,47.68915572157568,48.47233913397082,2666000
2023-01-11,48.687156677246094,48.73638562205452,48.181445188515276,48.21277238844712,3642800
2023-01-12,47.8144645690918,48.86617074117304,47.747337293774876,48.71848390665839,2968200
2023-01-13,47.689151763916016,47.859216618858504,47.353501757887535,47.52803948786967,3274400
2023-01-17,47.845794677734375,48.46786579475994,47.505668357285934,47.895020207643576,5248400
2023-01-18,48.15010070800781,49.20180657658456,47.64886565344296,48.01584278170983,7846800
2023-01-19,47.88607406616211,48.24857502956613,47.63992932903043,48.12774251323442,3084800
2023-01-20,48.082984924316406,48.09641037870865,47.11631123517242,47.9039708987999,2612000
2023-01-23,47.7741813659668,48.37835065820511,47.59964364630702,47.988998859460175,1892200
2023-01-24,48.00689697265625,48.16800923845362,47.384825940875146,48.015849550982885,2013200
2023-01-25,48.109832763671875,48.28437048845253,47.47433625732137,47.67572488917341,2330600
2023-01-26,48.543941497802734,48.55289066218223,47.96662308468632,47.96662308468632,1525800
2023-01-27,48.651344299316406,48.9109144309926,48.329119779222935,48.56631188028949,1575200
2023-01-30,48.19486618041992,48.96462406678499,48.159062693982385,48.42758201344712,1813400
2023-01-31,48.45890808105469,48.467860659659614,47.73837915173237,48.37387565634947,3280600
2023-02-01,48.87511444091797,49.197338984041046,48.18591270466213,48.221716190433206,2669600
2023-02-02,49.47481155395508,49.998424736488786,48.70057738200371,48.995951022043265,4321000
2023-02-03,48.36940383911133,49.37635384645978,47.56831875686956,49.11678369177416,3507000
2023-02-06,48.70505142211914,48.75428035985227,47.76970501959791,48.26199098252098,3718000
2023-02-07,48.226192474365234,48.44100656015105,47.492238088181765,48.44100656015105,2738800
2023-02-08,47.259525299072266,48.00243236535633,46.99995511342539,47.86369469266435,1957000
2023-02-09,46.753150939941406,47.770408322105226,46.4954424250752,47.39515254883862,2073000
2023-02-10,47.82918167114258,47.851785320998374,46.820965065007925,46.89782713272297,1513200
2023-02-13,47.84727096557617,48.059765299621766,47.679987384668934,47.81562309344338,2062400
2023-02-14,47.96481704711914,48.448582786744296,47.57600182026181,47.73875983766108,3973000
2023-02-15,48.62491226196289,48.674645129237035,47.743286982488186,47.87440059172369,3474800
2023-02-16,48.9504280090332,49.759713255808315,48.13662410147923,48.21800483717056,6161800
2023-02-17,49.47488021850586,49.836573127669496,48.737934969082026,49.004680816336815,2812800
2023-02-21,48.64750671386719,49.352807493909296,48.48474526073124,49.13579107327504,1580200
2023-02-22,48.602298736572266,49.20813038606131,48.4169301740706,48.61133950699126,3226400
2023-02-23,48.475704193115234,48.864522834401086,48.41240845610209,48.67463562336166,3173400
2023-02-24,48.516395568847656,48.89617346171318,47.969337554163005,48.123058245124504,3090200
2023-02-27,47.96030044555664,49.14031940553843,47.87891970868343,48.6746420859593,2874200
2023-02-28,46.50900650024414,47.92864534660136,46.504484390722034,47.58503745945841,3121800
2023-03-01,45.85344314575195,46.400501174030126,45.55956808610256,46.06593747271935,2769400
2023-03-02,46.893310546875,47.028942810063924,45.77658732155293,45.880575161087954,2655000
2023-03-03,47.503665924072266,47.56243956179331,46.66725486734871,47.105806443136835,2742400
2023-03-06,47.83822250366211,48.132097547043486,47.517221700674746,47.59408031913107,2271200
2023-03-07,46.612998962402344,48.04168227572038,46.44119671369781,47.86987657765635,2170200
2023-03-08,46.91139221191406,47.14196807779243,46.495444332629226,46.65368713583414,2929800
2023-03-09,46.504493713378906,47.61217276258416,46.45928295717127,47.05607390744701,2440800
2023-03-10,45.491756439208984,46.74863403727054,45.31995074349503,46.680816181033954,2553600
2023-03-13,46.047855377197266,47.06059076474171,45.283784313303215,45.47819021260875,2876000
2023-03-14,46.87974166870117,47.20978323799928,46.328161567288966,46.418583064515,2907400
2023-03-15,47.512699127197266,48.0552384595348,46.54517461795821,46.81644600880649,2947200
2023-03-16,47.87891387939453,48.077841862474315,47.11483946785373,47.45844736496827,2192000
2023-03-17,47.27760314941406,47.91508611557043,46.99729097680245,47.53530822205279,5292200
2023-03-20,47.95577621459961,48.13662267180464,47.372548201027016,47.42680317299631,2699000
2023-03-21,46.63560485839844,47.901523212164996,46.192531192496524,47.901523212164996,2675800
2023-03-22,45.40584945678711,46.5813462101983,45.37872369650628,46.359811119400135,1538200
2023-03-23,45.36967849731445,45.91221783673182,45.075803452966596,45.356115617466855,4159000
2023-03-24,46.87974166870117,46.87974166870117,45.25664923342957,45.40584780827563,2622800
2023-03-27,47.25048065185547,47.6257330120609,46.98825345124201,47.16457780525741,2429200
2023-03-28,47.50818634033203,47.973863663176246,47.056071898835214,47.241437026182,1765200
2023-03-29,47.996463775634766,48.21347674431,47.811095225922344,47.811095225922344,1243200
2023-03-30,48.36720275878906,48.561612099732784,47.93316987486316,48.114016334939066,1158800
2023-03-31,48.7108039855957,48.71532609536942,48.064280262318526,48.49830966789942,2029600
2023-04-03,48.4576301574707,48.710813162753006,48.03264144200992,48.47119303998801,2004200
2023-04-04,48.59326171875,48.74245686301966,48.31294952308555,48.45762600647636,1076800
2023-04-05,49.99028396606445,50.153045409395396,48.909730936336636,48.909730936336636,3058400
2023-04-06,50.171138763427734,50.59160532058498,49.60147361677871,50.401718088155086,1835200
2023-04-10,50.18922424316406,50.18922424316406,49.51557125351557,49.904389942386715,1270600
2023-04-11,49.9315185546875,50.18922364078963,49.8184899476364,50.184701530686965,1977800
2023-04-12,49.76875305175781,50.30224817178355,49.63763946427972,49.9586402683706,2349800
2023-04-13,49.357330322265625,49.57886887123945,48.3265099982608,49.37541531295896,2545800
2023-04-14,48.66559600830078,49.072499677137934,48.466664559233884,49.027288924902535,1941000
2023-04-17,49.24882507324219,49.28499505554379,48.78766987165458,48.89617636920001,2017000
2023-04-18,49.09058380126953,49.53817610440906,48.86452659472402,49.407062510689556,1954800
2023-04-19,49.46132278442383,49.66477291238153,49.040856197199595,49.226221332771786,1879400
2023-04-20,49.10866928100586,49.56078369860148,48.909737833468824,49.42514799357909,2175600
2023-04-21,49.117706298828125,49.59694644106844,49.03180346225335,49.54721358298399,1607600
2023-04-24,49.294036865234375,49.45679833966215,48.665598069278026,49.17648614495666,2272200
2023-04-25,49.176483154296875,49.520091073787874,49.077020880959296,49.339244618826335,3014000
2023-04-26,47.494625091552734,49.266912935294165,47.41324435131157,48.86905000551088,4539000
2023-04-27,48.4576301574707,48.480237261239374,47.490105445159344,47.50819043830233,3719000
2023-04-28,48.63846969604492,48.81931615229788,48.285821003499244,48.398849607487435,2600800
2023-05-01,48.56161117553711,49.194568599717726,48.462145451920364,48.54804484556816,2236200
2023-05-02,48.1185417175293,48.76054341756958,47.81110374929938,48.70176978002546,2480400
2023-05-03,47.96782684326172,48.771630315561815,47.757742517940436,48.29208765958739,1562800
2023-05-04,48.45649719238281,48.83556394049388,47.6115919411445,48.00435930929025,2068000
2023-05-05,49.031951904296875,49.05022056073423,48.287522447521894,48.287522447521894,1483400
2023-05-08,48.826438903808594,49.27857685680144,48.52501127888658,48.96801664524096,1695400
2023-05-09,48.85383605957031,49.06392037857498,48.44736804256718,48.76706081401126,1136200
2023-05-10,49.141563415527344,49.42929041682715,48.65288814969595,49.21920259692342,1500000
2023-05-11,48.552406311035156,49.27400251680372,48.22814551881023,49.191795310015024,1823600
2023-05-12,48.93147659301758,49.20093492304806,48.70312361153648,48.885806693599356,1272000
2023-05-15,48.15507125854492,49.08218367895788,47.812541833206765,49.031945751157124,1548800
2023-05-16,47.04071044921875,48.31035236791861,47.004173138829906,48.31035236791861,1353200
2023-05-17,46.6388053894043,47.195983632167966,46.39674834783295,47.11834446937172,2558400
2023-05-18,46.355655670166016,46.56573999694834,46.04509547309866,46.360223705467156,2295800
2023-05-19,45.921783447265625,46.78952194171967,45.8350082040643,46.59770628406497,3867800
2023-05-22,45.86241149902344,46.34652218423606,45.579256034869765,46.099900548612254,3301200
2023-05-23,45.803043365478516,46.515503582589226,45.64319696861266,45.81674398743986,4431000
2023-05-24,45.20018768310547,45.962885770765794,45.18191902728015,45.72996476448031,2098400
2023-05-25,44.40095901489258,45.026644020910574,44.00819156608009,44.985542152365014,3430600
2023-05-26,44.20913314819336,44.382680138303684,43.65651593500009,44.26393562697054,2114000
2023-05-30,44.17716598510742,44.51055936156491,43.88030643478397,44.195431155979584,2817200
2023-05-31,44.8485221862793,44.98096732780944,43.94424637085257,44.259374586368764,3863800
2023-06-01,44.474029541015625,44.853096361662175,43.738732593743265,44.73891986033902,5225000
2023-06-02,45.41484451293945,45.64319750669415,44.222841606788705,44.30048078841167,3812800
2023-06-05,45.56098556518555,46.072493988146235,45.32806456007892,45.55184949512422,2553200
2023-06-06,45.20018768310547,45.91264783834364,45.13168109485799,45.821308043606884,3778200
2023-06-07,46.26887893676758,46.36935480382864,44.96269963375354,45.369167652762464,2774800
2023-06-08,46.355655670166016,46.40132557000739,45.652328062560834,46.195809278526205,2510600
2023-06-09,46.3282470703125,46.547463948495924,46.131863396228894,46.465256748079774,2434800
2023-06-12,46.259742736816406,46.58400351965984,46.02682174358902,46.428725180434654,1202600
2023-06-13,46.03596496582031,46.32368848376525,45.752805998992635,45.89438374021139,1843200
2023-06-14,46.264312744140625,46.72558323107484,46.113598948897675,46.19580615681294,2285200
2023-06-15,46.67078399658203,46.76212379644884,46.25517989309102,46.41959432036329,2290000
2023-06-16,46.58857345581055,47.16402042577777,46.50636624804526,46.74385180137288,7547000
2023-06-20,45.45594024658203,46.552035165602064,45.37373304054579,46.4561273392914,3577200
2023-06-21,45.94004440307617,46.077057565622844,44.81198376691839,45.28695831685352,2577600
2023-06-22,45.29609680175781,46.255178611342856,45.23672628192857,46.191240056329846,2219800
2023-06-23,44.35984420776367,45.606652887107934,44.19542979984158,45.52444568314689,3488200
2023-06-26,45.1910514831543,45.30979600348275,44.446622053458185,44.51056060646817,2503600
2023-06-27,45.1225471496582,45.41940321580368,45.01293521800878,45.328063423818875,2315400
2023-06-28,43.738731384277344,44.74805469432765,43.00343794172767,44.7115173786609,10432800
2023-06-29,43.72046661376953,43.85290828659925,43.04454020526601,43.30486248410792,8844400
2023-06-30,44.46945571899414,44.56992809232478,43.59257772350202,43.825498713272545,8158200
2023-07-03,44.82112121582031,44.93072966711899,43.967079843293966,44.081256329677124,3206400
2023-07-05,45.286964416503906,45.6020891577819,44.23653932053744,44.49686157692705,6064200
2023-07-06,45.1134147644043,45.27782919091705,44.410087158630844,44.89876240287987,5432200
2023-07-07,44.51056671142578,44.96270467955042,44.45119618531334,44.780025065545914,3663800
2023-07-10,44.00818634033203,44.606470029609845,43.71132677110008,44.34614777322889,2499600
2023-07-11,44.57450485229492,44.60647413288286,43.843775950006204,44.05842832726388,2177800
2023-07-12,44.907894134521484,45.20475368062014,44.44662017779556,44.770880964202206,1967400
2023-07-13,45.2230224609375,45.2230224609375,44.73434722489748,44.802853815525324,2337400
2023-07-14,45.61579513549805,45.78477761399005,44.86223300467532,45.06318128017922,2815400
2023-07-17,45.09514617919922,45.579256873317235,44.962701030720986,45.469644932541456,2888000
2023-07-18,45.21389389038086,45.597525256943435,44.42835901478291,45.154523364905295,4138400
2023-07-19,46.250606536865234,46.415020945222395,45.455939219398694,45.455939219398694,4867600
2023-07-20,47.36954116821289,47.515686931222824,46.26431361767587,46.51093176168839,4823800
2023-07-21,47.49285125732422,47.86278545004518,47.1959916898681,47.51568794881696,2240200
2023-07-24,47.70750427246094,47.83081683320102,47.19599234171201,47.57505912563157,1612600
2023-07-25,47.70293426513672,48.045463721758736,47.515686640732724,47.65269633274764,1434400
2023-07-26,47.67552947998047,48.29664979390622,47.634427620747964,47.68009751469171,2510800
2023-07-27,47.32843780517578,47.82624911792624,47.15032275792846,47.524821509113856,2609800
2023-07-28,47.164024353027344,47.90388928452191,46.839763529949806,47.68923691946169,2100200
2023-07-31,46.90369415283203,47.50198124632622,46.588569453792864,47.483712592348816,2633800
2023-08-01,46.20494079589844,46.9493737352132,46.0907643067412,46.867166523644386,2601200
2023-08-02,46.30998611450195,46.93110651325285,45.97202467189604,46.634246935492634,3441200
2023-08-03,44.88506317138672,46.02226008632458,44.606472244745575,45.98572625604927,3396200
2023-08-04,44.592769622802734,45.46964422910326,44.18630159745333,45.08144486026719,3725800
2023-08-07,44.405517578125,45.067739760068434,44.40094954335316,44.80741752830706,2614000
2023-08-08,44.474029541015625,44.50143427071858,43.69306269009206,44.286781890728605,4057200
2023-08-09,44.25480270385742,44.74347788076118,44.076687680413315,44.33700990578467,3573200
2023-08-10,44.407203674316406,44.70275881330561,44.18091651845345,44.42567278761996,2248200
2023-08-11,44.47646713256836,44.679662591186755,44.26865615774123,44.56421126666172,2925200
2023-08-14,44.4857063293457,44.573446942348866,44.0100474240781,44.30098350080525,3428600
2023-08-15,43.69601821899414,44.45799413602205,43.562094260839686,44.213237893748136,2626000
2023-08-16,44.13935470581055,44.277894192148054,43.756055432682764,43.90383299875316,2775000
2023-08-17,43.894596099853516,44.63810293039425,43.88535802061362,44.12087971510224,1763400
2023-08-18,44.13935470581055,44.342546657097905,43.913067555190956,43.92230563492385,6893400
2023-08-21,43.90845489501953,44.291754193082284,43.41432329601772,44.1208849398591,1650200
2023-08-22,43.74681854248047,43.98695575329859,43.61751009618389,43.83455915549166,1639400
2023-08-23,44.10240936279297,44.10702840265201,43.43279303833038,43.913067484818185,2638600
2023-08-24,43.779151916503906,44.51342078762614,43.7745328761302,43.90845686060376,2972400
2023-08-25,43.779151916503906,44.26404545687836,43.71449944445398,43.857657986379465,2199600
2023-08-28,44.00080871582031,44.407199637458675,43.82070492947416,43.82070492947416,1898200
2023-08-29,45.24768829345703,45.53400534637414,44.19938820950056,44.26865971444006,5518400
2023-08-30,44.66581344604492,45.33542978568633,44.63810625285277,44.975222181007766,3719800
2023-08-31,43.98695755004883,44.91518724707641,43.98233851024012,44.81820855086384,3355600
2023-09-01,43.56671142578125,44.28713010805875,43.18803121102183,44.22247764626774,2369400
2023-09-05,42.79549789428711,43.56671192832938,42.393729523279255,43.418934367774604,2382600
2023-09-06,43.340431213378906,43.400468163539244,42.707760141407576,42.88786394529819,2846600
2023-09-07,43.57133483886719,43.829948235284284,43.354285756799115,43.61751467002533,3016200
2023-09-08,43.99619674682617,44.0931789765629,43.40047091058605,43.645227196837276,2659800
2023-09-11,44.02390670776367,44.365641694575785,43.913070882341884,43.97772687548561,2256600
2023-09-12,44.21324920654297,44.38873751820346,43.825334351222125,44.07470969676939,2120600
2023-09-13,44.83667755126953,44.979839598620714,44.09317421550099,44.11626236789663,2421200
2023-09-14,45.603271484375,45.6263631577356,45.02139584397591,45.284624713131144,2055200
2023-09-15,45.441650390625,45.926543928784554,45.353906240402836,45.59866252965892,3490400
2023-09-18,45.617130279541016,45.64483747209667,44.95212947184457,45.547858774856785,2091000
2023-09-19,45.469356536865234,45.91268927150706,45.45088389917657,45.667932987899164,1856400
2023-09-20,45.353904724121094,45.95886862815483,45.206127147437456,45.77414929977179,2254800
2023-09-21,44.776641845703125,45.36775207099903,44.75816921075077,45.24768522875102,1709200
2023-09-22,44.58730697631836,44.90133474837974,44.36101982299662,44.59654153286643,1644000
2023-09-25,44.407203674316406,44.66581354010816,43.99619367576141,44.31022145134933,1474200
2023-09-26,43.04025650024414,44.15320906655505,42.897097971561635,44.09317564043226,2962200
2023-09-27,43.06334686279297,43.4512616473727,42.832444198649306,43.01716703462325,2739600
2023-09-28,42.62001037597656,43.238827769606694,42.18129323918553,43.22497417471867,3509000
2023-09-29,42.71699905395508,43.261929561196816,42.46762371776355,43.02179230595436,2485000
2023-10-02,41.0406379699707,42.51841350951146,40.657338728269735,42.439907454694094,6052800
2023-10-03,41.60403823852539,41.779526509343626,40.22324136302305,40.60654061178461,4894000
2023-10-04,42.03351974487305,42.121263885358374,41.08682092877975,41.65022399723175,3444600
2023-10-05,42.37526321411133,42.5599860732063,41.6179026627879,42.25057378682164,2983000
2023-10-06,42.481475830078125,42.69852492194761,41.36390765842613,41.8488047157216,4199200
2023-10-09,42.95713424682617,42.95713424682617,42.29675242249488,42.444533524220574,2717200
2023-10-10,43.22959899902344,43.42355640000034,42.83706515705727,42.92480577752099,2866000
2023-10-11,43.85303497314453,43.876126649625576,43.07720185553645,43.56671439193727,2776200
2023-10-12,43.220359802246094,43.81147359322319,43.04487504255773,43.705256815454504,2392600
2023-10-13,43.20188903808594,43.783761203742706,43.16956280666056,43.64060268218675,2541800
2023-10-16,43.963863372802734,44.13011356350627,43.07719803791375,43.659073705376144,3936400
2023-10-17,43.76528549194336,44.240947897047064,43.612892424961025,43.68677943875629,3411200
2023-10-18,43.74681854248047,43.96848311811336,43.30810138424491,43.737580463240405,3896800
2023-10-19,43.11876678466797,43.97310597724702,43.09105606783572,43.649840118369,3771800
2023-10-20,42.98484420776367,43.73758568411673,42.98022516759227,43.16956705837105,2379000
2023-10-23,41.987335205078125,42.80473252358821,41.959628015736996,42.48608575298651,2773000
2023-10-24,42.67081832885742,42.957135412985146,42.35679052575618,42.44453467646395,3078400
2023-10-25,42.74469757080078,43.04949076091109,42.499941324782114,42.50917940385537,4904800
2023-10-26,43.04025650024414,43.478973689479645,42.69390249346118,42.82321094889475,3573600
2023-10-27,42.199764251708984,42.95712461170311,41.92268179471265,42.91556382863623,2729800
2023-10-30,43.76528549194336,43.940773755884734,42.62924490889516,42.62924490889516,5152800
2023-10-31,44.14396667480469,44.314835903180516,43.7006340122214,43.87150324059723,4968800
2023-11-01,45.1368522644043,45.413934759566814,43.84841496243878,44.305604778916766,5474200
2023-11-02,45.557106018066406,46.03738408430786,44.71200124218109,45.07682795182496,3999000
2023-11-03,45.34004592895508,46.54073904227185,45.23844819601455,46.263656558167206,3156200
2023-11-06,45.28924560546875,45.72334371468731,45.23844674063275,45.65869125458601,2941800
2023-11-07,45.09529495239258,45.48782881107783,44.97060552981427,45.48782881107783,3283600
2023-11-08,44.79512023925781,44.901337023064755,44.26404336681374,44.73046777026065,3255800
2023-11-09,44.71661376953125,45.201507282633884,44.61963506691072,44.887479497498006,4216600
2023-11-10,44.61500930786133,44.993689504382374,44.45799367729201,44.98445494884053,3506200
2023-11-13,44.4281120300293,44.853326637830584,44.32063816894034,44.615021077796335,3838600
2023-11-14,45.956077575683594,46.01682505481366,45.180409984037986,45.23181005176671,5301600
2023-11-15,45.94206237792969,46.3439155289515,45.72244454365112,45.85327979003161,4294000
2023-11-16,46.18971252441406,46.45138656634266,45.956077151437775,46.35325657249889,6865800
2023-11-17,46.31120681762695,46.67100374595229,46.13831534739665,46.50745968762259,4389600
2023-11-20,46.24111557006836,46.47475095809315,45.638335841165215,46.02149773492615,2568000
2023-11-21,47.007442474365234,47.0494987007946,46.18971856206019,46.47475403954885,3358400
2023-11-22,47.283138275146484,47.353226050388955,46.75044979334175,47.14295559467423,2228200
2023-11-24,47.24107360839844,47.4092913689263,46.96071186251635,47.30182108941812,744200
2023-11-27,47.48872756958008,47.70834540418147,46.83922147767002,47.32050980541702,2423200
2023-11-28,47.498077392578125,48.030765817803854,47.2924771003881,47.41396850622705,2817800
2023-11-29,47.00276184082031,47.75506801446538,46.759782625571354,47.451344886652386,2962000
2023-11-30,47.38593292236328,47.600877059766106,46.867262055915475,47.11958514743684,4105000
2023-12-01,47.67563247680664,47.76908876271441,47.19901789615178,47.381253197430944,3860000
2023-12-04,47.376583099365234,47.88591009261498,46.988747504550126,47.30182162993911,2954800
2023-12-05,46.923336029052734,47.46069819810948,46.86726581088601,47.41864553448444,2003000
2023-12-06,47.451351165771484,47.4560213069763,46.89529777297628,47.13827702037808,2546400
2023-12-07,47.61022186279297,47.85320467690397,47.138277353264264,47.53546038806187,3088800
2023-12-08,47.66629409790039,47.75040298236804,47.22238471015712,47.549476400861614,3046800
2023-12-11,47.7130241394043,47.8345155518821,47.24107960881217,47.51677124885871,2528400
2023-12-12,47.470035552978516,47.853201004672194,46.93734716329697,47.853201004672194,2906000
2023-12-13,49.250343322753906,49.278378430120995,47.17565981775004,47.47003914008438,3256600
2023-12-14,48.25505447387695,49.74097577668844,48.24571062637205,49.53537904664076,4415800
2023-12-15,47.138275146484375,47.91394635484211,46.73642198926174,47.638254740006516,6296400
2023-12-18,47.44200134277344,47.70834554263907,47.194348401757175,47.194348401757175,4085000
2023-12-19,47.451351165771484,47.66162159977317,47.142950726576174,47.25042457917271,3082200
2023-12-20,46.55419158935547,47.66162474175268,46.53550032832418,47.34855414071413,2380400
2023-12-21,46.600914001464844,46.82520196764552,46.171022197131485,46.61025784797531,1970800
2023-12-22,46.82987976074219,47.320511957705726,46.71773576786384,46.890623680844364,2341200
2023-12-26,46.890625,47.16631663128204,46.72708092974457,46.72708092974457,3039600
2023-12-27,46.87193298339844,46.899971655699275,46.60091862777457,46.78315395526015,1489600
2023-12-28,47.15229797363281,47.28780336796292,46.86726250143418,46.87660634880433,1433200
2023-12-29,47.283138275146484,47.31584709192419,46.82053756858423,46.899976322181786,1688200
2024-01-02,47.96067428588867,47.974691839390104,46.960715066195995,47.0121151390301,2159200
2024-01-03,48.161598205566406,48.22701582828142,47.656944917485106,48.002727854685105,2521600
2024-01-04,48.1475830078125,48.79241541968297,48.01674775598312,48.32514462601048,2480200
2024-01-05,48.5681266784668,48.661579409748086,47.955999524096846,48.03076456111643,2146000
2024-01-08,48.91390609741211,48.93259735668046,48.37654397967489,48.57279685450279,2066400
2024-01-09,48.76905822753906,48.85316712025805,48.451313917822176,48.6288755513429,1770400
2024-01-10,48.84848403930664,49.02137549810352,48.540083636857005,48.76904886837005,1535800
2024-01-11,47.8812370300293,48.769052218223564,47.628910382963994,48.72699599454946,2258800
2024-01-12,48.189632415771484,48.33915891705554,47.998053257091755,48.18496227494508,1944200
2024-01-16,48.110198974609375,48.46532576482212,47.71301952548633,48.035437503771135,2923600
2024-01-17,47.058841705322266,47.99805700882844,46.470079500811636,47.8111479763655,3858200
2024-01-18,46.194393157958984,46.834555459318175,46.14766678935463,46.7270816030341,2437800
2024-01-19,46.29718780517578,46.46073185834949,45.9794435454413,46.35325801483935,2840400
2024-01-22,45.951412200927734,46.59157452825068,45.70843293533429,46.29252147906172,2644400
2024-01-23,45.94673538208008,46.1663532130042,45.554226083940726,45.99813545165777,2250400
2024-01-24,45.41872024536133,46.376626809489146,45.37199387845118,46.27850036947985,4028800
2024-01-25,46.29718780517578,46.4093317894959,45.58693425283141,46.22709647810334,2581600
2024-01-26,46.4046630859375,46.66633716421588,46.19906635335357,46.362610424156706,2229400
2024-01-29,46.605587005615234,46.78315218516002,46.1523337746619,46.43736923814816,2261000
2024-01-30,46.843894958496094,47.05416538019286,46.241115233974135,46.60558586624484,2803200
2024-01-31,46.61493682861328,47.236404294182776,46.32055393782386,47.156969112379706,5430400
2024-02-01,47.656951904296875,47.69900813363256,46.142995383090394,46.42335717368513,1863200
2024-02-02,47.00276184082031,47.456015027239204,46.37662076287577,47.199018260244145,3296800
2024-02-05,46.5401611328125,46.88127031333132,46.16634671079749,46.5401611328125,3579000
2024-02-06,46.47007751464844,46.64764269214595,46.1196244306315,46.43736870273991,4461400
2024-02-07,46.147666931152344,46.75044671348285,46.072901889160924,46.63829915049572,3034200
2024-02-08,46.038944244384766,46.20910900586597,45.49063476711082,45.953861863644164,2674200
2024-02-09,46.29892349243164,46.33673869172371,45.755345329195684,45.88296711898655,1896200
2024-02-12,46.818870544433594,46.96539992472354,46.10512402893828,46.34619140155695,2694800
2024-02-13,46.44072341918945,46.790504957328,45.448097991022756,46.56834519450504,3865800
2024-02-14,46.36037063598633,46.73378758707594,46.13821086453061,46.5399874098467,2056800
2024-02-15,47.267913818359375,47.29154921777081,46.256380751146935,46.51162791851675,2514200
2024-02-16,47.33881759643555,47.631876361448505,46.795235852653576,46.960672833911815,3153000
2024-02-20,47.272640228271484,47.783130941731876,47.15447044720329,47.357722614890804,2515400
2024-02-21,47.86349105834961,48.06674323421051,47.33408911962324,47.60351608704298,3112400
2024-02-22,47.986385345458984,48.0052929440616,47.18283223925402,47.40499201501517,3799800
2024-02-23,48.44960403442383,48.728482951034174,48.01001236088568,48.21326450254859,4086000
2024-02-26,47.24427795410156,48.34089339964744,47.16865116798922,48.32198940781105,3075400
2024-02-27,47.631874084472656,47.664961479142605,47.249005145255296,47.542067502514534,1750600
2024-02-28,47.53733825683594,47.702775225158085,47.31045069581168,47.60351304416479,1596200
2024-02-29,48.0100212097168,48.12346319617423,47.546794055110695,47.80676903059204,2774600
2024-03-01,47.49007034301758,47.877667065574705,47.07883822266516,47.863487269399684,2876200
2024-03-04,48.222721099853516,48.39288586754605,47.192280498273355,47.267910886694665,2169000
2024-03-05,48.232177734375,49.1208131798221,48.043105365528355,48.45433749730064,2211000
2024-03-06,48.54413986206055,48.80411479743028,48.236901346402895,48.553595463122264,2226600
2024-03-07,48.61031723022461,49.14444692471372,48.53469044898385,49.0310049497249,2942000
2024-03-08,48.851383209228516,48.95537318598461,48.3976117157744,48.67649425400714,2486000
2024-03-11,48.856117248535156,49.27680140367276,48.61504987220443,48.747399457246956,2091200
2024-03-12,48.577232360839844,48.87029471822882,48.17545582359671,48.68595014694955,2249200
2024-03-13,48.68122482299805,49.10663678077191,48.59614243144327,48.73794761945314,2034600
2024-03-14,48.44488525390625,48.44961305517543,47.79258932273254,47.84931211919554,3410800
2024-03-15,48.19436264038086,48.737944349608625,48.02892566963906,48.14236764868265,5287600
2024-03-18,48.50160217285156,48.58668455410775,48.0431028742074,48.194360040190034,2910800
2024-03-19,48.79939270019531,48.96955747664211,48.42597575222905,48.63395572483193,2655200
2024-03-20,48.69540023803711,49.15389955091494,48.5016036785378,48.70012803888014,2454200
2024-03-21,48.860843658447266,49.243712605168675,48.70958647895499,48.789941066691846,2571600
2024-03-22,48.76630401611328,49.20589574260545,48.64341004123777,49.149176556126136,1849800
2024-03-25,48.728485107421875,48.95064485421668,48.572503750235406,48.85138267918702,2539000
2024-03-26,48.37871551513672,48.84666691451079,48.284181117411734,48.695409714397144,2043400
2024-03-27,49.5745849609375,49.58876836383605,48.53469233621795,48.61977472233177,3338000
2024-03-28,49.95272445678711,50.00944724366031,49.53204037134583,49.63130254368258,2014400
2024-04-01,49.5084114074707,49.92437135273947,49.27679964192688,49.87237635958087,1835400
2024-04-02,49.75893020629883,50.25997253411672,49.550953842280705,49.550953842280705,2030400
2024-04-03,49.34770202636719,49.92909533833239,49.25316403635883,49.77783816057459,3059600
2024-04-04,49.30988311767578,49.87237239554339,48.8561116185682,49.7920142085228,2986000
2024-04-05,49.2673454284668,49.54149657266128,48.86084110366324,49.101904854269314,4088200
2024-04-08,49.99054718017578,50.00472697746679,49.22953347134266,49.22953347134266,2990800
2024-04-09,50.2552490234375,50.330879421359334,49.87710424634007,50.222161625910665,2984400
2024-04-10,49.4233283996582,49.527318384671766,48.92228967868982,49.4847789942147,3329200
2024-04-11,49.07827377319336,49.70693786673311,48.86556600596842,49.70693786673311,2123600
2024-04-12,48.643409729003906,49.25789041820371,48.34089177594889,49.191715630232274,2660400
2024-04-15,48.35034942626953,49.11136312643843,48.12346185342957,48.9742857437599,2030600
2024-04-16,47.556243896484375,48.41179190191466,47.44752611820202,48.30307772988759,3157000
2024-04-17,48.775760650634766,48.860843038410465,47.75004419626784,47.97220396469636,3326800
2024-04-18,49.040462493896484,49.125544886328896,48.369258957071764,49.03573469257919,3605400
2024-04-19,50.46794891357422,50.67592888391152,49.27679909767776,49.465871470142986,4237600
2024-04-22,50.789371490478516,50.968991869347924,49.95745881139347,50.25524536747164,5620600
2024-04-23,50.661746978759766,51.26204785963033,50.55775699791871,50.71846977001545,3043400
2024-04-24,50.3214225769043,50.614484952236836,48.91756490485664,49.94328141539265,5335600
2024-04-25,50.827186584472656,50.940628566618734,49.999998101885666,50.37341504963275,3991400
2024-04-26,50.340328216552734,50.83191495301435,50.15598364116158,50.81300735473633,4289800
2024-04-29,50.65701675415039,50.945351284957304,50.51521519217902,50.605021766217654,2665400
2024-04-30,50.420677185058594,50.82718148709123,50.03780827980318,50.354502401588654,3024200
2024-05-01,51.1086311340332,51.53859425456922,50.18181428914917,50.31080249633653,2465200
2024-05-02,51.19462585449219,51.404828999406995,50.76943385383264,51.21373224913843,2383800
2024-05-03,51.6341438293457,51.72013718139339,50.99874870837487,51.595923751798466,3441000
2024-05-06,52.08321762084961,52.25520432704964,51.524262648133146,51.83479440348693,5119000
2024-05-07,52.8284912109375,52.89537452078659,52.255201011687724,52.41763451051195,4548400
2024-05-08,52.94792556762695,52.986145642750785,52.41285545049423,52.7472756405273,3198800
2024-05-09,53.25845718383789,53.28234199708819,52.89059534008704,52.94792545264829,3180200
2024-05-10,53.50210952758789,53.79830968374281,53.110362815185574,53.50688794886051,3164600
2024-05-13,53.43522262573242,53.846079350804565,53.28712438002057,53.502105939593726,2958600
2024-05-14,53.1724739074707,53.726650521047404,53.04348204099556,53.602437076074075,2591200
2024-05-15,53.78874206542969,54.018058857297746,53.46865715677088,53.621533803060665,2816800
2024-05-16,54.16138458251953,54.352477664757316,53.707529400037515,53.77919112831014,2895800
2024-05-17,53.99895477294922,54.21393997243483,53.793526415147674,54.19482993393385,4794600
2024-05-20,53.88907241821289,54.20915733726911,53.80785384968104,54.19482572072434,2759400
2024-05-21,54.567466735839844,54.596129971243506,53.769641761589014,54.04672820851451,3157400
2024-05-22,53.84130096435547,54.42414439540653,53.72664437550079,54.385924317499224,3270600
2024-05-23,52.2647590637207,53.5689872808571,52.23609218393059,53.5689872808571,3256200
2024-05-24,52.14054489135742,52.57051163338427,52.09277161888045,52.365083281352945,2570200
2024-05-28,51.37138366699219,52.47018716879091,51.34272043220569,52.006778767118114,4185600
2024-05-29,50.979637145996094,51.23761719442902,50.793318829605724,50.98919398753089,3069400
2024-05-30,51.49081802368164,51.59592140973204,50.76942958340872,51.142069855278436,4948400
2024-05-31,53.74097442626953,53.83174619743543,51.686694504367885,52.07844117932529,6212800
2024-06-03,53.40177536010742,53.74097031474105,53.13902055321105,53.52121035729673,3310800
2024-06-04,53.311004638671875,53.597651553426644,52.780716594056166,53.21545809699823,2463200
2024-06-05,52.97180938720703,53.38744449543093,52.57050954053588,53.38744449543093,3791800
2024-06-06,52.479740142822266,53.34922682803958,52.32686348316429,52.790271882871394,4223000
2024-06-07,51.820465087890625,52.508411943257,51.763134968320955,52.073666737472024,3894200
2024-06-10,51.62458801269531,51.79179994406821,51.21373128307164,51.701028169307754,4181800
2024-06-11,51.67236328125,51.906454874874875,50.96530643465586,51.247171302202744,4264800
2024-06-12,51.2901725769043,52.12143925172563,50.95575599647829,52.02589269870888,4368000
2024-06-13,51.16595458984375,51.41438143737251,50.46367618856361,51.3522729030568,3729200
2024-06-14,51.12773895263672,51.27584084782076,50.702550596354904,50.8840941495094,3052800
2024-06-17,50.81720733642578,51.21372878368268,50.46845551741943,50.72643556609527,3176200
2024-06-18,50.66433334350586,51.108631732144204,50.43979493867492,50.72643823734253,3000400
2024-06-20,50.778987884521484,51.14207132544203,50.56878110637794,50.64044283936934,3494000
2024-06-21,50.54967498779297,51.309283584618214,50.44457159057096,50.731218544764594,5143600
2024-06-24,51.46693420410156,51.7679091059866,50.63566394102785,50.640442361813456,2731000
2024-06-25,50.95097732543945,51.423938956826916,50.506678930842945,51.404828917343835,3646600
2024-06-26,50.831539154052734,50.92230727987359,50.32991067217418,50.72165734506902,1871200
2024-06-27,51.00352478027344,51.02263481816693,50.602221274244215,50.85542289781564,1894000
2024-06-28,51.11817932128906,51.2758343939639,50.855420866831004,51.20895108644128,5106600
2024-07-01,50.516231536865234,51.462158433435555,50.43023818263157,51.33316657965141,2091000
2024-07-02,50.587890625,50.88886552663055,50.49234407857138,50.56878058674086,3060400
2024-07-03,50.42545700073242,51.2758335929792,50.40156854347598,50.626106920165896,2248400
2024-07-05,50.3394660949707,50.640440988694785,50.13403774516528,50.37290774982893,5158200
2024-07-08,50.04326629638672,50.46845461581201,49.833059524583824,50.30124634045381,3738000
2024-07-09,50.13880920410156,50.44456249825506,49.74706256816322,49.95726932471879,2723800
2024-07-10,50.60221862792969,50.60699704836993,50.11970386460424,50.43978878163008,2584000
2024-07-11,51.83000946044922,51.954222875933695,50.76942612063078,50.86497630364453,2771800
2024-07-12,52.15487289428711,52.48451464780806,51.88733967106245,52.04976951520119,2085400
2024-07-15,51.03696823120117,51.8825664797566,51.01307977177699,51.86823486204896,2688000
2024-07-16,51.820465087890625,52.02589346026434,51.39049830328664,51.50038012124499,2663600
2024-07-17,52.857154846191406,53.09602485314089,51.810903049395236,52.03066666327176,2693600
2024-07-18,52.90015411376953,53.61198572429084,52.560955491474594,52.560955491474594,1945800
2024-07-19,52.78071975708008,53.220239706905296,52.56095613730032,53.220239706905296,2024400
2024-07-22,53.0386962890625,53.26801310617593,52.58962314138557,52.661284874537714,1634600
2024-07-23,52.71860885620117,53.010030551025295,52.62306231308739,52.9622572794684,1364400
2024-07-24,53.439998626708984,53.53554517222205,52.75205183544027,53.134245307226685,2209400
2024-07-25,53.229793548583984,54.290377003956614,52.885820141991005,53.77919531495515,2840200
2024-07-26,54.28559494018555,54.54835339838566,53.506880051586876,53.506880051586876,2811000
2024-07-29,54.63434600830078,54.87799442581632,53.9511776710502,54.28559420892102,2728400
2024-07-30,55.580265045166016,55.67581522382521,54.44324525562133,54.44324525562133,2826400
2024-07-31,55.40351486206055,55.89558653642465,54.91144318769644,55.728378245844716,3755400
2024-08-01,57.720550537109375,57.8925372402684,55.513390276479974,56.13445377620615,4210200
2024-08-02,57.71099853515625,59.053446886902684,56.37810338050882,58.590038462954944,4969200
2024-08-05,55.18375015258789,58.18395686357518,55.145530076620226,57.88298196628073,3623400
2024-08-06,55.494285583496094,56.296885363013814,55.19330702130965,55.31752045403528,3938000
2024-08-07,55.88603210449219,56.69341030256192,55.322298705227794,55.714045396590016,3835000
2024-08-08,56.00068283081055,56.33509936956522,55.016539606875156,55.016539606875156,4598200
2024-08-09,56.14878463745117,56.24910960546431,55.08820119721638,56.00068639584137,2296600
2024-08-12,56.144004821777344,56.37332163215814,55.76659341833319,56.196556514888215,2820400
2024-08-13,56.56849670410156,56.66497456386721,56.11506364409216,56.34660314702163,2489200
2024-08-14,56.915809631347656,57.57666916970374,56.13435920874477,56.26942453214507,3989800
2024-08-15,56.48649597167969,56.751805498343735,56.16330340665565,56.45755445249969,3247400
2024-08-16,56.72768783569336,57.10876713762727,56.39484930838111,56.72286302218031,2419600
2024-08-19,57.1087646484375,57.21006364626979,56.718039416762366,56.92546222572969,2173200
2024-08-20,57.345123291015625,57.451247091628616,57.031580382254894,57.12805455721914,3082400
2024-08-21,57.345123291015625,57.60560797972373,57.166645699306386,57.33065253279637,3434400
2024-08-22,57.30653762817383,57.499485984159435,57.152176735232956,57.30653762817383,2626800
2024-08-23,57.30653762817383,57.67314244874967,57.17629343960416,57.547726753409826,2665200
2024-08-26,57.644203186035156,57.93362941158786,57.34512733415337,57.417484810605075,4961200
2024-08-27,57.44160079956055,57.72620219016514,57.282415099601785,57.53325016114729,2232200
2024-08-28,57.542903900146484,57.95292469096077,57.34030591130942,57.639378081424866,2678600
2024-08-29,57.80338668823242,57.83232820560496,56.96887069486909,57.5139604737451,2159800
2024-08-30,58.218238830566406,58.35330416717775,57.755156099218475,57.88539662230673,2729800
2024-09-03,58.93697738647461,59.3855893263883,57.88539260690566,58.05904907914671,3772200
2024-09-04,59.10580825805664,59.68466438456605,58.68131670948635,59.13957458941729,2624200
2024-09-05,58.999691009521484,59.63643024328676,58.76815147738203,59.54960199867084,2346600
2024-09-06,58.801910400390625,59.32287980241687,58.73919887147296,59.211931183738415,3047600
2024-09-09,58.932151794433594,59.21675688472167,58.39671162547581,58.792261655851874,7794800
2024-09-10,58.67166519165039,59.260167245180504,58.32917707596159,58.91285431652313,4613600
2024-09-11,58.961097717285156,59.04792595332487,57.88539255302953,58.38224158360237,4381400
2024-09-12,59.597835540771484,59.65571857665324,58.88873890918745,59.06239537734085,3143400
2024-09-13,61.30545425415039,61.426048824967665,60.109158172585346,60.224927930098744,6034200
2024-09-16,61.966312408447266,62.188202278608,61.23791654992188,61.65276213381789,4948600
2024-09-17,62.26538848876953,62.545168770939696,61.64794488691411,62.405274949600454,5259000
2024-09-18,62.038673400878906,62.46798979306728,61.70101006328839,62.05314416102502,3653400
2024-09-19,61.590057373046875,62.00489929747483,60.95331820683204,61.831242826665864,3873200
2024-09-20,62.347389221191406,62.564457963012714,61.69617931547348,62.1303204793701,6308800
2024-09-23,62.72364044189453,62.78635196694086,62.279853355084875,62.64645815883869,3758400
2024-09-24,62.72364044189453,63.20601867023211,62.13996690749034,62.32809412212169,6605600
2024-09-25,62.583763122558594,63.0371925405052,62.289512065933884,63.0371925405052,5282000
2024-09-26,62.5065803527832,62.80083140716966,62.178559284700746,62.2943327252902,1909600
2024-09-27,63.2542610168457,63.45685899454582,62.6561093489874,62.81529505157488,1658200
2024-09-30,63.485801696777344,63.55333435727177,62.868358126397425,63.54851322456073,2933400
2024-10-01,64.1321792602539,64.33960571062029,63.12401060382997,63.63050917836819,3382800
2024-10-02,64.02606201171875,64.10806542961318,63.29767351594505,63.519563385422245,2249200
2024-10-03,64.15630340576172,64.23830682008713,63.731808215834874,64.15630340576172,1689200
2024-10-04,63.91512680053711,64.02125061878249,63.12884779094877,63.577463451805876,2066800
2024-10-07,63.143306732177734,63.702867239911185,63.042011426773676,63.67392572408145,2524200
2024-10-08,62.964839935302734,63.65464474299812,62.931077281217576,63.572633953415206,4944800
2024-10-09,62.73329544067383,63.34108941065557,62.49692743876013,62.95036418991672,2719600
2024-10-10,62.2557373046875,63.21567269567541,62.111022354012256,62.81047672219124,2308600
2024-10-11,63.01789474487305,63.14331044100425,62.443863445508065,62.545166117369895,1758800
2024-10-14,63.62568283081055,63.72698549333637,62.99859704743842,63.02271006948555,1594600
2024-10-15,64.3299560546875,64.94257842018511,64.0067635489308,64.15629961094436,2230000
2024-10-16,64.79306030273438,64.90400525680842,64.3540942594074,64.44091882507166,3147200
2024-10-17,64.94259643554688,65.19825635968614,64.50845152550177,64.86059300332381,2143600
2024-10-18,65.2561264038086,65.50213665147002,64.49879640972867,64.78821893159372,2034200
2024-10-21,65.1403579711914,65.61309397266506,65.05353341612985,65.25613140511504,2045200
2024-10-22,65.11141204833984,65.2464773651934,64.40231545460483,64.52773850633152,2022600
2024-10-23,66.06170654296875,66.10994731704815,65.01012538471791,65.02459614483998,2192000
2024-10-24,66.31253814697266,66.42348308274514,65.9459333293504,66.1051116734767,3878000
2024-10-25,65.30436706542969,66.68396909622754,65.28989630738522,66.68396909622754,4111800
2024-10-28,65.7578125,66.01347240670279,65.30919685960073,65.49250296648523,3359600
2024-10-29,64.70140075683594,65.37672740155425,64.66763074434583,65.3574355090659,5491000
2024-10-30,64.8316421508789,65.24166666004393,64.49397880477713,65.05836054622772,4791800
2024-10-31,74.66250610351562,75.66103262953779,68.213111156405,68.49771256179474,12033200
2024-11-01,69.84355163574219,74.54191898250944,69.62166173703034,74.45991555381082,7743000
2024-11-04,68.70513153076172,69.80496072709722,67.74037501789496,69.54447234673869,5933800
2024-11-05,70.40310668945312,70.40793518285476,68.29993714813743,68.51218476357883,3213600
2024-11-06,70.45616912841797,71.55116986521162,69.62647791294106,70.26804189703125,3949800
2024-11-07,70.40792846679688,70.88065706304585,69.79530606439285,70.19568087160131,2840600
2024-11-08,71.86470794677734,72.04319290025703,70.08473106813969,70.42722285626964,4929200
2024-11-11,72.52558135986328,73.60128292291098,71.73930236454352,71.73930236454352,3857000
2024-11-12,71.98530578613281,72.68958128540592,71.60905133161275,72.34708948167196,3078200
2024-11-13,71.78105926513672,72.50563193750271,71.23155078246167,72.20899559997571,3292600
2024-11-14,71.50387573242188,72.22358823569364,71.4114871271655,71.99989220463878,3501800
2024-11-15,72.5153579711914,72.83145003209955,71.5427807133367,71.72757276678529,5180200
2024-11-18,72.58831024169922,73.53657164317279,72.29653407808762,72.29653407808762,2800200
2024-11-19,72.88980102539062,73.02596124550809,71.69352775415804,72.1506402446276,2150400
2024-11-20,73.28856658935547,73.85265579081788,72.81686599955836,73.22048647434228,3683200
2024-11-21,73.6970443725586,74.28544946764035,72.83631140798965,73.20102788549801,3386000
2024-11-22,73.4587631225586,74.5431847468213,73.4052710736393,74.40216430158463,3700000
2024-11-25,74.15901947021484,74.33408368183682,73.07459785331605,74.06662343905658,5319000
2024-11-26,75.82698822021484,75.88048027034716,74.24168983838399,74.47997395627814,3712800
2024-11-27,76.0555419921875,76.86765056851286,75.87561756590662,75.96801359675658,3827600
2024-11-29,75.94368743896484,76.53209989176881,75.61787497739321,76.27922774988673,1542200
2024-12-02,74.52373504638672,76.12362142785591,74.38271460383538,75.96801291952946,3390200
2024-12-03,73.59005737304688,75.36500785876369,73.58519715813527,75.07809935529502,3542200
2024-12-04,73.74566650390625,74.43133524126328,72.7633688307162,73.53656595828453,4636600
2024-12-05,74.75715637207031,75.3018047370102,73.47335455928743,73.60465457996305,3497600
2024-12-06,73.701904296875,74.97597814548786,73.40526793286486,74.64530543553595,2249800
2024-12-09,72.72932434082031,73.91586975303125,72.70500842594541,73.73594533927277,2343800
2024-12-10,72.13118743896484,72.61261581428677,71.50873863743197,72.48617603198554,3279400
2024-12-11,71.91236877441406,72.41810571142975,71.82970059337188,72.2722176306946,2424200
2024-12-12,72.10202026367188,73.01137766535277,72.00476401763892,72.40351685242683,3252000
2024-12-13,72.20413970947266,72.44728404469329,71.60114650703825,72.09715560836148,3294500
2024-12-16,72.70988464355469,73.58520574114418,71.50388338901969,72.75850905886858,3607900
2024-12-17,72.78767395019531,73.60464265515859,71.8540007303624,72.38892115743211,3754800
2024-12-18,71.18292999267578,73.23506854604447,71.14402601297029,72.5250839017261,2807000
2024-12-19,72.44728088378906,73.01137749773149,71.4163513218898,71.61086381350917,4577100
2024-12-20,73.06973266601562,73.11836450094175,71.67894677713738,72.02907521211206,6807000
2024-12-23,73.36151123046875,73.47822318599636,72.15551737072269,72.66125433765605,2524300
2024-12-24,74.13957214355469,74.1590204250182,73.2447953725354,73.49766755261756,830700
2024-12-26,73.8575210571289,74.12984150844632,73.42958467924394,73.9839534323332,1391100
2024-12-27,73.68245697021484,74.18819389203409,73.18644047869012,73.36150468627675,1429300
2024-12-30,73.6727294921875,73.95477779584601,72.67097607377929,73.43931302095059,1829700
2024-12-31,73.74080657958984,74.10066283228626,73.17670999541997,73.71163044940442,2015400
2025-01-02,73.33232879638672,74.44106630802571,72.71960035772908,74.17846628569363,3188100
2025-01-03,74.57722473144531,75.04406508198544,72.75850258062061,73.59491961938058,2740100
2025-01-06,73.1961669921875,74.53832094571915,72.95302267610147,74.41188857261766,2733200
2025-01-07,73.87696838378906,74.62585703541633,73.41985588061995,73.41985588061995,2420000
2025-01-08,74.4994125366211,74.77173296722313,73.12808253389647,73.75053135246549,3373500
2025-01-10,74.10066986083984,74.6939426314679,73.4004129892673,74.35353462654842,3089000
2025-01-13,74.95652770996094,75.04406352019228,72.9821970968291,74.00339874835824,4703300
2025-01-14,75.43309020996094,75.8026743191374,74.5383209080586,74.92735329763481,3671500
2025-01-15,76.8238754272461,77.16427598304783,76.03609022379413,76.28896238817926,3611600
2025-01-16,79.08024597167969,79.13860564660492,76.50292245120585,76.61962696070667,3968500
2025-01-17,79.74160766601562,80.23762414748563,78.6620463111445,78.98299858857659,2853100
2025-01-21,81.32691955566406,81.94936845745796,80.33488651705889,80.42242233584227,3128900
2025-01-22,80.32515716552734,81.14212597148055,79.82914807566668,81.14212597148055,3043000
2025-01-23,79.65408325195312,80.87953274141653,79.47901903917264,80.71418895921894,4066200
2025-01-24,80.25706481933594,80.52939265993655,79.46927968593671,79.60543989614953,4218600
2025-01-27,76.62935638427734,80.40295314588862,75.6178752334983,79.55681575392414,7685200
2025-01-28,75.49144744873047,76.92112974738421,73.47821287450736,76.87250533787038,7949500
2025-01-29,77.06702423095703,78.03960154429129,75.54980599661192,75.81239860633472,4953200
2025-01-30,78.95382690429688,79.26505134898277,77.87426548862915,78.24384219788864,3595300
2025-01-31,78.8565673828125,79.49846452700118,78.49671111913767,78.8468395323954,7475600
2025-02-03,79.79024505615234,79.93613313971049,77.43660969802498,77.9618023467286,2746100
2025-02-04,79.42066192626953,80.23762325591824,78.44808467468265,79.25531815416633,2770500
2025-02-05,80.23761749267578,80.97677822843914,79.46928062868855,80.06255330315749,2844700
2025-02-06,80.5196762084961,81.07404497717162,80.06256368657176,80.8406285009335,2232200
2025-02-07,80.14037322998047,81.16157497123938,79.46929249988452,80.52940564482125,2348800
2025-02-10,80.14037322998047,80.37550180772291,79.08228341823533,80.15996416370787,4117800
2025-02-11,80.35589599609375,80.47346401143463,79.0920753355389,79.9444191543037,2885500
2025-02-12,81.13967895507812,81.3160272649984,78.96471895759589,79.1018779236891,2680300
2025-02-13,81.56095123291016,81.99202652018819,80.56164917329609,81.02210712381262,2248800
2025-02-14,80.81636047363281,82.74639239154811,80.77717113562517,81.44337493255124,3916800
2025-02-18,85.62674713134766,86.58685977307275,83.27543912009513,83.66732503440424,5841400
2025-02-19,85.54837799072266,86.10681305162325,84.71562500160465,85.78350657568002,4675000
2025-02-20,84.11799621582031,85.5385743306367,83.49098170552594,85.39162364431971,4006600
2025-02-21,83.36361694335938,84.6176534756383,82.51127303910285,83.54976445100289,4755100
2025-02-24,83.55956268310547,84.05921744935497,82.21735575204414,83.05010871272485,6463900
2025-02-25,83.7065200805664,83.9318494513011,81.6099388918562,83.62814139744016,4079100
2025-02-26,84.40210723876953,85.22506092112694,84.02981226137754,84.42169817066288,4035000
2025-02-27,83.53995513916016,85.14668808383534,83.40279619473452,84.31392773962015,2979200
2025-02-28,85.53856658935547,85.73451327771579,83.53995521569146,83.67712163484462,3540200
2025-03-03,86.10680389404297,86.23416364014103,84.84297573807723,85.09770270487553,3920100
2025-03-04,83.35382080078125,86.21457537147563,83.22645357614604,85.82268944304846,3881500
2025-03-05,82.94234466552734,83.65752957716002,82.25654241612611,82.78558730294337,2250500
2025-03-06,79.53295135498047,82.2369562184353,79.34680384484393,82.12918739410392,3903600
2025-03-07,79.67990112304688,80.77717271024262,78.30830416445008,79.51335203921924,4808800
2025-03-10,78.82756042480469,79.57214301240566,77.33840272420586,79.0332988750754,6206600
2025-03-11,80.7085952758789,81.57074580143946,78.66100272687716,78.97450997037127,5745200
2025-03-12,80.96331787109375,82.7268006920612,80.85554906122341,81.59033232419287,4793500
2025-03-13,81.15927124023438,81.54136548025579,80.09138963293806,80.97313119721214,2759700
2025-03-14,83.2656478881836,83.44199619277533,81.14947570768543,81.2082559843484,3297500
2025-03-17,83.71630859375,84.6666295349887,82.84436633262636,83.2656423949919,2590400
2025-03-18,81.78628540039062,81.89404674407587,80.63022601070638,81.56094855998839,9991300
2025-03-19,82.94234466552734,83.23625350846864,81.43358868636757,82.10958425735424,7870600
2025-03-20,82.9227523803711,83.12849082800109,82.47208614157161,82.80518434975266,3952800
2025-03-21,82.17816162109375,82.68761556178535,81.69810529108233,81.80587410643624,9132300
2025-03-24,82.30552673339844,83.05990094693269,80.86535030568554,82.57004542592024,4836600
2025-03-25,81.23764038085938,82.38390054238745,80.74778484434971,82.3153210662602,4658300
2025-03-26,82.40350341796875,82.56025331135844,81.17886451028832,81.35521281197842,3732500
2025-03-27,82.3153305053711,83.10890164824525,81.74710369855897,82.37411825922302,4320700
2025-03-28,82.69741821289062,83.33422445339934,82.39370268668529,82.66802060098489,3388700
2025-03-31,83.7554931640625,83.91225051536553,82.4524831857151,82.64842240024197,6230800
2025-04-01,83.92205810546875,84.32373577777227,82.48188156350199,83.62814177970313,4601100
2025-04-02,84.85277557373047,85.17608201769852,83.29503110026762,83.7848866306669,3126000
2025-04-03,83.33422088623047,85.47979051274986,83.12848245931251,83.81428469030796,6498500
2025-04-04,77.42656707763672,83.29503447682322,76.91712059419486,83.29503447682322,7635300
2025-04-07,77.73027038574219,79.69949167054956,74.085751592797,75.09485276883896,6618800
2025-04-08,77.40697479248047,80.11097200095627,76.48604398220982,80.01300238753655,5000200
2025-04-09,78.87654876708984,79.67011242671484,74.03677317225383,76.41747162573192,10462100
2025-04-10,78.65120697021484,79.70929676635468,76.86813304320997,78.2789194380631,5178000
2025-04-11,80.0619888305664,80.37549607004391,77.38737435424096,78.43566488698782,3384300
2025-04-14,80.90454864501953,81.68831308107266,80.41469306951024,80.86535930202645,2604800
2025-04-15,81.76669311523438,82.74640428240652,81.16906870529114,81.52176532344134,2994100
2025-04-16,80.57144165039062,82.04100835290666,80.25793438617131,81.77648963527899,2006400
2025-04-17,81.5805435180664,82.66802348382195,80.82616922743559,80.84576016145336,3228200
2025-04-21,78.87654876708984,81.07109970550405,77.8674474530968,81.04170956619987,3200200
2025-04-22,81.59033966064453,81.99202480166218,79.58193637936391,80.1501631397901,4772700
2025-04-23,82.55046081542969,83.38321377000074,81.62952997353088,81.71770786085865,3037200
2025-04-24,83.24604797363281,83.53016507119153,81.56094379478914,82.02140917791526,3437200
2025-04-25,82.89335632324219,83.47138228132488,82.48187945735934,83.04031448237248,2697800
2025-04-28,83.36361694335938,83.42240469422735,82.31532632721421,82.96193926454254,3018600
2025-04-29,81.83526611328125,83.11868524870495,80.68900593242485,81.62952768143029,3931200
2025-04-30,81.4825668334961,82.29572880487738,79.78767089031572,81.43358576539735,4003400
2025-05-01,81.67851257324219,83.04031032883664,80.74778259503886,81.66871336989631,3669600
2025-05-02,83.35609436035156,83.62253055463572,81.48114817605867,81.97455467041019,2919800
2025-05-05,83.27715301513672,83.56332970421799,82.21139311003117,83.25742006672489,2239000
2025-05-06,82.81334686279297,83.38570022151791,82.51730747395258,82.7245373047766,3609900
2025-05-07,83.1291275024414,83.83963408833348,82.27060498514341,82.39888796862384,4369200
2025-05-08,82.21138763427734,83.11926130526027,82.05350147114049,82.93176442829875,4275700
2025-05-09,81.82653045654297,82.78374025130239,81.38246762726422,82.54690724427276,2170800
2025-05-12,80.19829559326172,82.03376852194613,79.99106575018912,81.90548553207823,4293800
2025-05-13,79.82330322265625,81.01734605301579,79.49765312470754,80.35618314781257,3921700
2025-05-14,79.44831848144531,80.28710804409427,78.3529554251062,80.28710804409427,3728300
2025-05-15,80.74104309082031,81.46141992678291,79.76410028372455,79.86278008252853,5058100
2025-05-16,82.04363250732422,82.05350274541907,80.70156622028365,80.94826947115456,2444500
2025-05-19,81.91535186767578,82.05350508980787,81.2245782282294,81.6686486097562,2490500
2025-05-20,83.21794891357422,83.5139883205524,81.1949790863516,81.4022089298722,3736900
2025-05-21,81.48114776611328,83.30675028027187,81.35286478859013,83.16859706485137,2415400
2025-05-22,80.20816040039062,81.27392026012151,79.5371272511659,81.19497341226312,1905200
2025-05-23,81.72785186767578,81.81666895211056,79.91211957240522,80.95813893690736,1945200
2025-05-27,81.68838500976562,82.51731190637344,80.99761886991435,82.51731190637344,2406100
2025-05-28,80.7311782836914,81.74759458444787,80.3265888227395,81.53050202398808,1952300
2025-05-29,81.27392578125,81.60943861426163,80.16869242250883,80.64236601305113,1805700
2025-05-30,82.1817855834961,82.34954198688985,80.42525964493633,80.88906296037787,4051000
2025-06-02,82.04363250732422,82.28046552010028,80.8101162529697,81.53049305817846,2577200
2025-06-03,81.8364028930664,83.0995223362076,80.59301639738054,83.08965209808706,2376500
2025-06-04,80.81011962890625,82.19165939725588,80.56341636772903,81.67851239788708,1817700
2025-06-05,80.72130584716797,81.26404847610208,80.22789935061752,80.92853567226489,1735300
2025-06-06,81.06668853759766,81.51075137105393,80.45486177416433,81.05681829964945,2381500
2025-06-09,81.71798706054688,82.67519693301483,80.47460802611175,80.9285411300972,3315100
2025-06-10,81.12590026855469,82.02390376154156,80.40553095523121,81.72785683381738,3124300
2025-06-11,81.06668853759766,81.8758748872814,80.71143525931839,81.24431517673729,2535000
2025-06-12,82.191650390625,82.29033017852525,80.7903778275997,81.14563108706882,2575000
2025-06-13,80.98774719238281,82.00416343530159,80.69170026411363,81.73772722288824,2540300
2025-06-16,80.65222930908203,82.12257856202363,80.2969760289533,81.91534873674615,2147400
2025-06-17,79.91212463378906,80.54368438769164,79.6160777053033,80.45486729763145,1905200
2025-06-18,79.85291290283203,80.40553334911776,79.4384532147075,80.09961617368516,2723700
2025-06-20,79.90225219726562,80.96801207595482,79.80357240008016,80.14895545462224,7933900
2025-06-23,81.52062225341797,81.579828624004,80.16868573768014,80.16868573768014,2567100
2025-06-24,81.8758773803711,82.59624666802719,81.58970070144407,81.76732734599237,3003900
2025-06-25,80.24763488769531,81.73772466342824,80.07987848036261,81.49102140719101,2499300
2025-06-26,80.780517578125,81.14564112016471,80.27724081018619,80.39566108757948,2281400
2025-06-27,81.39234161376953,81.99429063252988,80.56341475781,80.93840099694295,3236600
2025-06-30,82.0239028930664,82.07323902797398,81.04695255919228,81.2443196851807,2526700
2025-07-01,81.44168090820312,82.13245456977347,80.57328812287645,82.00416405312343,3198200
2025-07-02,80.24763488769531,81.72785442511871,79.77396132305404,81.1061649297638,2343800
2025-07-03,80.8397216796875,81.20484521146206,79.98119916127776,80.0700087202363,1120800
2025-07-07,80.64236450195312,80.97787732867783,80.00093450692428,80.75091454090199,1744200
2025-07-08,79.86277770996094,80.32658103222565,79.0535913377499,80.10948096403486,2444900
2025-07-09,80.38578796386719,80.67196464404041,79.29042490584708,80.43513162653998,2342200
2025-07-10,81.0370864868164,81.26404926130263,79.99105958444814,80.1292128025143,1676000
2025-07-11,80.67196655273438,80.91866981436354,79.79370354363746,80.5436835670502,1892700
2025-07-14,81.69824981689453,81.90547964507235,80.27723667649147,80.41538989527668,2925200
2025-07-15,81.77719116210938,82.507430630667,80.8298516418436,81.90547413412543,3368600
2025-07-16,82.44823455810547,82.56664730743324,81.2936575506563,81.68838428225001,2989600
2025-07-17,83.4251708984375,84.07646355546672,82.04363120965486,82.22125784862385,3138100
2025-07-18,85.2606430053711,85.31984937497889,83.64227031994979,83.79029377275484,2512500
2025-07-21,85.88233947753906,86.01062999386728,84.98434350717234,85.83300334177035,2468200
2025-07-22,87.36255645751953,87.43163306855999,85.95141352159074,86.20798701779215,2743600
2025-07-23,86.95796966552734,88.17174551471408,86.44482265756999,87.90530930084918,2539100
2025-07-24,86.9875717163086,87.81649106309096,86.47442471505525,87.13559517931576,2563100
2025-07-25,86.99744415283203,87.29348355753967,86.69152698054532,86.88889411247001,1804800
2025-07-28,85.53695678710938,87.13559666299216,85.34945989552202,87.00730614610136,2814400
2025-07-29,87.07637786865234,87.37242478307932,85.60602859224612,85.88233503035889,3357000
2025-07-30,88.11253356933594,90.253915969897,88.09279309323927,89.01052948330626,5480900
2025-07-31,89.23749542236328,89.44472523853145,87.98424628778854,88.50725594699182,2965300
2025-08-01,88.4875259399414,89.24737621790037,87.92504279271876,88.88225267262783,2658300
2025-08-04,90.41181182861328,90.68811827029776,88.90198158006157,88.96119548098387,3509600
2025-08-05,89.20789337158203,91.1815192978171,88.71448689002327,90.53021912834252,3800600
2025-08-06,89.0894775390625,90.26378743282164,88.72436154296217,89.10921801542705,2678000
2025-08-07,89.336181640625,89.64209126810877,88.7342250951476,88.81317194378401,2131600
2025-08-08,89.2769775390625,90.03682027235143,88.86251786635944,89.5532839875312,1627500
2025-08-11,88.90198516845703,89.27697895055279,87.94478282221002,88.82304584535083,1916400
2025-08-12,89.69143676757812,89.73091019270474,87.68820749731472,89.04014407495393,2399100
2025-08-13,90.37686157226562,90.39672564981717,89.17487646294816,90.04904745154268,1789800
2025-08-14,89.69143676757812,90.39672901859488,89.6517010321779,90.09871479250145,2461100
2025-08-15,88.5291976928711,89.90998233118705,88.03251235307926,89.90998233118705,4104800
2025-08-18,87.26760864257812,88.78746449931594,86.98946607779165,88.4596579501413,1915100
2025-08-19,88.22124481201172,88.25104471883714,87.2676098995156,87.39675293418118,2805800
2025-08-20,89.23448944091797,89.75103885658302,88.31065441118774,88.47952560680739,2620600
2025-08-21,88.62853240966797,89.4728959635919,87.9927757870323,89.20468921731178,1459600
2025-08-22,88.73780059814453,89.67156384097241,88.25104353049527,89.22455008697732,2029200
2025-08-25,88.578857421875,89.1053426441373,88.40998623337887,88.43978613972331,1540000
2025-08-26,88.9960708618164,89.26428517532413,88.05237179740966,88.66826431470848,3385600
2025-08-27,88.95634460449219,89.4033583647895,88.25104477470025,88.94640877593856,1632200
2025-08-28,87.5457534790039,89.0954168611651,87.26761090700019,88.70800291032897,5441200
2025-08-29,87.50601959228516,88.10204806353559,87.27754857994708,87.67489836784176,1705100
2025-09-02,86.83053588867188,87.48615660488366,86.3139788843189,87.04907107486451,1727800
2025-09-03,86.62191772460938,87.05900323621486,86.1351682277502,86.46298236145431,1626600
2025-09-04,87.59542083740234,89.00600528701256,86.87025695622734,88.19144168862195,3500000
2025-09-05,87.16827392578125,87.97290172141332,86.23450309611283,87.73449488915503,1952000
2025-09-08,86.25437927246094,87.41662116678508,85.8272295704251,87.1086786765326,3264500
2025-09-09,86.43318176269531,86.89013134898136,85.9166247842387,86.12523170979429,1936700
2025-09-10,87.85370635986328,87.93317025526287,86.32391458587168,86.32391458587168,2756700
2025-09-11,89.26428985595703,89.34376132922398,87.78416966574018,88.06231224335765,2366000
2025-09-12,89.69143676757812,90.13845052790168,89.13515162960809,89.13515162960809,2082800
2025-09-15,89.59210205078125,90.09871562950322,89.3934233719344,89.57223039348824,2062300
2025-09-16,87.67489624023438,89.86030865239641,87.58548894018972,89.59210190989576,1967600
2025-09-17,87.59542083740234,88.26097732828397,87.34707818449282,87.86362756786545,2936800
2025-09-18,87.24774932861328,87.98284151551843,86.800727971812,87.31728497360679,2464900
2025-09-19,88.0821762084961,88.6881329284444,87.10867718809236,87.93316909101725,4786600
2025-09-22,88.64839172363281,88.81727048839394,87.47621409262351,88.07224252577319,2325200
2025-09-23,90.24771881103516,90.37686184136186,88.310649144298,88.6583273436077,2134400
2025-09-24,90.9828109741211,91.13181808210832,90.12851921788139,90.82387561673336,2524500
2025-09-25,89.73117065429688,91.06228365810576,89.61196345055214,90.64506981322384,2869700
2025-09-26,91.63844299316406,91.67817872885216,89.88018026716155,90.21792265228538,2670900
2025-09-29,92.92982482910156,93.18809573437801,91.2907617851074,91.83711108056119,3821800
2025-09-30,92.57221221923828,93.29736854114495,91.04242052661917,93.02916180345181,3040900
2025-10-01,92.78082275390625,93.68478612905331,92.40333704617768,92.61195155772074,2398400
2025-10-02,92.94969177246094,93.44637709935851,91.73777836222017,92.58214190218273,2709000
2025-10-03,94.75762939453125,95.96954284742941,93.63512324460629,95.27418639682402,3714100
2025-10-06,96.83377075195312,97.92647691118988,94.96622914787429,94.96622914787429,4137300
2025-10-07,95.34371948242188,97.11191804833778,94.57881982847246,96.99271084051254,3570700
2025-10-08,96.01921081542969,96.75430297549866,95.24437534102462,95.91986768722266,2858900
2025-10-09,94.9861068725586,96.96291239791644,94.82716392639072,96.6350982555578,2244500
2025-10-10,94.62849426269531,96.75430693773514,94.37021576065005,95.3039866365558,3743500
2025-10-13,95.08544158935547,95.89006940551693,94.70795588493068,94.81722726475715,2186100
2025-10-14,96.01921081542969,96.64503159752422,94.678154372801,94.91656878591793,2648400
2025-10-15,97.00264739990234,97.25099006729646,96.13841218899681,96.42649059263199,2125000
2025-10-16,95.3834457397461,97.9066080806667,95.34371758341233,97.35032294619545,1894800
2025-10-17,95.20464324951172,95.94967126668105,94.8073010367416,95.72120025221992,2332400
2025-10-20,96.06887817382812,96.29735676638322,94.94637202655218,95.74106402839482,2793400
2025-10-21,95.02584075927734,96.46622518150456,94.40001239444507,96.19801085977167,1999900
2025-10-22,95.36358642578125,95.9000075088843,94.95630080425568,95.34372234662199,2018800
2025-10-23,95.0357666015625,96.07880879731509,94.8072956002026,95.57218765262242,1964800
2025-10-24,95.93974304199219,96.57549967717337,95.09537947140628,95.48279343413178,2217600
2025-10-27,96.71456909179688,96.73443317052865,95.09537762716197,96.68476918429083,3179900
2025-10-28,94.39007568359375,97.35032355073415,94.38014743385692,97.35032355073415,2543000
2025-10-29,94.82716369628906,96.32715553713713,92.14506590615731,93.37684342070213,4739600
2025-10-30,95.41325378417969,96.57549562357296,94.46954712116855,94.54901859193473,3029200
2025-10-31,95.4529800415039,96.36688677949775,94.92649482108251,95.48278752656059,3196600
2025-11-03,96.22782135009766,96.82384224759983,94.30067978865095,95.18477909535618,3291600
2025-11-04,95.5920639038086,96.4463557163896,95.21457819483658,96.2377487829762,2511300
2025-11-05,95.6417236328125,96.45628725127645,94.82716001434855,95.6218595547694,2212700
2025-11-06,95.06556701660156,96.11854504638295,95.03576711007486,95.59205982090052,1786100
2025-11-07,96.54569244384766,96.54569244384766,94.5390795585167,95.25430761353303,2658600
2025-11-10,96.46622467041016,97.80727353551947,96.35695329233002,96.56556021989665,2657300
2025-11-11,96.22782135009766,96.68477095747654,95.11524345029454,96.15828570503601,2197900
2025-11-12,95.9000015258789,96.56555802903674,95.61192313373229,96.24767973060192,2247000
2025-11-13,94.41999816894531,96.0,94.30000305175781,95.43000030517578,2706500
2025-11-14,95.05000305175781,95.6500015258789,93.9800033569336,94.29000091552734,2465000
2025-11-17,95.54000091552734,96.37999725341797,94.75,95.44999694824219,2949100
2025-11-18,94.44000244140625,96.19999694824219,94.43000030517578,95.54000091552734,2481800
2025-11-19,94.02999877929688,95.0999984741211,93.69999694824219,94.44999694824219,2179200
2025-11-20,93.3499984741211,95.88999938964844,93.3499984741211,94.62999725341797,3767100
2025-11-21,93.69999694824219,94.20999908447266,92.73999786376953,93.56999969482422,2601100
2025-11-24,95.4800033569336,95.73999786376953,93.16000366210938,93.69999694824219,3528000
2025-11-25,95.2699966430664,96.02999877929688,94.58000183105469,95.80000305175781,2318200
2025-11-26,96.55000305175781,96.86000061035156,95.54000091552734,95.93000030517578,1902100
2025-11-28,97.5199966430664,97.66000366210938,96.66000366210938,97.0,928700
2025-12-01,94.58999633789062,96.98999786376953,94.41999816894531,96.66999816894531,2295400
2025-12-02,92.97000122070312,95.06999969482422,92.91999816894531,95.06999969482422,2029100
2025-12-03,94.23999786376953,94.26000213623047,92.38999938964844,93.25,5825900
2025-12-04,94.45999908447266,95.0,93.4000015258789,93.95999908447266,3742400
2025-12-05,94.22000122070312,94.81999969482422,93.62999725341797,93.93000030517578,3317400
