Date,Close,High,Low,Open,Volume
2019-03-12,34.60011291503906,34.60011291503906,34.60011291503906,34.60011291503906,10000
2019-03-13,36.19354248046875,36.33012327541299,35.23748733604081,35.51064545253538,20477400
2019-03-14,37.01301574707031,37.69591269093955,36.193538025069834,36.193538025069834,6248600
2019-03-15,37.96907424926758,38.12386257015079,37.55023158563722,37.677705137751346,7107300
2019-03-18,37.96907424926758,38.19670658472674,37.377228787716234,38.19670658472674,4020900
2019-03-19,36.73075485229492,37.96907534879572,36.2754901681928,37.83249455420752,10118500
2019-03-20,35.16464614868164,37.158707853670954,34.81864746086496,36.8673387095126,15683200
2019-03-21,36.439388275146484,36.48491405205478,35.28301548002607,35.51064783796173,12751700
2019-03-22,35.25569534301758,36.41206796215036,34.317847809145114,36.357434954138476,10898000
2019-03-25,34.09021759033203,35.47422261819553,34.04469181754184,35.4104858416105,9338900
2019-03-26,34.181270599365234,34.85506033318478,34.153952358582444,34.28142937765037,6287100
2019-03-27,33.61674118041992,34.51816674498544,33.4710566266248,34.16306086219694,5578100
2019-03-28,33.14326858520508,33.82616557413051,33.088635575669315,33.55300399984538,5326200
2019-03-29,33.42552947998047,33.60763603308248,32.91563529936716,33.27984493217758,5895300
2019-04-01,33.55300521850586,33.82616680271235,33.42553166501954,33.60763823002593,5311200
2019-04-02,33.03401184082031,33.85348984696638,32.68801310346502,33.65317222915409,6704600
2019-04-03,32.85190200805664,33.288955697779215,32.68800644023643,33.115952890972345,8393500
2019-04-04,33.4710578918457,33.50747990001969,32.788160868855925,32.961163670985414,4908400
2019-04-05,34.30875015258789,34.463538492755205,33.40732446357338,33.49837949313729,7344900
2019-04-08,34.11753845214844,34.308748796584005,33.93087825396556,34.23590477581193,3393300
2019-04-09,33.97184753417969,34.28142761780794,33.84437052165581,34.07200283392972,5725900
2019-04-10,33.21610641479492,34.17216142661795,33.1068438780306,33.99005835647521,4828400
2019-04-11,33.77153015136719,33.83526692124093,32.76994936187111,33.29805452273834,4791400
2019-04-12,34.17216110229492,34.25410887243876,33.20700233548231,33.82616249359282,6368500
2019-04-15,34.17216110229492,34.20858310533516,33.68047795482525,34.108424333671195,3927100
2019-04-16,34.37248229980469,34.4635338436917,34.11753519820605,34.29963828598007,5722000
2019-04-17,35.364967346191406,35.37407111326528,34.38159377927521,34.48175258406051,7603800
2019-04-18,35.00074768066406,35.510645377532484,34.99164391527083,35.42869759541781,4737400
2019-04-22,34.32695770263672,35.00074748660482,34.25411368631916,34.92790694368113,7675300
2019-04-23,34.6729621887207,34.95522408764087,34.263223252585185,34.40890782172291,6328800
2019-04-24,34.563697814941406,34.88238521317699,34.422566858710866,34.554594048543485,5323500
2019-04-25,34.736698150634766,34.782223926154224,34.18127465847287,34.581906345795765,5309700
2019-04-26,35.037166595458984,35.082692365193296,34.50906141443253,34.67295696419092,5297400
2019-04-29,35.6927490234375,35.98867173869905,34.882378507430595,35.091799828266595,6885200
2019-04-30,35.50153732299805,35.81111740987428,35.028061691693615,35.68364039601297,5044400
2019-05-01,35.87485885620117,35.956806639096726,35.201065588682866,35.61990826864061,5149800
2019-05-02,33.94453430175781,35.938595874381335,33.76243120379248,35.720067294071406,11495900
2019-05-03,34.11753845214844,34.37248557806253,33.79885107136174,34.06290543656938,4809800
2019-05-06,34.52727127075195,34.59101152074839,33.65316392872138,33.84437425852923,4801300
2019-05-07,33.926326751708984,34.42712074228705,33.79885318079614,34.21769937958818,6053300
2019-05-08,34.07200622558594,34.326956802618994,33.557558399058465,33.999165684572056,8635300
2019-05-09,35.05537414550781,35.73827104444628,34.153948710616014,35.05537414550781,15210200
2019-05-10,35.082698822021484,35.283016413792396,34.09022157622033,35.18285761790694,6742500
2019-05-13,34.57279968261719,35.21927467163907,34.354271115686295,34.39069312240707,5604000
2019-05-14,34.49995803833008,35.07359252669634,34.483570565556,34.645642601823766,6198600
2019-05-15,34.336055755615234,34.57279529586795,34.20858222166068,34.326951991787034,2975400
2019-05-16,33.452850341796875,34.672959827768416,33.416428333643964,34.51816802981548,8704900
2019-05-17,34.19501876831055,34.442410804649754,33.48949410807085,33.4986587179026,5508000
2019-05-20,34.03009796142578,34.48823068249026,33.90182135877177,34.06674941797701,3670000
2019-05-21,34.53403854370117,34.81808205030522,33.99344186679333,34.14004417772047,4668600
2019-05-22,34.01177215576172,34.59818147814593,33.952216160457944,34.50655633225163,3431200
2019-05-23,33.819358825683594,33.975125775281384,33.56280560902303,33.736894792431926,4431900
2019-05-24,33.82851791381836,34.08965691618376,33.764379613499734,33.94763339809947,2879000
2019-05-28,33.571964263916016,34.21335075380653,33.4482699707474,33.87433352875626,4380400
2019-05-29,32.79314041137695,33.58112923640359,32.79314041137695,33.443688024494215,3691300
2019-05-30,32.270870208740234,33.12757616595444,32.20673190697902,32.87560526482833,4730400
2019-05-31,32.280029296875,32.31668075137123,31.794409758262734,32.04180183319967,6706100
2019-06-03,31.372934341430664,32.344173598955365,30.95144952703004,32.11510720874283,7665000
2019-06-04,31.59282875061035,32.2983534873558,31.290463003590826,31.629480203362693,8058900
2019-06-05,31.482877731323242,32.050961265064466,31.409574826182492,31.721105182480883,6240600
2019-06-06,31.262975692749023,31.75775986697763,31.134699090973143,31.75775986697763,5288300
2019-06-07,31.16218376159668,31.556178151150835,31.15302264579833,31.317950692368676,4226800
2019-06-10,31.18050193786621,31.519522559983763,31.061389984956524,31.1988276603002,5620500
2019-06-11,31.317951202392578,31.528691821936672,31.162184269083863,31.363763772680414,3166900
2019-06-12,32.1151008605957,32.16091343052736,31.29962523187711,31.33627668593245,4426800
2019-06-13,32.33500289916992,32.52741777106239,32.03538445714459,32.225048547853056,4384800
2019-06-14,32.28919219970703,32.52741965077769,32.005148685302686,32.28919219970703,4362200
2019-06-17,33.104671478271484,33.28334296027196,32.380820938473235,32.45412035646753,7195400
2019-06-18,33.15964126586914,33.947630014413605,33.05885501489649,33.39787221068601,4938900
2019-06-19,32.976383209228516,33.37037399520636,32.69050824010704,33.223771715806166,4790000
2019-06-20,32.6007194519043,33.42077377931969,32.58239372737063,33.33373095687799,5916500
2019-06-21,33.15048599243164,34.172120065198506,32.35333598796493,32.62821493826978,11402200
2019-06-24,32.80229568481445,33.0496877250196,32.62362423832317,32.994710550993595,5280100
2019-06-25,32.38081741333008,32.85727581188672,32.197563645381386,32.783972906597285,7204300
2019-06-26,32.499935150146484,33.07717984076419,32.37165855223144,32.79313980117377,4297300
2019-06-27,32.976383209228516,33.28791348986317,32.252532925507694,32.554898597588185,5083900
2019-06-28,33.571964263916016,33.68191513509648,32.81146578661132,32.967229229510714,10930000
2019-07-01,32.912261962890625,33.89266946850764,32.74733735406502,33.40704627519614,6396600
2019-07-02,33.52615737915039,33.553644227789235,32.91225762910201,32.994721670294304,3599500
2019-07-03,33.306243896484375,33.736889727172056,33.232944486418866,33.535310232760814,3160300
2019-07-05,33.535308837890625,33.71856259834449,33.05427164888334,33.205456263403384,1982000
2019-07-08,33.104671478271484,33.60403446763813,33.05885890511564,33.47117555879349,1644600
2019-07-09,33.00387954711914,33.232945893091426,32.82062577128631,33.01304066303701,2379600
2019-07-10,33.11383056640625,33.37954836781899,33.05427457447929,33.15964313675584,2400700
2019-07-11,33.25126647949219,33.30624015705046,32.84810753593409,33.14131213382661,2987000
2019-07-12,33.86516571044922,33.93846861447836,33.07717696851014,33.4070330460916,2755700
2019-07-15,33.910980224609375,34.04842142991689,33.57196301219921,33.92930595166871,2861600
2019-07-16,33.61777877807617,34.00261209235629,33.56280508694714,33.83768402841844,2721500
2019-07-17,33.14131164550781,33.681908270270725,33.086337968759544,33.65442143189659,5740500
2019-07-18,33.48949432373047,33.64526123440247,32.948897684235675,33.141312548647065,5286800
2019-07-19,33.379547119140625,33.663590637122574,33.113829327667986,33.626939184103946,4402000
2019-07-22,33.07717514038086,33.54447238955267,33.04052718566661,33.452843764580436,7865700
2019-07-23,33.187129974365234,33.34289339617781,32.83894818494195,33.1596396388353,5573600
2019-07-24,33.535308837890625,33.77353977506308,33.104666520390026,33.104666520390026,5980600
2019-07-25,34.057586669921875,34.213353621150915,33.56280596050575,33.56280596050575,3251600
2019-07-26,34.094242095947266,34.63483893910525,33.97513008468979,34.16754502159113,2669100
2019-07-29,34.36910629272461,34.42408346330914,33.96595086092784,34.048414869167445,2130600
2019-07-30,34.65315628051758,34.79975860103504,34.195023591991145,34.22251043481472,2971800
2019-07-31,34.19501876831055,34.53587095045111,33.72772502985284,34.515710206931075,5280600
2019-08-01,33.801025390625,34.35078665205981,33.64984078158483,34.130881448430955,3280700
2019-08-02,33.562801361083984,33.865167114553664,33.28792245012745,33.654426499644494,2419000
2019-08-05,33.031375885009766,33.498673322471795,32.77482262226265,33.416209274406505,4517200
2019-08-06,33.39787292480469,33.535310631037866,32.92141452025812,33.13215513270228,3366700
2019-08-07,33.93846893310547,34.03925867945437,32.80229837691085,32.884762397080415,4657400
2019-08-08,32.18840026855469,34.13088168368766,32.06928480346492,34.10339484377258,9539900
2019-08-09,32.435791015625,32.66485732648316,32.050957795840546,32.170073256163654,4234400
2019-08-12,32.02347183227539,32.36248900293445,31.794405515156505,32.105935846249174,4172900
2019-08-13,32.124263763427734,32.60988327037384,31.886032820011824,31.922684272118094,2940800
2019-08-14,30.86897850036621,31.8402210333516,30.584938477764073,31.7944084647327,7489800
2019-08-15,30.0076904296875,31.23548614738495,29.98478239766173,31.043071261358286,7037700
2019-08-16,30.227596282958984,30.511636312456503,29.934388147075225,30.236757398795188,3230900
2019-08-19,31.033905029296875,31.175928528942762,30.502472967754287,30.5299598085294,3915100
2019-08-20,30.7773494720459,31.19883064249315,30.71321118503325,30.997254666999613,2810700
2019-08-21,30.612424850463867,30.901047174084592,30.24591731658289,30.823165459099222,3050400
2019-08-22,30.282567977905273,30.731539520416515,30.190942844466143,30.58493720974903,3725400
2019-08-23,29.091426849365234,30.3146403362914,28.981474230895284,30.172620315829796,3866200
2019-08-26,29.393796920776367,29.448770610065246,28.93566245426336,29.17389167779507,3235600
2019-08-27,29.2563533782959,29.66867349151949,29.24719051493121,29.522071172959432,3449400
2019-08-28,29.128080368041992,29.577048494654296,28.972315166964417,29.366307854266317,3567200
2019-08-29,29.998531341552734,30.351291989776986,29.210540774710108,29.320493393897767,3687100
2019-08-30,30.392526626586914,30.896475475486863,30.044348234061463,30.896475475486863,2924600
2019-09-03,30.235673904418945,30.549379537543665,30.023461787846465,30.134180387866706,2090800
2019-09-04,30.964576721191406,31.010709174964024,30.35561918022326,30.43865900488622,2280900
2019-09-05,31.601215362548828,31.7442270357019,30.964579006271645,31.038390233818728,3946900
2019-09-06,31.582754135131836,32.053314237158254,31.425903114243052,31.665793946096496,2514600
2019-09-09,31.6473388671875,31.68424623036096,30.8077157132306,30.8077157132306,2659800
2019-09-10,31.6473388671875,32.03485914114908,31.232139830685764,31.232139830685764,3198100
2019-09-11,31.370542526245117,31.76728790447498,31.186009219213542,31.628887044281274,3287100
2019-09-12,31.176786422729492,31.545849544161964,31.066064318587443,31.545849544161964,4290500
2019-09-13,31.213695526123047,31.564304983024215,30.91844008500967,31.333639199424773,4606100
2019-09-16,31.00147247314453,31.21368804048152,30.881528828607596,31.075287195640822,2175600
2019-09-17,30.318714141845703,30.992257873849447,30.254127997659104,30.992257873849447,6701300
2019-09-18,30.115724563598633,30.41097648914916,29.64516790715266,30.337165267601822,5590600
2019-09-19,29.562129974365234,30.244898776001126,29.48831522841497,29.968100518049255,4889000
2019-09-20,29.77433967590332,29.91735133498823,29.266873897673538,29.51599336554051,8111700
2019-09-23,29.77433967590332,29.97732669113134,29.52060766670856,29.866604581181225,3485400
2019-09-24,29.14692497253418,29.9358014330831,29.040818936305968,29.783561189903455,5844900
2019-09-25,29.534448623657227,29.69130320394735,29.11925122353081,29.165385441216273,4376500
2019-09-26,29.01775550842285,29.700524238683847,28.962394454747457,29.691299156244835,5960000
2019-09-27,29.008527755737305,29.266872292087022,28.740954617557765,29.20228615799959,4252800
2019-09-30,29.096181869506836,29.405274935359422,28.925489682005118,29.18383423393415,3152800
2019-10-01,28.823993682861328,29.589803949601365,28.78708807570669,29.2760983695064,2703400
2019-10-02,28.067411422729492,28.870129089778843,28.016664670925657,28.759408744039547,4879800
2019-10-03,28.10431671142578,28.187356529824726,27.407706856901466,27.993598126787298,7168800
2019-10-04,28.205810546875,28.427249478606438,28.021278983685566,28.233491073281503,2858300
2019-10-07,28.233495712280273,28.731732950580493,28.215042024977176,28.37189484737253,4854600
2019-10-08,27.73063850402832,27.938238044153128,27.398479239828628,27.929011202387567,3829600
2019-10-09,27.89210319519043,28.095090189693888,27.64298375275805,28.01205037554976,3537100
2019-10-10,28.159679412841797,28.18735818070242,27.726026611395735,27.90133310048755,3493600
2019-10-11,29.026981353759766,29.299167048710036,28.381118215800665,28.593330314279786,4444200
2019-10-14,28.96239471435547,28.999302083803222,28.63946403088881,28.85167612569268,2998500
2019-10-15,29.248422622680664,29.345301831280135,28.740956833170507,28.90703648210691,3758800
2019-10-16,29.5159969329834,29.534448860365007,29.10541207141461,29.16538567496615,4383300
2019-10-17,29.50676155090332,29.65438748628005,29.100791108537297,29.617480122515886,9068100
2019-10-18,29.718978881835938,30.05113817524131,29.488313096935602,29.562127837550374,8890300
2019-10-21,30.207992553710938,30.27257869151199,29.709753616662386,29.85737957730486,5158700
2019-10-22,30.863082885742188,30.969187176332657,30.03268464786621,30.198764295441404,5518000
2019-10-23,30.66932487487793,31.066066794120555,30.586285049994448,30.752364699761415,7061400
2019-10-24,29.802017211914062,30.80772012447455,29.331460582954744,30.613961719590144,9056900
2019-10-25,29.90351104736328,30.24028462884201,29.820471227250746,29.885057362929338,5446800
2019-10-28,30.438657760620117,30.826174580085997,29.903511463627655,30.02345865427777,8672300
2019-10-29,30.30025863647461,30.484791974367425,30.032685472514057,30.28180495071726,3507400
2019-10-30,29.599035263061523,30.30948278456069,29.52522052230908,30.134178054794482,4342900
2019-10-31,29.562129974365234,29.599037347340367,29.220743813706882,29.5252226013901,5058400
2019-11-01,29.885059356689453,30.02346023933713,29.48831391409214,29.682072334054364,3809000
2019-11-04,30.032684326171875,30.078816778964043,29.792793459844273,29.986551873379707,2593900
2019-11-05,30.295642852783203,30.521697852489602,30.00961953674077,30.060366290170332,3198300
2019-11-06,30.540145874023438,30.61396060826004,29.80201613005869,30.30025502711499,5636000
2019-11-07,32.237850189208984,32.26553247794644,30.789269280560728,31.324415613529233,7987600
2019-11-08,32.42238235473633,32.505422178580176,31.91491832888198,32.29321007757492,4979800
2019-11-11,32.28398513793945,32.35779635963873,31.914918470401254,32.247077767249515,3279900
2019-11-12,31.818037033081055,32.39008715997763,31.785743965909806,32.35779409280639,3906100
2019-11-13,31.61043930053711,32.034867042354676,31.54585315889371,31.711932814456944,4313900
2019-11-14,31.573528289794922,31.841097878935596,31.361316226837857,31.49971356197684,4022400
2019-11-15,31.61966323852539,31.997954949346795,31.305957659818844,31.7303818193394,4475200
2019-11-18,32.46851348876953,32.523874542309485,31.564304065699602,31.656572488266185,5690300
2019-11-19,33.45576095581055,33.51573630721425,32.49619404983404,32.49619404983404,5873500
2019-11-20,33.11438751220703,33.5941728829997,32.90217536122436,32.90217536122436,4320300
2019-11-21,32.93907165527344,33.53880052717313,32.809899391162126,33.1512837348392,2861500
2019-11-22,32.90216827392578,33.25278126161221,32.75915660986239,33.00366178507296,4408100
2019-11-25,32.920623779296875,33.086703439503346,32.61614322902472,32.93907746595102,4900400
2019-11-26,33.15127944946289,33.30351967806306,32.8006665495691,32.91138511596933,3086300
2019-11-27,33.01287841796875,33.391170077437266,32.91599923294776,33.2712264310378,2455900
2019-11-29,32.99443435668945,33.21587507249899,32.634596273219636,33.04057033225698,1704900
2019-12-02,32.8468132019043,33.23433363146739,32.800680739253785,32.985214109537104,2564800
2019-12-03,32.46851348876953,32.77760830476705,32.025635619491226,32.67150049873558,4190500
2019-12-04,32.75454330444336,32.92984804377644,32.283986625348916,32.78222207389575,3768400
2019-12-05,32.75454330444336,33.00366278855716,32.50542382032957,32.89294419106683,2921800
2019-12-06,32.68072509765625,33.13283156234273,32.61613896265538,32.94829823962008,1733500
2019-12-09,32.86525344848633,33.22970573781671,32.61613402844987,32.75453487947452,2849100
2019-12-10,33.040565490722656,33.22509528722999,32.514647827380195,32.76376375660114,5996800
2019-12-11,33.36349868774414,33.76485841695333,32.985206944690155,32.985206944690155,5668700
2019-12-12,34.0001335144043,34.08317333342774,33.31644264144769,33.511123202199805,5796400
2019-12-13,33.92632293701172,34.12930994726983,33.681817776299226,33.889415567931984,5970900
2019-12-16,33.963233947753906,34.28616466262633,33.86358474448995,34.092406233702874,4273000
2019-12-17,34.286163330078125,34.378428239404094,33.61723393826317,33.87096419874992,4143100
2019-12-18,34.07394790649414,34.443014547238405,34.037040538483645,34.31383875920168,3392500
2019-12-19,34.1385383605957,34.29538941496788,33.917097644191756,33.917097644191756,2629300
2019-12-20,34.295387268066406,34.406109379177536,33.88019167028164,34.406109379177536,6211700
2019-12-23,34.558345794677734,34.715196821768146,34.17543978899678,34.29538344982586,3712100
2019-12-24,34.415340423583984,34.692138709949525,34.36920796246992,34.544512722575824,1940700
2019-12-26,34.664451599121094,34.75671649915606,34.37842477752419,34.37842477752419,3699200
2019-12-27,34.51682662963867,34.80285345937618,34.336907605673595,34.73826732357745,1969000
2019-12-30,34.21235275268555,34.65523066123957,34.12931292485162,34.52605485819066,3039600
2019-12-31,34.203125,34.30000421493437,33.91709813708841,34.08317779688471,2315400
2020-01-02,34.203125,34.572191692809746,33.74640769540059,34.51683063298403,4500700
2020-01-03,33.829444885253906,34.1200825073757,33.78792321370476,33.85250935195405,4035800
2020-01-06,33.74178695678711,33.92170596729584,33.54802856388235,33.82482677084346,2433100
2020-01-07,34.203125,34.34613667161538,33.58494233717664,33.73256831036437,3254000
2020-01-08,34.24003219604492,34.609095367264146,34.17544605308954,34.258485882558006,3709700
2020-01-09,34.30461883544922,34.47531279840487,33.967845211153154,34.30461883544922,3621900
2020-01-10,33.880191802978516,34.35997706063087,33.80637706194866,34.24925494908608,2664000
2020-01-13,34.12930679321289,34.276932736208565,33.64952159855693,33.88018735446767,2674400
2020-01-14,34.3784294128418,34.6090952137107,33.91709781110399,33.9447801005912,4530900
2020-01-15,34.58141326904297,34.69213185778453,34.29538643514008,34.470694680301406,6165200
2020-01-16,36.08535385131836,36.11303261759659,34.71058430472056,34.7936241232356,7362800
2020-01-17,36.297569274902344,36.662021649678245,36.13148962260748,36.242208217577165,4785900
2020-01-21,36.07612609863281,36.33447416213882,35.83623523932056,35.98386119574666,4104800
2020-01-22,36.0669059753418,36.26989301321815,35.85007955209768,36.12226703649378,3920900
2020-01-23,34.59063720703125,36.00231046209693,34.45223635000599,35.77164471350816,5845500
2020-01-24,33.77869415283203,34.56295632188515,33.38194876763665,34.415330377604086,9289700
2020-01-27,34.02781295776367,34.15237091605276,33.39117322521032,33.62183897881833,9909300
2020-01-28,34.2677116394043,34.53528481958114,33.90787354452966,34.4614700720782,3268100
2020-01-29,33.75101852416992,34.34152235616109,33.60800334758922,34.09240289209973,2596000
2020-01-30,34.16621398925781,34.20312135854559,33.26200455979002,33.37272314797289,2956800
2020-01-31,34.21235275268555,34.32307134990386,33.64952764399791,34.138538008086165,5283900
2020-02-03,34.68291091918945,35.05197761866492,34.24003299162743,34.41533773805378,3371400
2020-02-04,35.0888786315918,35.34722670817759,34.83053407468662,35.024292492365504,3331000
2020-02-05,35.67938232421875,35.96540916782914,35.17191829560984,35.559438648878135,6335000
2020-02-06,34.24003219604492,36.371381952934236,33.88941919165797,36.07613000808654,9336400
2020-02-07,34.1385383605957,34.20312450294669,33.6587530747878,34.12008467425531,3634300
2020-02-10,34.415340423583984,34.51683394984362,33.88019753923477,34.01859492257695,3212900
2020-02-11,34.25848388671875,34.543585055486474,33.82483107812718,34.35074879422816,2550300
2020-02-12,34.756717681884766,34.78439996858151,34.35074718036378,34.44301560321885,3303300
2020-02-13,35.06119918823242,35.314932958651056,34.562960249781575,34.627546387764404,2034800
2020-02-14,34.87666320800781,35.16269002569331,34.5814113083171,35.13501125999739,2349600
2020-02-18,34.858211517333984,35.05197344732457,34.5537345182296,34.83975783258819,2065400
2020-02-19,35.0888786315918,35.31954442016588,34.692133193669925,34.99661372403441,1839300
2020-02-20,34.16621398925781,34.96893343270491,33.520352625124005,34.78440010594648,5305700
2020-02-21,33.206642150878906,34.69212659000137,32.98520148733969,33.87095710213667,5024200
2020-02-24,32.00718307495117,32.892942364735575,31.813424660181063,32.892942364735575,5577600
2020-02-25,30.641639709472656,32.29320744946876,30.47094929412085,32.11790273325654,5241300
2020-02-26,30.254125595092773,31.158335061580203,29.894287529005805,30.964576644407313,5632300
2020-02-27,28.916263580322266,30.346390774640106,28.90703673753979,29.73743322971919,7439900
2020-02-28,28.36266326904297,29.22996706926115,27.82751874547009,27.910558564631415,7567100
2020-03-02,29.626712799072266,29.65439156586322,28.00282552668854,28.3534367314822,7503700
2020-03-03,28.79961585998535,30.323701297617774,28.49294044511761,29.199223594745014,4869200
2020-03-04,28.74385643005371,29.33862042584644,28.269903206205182,29.10629051842284,4338400
2020-03-05,27.359174728393555,28.24202745293122,27.11755137369384,28.028284329651907,5392200
2020-03-06,26.801576614379883,27.03390650751942,26.169639021434516,26.253277924767662,8403600
2020-03-09,25.537710189819336,26.011663547129544,23.270170931069398,25.02658495857303,6988900
2020-03-10,27.05249786376953,27.191895468536792,25.09163266942838,26.271869150028824,4608400
2020-03-11,25.81650161743164,26.634302164434175,25.574878285410367,26.216107595063388,5364500
2020-03-12,24.36676025390625,25.184562527418286,23.112180161476818,24.868593708907255,7766100
2020-03-13,24.301708221435547,26.615713911373522,22.861263489046284,25.612048771490343,6759900
2020-03-16,22.312969207763672,23.205115388818385,21.488661558846474,22.12710453377549,9605600
2020-03-17,23.363094329833984,23.771995452822804,21.300005442432347,22.647519580274153,7751200
2020-03-18,20.761003494262695,22.954198685995724,20.296343616186157,22.043463977837764,7119000
2020-03-19,21.207073211669922,22.210738319335412,19.3112621294291,20.714534952907638,6085400
2020-03-20,19.506420135498047,21.931945100461483,19.37631594574225,21.532337349026793,8498700
2020-03-23,18.772258758544922,19.831682655514598,18.409822868105294,19.636524595656848,8091700
2020-03-24,20.714534759521484,20.77029343927777,19.09751709376095,19.627230755323314,6343500
2020-03-25,22.433778762817383,23.623308710890754,20.426448194062623,20.779590700577643,7525500
2020-03-26,23.20511245727539,23.744117816703334,22.443070580760367,22.489537629655597,5185800
2020-03-27,20.918987274169922,22.545296796940452,20.751709439650508,22.452364469703365,6134500
2020-03-30,22.591760635375977,22.7404516404702,20.445032698358574,20.723827889776096,5909900
2020-03-31,21.959823608398438,23.065714541530294,21.79254755226377,22.944903761121374,5594100
2020-04-01,20.761003494262695,21.169904683280343,20.39856935657476,21.06767894289174,4556100
2020-04-02,21.067678451538086,21.8390137602541,20.44967997729199,20.900400615726006,4944600
2020-04-03,20.723827362060547,21.123435092776813,20.268460948987947,20.91898540911255,4296100
2020-04-06,23.28875160217285,23.473687445285364,21.671735507959433,21.764667834128712,4453800
2020-04-07,23.6883602142334,25.193858989113842,23.595427884728252,24.357469796104287,4559900
2020-04-08,24.44110870361328,24.69202546139509,23.706947023204023,24.106554799107624,4832200
2020-04-09,24.153017044067383,25.16597558563488,23.790582954482577,24.664143905635648,5180200
2020-04-13,24.153017044067383,24.264536179920842,23.177232138629886,24.00432604462046,3468400
2020-04-14,24.636266708374023,24.775664315931948,24.078674505605573,24.47828228046524,2735400
2020-04-15,23.88351821899414,24.04150264696551,23.195820046033987,23.948570317711162,2454600
2020-04-16,23.734827041625977,24.112129211647993,23.093595923872552,23.82775759771878,2594500
2020-04-17,24.9754695892334,25.049815102225455,24.13443453332455,24.34353184253248,4006900
2020-04-20,24.21807289123535,24.887184265069223,24.14372737998012,24.320298633912593,2551500
2020-04-21,23.734827041625977,24.069380943140896,23.37239113722444,23.586134252296667,3155400
2020-04-22,23.01925277709961,24.524749919712647,22.963492310679186,24.208781033477926,3965300
2020-04-23,23.102890014648438,23.637247818072304,22.2293289358526,23.12147506289251,4201900
2020-04-24,23.079652786254883,23.2422847894381,22.63822736806069,23.140059060153593,4955100
2020-04-27,24.524749755859375,24.79425335748007,23.242289169885574,23.428152072434447,3912900
2020-04-28,25.221736907958984,26.076711130561154,24.82212914040604,25.082339302949908,5663000
2020-04-29,26.364803314208984,26.597133262519634,25.97913474919562,26.039541032066705,5137900
2020-04-30,24.04150390625,25.909435136673896,23.604722467637135,25.612053085512617,6059700
2020-05-01,23.63260269165039,23.995036844813644,23.209762255447647,23.63260269165039,2782600
2020-05-04,23.228347778320312,23.623307960456714,22.82037540395395,23.530375631560872,4232500
2020-05-05,22.3966064453125,23.567549549071455,22.20144837508429,23.270167511139675,4870400
2020-05-06,23.05642318725586,23.237640260292267,21.904066875670793,22.58246988794851,5374500
2020-05-07,23.465320587158203,25.1659754340587,23.428146951252106,24.58979648526984,8125000
2020-05-08,24.162309646606445,24.441104818129624,23.818460614027153,24.134429420439538,6613700
2020-05-11,23.855634689331055,24.218068773509618,23.270164109309032,23.734823918783704,4509100
2020-05-12,23.56290054321289,24.236657679508852,23.39562271378364,23.985740935364976,3936100
2020-05-13,22.78692054748535,23.437443304740366,22.057404690274012,23.437443304740366,4540500
2020-05-14,23.948566436767578,24.004325116269612,22.08992724302611,22.41518945643816,4823700
2020-05-15,24.21807289123535,24.338885454860602,23.451385138766444,23.71624113339675,3136000
2020-05-18,25.528409957885742,25.681748549815037,24.74313549757811,25.08233695460578,4533300
2020-05-19,25.6213436126709,26.14176214363358,25.091631672088234,25.54699810824766,4340300
2020-05-20,25.844379425048828,26.42055839810562,25.6771016014989,25.90943151808789,3226800
2020-05-21,25.667810440063477,26.08135741564536,25.612049982823024,25.658517030523402,2945500
2020-05-22,25.835086822509766,25.988425423064825,25.528411393936302,25.584171851885404,2656900
2020-05-26,26.978153228759766,27.182602937527072,26.467026298036338,26.708649647963213,4499700
2020-05-27,27.55432891845703,28.028282181050532,26.987445103326376,27.58220914774018,5280600
2020-05-28,26.885221481323242,27.82383467051209,26.82016938042031,27.5171592144434,3400400
2020-05-29,27.10825538635254,27.145427252176102,26.35550693492487,26.73652786543373,4180800
2020-06-01,27.452104568481445,27.651906671644067,27.01532317856368,27.071081863805883,2467000
2020-06-02,27.22906494140625,27.65376470063511,27.015321848057454,27.535740353939563,3560200
2020-06-03,28.595165252685547,28.98083197488336,27.368463632748803,27.703017492026497,5762700
2020-06-04,28.37213134765625,28.855376249102317,27.953936769683363,28.409303214289018,3668300
2020-06-05,28.66951560974121,30.063493509257906,28.376779382299667,29.663887492200157,5592600
2020-06-08,30.184303283691406,30.46774607441782,28.83679078877142,28.83679078877142,5503500
2020-06-09,28.632339477539062,29.84974778894521,28.576580791816514,29.478020263233788,4999100
2020-06-10,28.00969696044922,28.6416346799811,27.44281311295826,28.530117301555926,4328100
2020-06-11,26.076711654663086,27.36846731080251,25.937314046852332,27.28482839160871,5890600
2020-06-12,26.290454864501953,26.97815122196816,25.704982467547,26.857338669723077,4221100
2020-06-15,27.219772338867188,27.64261269224236,25.193855297188684,25.426185200637384,4892900
2020-06-16,26.309040069580078,28.316370469010742,25.99307123147186,28.01898845021163,4684400
2020-06-17,26.08600425720215,26.504198840223367,25.844380917293964,26.281162320124285,5167600
2020-06-18,26.950267791748047,26.987441425726566,25.760738092481915,26.04882843820614,5025900
2020-06-19,26.318336486816406,28.018991652139253,26.21611074147091,28.018991652139253,7580100
2020-06-22,26.123180389404297,26.216110952243508,25.6306402526869,26.058128286402106,5569000
2020-06-23,26.262577056884766,26.81552168495295,26.188231545778653,26.457733358837018,5512500
2020-06-24,25.444772720336914,26.094368413058973,24.99869968774274,25.97448644064625,5106400
2020-06-25,25.02657699584961,25.189207216082803,24.552623789337424,25.082335675281495,5782100
2020-06-26,23.88351821899414,24.85000983464385,23.669773329948107,24.794251146105935,7361000
2020-06-29,24.99869728088379,25.026577507437885,23.911393260785022,24.041499212167636,4638000
2020-06-30,24.924354553222656,25.091632386068987,24.603739888624986,24.9057677334538,3837900
2020-07-01,25.02657699584961,25.416891296945735,24.60838246876931,25.017283587188217,3724500
2020-07-02,24.68273162841797,25.77003578764519,24.59909271058997,25.677103459776674,3614200
2020-07-06,24.626972198486328,25.361135616730504,24.273831490273228,25.10092546104839,5096700
2020-07-07,23.874223709106445,24.515453029097614,23.818463250600256,24.385348837656508,3815000
2020-07-08,23.51178741455078,23.855636479277937,23.22834639843462,23.771997565493944,4276500
2020-07-09,22.64752197265625,23.623306953111303,22.238620806472955,23.493202761727073,5923700
2020-07-10,23.53037452697754,23.590780803804705,22.498829092477198,22.703280560957865,3359700
2020-07-13,23.195819854736328,23.730179414139386,22.619642608677275,23.335219233736595,5806900
2020-07-14,23.260875701904297,23.627955683190063,22.74974873805915,23.028545747212018,3664900
2020-07-15,24.21807289123535,24.329592044386597,23.539669879464277,23.539669879464277,5356100
2020-07-16,24.320295333862305,24.506159973048586,23.948567828026313,24.041500147619452,2200500
2020-07-17,23.493202209472656,24.496867395575475,23.242285469812796,24.329589569135567,5080000
2020-07-20,23.00995635986328,23.59542700049278,22.577822550514753,23.36309707170483,3842300
2020-07-21,23.604719161987305,23.85563589721709,23.05642041724218,23.158646147714297,4913000
2020-07-22,24.078676223754883,24.115849867109144,23.437445056188867,23.669775009542377,2859700
2020-07-23,24.385351181030273,24.654854772098837,24.111201770908078,24.227366745154146,4029800
2020-07-24,24.775663375854492,25.44477293026617,24.459694532025917,24.552626857717268,4132900
2020-07-27,23.902101516723633,24.868594834144254,23.614012912411823,24.701317008241713,4550900
2020-07-28,23.92068862915039,24.334235607961986,23.653973268130795,23.734825754507224,2593900
2020-07-29,24.032207489013672,24.208776951965277,23.614012924051195,24.041500898516908,2170100
2020-07-30,23.99503517150879,24.162313006699506,23.474616618444003,23.697653141186056,3669700
2020-07-31,23.948566436767578,24.013618524942697,23.390974324137847,24.013618524942697,3924900
2020-08-03,24.496868133544922,24.552626819859082,23.63260051926038,23.948569362601752,3825000
2020-08-04,24.784955978393555,25.27749604773924,24.32958954712828,24.450400325816364,5462500
2020-08-05,22.97743034362793,23.89280905900202,22.50812289420229,23.567548576275367,7628100
2020-08-06,23.223703384399414,23.530378871202785,22.898441074750504,23.140064454131494,5962300
2020-08-07,22.92631721496582,23.325924972100168,22.554589687121076,23.112181865156526,7072300
2020-08-10,22.67540168762207,23.10288969702068,22.4663043880541,22.870559758064434,9867100
2020-08-11,22.917024612426758,23.693007515888834,22.85197251432963,23.028543760976643,7979000
2020-08-12,23.158645629882812,23.363095313718926,22.86126362701699,23.18652585735269,4732500
2020-08-13,23.7627010345459,23.79987466802767,22.982072456792753,23.08429817633122,6538900
2020-08-14,23.92068862915039,24.204131418458104,23.42814855489955,23.781291030033856,3036100
2020-08-17,23.753406524658203,24.09725552827365,23.3956182954017,24.060081896515733,3101200
2020-08-18,23.823110580444336,23.976447408312836,23.651186933277636,23.76270430399352,2673600
2020-08-19,24.022916793823242,24.301712020274465,23.781293437048337,23.79058684760162,3437600
2020-08-20,24.06008529663086,24.180897844380716,23.70694460770724,23.892807475153568,4719000
2020-08-21,24.162309646606445,24.208774917681485,23.76270193422981,23.99503183467795,3016600
2020-08-24,25.07304573059082,25.221736744642588,24.162312826389563,24.236658333415445,3620800
2020-08-25,24.99869728088379,25.305372682832854,24.543330882385877,25.045164325140615,4075300
2020-08-26,25.231029510498047,25.365781292460284,24.738491203726195,24.89647562369031,4463600
2020-08-27,25.6213436126709,25.849027717018934,25.36113523345788,25.463359194204433,3601200
2020-08-28,25.849027633666992,25.8629668617837,25.472652521686122,25.649223758823194,3859700
2020-08-31,25.890850067138672,26.40197524559557,25.69569198838489,26.020954271283298,5925300
2020-09-01,25.712804794311523,25.843991999387743,25.113088026909608,25.113088026909608,4016500
2020-09-02,26.125106811523438,26.331260167425356,25.740914195713646,25.750284965281146,3517400
2020-09-03,25.62847137451172,26.818532432041547,25.49728237332564,26.30315077248627,6258200
2020-09-04,25.91895866394043,26.20944540970793,25.50665368500826,26.125110259760625,4928700
2020-09-08,25.947071075439453,26.509304814804587,25.722177937151756,25.797142316580988,4941600
2020-09-09,26.42496681213379,26.640489156317138,25.656579771811757,26.00329110630411,4781100
2020-09-10,26.41560173034668,26.935667950424687,26.246931411695222,26.490566117826,4424500
2020-09-11,26.368743896484375,26.837271694430672,25.900216098538074,26.537414189711715,4736200
2020-09-14,26.85601234436035,27.451042842487244,26.443707395403994,26.50930278626541,5798200
2020-09-15,26.80916404724121,27.169930704847783,26.579584615203608,26.921609729931212,3350900
2020-09-16,27.493213653564453,28.03670587369299,26.940350662208818,27.043427358415013,5352200
2020-09-17,26.82790184020996,27.408877115912905,26.593637933236348,26.89349723548766,4241300
2020-09-18,26.200071334838867,26.856010910088724,25.853361795260287,26.846640140466118,6768000
2020-09-21,25.094348907470703,25.928327796142323,24.775749869424804,25.797140587755777,4797600
2020-09-22,25.084978103637695,25.412947911456158,24.883511012575994,25.15994247794263,4321000
2020-09-23,24.279109954833984,25.27238837001124,24.232257890712027,24.916308035726,3726100
2020-09-24,24.55085563659668,24.766377979859918,23.960509650955434,24.33533150604185,2443200
2020-09-25,25.019384384155273,25.155256083193375,24.28848039758398,24.344703231230493,3348500
2020-09-28,26.087631225585938,26.10637276881948,25.366097896721936,25.384839439955478,3112800
2020-09-29,26.022035598754883,26.209445654718333,25.412949789113018,25.96581097340323,3335300
2020-09-30,26.078256607055664,26.724825454899335,25.769028338485505,26.22818535622352,4539300
2020-10-01,26.25629997253418,26.443710031804937,25.77371509318766,26.200075346190307,3437700
2020-10-02,26.31252098083496,26.574897190308818,25.220852144344864,25.93769910108067,4330600
2020-10-05,26.902864456176758,26.96845984715641,26.25629740214507,26.453078213209064,2589600
2020-10-06,26.162593841552734,27.230836711520126,26.059517148032437,26.968462273165645,3580600
2020-10-07,27.146499633789062,27.418246611136503,26.331262276330115,26.4249681922186,4490300
2020-10-08,27.699363708496094,27.708734479198757,27.09496419015431,27.40887696588059,2509300
2020-10-09,27.352649688720703,28.111664119505747,27.21209172558147,27.896141790206155,3239500
2020-10-12,27.118389129638672,27.661881297432913,27.010627951841467,27.586916922126527,3221200
2020-10-13,25.516021728515625,27.094961588091593,25.450428127188026,27.07153376993894,7186800
2020-10-14,25.234909057617188,25.722178426829323,25.20679674456163,25.544137352061078,3279600
2020-10-15,25.234909057617188,25.28176112541797,24.710158391622794,25.103721837941546,6332700
2020-10-16,25.169315338134766,25.51602492785055,24.87882679970155,25.403579250701796,3428300
2020-10-19,24.382184982299805,25.403575638855433,24.335331134072927,25.38483409956468,3741400
2020-10-20,24.410297393798828,24.73826720761227,24.241628888998374,24.73826720761227,3402700
2020-10-21,24.897565841674805,25.01938406486122,24.15729288168607,24.26973854754408,2572500
2020-10-22,25.731548309326172,25.8627373208759,25.03812731536174,25.15057478421981,3572100
2020-10-23,25.37546730041504,25.923645793047765,25.03812668956413,25.881478216691402,3463800
2020-10-26,24.747642517089844,25.15057678048298,24.447784959390404,25.131835236303758,4847100
2020-10-27,24.53679847717285,24.700784266793647,24.40561127530948,24.691413497047467,3079300
2020-10-28,23.716876983642578,24.391558166566604,23.623171065204048,24.15729426411615,3730100
2020-10-29,23.960512161254883,24.18540529786838,23.365481622024856,23.365481622024856,2419900
2020-10-30,24.85071563720703,24.85071563720703,23.904289240215444,23.951141306611436,5642200
2020-11-02,25.675323486328125,25.73154632277064,24.635192969328738,24.981902545897952,7284200
2020-11-03,25.33798599243164,27.43699046365746,24.70078785544862,26.996573158058812,8345200
2020-11-04,24.016735076904297,25.394208000680113,23.407649273178368,25.234908471647934,15753100
2020-11-05,24.935049057006836,24.986587398842687,23.838693978843395,24.429038196027566,6588700
2020-11-06,24.31659507751465,24.939736161653823,24.03079281541723,24.766381365098212,7824100
2020-11-09,24.59771156311035,25.872107857932516,24.33533532967877,25.27239100827345,8566600
2020-11-10,25.159944534301758,25.42700525129608,24.250999410861883,24.372817646121078,4604600
2020-11-11,25.731548309326172,25.8627373208759,24.902255599076923,25.253651481732053,6876700
2020-11-12,24.026103973388672,25.511337964571876,23.73561725038845,25.412947559775425,14392500
2020-11-13,24.958477020263672,25.075608974486446,23.995183943122253,24.31659441156457,6481200
2020-11-16,25.46917152404785,25.890845472170852,25.019385264466628,25.14120170620215,8104900
2020-11-17,26.387487411499023,26.439025759095568,24.986590191716576,25.366096592578682,5242800
2020-11-18,25.91895866394043,26.415598792819903,25.900217122331746,26.331263642872603,4151400
2020-11-19,25.96581268310547,26.214133659862977,25.656584372477628,25.87210854259975,4010200
2020-11-20,26.078256607055664,26.179458423379383,25.806511419423305,25.984550692002838,2846600
2020-11-23,26.73419761657715,26.949719981311844,26.003293585873507,26.23755749205255,3551300
2020-11-24,27.62439727783203,27.87740270613179,26.809159947477205,27.034053065757558,4009900
2020-11-25,27.45572853088379,27.59628830156598,27.052796121775593,27.59628830156598,2204100
2020-11-27,27.324539184570312,27.568173837493998,27.240204043662438,27.240204043662438,1551700
2020-11-30,27.024682998657227,27.37139256145625,26.9028647726963,27.2308345822866,4109500
2020-12-01,28.24285888671875,28.655163904805054,27.146503620581317,27.287063408702796,8829700
2020-12-02,28.673900604248047,28.725438946213842,27.89614455793463,28.3178184891889,10815600
2020-12-03,28.411527633666992,29.058096546527814,28.331878759602407,28.748868246862525,4730800
2020-12-04,27.961740493774414,28.59893861615323,27.868034572137798,28.552084761689024,5831400
2020-12-07,27.811813354492188,28.13978320568318,27.644079584133596,27.755590513151187,5121500
2020-12-08,27.413564682006836,27.91489114346131,27.273006679517792,27.71810851014307,4432800
2020-12-09,27.399505615234375,27.8118105809658,27.221464550235755,27.483840762481524,7025400
2020-12-10,27.277690887451172,27.390136565985884,27.06216672689127,27.249578574171572,3678500
2020-12-11,27.474472045898438,27.521325901922705,26.715457451223827,27.090279362958704,3492100
2020-12-14,26.968460083007812,27.89614488747607,26.949718542564007,27.868032576810364,4596300
2020-12-15,26.781047821044922,27.11838839442377,26.223500406525222,27.062163773999536,4705500
2020-12-16,26.65923309326172,27.062165508375603,26.56552717384082,26.837272374140497,3169500
2020-12-17,26.743568420410156,26.893497177567028,26.096999538113803,26.771678945319714,3799700
2020-12-18,26.387487411499023,27.005944008073858,26.162594266134708,26.74356956546141,6017900
2020-12-21,25.975181579589844,26.17196419248926,25.595675190977474,26.031406204584982,2718900
2020-12-22,25.553504943847656,25.975178863467708,25.412946970640974,25.77839805843667,3069200
2020-12-23,26.340633392333984,26.443708292601524,25.5722480890894,25.628470924443665,3292700
2020-12-24,26.528045654296875,26.734199046628607,26.284410964363286,26.284410964363286,1363500
2020-12-28,27.305801391601562,27.469787204663643,26.51867449332071,26.668603256108316,3661300
2020-12-29,27.1933536529541,27.451043582766648,27.024683360773757,27.352653174758682,1569900
2020-12-30,27.25894546508789,27.68999015026693,27.21209340358289,27.305797526592887,1951600
2020-12-31,27.28706169128418,27.526010098926022,27.16524345421827,27.296430675096783,2676300
2021-01-04,26.996570587158203,27.83992024632048,26.668600778791852,27.399504769954717,4234200
2021-01-05,27.591602325439453,27.7415310810068,26.949719728961014,27.01531333611026,3063100
2021-01-06,29.995147705078125,30.154449013322342,27.98048034194081,28.205373467881138,7887600
2021-01-07,28.992502212524414,29.97640992675077,28.97376067063832,29.97640992675077,5905200
2021-01-08,28.196002960205078,29.086206489224807,27.858662374506366,28.889423885136654,5907900
2021-01-11,28.420896530151367,28.6645312028007,27.914887431027168,28.083555939207415,5215900
2021-01-12,27.896142959594727,28.645786652622878,27.830549359866204,28.505228683591543,4787200
2021-01-13,28.074186325073242,28.13978172168568,27.48384205389575,27.727476736580815,6524000
2021-01-14,29.30173110961914,29.479770399338477,27.797757194390293,28.280340290526762,10724900
2021-01-15,29.50788116455078,29.742145068798365,28.795718681163113,29.170540570500897,9718500
2021-01-19,28.12103843688965,29.667179801090228,27.971109685651513,29.667179801090228,5599900
2021-01-20,29.067466735839844,29.301730648693567,28.139781855414125,28.139781855414125,8677200
2021-01-21,29.086206436157227,29.348580858073785,28.702011999094818,28.795717915761465,4676500
2021-01-22,28.2615966796875,28.91753631290225,27.961739174432203,28.908165542451556,6472900
2021-01-25,30.070117950439453,30.191936193920917,28.2006910180081,28.29908322614065,9136900
2021-01-26,32.731353759765625,32.96561766954088,30.163819735812027,30.163819735812027,15512300
2021-01-27,32.21597671508789,38.16627911844799,31.981712784647193,33.11554935008002,23919900
2021-01-28,29.892072677612305,32.9281325456962,29.817108302621033,32.21597187692499,8424100
2021-01-29,29.21739387512207,30.632346257392747,29.011240499388336,29.788998362686748,5336800
2021-02-01,29.87333106994629,30.04200314741241,28.983129342335822,29.282986841627416,3775700
2021-02-02,28.589569091796875,30.042006472262752,28.388101977046098,29.938929775239043,4280100
2021-02-03,28.374040603637695,28.809771545217412,28.313131496940667,28.664527302260343,3568200
2021-02-04,28.505229949951172,28.97375772573124,28.139778856776037,28.411524037336832,4102400
2021-02-05,29.44228744506836,29.7234034141769,28.196003550714803,28.477119519823344,4650800
2021-02-08,30.632347106933594,30.707313272764363,29.451658591767252,29.667180956655415,7330600
2021-02-09,28.79572105407715,30.82913376929317,28.608310987610587,30.687637444374232,6589200
2021-02-10,29.779626846313477,29.976407659357672,28.561453525236303,28.964387708850612,7360200
2021-02-11,29.985780715942383,30.191934102231244,29.386065673556914,29.592217272553967,4041000
2021-02-12,30.53864288330078,30.758851526543584,29.892074003269673,29.929557086073455,3323400
2021-02-16,29.732776641845703,30.66983233269965,29.582847874292423,30.49179303828756,5015100
2021-02-17,29.751514434814453,30.088855012937806,29.518187082459686,29.84522034954779,2763900
2021-02-18,30.149765014648438,30.369973665725496,29.676552694811917,29.798369143674485,4618300
2021-02-19,31.653732299804688,31.850516663117975,30.15444499340712,30.30437372404688,4866200
2021-02-22,32.5064582824707,33.10617688397832,31.578775217254844,31.634996266914275,6842500
2021-02-23,31.972335815429688,33.15302786375426,31.531922117668472,32.600164921192246,4107100
2021-02-24,31.89737319946289,32.075412475036394,31.307963716658474,31.70996136620565,3447200
2021-02-25,30.96031379699707,32.487711649772166,30.791643525284748,32.14100212440037,3654900
2021-02-26,31.213319778442383,31.71932702829966,30.73541947494331,31.063391042450778,5149000
2021-03-01,32.60017013549805,32.79695098349889,31.424164177920503,31.916119872506577,5913900
2021-03-02,35.56126403808594,36.367132500873765,32.34716274557193,32.468980985770585,12604000
2021-03-03,36.85439682006836,37.99760217036387,35.1489524155156,35.75803995818325,13437000
2021-03-04,36.62950134277344,37.79145178966884,35.57062757760866,37.16362271666558,6178600
2021-03-05,38.69102478027344,38.83158096897845,36.64824338142777,37.126140142358054,6794700
2021-03-08,39.66556167602539,39.941991337222106,37.61340780991058,38.30683046400679,5776600
2021-03-09,37.98849105834961,39.83044468285848,37.72468324078572,39.71267282228718,5377700
2021-03-10,39.06257247924805,39.194476396902516,37.630466127076886,38.252301448956665,2707800
2021-03-11,39.42531204223633,39.938795666236935,38.49726913885387,38.81760876650702,2913500
2021-03-12,40.306236267089844,40.522936036964225,39.3169534588419,39.326377219421246,3818800
2021-03-15,40.230865478515625,41.191884224911774,39.84457394660154,40.51351720531174,3770900
2021-03-16,41.625282287597656,42.209429647929134,40.54177984723508,40.6171555552064,5094500
2021-03-17,40.438148498535156,41.54991526472157,39.08141781846077,41.04114350601388,4359000
2021-03-18,40.40046691894531,41.13536230361994,40.01417529442242,40.033019226608,3689600
2021-03-19,40.44285583496094,40.80559517493692,40.1083841852621,40.513519669485916,6423400
2021-03-22,41.12593460083008,41.18246279291898,39.98590027417435,40.391035756667094,3800900
2021-03-23,39.392337799072266,40.92808045176729,39.23216618112923,40.83386438999777,3568400
2021-03-24,37.80005645751953,39.66556235171124,37.762372192570254,39.38291059697529,4052000
2021-03-25,37.96965026855469,38.600909362345234,37.295995026627054,37.86601044762547,4816800
2021-03-26,35.61421203613281,38.10155330427809,33.287042376829106,37.67757745629455,12757700
2021-03-29,35.077171325683594,35.99108213479133,34.64377173142897,35.56710270818918,4725800
2021-03-30,34.964107513427734,35.727266803605325,34.38938030855565,35.24675923549764,3789300
2021-03-31,34.021934509277344,35.24676109908099,33.92771486753132,35.020637553002366,6338300
2021-04-01,34.21037673950195,34.60608852815777,33.692177596101445,34.34228066905389,3410600
2021-04-05,34.295166015625,34.57781775211566,33.362411331682814,34.50715391946504,4097400
2021-04-06,34.9075813293457,35.350404707872926,34.02193816640348,34.106734056033964,3798900
2021-04-07,35.15254592895508,35.802645299727736,34.6908786581546,35.20907412130196,3164900
2021-04-08,34.8604736328125,35.171393095792546,34.29517009262801,35.058329512465846,3289900
2021-04-09,35.29386520385742,35.41634892747071,34.51186203181436,34.869885848358685,2357200
2021-04-12,35.25618362426758,36.113566247998165,35.10543578150318,35.57652323940593,2782400
2021-04-13,35.30329513549805,35.88744257512844,35.18740658611029,35.36924709187025,2546100
2021-04-14,35.077171325683594,35.76025028912928,34.926423484459725,35.03006329919714,3000000
2021-04-15,35.694297790527344,36.28315715722816,35.439913706931456,35.623637541813125,3808400
2021-04-16,35.750831604003906,36.330270834992895,35.58595169083226,35.92513528027825,3322700
2021-04-19,35.50115203857422,36.10414342531746,35.35040419188841,35.60479185706674,3580200
2021-04-20,35.61421203613281,36.05703540833413,35.24958935651929,35.576524175921605,4073600
2021-04-21,36.37737274169922,36.556384675264184,35.26560609424701,35.41635393148908,4948200
2021-04-22,35.915706634521484,36.62233781843163,35.71785076561354,36.301998204627886,3604700
2021-04-23,36.18893814086914,36.462169727292114,35.93455048393521,36.23604616753571,1831200
2021-04-26,35.99108123779297,36.330264770621284,35.529413963862886,36.3019970801443,2495000
2021-04-27,36.06645584106445,36.34911120061111,35.68016425634451,35.85917979660569,4268000
2021-04-28,35.63304901123047,36.066448536730164,35.40692908232257,35.73668880952637,2630800
2021-04-29,35.5859489440918,36.04761266533839,35.33627315283015,35.83091285416579,2539000
2021-04-30,35.25618362426758,35.642478790095424,35.06775151639614,35.604790930876305,3920900
2021-05-03,34.49302673339844,35.67074546319701,34.48360297085714,35.67074546319701,4174800
2021-05-04,34.615509033203125,34.98295668640319,34.144421561077465,34.775677048552005,4091400
2021-05-05,34.23863220214844,34.860467423230794,34.130280519288746,34.82277956883511,2994400
2021-05-06,35.39751052856445,36.18893758437361,34.45062375244536,34.464759394928805,3942700
2021-05-07,36.104148864746094,36.21720886826596,35.19023788483601,35.32214541540735,2264300
2021-05-10,36.58465576171875,37.17822340427013,35.90628863410315,36.10414451495361,3063900
2021-05-11,36.278446197509766,36.78250963450803,35.81677890661681,36.35853020289452,2442400
2021-05-12,35.74140548706055,36.509276722966504,35.699005748379534,36.08529730671612,2517300
2021-05-13,36.49985885620117,36.895570606902716,35.661320138268145,35.73669585884682,2193500
2021-05-14,35.10544204711914,36.42448860231496,34.992382043394926,36.1795246618937,4678000
2021-05-17,34.643768310546875,36.00992250842599,34.59666028871209,35.56709919613323,4072300
2021-05-18,35.19023132324219,35.53883862643868,34.76625549056933,34.898159402433066,3562000
2021-05-19,35.19023132324219,35.43519881165659,34.67203584344377,34.785095825882394,3162900
2021-05-20,35.09601593017578,35.58594732210524,35.020640211057966,35.13370378973469,2760600
2021-05-21,35.40693664550781,35.66320763026351,35.01122129422404,35.12428128282845,3404800
2021-05-24,35.275028228759766,35.708431429847344,35.171392005092535,35.35982411656906,1937400
2021-05-25,35.001792907714844,35.73668805226016,34.8133572415436,35.52940846006065,2785500
2021-05-26,35.340972900390625,35.859171882451,34.92641730885372,35.020633345167575,2043900
2021-05-27,35.75554275512695,36.16067830156533,35.48231113653131,35.53884293165497,4180400
2021-05-28,35.19023132324219,35.84975447667292,34.94526742893982,35.74611466189083,2292900
2021-06-01,35.161964416503906,35.55767971458708,35.01121658726073,35.45403990808645,2133700
2021-06-02,34.653194427490234,35.33156155954952,34.299878811894736,35.227921737250206,4411500
2021-06-03,34.50244140625,34.97352882313424,33.955981871602404,34.737985114692115,2659700
2021-06-04,35.03948211669922,35.11485783146278,34.38938275036708,34.51186648980191,2259400
2021-06-07,35.001792907714844,35.41634849800246,34.80393348147377,35.12427303573147,1497500
2021-06-08,34.474178314208984,35.09130169816373,34.26219040808904,35.00179753034804,2360900
2021-06-09,35.463462829589844,35.868598326045436,34.72856755421087,35.15254698004952,3592100
2021-06-10,35.30329513549805,35.68016294418034,35.152547293202716,35.56710296098686,2338400
2021-06-11,35.7366943359375,35.76495843289395,35.30329474341582,35.406934557738836,2090000
2021-06-14,35.50115203857422,35.906287550438364,35.18081241510285,35.78380380184609,2091900
2021-06-15,35.5294189453125,35.934554489203116,35.19965912777941,35.774386461862036,2640300
2021-06-16,35.491729736328125,35.67074528258298,35.09601797029336,35.472889399565595,1983300
2021-06-17,35.001792907714844,35.79321983034495,34.77566938948707,35.49172060800413,3120900
2021-06-18,35.454044342041016,35.797936185769935,34.86989328582082,35.218500604758994,5734600
2021-06-21,35.3221321105957,35.8309037318521,35.24675640723247,35.57651612416823,2296700
2021-06-22,35.47288513183594,35.5953652766184,34.69087826811831,35.359821560189516,2636800
2021-06-23,35.42577362060547,35.77438090973711,35.28444954678703,35.45404131065867,2254600
2021-06-24,36.085296630859375,36.17009251252127,35.435197267526064,35.548257245037966,2110200
2021-06-25,36.14183044433594,36.61291790352882,35.849754925755995,36.160674373997104,3944000
2021-06-28,36.0947265625,36.565814075794435,35.85918280585278,36.424486384161106,2362900
2021-06-29,34.70030212402344,35.661317326853265,34.69087836263795,35.369245417917256,3086300
2021-06-30,34.98295211791992,35.02063637924346,34.427068829640895,34.8604683848112,2282800
2021-07-01,35.37866973876953,35.68958920697954,34.803942426584236,34.982957972806595,2442500
2021-07-02,35.161964416503906,35.449328027578666,34.926420708679466,35.388087957424545,2014200
2021-07-06,34.60608673095703,35.143126184306965,33.68275567793237,35.143126184306965,2666100
2021-07-07,34.295166015625,34.87931341692061,33.95598249419148,34.46475777634176,2600000
2021-07-08,33.63563919067383,34.25747438000243,33.27761178042057,34.20094260129567,2429700
2021-07-09,34.34227752685547,34.436493583882836,33.62622255464358,33.68275434532732,1730400
2021-07-12,34.67203903198242,34.70030672577569,33.720443870231186,34.21979546652628,1860300
2021-07-13,33.87118911743164,34.822784205913706,33.82878937706255,34.822784205913706,2341100
2021-07-14,34.257484436035156,34.42707622782642,33.89945692068555,34.04078461188243,1936700
2021-07-15,33.767555236816406,34.37997048055758,33.69689138652124,34.14442670898217,1886100
2021-07-16,33.239933013916016,33.9230120487543,33.183404813869,33.682756416217224,2976800
2021-07-19,32.712310791015625,33.14571034417807,32.514451347953035,32.95727466198649,3999300
2021-07-20,32.94785690307617,33.07504893123653,32.467345698666016,32.88190494860606,2713600
2021-07-21,34.097312927246094,34.266904719605236,33.013813802854365,33.0232339717132,4462900
2021-07-22,33.918296813964844,34.191528400886455,33.32472561336908,34.10673251508706,2553000
2021-07-23,34.097312927246094,34.149132841250974,33.65920139600373,34.04078472586805,1681800
2021-07-26,34.445919036865234,34.709726884780885,34.02193957120624,34.02193957120624,2235600
2021-07-27,34.106727600097656,34.41764340714918,33.908871759781995,34.18209971321772,1540100
2021-07-28,34.219791412353516,34.54013101586359,33.49431632222446,34.17268338709567,1843800
2021-07-29,34.20094680786133,34.7945179778989,34.09259871131966,34.26689876074196,2860500
2021-07-30,33.597957611083984,34.28574487359422,33.484897626673124,33.918297228674845,2496100
2021-08-02,33.5791130065918,33.871188520739004,33.44720909507759,33.70159675047444,2300800
2021-08-03,33.004390716552734,33.71573388274824,32.1846994327529,33.68275789989746,2652500
2021-08-04,32.891326904296875,33.258774554639785,32.57569916301382,32.78768708617715,2954600
2021-08-05,35.05833053588867,35.227922321717195,33.46605609573462,33.91829965990656,4856900
2021-08-06,34.37054443359375,35.36925125260529,34.257484437100224,35.133707496678156,3837700
2021-08-09,34.3988037109375,34.47417942743932,33.95598395588125,34.219791775413654,2084700
2021-08-10,34.84162521362305,34.87460118931699,34.05019820285669,34.40822564904218,2042200
2021-08-11,35.30329513549805,35.34097940048783,34.63434821583246,35.11014755318512,1817700
2021-08-12,34.888736724853516,35.44462008077657,34.58724103290665,35.44462008077657,1552700
2021-08-13,34.8604736328125,35.26560915445255,34.832209534036956,35.26560915445255,1651900
2021-08-16,35.03948211669922,35.18080978482494,34.398802917656575,34.69087842119751,1734400
2021-08-17,34.84162521362305,35.03948106778669,34.42706957716897,34.709721310847286,1416000
2021-08-18,34.445919036865234,35.46346616033445,34.40823117455946,34.87931867104449,2351400
2021-08-19,34.087890625,34.53071401001397,33.87119081368379,34.266902575014534,1675800
2021-08-20,34.634342193603516,34.77566984360532,33.86175918691289,34.02193076318904,1255400
2021-08-23,34.992374420166016,35.034774158646094,34.62492679252772,34.709722675375936,1811500
2021-08-24,34.926422119140625,35.279737695145506,34.780386164507746,35.124277979116506,1520100
2021-08-25,34.89815902709961,35.30329452010212,34.56839565687486,35.09601489276726,2319000
2021-08-26,34.55897521972656,35.03006266427669,34.48359950342479,34.898158754860575,3067500
2021-08-27,35.048919677734375,35.20437945505868,34.48361237676781,34.53072401410001,1749800
2021-08-30,34.926422119140625,35.09601388315192,34.62492644847874,35.048905858506984,1248800
2021-08-31,35.50489807128906,35.651889297314945,34.81262883277743,34.94539230077511,2872200
2021-09-01,35.08763885498047,35.64714459223418,35.002290399550816,35.59024441610342,2043900
2021-09-02,35.24884796142578,35.50489330858909,35.02125450896909,35.23936640821205,2296200
2021-09-03,34.98332214355469,35.21091922058673,34.651413507812975,35.154019046945514,1529600
2021-09-07,34.85055923461914,35.25833477493024,34.765210781588145,34.92642613399463,1427700
2021-09-08,34.101383209228516,35.18246099105399,34.05871079982958,34.82210414213361,2303500
2021-09-09,34.480716705322266,34.55184101819871,33.873795988171224,34.44752584165097,2590300
2021-09-10,34.082427978515625,34.62296705166364,33.92595880710264,34.54710375908968,2617200
2021-09-13,34.46174621582031,34.646667238576995,34.063452277745,34.36691622070032,3090700
2021-09-14,33.47549819946289,34.8790031026393,33.36170148232221,34.78417310794414,2791000
2021-09-15,34.670379638671875,34.84107653913973,33.304804434929075,33.513434783841504,3039100
2021-09-16,35.40058517456055,35.55231536337391,34.490200424147325,34.604000778907135,2690900
2021-09-17,35.76094055175781,36.13078264475808,35.29626845146159,35.29626845146159,5179200
2021-09-20,35.21091842651367,35.466963775825604,34.69882772788981,35.362648601935625,2334100
2021-09-21,35.21091842651367,35.907930163385146,35.01176963202701,35.438511880880235,2017500
2021-09-22,36.23509979248047,36.633393803340915,35.448000560057466,35.46696728605397,3174900
2021-09-23,36.434242248535156,36.965299683891544,36.03595188516748,36.03595188516748,1965100
2021-09-24,37.230831146240234,37.75240709186835,36.292001679176146,36.51011361210551,3057900
2021-09-27,38.04637908935547,38.29294290048272,36.993749350193426,37.126516427164304,3695600
2021-09-28,37.77136993408203,38.340357212115315,37.638602859510236,37.93258166976273,3303200
2021-09-29,38.16966247558594,38.236044207879964,37.52480826112991,37.79033519030601,2021000
2021-09-30,38.036895751953125,38.98521026636718,38.036895751953125,38.81451336437003,4603300
2021-10-01,38.67226028442383,38.95675749999485,38.02740619951895,38.198103081848615,2339200
2021-10-04,39.33608627319336,39.5257499027139,38.501568473822694,38.672265378637896,4179900
2021-10-05,39.7343864440918,40.04732840662683,39.3171256706672,39.506789329720796,2897700
2021-10-06,39.402469635009766,39.62058155186751,38.928312350310414,39.31712117906256,3730000
2021-10-07,39.97145080566406,40.32706868252039,39.516256739859706,39.68695361015331,2787800
2021-10-08,40.06629180908203,41.085730726547546,40.00939163082822,40.123191987335844,2283000
2021-10-11,39.92403793334961,40.426647064806055,39.336083972011124,40.17060172256205,1967700
2021-10-12,39.8292121887207,40.29388792263697,38.303372936332295,38.53191781991925,2279900
2021-10-13,40.1611213684082,40.39820001548861,39.857660989547924,39.924042721327794,2857500
2021-10-14,40.25595474243164,40.606830124975914,40.04732437671356,40.37923665104078,2278900
2021-10-15,39.45936965942383,40.52148096014816,39.39298792922437,40.483547509310476,4494600
2021-10-18,39.762821197509766,39.89558462841449,39.25073057756396,39.47832761449504,2064300
2021-10-19,40.80597686767578,40.80597686767578,39.81024724197138,39.980944162667356,2541900
2021-10-20,40.97666931152344,41.32754828658214,40.511997225143965,40.796490856044244,1828800
2021-10-21,40.407684326171875,41.22323543355578,40.2369874145086,40.81545987986383,2926100
2021-10-22,40.32233810424805,40.48354985334304,39.98094426200784,40.32233810424805,1903100
2021-10-25,39.667999267578125,40.47406518612767,39.56368408852357,40.3981982858942,2594900
2021-10-26,39.440399169921875,39.9050748545037,39.302893136908196,39.84817468367757,2559200
2021-10-27,38.12224197387695,39.59212866176532,38.103275250593754,39.535228491915724,3487900
2021-10-28,38.653297424316406,38.691230872520364,38.103276895489905,38.20759206928443,2149300
2021-10-29,37.6860237121582,38.64381986432004,37.363596604171754,38.59640485793179,2847500
2021-11-01,38.937801361083984,39.05159810772293,37.8709473653188,37.970519970819545,3357900
2021-11-02,39.449886322021484,39.67748342009589,38.729168810263324,39.04211075039083,3401800
2021-11-03,39.4309196472168,39.91455846277769,38.558468403955985,39.0895258397466,3878800
2021-11-04,39.19384002685547,39.620578657888515,37.36359275219883,39.620578657888515,4688800
2021-11-05,39.33608627319336,40.369749255670804,39.06107419126522,39.38350127619028,3436500
2021-11-08,38.4636344909668,39.568418049945464,38.236037436597755,39.39298219603652,2600600
2021-11-09,38.44466781616211,38.92830658319121,38.28345248213077,38.51104953678311,1714700
2021-11-10,38.586917877197266,39.27918706710515,38.39725786053544,38.548988044384664,2575300
2021-11-11,39.02314758300781,39.26022623510984,37.477393758393276,37.790335698050725,3289600
2021-11-12,38.97572326660156,39.33608377807939,38.68174809614797,39.02314188412353,2111300
2021-11-15,39.13693618774414,39.67747511277273,38.95675775191207,39.03262102369786,2424200
2021-11-16,38.330867767333984,39.1179704856425,38.27397121639384,39.1179704856425,2553300
2021-11-17,38.20759201049805,38.45415218837897,37.89464648959597,38.16965856235245,1809300
2021-11-18,37.524810791015625,38.51105890520884,37.477395781542235,38.20759850353914,1793400
2021-11-19,36.97478485107422,37.591187120631055,36.728221049225226,37.24979331347573,3459000
2021-11-22,36.73771286010742,37.1549700234147,36.56701592567865,36.97479153375477,3229600
2021-11-23,37.10755157470703,37.363596952631234,36.737709456883124,37.012717943512996,3448000
2021-11-24,36.51011276245117,36.95582179014885,36.37734929484757,36.9273698917101,2677500
2021-11-26,35.67559051513672,35.85482117444079,35.135051538962884,35.808353966473064,1850400
2021-11-29,35.01176834106445,35.855771254357315,34.897971618077115,35.74197091383737,3655300
2021-11-30,33.86431121826172,35.011770938814074,33.797929490132766,34.86004075772891,5053800
2021-12-01,32.65995407104492,34.72728022322104,32.622024235732084,34.39537155465141,5228700
2021-12-02,33.50395965576172,33.760001438033484,32.63150826188469,32.71685672848643,5518200
2021-12-03,34.1772575378418,34.300535825755595,33.57981835340456,33.67464836218948,4957100
2021-12-06,34.632450103759766,35.068673957568286,34.36692316970818,34.51865336309954,2825400
2021-12-07,34.59451675415039,35.36265289534627,34.45701070074003,34.83633799411573,2485700
2021-12-08,34.85055923461914,35.43851323464773,34.55658042583841,34.651414050057774,3473500
2021-12-09,34.65141296386719,35.36264884431996,34.4807160631559,34.73676141422283,2382500
2021-12-10,34.91694641113281,35.04497091942226,34.42856492717945,34.8505646725877,3253500
2021-12-13,34.43330001831055,34.727275191438856,33.949657608433895,34.53761157222316,3183400
2021-12-14,34.120357513427734,34.72727825442291,33.94966060283122,34.29105442402425,4631100
2021-12-15,34.37639617919922,34.43329634415227,33.428081801842,34.07293586784749,4728700
2021-12-16,35.09712219238281,35.20143737849022,34.366923124697294,34.56606832497516,6426000
2021-12-17,35.049705505371094,35.82258419219574,34.68934857476865,35.38161777412553,18794400
2021-12-20,34.5091667175293,34.94539055271005,33.949660975003376,34.66089690444143,3551300
2021-12-21,34.9928092956543,35.56179659414745,34.518652007732335,34.82211238259975,2531100
2021-12-22,34.91694641113281,35.097124898964765,34.55658581793547,35.04022833308806,1550200
2021-12-23,35.35316467285156,35.47644657519103,34.99754672257197,35.06867103613446,1805200
2021-12-27,35.39109802246094,35.628176655311044,34.80314402590188,35.29626801633404,1741600
2021-12-28,35.552310943603516,35.704041113554176,35.19195043339596,35.34368060334663,1328200
2021-12-29,35.1729850769043,35.62343301902025,35.00703076231067,35.5333456011167,1173100
2021-12-30,35.590248107910156,35.808360046070206,35.17299095893441,35.23937269587298,1467900
2021-12-31,34.9928092956543,35.71352678158116,34.96435739845653,35.666111776295566,1621400
2022-01-03,35.69456100463867,36.13078485291277,34.85056158851132,35.16350714327303,2917300
2022-01-04,36.00750732421875,36.42950704124593,35.77042866892109,35.922158863610264,4720500
2022-01-05,35.666114807128906,36.529080999778664,35.58076634334889,36.25406888120603,2024200
2022-01-06,36.443729400634766,36.77563805481675,35.77042692070387,35.903190382376664,2716700
2022-01-07,37.00323486328125,37.09806487303171,36.45321067763623,36.57649258433822,4427700
2022-01-10,37.01271057128906,37.44419536782887,36.519586639900325,37.183407455905645,2904500
2022-01-11,36.936851501464844,37.40247500439776,36.6333911426275,37.17393013290231,1720600
2022-01-12,37.25927734375,37.411007518114275,36.93685027103433,37.05064699742436,1622400
2022-01-13,37.998958587646484,38.31190408321918,37.24978932630496,37.41100465910883,2487700
2022-01-14,38.899864196777344,38.97098851321911,37.614898385185974,37.83775288852144,4080600
2022-01-18,37.83774948120117,39.31711776581317,37.62911913643479,38.918827417658456,4586300
2022-01-19,37.61015701293945,38.3593264175704,37.344630081691264,37.885169116036856,3804000
2022-01-20,36.216129302978516,38.26448846980973,36.168714301681064,37.63860104709832,4426800
2022-01-21,35.741973876953125,36.51959151397653,35.52386196584001,36.016985963043396,4201400
2022-01-24,37.069618225097656,37.121775818015834,35.8273247845069,36.0359551561796,7853300
2022-01-25,37.13600158691406,37.28773178636642,36.083371745542514,36.8420227428043,4510000
2022-01-26,36.07388687133789,37.47739199150923,35.656626148088996,37.17393162052802,3416300
2022-01-27,36.27302932739258,36.94159278082296,36.05491742828604,36.09285087618266,3281500
2022-01-28,38.02741241455078,38.04164017168055,35.998019834659125,36.083368289772935,4206500
2022-01-31,38.511051177978516,38.57743290142846,37.4110065382661,37.91361204939642,3644600
2022-02-01,38.22655487060547,38.823990339612166,38.145945397060956,38.67226017989949,2528400
2022-02-02,38.567955017089844,38.63434037061377,37.42998033294567,37.93258593902712,2970500
2022-02-03,38.78606414794922,39.00417604688235,38.15069155755038,38.47786121471642,2345600
2022-02-04,38.586917877197266,38.96624514558679,38.198109054987825,38.78606668274488,1811700
2022-02-07,38.511051177978516,39.11797185953949,38.33086911358643,38.833478242249356,3219600
2022-02-08,38.71019744873047,39.03926269470053,38.36880365126458,38.71019744873047,2435600
2022-02-09,41.58359146118164,41.63101008258334,39.05159335575296,39.2602237138151,8034900
2022-02-10,41.725833892822266,42.62673330265104,40.521474162266465,41.213743245020765,6921800
2022-02-11,41.156856536865234,42.223710499447805,40.98615961344937,41.678428861732286,4354100
2022-02-14,40.46458053588867,41.45082854642601,40.265435346510834,41.16633490195296,3212800
2022-02-15,40.91977310180664,41.45082691930138,40.616312743943126,40.68269447112997,2705800
2022-02-16,40.787010192871094,40.96719228579685,40.009392494285834,40.502516530528496,3140200
2022-02-17,40.69218063354492,41.30858659013314,40.2844050531927,40.312853334485524,4162300
2022-02-18,40.189571380615234,41.03357074582267,39.74860497303088,40.55941347390543,3567200
2022-02-22,39.658512115478516,40.3981962681456,39.56368211245603,40.037839362633946,3537300
2022-02-23,38.852447509765625,39.87662532257892,38.7765806108365,39.82921031951464,2781100
2022-02-24,38.75761413574219,38.89037759219045,37.81878476941073,38.444672219476,4052800
2022-02-25,39.61110305786133,39.90508189939679,38.42570975454084,38.966248811452324,2905300
2022-02-28,39.667999267578125,39.90507790450833,38.86192973149567,38.9852116356086,3527700
2022-03-01,39.35324478149414,39.87783047240286,38.92404359934436,39.50585053564718,3500100
2022-03-02,41.09867858886719,41.48019481279243,39.46770382648307,39.46770382648307,3785700
2022-03-03,41.165443420410156,41.556495913011865,40.70953266030393,41.07006618354471,2579000
2022-03-04,40.7171630859375,40.869768850528175,40.24026961679057,40.7171630859375,3424400
2022-03-07,39.67753601074219,41.05099155930421,39.5821587702736,40.58363434882774,3232700
2022-03-08,39.90644454956055,40.50733132296438,39.439087361711266,39.56308067904407,2733900
2022-03-09,38.98126983642578,40.6313207474914,38.8811226478869,40.43102637041363,3604700
2022-03-10,37.9511833190918,38.8477417353045,37.54105464270307,38.704675876960245,5192500
2022-03-11,37.5124397277832,38.85727908272233,37.47428737937444,38.237316155508665,3444600
2022-03-14,36.9592399597168,38.45668500378623,36.79709794374874,37.617351567882274,5955100
2022-03-15,37.9416389465332,37.998867466180336,36.90201115592906,37.21676255637627,4830900
2022-03-16,38.7905158996582,39.10526735898376,37.846268798498926,38.227785057364684,4515800
2022-03-17,38.41853713989258,38.590219081778386,37.12901968812118,38.50437811083548,4950300
2022-03-18,38.98126983642578,39.03849836062299,37.77949993555086,38.428075322819325,13459600
2022-03-21,38.96219253540039,40.078125075333325,38.61883231536768,39.172026812982764,3371400
2022-03-22,39.20063781738281,39.80152454761712,39.11003054135648,39.22925389680887,2631200
2022-03-23,38.68559265136719,39.334167945207255,38.59498174404301,38.904963171576654,2540400
2022-03-24,39.0194206237793,39.16249010934049,38.38515148335051,38.60929197947257,2416400
2022-03-25,39.31509017944336,39.74429129726696,38.88779194881095,39.048027420895245,2504700
2022-03-28,38.62836837768555,39.23879139459502,38.22777963724177,39.13387425636217,2099200
2022-03-29,38.91450500488281,39.200640348764125,38.599757218135856,38.82866403787759,2333000
2022-03-30,38.28500747680664,39.09572856493665,38.17532401539212,38.83820565259477,3022100
2022-03-31,37.626895904541016,38.676060094159766,37.58874355332363,38.418537181055136,3596300
2022-04-01,37.541053771972656,38.13240064391174,37.188153630151895,38.11332446889327,2335800
2022-04-04,37.72227096557617,37.73181087203378,36.4918849979384,37.32168221615453,2582700
2022-04-05,36.87339782714844,37.818601630214715,36.61110499976022,37.37890367076072,3557800
2022-04-06,36.96877670288086,37.00692905009651,36.415582221886275,36.749406164003,3818200
2022-04-07,36.64448928833008,37.073694101530826,36.04360618825715,36.87339973483985,2730600
2022-04-08,37.1690788269043,37.397985658757285,36.65403299762233,36.73033406210383,2118600
2022-04-11,36.930633544921875,37.71273858835635,36.86386874646347,37.150004116772166,1974800
2022-04-12,37.04508590698242,37.61735663125,36.75895054484863,37.40752597283644,1997500
2022-04-13,37.30260467529297,37.4552104273507,36.96877709126109,36.97831699736927,1528300
2022-04-14,37.312137603759766,37.84625950736489,37.26444899271112,37.397978559010454,1773300
2022-04-18,37.18815231323242,37.5887410592094,37.040312871676726,37.16907613888949,1252900
2022-04-19,37.3693733215332,37.58874388535823,36.9401684625675,37.23584372950132,2630500
2022-04-20,37.731807708740234,37.78426627463441,36.0722170498501,37.1499971694833,4384700
2022-04-21,37.130924224853516,38.266882586449796,37.11184805028728,37.808112049117796,2340600
2022-04-22,36.44419860839844,37.159538823295385,36.41558616409327,37.13092637899022,2215500
2022-04-25,36.2343635559082,36.49665275316418,35.58578821536449,36.1866713033089,2983500
2022-04-26,34.90860366821289,36.129453534630784,34.860915044632925,36.0340726490621,4090700
2022-04-27,34.584312438964844,35.11843442894421,34.112188927941666,34.82275917117571,2262400
2022-04-28,34.851375579833984,35.15658710885209,34.46985934935714,34.79414705373993,2077600
2022-04-29,34.18372344970703,35.02305696030485,34.107418749467065,34.73691797281334,2464900
2022-05-02,34.87998580932617,34.97536304168616,34.221874173862574,34.28863896419621,2704100
2022-05-03,34.56523895263672,35.070744846746194,34.34586476322982,34.97536397343704,3056900
2022-05-04,35.32826232910156,35.43317945444732,34.4126279162058,34.55569374661641,1890600
2022-05-05,34.851375579833984,35.3664213994552,34.546164050815875,35.04213369507241,1867200
2022-05-06,33.00102615356445,34.68922944762439,32.62428351994399,34.60338847882784,3164600
2022-05-09,31.675262451171875,32.92472461480648,31.59896139023992,32.63858926909709,4065000
2022-05-10,30.921768188476562,31.827866431215767,29.901218360741044,30.597484149643535,4567600
2022-05-11,31.675262451171875,32.29522539888249,30.931309824645794,31.02668706041282,3779800
2022-05-12,31.90416717529297,32.123537688846994,30.95038043545406,31.579879538211433,3275800
2022-05-13,32.23799514770508,32.695812404001,31.95662977037651,32.199842800078386,2672300
2022-05-16,32.13307571411133,32.495515713841975,31.894629016100506,32.19030423146076,2351700
2022-05-17,33.13455581665039,33.33485017617017,32.39059962093579,32.43828823438222,2340500
2022-05-18,31.94232749938965,33.01056789617149,31.866022794700942,32.905650746428805,2876700
2022-05-19,31.789714813232422,32.152151166437584,31.455887260449412,31.6752577810971,3425500
2022-05-20,31.91370964050293,32.285685959145134,31.522657146749797,32.237997340571994,2496400
2022-05-23,32.6099739074707,32.805501975039995,31.761104119818008,32.55083885569914,2512400
2022-05-24,30.988534927368164,32.44782757623543,30.735778367519355,32.42875140350677,2409500
2022-05-25,31.761098861694336,31.975703068991553,30.950381558770083,30.969457730868132,2353900
2022-05-26,32.94379806518555,33.0057928994663,31.942322618820654,31.980471326927567,2950500
2022-05-27,33.821285247802734,33.88805004495541,32.78165729989999,32.91518689420535,2573400
2022-05-31,33.86897277832031,33.97388992429879,33.52561253476591,33.706830744287,4768600
2022-06-01,33.2490119934082,34.12649419701129,32.68627757556421,34.05019313680629,2447800
2022-06-02,32.829341888427734,33.25854670198061,32.29522357681359,32.63858742765589,2695700
2022-06-03,32.55274200439453,32.85795346589751,32.3715201977219,32.55274200439453,1933700
2022-06-06,32.50505828857422,32.88657085367648,32.32383645462309,32.52890077728852,1425600
2022-06-07,33.00102615356445,33.04871841054683,32.10446775378476,32.19984499093276,1722500
2022-06-08,32.48598861694336,33.27762998583117,32.44306630721324,32.79120018547949,1660200
2022-06-09,31.932788848876953,32.705357641417464,31.90417640269688,32.705357641417464,1582300
2022-06-10,30.893156051635742,31.64664855006787,30.883619783861732,31.53219514473899,2402300
2022-06-13,30.063365936279297,30.521183248396213,29.87737776693207,30.32088885654667,3401700
2022-06-14,30.54979133605957,30.850236519389718,29.929830253592925,30.111050262659923,3101200
2022-06-15,31.31282615661621,31.8278683253734,30.692863206686408,30.77870417454733,3125000
2022-06-16,30.788238525390625,31.05530131899732,30.053824029390462,30.855003314190274,3714700
2022-06-17,30.58794593811035,31.27467367817313,30.397189647473926,30.78824031615922,6015500
2022-06-21,31.0553035736084,31.49881463906667,30.81685684246757,31.026687491753805,2050800
2022-06-22,30.57840919494629,31.026686561939275,30.38765108806863,30.72147504629833,2219300
2022-06-23,30.58794593811035,30.69286308044309,30.158742919775275,30.607022112935244,1564300
2022-06-24,31.284208297729492,31.62280219660896,30.74055007829957,30.788238693644484,2680800
2022-06-27,31.513120651245117,31.560809269474504,31.036227192134536,31.370051158148602,2094600
2022-06-28,31.198366165161133,31.923246189498347,31.112525205395094,31.627570963991325,1842400
2022-06-29,31.131601333618164,31.25559463941435,30.511640262249212,31.169753679772068,1761600
2022-06-30,30.67378807067871,31.2365225149578,30.4973379948569,30.76916531001749,2403300
2022-07-01,31.541730880737305,31.598959401640982,30.51164115412371,30.56886785582334,1507600
2022-07-05,31.63711166381836,31.64665157091116,30.645175992268857,31.13160574015506,1517800
2022-07-06,31.627573013305664,32.0472379335719,31.074378511064182,31.789718675995772,2037600
2022-07-07,31.951858520507812,32.23799383927852,31.646647028697988,31.646647028697988,1872100
2022-07-08,31.703876495361328,32.2093823615781,31.589419453705837,32.009087996293125,1744600
2022-07-11,31.37959098815918,31.61803771713179,31.164986749038825,31.427279606272034,1378300
2022-07-12,31.68480110168457,32.15215463218692,31.341437245082254,31.341437245082254,1523800
2022-07-13,31.32236099243164,31.58465383734717,30.511641788156567,31.341437166462605,1862200
2022-07-14,31.007610321044922,31.188832159474543,30.76916359756027,30.93607921472613,1613600
2022-07-15,32.123538970947266,32.14738509575804,31.246053243301667,31.293745492923218,1945400
2022-07-18,31.694337844848633,32.21891990545473,31.217444400950686,31.675261670483728,2474900
2022-07-19,32.667198181152344,32.733962966654325,31.990010420541978,31.990010420541978,1808200
2022-07-20,33.13455581665039,33.349156396363306,32.55274527274322,32.73396345920284,1797500
2022-07-21,33.3348503112793,33.358692798895156,32.829340819155945,33.067787525762505,1755000
2022-07-22,33.53514862060547,33.71636682913927,33.148866074705964,33.38254285594321,1594200
2022-07-25,33.649600982666016,33.9071238846854,33.40161798724456,33.46742951681868,1832800
2022-07-26,32.52412796020508,33.56375570289592,32.19030404033511,33.38253752331048,1983900
2022-07-27,33.06779479980469,33.096410885009696,32.45737167876019,32.67674226048501,2268500
2022-07-28,33.26808547973633,33.334850266423686,32.45736449532012,32.93425790789154,2069800
2022-07-29,31.579885482788086,33.29670120998884,31.360514927939892,33.29670120998884,4963700
2022-08-01,31.89463233947754,31.951860862790102,31.246056962234814,31.31282539197026,2601600
2022-08-02,31.665721893310547,32.19507384844715,31.594187156971685,31.856479977411563,1136300
2022-08-03,32.01862716674805,32.25230394743265,31.474968904023942,31.474968904023942,1893300
2022-08-04,31.98047637939453,32.42875742574708,31.818334338701924,31.923251488989422,1444000
2022-08-05,31.789714813232422,31.975702942442588,31.35097013352926,31.637105437051993,1930300
2022-08-08,31.923246383666992,32.19984179934392,31.742024557276437,31.942322556887472,2643100
2022-08-09,32.18077087402344,32.428753861476295,31.84694328358097,32.02816511903517,2526800
2022-08-10,33.26808547973633,33.85943229257065,32.45736449532012,33.18224451993716,3566100
2022-08-11,34.7464599609375,34.8609133797451,33.5542262363333,33.5542262363333,2739700
2022-08-12,34.81322479248047,35.06120780654083,34.46986089731337,34.96583056384267,2422500
2022-08-15,34.698768615722656,34.80368575739703,34.34586484128918,34.5747752993431,2062300
2022-08-16,34.81322479248047,35.00875286994285,34.484167119877235,34.63200657599054,2562800
2022-08-17,34.49847412109375,34.913372776853286,34.34586834628714,34.4603254061986,2299200
2022-08-18,34.35540771484375,34.81322503208126,34.21233821140326,34.62246690696348,1396600
2022-08-19,34.03112030029297,34.25049087271198,33.849902080922995,34.202802250605,1983900
2022-08-22,33.096405029296875,33.86897006337583,32.87226453329337,33.66867569442264,1864100
2022-08-23,32.91518783569336,33.5446871114306,32.78165823756859,33.077333517993914,1531100
2022-08-24,33.172706604003906,33.50653419587296,32.70535306915873,32.934259883415244,2099300
2022-08-25,33.363468170166016,33.48746149649277,33.077332803450005,33.2967033725459,1396900
2022-08-26,32.65766525268555,33.75451801121632,32.60997299667301,33.40161787485497,2308400
2022-08-29,32.733970642089844,32.910422552809635,32.23800094891772,32.476447706880734,1599100
2022-08-30,32.85886764526367,33.00778823767525,32.48416185461122,32.87808379672099,2618400
2022-08-31,32.83965301513672,33.32965207212667,32.82043686278919,33.051027025853244,2479900
2022-09-01,32.705142974853516,32.78680887190529,32.39288691924269,32.6667106709093,2261900
2022-09-02,32.416908264160156,33.18553602317242,32.306416305783586,32.91651355868843,2373200
2022-09-06,31.67710304260254,32.55141780960124,31.37925818116767,32.48416310945567,2680600
2022-09-07,32.10945129394531,32.21513829077076,31.528176476511362,31.61945227651625,1951400
2022-09-08,32.20553207397461,32.22474822478623,31.27356891769388,31.99415808015275,2188600
2022-09-09,33.166316986083984,33.25278783052033,32.34484579649166,32.41690544437294,2640800
2022-09-12,33.435340881347656,33.60828259669946,33.16632206418107,33.2816153193801,2986400
2022-09-13,32.17671585083008,33.06063696703805,32.09985123284328,32.407302374577064,1953500
2022-09-14,32.20553207397461,32.31121907088554,31.369649671752,32.263180526409485,2015900
2022-09-15,33.204750061035156,33.39690423972347,32.11906135893728,32.18631605449939,3366500
2022-09-16,32.34965133666992,33.22396980371049,31.840436110904683,33.18553749777557,6348400
2022-09-19,33.012596130371094,33.03661357300101,32.11906516615334,32.12867141018402,2092400
2022-09-20,32.897300720214844,33.031810118466645,32.41690791782629,32.695532957730926,2305400
2022-09-21,31.436908721923828,33.02220289987697,31.427298812633772,32.92612579761552,2137100
2022-09-22,30.850828170776367,31.44651425455288,30.84121826170376,31.369653307504187,3203700
2022-09-23,30.46651268005371,30.62984631706273,29.9524924938157,30.48572883324377,2494700
2022-09-26,29.89965057373047,30.812395852059613,29.813179717644633,30.264748318551483,2255900
2022-09-27,29.736316680908203,30.620239554599863,29.545119075244735,30.18788527790979,1958800
2022-09-28,30.20709991455078,30.364668328515364,29.592195881616988,29.851608434610004,1835600
2022-09-29,29.313570022583008,29.966904549348385,29.12141216204501,29.86121754279717,4067000
2022-09-30,29.47690200805664,30.130236498334778,29.35199885591655,29.515332478486084,3276000
2022-10-03,30.03415870666504,30.077394132875167,29.376021069958114,29.851608925716373,2627700
2022-10-04,30.96611976623535,31.119845317209997,30.149451631336863,30.17827585935203,2379800
2022-10-05,30.303180694580078,30.740338097999707,30.101414752396206,30.46651249806019,2731600
2022-10-06,29.947689056396484,30.81239578275671,29.81798277255947,30.81239578275671,3697200
2022-10-07,30.13984489440918,30.216707668638037,29.553765095568462,29.68827449233069,2588400
2022-10-10,29.91886329650879,30.552981652240156,29.85160859704533,30.3127852498403,1762000
2022-10-11,29.467294692993164,29.909255193382595,29.21749021481748,29.75552964259035,2361200
2022-10-12,29.294353485107422,29.66425617062319,29.102197459647417,29.486511343120572,2521500
2022-10-13,30.456905364990234,30.562590538712648,28.85239328110804,28.958078454830453,4073100
2022-10-14,30.31278419494629,30.927686377274135,30.15905864936433,30.610629042995264,2151700
2022-10-17,27.459253311157227,28.91003983654064,27.161410278114577,28.57376449856182,12668500
2022-10-18,28.054941177368164,28.741903050606254,27.579351483375195,28.151018274491207,6942800
2022-10-19,28.170236587524414,28.68906174803662,27.723471087934445,28.170236587524414,4065300
2022-10-20,27.872392654418945,28.391215966042683,27.829157225737532,28.11258907319275,2223700
2022-10-21,28.275920867919922,28.573763894667792,27.843566609291464,27.881998913415384,2952300
2022-10-24,28.458471298217773,28.669843478073812,27.949254252249343,28.47768561816602,3868000
2022-10-25,28.669843673706055,28.785136924394916,28.247097478556153,28.352784485481923,2444500
2022-10-26,27.833959579467773,28.958078861601408,27.8051371828446,28.69866812922687,2424200
2022-10-27,27.065332412719727,27.987685776822993,26.91640997406518,27.862784445974807,3663700
2022-10-28,27.709060668945312,27.79072657657348,27.01729560133839,27.190235493825107,2844400
2022-10-31,27.73788070678711,27.86278202679075,27.353565005892364,27.70905647945408,3363700
2022-11-01,29.332786560058594,30.034159644885452,28.304744375009253,28.91964843726784,4272200
2022-11-02,28.87160873413086,30.010141075817955,28.862002490049875,28.98690382118834,4290000
2022-11-03,28.775531768798828,29.006120111449587,28.357588679725655,28.67945283455603,2601000
2022-11-04,28.669843673706055,29.37121675181502,28.016509144625253,29.121412265251585,3799300
2022-11-07,27.997291564941406,29.102196461802755,27.74748709111077,28.986901384437427,3419000
2022-11-08,28.189449310302734,28.689058256084227,27.82434976048046,27.92042868583122,3906200
2022-11-09,27.324745178222656,27.757097633518363,26.969253671263157,27.757097633518363,3487600
2022-11-10,28.2855281829834,28.535332655408986,27.95886093693094,28.199057333584037,3209800
2022-11-11,29.323179244995117,29.4961209597283,28.304745109911522,28.54494152869578,2946500
2022-11-14,29.217493057250977,29.947690410828205,29.198276903394216,29.390434776855226,3584500
2022-11-15,29.544158935546875,30.091806466509475,29.275138292024366,29.553767012017666,2664200
2022-11-16,29.294353485107422,29.55376604365923,28.770725246202392,29.534549891347286,2382800
2022-11-17,29.428861618041992,29.534548618650298,28.910038355848556,28.919646431590497,2069700
2022-11-18,29.717100143432617,29.890041851870365,29.44327638259058,29.78435484503548,2130300
2022-11-21,29.313570022583008,29.938080320501733,29.049354338758143,29.83239331395052,2275900
2022-11-22,29.688276290893555,29.736316673042634,29.342394702186187,29.544158809552716,1806000
2022-11-23,29.86121940612793,29.92847411174695,29.361610403596234,29.592198751098568,2408200
2022-11-25,30.0629825592041,30.082196878627094,29.750726503528234,29.890040856525353,901100
2022-11-28,29.78435516357422,30.20710136288178,29.640237682519174,29.86121794230712,1966900
2022-11-29,30.476119995117188,30.50494422418202,29.803571143249812,29.89965007424606,2295900
2022-11-30,31.177492141723633,31.19190333870052,30.02454873719417,30.38964644351512,4222200
2022-12-01,30.841217041015625,31.465729162185486,30.428080762352945,31.27357130450966,2898500
2022-12-02,31.273571014404297,31.31680827290576,30.187884076500612,30.495335179887384,2820300
2022-12-05,30.75474739074707,31.45131919391779,30.71631691724126,31.215927733242516,2839900
2022-12-06,29.78435516357422,31.336025601678205,29.572982980197036,30.879650218656376,3538700
2022-12-07,29.49612045288086,30.038963030566997,29.107001601417625,29.678668408581743,2818000
2022-12-08,29.78435516357422,30.36563004227637,29.43847174299956,29.61141345328689,2029500
2022-12-09,30.082195281982422,30.28396120191639,29.582588184992577,29.784352272373532,1586200
2022-12-12,30.29357147216797,30.30317954834217,29.774746354079962,30.05337506547237,2236600
2022-12-13,30.773962020874023,31.470533789573686,30.552981769629863,31.129455336668162,2316000
2022-12-14,30.5529842376709,31.095830498698874,30.351220122206993,30.5529842376709,2093100
2022-12-15,29.49612045288086,30.39445453058253,29.467296223402883,30.322394873164193,2369500
2022-12-16,29.534549713134766,29.669059113400447,29.169451984176572,29.323177536638248,5252100
2022-12-19,28.333566665649414,29.438469721261185,28.112586421037676,29.438469721261185,2206200
2022-12-20,28.775531768798828,28.8235703196436,28.21347119463809,28.33356940430327,2547600
2022-12-21,29.140628814697266,29.31357052563871,28.842785775049887,28.967687103755818,2498600
2022-12-22,29.3039608001709,29.347196225473272,28.833176076074523,28.919646926679277,1700000
2022-12-23,29.55376625061035,29.630629027843217,29.23670706545564,29.284745614018746,1429400
2022-12-27,29.41925621032715,29.592196080934215,29.10219703205118,29.55376560942813,1200100
2022-12-28,28.92926025390625,29.467299774460965,28.881219865653684,29.332790352460645,1249600
2022-12-29,29.36160659790039,29.64503841523882,29.015725037754873,29.150234431558516,1268000
2022-12-30,29.179058074951172,29.265527088843577,28.746703842724088,29.11180154684128,2620900
2023-01-03,29.08298110961914,29.42886268611698,28.83317662892156,29.13101965751927,2750100
2023-01-04,30.053375244140625,30.130238021438043,28.895628630287128,29.35200033967939,2446100
2023-01-05,29.640235900878906,29.986117468109825,29.438469973487205,29.986117468109825,2534400
2023-01-06,30.50494384765625,30.5337680763653,29.736316074279877,29.83239317153705,2062100
2023-01-09,30.04376792907715,30.725924865805226,29.995727546703417,30.52416075749519,4112700
2023-01-10,30.639453887939453,30.65867004081234,29.899650327865384,30.00533550355985,2062000
2023-01-11,30.812395095825195,30.87484484281308,30.250336377615213,30.73553231814127,2455600
2023-01-12,30.9469051361084,31.0477871902929,30.53857196485502,30.927688983153292,2238500
2023-01-13,31.062204360961914,31.081416850237595,30.581809664169306,30.725927156930414,1718200
2023-01-17,30.524158477783203,31.11984451430267,30.42327643116261,30.89886426954716,1763200
2023-01-18,30.24553108215332,30.82200465711226,30.202295655659057,30.524159793461493,2383100
2023-01-19,30.082195281982422,30.226312749047818,29.611410578873848,30.1302356593729,2820100
2023-01-20,30.3223934173584,30.399256193056207,30.005334238535802,30.235922565629224,1956200
2023-01-23,31.38886260986328,31.460922260168964,30.36082418236639,30.36082418236639,1771000
2023-01-24,31.38886260986328,31.56180430455449,31.095826384804024,31.215924580278138,1733400
2023-01-25,32.17671585083008,32.80122437899266,31.744361537421085,31.95573190667137,5308100
2023-01-26,32.62828063964844,32.714751496992825,32.10945549558213,32.224752415445636,2239200
2023-01-27,32.5225944519043,32.73877343328842,32.34485144322036,32.599459067091516,1518600
2023-01-30,32.34004592895508,32.5418100426708,32.17671412216803,32.263184980204265,1951800
2023-01-31,32.60906219482422,32.64749449874466,32.20072904471166,32.34004339759358,2027800
2023-02-01,32.96455764770508,33.171126713300225,32.186319935789456,32.40730020001344,2376500
2023-02-02,33.60828399658203,33.8869127345997,32.85887230891336,33.09906873856169,1893100
2023-02-03,33.24318313598633,33.64671502834033,32.74069336774057,33.435341005435546,2128800
2023-02-06,32.63789367675781,33.05103184976286,32.4553420353654,33.05103184976286,2300900
2023-02-07,32.714752197265625,32.772400658431366,31.917301975892315,32.32083020873281,2536900
2023-02-08,34.14632034301758,35.35690855940505,33.75239840239642,34.89573192149048,7006500
2023-02-09,34.338478088378906,34.991808907961364,34.07906554312555,34.93416411908691,4691600
2023-02-10,34.40573501586914,34.636321516527246,34.09828390492077,34.35769280188455,3722700
2023-02-13,34.290435791015625,34.703573880735604,34.07906545716561,34.44416133613659,2772200
2023-02-14,34.35769271850586,34.549850578658855,33.97338066330621,34.19436091969493,2319400
2023-02-15,35.664363861083984,35.69318992411666,34.2183840334896,34.30965618195785,2964000
2023-02-16,35.28965759277344,35.75563923407216,35.1551481839669,35.23200913252499,2840100
2023-02-17,35.57788848876953,35.79886873008477,35.06867330943902,35.280047307699725,4451400
2023-02-21,34.751617431640625,35.69319065436531,34.72279503312482,35.34730721174916,2916400
2023-02-22,35.07828140258789,35.20798951385477,34.679558155438635,34.732401657790874,3062800
2023-02-23,34.914947509765625,35.29926320104923,34.49700447037766,34.94376990382477,2639000
2023-02-24,34.48259353637695,34.751612323263885,34.30004559743312,34.46337738515559,2115300
2023-02-27,34.28083419799805,34.665149945484515,34.17995213893183,34.63632388210374,2596800
2023-02-28,33.884132385253906,34.48402175167572,33.738996134699,34.00991688967028,3705900
2023-03-01,33.6712646484375,33.86477840609449,33.50678035355822,33.61321310481796,2213900
2023-03-02,33.971214294433594,34.02926584341392,33.535809222239784,33.62289023667854,2442000
2023-03-03,33.78737258911133,34.18407783598929,33.67126580690962,34.096996826596,2451400
2023-03-06,33.6712646484375,34.406616189340454,33.618048272807634,34.01958867402649,2913000
2023-03-07,33.5648307800293,34.024426400538765,33.5164532649672,33.6712635277466,2658800
2023-03-08,33.38099670410156,33.87445329222322,33.21651240505035,33.5648327485061,2177500
2023-03-09,32.19089126586914,33.6325611955066,32.14251374914395,33.41969938372218,2899100
2023-03-10,32.06510925292969,32.32441822529173,31.73613694636565,32.05543522522261,3165800
2023-03-13,31.23299789428711,31.958671664626255,31.15559461142079,31.82321315138444,3687500
2023-03-14,31.83289337158203,32.11348444637363,31.445865853915883,31.70710887469534,3109500
2023-03-15,31.4652156829834,31.74581043165758,31.199133819418616,31.213646704528017,2807800
2023-03-16,31.871593475341797,31.97802622826613,31.20397487650004,31.281381857160643,3746700
2023-03-17,31.668405532836914,31.978026072030634,31.571650498451863,31.716783050029438,6166400
2023-03-20,32.345699310302734,32.800456056385826,31.61034781914847,31.707106536914917,3204500
2023-03-21,32.63597106933594,32.974621076068786,32.36505401672407,32.713378050635335,3386200
2023-03-22,32.239261627197266,32.94558354932943,32.219909886608654,32.60693731644658,2748700
2023-03-23,32.57791519165039,33.110078950181304,32.30893221157896,32.38440512414964,2733500
2023-03-24,31.987701416015625,32.39407695943438,31.097539663672922,32.38440293310104,4762600
2023-03-27,32.539215087890625,32.91172602440449,32.14251354768182,32.15218757457905,3449100
2023-03-28,31.697429656982422,32.26829318849765,31.649052142305084,31.755484889175893,3843500
2023-03-29,32.09413528442383,32.248949256724536,31.857082848532812,31.958676749628964,2547000
2023-03-30,32.57791519165039,32.79561955404066,32.29732411738712,32.29732411738712,2135600
2023-03-31,32.94559097290039,32.984294462798594,32.63113157667139,32.70369969748854,3280100
2023-04-03,33.071372985839844,33.25520901259783,32.8246428699788,33.01331775535264,2835500
2023-04-04,32.771427154541016,33.327777795542566,32.539213609876136,33.148776932847255,2516300
2023-04-05,32.64564514160156,32.8198034481391,32.350537517549384,32.481157170194436,2499700
2023-04-06,32.365047454833984,32.55856117788029,32.142507965169266,32.28764048922855,2604100
2023-04-10,32.82948303222656,32.89721229166727,32.22959372390832,32.22959372390832,2343600
2023-04-11,33.081050872802734,33.38099739554016,32.45213574514878,32.81980784157364,2762500
2023-04-12,32.63597106933594,33.4680776634644,32.57791583336139,33.2648898740055,2262200
2023-04-13,32.83915710449219,32.974619314529605,32.69402455876097,32.732728047343095,2362500
2023-04-14,32.32634735107422,32.88753683747241,32.05543032507104,32.626293837697496,2292500
2023-04-17,32.88753890991211,32.979455083259566,32.34570113279367,32.35537515963155,2292000
2023-04-18,32.897212982177734,33.119752509435145,32.60694419405798,33.02299747705119,3359000
2023-04-19,32.742401123046875,32.887537355530625,31.702267966160548,32.413428861589054,4258000
2023-04-20,32.60694885253906,32.89721768212887,32.42310909738973,32.60694885253906,2770200
2023-04-21,32.52953338623047,32.55856284530283,31.89577950949043,32.46180413334073,3067000
2023-04-24,31.581321716308594,32.73756162191053,30.76856695047855,32.432779968837124,11114300
2023-04-25,31.387807846069336,31.823212842236593,31.1072167960661,31.407159589339837,4127800
2023-04-26,31.416839599609375,31.81354113819132,31.28138107779621,31.291055104653765,3241200
2023-04-27,31.794187545776367,31.81353928933474,30.83629838544291,31.45553756995633,4978700
2023-04-28,32.18121337890625,32.40859176638502,31.629701571006553,31.629701571006553,3838500
2023-05-01,32.219913482666016,32.582750354522545,32.065103231645935,32.065103231645935,2676400
2023-05-02,31.987701416015625,32.10864704550469,31.460376552140108,32.07478241688646,2700900
2023-05-03,31.639379501342773,32.350540440243655,31.561972521694923,32.084458561414095,3526400
2023-05-04,30.14932632446289,30.971755127321206,30.091272939133987,30.962081101002926,6172900
2023-05-05,30.933055877685547,31.068516247906757,30.357355302068367,30.449273323070912,3060000
2023-05-08,31.126567840576172,31.28138180162252,30.80727327333804,30.845974918115637,4548100
2023-05-09,30.652463912963867,32.08445987642951,30.555707029922342,31.358786021844132,6425600
2023-05-10,30.178354263305664,31.039488408085525,29.684895869011733,30.884676303076176,5386100
2023-05-11,29.675220489501953,30.033220374022285,29.239815473934506,29.83003075159618,5624300
2023-05-12,29.72359848022461,29.8590588458387,29.234978928695142,29.384952179899198,4624000
2023-05-15,30.004192352294922,30.08643449552171,29.496221071321095,29.77197696229214,3188800
2023-05-16,29.539762496948242,30.071922551676902,29.52524776584856,29.955813930299122,3368100
2023-05-17,30.36219024658203,30.40089373414608,29.578463078248618,29.74294920942811,3940500
2023-05-18,30.08159828186035,30.589569576335983,29.747788995886978,30.371867065708162,4198100
2023-05-19,30.323488235473633,30.439595005785076,30.052569362273868,30.12997449097611,3922100
2023-05-22,30.29446029663086,30.662136038152877,30.149325912549568,30.526675680257693,2899000
2023-05-23,30.333166122436523,30.787921053088443,30.304138505188288,30.304138505188288,3020100
2023-05-24,30.023542404174805,30.45894554383621,29.960650162879663,30.313811163949076,2883600
2023-05-25,30.062246322631836,30.367029835332616,29.781653412982095,29.801003311745454,3714000
2023-05-26,30.38154411315918,30.58473374609983,30.120301090300057,30.19770622535269,3144600
2023-05-30,30.458948135375977,30.623434272038715,30.21221985312383,30.35251723199462,4574600
2023-05-31,30.188030242919922,30.4589472753142,29.94613898086282,30.342840502997756,9037100
2023-06-01,30.29446029663086,30.584730910277266,29.946138143932522,30.265434527104894,3766200
2023-06-02,30.836301803588867,30.976597346228978,30.49281477654627,30.53635528163707,3583300
2023-06-05,31.145919799804688,31.20397503559614,30.749220094800453,30.807273485107903,3528400
2023-06-06,31.484567642211914,31.67808139058604,30.904028242573414,31.02981088717788,3253300
2023-06-07,32.26829528808594,32.45697019128143,31.60067668377636,31.726461182896024,4994900
2023-06-08,32.742401123046875,32.77142689315654,32.181211627808594,32.326347860292344,3883000
2023-06-09,32.45213317871094,32.8633475933043,32.36989103398583,32.761753704355435,4944800
2023-06-12,32.40375900268555,32.698862982345396,32.205406372178615,32.42310705793522,3060200
2023-06-13,32.22959518432617,32.76175525731744,32.16186592181645,32.63597075938453,4845000
2023-06-14,32.210243225097656,32.81013255661144,32.07478470097854,32.365053494229215,4153700
2023-06-15,32.57791519165039,32.771428950119095,32.05543284204323,32.15218787579361,5036900
2023-06-16,32.548885345458984,32.93591281395078,32.37956221210663,32.635966341321264,10266000
2023-06-20,32.171539306640625,32.59726661834096,31.900622262010227,32.45213406913235,6063100
2023-06-21,32.113487243652344,32.3602173999304,31.93932521462881,32.17154248364962,3799800
2023-06-22,31.83289337158203,32.06026807042034,31.64421847173597,32.02640343944715,4326500
2023-06-23,31.610347747802734,31.774835722150595,31.50391869495138,31.668402978331567,4638100
2023-06-26,32.161865234375,32.21507791866555,31.658730944365544,31.726460205427596,3545300
2023-06-27,33.24553680419922,33.44872458556324,32.18121299954257,32.19089071730345,5144000
2023-06-28,33.216514587402344,33.32294365738606,32.950432685022385,33.28424385510483,3081800
2023-06-29,33.293914794921875,33.458402780491845,32.964942514749865,33.11007875548996,2399000
2023-06-30,32.897212982177734,33.506780020906746,32.868187210656124,33.45840250471477,3015900
2023-07-03,33.20683670043945,33.23586247474545,32.587595575456525,32.674676589342766,1195000
2023-07-05,33.10040283203125,33.4051882159149,32.713378987356194,32.96494430184657,2830300
2023-07-06,32.935916900634766,33.003646162379546,32.626296363810646,32.75207716935498,3485500
2023-07-07,32.9746208190918,33.25521189669538,32.66499658727517,32.84883632094454,3464400
2023-07-10,32.60694885253906,33.01332447577111,31.98770769848923,32.08446274469636,6563900
2023-07-11,32.63597106933594,32.819807113469984,32.558567779004555,32.74724268221182,3581500
2023-07-12,32.57791519165039,33.36648311149096,32.529537674775206,33.04234968836245,4139000
2023-07-13,32.587589263916016,32.78110300073564,32.21991353305548,32.54888577835858,5477700
2023-07-14,32.113487243652344,32.51018882287967,31.866760778342567,32.51018882287967,3906300
2023-07-17,32.35537338256836,32.43761921552862,31.92964609669414,32.08445635437273,2880100
2023-07-18,32.897212982177734,33.17780774344625,32.403756411470944,32.44245620984378,3111700
2023-07-19,32.62630081176758,33.129435175441266,32.37473178444651,32.82948862470259,4909500
2023-07-20,32.68434524536133,32.78110396209251,32.40375419426001,32.78110396209251,3129100
2023-07-21,32.42310333251953,32.684346339991535,32.248945018505964,32.6553205694839,3163900
2023-07-24,32.1231575012207,32.48115550396429,31.84740163447799,32.39407450967883,4016100
2023-07-25,31.90062141418457,32.25861945521276,31.8135404105866,32.03607993289968,4132500
2023-07-26,32.07477951049805,32.3069930311336,31.813536531557528,32.026398310312224,5014900
2023-07-27,32.02640151977539,32.55372638871331,31.95867226188872,32.31667398610996,3185200
2023-07-28,32.161865234375,32.39407878916835,31.794189466489648,32.3263495281063,5216800
2023-07-31,32.365047454833984,32.70369370193958,32.23926298120879,32.23926298120879,3808600
2023-08-01,32.18121337890625,32.403756598415455,32.13283586243517,32.33602364619445,1945300
2023-08-02,32.24894332885742,32.34085949430501,32.036077847040254,32.12315884496841,2321700
2023-08-03,31.89094352722168,32.21991579562612,31.653891120729124,32.11348304835295,3655400
2023-08-04,31.987701416015625,32.48115796030521,31.697428952467718,31.832891157908332,3574400
2023-08-07,32.00705337524414,32.355373690106006,31.968349887714695,32.21024114832216,5276900
2023-08-08,33.79704284667969,34.077637558446746,33.2455311392574,33.37131561194043,14957000
2023-08-09,33.52613067626953,34.25663963625935,33.35196867086285,33.768021940337945,5866900
2023-08-10,33.37131881713867,33.90347883441665,33.01815596448184,33.719639120307235,5052300
2023-08-11,33.477752685546875,33.76802518307803,33.11008058635217,33.2068356248838,2672000
2023-08-14,32.742401123046875,33.48742664725923,32.655320121750165,33.35196813212384,5834400
2023-08-15,32.906883239746094,33.09072294757294,32.25861647689925,32.5198594635736,3445400
2023-08-16,32.500511169433594,33.08588759963998,32.49083714266404,32.82948344411638,3210200
2023-08-17,31.881271362304688,32.61661922763611,31.861919617037017,32.51018647414793,4366300
2023-08-18,32.365047454833984,32.432776704255105,31.69742529487257,31.69742529487257,2764700
2023-08-21,32.1231575012207,32.46664262007795,31.98769899699164,32.29731948979162,3361300
2023-08-22,31.794187545776367,32.28764408812803,31.74581003236427,32.09413034351197,2974800
2023-08-23,31.871593475341797,32.02640374569501,31.784512467582612,31.842567703078064,2217200
2023-08-24,31.523273468017578,32.06026871540483,31.344272591576477,31.69743179440629,4405000
2023-08-25,31.37813377380371,31.81353876933109,31.18945889090312,31.639376771120137,2357500
2023-08-28,31.707109451293945,31.755486969139977,31.426514680431726,31.571650924937845,3141400
2023-08-29,32.09722900390625,32.28741283524884,31.668096924041077,31.736367852190387,4148000
2023-08-30,32.57512664794922,32.65314896517602,32.106977862643404,32.185003900356456,3281200
2023-08-31,32.24352264404297,32.74092560065824,32.20450962613577,32.59950620110925,4215200
2023-09-01,30.21489143371582,32.24352379123298,30.185633529487536,32.24352379123298,7248400
2023-09-05,30.653779983520508,31.199949256610203,30.136868615980024,30.136868615980024,5507000
2023-09-06,30.605012893676758,30.91711147310381,30.390446864298642,30.478224299099505,4585800
2023-09-07,30.097856521606445,30.790320881693397,30.044214549439086,30.64402577775534,3895500
2023-09-08,30.58551025390625,30.58551025390625,30.09785863307353,30.136869795413627,2910400
2023-09-11,30.897605895996094,31.52179935321032,30.54649614619147,30.585509167388977,3229100
2023-09-12,31.326738357543945,31.385257890068434,30.70254489256216,30.878099769649104,3371600
2023-09-13,30.605012893676758,31.453527476670686,30.536741968885682,31.34624353186004,4989600
2023-09-14,31.23896026611328,31.268221892007226,30.834210405949356,30.907358889954548,3327700
2023-09-15,31.092666625976562,31.741242316447458,31.04390220783348,31.25846825200368,7902500
2023-09-18,31.00489044189453,31.112172531769858,30.63915173221014,31.024395092626143,2721200
2023-09-19,31.2974796295166,31.355999160504112,30.986357672666227,31.034147320802443,3050100
2023-09-20,30.380695343017578,31.463280666935724,30.3709420874561,31.34624532068455,4993900
2023-09-21,31.34624481201172,31.5998257320086,30.312423922434064,30.390448105416468,5403400
2023-09-22,30.57575798034668,31.492543577827266,30.570880422245438,31.375504506317785,3711500
2023-09-25,30.4392147064209,30.692793784370636,30.21392062924309,30.55625191941439,2983500
2023-09-26,30.185636520385742,30.65378163685524,30.058846055356504,30.175883264595544,3016100
2023-09-27,30.156373977661133,30.38069325946111,29.795510987608118,30.22464490166607,2935000
2023-09-28,30.370941162109375,30.74155742118043,30.127115361231187,30.15637512702413,2761300
2023-09-29,30.429460525512695,30.78056841187133,30.3172990207146,30.54649586755117,2524600
2023-10-02,30.088106155395508,30.41483185688457,29.873538246125456,30.312425460320238,3780200
2023-10-03,29.454158782958984,29.990574824337617,29.346874830585932,29.95156180156803,3417300
2023-10-04,29.561439514160156,29.697983227324293,28.98113477900305,29.46390882196955,2729100
2023-10-05,29.454158782958984,29.761377966174575,29.15181343722462,29.57119413078112,2131900
2023-10-06,29.62971305847168,29.74675027148955,29.12255676270995,29.210334207412505,3092900
2023-10-09,30.21489143371582,30.302668866886975,29.37613198154269,29.463907554470698,2939300
2023-10-10,30.497732162475586,30.63427401811691,30.22952414879016,30.30267077420804,2084900
2023-10-11,30.419708251953125,30.8683468446503,30.28804209272853,30.595263130919246,1992800
2023-10-12,29.99057388305664,30.526989907599376,29.868660981092994,30.526989907599376,1919600
2023-10-13,30.185636520385742,30.322178380961848,30.00325454362004,30.127116985644555,2717600
2023-10-16,30.83909034729004,31.063409653887295,30.302672430358736,30.302672430358736,2489800
2023-10-17,31.121925354003906,31.32673813565916,30.65865595613761,30.731804441153486,2210200
2023-10-18,30.780569076538086,31.238960919866383,30.722051404255236,30.98538371989295,2099400
2023-10-19,30.088106155395508,30.868348024804728,30.07347534142678,30.858594768906695,2869100
2023-10-20,29.863784790039062,30.214892676927086,29.834525024363717,30.08810407948704,2109600
2023-10-23,29.746747970581055,30.156375394093867,29.649217277317387,29.893043080354936,1834600
2023-10-24,29.697982788085938,30.149547523740825,29.580945587139567,29.932055329735483,1612600
2023-10-25,29.50292205810547,29.893042969469786,29.463909036847415,29.67847693328022,2742100
2023-10-26,29.064035415649414,29.493169356325872,28.781198447193148,29.46390958983318,2908100
2023-10-27,28.712926864624023,29.29323160168017,28.66416058824752,29.005517081910114,2259700
2023-10-30,28.859222412109375,29.020146475990817,28.6446563735197,28.859222412109375,3635300
2023-10-31,29.63946533203125,29.736996029605777,28.888483239267053,28.93724765793265,5738900
2023-11-01,29.70773696899414,29.824774180916503,29.30786277364475,29.658972549168457,3959800
2023-11-02,30.185636520385742,30.644028381065045,27.957068729017195,28.400831636132867,5421900
2023-11-03,31.034147262573242,31.941179528502452,30.078350581155814,30.30266986879074,4111200
2023-11-06,30.526992797851562,31.03415096449572,30.322179996078017,30.936620261642084,2626100
2023-11-07,30.17588233947754,30.609891977497348,30.161251526119123,30.536743491435082,3621100
2023-11-08,29.77600860595703,30.068598834047094,29.64921814293958,30.068598834047094,4731200
2023-11-09,28.94700050354004,30.86834721948672,28.912865038909146,30.634274664770626,4888900
2023-11-10,29.385887145996094,29.532184126878338,28.907988759779347,29.005519460286383,3625000
2023-11-13,28.859222412109375,29.307861000135947,28.698296487984674,29.15181263384468,2443900
2023-11-14,29.346872329711914,29.780881939700034,29.322490122680374,29.444403018081225,3156900
2023-11-15,29.71748924255371,29.883290868820385,29.346874827498194,29.346874827498194,3129400
2023-11-16,29.337121963500977,29.961315454136102,29.08354289286962,29.805267081477318,8912200
2023-11-17,29.610204696655273,29.73699328964957,29.390761112392877,29.5809449320059,3644300
2023-11-20,29.883291244506836,30.088105896113877,29.52730577839134,29.63946542988718,5725100
2023-11-21,29.561439514160156,30.107610646330258,29.47853963495624,29.912549261949046,7439200
2023-11-22,29.610204696655273,29.756499799415817,29.37613216018977,29.629709346178362,5662900
2023-11-24,29.71748924255371,29.873537613129017,29.678478080031542,29.71748924255371,1442700
2023-11-27,29.473663330078125,29.688231234066947,29.376134493984992,29.61996030470443,4520000
2023-11-28,29.122554779052734,29.52242895090801,29.068912804250125,29.415145001302797,3488700
2023-11-29,28.849468231201172,29.33224412784467,28.63490219949473,29.200577974214625,4236900
2023-11-30,28.81045913696289,29.034778439865715,28.556880066629695,28.85922355577017,6639100
2023-12-01,29.454158782958984,29.639465060384584,28.8104587892073,28.86897646311837,5337000
2023-12-04,29.50292205810547,29.61020600632187,29.229836490028823,29.356626948874254,5883400
2023-12-05,28.751937866210938,29.463908755174838,28.313052542713006,29.463908755174838,4966000
2023-12-06,28.48860740661621,28.94700113057765,28.439842987585283,28.82996392056274,3936400
2023-12-07,28.60564422607422,28.859223294108254,28.449595855013786,28.51786678482231,3705800
2023-12-08,29.200578689575195,29.415144726538113,28.634902900997282,28.664160806803032,5149500
2023-12-11,28.95675277709961,29.32736717776968,28.878728594840478,29.220083229572158,2993800
2023-12-12,28.381324768066406,29.064035922615005,28.264287560297422,29.02502476018755,2965100
2023-12-13,28.820209503173828,28.868975780482685,28.025338715593787,28.264286963555744,4047900
2023-12-14,29.327369689941406,29.990576226075685,29.078668169012754,29.229838988702237,5498700
2023-12-15,29.044530868530273,29.50292271709172,28.800705060951003,29.36638086012518,10703700
2023-12-18,28.917739868164062,29.278602875166158,28.771444758390388,29.22008334306209,4226900
2023-12-19,29.2103328704834,29.229837521557506,28.873852061109545,28.986011710819728,3781600
2023-12-20,28.712926864624023,29.327367065022102,28.669038146006788,29.22983637251233,3223000
2023-12-21,29.229835510253906,29.278601785191842,28.62027102535356,28.820208101991145,3759000
2023-12-22,29.073789596557617,29.57607203933168,28.854345991485776,29.346875178451832,2640600
2023-12-26,29.142057418823242,29.181070437894338,28.69341886096445,29.015268827328452,2209800
2023-12-27,28.96650505065918,29.229835494206746,28.917738775748017,29.09329364494185,1869700
2023-12-28,29.005517959594727,29.200579350516684,28.912864822040607,28.986011448453873,1779500
2023-12-29,28.93724822998047,29.05916113929784,28.737311133109717,28.956754741929654,2127500
2024-01-02,29.4931697845459,29.756502106073714,28.693421424566587,28.937247234816052,2889600
2024-01-03,29.259096145629883,29.66872356607843,29.15181219781807,29.405391254309386,3485500
2024-01-04,29.31761360168457,29.551686145900913,29.06403454705606,29.48341521970155,2937400
2024-01-05,29.39563751220703,29.75650051053386,29.224960198281426,29.32736658663679,2268400
2024-01-08,29.795513153076172,29.863785942286178,29.268850372302076,29.35662781247164,2366100
2024-01-09,29.512676239013672,29.78088425772313,29.424898798673368,29.629711585971876,2556200
2024-01-10,29.91254997253418,30.053969386557874,29.09329511506051,29.434651615715083,5144700
2024-01-11,30.136869430541992,30.185635708180826,29.62971130455781,29.9418099007165,5670800
2024-01-12,30.370941162109375,30.47822510977361,30.049091179359895,30.185634892817077,3199100
2024-01-16,29.99057388305664,30.263659453142775,29.756501334515633,30.15637550413693,3765200
2024-01-17,29.883291244506836,30.21489450120903,29.63946542988718,29.746749383597695,2584600
2024-01-18,30.10761070251465,30.26365906621353,29.71261223551503,30.019833265403623,3201900
2024-01-19,30.26365852355957,30.34168270400997,29.824771345874073,30.24415201338617,2688500
2024-01-22,30.497732162475586,30.663533784430022,30.30267077420804,30.409954723779517,2493500
2024-01-23,30.741559982299805,30.917114871196723,30.41970997273658,30.634276025697602,2872500
2024-01-24,30.634275436401367,31.00489171921959,30.526991481862932,30.985385207441084,1741800
2024-01-25,31.33649444580078,31.434023282548747,30.85859421656781,30.907360495185113,2876200
2024-01-26,31.424270629882812,31.51204806763894,31.273096102338847,31.43402202497283,1707800
2024-01-29,31.551054000854492,31.57543806670662,31.268218927594738,31.375499144080248,2240900
2024-01-30,31.502290725708008,31.65638954474244,31.360871323735054,31.48278421642006,1844900
2024-01-31,31.502290725708008,31.985064739004486,31.34624237189065,31.551055138684767,3525400
2024-02-01,31.60957908630371,31.697356530129696,30.995138839765207,31.5900725742883,2634700
2024-02-02,31.0146427154541,31.512049458183583,30.946371785351882,31.404765505026766,2561400
2024-02-05,30.634275436401367,30.990260905264034,30.61476892462286,30.77081729836421,3565500
2024-02-06,30.83909034729004,31.02439663000428,30.43921429346257,30.546498248897503,4481400
2024-02-07,28.742183685302734,32.14599151768659,28.673912761195822,32.058214083765364,7922800
2024-02-08,28.06922721862793,29.122554617215265,27.81077060149194,29.01527066820624,7354100
2024-02-09,29.034778594970703,29.117678479434602,28.030215564081633,28.17651068152832,6355500
2024-02-12,29.688232421875,29.815021030014787,28.966508216498912,28.99576612440012,5056500
2024-02-13,28.95675277709961,29.420022173119627,28.56175430802593,29.29810927207453,3787300
2024-02-14,29.50292205810547,29.58094624037833,28.90798650562286,29.064034870168584,3599700
2024-02-15,29.805265426635742,30.02958657759095,29.493168698646347,29.512675209206492,4223600
2024-02-16,29.688232421875,29.85890975210998,29.424900089303847,29.7369968418726,2775500
2024-02-20,29.346872329711914,29.72236427077571,29.317612565128176,29.532180451589287,2752900
2024-02-21,29.2103328704834,29.40539240292764,28.78607462042448,29.307861706583864,3067500
2024-02-22,29.112802505493164,29.36638157477582,28.888483203519662,29.151813668328703,2648500
2024-02-23,29.483417510986328,29.693107863605025,28.937248198703,29.270800995554083,3628700
2024-02-26,28.898235321044922,29.532183940211905,28.849470901221327,29.34687579644417,2938000
2024-02-27,28.8397159576416,29.132308040192164,28.75681607674373,28.97625781335257,2723500
2024-02-28,28.712926864624023,28.893357436609005,28.659284890731485,28.8007043018585,2854800
2024-02-29,29.054283142089844,29.36637986760418,28.829961992913596,28.90798617429218,5212100
2024-03-01,28.69342041015625,29.151812247531936,28.508112280049808,29.112801086597717,3217400
2024-03-04,28.322805404663086,28.58613585100813,27.698610100871345,28.55687794599379,3900500
2024-03-05,28.36216926574707,28.859147958492844,27.968523984445167,28.185028419899023,4544700
2024-03-06,27.968523025512695,28.598355454001226,27.835667395681767,28.31296333873562,4124200
2024-03-07,28.2047119140625,28.263758238588398,27.894715425466106,27.988207472768327,4007200
2024-03-08,28.401533126831055,28.529467132128634,28.21455092488968,28.253914512270217,3289400
2024-03-11,29.45453643798828,29.6661211277311,28.450739567168693,28.450739567168693,3562000
2024-03-12,28.992002487182617,29.56279050656755,28.824704880595906,29.52342503886563,2763700
2024-03-13,29.306921005249023,29.48898160328044,29.031368358649683,29.031368358649683,3375900
2024-03-14,28.85422706604004,29.326601415543433,28.677086215714066,29.218350133604414,3363900
2024-03-15,29.0805721282959,29.380727241758393,28.82470410332825,28.82470410332825,5970300
2024-03-18,29.23802947998047,29.40532895475154,28.878828052952606,29.208507257817093,2867400
2024-03-19,29.336442947387695,29.562790633548325,29.144540984138605,29.28723798959776,2735000
2024-03-20,29.73992919921875,29.95151389349634,29.06089178121275,29.1986671627707,3046700
2024-03-21,30.02532386779785,30.074528825995937,29.58247173581973,29.877707116154756,2617700
2024-03-22,29.562789916992188,30.28119279478565,29.410251548262575,30.094210581028182,1999300
2024-03-25,29.73992919921875,29.956435515437008,29.592312450828263,29.71040697576993,3206000
2024-03-26,30.094209671020508,30.31071410137004,29.671040299704355,29.867863874239358,3419300
2024-03-27,30.67483901977539,30.71912423289107,30.15817945145837,30.3303986818811,3788900
2024-03-28,30.773250579833984,30.86182100539414,30.443571356460325,30.743726478964323,4151200
2024-04-01,30.851980209350586,30.861821576489252,30.443571919815763,30.773251149290104,2744400
2024-04-02,30.53706169128418,31.245623178975375,30.43864990428711,30.81261244241751,2260900
2024-04-03,30.911026000976562,30.960230958770754,30.335320111179442,30.53706344141375,2779900
2024-04-04,30.645313262939453,31.299750057284783,30.596108307491132,31.068482637170458,3237800
2024-04-05,30.5272216796875,30.920866968097158,30.45833398884691,30.72404338536793,6128200
2024-04-08,30.714202880859375,30.90118510199698,30.251669888623038,30.45833484399594,3669700
2024-04-09,30.851980209350586,31.024199441655114,30.566586193475818,30.724044313596774,3662600
2024-04-10,30.37960433959961,30.59610877474685,30.099130082704903,30.43865066244908,2688600
2024-04-11,30.25166893005371,30.546904303081615,29.882626121555422,30.389444311237458,2556500
2024-04-12,29.61199378967285,30.20246263247061,29.582469690565915,30.11389221219851,2349200
2024-04-15,29.86786651611328,30.551825588694488,29.543108903339153,29.611996597405046,4615300
2024-04-16,29.917070388793945,30.113893973588496,29.602154154761717,29.82849996334128,3131000
2024-04-17,29.976118087768555,30.26151211110062,29.818659963533243,30.153258946795503,2107200
2024-04-18,30.281192779541016,30.418968159583063,29.907228352214347,30.14341552245019,2029300
2024-04-19,30.89134407043457,31.019279967304836,30.379606114100127,30.399286971500352,2436800
2024-04-22,30.90118408203125,31.09800766378988,30.73880622257185,31.09800766378988,2431700
2024-04-23,31.20625877380371,31.299750819299877,30.86182032318239,30.979912969952906,1972000
2024-04-24,31.20625877380371,31.33419466436201,30.876581434766507,31.03896117038694,2394800
2024-04-25,31.17673683166504,31.27514862289341,30.768328555034365,30.930708292118503,2392300
2024-04-26,30.714202880859375,31.18657911726221,30.58626886242766,31.0192796303599,3166000
2024-04-29,31.068485260009766,31.166897056263185,30.724044911647244,30.783093115628628,2564700
2024-04-30,30.517379760742188,31.04880042121885,30.423889593014014,30.970071364961242,3475800
2024-05-01,30.83229637145996,31.024198331172872,30.45833381882054,30.45833381882054,2258100
2024-05-02,31.157054901123047,31.17673763528583,30.674839176427955,30.98975541483709,2011300
2024-05-03,31.59990692138672,31.624507523428843,31.225942481828355,31.373559233422935,2587700
2024-05-06,32.04275894165039,32.05259843161345,31.629429035346586,31.855774845473427,2612200
2024-05-07,31.806568145751953,32.24449863003138,31.7475199469141,31.983708988168065,4354700
2024-05-08,32.63322448730469,32.702112176259845,31.206258244195396,31.86561666517724,4277800
2024-05-09,32.790679931640625,33.607496397248745,32.682426785201265,33.2335320061211,4287800
2024-05-10,32.87925338745117,33.20893072457315,32.72671689650466,32.93830158754218,2488200
2024-05-13,32.65290832519531,33.27290130086544,32.61354285757552,32.95798506810231,3073900
2024-05-14,32.780845642089844,33.066235909488235,32.6627492340997,32.87925556131718,2627200
2024-05-15,32.4364013671875,32.92845844043038,32.397035900344655,32.84973126084225,2463200
2024-05-16,32.160850524902344,32.47576675064136,31.934504722283517,32.259260437659215,3927700
2024-05-17,32.328147888183594,32.347830621408825,31.983709441985827,32.21005524292972,2229200
2024-05-20,32.46592712402344,32.5348148134821,32.12148492263261,32.278943034837766,1908600
2024-05-21,32.34783172607422,32.75624000772534,32.31830950227695,32.46592812945855,2204600
2024-05-22,32.4856071472168,32.50528988113718,31.99355006150005,32.16085142277451,2280500
2024-05-23,32.44624328613281,32.74639838888313,32.14116656170371,32.387195088279555,2546500
2024-05-24,33.076080322265625,33.09576305762593,32.53481823919989,32.63322816190351,2045400
2024-05-28,32.96782302856445,33.32210471251208,32.80544329773888,33.04655396015168,2546900
2024-05-29,33.27289962768555,33.454958336601166,32.74147710383456,32.96782290011981,3043600
2024-05-30,33.72559356689453,34.030670315687615,33.066235110883085,33.35162912548651,3409700
2024-05-31,33.883052825927734,34.24717403543884,33.56321495425949,33.74527743606395,5502300
2024-06-03,34.257015228271484,34.4439955670173,33.87320755279703,34.0798743793133,2853900
2024-06-04,33.97161865234375,34.48335842684942,33.95193592015923,34.08971129135358,3276400
2024-06-05,34.07987594604492,34.19796859941351,33.73543372208138,34.050349967129456,2757700
2024-06-06,33.804317474365234,34.35542271598765,33.725590299331934,33.96177557852916,2714300
2024-06-07,33.56813430786133,34.07495249522128,33.518929351106515,33.55829106405183,2413600
2024-06-10,33.15480041503906,33.484481469155604,32.918615149450886,33.361467215050105,3236900
2024-06-11,32.81036376953125,33.2335331267375,32.78084154826947,32.977661362144396,3165800
2024-06-12,32.88909149169922,33.125280528016724,32.63322347694452,33.07607557372898,2312000
2024-06-13,32.8005256652832,32.86941335386726,32.55449713345514,32.67258977758532,2204700
2024-06-14,32.65290832519531,32.830049175386776,32.40687978371801,32.603703367719376,2410100
2024-06-17,32.908775329589844,32.93830130643212,32.239577417326515,32.67259003943661,3176300
2024-06-18,33.02687072753906,33.4697190716756,32.96782252974207,32.987505262341074,2789700
2024-06-20,33.804317474365234,33.86336567121321,32.96782199988761,33.02687019673559,3676500
2024-06-21,33.91257095336914,34.08971179153162,33.65670293941076,33.84368326676122,5569300
2024-06-24,33.91257095336914,33.9913018832624,33.479562101248284,33.745273358492,1941400
2024-06-25,34.07003402709961,34.3259058324662,33.76496101452133,34.06019453647685,2879600
2024-06-26,33.873207092285156,34.00606460424637,33.450041463413164,33.7944799127616,2692800
2024-06-27,33.538612365722656,33.883050819990736,33.282740581897,33.873207576098736,2208200
2024-06-28,33.82400131225586,34.02082488741869,33.686225935871114,33.75511362406349,2919300
2024-07-01,33.577972412109375,34.32097961697174,33.53861070078817,33.961776314697346,2378600
2024-07-02,33.932254791259766,33.94209803486577,33.302422347984944,33.54845088077026,3082700
2024-07-03,34.22748947143555,34.276698182983836,33.94701708445935,34.01098690783307,1599900
2024-07-05,33.991302490234375,34.2766964850476,33.848605492827765,34.178282820923684,2677100
2024-07-08,33.97161865234375,34.20780393036341,33.94209643111562,34.17828170913528,2053000
2024-07-09,34.63097381591797,34.70970474585832,33.80431782203114,33.80431782203114,2377000
2024-07-10,34.7589111328125,34.92621248878336,34.62113575383505,34.73922839951608,1767900
2024-07-11,35.073829650878906,35.32970144636667,34.86716656889878,34.936054262892156,1913900
2024-07-12,35.16239929199219,35.54620322253076,35.13287706782697,35.19192151615741,1533700
2024-07-15,35.41827392578125,35.723346944245876,35.13287988894184,35.22145032264724,2844400
2024-07-16,36.14651107788086,36.2941296971146,35.447790955582335,35.52651813283555,2818000
2024-07-17,36.85507583618164,36.904280793086244,35.42810956136279,36.06778526341532,3206800
2024-07-18,36.5106315612793,37.34713079765902,36.49095258291035,36.77634281842834,2395400
2024-07-19,36.30397415161133,36.63857314741826,36.23508645430678,36.49095826209334,1900700
2024-07-22,36.45158767700195,36.510632121209014,35.87096019968226,36.333491280393005,2300900
2024-07-23,36.48111343383789,36.56476224063441,35.920168634935216,36.34333804520885,2073000
2024-07-24,36.50079345703125,36.72221763600819,36.23508218980042,36.490953967473445,1634900
2024-07-25,36.48111343383789,36.815712415121745,36.36302077988411,36.530318393477145,2443500
2024-07-26,36.914119720458984,37.09126056589495,36.38270093824861,36.65825169599455,1851400
2024-07-29,37.18967819213867,37.288088114927014,36.82555321880639,37.051902798595826,1576800
2024-07-30,37.809661865234375,37.937597749196215,37.16998995361989,37.238877640192264,1921400
2024-07-31,37.43570327758789,37.8391899301161,37.425860033764174,37.73093677264065,1982500
2024-08-01,37.16999435424805,37.84903181118141,37.10602828174274,37.65220821734487,2462700
2024-08-02,36.71730422973633,37.376658979054085,36.609051060959274,37.189678621956055,2132500
2024-08-05,35.78239440917969,36.45159239349532,35.51668311357514,36.19572058849928,3708900
2024-08-06,38.1934700012207,38.3656892198345,36.26460349045397,36.274446733858994,5089000
2024-08-07,38.60679626464844,39.177584253074066,38.203309627832795,38.55759130973871,3467500
2024-08-08,38.67568588256836,38.86266997629372,37.908078036194034,38.4690228091749,2743800
2024-08-09,38.7052116394043,38.902031467742994,38.5477497701772,38.80362155357365,2618700
2024-08-12,38.21315383911133,38.84298628774165,38.173788372547556,38.665845442302185,2456200
2024-08-13,38.36076736450195,38.562512558004705,38.2328314796977,38.29187967747598,2814600
2024-08-14,38.43949890136719,38.577274277592934,38.23283208293113,38.24267532643151,2517400
2024-08-15,38.37061309814453,38.99060232161628,38.20331173729671,38.833144204752365,2453100
2024-08-16,38.91187286376953,39.207106346355104,38.81838082188009,39.138218658888384,3230000
2024-08-19,39.0693359375,39.20218970761637,38.83314686895125,38.95124328027457,2646400
2024-08-20,39.43345260620117,39.48265756152909,38.87250785644857,38.92171281177649,2322800
2024-08-21,39.7680549621582,39.77789445242703,39.32028495002014,39.42361649128277,1662500
2024-08-22,40.122337341308594,40.260112731938555,39.76805562020423,39.85662605048032,2412200
2024-08-23,40.358524322509766,40.50614296377702,40.10265626562423,40.24043166195475,1590000
2024-08-26,40.42741012573242,40.737404724159624,40.32899646060655,40.368361926656895,1902300
2024-08-27,40.38804626464844,40.45693395592532,40.19614430264889,40.34868079703376,1675900
2024-08-28,40.57502746582031,40.66851951486501,40.333920541234065,40.36836438760353,1515700
2024-08-29,40.41756820678711,40.75708879292801,40.37820273944662,40.535660854710976,1802400
2024-08-30,40.71280288696289,40.76692946760485,40.37820391303883,40.5356620328797,2377400
2024-09-03,40.378204345703125,40.766929904434456,40.210906733997305,40.60455016076863,3745000
2024-09-04,40.79426956176758,41.190524295883534,40.44259528024814,40.447549503640026,2554800
2024-09-05,40.041385650634766,41.0122093550268,40.016622092021436,40.9329568979478,2234000
2024-09-06,39.93241882324219,40.31876510053527,39.75410457541997,40.031480614714475,2558100
2024-09-09,39.68476104736328,40.07110732934655,39.37766344372688,39.70457416169129,4603300
2024-09-10,39.516353607177734,39.81354278027771,39.41729180913286,39.62532385240631,2429300
2024-09-11,39.03094482421875,39.49653980165274,38.60001807442588,39.44700890349576,2862900
2024-09-12,38.5455322265625,39.14981899800264,38.35235908211396,39.13991055117874,2407000
2024-09-13,39.28850555419922,39.31327289136856,38.71394036572835,38.71394036572835,2987500
2024-09-16,39.338035583496094,39.6946640686785,38.976456654160884,39.199347567917386,3128800
2024-09-17,40.15035629272461,40.48222123636825,39.36775905552091,39.36775905552091,2947000
2024-09-18,40.21969985961914,40.754642607468575,40.0611987245858,40.09092028544309,3579800
2024-09-19,40.100826263427734,40.586238130996634,39.99185602097562,40.56642501609941,2871100
2024-09-20,39.83335494995117,40.81408335475841,39.823450281967986,40.417828614056134,15009400
2024-09-23,40.72492599487305,40.73978488624575,39.91260718213321,40.06119987482547,5505400
2024-09-24,41.923587799072266,42.04741692271767,40.67539189547113,40.734827456283355,4366900
2024-09-25,41.58677291870117,41.98302763059377,41.33416044539552,41.854244282383924,4046800
2024-09-26,41.903778076171875,41.9533089738445,41.47780555404981,41.61649357911927,4166900
2024-09-27,41.87405776977539,42.23563670206335,41.784900647751705,42.03255890015471,1858600
2024-09-30,41.93349838256836,42.11577298749847,41.705649457958,41.93349838256836,2410300
2024-10-01,41.923587799072266,42.14152826595697,41.24995706412405,41.83443067888897,2128300
2024-10-02,41.596683502197266,42.072186913521094,41.52733571193267,41.67593218126864,2033500
2024-10-03,41.50752639770508,41.60658819133647,41.16080256206482,41.49761795096282,2127600
2024-10-04,41.41836929321289,41.92359048733786,41.37874306415382,41.66602755638429,1613000
2024-10-07,41.23014831542969,41.418371021833266,40.74474021557545,41.418371021833266,1985100
2024-10-08,41.19052505493164,41.43818332357659,40.92305367131926,41.07164636512706,2455300
2024-10-09,41.34902572631836,41.55705776266691,41.08155434574227,41.11127212837342,1847500
2024-10-10,40.962677001953125,41.31930552109482,40.85371053574015,41.28958773748813,1588200
2024-10-11,41.00230026245117,41.40845965116947,40.96267403453595,41.09145738577788,1797800
2024-10-14,41.16080093383789,41.22024027504456,40.913142680591015,41.17070938018819,1242900
2024-10-15,41.43817901611328,41.849288827315775,41.170707660304316,41.249956332970925,2177100
2024-10-16,41.68584060668945,41.799761291352276,41.34902521813666,41.38864766816949,1286500
2024-10-17,42.17124938964844,42.196016727927024,41.56201216923382,41.56696261371733,1667400
2024-10-18,42.07218933105469,42.44862719146351,41.97807797646978,42.44862719146351,1275800
2024-10-21,41.6561164855957,42.13161986745562,41.55210047509181,41.98302718629218,1578100
2024-10-22,41.834434509277344,41.93350008464315,41.6264024694571,41.666028699603416,1236400
2024-10-23,41.46790313720703,41.98303281469,41.43818535278326,41.735374533917344,1626400
2024-10-24,41.31930160522461,41.62639919626277,41.20042670309839,41.52733362868674,3851900
2024-10-25,41.31930160522461,42.002840795121635,41.235098707008746,41.70564787135858,1354700
2024-10-28,41.616493225097656,41.745276581123164,41.378743406705425,41.62640167192705,2027300
2024-10-29,41.60658645629883,41.82947737215727,41.36883287094679,41.616491123662854,2425100
2024-10-30,41.63630676269531,41.973122157976405,41.37874382699343,41.59668431187097,2748100
2024-10-31,41.60658645629883,41.96321494484437,41.457989993083174,41.74527447318542,2729900
2024-11-01,41.48771286010742,41.80471513125342,41.38864728852108,41.69574489199101,2934400
2024-11-04,42.59722137451172,45.390806287918295,42.3000322137384,45.20258736785374,5996100
2024-11-05,43.19160079956055,43.49869841495263,42.37928197584244,42.74581893649389,7832700
2024-11-06,45.05398941040039,45.12333341965907,43.93952726007364,44.66764313625486,6281400
2024-11-07,44.2515754699707,45.093615809686746,44.11288745092609,44.8360491066338,3742300
2024-11-08,44.18223190307617,44.55867351494362,43.736450059956844,44.02373076844226,4643600
2024-11-11,45.361087799072266,45.38090091334394,44.31101541646425,44.31101541646425,3728100
2024-11-12,46.460689544677734,46.528049596220384,45.29174229397997,45.43043031033987,3651800
2024-11-13,46.29227828979492,46.66871987695373,45.70780468563976,46.66871987695373,2518100
2024-11-14,47.035255432128906,47.139271445965406,46.54489314433824,46.63900449069916,3787700
2024-11-15,45.212493896484375,47.12441607406802,45.14314988208209,47.06497672788091,8087900
2024-11-18,44.95492935180664,45.423498366264575,44.87567689304887,45.08370892884019,6035200
2024-11-19,45.33136749267578,45.34623016301471,44.40017376992812,44.598301139162686,4026400
2024-11-20,45.27193069458008,45.4106187155787,44.836049738338524,45.25211758029954,4910700
2024-11-21,46.203125,46.371534584118244,45.05399080936238,45.27193129035122,2511000
2024-11-22,46.411155700683594,46.648909289382225,46.08424876755869,46.18331055845349,1967600
2024-11-25,45.648372650146484,46.7628348287657,45.41061905596304,46.69844126212999,6238300
2024-11-26,45.717716217041016,45.87621735196849,45.479962625167225,45.856404237731915,3916800
2024-11-27,46.27246856689453,46.47059593143878,45.62855935583218,45.72762114862172,2103900
2024-11-29,46.678627014160156,46.91142637934176,46.31209385353651,46.391346309328156,1456900
2024-12-02,46.3319091796875,46.68853768984762,46.19817159889482,46.67862924291803,3322300
2024-12-03,45.975276947021484,46.53003278223837,45.778139681909124,46.38143632204806,3142900
2024-12-04,45.866310119628906,46.02976548218412,45.65827808308513,45.97528036133238,2542900
2024-12-05,46.21303176879883,46.24274955004912,45.75733770882573,45.816777050291364,5140200
2024-12-06,46.559749603271484,46.59937582903435,45.965371332688015,46.2130295752586,4230700
2024-12-09,45.796966552734375,46.78759962663034,45.3561351371679,46.73806872872859,4293000
2024-12-10,45.93565368652344,46.30714108202134,45.70780853742722,45.74743476656531,4985500
2024-12-11,45.63846206665039,46.09415234028757,45.4799609376042,46.04462144601657,3279700
2024-12-12,46.896568298339844,47.12936766754097,45.7870603508556,45.84649591476047,4106200
2024-12-13,46.639007568359375,47.22645150782893,46.55975510746459,46.81731804744199,2063200
2024-12-16,46.61919403076172,46.85198962985902,45.62856095234408,46.68853804393373,5059400
2024-12-17,48.6103630065918,48.83820815248523,46.88170940861795,47.243288352266056,6273500
2024-12-18,48.96699142456055,50.15575182726217,48.81839495711091,48.996709206464416,7955900
2024-12-19,48.38251876831055,49.09577578028927,47.951592027079194,48.72923882748619,6316500
2024-12-20,49.0660514831543,49.165117050941994,47.768324666338096,48.51129941940325,9511700
2024-12-23,48.9868049621582,49.363246578376014,48.258689067499944,48.77877292910304,2306600
2024-12-24,49.52174758911133,49.53165225681801,48.91746082694372,49.1353975271774,1324400
2024-12-26,49.36324691772461,49.645577187087554,49.14530643647419,49.19483733340423,1591400
2024-12-27,49.00661849975586,49.40286945485894,48.71933400650461,49.36324700462428,1255400
2024-12-30,48.38251876831055,48.81839595398353,48.075421159494105,48.81839595398353,1692400
2024-12-31,48.12495422363281,48.5608313947056,48.09027843991153,48.25373379617574,1490800
2025-01-02,48.53111267089844,48.75895780901021,48.14476262387584,48.392420875601466,2118700
2025-01-03,48.8580207824707,48.98680413460004,47.84757463746035,48.659893420494434,2605000
2025-01-06,49.16511917114258,49.81398260753232,48.9868049204001,48.9868049204001,3114600
2025-01-07,48.768863677978516,49.49697956062673,48.64008032579782,49.16511840208908,2672900
2025-01-08,48.51129913330078,48.749048936659065,47.99121529763644,48.709422709777684,2251300
2025-01-10,47.73860549926758,48.30326603758174,47.074883167165574,48.26364358744573,3441100
2025-01-13,47.73860549926758,48.23887624951617,47.51076035038337,47.51076035038337,2223200
2025-01-14,48.36270523071289,48.76886463032328,47.94664116334063,48.2834565517223,4287800
2025-01-15,48.085330963134766,48.763912209378276,47.976360718900395,48.64008307346928,3491200
2025-01-16,47.86738967895508,48.5063484630998,47.81785878120791,48.14476572951145,2700900
2025-01-17,47.55038833618164,48.392424951382054,47.53057522089906,48.23392380808673,3970500
2025-01-21,47.451324462890625,47.61477604363211,46.906473263868435,47.263101765422896,4703900
2025-01-22,47.68907165527344,47.8574812290636,47.13431959799988,47.41169562663666,4045000
2025-01-23,48.105140686035156,48.1338683784423,47.64944662601142,47.7683253089559,3504300
2025-01-24,48.6103630065918,48.64008078854503,47.85252933506328,48.08532870427064,3297800
2025-01-27,49.68024826049805,50.18546944604741,48.4023307372733,48.4568158565634,2985800
2025-01-28,49.5712776184082,50.036872571781174,49.46230738071503,49.551464504376256,2907700
2025-01-29,49.95762252807617,50.39845391107451,49.58118092969652,49.90809163383372,2256200
2025-01-30,50.54209518432617,50.60153452366086,49.759494221761656,49.97743468702391,2975700
2025-01-31,50.700599670410156,51.552544695844894,50.576770539479874,50.799661463568306,3812600
2025-02-03,51.4633903503418,51.6466550554804,50.026971598165744,50.12603339667497,6947700
2025-02-04,54.12818908691406,55.03461923192879,52.642239516318845,54.910790101045855,6961000
2025-02-05,54.01921844482422,54.45509940082388,52.87999271656408,54.247063590476245,4346400
2025-02-06,52.74130630493164,54.237160577756086,52.68186696030934,54.237160577756086,3469100
2025-02-07,52.2955207824707,53.27624540761715,52.24103566118865,52.998869356701434,2976700
2025-02-10,52.7512092590332,53.46446625546644,51.49310484764242,52.503550999601124,3312700
2025-02-11,52.88990020751953,53.09793225000693,52.55308480488813,52.66205504970495,2290000
2025-02-12,54.187625885009766,54.380799017796726,52.58280148225468,52.87999062662192,5126500
2025-02-13,54.93060302734375,54.98013392373426,53.751747286837684,54.078658005152356,2990100
2025-02-14,55.108917236328125,55.3367623827263,54.62350538254756,55.29713615405744,3521200
2025-02-18,55.76273727416992,55.841985955925814,54.72257329047854,55.10891958908117,5058100
2025-02-19,56.921775817871094,57.17934253465647,55.505170212447425,55.63395357084011,8093400
2025-02-20,56.842525482177734,56.99111817233801,56.05992446551864,56.77318147097657,4699200
2025-02-21,56.41655349731445,57.57559236308771,56.39674038264757,56.85243068309012,4256300
2025-02-24,57.45671844482422,57.83316007205576,56.50571159820638,56.62458650929229,4754600
2025-02-25,56.37692642211914,57.610263504647286,56.0004848070269,57.610263504647286,5553100
2025-02-26,56.30758285522461,57.74400153714178,56.24814351164717,56.64439824423301,4417800
2025-02-27,55.88161087036133,56.991118841573915,55.73301439949092,56.51561542533995,3290900
2025-02-28,57.06045913696289,57.2486818250009,56.11936081263277,56.3075797217058,5383700
2025-03-03,56.49580001831055,58.18978535743186,56.3273942185247,56.8128022829375,4291700
2025-03-04,55.693389892578125,56.45617777554786,55.140614215681985,56.367020652110746,3482800
2025-03-05,56.08160400390625,56.15128265415286,55.30518258847165,55.812841868440046,3226700
2025-03-06,55.116050720214844,56.14132932429015,54.6283001759979,55.87256719296176,3817300
2025-03-07,55.4146728515625,55.62371259178423,54.09077474856621,54.86719613532792,4586400
2025-03-10,53.87178421020508,54.956785211095905,53.53334342651799,54.707931805361326,3852300
2025-03-11,52.478206634521484,54.060914423300154,52.478206634521484,53.871783407550765,3899700
2025-03-12,52.07008743286133,53.25462826465262,51.54251563617984,53.04559231737208,4476600
2025-03-13,50.805912017822266,52.23930626198469,50.69641591219567,51.87100428622381,4500900
2025-03-14,52.04022216796875,52.109900816694825,50.98508617457298,51.16923526169122,3365300
2025-03-17,52.219398498535156,52.448343179437266,51.821235321958234,51.940683895211144,2515400
2025-03-18,52.139766693115234,52.23930653664371,51.57238123115936,52.11985796496921,3036800
2025-03-19,52.69719314575195,52.7270581350152,51.910819309579935,52.06012906709042,2639500
2025-03-20,52.96595764160156,53.03066195690625,52.30898480636439,52.49811582377613,2946000
2025-03-21,53.155086517333984,53.80210306390066,52.47820498136783,52.756919567753386,16692500
2025-03-24,53.1451301574707,53.889700605105496,52.71212768258906,53.7821942378678,3738000
2025-03-25,54.70793151855469,54.82240575536118,53.09536252106498,53.29444600404927,5313800
2025-03-26,54.956783294677734,55.42462889624885,54.62829878510764,54.707929897621014,3709200
2025-03-27,54.668113708496094,55.09614186511992,54.45907776145699,54.727839892165086,2928500
2025-03-28,54.47898483276367,55.25540621084345,54.13059159829235,54.84728679451927,3149300
2025-03-31,56.34040832519531,56.60917045326057,54.329676191732084,54.67806943337137,10299200
2025-04-01,55.563987731933594,56.37027412774962,55.13098144205435,56.05174207445969,4094700
2025-04-02,56.77839279174805,56.86798016785136,55.30518111587259,55.30518111587259,3531600
2025-04-03,51.592288970947266,55.932289099193895,51.52758465641184,55.50426094525831,6555400
2025-04-04,49.50191879272461,51.9904528389939,49.31279157220072,50.3141781888389,5844200
2025-04-07,48.327327728271484,50.40774222700439,46.61521898186454,47.15174455329057,8048400
2025-04-08,47.23237609863281,50.13898198915715,46.834209139590406,50.13898198915715,5742100
2025-04-09,51.27375411987305,51.60722056990596,46.83421026656812,47.04324621635475,6581000
2025-04-10,49.29288101196289,50.93531114313096,48.03865777282942,50.616779100824374,4544800
2025-04-11,48.665771484375,49.82045113667257,48.12327288178939,49.29288313089917,4433400
2025-04-14,49.302833557128906,50.21861602814964,49.07886701980613,49.07886701980613,3920200
2025-04-15,49.830406188964844,50.22359501667616,49.01416734064314,49.32274312647114,4280800
2025-04-16,48.038658142089844,49.69104454820728,47.57081633728169,49.63132216306664,3681100
2025-04-17,47.74999237060547,48.4567351265776,47.68031372126746,48.307421565309525,3921600
2025-04-21,46.99347686767578,48.09838661173927,46.20709918351507,47.560862336702705,3836900
2025-04-22,47.97893524169922,48.05856635343207,47.37173235128022,47.90925659498243,2790200
2025-04-23,48.436824798583984,49.9548320315926,48.29746750451135,48.874805408126754,2884100
2025-04-24,48.79517364501953,49.15849747154705,47.809712540194155,48.187970759917185,2670400
2025-04-25,49.123661041259766,49.18338722595466,48.436827004675926,48.92458135334675,2770700
2025-04-28,49.28292465209961,49.63132168325838,48.91462269088739,49.32274210660943,2681800
2025-04-29,49.40237808227539,49.581552834236696,48.64088728504061,48.934532474687366,2480500
2025-04-30,49.5616455078125,49.69602467698202,47.9092590352747,48.93453385821755,3624200
2025-05-01,48.994258880615234,49.42228703478083,48.63391964144544,49.42228703478083,3370900
2025-05-02,49.24311065673828,50.26838542151825,49.178406344303646,49.253063121696684,3737300
2025-05-05,49.03407287597656,49.332699997457354,47.44141261501975,48.26760773596719,4424300
2025-05-06,49.31278991699219,49.43223848398731,48.66576956779909,48.67572583008288,3099200
2025-05-07,50.57696533203125,50.63668771658127,49.656204733402916,49.780631430817394,4209300
2025-05-08,50.188751220703125,51.19412106974194,50.13898130080649,50.73623173117054,3007800
2025-05-09,50.00958251953125,50.68148596138301,49.80054277103378,50.55705925744003,5679900
2025-05-12,52.17958068847656,53.46366518315792,51.78141751459509,53.43380398934726,8549900
2025-05-13,54.98664855957031,55.21559323034394,52.09994762038694,52.518019506877515,8488100
2025-05-14,54.38939666748047,55.05632573159826,53.961368530097765,54.69797624009633,5167000
2025-05-15,55.20563888549805,55.40472237049491,54.44912619915195,54.498896121100756,4531200
2025-05-16,55.82279586791992,55.832748333036655,54.9667395742242,55.21559297135893,3573100
2025-05-19,55.55403518676758,55.613757573422674,55.190707546742146,55.48435653753557,2555600
2025-05-20,56.240867614746094,56.53949093113631,55.46444623269124,55.55403360732845,3943800
2025-05-21,54.88710403442383,55.94224379315546,54.74774674118033,55.77302151050161,3535000
2025-05-22,54.727840423583984,55.08618993467443,54.33962971896988,54.88710645104623,3556400
2025-05-23,54.787567138671875,54.837337060760746,54.09873956969276,54.34958271100585,2906700
2025-05-27,55.5440788269043,55.58389628273901,54.81742734532778,55.165820590877615,3257900
2025-05-28,55.89247512817383,56.30059455206155,55.52416936239106,55.6535741935364,2756200
2025-05-29,54.49889373779297,56.00196657924473,53.901647106122404,55.89247427462626,3040500
2025-05-30,54.68802261352539,54.85724490253487,54.06091477037682,54.5188041217175,7009600
2025-06-02,54.88710403442383,55.39476708518395,53.91159918451788,54.459075892489395,3757100
2025-06-03,55.016510009765625,55.265363409232336,54.38939837989307,54.8871051788265,3262100
2025-06-04,53.77224349975586,55.23052458573489,53.612977474541836,54.956784324960054,3365900
2025-06-05,53.59306716918945,54.55861955455362,53.4935273303113,53.98127785689628,4688900
2025-06-06,54.120635986328125,54.15050097621412,53.54329807695281,53.95141749818068,2928600
2025-06-09,53.85187530517578,55.88252000062756,53.7523354620896,54.02109759506424,3671300
2025-06-10,54.47898483276367,54.67309017728361,53.57315862593678,53.82201202118814,2831900
2025-06-11,54.409305572509766,54.53373226873277,54.120634725944036,54.478984218618535,2022200
2025-06-12,53.573158264160156,54.73779412061656,52.717101982724145,54.4988931920199,3983800
2025-06-13,53.443756103515625,53.73242696579293,53.15011090710368,53.22476768834114,2355500
2025-06-16,55.066280364990234,55.066280364990234,53.56320749111255,54.00118811063946,3449500
2025-06-17,53.83197021484375,55.10112029784007,53.21481103849255,54.94683240235307,5924700
2025-06-18,54.459075927734375,54.91696526217405,53.593067178302555,53.81205938051347,3135800
2025-06-20,54.99660110473633,55.71330010799303,54.69797778577987,55.04637102502882,11033100
2025-06-23,55.82279586791992,55.86260952558834,54.31772948921025,54.94683084678924,3327800
2025-06-24,55.64362335205078,56.166213228692484,55.45947046378562,56.166213228692484,2749500
2025-06-25,55.73320770263672,56.131370854084516,55.11604855251026,55.693390248331504,2207900
2025-06-26,56.4200439453125,56.54944877834898,55.623713813552584,55.733209918644874,2558900
2025-06-27,56.529541015625,57.0272478311233,56.21100895748222,56.73857696680589,3783000
2025-06-30,55.78297805786133,56.9376576613262,55.0264616089559,56.72862172039238,4108900
2025-07-01,55.71329879760742,56.300592956529194,55.354949304407505,55.50425906177319,5648000
2025-07-02,54.87715148925781,56.03183108513337,54.49889326729126,55.743160236864114,3520400
2025-07-03,55.99201583862305,58.42580182329907,55.00158035500518,55.076237135563666,3647000
2025-07-07,54.59843444824219,55.84270144840451,54.40930723121007,55.6834354242718,3078900
2025-07-08,54.83733367919922,54.98664723346001,54.493914782720246,54.71788511411144,2892600
2025-07-09,54.956783294677734,55.22554541916317,54.64820751253636,55.081209993206095,2071600
2025-07-10,56.46981430053711,56.768437627591766,54.81742784048627,55.1956860799297,5008300
2025-07-11,54.857242584228516,56.887887183316245,54.538710544826685,56.370271669987915,2322900
2025-07-14,55.70334243774414,55.738181760788486,54.757698787281356,54.797516241389594,2546200
2025-07-15,55.37485885620117,56.33045498749847,55.315132674044534,55.51421615069851,3471100
2025-07-16,55.42462921142578,55.5739427693895,54.439168082708605,55.40472048388385,2887100
2025-07-17,56.131370544433594,56.22095791752539,55.29522299464399,55.42462782182134,2753800
2025-07-18,55.99201583862305,56.42004399680998,55.812841084163324,56.340409084960505,2159900
2025-07-21,55.21559524536133,56.24087006867693,54.50884868251886,55.992016661293405,2703700
2025-07-22,55.6535758972168,56.201052634235204,55.02646424714761,55.38481376147286,2683900
2025-07-23,56.21100616455078,56.45985955993526,55.56398581767055,55.68343438423869,1847600
2025-07-24,56.011924743652344,56.52954028070545,55.802888795189055,56.21100822670378,2446800
2025-07-25,56.41008758544922,56.584288005360094,55.81781906823761,56.26077782192764,2413100
2025-07-28,56.141326904296875,56.82119303644508,56.02187454183224,56.42999395391618,2303900
2025-07-29,55.66352844238281,56.25580076814004,55.285273996455366,56.23091770567731,2357500
2025-07-30,55.20563888549805,55.922337912606096,55.00655540050119,55.763071884048934,3219500
2025-07-31,55.5042610168457,55.74814008437576,55.09614159014837,55.25540761526924,2930600
2025-08-01,55.28527069091797,55.35494933717014,54.469031865791244,55.22554450961549,3918700
2025-08-04,56.718666076660156,56.98245007126772,55.504260278027495,55.822796121230766,6540100
2025-08-05,54.63825225830078,57.73398918235518,54.10072799941255,57.65933240242044,9597100
2025-08-06,53.951419830322266,54.4889441050875,52.806692630048346,54.409309191551166,5175700
2025-08-07,53.622928619384766,54.41925872584536,53.42882327459754,54.26994896680983,3335900
2025-08-08,53.77224349975586,54.08082308488371,53.46366391462801,53.71251731635002,3558200
2025-08-11,54.25004196166992,54.36451619804582,53.612977856277794,53.961371102288616,3204300
2025-08-12,55.87256622314453,55.912379881123094,54.42822088228005,54.55862057981385,2842900
2025-08-13,58.84885025024414,58.84885025024414,55.99201431634229,56.0616929637154,4095200
2025-08-14,59.615318298339844,59.70490567182634,58.555204209750876,58.7592620177359,4004000
2025-08-15,58.09233856201172,59.963717201554125,57.96293373021955,59.68499881021703,4439100
2025-08-18,57.30596160888672,58.1819266547876,57.106878126109024,58.12220047079382,2456700
2025-08-19,57.88330078125,58.44072995184808,57.26614163208579,57.44531637897844,2148800
2025-08-20,58.69954299926758,58.84885276550525,57.893256591658194,57.98284397028146,3364800
2025-08-21,58.75926208496094,58.948393094316266,58.38100766065316,58.510408691347244,2012000
2025-08-22,59.14747619628906,59.958740736653645,58.81899167224335,59.10766253687862,2847100
2025-08-25,59.495872497558594,59.63522979674659,58.709494826767326,58.93843950360498,2526200
2025-08-26,58.79907989501953,59.66508864681839,58.42579980234053,59.535687615341395,3494400
2025-08-27,59.24701690673828,59.27687809911923,58.61990528632804,58.669675206030114,2129000
2025-08-28,59.18729019165039,59.29678629232956,58.789127040418755,59.29678629232956,1775500
2025-08-29,59.42619323730469,59.71983842940455,59.052913133800516,59.286835939548716,2455300
2025-09-02,60.77000045776367,60.81977037909092,58.92251379013266,59.10766154278357,3470700
2025-09-03,60.08000183105469,61.279998779296875,59.95000076293945,60.720001220703125,2506900
2025-09-04,60.810001373291016,60.869998931884766,59.96500015258789,60.529998779296875,3028700
2025-09-05,61.5,61.51499938964844,60.48500061035156,60.54999923706055,2103700
2025-09-08,62.47999954223633,62.689998626708984,61.099998474121094,61.40999984741211,2066000
2025-09-09,58.63999938964844,59.81999969482422,57.720001220703125,59.652000427246094,6434800
2025-09-10,57.189998626708984,58.34000015258789,55.66999816894531,58.34000015258789,6682000
2025-09-11,58.72999954223633,59.029998779296875,56.869998931884766,57.099998474121094,5408500
2025-09-12,58.25,59.130001068115234,57.849998474121094,58.2599983215332,3542600
2025-09-15,58.77000045776367,58.93000030517578,57.81999969482422,58.150001525878906,4956100
2025-09-16,57.470001220703125,58.77000045776367,57.439998626708984,58.61000061035156,4168200
2025-09-17,59.220001220703125,59.7400016784668,57.63999938964844,57.63999938964844,4669000
2025-09-18,59.84000015258789,60.5099983215332,59.20000076293945,59.22999954223633,4296000
2025-09-19,60.619998931884766,61.11000061035156,59.630001068115234,59.7599983215332,9054500
2025-09-22,62.41999816894531,62.47999954223633,60.72999954223633,62.400001525878906,5934300
2025-09-23,61.61000061035156,62.849998474121094,61.58000183105469,62.369998931884766,3610500
2025-09-24,60.15999984741211,61.66999816894531,60.005001068115234,61.4900016784668,3920900
2025-09-25,60.22999954223633,61.040000915527344,59.790000915527344,59.93000030517578,4171000
2025-09-26,61.150001525878906,61.380001068115234,60.56999969482422,60.66999816894531,3308400
2025-09-29,62.880001068115234,62.970001220703125,60.88999938964844,61.5099983215332,3831600
2025-09-30,63.060001373291016,65.30000305175781,62.93000030517578,63.0,10146400
2025-10-01,61.88999938964844,62.55500030517578,61.39500045776367,62.369998931884766,4188100
2025-10-02,62.060001373291016,62.560001373291016,61.63999938964844,61.779998779296875,2054100
2025-10-03,61.959999084472656,62.61000061035156,61.7599983215332,62.060001373291016,1977600
2025-10-06,61.380001068115234,62.349998474121094,61.369998931884766,62.060001373291016,2152900
2025-10-07,61.5099983215332,62.2599983215332,60.8650016784668,61.349998474121094,3082800
2025-10-08,60.15999984741211,61.599998474121094,59.810001373291016,61.5099983215332,2641100
2025-10-09,58.869998931884766,60.279998779296875,58.790000915527344,60.15999984741211,2517400
2025-10-10,57.27000045776367,59.27000045776367,57.16999816894531,58.95000076293945,2795900
2025-10-13,58.099998474121094,58.189998626708984,57.09000015258789,57.619998931884766,1762400
2025-10-14,58.11000061035156,58.25,57.25,57.75,2238000
2025-10-15,57.54999923706055,58.47999954223633,57.52000045776367,58.369998931884766,3248000
2025-10-16,57.0,58.0,56.40999984741211,57.66999816894531,2568400
2025-10-17,58.06999969482422,58.20000076293945,57.15999984741211,57.15999984741211,2552200
2025-10-20,58.18000030517578,58.58000183105469,57.560001373291016,58.369998931884766,1855900
2025-10-21,58.72999954223633,58.974998474121094,58.064998626708984,58.18000030517578,1613100
2025-10-22,58.58000183105469,59.45000076293945,58.15999984741211,58.72999954223633,1876100
2025-10-23,58.810001373291016,59.310001373291016,58.7400016784668,58.86000061035156,1820300
2025-10-24,59.380001068115234,60.04999923706055,58.959999084472656,59.150001525878906,2943900
2025-10-27,61.27000045776367,61.310001373291016,59.56999969482422,59.7400016784668,3495600
2025-10-28,61.11000061035156,62.15999984741211,61.04999923706055,62.10499954223633,3150000
2025-10-29,60.810001373291016,61.375,60.150001525878906,60.880001068115234,2937900
2025-10-30,65.51000213623047,66.55999755859375,62.0,62.93000030517578,6256000
2025-10-31,64.6500015258789,65.51000213623047,63.66999816894531,65.51000213623047,5501800
2025-11-03,63.619998931884766,64.9000015258789,62.619998931884766,64.2699966430664,4202600
2025-11-04,64.52999877929688,64.95500183105469,62.400001525878906,63.290000915527344,3779400
2025-11-05,64.77999877929688,65.6449966430664,63.61000061035156,64.33999633789062,4906100
2025-11-06,65.70999908447266,66.125,64.6500015258789,64.69000244140625,3889000
2025-11-07,65.97000122070312,66.63999938964844,65.16000366210938,65.55000305175781,4029900
2025-11-10,66.52999877929688,67.16999816894531,65.54000091552734,66.12000274658203,3276600
2025-11-11,66.44000244140625,67.21600341796875,66.12999725341797,66.73999786376953,4037800
2025-11-12,66.70999908447266,67.0999984741211,65.94000244140625,66.37999725341797,3316400
2025-11-13,65.44000244140625,66.63999938964844,65.2699966430664,66.3499984741211,3507900
2025-11-14,64.83999633789062,65.54000091552734,64.68000030517578,65.13999938964844,2642800
2025-11-17,64.55000305175781,66.11000061035156,64.30999755859375,65.11000061035156,3581900
2025-11-18,64.95999908447266,65.80999755859375,63.939998626708984,64.47000122070312,2736200
2025-11-19,64.77999877929688,65.62999725341797,64.68000030517578,64.87999725341797,2080000
2025-11-20,65.13999938964844,65.79000091552734,64.7300033569336,65.37999725341797,2670700
2025-11-21,65.69000244140625,66.34500122070312,65.16000366210938,65.25,3151700
2025-11-24,64.30000305175781,65.30000305175781,63.06999969482422,64.9800033569336,7055300
2025-11-25,64.7300033569336,65.08999633789062,64.37999725341797,64.58999633789062,2384100
2025-11-26,65.05000305175781,65.52999877929688,64.62000274658203,64.62000274658203,2159500
2025-11-28,65.5,65.69000244140625,64.94000244140625,65.41000366210938,1391700
2025-12-01,66.38999938964844,66.87999725341797,65.16999816894531,65.16999816894531,4117200
2025-12-02,66.25,66.73500061035156,65.41000366210938,66.54000091552734,3361100
2025-12-03,66.44999694824219,67.33000183105469,66.2699966430664,66.2699966430664,2744500
2025-12-04,67.79000091552734,67.87999725341797,66.30999755859375,66.4800033569336,3557800
2025-12-05,68.4000015258789,69.23999786376953,67.7699966430664,68.0199966430664,3768900
