Date,Close,High,Low,Open,Volume
2015-01-02,26.296133041381836,26.606492451873358,26.213203203540598,26.44758669096087,26480000
2015-01-05,25.795087814331055,26.218666661573288,25.71017466053814,26.17695453810655,41182000
2015-01-06,25.158479690551758,25.881988025936735,25.10435243288428,25.846731620823444,54456000
2015-01-07,25.084489822387695,25.399317861888598,25.010004697078788,25.372504277576205,46918000
2015-01-08,25.17188835144043,25.201185341632538,24.581459095460982,24.903737353275783,73054000
2015-01-09,24.864505767822266,25.25580791623763,24.76171626073284,25.23495185459241,42000000
2015-01-12,24.682762145996094,24.842658628436677,24.37736763109752,24.79101477343398,57138000
2015-01-13,24.91813850402832,25.25580972132809,24.69269412237646,24.95637461977738,60958000
2015-01-14,25.12322425842285,25.23892710981391,24.737387073000658,24.849612019428488,52800000
2015-01-15,25.027881622314453,25.312914481623768,24.92856622535341,25.27020975124383,51068000
2015-01-16,25.34817123413086,25.367536494599175,24.98219376296395,24.98517347094758,49658000
2015-01-20,25.322349548339844,25.603908287449528,25.294045162593612,25.462880766741375,46796000
2015-01-21,25.841272354125977,25.913772273257056,25.304970336915034,25.3670422244098,46356000
2015-01-22,26.680980682373047,26.7574529166339,25.916752747818578,25.970878116893022,56068000
2015-01-23,26.91188621520996,27.08370152568472,26.604010197082996,26.717229633167822,45966000
2015-01-26,26.652175903320312,26.889539089940442,26.421268434668356,26.889539089940442,30932000
2015-01-27,25.880996704101562,26.456527426992785,25.86460925644672,26.387999822512203,39148000
2015-01-28,25.445995330810547,26.104453953928072,25.44202301833719,26.070190154205545,35822000
2015-01-29,25.4857234954834,25.58305178585184,25.00156166084813,25.469336048228097,79018000
2015-01-30,26.69339370727539,26.96899302565216,25.731527649882253,25.772247169765592,121108000
2015-02-02,26.427724838256836,26.64125226187387,25.907314017760072,26.532997748958323,75378000
2015-02-03,26.482349395751953,26.68842661017287,26.16007114479037,26.315499005331883,47062000
2015-02-04,26.124813079833984,26.653664813920027,26.071678429296117,26.47440119470432,33896000
2015-02-05,26.31003761291504,26.352742341254977,26.10197140212147,26.215687137881527,33176000
2015-02-06,26.511150360107422,26.825978397110262,26.251442186766266,26.368633934834655,42938000
2015-02-09,26.28272819519043,26.511152291822977,26.196820534215004,26.371117367838757,30314000
2015-02-10,26.822999954223633,26.86471208066119,26.27726440571527,26.425243951817695,47430000
2015-02-11,26.715740203857422,26.911887597159794,26.6164248042471,26.801647863506236,38306000
2015-02-12,27.113494873046875,27.229195812790145,26.6660802729414,26.798168658938195,48590000
2015-02-13,27.369234085083008,27.43776169213445,27.142795200415954,27.18798333802686,47382000
2015-02-17,27.06383514404297,27.460598482634555,26.97693489359113,27.369229617669017,39174000
2015-02-18,26.946645736694336,27.189968353271183,26.7927086781,27.004745307527013,31164000
2015-02-19,27.135343551635742,27.155703310324675,26.852295927629633,26.937707274812855,30834000
2015-02-20,26.904438018798828,27.191457975915547,26.72070576937386,27.191457975915547,38234000
2015-02-23,26.5667667388916,26.780294174503883,26.417794593978833,26.765397528297687,32906000
2015-02-24,26.748016357421875,26.785257971379544,26.368134846501974,26.395446626259943,28406000
2015-02-25,27.179046630859375,27.290278971735635,26.716237123186563,26.737591383722975,40836000
2015-02-26,27.772947311401367,27.81465943512534,27.06780973212664,27.10008832378225,54032000
2015-02-27,27.93880271911621,28.27597760767765,27.66072000480966,27.71633616881427,68328000
2015-03-02,28.554058074951172,28.602225915579183,27.96462335224334,28.15580580793087,50406000
2015-03-03,28.741270065307617,28.84356327471937,28.329608138992487,28.620104108254722,50526000
2015-03-04,28.718427658081055,28.882296454962862,28.429916890422014,28.650892656908546,37964000
2015-03-05,28.872364044189453,28.960256904052777,28.713460178966177,28.782484080940353,35918000
2015-03-06,28.448787689208984,28.93940336854868,28.40707556301859,28.900670950555263,37592000
2015-03-09,28.50837516784668,28.575411969928673,28.257604222919717,28.350463898945073,23478000
2015-03-10,27.800756454467773,28.29286292472328,27.79926565325873,28.229300237849813,40080000
2015-03-11,27.594181060791016,28.015772823648753,27.580277019007337,27.798273072482495,40524000
2015-03-12,27.86630630493164,27.89957561048527,27.586238346336923,27.73272709752257,35602000
2015-03-13,27.460601806640625,28.024711890914418,27.32801710765712,27.76996862998029,35428000
2015-03-16,27.889644622802734,27.9944212414189,27.377178377429445,27.655757417484935,36856000
2015-03-17,27.689525604248047,27.839986665974966,27.530621719973734,27.723291211586453,28892000
2015-03-18,28.114093780517578,28.131473831613082,27.485428444569784,27.695479858828897,35324000
2015-03-19,27.990447998046875,28.153820488142077,27.91347946633433,28.032656425483843,24660000
2015-03-20,28.05400848388672,28.160772201362132,28.03067091004493,28.141406940210782,44320000
2015-03-23,28.07486343383789,28.286901953484733,27.960155095526584,28.10614752610461,30234000
2015-03-24,28.67919921875,28.894711873262917,28.209934005033546,28.23228086963132,79156000
2015-03-25,28.155807495117188,28.804830732516294,28.155807495117188,28.68068696216241,53070000
2015-03-26,27.98895835876465,28.165244187559384,27.724285252976486,28.039113308035006,49842000
2015-03-27,27.686542510986328,28.010309656539363,27.65575472142248,27.899075435719908,34552000
2015-03-30,27.86481285095215,27.915464099401266,27.648803906595596,27.8206192152022,24788000
2015-03-31,27.545021057128906,27.929865618223985,27.543530255894506,27.7059101448576,34932000
2015-04-01,27.28630256652832,27.73371526890904,27.11448726903038,27.551473835301326,38902000
2015-04-02,26.880104064941406,27.21231213414091,26.836901141849996,27.18301514599991,47760000
2015-04-06,27.011201858520508,27.090157493697927,26.601527036318895,26.757451203166113,33718000
2015-04-07,27.056392669677734,27.31957688343985,26.993328173473955,27.062848388861397,27318000
2015-04-08,27.254024505615234,27.386114787443763,27.112996994295276,27.112996994295276,28386000
2015-04-09,27.213306427001953,27.28034512315058,26.911886128333816,27.272400497786144,32366000
2015-04-10,27.239126205444336,27.304177790717688,27.062345998331416,27.29027375076817,26104000
2015-04-13,27.24409294128418,27.474007812329727,27.127895697211734,27.165139205072844,29326000
2015-04-14,26.80413055419922,27.141305464980213,26.603514551024027,27.141305464980213,47206000
2015-04-15,26.866697311401367,26.973461025945756,26.436166442929668,26.713752858458488,46962000
2015-04-16,26.989849090576172,27.07476224644108,26.720705490620833,26.733118730936337,31722000
2015-04-17,26.454540252685547,26.80512289968093,26.26882279213423,26.681475430560596,49234000
2015-04-20,27.040002822875977,27.10306920777139,26.48483185943039,26.504695317575145,38508000
2015-04-21,26.960054397583008,27.20089361665834,26.924797990901943,27.128393699781903,29128000
2015-04-22,27.27090835571289,27.361284621211258,26.880600713193274,26.967004666204737,31806000
2015-04-23,27.682069778442383,27.866300198753123,27.315597935325695,27.33198538048186,78184000
2015-04-24,28.48652458190918,29.034743476854363,28.22284221777329,28.80383600524126,92168000
2015-04-27,28.112106323242188,28.57888618556227,27.92241467040908,28.442329184183325,48062000
2015-04-28,28.025209426879883,28.19702474715317,27.855877512538974,28.02272602094751,37178000
2015-04-29,27.877225875854492,28.09820161501601,27.758545230442014,27.83352665142398,33622000
2015-04-30,27.25054931640625,27.863323522927168,27.14875241303415,27.73669635086005,47240000
2015-05-01,27.369234085083008,27.37221379333964,27.00623628864189,27.336955490872576,36572000
2015-05-04,27.452655792236328,27.643836356699698,27.182021399723894,27.36078872426724,35260000
2015-05-05,26.96601104736328,27.441233718193217,26.932739853326254,27.31957147108424,28528000
2015-05-06,26.570737838745117,27.010207824603842,26.42971032567519,26.94614883913076,39034000
2015-05-07,26.916353225708008,27.073271880651458,26.489796577324157,26.611456933848256,31844000
2015-05-08,27.259489059448242,27.450669630469733,27.213804622179723,27.25551674676623,28226000
2015-05-11,27.102073669433594,27.478975480283225,27.09313643960976,27.236645467635157,21858000
2015-05-12,26.751991271972656,26.962042708828612,26.566768211597903,26.95459249102892,35282000
2015-05-13,26.78972816467285,27.00573710021501,26.764401594339976,26.838392307668485,24238000
2015-05-14,27.271902084350586,27.2962360511174,26.939197694886442,27.012193912336173,31736000
2015-05-15,27.1373291015625,27.34142299328332,26.939196519982993,27.33099496267387,33440000
2015-05-18,27.146270751953125,27.229198702272882,26.926783892168544,27.004746925000333,26706000
2015-05-19,27.275875091552734,27.480463391188206,27.16861507756924,27.212312409087726,47126000
2015-05-20,27.436267852783203,27.613048070737275,27.06830517951552,27.35731222271834,30840000
2015-05-21,27.649799346923828,27.68952626608382,27.27687170172891,27.32156353864202,34170000
2015-05-22,27.53607940673828,27.720806143003497,27.491387576627886,27.533099698826458,24266000
2015-05-26,27.17209243774414,27.47698874610736,26.962537316389977,27.4397452365847,37474000
2015-05-27,27.522672653198242,27.57431650552318,27.14180042622904,27.24608073545722,34844000
2015-05-28,27.519195556640625,27.597654883751126,27.351354463922334,27.499830296710382,23544000
2015-05-29,27.079233169555664,27.50728064864665,27.065329127848308,27.470533440869946,43446000
2015-06-01,27.27239990234375,27.33993300503416,26.992828276673528,27.24856413248727,33210000
2015-06-02,27.507776260375977,27.748119170383895,27.140309874684945,27.18400910221827,31842000
2015-06-03,27.574316024780273,27.70839151757192,27.41839186594561,27.564880598600258,26710000
2015-06-04,27.395551681518555,27.607590223937724,27.2679318930562,27.41988375589475,26866000
2015-06-05,27.28829002380371,27.47698908523956,27.181526305472275,27.410944887307913,24396000
2015-06-08,26.98786163330078,27.30517307202973,26.96154245755187,27.29226163530132,27336000
2015-06-09,26.922313690185547,27.055396581279723,26.757946706195202,26.984881875977884,30016000
2015-06-10,27.440738677978516,27.54899319947313,27.0688055565594,27.098102547345352,30316000
2015-06-11,27.313615798950195,27.551475301597492,27.27041287400274,27.534591552307507,25872000
2015-06-12,27.185997009277344,27.254522719223417,27.09462623887655,27.170105863990887,25468000
2015-06-15,26.964027404785156,27.016167562688103,26.77582653401409,26.95061966499816,27150000
2015-06-16,27.056884765625,27.147261031578296,26.893015982585347,27.037519505368437,32526000
2015-06-17,27.142793655395508,27.230190217385907,26.90493414785387,27.084197781106997,24440000
2015-06-18,27.618513107299805,27.671645868555206,27.212314293543855,27.212314293543855,41192000
2015-06-19,27.6850528717041,27.70442002691917,27.423855793149702,27.635396122211944,59290000
2015-06-22,27.79231071472168,28.086780861124524,27.7540746038634,27.778904870949372,34752000
2015-06-23,27.976543426513672,28.05152674758106,27.666680307739384,27.797776096891308,31396000
2015-06-24,27.737192153930664,27.939298944455263,27.64979559563318,27.93135431941463,28924000
2015-06-25,27.706405639648438,27.964128605890064,27.68207356684318,27.82310108636662,26684000
2015-06-26,27.46358299255371,27.80820624113334,27.403498207244702,27.79380589629526,43676000
2015-06-29,26.877126693725586,27.356321730410468,26.826971745940263,27.150242613835125,37756000
2015-06-30,26.817039489746094,27.10803173823803,26.792209222109697,27.067808523179195,34510000
2015-07-01,26.978925704956055,27.103565780489916,26.80313807661679,26.99680205975123,30760000
2015-07-02,27.179540634155273,27.21231363426968,26.99233048281682,27.05043005431609,28124000
2015-07-06,27.09412956237793,27.241116497825892,26.91933454377543,26.926782866865597,25614000
2015-07-07,27.31311798095703,27.361285823759275,26.807605676965665,27.184009295182587,33578000
2015-07-08,26.899473190307617,27.226220087217786,26.87464481330359,27.093139077220005,27662000
2015-07-09,27.045961380004883,27.256012802218052,27.044472473118958,27.244592166575252,29766000
2015-07-10,27.615036010742188,27.77294727565601,27.410944007274423,27.4958571614817,43436000
2015-07-13,28.39068603515625,28.446302199335634,27.743648035721357,27.78387125200831,41792000
2015-07-14,29.008922576904297,29.28352929245654,28.51185119602049,28.528238643396033,74832000
2015-07-15,28.99799919128418,29.23287899897134,28.811783530729002,28.98707485743793,41466000
2015-07-16,29.88289451599121,30.017962613430722,29.194640698074817,29.273100026964865,112642000
2015-07-17,34.74138259887695,34.90922748114849,33.66778985790092,33.76710335233394,257162000
2015-07-20,34.40470886230469,34.65101121254199,33.85500287248694,34.21303386683376,102436000
2015-07-21,34.52934646606445,35.038332840025,33.97318106960316,34.00943007685339,75604000
2015-07-22,34.516937255859375,35.42219271935678,34.34412932824242,34.46330629487576,83100000
2015-07-23,33.50540542602539,34.56509783057572,33.349479387820985,34.35554084267086,76232000
2015-07-24,32.514244079589844,33.65736084388451,32.43529034189264,33.60671149075237,82622000
2015-07-27,32.68804931640625,33.1250340202171,32.354348530954475,32.35534113555465,58382000
2015-07-28,32.75707244873047,32.97755189891657,32.44671303297602,32.86135275779591,34364000
2015-07-29,32.844966888427734,32.93931737313179,32.41840828646361,32.88618271412222,36756000
2015-07-30,33.000389099121094,33.173693290563854,32.361295796076334,32.646828696488775,39606000
2015-07-31,32.649810791015625,33.02224209281428,32.634914145114415,33.00734544691307,34922000
2015-08-03,33.008338928222656,33.10517091771955,32.65775628367185,32.65775628367185,31348000
2015-08-04,32.83751678466797,33.17121757942854,32.79928256365863,32.98946864121203,26188000
2015-08-05,33.433902740478516,33.76263290813715,33.05104152791321,33.0594824551285,36448000
2015-08-06,33.27798080444336,33.50640490117635,32.81020638247692,33.46866698089444,40660000
2015-08-07,32.99195098876953,33.21093773520225,32.71784059331781,33.1602883837428,27544000
2015-08-10,32.92988204956055,33.35097751431134,32.78537851631666,33.12602754341603,34458000
2015-08-11,34.27857971191406,34.95888898592115,33.98162800418083,34.73940211747322,109880000
2015-08-12,34.336673736572266,34.561619881978714,33.792427193105084,34.48663657065435,58498000
2015-08-13,34.09037399291992,34.46379788223254,33.875357664631785,34.223951286199394,36354000
2015-08-14,34.23239517211914,34.37590610032731,33.911113301875275,33.96772207403173,27598000
2015-08-17,34.467777252197266,34.49905945413241,33.919060076797486,34.166355032485306,24680000
2015-08-18,34.20061492919922,34.5497048654418,34.03128113509334,34.316814070040046,27710000
2015-08-19,34.464298248291016,34.7701871793444,34.10477835726747,34.26914535347444,50194000
2015-08-20,33.74127960205078,34.569566399029604,33.532718996027384,34.21898757543321,57798000
2015-08-21,31.980928421020508,33.41404505144131,31.934745781651085,33.32217607506156,91880000
2015-08-24,30.693801879882812,31.169024582772078,29.45136971334161,29.824299210218552,129788000
2015-08-25,30.413734436035156,32.12840583620653,30.374007520780108,32.102090448703045,71430000
2015-08-26,32.761043548583984,32.89710614977157,31.302602415341504,31.934741895484446,87740000
2015-08-27,33.169227600097656,33.4681682812005,32.33200350693776,33.369347295142575,58974000
2015-08-28,32.75856399536133,33.12155800290428,32.463597503911615,33.05998241707986,38836000
2015-08-31,32.169124603271484,32.99294472468521,32.09613028147981,32.49289175674607,38936000
2015-09-01,31.26238441467285,32.00128769036025,31.038925228074383,31.47342846534993,51458000
2015-09-02,32.024620056152344,32.03206837877982,31.316008387749083,31.68148765303366,37630000
2015-09-03,31.63431739807129,32.33945312509356,31.473426415343194,32.17458982952882,34572000
2015-09-04,31.232585906982422,31.50768892316239,31.11042924157081,31.26933311420744,40478000
2015-09-08,31.97347640991211,32.031077785465854,31.42823718565743,31.830461787064287,39092000
2015-09-09,31.95014190673828,32.64286254113466,31.825498034214334,32.3707410994393,40978000
2015-09-10,32.33100891113281,32.520698669076545,31.865219760557604,31.974466876738582,27850000
2015-09-11,32.540565490722656,32.541061793042665,32.14876701189931,32.287811221415204,34892000
2015-09-14,32.4000358581543,32.571354871129046,32.252550722017766,32.55695452684959,29942000
2015-09-15,33.025718688964844,33.21342323930411,32.44323409504898,32.61057888651201,35546000
2015-09-16,33.048065185546875,33.174690465114395,32.88320189782105,33.04955409243345,26252000
2015-09-17,33.353458404541016,33.8659227368686,33.02224291614231,33.14589038419914,47752000
2015-09-18,32.819637298583984,33.26258136309159,32.77543987944079,33.02521629352374,72544000
2015-09-21,33.12056350708008,33.22087340019408,32.67464157335253,33.047569183303686,39094000
2015-09-22,32.436283111572266,32.7153603289232,32.03058061646289,32.64832163431363,54362000
2015-09-23,32.44075012207031,32.787854812606106,32.313624767166544,32.4213829692088,29160000
2015-09-24,32.52119445800781,32.61355971846178,31.88856061810192,32.226231795255394,38692000
2015-09-25,31.788253784179688,32.70344281816344,31.763921711078506,32.70344281816344,48480000
2015-09-28,30.998699188232422,31.922331040303625,30.680395135780596,31.733630084014774,47646000
2015-09-29,30.917259216308594,31.516623756348704,30.689827758071907,31.060768235353365,42130000
2015-09-30,31.69986343383789,31.74654047478173,31.242020782768375,31.375101779256696,52954000
2015-10-01,31.88011932373047,31.971491989468348,31.33984689773264,31.678510715751322,42506000
2015-10-02,32.624481201171875,32.62497750341819,31.458026956804513,31.68198239831055,48788000
2015-10-05,33.35395812988281,33.42099683355683,32.56887220906629,32.85341257863041,37960000
2015-10-06,33.351966857910156,33.707512496795744,32.92689722764296,33.23824923351311,42774000
2015-10-07,33.270530700683594,33.704537597824576,32.68010143939937,33.63799520284754,44354000
2015-10-08,33.121559143066406,33.36438737842453,32.50034393782565,33.24322141191819,39308000
2015-10-09,33.33210754394531,33.473629478488974,32.89114860925369,33.14589187999966,32124000
2015-10-12,33.58982849121094,33.66679702582275,33.13347660911473,33.23030860242756,26684000
2015-10-13,33.92451858520508,34.18720645502331,33.42496192964799,33.482070788549294,42446000
2015-10-14,33.7874641418457,34.265664655949,33.71248082217772,33.952327426944336,31292000
2015-10-15,34.41364669799805,34.47025546832947,33.98510292500659,34.02780765390338,47156000
2015-10-16,34.527862548828125,34.57255628286326,34.218995772448686,34.531836756423516,36316000
2015-10-19,34.757774353027344,34.77217469706303,34.373424207691755,34.462311572007806,30172000
2015-10-20,33.76710510253906,34.660941753033136,33.453267775986156,34.65547863918576,52434000
2015-10-21,33.35991668701172,34.01042888136057,33.30529312076911,33.926508322625644,31952000
2015-10-22,33.823707580566406,34.16684183314575,33.354940675705606,33.540659991995504,88632000
2015-10-23,35.72013473510742,37.36727495019834,35.6511108289631,37.24610899343301,126726000
2015-10-26,36.305599212646484,36.4957890861961,35.75440053726684,35.75440053726684,48776000
2015-10-27,36.3900146484375,36.5459407120506,35.958989348798,36.07965521672028,38778000
2015-10-28,36.59361267089844,36.615957640980405,36.114415732814784,36.39895608174765,39604000
2015-10-29,36.98739242553711,37.083728105229405,36.50621032934241,36.57920843679526,36520000
2015-10-30,36.616943359375,37.05988741342635,36.57423863652041,37.022645803626794,39984000
2015-11-02,37.13090896606445,37.15275763481374,36.32198540002641,36.47493365840641,39914000
2015-11-03,37.18453598022461,37.327546810881394,36.804156266872845,37.01619478997868,36306000
2015-11-04,37.50680923461914,37.73473700079095,37.2034018486634,37.238161950631856,41840000
2015-11-05,37.772979736328125,38.05503479414209,37.6140758519255,37.6806144619859,45486000
2015-11-06,37.81916046142578,37.8896732751724,37.492907992277374,37.70941703375555,33544000
2015-11-09,37.47999572753906,37.90357648011128,37.19893708337894,37.666211381136215,35538000
2015-11-10,37.65330123901367,37.76950038671628,37.16417825756064,37.41593992044355,29798000
2015-11-11,38.00040817260742,38.19059424311937,37.727290367364276,37.857889853872,41866000
2015-11-12,37.5673942565918,38.02772032305142,37.534123059629984,37.748643098979656,35452000
2015-11-13,36.75003433227539,37.507804611191006,36.720237250838146,37.44374751609361,48188000
2015-11-16,37.26398849487305,37.32804559154807,36.46499858457742,36.756987258450174,50704000
2015-11-17,37.04350662231445,37.48893603329393,36.94766724040764,37.36578487116946,38864000
2015-11-18,37.74020004272461,37.79432729895138,37.11352181536831,37.22177632782186,36266000
2015-11-19,37.73672866821289,37.90009926473914,37.6021549712784,37.728780254143224,28078000
2015-11-20,38.58388137817383,38.69908791569414,37.943302872566626,38.20152024169327,55478000
2015-11-23,38.56898880004883,38.876866739441944,38.41058121496417,38.60722681201332,34648000
2015-11-24,38.2179069519043,38.53372949363927,37.64585224245308,38.38326654595322,47880000
2015-11-25,38.19953536987305,38.38525472025149,38.063969071458246,38.32020123367741,23612000
2015-11-27,38.3341064453125,38.434912643181114,38.087307807769086,38.19456972426248,14434000
2015-11-30,37.88123321533203,38.48605904858586,37.79532366229333,38.32914037786306,33586000
2015-12-01,38.921051025390625,38.981137691793435,38.035162918309744,38.084323358615094,40398000
2015-12-02,38.62609100341797,39.38088339135704,38.55557440836048,38.993555469351016,46876000
2015-12-03,38.14689636230469,38.95531975022965,37.861367215202726,38.760663173283824,41950000
2015-12-04,38.693626403808594,38.85302658337062,38.01332095522766,38.22188158376048,49800000
2015-12-07,38.3847541809082,38.78250822520024,38.07339840099,38.73582929446795,36626000
2015-12-08,38.49151611328125,38.66581291500721,37.86483792209105,37.96315880628859,31082000
2015-12-09,37.866329193115234,38.538693752678945,37.34293866444746,38.290902529171774,46550000
2015-12-10,37.7416877746582,38.0411247325375,37.49141504875128,37.917973578611814,32458000
2015-12-11,37.26398849487305,37.61258594201988,37.17609373246114,37.19347567944157,43184000
2015-12-14,37.86583709716797,37.945787235086335,36.56083853502291,37.30570119511173,53864000
2015-12-15,37.744171142578125,38.47214801351746,37.64038714768602,38.12653223203149,49386000
2015-12-16,38.56352233886719,38.80734315749652,37.59321724163716,38.06595465557144,53120000
2015-12-17,38.227840423583984,38.811810174669205,38.20152124711591,38.79045780982481,36510000
2015-12-18,37.58328628540039,38.441866597130755,37.57037484750159,38.09873225384085,67794000
2015-12-21,37.77943420410156,38.055033533859806,37.4492113107107,37.89116284296197,34848000
2015-12-22,38.09376525878906,38.2531654452746,37.79929885448739,37.951747019719875,36338000
2015-12-23,38.162288665771484,38.33062985288538,37.623008881405,38.27054317989563,30594000
2015-12-24,38.029701232910156,38.19654971258984,37.95769952182222,38.162782217145136,10412000
2015-12-28,38.84408950805664,38.872890196602114,38.12356083783545,38.23628208044181,31156000
2015-12-29,39.42607879638672,39.660958608361646,39.0407360308401,39.07996285751217,38430000
2015-12-30,39.24433135986328,39.550224090586745,39.09039428409315,39.42608030985148,28566000
2015-12-31,38.63404083251953,39.14650518710918,38.59977702917716,39.12117861420518,32752000
2016-01-04,37.71189880371094,37.84895401366024,37.12097323352485,37.84895401366024,67382000
2016-01-05,37.81568908691406,38.19656139594633,37.52370415816384,37.943310785498205,45216000
2016-01-06,37.70643615722656,38.02424391608222,37.14381875478634,37.261506810255575,48206000
2016-01-07,36.79621124267578,37.50681003335199,36.51217100503227,37.068832739222394,63132000
2016-01-08,36.295169830322266,37.24908934965582,36.196348846314635,37.13388281297863,47506000
2016-01-11,36.40243148803711,36.502245086314865,35.73155953951253,36.34681531773735,50896000
2016-01-12,37.01172637939453,37.160700423103876,36.569278546257976,36.78379859297366,46816000
2016-01-13,35.732051849365234,37.392103421709855,35.593507741433065,37.210354495301424,51728000
2016-01-14,36.31900405883789,36.74109211114066,35.0085424778138,35.97388453630851,55558000
2016-01-15,35.28116226196289,35.959978744079436,34.8352365670023,35.25633199421464,76676000
2016-01-19,35.70771789550781,36.019073700317456,35.24938084392699,35.76085254820308,48724000
2016-01-20,35.6818962097168,36.098521107844626,34.153436835705094,35.053229018548954,82440000
2016-01-21,36.08462142944336,36.63085326248508,35.311950722300196,35.76184686810186,51938000
2016-01-22,37.0176887512207,37.1716296189621,36.77139018225617,36.84587342149019,47146000
2016-01-25,36.429744720458984,37.365293606039295,36.37412854794615,36.93724608320619,45340000
2016-01-26,36.43817901611328,36.719737732490096,36.09951523054801,36.50869561219931,30940000
2016-01-27,35.63323211669922,36.54245783197761,35.42814563196154,36.54245783197761,42428000
2016-01-28,37.158714294433594,37.30073252505043,36.27977427771683,36.65667609852154,62104000
2016-01-29,37.80674362182617,37.99345557342639,36.955115415583435,37.19148790452058,75808000
2016-02-01,38.27452087402344,38.61318469966122,37.80823536801029,38.29885105366396,111522000
2016-02-02,38.77804946899414,40.23996674636577,38.762652730624204,39.75083994912433,135846000
2016-02-03,37.212345123291016,39.30044045652217,36.56083658730261,39.04470459326765,131114000
2016-02-04,36.25147247314453,37.00676507544592,35.882519040087296,36.974486480476955,104922000
2016-02-05,34.94696807861328,36.087103297267916,34.76720813944007,36.026524106840924,109556000
2016-02-08,34.966835021972656,34.98471327263674,33.866919123678606,34.14847789309019,89410000
2016-02-09,34.8109016418457,35.80107389378938,34.189190246409325,34.410165984435785,84300000
2016-02-10,35.100406646728516,35.91330052924105,35.027908628245726,35.34571636123315,60314000
2016-02-11,35.076080322265625,35.37203942176196,34.32277672765416,34.57851260668745,65004000
2016-02-12,35.10240173339844,35.55477944538513,34.83871742311023,35.366578557484594,46538000
2016-02-16,35.63621520996094,35.896421591127094,35.26576909670817,35.6863682642383,43444000
2016-02-17,36.347801208496094,36.43668856180311,35.58506421711051,36.10100260409412,49154000
2016-02-18,35.629756927490234,36.54792373030287,35.53242863985796,36.44662502439739,47276000
2016-02-19,35.858177185058594,35.953520253408314,35.41175522225476,35.54980301389933,34918000
2016-02-22,36.20280456542969,36.49081901284543,35.92472374092737,36.22564583642321,37516000
2016-02-23,35.61882781982422,36.29466645347346,35.538385182059145,36.05631256507559,41332000
2016-02-24,35.798095703125,35.81398874252974,34.860565498067686,35.28712027913558,37092000
2016-02-25,36.20628356933594,36.22564693632756,35.41722352300207,35.89890195761651,36146000
2016-02-26,35.9947395324707,36.55586798175661,35.84973970707273,36.42874640410648,42474000
2016-02-29,35.6153564453125,36.279772601353756,35.596485592887156,35.80306099930034,45068000
2016-03-01,36.854312896728516,36.862257521878966,35.68586956028292,35.817957951255984,60112000
2016-03-02,36.720733642578125,36.90148618661288,36.41136681715808,36.88907484026499,36292000
2016-03-03,36.32893371582031,36.79621179454385,36.231605426776234,36.72073217202049,40534000
2016-03-04,36.26090621948242,36.49826752612542,36.03247835408734,36.48833769172729,48516000
2016-03-07,35.395870208740234,36.11143582064336,35.015494282859706,36.009140720248936,61690000
2016-03-08,35.432125091552734,35.86513944055684,34.95889130749874,35.17688549483586,52530000
2016-03-09,36.022056579589844,36.063272406182364,35.388922533017386,35.51356261749824,39544000
2016-03-10,36.35773468017578,36.57473620611831,35.9167758197494,36.140233063423096,44616000
2016-03-11,36.98838806152344,36.989876968445806,36.582685550865385,36.744074726402076,35380000
2016-03-14,37.25504684448242,37.454670222792,36.92829810398238,36.99335158615113,32824000
2016-03-15,37.27143096923828,37.3925969110623,36.887577174614194,37.0454884253542,29832000
2016-03-16,37.608612060546875,37.69005110490754,37.0693322256718,37.19595751315164,29306000
2016-03-17,37.664222717285156,38.0048717032354,37.60860655631369,37.62300689881046,44564000
2016-03-18,37.511775970458984,37.84596925095724,37.333504951948306,37.82064646936707,56222000
2016-03-21,37.84696960449219,37.905563587295326,37.306197076537025,37.43729287292504,28774000
2016-03-22,37.7421875,37.98799352788817,37.634433071967216,37.66224115514564,22096000
2016-03-23,37.61853790283203,38.00735853158211,37.5425619806947,37.906056039210014,24678000
2016-03-24,37.48347091674805,37.61853711518255,37.26795828882887,37.30271839010616,31116000
2016-03-28,37.406005859375,37.65528598251152,37.344430281981495,37.54951298397283,21676000
2016-03-29,38.03219223022461,38.09625312138232,37.158222702895486,37.42587364485651,40062000
2016-03-30,38.15385055541992,38.599279990371855,38.11611263651444,38.14739483673556,40396000
2016-03-31,37.88371658325195,38.19059813009558,37.6528071810326,38.153852813648626,32554000
2016-04-01,38.21989440917969,38.238265170955394,37.501347199465684,37.5986792763433,31674000
2016-04-04,37.993953704833984,38.35744779120675,37.82859410935832,38.21194786534145,26924000
2016-04-05,37.66869354248047,37.88222095902252,37.52120842336325,37.64684487742488,24478000
2016-04-06,38.140438079833984,38.15782002446198,37.555968297434475,37.63244051895059,25312000
2016-04-07,37.74566650390625,38.2044998897123,37.61556331422773,38.00388388543035,25498000
2016-04-08,37.71338653564453,38.09376246735049,37.52965618252044,38.031194280657886,23434000
2016-04-11,37.617549896240234,38.09823575577888,37.60762006098234,38.01034099119166,31774000
2016-04-12,37.9542236328125,37.98401692331817,37.321089689598274,37.6617424755988,27388000
2016-04-13,38.33112716674805,38.52180953863065,37.967633094103434,38.25167333703829,35426000
2016-04-14,38.503936767578125,38.71349000149206,38.39617854816436,38.502447860633374,26992000
2016-04-15,38.732852935791016,38.779035566015715,38.48108751257921,38.50939568428051,31712000
2016-04-18,39.11422348022461,39.15742829913434,38.61417430071955,38.742288484887496,33540000
2016-04-19,38.5466423034668,39.27660830978052,38.24969060454801,39.25426333944048,43952000
2016-04-20,38.48059844970703,38.71597836546015,38.299349587669255,38.691148093480145,34262000
2016-04-21,38.732852935791016,38.81627717841184,38.313246422815915,38.59927564485891,77628000
2016-04-22,36.63581848144531,37.437786144027754,36.268353997165384,36.940714780826504,140798000
2016-04-25,36.856300354003906,36.98888505535072,36.50323618987336,36.515651324926324,49442000
2016-04-26,36.02006530761719,37.024137835958484,35.76929248524072,36.96604016205313,55864000
2016-04-27,35.825904846191406,36.1084523778926,35.21114167057778,36.01757981195065,66262000
2016-04-28,35.01152038574219,36.21323493915493,34.91915890747914,35.91677956058797,62590000
2016-04-29,35.151554107666016,35.36160361707545,34.94795652752671,34.9648421697798,58278000
2016-05-02,35.4758186340332,35.525475380686316,35.07607557234023,35.35217117538381,33476000
2016-05-03,35.17936706542969,35.42417670922299,35.12424719933125,35.380975675947816,38620000
2016-05-04,35.32486343383789,35.50760119166312,34.96136933891436,35.096439342272674,34172000
2016-05-05,35.490718841552734,35.63174447083105,35.22951985743055,35.50511918587056,29668000
2016-05-06,36.01062774658203,36.05085096143227,35.35365993639557,35.366075070149385,39952000
2016-05-09,36.20677947998047,36.46301164307532,35.927205954579826,36.08610982719656,38074000
2016-05-10,36.71576690673828,36.74655280119019,36.32992789016604,36.496280073219076,32634000
2016-05-11,36.27729415893555,36.78628439522787,36.145702060242016,36.77238035301547,29834000
2016-05-12,36.15414047241211,36.516641937924206,35.96544331102753,36.34929335212944,27094000
2016-05-13,35.99325180053711,36.31403735737512,35.92770201188902,36.08213916276468,25244000
2016-05-16,36.264869689941406,36.383054018328785,35.75339807366926,35.967918068100374,22538000
2016-05-17,35.76283645629883,36.54047390947607,35.65408943202218,36.30261631383921,33404000
2016-05-18,35.841793060302734,36.029993904766656,35.50610709879766,35.678914996344425,32536000
2016-05-19,35.52051544189453,35.778240333795075,35.27222787202383,35.66899319688114,30598000
2016-05-20,35.838314056396484,36.13576200404117,35.50560970717266,35.57761520560519,34798000
2016-05-23,35.616844177246094,35.92720357891008,35.60145122987108,35.75241046715994,24816000
2016-05-24,36.40043640136719,36.45853406758776,35.736016563516955,35.74595018469924,37884000
2016-05-25,36.65220260620117,36.74108996296233,36.37908860647587,36.49826555565478,32216000
2016-05-26,36.59410858154297,36.80118030360096,36.39895569216139,36.54792594634735,27202000
2016-05-27,37.123958587646484,37.139351538063856,36.59808266452735,36.62291293699484,34802000
2016-05-31,37.1860237121582,37.415936687548225,37.02314564080785,37.18155320312877,42484000
2016-06-01,37.16666030883789,37.31116384494793,36.962070094454425,37.16715661116159,20788000
2016-06-02,36.958595275878906,37.109058225581464,36.59758269934217,37.0494678507641,33916000
2016-06-03,36.54097366333008,36.82054719550278,36.444141672805074,36.82054719550278,24608000
2016-06-06,36.25295639038086,36.672066610681476,36.16506542540229,36.672066610681476,29992000
2016-06-07,36.304107666015625,36.58318109974757,36.28970732226151,36.41236218388721,24314000
2016-06-08,36.892051696777344,36.93574903043478,36.53650603423627,36.721725294265575,32314000
2016-06-09,36.8716926574707,36.94170916857754,36.5727557596359,36.601060145463464,19180000
2016-06-10,36.408390045166016,36.72867931916578,36.27530903917141,36.545445258331405,29050000
2016-06-13,36.34334182739258,36.69690231446935,36.24104671566707,36.24104671566707,23354000
2016-06-14,36.4113655090332,36.5479244110593,36.07617960976965,36.215716325556116,26584000
2016-06-15,36.35873031616211,36.605028849269,36.31502919513047,36.49429282268609,23234000
2016-06-16,35.964447021484375,36.26934329305131,35.5319290917748,36.148673654818765,45002000
2016-06-17,34.97129821777344,35.82242627868101,34.81586847453466,35.82242627868101,82262000
2016-06-20,35.06465530395508,35.54831894273367,35.02890259560226,35.272223321888106,45654000
2016-06-21,35.201210021972656,35.52398454050134,34.99165681976062,35.25930769256713,30318000
2016-06-22,35.28017044067383,35.46588980488186,35.05224264667771,35.457945178971656,29058000
2016-06-23,35.49866485595703,35.499161158293106,34.772673041027026,35.28414480117988,42500000
2016-06-24,34.025325775146484,35.00854618606526,34.010925429967436,34.27212442971075,95436000
2016-06-27,33.823707580566406,33.93245838071535,33.40261220743437,33.89074626402349,58146000
2016-06-28,34.32625198364258,34.39974640576452,34.007947902843604,34.33171509806599,38246000
2016-06-29,34.52140808105469,34.735431859528966,34.39676798532387,34.47522922677757,43124000
2016-06-30,34.935546875,34.94746570804069,34.507003073538684,34.643561985474975,42250000
2016-07-01,35.26924514770508,35.38246268775997,34.94547798950837,35.013509289426906,30984000
2016-07-05,35.00307846069336,35.16347123448708,34.717053015608684,35.009037876631986,28440000
2016-07-06,35.205684661865234,35.40580435643648,34.71059849385048,34.75231061829161,28902000
2016-07-07,35.120765686035156,35.26526920632639,34.79352442787681,35.262291392710196,21174000
2016-07-08,35.643165588378906,35.64912500450993,35.16297606748908,35.28463832446033,29946000
2016-07-11,36.11094284057617,36.196848607578964,35.6972956803263,35.72460746309689,28822000
2016-07-12,36.37461853027344,36.528059280380546,36.12583470426215,36.34532154203664,26468000
2016-07-13,36.22415542602539,36.52408869306127,36.20131415597992,36.52408869306127,20436000
2016-07-14,36.537994384765625,36.55487623978666,36.27927692571465,36.44562911873943,21408000
2016-07-15,36.5295524597168,36.79621074813857,36.48038822573442,36.79621074813857,32342000
2016-07-18,37.402034759521484,37.498370445980626,36.57325159001874,36.64277179792048,38698000
2016-07-19,37.41246795654297,37.5703754507515,37.16815081435199,37.23667842364287,30436000
2016-07-20,37.59470748901367,37.77148961752408,37.444244537708734,37.444244537708734,22502000
2016-07-21,37.46212387084961,37.64784323505288,37.31861293643334,37.59073436954626,19062000
2016-07-22,37.703948974609375,37.71238990134601,37.375215037025065,37.60662069459853,20920000
2016-07-25,37.61655807495117,37.730772019916394,37.4452390517871,37.62450270103642,21466000
2016-07-26,37.62301254272461,37.70296268039801,37.37969180197333,37.61655682388864,23792000
2016-07-27,37.837528228759766,37.96067938619593,37.537598748640754,37.688557987525925,32172000
2016-07-28,38.029701232910156,38.18513097240468,37.69451157825119,38.17867525466231,73464000
2016-07-29,39.29596710205078,39.92164886980032,39.22942471895207,39.61228589002966,101810000
2016-08-01,39.772682189941406,40.097938235438754,38.98312590515043,39.064068636968564,60594000
2016-08-02,39.731964111328125,39.84121123041115,39.45437959308379,39.59342000334689,39928000
2016-08-03,39.6723747253418,39.70316441041706,39.37939725195184,39.55071625762471,29206000
2016-08-04,39.589447021484375,39.73593575907508,39.424087430897764,39.63860746887943,21520000
2016-08-05,40.07012939453125,40.08452973704501,39.617251693029125,39.731465617197046,36146000
2016-08-08,39.9857177734375,40.10340582876523,39.80992824964125,40.02395199486319,24426000
2016-08-09,40.097442626953125,40.387938576169375,39.92761253558913,39.94896489900688,32154000
2016-08-10,40.14759826660156,40.26627892302067,40.04828476575975,40.07609284908084,18370000
2016-08-11,40.13319778442383,40.415252823666556,40.023950660733746,40.24591902423348,25646000
2016-08-12,40.07609176635742,40.08304378699987,39.906757970916026,39.97876347736312,17946000
2016-08-15,40.02196502685547,40.29011602164023,39.926125643492185,40.084036911151,18596000
2016-08-16,39.78509521484375,39.93754335025158,39.57702713172543,39.899801648794465,21158000
2016-08-17,39.99515151977539,40.00558144567187,39.54227375667548,39.726007907130196,21322000
2016-08-18,39.86256790161133,40.123270593308575,39.80695173149644,39.992174793956714,17292000
2016-08-19,39.70862579345703,39.78708702281025,39.571078068063606,39.71557781450306,22416000
2016-08-22,39.57455062866211,39.69124607489759,39.44444744318153,39.652015461763106,17056000
2016-08-23,39.556671142578125,39.775661684351874,39.52687785121766,39.74983881127038,18350000
2016-08-24,39.40819549560547,39.64953099546497,39.2671660928917,39.57007717051633,25672000
2016-08-25,39.29398727416992,39.46381738708547,39.0918823551793,39.32874738048978,24054000
2016-08-26,39.38932418823242,39.696209468981145,39.20013073675495,39.35307518058821,24978000
2016-08-29,39.518436431884766,39.65251002990497,39.24531863592342,39.380884929346706,15474000
2016-08-30,39.324771881103516,39.62669035902709,39.203109630418886,39.37244341912129,23348000
2016-08-31,39.221981048583984,39.30739050329158,39.09038896200603,39.20956591448725,21428000
2016-09-01,39.2989501953125,39.37294091021342,39.04718854772872,39.327750882187914,26070000
2016-09-02,39.570579528808594,39.582002059749,39.391315881542454,39.49112948026752,26998000
2016-09-06,40.12425994873047,40.26677447882536,39.49907059933368,39.64605563865344,39790000
2016-09-07,40.122772216796875,40.252375313874886,39.910733684911634,40.1197906143706,22906000
2016-09-08,39.86703109741211,40.1441231073813,39.77615852667528,39.985219237022974,23554000
2016-09-09,39.15394973754883,39.81290656334033,39.132597373879136,39.664925135920484,37752000
2016-09-12,39.667415618896484,39.73445053233452,38.90665989813819,38.957313045683485,37274000
2016-09-13,39.165870666503906,39.51694961300708,38.947872720495155,39.42855855135834,36180000
2016-09-14,39.25227355957031,39.54376592710369,39.10677742124497,39.10677742124497,25842000
2016-09-15,39.78709030151367,39.90725987847842,39.16289347432624,39.22993217871135,31144000
2016-09-16,39.62520217895508,39.67734423192351,39.40919322073023,39.67734423192351,42612000
2016-09-19,39.4970817565918,39.924136582428254,39.40620919353833,39.781121974627645,22990000
2016-09-20,39.71508026123047,39.8625653940785,39.6396006367415,39.72600648905892,20984000
2016-09-21,39.97578430175781,40.01948542599686,39.528865955779565,39.78857603533837,26970000
2016-09-22,40.518043518066406,40.67247688000489,40.108866902276546,40.22258074469697,35186000
2016-09-23,40.4688835144043,40.57018222344818,40.35814748453506,40.47782074436295,28234000
2016-09-26,39.85759735107422,40.22655453438035,39.74835023043372,40.2136430977337,29454000
2016-09-27,40.258827209472656,40.3958824053179,39.816875727381465,39.816875727381465,27346000
2016-09-28,40.22555923461914,40.23499655549972,39.86405415295512,39.928607549375926,29406000
2016-09-29,39.85710144042969,40.41674099949979,39.76871038075745,40.085029216007314,27000000
2016-09-30,39.927608489990234,40.12772815396688,39.80048692690909,39.90476722206938,33204000
2016-10-03,39.744876861572266,39.90179173630348,39.538797750774926,39.85263128880451,29784000
2016-10-04,39.86454772949219,40.04877816241153,39.7096180732488,39.974291147900814,25174000
2016-10-05,39.78709030151367,40.148099123336365,39.76126742448124,40.02395533891753,24276000
2016-10-06,39.87894821166992,40.071123270123216,39.751330334015925,39.928604958661495,21998000
2016-10-07,39.761260986328125,40.020971044547274,39.568093319358724,40.02047474226683,23262000
2016-10-10,40.429649353027344,40.589049514230645,39.83723494490833,39.921155488969134,29922000
2016-10-11,40.201229095458984,40.71220451913336,40.09198197174205,40.4296531775184,34432000
2016-10-12,40.31047439575195,40.44603690109299,40.15057792439992,40.319907927647854,18158000
2016-10-13,39.92860794067383,40.05175910709314,39.65747912676877,40.02742892833399,27380000
2016-10-14,39.95442581176758,40.22704728702367,39.8412082828059,40.09595151153643,22238000
2016-10-17,40.0656623840332,40.39588526330794,39.91619583247868,40.023453957315446,21128000
2016-10-18,40.79314422607422,41.156634490293754,40.38793805153906,40.431635382351914,45786000
2016-10-19,41.058815002441406,41.20580383991324,40.86217320079859,40.86217320079859,30002000
2016-10-20,40.80009841918945,41.13975482702694,40.746467463065876,41.09456479844245,27878000
2016-10-21,40.92076873779297,40.932191268897796,40.63523955728005,40.719160116650876,32316000
2016-10-24,41.50076675415039,41.61001388387271,41.168062341681434,41.2202043948916,28952000
2016-10-25,41.143733978271484,41.6378238069193,40.98234478821376,41.6378238069193,37814000
2016-10-26,40.82343673706055,41.1020176594674,40.53790758243243,41.07271688084184,35898000
2016-10-27,40.58756637573242,41.045903468541525,40.451503766923075,40.86862882379555,59470000
2016-10-28,40.69730758666992,41.66264965615888,40.57018221524051,41.2127535160124,87098000
2016-10-31,40.217613220214844,40.84975457755934,40.12326653463785,40.8398209547194,44854000
2016-11-01,39.99812698364258,40.41922621912431,39.6395997227287,40.26578167359592,47118000
2016-11-02,39.15097427368164,40.061692797664826,38.98114417012073,40.061692797664826,47014000
2016-11-03,38.84160614013672,39.22943038946986,38.664824021657296,38.95631258652139,43504000
2016-11-04,38.787479400634766,39.15395129063853,38.28593751422433,38.30083416029947,39412000
2016-11-07,39.826812744140625,39.97429408863921,39.37343869423307,39.47523749526773,39852000
2016-11-08,40.32090377807617,40.52251238861927,39.70713692754465,39.82681398097782,35382000
2016-11-09,40.003597259521484,40.307501014096815,39.3307400412597,39.81688527267677,61970000
2016-11-10,38.747257232666016,40.22555996730992,38.148387039679925,40.22258215344109,118192000
2016-11-11,38.323184967041016,38.59828420897647,38.014810737955614,38.574450331695324,71852000
2016-11-14,37.40302658081055,38.32467130135936,36.92482606320825,38.32367869677686,73766000
2016-11-15,38.492515563964844,38.744777325627716,37.99892205764589,38.01133340451392,58878000
2016-11-16,38.73186111450195,38.9066542280183,38.054037235217436,38.257134732440576,35968000
2016-11-17,39.03874588012695,39.17480848506208,38.725408635493544,38.85700073105006,30674000
2016-11-18,38.532737731933594,39.29348962623484,38.50195183391917,39.088903202572915,36126000
2016-11-21,38.971214294433594,39.05811266107162,38.54912244179917,38.638506108542465,32616000
2016-11-22,38.98114013671875,39.41663589562248,38.918571955263374,39.17927460561085,27884000
2016-11-23,38.683197021484375,39.205594942185336,38.36787080500534,39.205594942185336,26260000
2016-11-25,38.74428176879883,38.87686647678144,38.64297926260535,38.86246613174081,12270000
2016-11-28,39.02036666870117,39.71308710119747,38.638498113403166,38.65091324565885,51508000
2016-11-29,39.20162582397461,39.54922688748863,38.99802820922536,39.148987467827865,31240000
2016-11-30,38.52826690673828,39.30441553225306,38.392704392127904,39.18474226883814,45582000
2016-12-01,37.9547233581543,38.66333698464957,37.40998042135335,38.66085547307261,57342000
2016-12-02,37.961177825927734,38.26111111150189,37.6900490165336,37.83405624316506,34376000
2016-12-05,38.644466400146484,38.732857464276734,38.08581941748865,38.23628236858088,33770000
2016-12-06,38.54316329956055,38.99504844813297,38.40114506723061,38.742290394776404,34682000
2016-12-07,39.302425384521484,39.32874076958007,38.41156663067503,38.73037073912528,40588000
2016-12-08,39.48616027832031,39.67635014267584,39.12564779625137,39.37592054857355,32250000
2016-12-09,40.19527053833008,40.22010080827541,39.62917523839545,39.6912471246915,38090000
2016-12-12,40.11830139160156,40.2896204013279,39.95095658888988,39.96535693289629,32572000
2016-12-13,40.48774719238281,40.932680272409264,40.31891349905341,40.341258466364614,42564000
2016-12-14,40.6143798828125,40.93069872352921,40.36062922930234,40.516555289299916,35994000
2016-12-15,40.503150939941406,40.86813395681073,40.321898293082825,40.58806410356419,35394000
2016-12-16,40.21463394165039,40.67942669774496,40.12922070031987,40.635233064561525,51978000
2016-12-19,40.34672164916992,40.5314483807741,39.9494601051975,40.18682518477659,25272000
2016-12-20,40.480796813964844,40.54485769351533,40.27223620013466,40.38992424569362,25438000
2016-12-21,40.331825256347656,40.50661836673323,39.979257433437816,40.50661836673323,29192000
2016-12-22,40.20669174194336,40.27571564691839,40.02543911217138,40.17789105444019,22632000
2016-12-23,40.11333465576172,40.270749624084985,39.979757352437005,40.123764581340396,15310000
2016-12-27,40.2191047668457,40.520526970751554,40.01402204111536,40.15703288000675,19520000
2016-12-28,39.95294189453125,40.38794139531055,39.847172674604614,40.38794139531055,24296000
2016-12-29,39.869022369384766,40.011536906548095,39.63364625845398,39.841710587519906,21148000
2016-12-30,39.35109329223633,39.88938049318949,39.21056018155266,39.88540628622591,34718000
2017-01-03,40.12376022338867,40.29408282175852,39.57156903274868,39.75678827584104,39180000
2017-01-04,40.11184310913086,40.392905527577895,39.93009797402981,40.21711601976733,30306000
2017-01-05,40.37255096435547,40.408303675534405,40.019983087379394,40.09844053103783,26810000
2017-01-06,40.977874755859375,41.16409041417834,40.29706921793786,40.470373439010096,40342000
2017-01-09,41.07569885253906,41.23708423902911,40.79960322772455,41.03547563435124,28178000
2017-01-10,41.01759719848633,41.18643469593019,40.875082665975484,41.070235551217955,23948000
2017-01-11,41.20878219604492,41.21076740538171,40.792157223608065,41.04789310271429,26508000
2017-01-12,41.1923942565918,41.234602683958975,40.76930980117467,41.135285394359244,26990000
2017-01-13,41.262413024902344,41.446639693054166,41.1919002079973,41.265390838898014,25804000
2017-01-17,41.089603424072266,41.224669635818024,40.87806119341259,41.2157324056279,28818000
2017-01-18,41.16706466674805,41.20629527740645,40.921754957416184,41.20579897513737,20554000
2017-01-19,40.936161041259766,41.36470863928663,40.915805068239166,41.16607783536013,21410000
2017-01-20,41.12485885620117,41.177993510904514,40.947580432134615,41.17054139926091,26124000
2017-01-23,41.93228530883789,41.987405167024946,41.151173762919,41.29567727731659,49148000
2017-01-24,42.185546875,42.28436407947497,41.825526888539564,42.058917796965595,33768000
2017-01-25,42.62849044799805,42.645372304271284,42.19597244091147,42.3851697076146,33108000
2017-01-26,42.55549240112305,42.75511580559934,42.23470682286839,42.65828381161536,69866000
2017-01-27,41.96208190917969,43.05305663014353,41.80665594447029,42.65579885119086,75050000
2017-01-30,40.90934371948242,41.57475246421263,40.770299523871365,41.5663115370493,70338000
2017-01-31,40.72859573364258,40.87161037667327,40.39142078330097,40.69433192714255,40404000
2017-02-01,40.4827880859375,40.91778758574998,40.33431034795728,40.91778758574998,45020000
2017-02-02,40.632747650146484,40.94559235168704,40.32437724613208,40.47086597445226,33784000
2017-02-03,40.72561264038086,41.023556933314836,40.68687832898687,40.87458668113146,30562000
2017-02-06,40.79960250854492,40.83783672826764,40.43561213061393,40.764842404902836,27018000
2017-02-07,41.177490234375,41.311071314249894,40.882527570807135,40.99227098782792,33332000
2017-02-08,41.209774017333984,41.426779367410546,40.97290899713222,41.24205261128032,26044000
2017-02-09,41.218711853027344,41.31405494072478,41.04193350863211,41.3016398052887,23884000
2017-02-10,41.456573486328125,41.57078364037444,41.24106082750359,41.3622230028023,28302000
2017-02-13,41.66066360473633,41.79871141252948,41.52608991296892,41.59809163060186,25914000
2017-02-14,41.71379089355469,41.81161547611795,41.50523029287664,41.70087945800317,27266000
2017-02-15,41.579227447509766,41.800203215748176,41.524603883354885,41.65321437942685,27144000
2017-02-16,41.82006072998047,41.845879812849205,41.576239935236025,41.63781551173868,20102000
2017-02-17,42.03756332397461,42.05693047974495,41.70138102068094,41.777356948266714,29224000
2017-02-21,42.172630310058594,42.318126436243645,42.03756032019427,42.10906952188531,25206000
2017-02-22,42.27641296386719,42.397078818231854,42.0455036025588,42.10956447952747,24488000
2017-02-23,42.25853729248047,42.3389837260046,41.83644924475717,42.26251149935467,27734000
2017-02-24,42.10013198852539,42.12744377012329,41.85929276586222,42.09218736291701,26924000
2017-02-27,42.19249725341797,42.24215400488915,41.86177806039701,41.95811374944937,20206000
2017-02-28,41.95711898803711,42.15078676687121,41.783814759179215,42.07729234715246,27662000
2017-03-01,42.544071197509766,42.606143082076564,42.16021736008158,42.27740910845223,36374000
2017-03-02,42.20143127441406,42.5311578377307,42.145318808547685,42.52221681960602,25018000
2017-03-03,42.1631965637207,42.24960241808962,41.94619500601725,42.1562445427286,20100000
2017-03-06,42.07331085205078,42.15623879032412,41.770399783628015,42.052951094168705,20958000
2017-03-07,42.26598358154297,42.374238092276066,41.986413863949096,42.07281592077624,20774000
2017-03-08,42.3896369934082,42.553011386983464,42.270956329884356,42.36381411775927,20576000
2017-03-09,42.59819412231445,42.74071244041223,42.341465659674824,42.39211880213235,26954000
2017-03-10,42.775474548339844,42.91550757296608,42.58677737671605,42.8395316442865,26732000
2017-03-13,42.93288803100586,43.05951331155852,42.74617607512288,42.74667237742227,23332000
2017-03-14,42.99893569946289,43.08186364930785,42.711913840069855,42.891673781786864,21234000
2017-03-15,43.12207794189453,43.19606865263963,42.77000642374079,43.09973297456352,26658000
2017-03-16,43.20203399658203,43.33660769842675,43.0788828253829,43.2283531741591,22090000
2017-03-17,43.31971740722656,43.42151620176282,43.121086629454275,43.38476710213492,37366000
2017-03-20,43.09825134277344,43.21891721758278,42.93736224683848,43.17621248474602,30844000
2017-03-21,42.2158317565918,43.37434145250998,42.0941695040565,43.205007661231754,50760000
2017-03-22,42.198951721191406,42.47455104053938,42.05990751719952,42.183058681880595,27334000
2017-03-23,41.69492721557617,41.796229719861984,41.36470810197583,41.781333072760305,65754000
2017-03-24,41.470970153808594,41.91093645160289,41.1710406618816,41.811619164970004,42114000
2017-03-27,41.6383171081543,41.78083543285697,40.93268508277159,41.12088595198128,38692000
2017-03-28,41.743587493896484,41.98045247420343,41.328447717707775,41.696908563259385,30384000
2017-03-29,42.202423095703125,42.287832548610666,41.78083136754701,41.84886266393899,29146000
2017-03-30,42.18305969238281,42.30819606926271,42.04848978300424,42.307203464638356,18988000
2017-03-31,42.09963607788086,42.18703453752072,41.97251448982954,42.0514682329001,28820000
2017-04-03,42.544071197509766,42.65579983201657,42.086226643187686,42.14680962085539,39388000
2017-04-04,42.33650207519531,42.357854439227026,42.08523294111521,42.109566907434534,26970000
2017-04-05,42.15475845336914,42.734757836944254,42.08573454115064,42.44277293575978,37104000
2017-04-06,41.96556091308594,42.3871526694769,41.910937351406886,42.18405137123496,30672000
2017-04-07,41.816585540771484,42.004290095986434,41.57823163247008,41.96059276346349,22232000
2017-04-10,41.79672622680664,42.04700278046929,41.75153998294817,41.788781600884676,20924000
2017-04-11,41.70634078979492,41.94221315824122,41.44414924912298,41.796717046228316,19486000
2017-04-12,41.78480911254883,41.8970340517018,41.59263403866675,41.63583507104679,22716000
2017-04-13,41.72124481201172,41.89753063602346,41.605545755909446,41.76394954236912,21474000
2017-04-17,42.463623046875,42.48894961740524,41.76345039873209,41.78083234422091,20982000
2017-04-18,42.407020568847656,42.57585429458095,42.27095795270042,42.3350150533803,18724000
2017-04-19,42.53215026855469,42.715384310857175,42.38416884206166,42.57584760017708,21606000
2017-04-20,42.70943069458008,42.90060937085515,42.58131271876473,42.692545050726125,23776000
2017-04-21,42.6533203125,42.82662834132847,42.59274111518953,42.73624827059436,23458000
2017-04-24,43.64547348022461,43.696622927271356,43.008865363414564,43.12456820859696,33930000
2017-04-25,44.1375732421875,44.30690322439722,43.66284690991793,43.81082453101938,40760000
2017-04-26,44.1524772644043,44.343659730457006,43.95434277755999,44.26420589937171,26466000
2017-04-27,44.26668167114258,44.3630173451304,44.05514326101263,44.195176263291145,46846000
2017-04-28,45.909366607666016,46.47446557133965,45.84480941473097,46.13183130069102,76918000
2017-05-01,46.321510314941406,46.47048433781864,45.72462919606997,45.89098137476171,46556000
2017-05-02,46.53355026245117,46.826531506237814,46.2311354870929,46.34386050652352,35026000
2017-05-03,47.09766387939453,47.1845622449048,46.440199718768184,46.48191184346924,36496000
2017-05-04,47.40901565551758,47.628502505615124,47.044032672041595,47.1890325031215,38752000
2017-05-05,47.188533782958984,47.593739963256404,47.08027927035257,47.50832672091332,32310000
2017-05-08,47.60615539550781,47.72036553610699,47.04551946317826,47.04800476312628,37534000
2017-05-09,47.507835388183594,47.7804569073095,47.393128934028105,47.73725587362931,33758000
2017-05-10,47.414974212646484,47.507831992161584,47.16668667946404,47.48350181427313,22920000
2017-05-11,47.46711730957031,47.57140141807177,47.105612200465856,47.238693210395766,20622000
2017-05-12,47.42987060546875,47.57089622628607,47.276926152632,47.56444429655654,24298000
2017-05-15,47.63247299194336,47.80528090625584,47.314665246344155,47.43732010846387,26754000
2017-05-16,47.90012741088867,47.964184504227276,47.68858897561223,47.84749284750133,22030000
2017-05-17,46.78582000732422,47.72037248374937,46.681039594717895,47.656315383689794,48982000
2017-05-18,47.199462890625,47.38220064101774,46.741122030598596,46.836961415092624,36010000
2017-05-19,47.40553665161133,47.649357462951514,47.273944562777324,47.314664081715186,27206000
2017-05-22,47.87331008911133,47.910555491309196,47.50038249625736,47.522231162158604,27748000
2017-05-23,48.19509506225586,48.39173685631648,47.89466546863663,48.16579807178363,30908000
2017-05-24,48.545677185058594,48.57099996822204,48.24872549937128,48.428981738170435,22660000
2017-05-25,49.2532958984375,49.447956275648764,48.55610479829733,48.614702568958215,39082000
2017-05-26,49.32331085205078,49.47824050703273,49.02983330538082,49.26024257879592,32728000
2017-05-30,49.46731185913086,49.539317358188846,49.22846167034254,49.285070434255225,30324000
2017-05-31,49.01642608642578,49.63764119686239,48.747778804399935,49.46930380182284,34482000
2017-06-01,49.076019287109375,49.3168585016576,48.72841446134228,49.208603983543696,26128000
2017-06-02,49.46483612060547,49.48271436903804,49.01543628397232,49.090915907520134,34710000
2017-06-05,49.850181579589844,50.02497471221807,49.431567616899976,49.55273357844312,27578000
2017-06-06,49.492637634277344,50.08505201403686,49.39928356325525,49.82186786543238,31042000
2017-06-07,49.731990814208984,49.851664064793354,49.45241730991548,49.61231377505773,27482000
2017-06-08,49.87004089355469,49.93558689212992,49.489664972917026,49.86755559356825,33758000
2017-06-09,48.173736572265625,49.930620001113176,47.34197189459601,49.930123698867746,72958000
2017-06-12,47.761085510253906,48.06846710767521,46.51915156354506,47.60764475696724,84042000
2017-06-13,48.19261169433594,48.56057248484658,47.77101615946489,48.26908392114349,40108000
2017-06-14,48.06499099731445,48.649460832001395,47.64687335856241,48.44090020920843,30110000
2017-06-15,47.680145263671875,47.704975533282926,46.69643241727006,47.07631205320229,48552000
2017-06-16,47.60267639160156,47.66872247848147,47.110075556725945,47.56741998797026,51184000
2017-06-19,48.426998138427734,48.62959935330474,48.07840069308716,48.15040241511228,29376000
2017-06-20,48.11763000488281,48.70358875444801,48.07839939128731,48.43146354794512,25946000
2017-06-21,48.59434127807617,48.642012819099556,48.140470928032336,48.20701332225746,23232000
2017-06-22,48.496517181396484,48.68918855667462,48.33215019192736,48.508928527656735,20190000
2017-06-23,48.96677017211914,48.99308934712927,48.38925238299885,48.4408981284628,31280000
2017-06-26,48.27156448364258,49.359065069678145,48.18416603105188,49.16093059165186,30358000
2017-06-27,47.07978439331055,48.029733492742224,47.03012764452893,47.75066006413527,48872000
2017-06-28,47.72135925292969,47.83209528017642,46.48736991430568,47.20740603112039,54912000
2017-06-29,46.569801330566406,47.257062550212794,46.16161732654267,47.24166960223247,64134000
2017-06-30,46.16558837890625,46.92634017047472,46.1621104745793,46.876187123110725,45754000
2017-07-03,45.6580924987793,46.392032689467364,45.4520133831645,46.34137954532232,33896000
2017-07-05,46.29370880126953,46.493828504046775,45.61687746165994,45.89346939571504,41882000
2017-07-06,46.0667724609375,46.48637901206384,45.67745929331007,45.933195157860354,40298000
2017-07-07,46.71828079223633,46.90946325905726,46.17105256814048,46.2306429416939,33266000
2017-07-10,47.22428894042969,47.33006194716031,46.774889103100755,46.774889103100755,29030000
2017-07-11,47.34992218017578,47.41745717929596,46.93230462783563,47.20045562653004,29224000
2017-07-12,48.05158233642578,48.149406927485614,47.524221373397765,47.71391113947091,32042000
2017-07-13,48.11067581176758,48.59980254959211,47.909563518375506,48.207507797051434,30492000
2017-07-14,48.51091766357422,48.542199863318615,48.17523166280488,48.36641413170419,21592000
2017-07-17,48.463741302490234,48.83070949451009,48.207509139919985,48.48161955090697,33210000
2017-07-18,49.00947952270508,49.203143509329976,48.26908737946532,48.33463338346777,28266000
2017-07-19,49.29848098754883,49.43901030087651,49.01245176107446,49.16142579010073,28242000
2017-07-20,49.26968002319336,49.5919544677151,48.89377083687307,49.50853022427339,28368000
2017-07-21,49.35161590576172,49.41468039130632,48.87142640982748,49.111273006659,29266000
2017-07-24,49.573585510253906,49.96488765818064,49.17433873721992,49.36452859177838,79690000
2017-07-25,48.11961364746094,48.501974782006535,47.859903584203714,48.20254159270809,118672000
2017-07-26,47.93488693237305,48.363927002406854,47.68262898045306,48.30582932589759,44432000
2017-07-27,47.29927444458008,48.1439506876731,46.53206682648937,48.12706504303131,74358000
2017-07-28,47.588279724121094,47.76009503516452,46.94173800020262,47.07482278877031,36276000
2017-07-31,46.951175689697266,47.730302117429886,46.76396364008721,47.67120804579541,45670000
2017-08-01,47.003807067871094,47.39759071893611,46.924357029902225,47.06587894913961,28052000
2017-08-02,47.05744171142578,47.129943523252535,46.306619661489165,47.09369072305552,40788000
2017-08-03,46.692955017089844,47.17463345963796,46.65025028683656,47.12994352013585,22478000
2017-08-04,46.965572357177734,47.05247071690164,46.66812439019673,46.874199699906896,25092000
2017-08-07,46.963584899902344,47.122988858803026,46.85185626884019,47.05147965561228,28916000
2017-08-08,46.8861198425293,47.298278050608474,46.80120668950348,46.8910866539163,30102000
2017-08-09,46.682029724121094,46.86476746659148,46.37613703297374,46.60108698937216,28018000
2017-08-10,45.86317443847656,46.494319371037115,45.773294477973856,46.42976598008257,54148000
2017-08-11,46.185951232910156,46.34832921705523,45.74548863807371,45.8691361011755,32334000
2017-08-14,46.62491989135742,46.72969649915003,46.40444044866512,46.6318719117255,23012000
2017-08-15,46.58271408081055,46.83050531660814,46.511208664031344,46.72920281903163,22130000
2017-08-16,46.89009094238281,47.169660651303744,46.68003764543849,46.74012431468199,26906000
2017-08-17,46.06528091430664,46.867248566254176,46.064288309751625,46.82454383898648,33914000
2017-08-18,45.99178695678711,46.23212986131741,45.85622445091685,46.03151387078173,26748000
2017-08-21,45.72810745239258,46.09457933865906,45.61538621481531,45.97143196436238,26024000
2017-08-22,46.69792175292969,46.775386587747875,45.99129334138037,46.030523955384496,35502000
2017-08-23,46.806175231933594,46.94769715887722,46.44168854941543,46.52908321708336,22690000
2017-08-24,46.52362060546875,46.99139117335831,46.21822422680223,46.86228439017759,25892000
2017-08-25,46.20631408691406,46.71430792359812,46.18645062849384,46.638828297028184,23746000
2017-08-28,46.088623046875,46.422320034160585,45.98831315663476,46.2748386953657,20988000
2017-08-29,46.46700668334961,46.58817262672167,45.65063873232404,45.68242101920254,23172000
2017-08-30,46.858314514160156,46.969050546625475,46.38259548892586,46.46304192614125,22406000
2017-08-31,47.43484115600586,47.5321694518467,46.98841910804517,46.990900619675216,33866000
2017-09-01,47.2734489440918,47.58827887269883,47.18853578897905,47.54557414399536,20858000
2017-09-05,46.751548767089844,47.2436533044478,46.4595601242272,47.018703353641236,29148000
2017-09-06,46.77836990356445,46.901517286945555,46.31456590515556,46.87023508591255,27830000
2017-09-07,47.16916275024414,47.19945612924704,46.555396008702765,46.889096748567006,22332000
2017-09-08,46.74807357788086,47.209392247054666,46.67855337043921,47.159735497248796,19998000
2017-09-11,46.841434478759766,47.30771620106772,46.72771683944101,47.03559476985275,26748000
2017-09-12,47.00828170776367,47.07978712707591,46.55391504232252,47.02168944745563,25696000
2017-09-13,47.19648361206055,47.3161606672784,46.91343595393963,46.95117766225836,21908000
2017-09-14,46.68450927734375,47.07680401188574,46.59661452576839,46.97599782438931,28548000
2017-09-15,46.44416427612305,46.76495358485173,46.2435483033205,46.68252195045448,39886000
2017-09-18,46.169063568115234,46.52212769401143,45.95305463814166,46.43026252398899,29474000
2017-09-19,46.52213668823242,46.57576765153888,46.015631716677554,46.350821448775314,24854000
2017-09-20,47.05247116088867,47.17462971420326,46.55391090217427,46.565333431582644,40080000
2017-09-21,47.0529670715332,47.31366972812891,46.64726838114692,47.08177154595079,27414000
2017-09-22,46.839935302734375,47.174628666954014,46.71976574974565,46.815605126206314,21496000
2017-09-25,46.394012451171875,46.66563753690124,45.90885616311772,46.650740892219694,37468000
2017-09-26,46.55043029785156,46.880653141326654,46.435723862415706,46.51368498896058,33454000
2017-09-27,47.66624069213867,47.940847407459586,46.77488933609088,46.81411994929878,46692000
2017-09-28,47.910057067871094,47.978084573949374,47.45022734548085,47.48498744618636,28018000
2017-09-29,48.352508544921875,48.4562925527233,47.969151014754296,47.969151014754296,40622000
2017-10-02,48.042152404785156,48.55213524875045,47.768041977505234,48.44835123386619,30782000
2017-10-03,48.27106857299805,48.28894682091177,47.805779499195125,48.046614918060875,21666000
2017-10-04,48.00788497924805,48.38627569519033,47.94978351424919,48.2551799079345,21156000
2017-10-05,48.92207717895508,48.9876269663219,48.1811887921982,48.30632516237078,35618000
2017-10-06,49.34168243408203,49.37247211782516,48.59036414166564,48.66435485453673,31060000
2017-10-09,49.2756462097168,49.680352348757864,49.235422989266155,49.4092235203176,25910000
2017-10-10,49.05168533325195,49.531874855580924,48.71947724434681,49.42411663973674,23268000
2017-10-11,49.938072204589844,50.033415283056776,49.058635923041315,49.113259482817845,36300000
2017-10-12,49.938072204589844,50.23055336968265,49.71212964265665,49.848192239813976,30614000
2017-10-13,50.048309326171875,50.3904472218428,50.008086111857104,50.10988490328951,26552000
2017-10-16,50.121803283691406,50.25339537364561,49.73298642989083,50.1357073249804,21420000
2017-10-17,50.20374298095703,50.38052511472419,49.95794072561406,50.0269646357573,20260000
2017-10-18,50.29014205932617,50.46741668296336,49.921681194296724,50.20622151333141,25596000
2017-10-19,49.74887466430664,50.02099985703391,49.52343219453957,49.8933781880161,34284000
2017-10-20,49.90927505493164,50.08704599937899,49.77023084564916,50.0075959540706,32120000
2017-10-23,48.9394645690918,49.94502994004437,48.81829860372431,49.91473655441875,32786000
2017-10-24,49.08594512939453,49.12418313466014,48.51935359055698,48.987127940120494,28902000
2017-10-25,49.233436584472656,49.38091793397652,48.551142126082816,48.9757117138731,30574000
2017-10-26,49.2314453125,49.98077843539963,49.184270074131916,49.581531650167925,47396000
2017-10-27,51.329471588134766,52.816715226801826,50.990807798038226,51.196390596147644,103682000
2017-10-30,51.30265808105469,51.63536244351195,50.76635613679809,51.10551621714494,46804000
2017-10-31,51.298194885253906,51.69346748536779,50.96350147749355,51.29620967594851,30326000
2017-11-01,51.772918701171875,52.034117677177306,51.34586383093974,51.46107037046964,43262000
2017-11-02,51.791290283203125,51.9179193548002,51.080691456460855,51.64331263518044,26694000
2017-11-03,52.1398811340332,52.17315232737553,51.52710697953897,51.78036130217102,27770000
2017-11-06,51.77688980102539,52.26899816486857,51.743122301260705,52.095693945275194,18294000
2017-11-07,52.25905990600586,52.30971304544339,51.79277824636393,52.122997314400834,26104000
2017-11-08,52.55204772949219,52.77053819847026,51.993897041239954,52.142867298920365,24276000
2017-11-09,52.027164459228516,52.184079331287855,51.43772782444152,52.04106850047768,35892000
2017-11-10,51.849884033203125,51.97303519052219,51.70438790800527,51.83597999249184,19442000
2017-11-13,51.70339584350586,52.07781234208004,51.60706016206189,51.683532386772704,18814000
2017-11-14,51.725250244140625,51.75802514081245,51.113964892389525,51.53059365056782,21012000
2017-11-15,51.46553421020508,51.62543067929891,51.184968094455456,51.39551770397778,18106000
2017-11-16,52.06440734863281,52.22778173159434,51.54449469592831,51.5817363114122,23768000
2017-11-17,51.43971252441406,52.190038230718805,51.33245440236815,52.130451647993425,26712000
2017-11-20,51.378639221191406,51.579255221275744,51.28031453608973,51.44517782730402,17526000
2017-11-21,52.15528106689453,52.15975157627767,51.601104600345096,51.645794539907406,22206000
2017-11-22,52.23572540283203,52.41002222182036,52.003823420762416,52.19798369716838,14538000
2017-11-24,52.46415328979492,52.640439119322416,52.23572919575652,52.358384065218864,16492000
2017-11-27,53.233341217041016,53.28449066074243,52.377246298566796,52.56594724604327,35430000
2017-11-28,52.80033493041992,53.63011073955164,52.365831718409666,53.33167013527834,36424000
2017-11-29,51.513710021972656,52.57588418857469,51.12985614544133,52.44726989707472,55866000
2017-11-30,51.4536247253418,51.84939744606648,51.15071737512784,51.64083679631878,45092000
2017-12-01,50.90242004394531,51.50674950996511,50.49671756517733,51.167589420837984,37762000
2017-12-04,50.2469367980957,51.213771492129005,50.11534471562424,51.03798198828044,38778000
2017-12-05,50.630794525146484,51.478944849746625,49.77271436595063,50.20324335245284,38998000
2017-12-06,51.28229522705078,51.62294419360003,50.417755692828045,50.47784235922932,28710000
2017-12-07,51.87074279785156,52.08675174240578,51.4133983373536,51.44865474324005,30866000
2017-12-08,52.109596252441406,52.45918249383802,51.934799343175996,52.230262114856416,31170000
2017-12-11,52.23820877075195,52.438328470351834,51.84839929720815,52.19550404064159,23254000
2017-12-12,52.07929992675781,52.76109800226066,51.885635964234865,52.140379202234065,33882000
2017-12-13,52.20940399169922,52.41250148924903,51.97054999918829,52.24366779127839,27680000
2017-12-14,52.511322021484375,52.98852991159332,52.31914696411874,52.41300113259816,30962000
2017-12-15,53.23284149169922,53.394230648956054,52.64142348229206,52.82465751573714,63760000
2017-12-18,53.88286590576172,53.95238611286542,53.15190733801383,53.45382204233541,30292000
2017-12-19,53.61918258666992,53.87690744840302,53.24625497315328,53.78007545903062,26350000
2017-12-20,53.31031036376953,53.6911825634899,53.06400805755637,53.67578961649329,28728000
2017-12-21,53.175743103027344,53.50695859741206,53.083877923641126,53.40118937611114,25640000
2017-12-22,53.076927185058594,53.21894542151822,53.01634420423306,53.133535958712216,17788000
2017-12-26,52.927452087402344,53.07692242246825,52.569421137291236,53.06599619515144,18376000
2017-12-27,52.646888732910156,53.04762822021024,52.55651246164311,52.96470027211699,22324000
2017-12-28,52.43584442138672,52.87729962240284,52.30822275097462,52.748685347417684,19884000
2017-12-29,52.30921173095703,52.540121089472976,52.27445163047329,52.41299951872294,23606000
2018-01-02,53.292930603027344,53.43048210425983,52.290346969646514,52.290346969646514,31766000
2018-01-03,54.20216369628906,54.429595175331535,53.30386031030047,53.32868679132137,31318000
2018-01-04,54.4127082824707,54.82585910593442,54.33822505255014,54.478754373376354,26052000
2018-01-05,55.13423538208008,55.297609768864895,54.71264361524069,54.794578959789895,30250000
2018-01-08,55.328895568847656,55.57470161848857,55.119838624206935,55.169495378767486,24644000
2018-01-09,55.25837326049805,55.53893936900628,55.03044550015355,55.53893936900628,26808000
2018-01-10,55.12678527832031,55.25788106765144,54.82089636607006,54.97085921984269,20734000
2018-01-11,55.22163391113281,55.36067433046023,54.94504197942064,55.23454534843711,22424000
2018-01-12,56.145259857177734,56.177534659556635,55.02101396193982,55.12479796667836,38586000
2018-01-16,56.14774703979492,57.05052097580515,55.94713103052236,56.62495498888131,36462000
2018-01-17,56.56486892700195,56.575791366189605,55.78971292715813,56.428806325203404,27830000
2018-01-18,56.4094352722168,56.638851942112325,55.83787691226107,56.57727636394682,27498000
2018-01-19,56.783355712890625,56.797259753551884,56.23712392038395,56.51173061772727,30552000
2018-01-22,57.809288024902344,57.94435803048623,56.69993865642245,56.799255951283364,29550000
2018-01-23,58.40567398071289,58.52187313405437,57.962729824602164,58.130074638995126,39138000
2018-01-24,58.16333770751953,58.94594198355019,57.9701700441513,58.84315058490923,37128000
2018-01-25,58.702117919921875,58.8441399215014,58.1906462550449,58.63110881341548,29984000
2018-01-26,58.97126770019531,58.97126770019531,58.00145891691538,58.96977879330763,42170000
2018-01-29,58.91763687133789,59.489691531734586,58.79746352899024,58.99311648986224,31494000
2018-01-30,58.46526336669922,58.989646560576546,58.323241339787685,58.48264531402683,37338000
2018-01-31,58.70609664916992,58.90969424174536,58.20356217452964,58.785050386223745,36022000
2018-02-01,58.6748161315918,58.965812204270236,58.06750499036581,58.39673528514675,73514000
2018-02-02,55.57667922973633,56.17753459147874,55.17792876359415,55.98486322772803,117842000
2018-02-05,52.75564193725586,55.36762805754289,52.47507957838458,54.653551296692484,83550000
2018-02-06,53.850093841552734,53.99658258646535,51.147731486675085,51.344873376973354,76630000
2018-02-07,52.409034729003906,53.95437625429162,52.36980411263514,53.876911414804205,51942000
2018-02-08,50.040367126464844,52.83210913832547,49.890896791034486,52.630500543290196,66792000
2018-02-09,51.955162048339844,52.22579456653236,49.508535579311385,50.942644699709525,98360000
2018-02-12,52.3668212890625,52.91354941138,51.916428851689155,52.471597901569,56240000
2018-02-13,52.34596633911133,52.69754158754058,51.987439069853544,52.140383528081415,31586000
2018-02-14,53.26760482788086,53.405156331166495,52.13045127850478,52.35490114383803,41304000
2018-02-15,54.1942138671875,54.330276457416836,52.99597730623739,53.80142283222073,37396000
2018-02-16,54.39979553222656,55.035907260632065,54.20364627565302,54.29451883848713,39948000
2018-02-20,54.80152893066406,55.43217760494987,54.12668283215146,54.263738036919925,33754000
2018-02-21,55.30604934692383,56.42086176161694,54.996186225280724,55.07514375402131,41486000
2018-02-22,55.114864349365234,55.88753501449216,54.8789919557152,55.575190395688715,28010000
2018-02-23,56.01813888549805,56.06332891636732,55.04237064349879,55.549868177460375,25292000
2018-02-26,56.79329299926758,56.81811948001176,56.080208884256166,56.205345258280325,30912000
2018-02-27,55.492759704589844,56.82060321393675,55.45700699707799,56.79329143387391,42964000
2018-02-28,54.81791687011719,55.99629011248413,54.7722343255836,55.71572397232992,49292000
2018-03-01,53.203548431396484,55.182896669608,52.998958231780634,55.09699091100111,55338000
2018-03-02,53.835689544677734,53.972248444556826,52.14584466787732,52.53664672639384,50162000
2018-03-05,54.3630485534668,54.68184888346879,53.24625100535731,53.537247042662095,28648000
2018-03-06,54.66794967651367,54.90283326979053,54.350141922947074,54.727540051020135,23382000
2018-03-07,55.3701057434082,55.42771090675819,54.122212344863556,54.26671587268303,30748000
2018-03-08,56.08219528198242,56.184486591156265,55.477365713672505,55.477365713672505,33862000
2018-03-09,57.6444206237793,57.652365249089435,56.32601441041463,56.58472808384261,42662000
2018-03-12,57.897178649902344,58.50448975214629,57.56298156472419,57.85347752786079,44306000
2018-03-13,56.60508728027344,58.49654456453966,56.33991789106401,58.19015556516624,43140000
2018-03-14,57.0510139465332,57.590790054628386,56.72625417982306,56.89757318742485,41870000
2018-03-15,57.13642120361328,57.72685043207554,56.39404391736325,57.08477924645605,33382000
2018-03-16,56.33247375488281,57.444304627482474,56.180521893914985,57.371806601864634,58656000
2018-03-19,54.626731872558594,55.58511805515787,54.07304797956756,55.50517171718148,63656000
2018-03-20,54.414695739746094,54.898855663358916,53.750275796840675,54.54380252699816,54598000
2018-03-21,54.325313568115234,55.05527952923379,53.98813867031982,54.2543044543219,44898000
2018-03-22,52.29680633544922,53.824765812367346,52.12250572238285,53.63060552982255,69312000
2018-03-23,50.975914001464844,52.9736368425676,50.892489752103316,52.20841446588547,49880000
2018-03-26,52.34347915649414,52.600707706466125,50.182882086302634,52.17017494431789,65984000
2018-03-27,50.00212860107422,52.86240197247618,49.53932104482786,52.83061968390677,60816000
2018-03-28,49.914730072021484,50.89844664652213,48.86298598855993,49.752352090618935,77698000
2018-03-29,51.50178146362305,52.04354652229107,49.858119315560096,50.21416503897661,69338000
2018-04-02,50.28468322753906,51.6204714225874,49.37197949149575,51.02904955499156,65068000
2018-04-03,50.585105895996094,50.898943210334416,49.520946673024156,50.45947322523179,51322000
2018-04-04,51.13283157348633,51.28329451593086,49.484202502071994,49.56961195881301,50724000
2018-04-05,51.2783317565918,51.97701177956681,50.84929165268748,51.961122527886616,35836000
2018-04-06,50.15160369873047,51.44517971547894,49.96786954744196,50.80459738044142,40134000
2018-04-09,50.655128479003906,51.8717359050067,50.610931054218156,50.652643178930234,33220000
2018-04-10,51.47001266479492,51.70389988297647,50.42273514622127,51.160149512809,36620000
2018-04-11,50.90192413330078,51.43872243779296,50.610931860284275,51.24654736424903,34060000
2018-04-12,51.50923538208008,51.87471467664396,50.951088499741395,51.22023210613426,32896000
2018-04-13,51.447166442871094,52.28836481017805,51.15468524543255,51.985953777394286,25410000
2018-04-16,51.94672393798828,52.21139705413696,51.341894286241654,51.919412154671186,29776000
2018-04-17,53.598323822021484,53.87839363905151,52.49245247428239,52.69654636827257,54584000
2018-04-18,53.401187896728516,53.72942177957137,53.159356076861656,53.58094783201243,31126000
2018-04-19,54.09937286376953,54.49961226385661,53.08487032169125,53.08487032169125,39884000
2018-04-20,53.49702835083008,54.362556847641656,53.23781457958176,53.84214788447324,42434000
2018-04-23,53.322723388671875,54.02736653117638,52.968666653760614,53.77808261502056,69590000
2018-04-24,50.78175354003906,52.85991902068733,50.29610469177142,52.597231138886116,128220000
2018-04-25,50.79913330078125,51.448652805436495,50.5021778417112,51.134815491787386,57860000
2018-04-26,51.80817413330078,52.240692109281554,50.67300198042338,51.307128555365445,50926000
2018-04-27,51.21923065185547,52.22479586199621,51.027555687641446,51.91890697201854,40746000
2018-04-30,50.580142974853516,51.56286316325893,50.566238933882744,51.366717682828565,34492000
2018-05-01,51.68104553222656,51.729709673760496,50.184368398935504,50.46691971661562,35326000
2018-05-02,50.951087951660156,51.84144670991521,50.80757702556829,51.345864232563656,34698000
2018-05-03,50.9635009765625,51.181498929842796,50.04930831184697,50.91732212926173,39282000
2018-05-04,52.19003677368164,52.23373789350288,50.55382290019797,50.63128772871854,36892000
2018-05-07,52.610137939453125,52.8852409316235,52.1537861213205,52.333546040516524,34400000
2018-05-08,52.56694030761719,52.8966668777174,52.22182078947123,52.86637349534631,26030000
2018-05-09,54.07453918457031,54.32531201312875,52.74173267066569,52.84055365296142,47160000
2018-05-10,54.8948860168457,55.09053900023519,54.31935717435664,54.37497334297886,36414000
2018-05-11,54.79110336303711,55.070676908621735,54.48521442802203,54.64362200977643,30504000
2018-05-14,54.95100021362305,55.524543825293904,54.86161654761153,54.89985076782042,39338000
2018-05-15,53.87194061279297,54.579561619207226,53.56952581236141,54.46932189052054,35738000
2018-05-16,53.83320617675781,54.344185389500886,53.71105140447794,53.88286671563585,25628000
2018-05-17,53.69268035888672,54.17634403368262,53.45233742849618,53.702613982737724,25738000
2018-05-18,53.11565399169922,53.318755285662164,52.86935545559848,52.93490145509209,35482000
2018-05-21,53.82923126220703,54.29054989754012,53.530790694398874,53.5804474405621,25180000
2018-05-22,53.397212982177734,54.21606630323532,53.24575743425965,54.116752804645515,22226000
2018-05-23,53.92606735229492,54.02736984995512,52.982573949033664,53.13353319664084,23740000
2018-05-24,53.90074157714844,53.98366952524101,53.24774791799139,53.97274708591757,20604000
2018-05-25,53.832706451416016,54.10532794133793,53.75921582951319,53.95536130676729,22224000
2018-05-29,53.037689208984375,53.69664600602487,52.78989799449124,53.431472846847164,36076000
2018-05-30,53.504478454589844,53.579958082424405,52.962217017477535,53.3063439579532,28686000
2018-05-31,54.62325668334961,55.11983174410734,53.53079306510944,53.72942005855889,79368000
2018-06-01,56.361270904541016,56.5181895675051,55.21964302109908,55.26235153862954,63202000
2018-06-04,57.2570915222168,57.496441824139715,56.46058318094902,56.53507019815633,44754000
2018-06-05,57.15678024291992,57.657329500907885,56.980001919057884,57.33753656211115,32964000
2018-06-06,56.954681396484375,57.34002416208946,56.42682409165318,57.24368847068819,34934000
2018-06-07,56.33247375488281,56.901050583407496,55.9203155082814,56.836993485939566,36108000
2018-06-08,56.247554779052734,56.54897316961846,55.77679880926231,56.17306776325444,27284000
2018-06-11,56.65424346923828,56.993903639450295,56.18249870520702,56.25897092658843,24796000
2018-06-12,57.01625061035156,57.044058691831175,56.660204876104636,56.660204876104636,26092000
2018-06-13,56.819610595703125,57.386205994077834,56.777402167086755,57.219353700325605,34302000
2018-06-14,57.60817337036133,57.90015824939189,57.13592846091329,57.215878595883865,35422000
2018-06-15,57.56645965576172,57.79686894469169,57.28937143086144,57.59873445939219,44438000
2018-06-18,58.77363204956055,58.80094382951914,57.15578889086182,57.23970943987872,33038000
2018-06-19,58.53081130981445,58.73539773264878,57.6826609595183,58.104749031116874,47282000
2018-06-20,58.79796600341797,59.663001999379034,58.696667290776475,58.75973178216066,51686000
2018-06-21,58.071475982666016,59.10881977379724,57.77551690309091,58.86947325360065,44966000
2018-06-22,58.06402587890625,58.34756981513518,57.58532527605931,58.173272998773406,34220000
2018-06-25,56.57380676269531,57.40358254449578,55.611442493783244,57.35442209620706,57682000
2018-06-26,56.24308776855469,56.95070499123789,56.06332783032958,56.815142478390754,34688000
2018-06-27,55.464454650878906,56.91793081555456,55.452535818996374,56.41092583250312,34538000
2018-06-28,55.953086853027344,56.311614116865826,54.92468029968545,55.23851383683477,29726000
2018-06-29,56.072757720947266,56.67709098438599,55.96500329861254,56.22769116801072,31562000
2018-07-02,56.71432876586914,56.75802988314812,54.95099341937093,55.38549656098264,23216000
2018-07-03,55.43168640136719,57.101668006377174,55.33982121696563,57.07733782598181,16448000
2018-07-05,56.67361831665039,56.815144038212864,55.77134069603051,55.844835113864065,28594000
2018-07-06,57.3583984375,57.41401460640656,56.47250636502538,56.69745634084254,21820000
2018-07-09,57.964210510253906,57.99648910065037,57.4651539519023,57.602705452081246,21584000
2018-07-10,57.95725631713867,58.27307882321314,57.72982486321295,58.09878201874034,21334000
2018-07-11,58.171783447265625,58.617705362930295,57.37279360508707,57.38520495065229,33252000
2018-07-12,59.65157699584961,59.687826006335456,58.25322064955825,58.340619105128695,44148000
2018-07-13,59.80849838256836,60.107435287109936,59.355124319713205,59.728051944053234,32612000
2018-07-16,59.41571044921875,60.02153270465637,59.261273282718896,59.77820816693633,26784000
2018-07-17,60.238529205322266,60.52058424508917,58.695173006314576,58.7319221081929,40162000
2018-07-18,60.23008728027344,60.661112563929755,59.81544754950289,60.012585640696145,38948000
2018-07-19,59.5443229675293,60.40736998924511,59.4762916625467,59.91923580986226,38338000
2018-07-20,59.483734130859375,60.1238201089191,59.41967325082829,59.551269126863524,37938000
2018-07-23,60.1352424621582,60.33884006696403,59.19224533856686,59.3734979736454,65446000
2018-07-24,62.476593017578125,63.313320789791945,61.78089086655135,63.11469000607134,107600000
2018-07-25,63.36000061035156,63.4742107553043,62.02470875673829,62.201987178843154,51104000
2018-07-26,63.83473205566406,63.92908253912696,62.71743805554323,62.92500608830765,54686000
2018-07-27,62.21540069580078,64.12969565437895,61.798275626563374,64.01449289413725,48362000
2018-07-30,61.080718994140625,62.215394850853166,60.78923042739737,61.8260779035689,43896000
2018-07-31,60.9406852722168,61.63539481960726,60.39296455080471,61.163646234061574,39382000
2018-08-01,61.22721481323242,61.86828965820945,60.82747170769052,61.531118530823136,36994000
2018-08-02,61.63142013549805,61.79429821059289,60.485821861833074,60.50767052807498,34704000
2018-08-03,61.48394012451172,61.89907615777278,61.04993323831139,61.832533764473176,21264000
2018-08-06,61.45960998535156,61.6974713996711,61.10505690719321,61.6552629705023,22114000
2018-08-07,62.361881256103516,62.87037514071899,62.16126526814331,62.171691404507,42506000
2018-08-08,62.63450622558594,63.1504446729851,62.17715796998037,62.40558205234776,34344000
2018-08-09,62.7899284362793,63.16235972430303,62.57342319929309,62.70402268009503,27326000
2018-08-10,62.1965217590332,62.62804711722645,61.93085607544042,62.52773722882341,26602000
2018-08-13,62.00434494018555,62.86491033222362,61.9243986016627,62.1314703021955,27500000
2018-08-14,62.476097106933594,62.597755573942706,61.55246717712484,62.19602728338948,28080000
2018-08-15,61.188968658447266,62.17019989126487,60.89201700144807,61.78783878356475,37052000
2018-08-16,60.78376770019531,61.759043389503844,60.56378454814501,61.67412644521632,32176000
2018-08-17,60.37607955932617,60.927278191280145,59.78763931247009,60.683461164968854,33092000
2018-08-20,60.67898941040039,60.87563498332218,60.02102897018602,60.6149323186566,22218000
2018-08-21,60.45354461669922,61.21578917211743,60.335360264593454,60.73212553604658,23082000
2018-08-22,60.669063568115234,60.90642488678116,60.24548280080623,60.29513955244631,22296000
2018-08-23,60.63976287841797,61.335465070428214,60.54988290758907,60.576202084681825,24666000
2018-08-24,61.41392517089844,61.44619997520723,60.652673201303166,60.880104681225795,24454000
2018-08-27,62.383235931396484,62.46268976131002,61.60907633486965,61.78089164291888,28580000
2018-08-28,61.866302490234375,62.397637676874744,61.72279156401181,62.36486278187075,27330000
2018-08-29,62.79936599731445,62.92450616113287,62.21092573682352,62.32017286115726,36926000
2018-08-30,62.292362213134766,63.03970631773306,61.93333865538568,62.737291529043084,30104000
2018-08-31,61.16812515258789,62.19851704012536,60.86769552957307,62.18163518284905,42308000
2018-09-04,60.150634765625,60.972966013012716,59.91476235882163,60.70729652499204,41458000
2018-09-05,59.5443229675293,60.327419851190434,58.36445699614651,60.04685370307041,53988000
2018-09-06,58.79399871826172,59.53886139895714,57.781977622575056,59.518005334823286,46854000
2018-09-07,58.47618103027344,59.02042760342463,58.06303023639028,58.19859273599347,32658000
2018-09-10,58.350547790527344,58.92657668285312,58.12957203875361,58.80441812609223,27670000
2018-09-11,59.09193801879883,59.13911325741079,57.89817186389085,58.15390772614469,29254000
2018-09-12,58.178741455078125,59.12670163869958,57.90860144431564,58.695176233310434,35716000
2018-09-13,58.702117919921875,58.986161923080935,58.06054308444595,58.58095576684174,40068000
2018-09-14,58.495548248291016,58.99311971042389,58.274076191844806,58.99311971042389,24176000
2018-09-17,57.594268798828125,58.6862361655645,57.526237497095515,58.48512386277596,34096000
2018-09-18,57.95577621459961,58.66190834598999,57.67372116161851,57.734800444942145,32314000
2018-09-19,58.31132125854492,58.41063475634106,57.53418006773367,58.04764077738549,25962000
2018-09-20,59.1703987121582,59.29106837226901,58.409646802027595,58.629133665512555,29244000
2018-09-21,58.204559326171875,59.41918159029943,58.201581512248055,59.33674994226577,91222000
2018-09-24,58.57400894165039,58.853578672277656,57.18061943196869,57.57341048981935,31150000
2018-09-25,59.28560256958008,59.43308391446008,58.30238223801175,58.80690573517753,33152000
2018-09-26,59.294044494628906,59.94853085921403,58.86401179898062,59.27567373185273,37650000
2018-09-27,59.954490661621094,60.42623548614039,59.49217936970795,59.589011361627904,36274000
2018-09-28,59.94058609008789,60.00861739270327,59.481252616139386,59.79210834988635,35612000
2018-10-01,60.01258850097656,60.790722343198134,59.747419096990136,60.23456066035999,33164000
2018-10-02,59.96839141845703,60.80661189025297,59.572126242197164,59.92022357629471,40180000
2018-10-03,60.16156005859375,60.29315215050966,59.69577087990158,60.18489763233136,26246000
2018-10-04,58.45035934448242,59.88198302089639,57.793887830303355,59.838781992045575,46576000
2018-10-05,57.99152374267578,58.69517051098388,57.32065186785569,58.397226233030224,31852000
2018-10-08,57.40010452270508,58.390273019094934,56.38113155167689,57.6027057183166,46190000
2018-10-09,56.86628723144531,57.6796774498576,56.81663048146986,57.17118354063311,33690000
2018-10-10,54.23394012451172,56.46157573737749,54.20166153524964,56.43078605487363,58980000
2018-10-11,54.16343307495117,55.420763908176106,53.42601872303986,53.582441097253614,67696000
2018-10-12,55.64322280883789,55.90591068506979,54.37645857421164,55.598529082892036,49370000
2018-10-15,54.74442672729492,55.705794631671345,54.53486970223227,55.517097458361356,30074000
2018-10-16,56.26593017578125,56.429304564006266,55.20673768076935,55.292643444584535,38378000
2018-10-17,55.993309020996094,56.9571583720068,55.31846293260537,56.609557342349035,35652000
2018-10-18,54.519474029541016,56.229678702436445,53.94493782172068,56.11298325717906,46152000
2018-10-19,54.88048553466797,55.66358619144851,54.47577940620576,54.807491207818124,41286000
2018-10-22,55.187862396240234,55.70032670121513,54.62325604352703,55.24447116448159,27116000
2018-10-23,55.363651275634766,55.517095825368735,53.58094854519631,54.19074117141181,37686000
2018-10-24,52.49394226074219,55.448566170049546,52.39164716089309,55.36811973657687,49286000
2018-10-25,54.80152893066406,55.508153530326545,53.40913200486425,53.64500440628176,72956000
2018-10-26,53.816322326660156,55.467432891843664,51.75454245775029,52.05745354855665,106438000
2018-10-29,51.38211441040039,55.061737669802305,50.01504399704819,54.451444940467006,81290000
2018-10-30,52.116050720214844,52.1850746277313,50.35122620654891,50.65115571345679,59768000
2018-10-31,54.155487060546875,55.02052307449358,53.04415249231558,53.04415249231558,70916000
2018-11-01,53.927059173583984,54.61829082153748,53.52185297739613,54.19620277026839,40132000
2018-11-02,53.20751953125,54.523940435840636,53.017329686222624,54.07702214599272,43438000
2018-11-05,52.4249153137207,53.29988104253075,51.345859487915234,53.25916152587014,45358000
2018-11-06,53.1121826171875,53.62117284552768,52.319648434895775,52.38966494718805,28660000
2018-11-07,55.03243637084961,55.116356924335314,53.65940655409338,53.803413784401044,43388000
2018-11-08,54.35659408569336,55.03144016270578,53.84661129098667,54.98575762161647,33694000
2018-11-09,53.48212432861328,54.044741641923196,52.84849412056194,53.82972532586712,34860000
2018-11-12,52.10860061645508,53.337130656375315,51.66118977724127,53.28896281345424,34002000
2018-11-13,52.03957748413086,52.96817425261461,51.663672055984854,52.37923768968212,25750000
2018-11-14,52.36781692504883,52.92447870260061,51.69893020551954,52.63696053800622,34666000
2018-11-15,53.18567657470703,53.573997142583444,51.70786635175515,52.21288615720008,41584000
2018-11-16,53.04762649536133,53.254698207707946,52.383702841328535,52.89666725043089,35366000
2018-11-19,51.01911163330078,53.03421628635743,50.79317286728606,52.805292129601725,45684000
2018-11-20,51.169578552246094,51.512216572083716,49.767251759578734,50.01950971969448,54458000
2018-11-21,51.81413650512695,52.374272396289506,51.61699461554681,51.90749059270372,29698000
2018-11-23,51.15220260620117,51.79278494602068,51.07374137557679,51.32103632332067,14178000
2018-11-26,52.43534469604492,52.487979254950346,51.632380688800154,51.842433987868205,31558000
2018-11-27,52.25360107421875,52.97264461056947,51.91692626059895,52.206925926200434,33048000
2018-11-28,54.215572357177734,54.26870701340177,51.79029827591175,52.51083073428073,46042000
2018-11-29,54.3541145324707,54.630706454635245,53.72942148312216,53.80539740881542,31004000
2018-11-30,55.10245132446289,55.10245132446289,53.788019314758785,54.406256646407606,59668000
2018-12-03,55.4356575012207,56.361272680390314,55.20574071908322,56.220247052195056,57532000
2018-12-04,52.759613037109375,55.33038318123331,52.675692485555366,55.268311296593296,45630000
2018-12-06,53.53476333618164,53.60130572771582,51.76695733708637,51.89209370649958,47436000
2018-12-07,51.970550537109375,53.87988222444343,51.6125195900565,53.2442667619824,42682000
2018-12-10,52.29829788208008,52.617098254384594,51.296210430498796,51.78980393843356,33652000
2018-12-11,52.71889114379883,53.15339431671857,52.14534756171549,52.98157901437584,33852000
2018-12-12,53.31875991821289,54.21259284452468,53.231361456060775,53.48511212570508,28960000
2018-12-13,53.30931854248047,54.048225524488295,52.884748976627556,53.415091548646906,24986000
2018-12-14,52.22529602050781,53.21894247261031,52.10909687711849,52.63795054423084,36358000
2018-12-17,50.93122482299805,52.7551433832478,50.48331388401322,51.99190620437998,49932000
2018-12-18,51.81313705444336,52.62156038732353,51.17106211390615,51.34585901027855,43640000
2018-12-19,51.418357849121094,53.41707314047551,50.6223496369844,52.00580545395999,58264000
2018-12-20,50.828433990478516,52.013262945096464,50.04781864487211,50.94860355609423,53674000
2018-12-21,49.22300338745117,51.52810399378867,48.72345050801858,51.24853426247188,104656000
2018-12-24,48.89625930786133,50.259355463309994,48.5481581801127,48.878877361733565,36360000
2018-12-26,52.03361892700195,52.063412217943515,49.292522503368225,49.55769567387593,46318000
2018-12-27,52.28438949584961,52.30623816241729,50.005107957942045,50.95853497021103,45996000
2018-12-28,51.97552490234375,52.847012884218515,51.743126591750126,52.612133061880265,34398000
2018-12-31,51.89011001586914,52.78543557125046,51.29819186096392,52.52919962040073,33110000
2019-01-02,52.372779846191406,52.67618723970318,50.91284795002421,51.00819102881696,31868000
2019-01-03,50.922279357910156,52.94781013549516,50.76834230728977,52.17365058487447,41960000
2019-01-04,53.53426742553711,53.63010680671193,51.48788049970331,51.77092813408494,46022000
2019-01-07,53.42750549316406,53.76418029371647,52.768052356043505,53.678274535580336,47446000
2019-01-08,53.89677429199219,54.293039504427625,53.05160172240321,53.92805649342705,35414000
2019-01-09,53.712039947509766,54.20811868793683,53.35053110390623,54.026869858152644,26998000
2019-01-10,53.57200622558594,53.62067036696368,52.86935209488091,53.37883856685281,26598000
2019-01-11,52.858924865722656,53.300876367299786,52.45967809202264,53.12856476037048,30864000
2019-01-14,52.215362548828125,52.55998574803909,52.06837751892852,52.306235114417525,28490000
2019-01-15,53.9533805847168,54.04077904320069,52.36086390749679,52.53814233603019,37518000
2019-01-16,54.10234832763672,54.740449107139234,54.02786509845262,54.1266822941194,38280000
2019-01-17,54.57956314086914,54.6580205814156,53.79199197865768,54.02687557511327,24896000
2019-01-18,54.98575973510742,55.517094913944106,54.58750555498726,55.04981682869067,44892000
2019-01-22,53.562076568603516,54.57211235808889,53.17772643171997,54.42462722769224,39632000
2019-01-23,53.84909439086914,54.27316762257538,53.01286297023788,53.970752849944056,25194000
2019-01-24,53.82874298095703,54.02737378377474,53.13452967005058,53.75475225866536,29114000
2019-01-25,54.6982421875,54.79010736506848,54.21606745084884,54.33673331630397,23260000
2019-01-28,53.6231575012207,54.29402941484541,53.36245482221904,54.13016251506108,29334000
2019-01-29,53.136512756347656,53.86498984216276,52.935896752201856,53.68175199621417,19704000
2019-01-30,54.5234489440918,54.599424870640824,53.463260088524166,53.49901279715303,29452000
2019-01-31,55.90889358520508,55.99728465199397,54.88396486030973,55.231069619991345,40232000
2019-02-01,55.547882080078125,56.33147902133534,55.330880525186565,55.73012353045957,33116000
2019-02-04,56.68007278442383,56.7257591169716,55.49276232616493,55.56724934699765,78408000
2019-02-05,57.19898986816406,57.24368359376726,55.795174229865374,56.09460741599528,82296000
2019-02-06,55.759918212890625,57.304763270738334,55.534968253588666,57.06988347710381,48256000
2019-02-07,54.9167366027832,55.218651312777254,54.304954980209146,55.21021038502046,38298000
2019-02-08,54.7414436340332,54.87651363302211,54.33723381881599,54.36901232076592,21766000
2019-02-11,54.72853469848633,55.29016329647102,54.623261775972615,54.80947744111797,18498000
2019-02-12,55.9928092956543,56.255000853015126,55.16998182739251,55.16998182739251,35036000
2019-02-13,56.044952392578125,56.7510844857334,55.9143529048766,56.26394294106998,28042000
2019-02-14,56.0732536315918,56.41738053460743,55.47190197457435,55.864693020238974,21106000
2019-02-15,55.5980339050293,56.57479850303521,55.45353037620814,56.57479850303521,27826000
2019-02-19,55.93967819213867,56.0951041569781,55.44955884492726,55.44955884492726,21980000
2019-02-20,55.64570617675781,56.15916690285784,55.20673625924177,56.05736810178716,24090000
2019-02-21,54.83231735229492,55.574202180471076,54.52295052272925,55.55582762900774,33272000
2019-02-22,55.44558334350586,55.4798471434617,54.64808620125647,55.10493434162295,29436000
2019-02-25,55.48381805419922,55.884553704909955,55.323921593426384,55.71224211081281,26208000
2019-02-26,55.71621322631836,55.93619635890948,54.95595773333306,55.336829933206474,35026000
2019-02-27,55.759918212890625,55.900943834102165,55.048326811384115,55.3189593126098,22092000
2019-02-28,55.94166564941406,56.31111914967775,55.53745583327619,55.56675282375527,27422000
2019-03-01,57.03263854980469,57.10613296332023,56.1626395740389,56.1626395740389,34086000
2019-03-04,57.275962829589844,57.87681820631687,56.52265551266537,57.33257159923275,35490000
2019-03-05,58.05906295776367,58.42156444447001,57.256102634644606,57.40408028552578,40094000
2019-03-06,57.848018646240234,58.33466010001463,57.754164471585874,58.18668245468202,23602000
2019-03-07,57.14834213256836,57.780483507204465,56.69447178597159,57.627539050675985,30086000
2019-03-08,57.104644775390625,57.277452689504216,56.12291336583073,56.306647507649224,23694000
2019-03-11,58.559112548828125,58.591387351932774,57.18409379498416,57.20544615914636,30032000
2019-03-12,59.452449798583984,59.87255264332162,58.71007248986403,58.71007248986403,42220000
2019-03-13,59.54233169555664,59.94257109573969,59.48522662116568,59.883480812101666,25888000
2019-03-14,59.21806335449219,59.82239661214075,59.15350996216499,59.540341590991154,27302000
2019-03-15,59.107330322265625,59.67441820688941,58.9439559412454,59.48969525000366,51886000
2019-03-18,59.02043151855469,59.338239259767114,58.66935258091703,59.07704028842328,24442000
2019-03-19,59.7111701965332,59.75834543691231,59.06562105509747,59.177845996513305,29788000
2019-03-20,60.90145492553711,61.07823704388622,59.568648382978665,59.65852834902629,41508000
2019-03-21,61.38313674926758,61.39852969827657,60.41233152855452,60.58216163567386,28150000
2019-03-22,59.96888732910156,61.25898913382105,59.88695198887495,61.02162782916123,34422000
2019-03-25,59.45891189575195,60.05778213392552,59.09243996816933,59.56716642489717,27576000
2019-03-26,59.08448791503906,59.968887223940904,58.683255930629606,59.8467286672463,30752000
2019-03-27,58.497039794921875,59.187775126447654,57.81275639306733,59.187775126447654,29428000
2019-03-28,58.21200180053711,58.459296719790444,57.77303191345915,58.372398359602414,22402000
2019-03-29,58.44142532348633,58.79300056652951,57.91952367846969,58.6047959161706,30890000
2019-04-01,59.538360595703125,59.59893978558316,58.911682325807746,58.97027630646345,27706000
2019-04-02,59.86410903930664,59.87751677782474,59.15400656582166,59.59148754848322,18288000
2019-04-03,60.12580490112305,60.61195003139144,59.84126836433833,60.219655283116424,22180000
2019-04-04,60.55484390258789,60.60946746079608,60.03790909725601,60.14963772502115,21022000
2019-04-05,60.157588958740234,60.601529493519976,60.087076143019665,60.54740223163518,20012000
2019-04-08,60.00017547607422,60.28173042585157,59.822400748039556,60.14070479981026,21750000
2019-04-09,59.72258377075195,59.944055820499464,59.508560043728515,59.682860645745926,19668000
2019-04-10,59.909297943115234,60.03294540892047,59.62178358272797,59.84176673381358,15510000
2019-04-11,60.065223693847656,60.221646053196345,59.81445464745042,60.03095989279288,16998000
2019-04-12,60.71772766113281,60.733616912387355,60.24896065201805,60.3646597087807,24312000
2019-04-15,60.90642166137695,61.04397316716175,60.31202200298891,60.78525570830979,23796000
2019-04-16,61.173580169677734,61.375685070722255,60.83243106713292,61.07873339208149,22622000
2019-04-17,61.5822639465332,61.828566285342575,61.22274406184032,61.426337881216384,30366000
2019-04-18,61.64830780029297,61.870276163119435,61.54601269771949,61.82359722682789,24750000
2019-04-22,62.25859451293945,62.28739519966087,61.24607723716746,61.40994791638979,19084000
2019-04-23,63.09432601928711,63.285012165053814,62.16970355264086,62.401605516968246,31868000
2019-04-24,62.570945739746094,63.26367014386888,62.559030695113094,63.09433633308455,23396000
2019-04-25,62.932945251464844,63.20407405659304,62.46914507746081,63.07993028957787,31344000
2019-04-26,63.43349075317383,63.50748146882299,62.81674612484598,63.23287475902277,27228000
2019-04-29,64.36605834960938,64.40430014627246,63.1499472420338,63.5869319411135,72368000
2019-04-30,59.5373649597168,59.637671060379766,58.744830834328255,59.12371784577644,133178000
2019-05-01,58.26414489746094,59.55176517078927,58.18270586078378,59.46486302046825,74340000
2019-05-02,57.92597961425781,58.56507300935367,57.51978080850767,58.22839441108475,45098000
2019-05-03,59.07008743286133,59.16195260702625,58.275568091060066,58.46724306452287,41588000
2019-05-06,59.26424789428711,59.36207248475379,58.15688383510678,58.19859595861239,31774000
2019-05-07,58.539249420166016,59.329298264303915,57.8509955859456,58.884368941861375,36604000
2019-05-08,58.13801956176758,58.80789887001403,57.98159719682957,58.461286640169675,25520000
2019-05-09,57.998477935791016,58.30138903648477,57.33654326582937,57.73181963448864,29556000
2019-05-10,57.98208999633789,58.411130058090045,56.9258753943574,58.041680367135086,31650000
2019-05-13,56.44022750854492,57.20396101137546,55.88952893618015,56.86976769716593,45626000
2019-05-14,55.85774230957031,56.851388733278405,55.79169622014317,56.724763456680954,40392000
2019-05-15,58.13901138305664,58.511442693744634,55.68592927098354,55.74303434449022,59302000
2019-05-16,58.81932067871094,59.29901393563067,58.02231974314036,58.190657160881514,35308000
2019-05-17,58.03870391845703,58.9082066487613,57.9215121641467,58.38879027441347,25362000
2019-05-20,56.84096145629883,57.25510486677218,56.517194311050815,57.25510486677218,30602000
2019-05-21,57.32661437988281,57.503396504785506,56.773926824116245,57.3285995891205,20562000
2019-05-22,57.396629333496094,57.79041300251401,57.15579012010887,57.168205254641975,18826000
2019-05-23,56.87472915649414,57.10861635520426,56.26990333907973,56.91098195643675,25214000
2019-05-24,56.5405387878418,57.32264307284794,56.44618830433686,57.20545131625227,18554000
2019-05-28,56.58771514892578,57.42841722314295,56.54351772030625,56.683058238985716,20948000
2019-05-29,55.61343002319336,56.36127044191138,55.21666475408142,56.247056508848104,36230000
2019-05-30,55.686424255371094,55.95407894505592,55.41281014961116,55.62385606943314,18088000
2019-05-31,54.94602966308594,55.288663869008694,54.78960731106813,54.903324936483905,31582000
2019-06-03,51.58123779296875,52.984557117190384,50.99974958269806,52.98108300122584,96890000
2019-06-04,52.36334228515625,52.55949155555069,51.446664390549536,51.86676722491095,60512000
2019-06-05,51.87421798706055,52.47855128829843,51.29620765091686,52.388671319401666,46988000
2019-06-06,52.02914810180664,52.14038042845076,51.420844421188114,51.952179574963935,29020000
2019-06-07,53.05259323120117,53.30386238499892,52.19749084398899,52.352920608983126,43828000
2019-06-10,53.76716232299805,54.367025093560684,53.39572362813272,53.481133084662005,28510000
2019-06-11,53.68174743652344,54.82238266183361,53.60875311658757,54.473785248626626,33508000
2019-06-12,53.58541488647461,53.75524118767845,53.11366632091888,53.62762331064165,23670000
2019-06-13,54.17683029174805,54.453918486453865,53.757723883982784,53.863989392655476,20814000
2019-06-14,53.94295120239258,54.36305406612867,53.70360467376982,54.11377391400888,24582000
2019-06-17,54.319847106933594,54.686815274057274,54.02736595364215,54.08198951121467,19770000
2019-06-18,54.88346481323242,55.55582561833145,54.66248905562126,55.19432053850123,34526000
2019-06-19,54.84720993041992,55.0915270411147,54.42611449349191,54.98277622449,26714000
2019-06-20,55.27873611450195,55.751477304227194,54.97085821014935,55.70082416226947,24018000
2019-06-21,55.8830680847168,55.942654666471014,55.10592691342495,55.112878933867414,50774000
2019-06-24,55.452537536621094,55.793686642714576,55.28420013247602,55.61640822009714,24236000
2019-06-25,54.00651931762695,55.40288681812274,53.85853786866591,55.37210091811615,31644000
2019-06-26,53.645999908447266,54.38093272145746,53.316773406410604,54.176342507844296,34698000
2019-06-27,53.46276092529297,54.050208546137945,53.42402661635361,53.96529539411742,24078000
2019-06-28,53.76914978027344,53.76914978027344,53.32223144454189,53.492557850999894,33672000
2019-07-01,54.62325668334961,55.04981523640269,54.39135470547454,54.674898640847694,29196000
2019-07-02,55.24894332885742,55.26334367248826,54.606872127283935,54.86310428744832,20630000
2019-07-03,55.76488494873047,56.01317248094592,55.36067136116541,55.54192019888391,20154000
2019-07-05,56.24557113647461,56.34389203663458,55.49226755662687,55.58512534265188,29794000
2019-07-08,55.457008361816406,55.97443950031505,55.2072319168068,55.90789710652554,29888000
2019-07-09,55.82944107055664,56.006719498634595,54.97830912571155,55.13572409561386,29472000
2019-07-10,56.65474319458008,56.72575230214042,56.145753033366574,56.22818466983341,30710000
2019-07-11,56.81216049194336,57.26702344838608,56.58622170920299,56.91544819980678,26004000
2019-07-12,56.87472915649414,56.98199107226122,56.53805433993021,56.75505589444092,21878000
2019-07-15,57.1314582824707,57.139899209823874,56.6095566534803,56.87472603736857,21164000
2019-07-16,57.277950286865234,57.53219724651398,56.94375319251821,56.94375319251821,25352000
2019-07-17,56.944252014160156,57.5252439434234,56.93829259800713,57.151820032082576,19538000
2019-07-18,56.969078063964844,57.01526069737615,56.25500514124155,56.70887169579786,25450000
2019-07-19,56.1899528503418,57.184591922191956,56.17505620403855,57.07236698404478,23184000
2019-07-22,56.57033157348633,56.610554793626235,55.875129454651194,56.38461221072111,28914000
2019-07-23,57.009300231933594,57.04952344849658,56.25450780350487,56.780876157691125,20648000
2019-07-24,56.596153259277344,56.88068981968877,56.03899518269307,56.24308909308298,27192000
2019-07-25,56.4079475402832,56.7878271533547,55.80063646164579,56.55741408555992,54762000
2019-07-26,61.83451843261719,62.98507967341401,60.97941615691347,60.97941615691347,121216000
2019-07-29,61.66667938232422,62.021732537959856,61.08866525629566,61.69945427748095,41382000
2019-07-30,60.97941970825195,61.42186751683444,60.84633492322061,60.92975917072659,28616000
2019-07-31,60.49277877807617,61.322554591539735,59.99521107139315,60.82399428020634,39960000
2019-08-01,60.173973083496094,61.391573064895034,59.93660799321709,60.464469037837034,35426000
2019-08-02,59.406272888183594,60.06075546050854,59.092435553008,59.73798468371987,34910000
2019-08-05,57.342002868652344,58.44092596469074,56.746114326909705,58.24676190835826,47840000
2019-08-06,58.152915954589844,58.66538029104162,57.67868583873652,57.8768203283182,36014000
2019-08-07,58.39276123046875,58.58940302004811,57.147845640683784,57.49346146790648,30686000
2019-08-08,59.89638900756836,59.90085572813248,58.297913004909354,58.915153927511476,30116000
2019-08-09,59.03780746459961,59.81047812212329,58.83868038436619,59.58850977159445,20418000
2019-08-12,58.3227424621582,58.87443741421299,58.035724395583195,58.59586027547929,22064000
2019-08-13,59.4266242980957,59.85864595596713,58.247758643856116,58.31528985018725,28434000
2019-08-14,57.81375503540039,58.73440338220796,57.65584376641108,58.400706384233374,35430000
2019-08-15,58.065513610839844,58.418081443279874,57.7516800872818,58.02131997692861,28506000
2019-08-16,58.55662536621094,58.7865421302725,58.24825495721411,58.63508658828016,24916000
2019-08-19,59.610862731933594,60.05529958341984,59.11230240537845,59.18331152572119,24450000
2019-08-20,58.77114486694336,59.48969205026634,58.74731099231225,59.358099966108526,20206000
2019-08-21,59.170894622802734,59.61682036799138,58.989149468913794,59.38144425440821,14152000
2019-08-22,59.167911529541016,59.528423991198785,58.541729593311594,59.28112906673369,17352000
2019-08-23,57.28390884399414,59.37399317082415,57.10613411697356,58.852587822155336,36254000
2019-08-26,58.15787887573242,58.19164637549429,57.34697394484166,57.57539802911654,21166000
2019-08-27,58.13999938964844,58.844142434999426,57.82914368635513,58.74482894209707,23460000
2019-08-28,58.285499572753906,58.52137197625076,57.61512397755388,57.84454066259142,16810000
2019-08-29,59.30298614501953,59.54878839323823,58.85805300949159,58.91466178250152,19636000
2019-08-30,59.11874771118164,59.606385511789306,58.87989372769038,59.606385511789306,18064000
2019-09-03,58.076934814453125,59.046743535519134,57.78693517243503,58.68771999312835,25908000
2019-09-04,58.70857620239258,58.83818307640989,58.175255849797125,58.568543192236845,21312000
2019-09-05,60.1943359375,60.284215906396916,59.226012251345395,59.27418009507138,26394000
2019-09-06,59.90284729003906,60.23207378167409,59.75089164731191,60.04288031171701,18972000
2019-09-09,59.85070037841797,60.60946698298001,59.24984503143165,59.94058033990465,31854000
2019-09-10,59.87205505371094,60.08558248184198,59.39087293984681,59.39484714669391,27922000
2019-09-11,60.58216094970703,60.70481581520623,59.702228314623035,59.782178449808505,23522000
2019-09-12,61.325531005859375,61.69547700089281,60.70927890138071,60.75446892912074,31644000
2019-09-13,61.57679748535156,61.62745062770808,60.93373368001796,61.183510121485625,23676000
2019-09-16,61.15967559814453,61.52664378236177,60.839878862603655,61.10058152887671,28218000
2019-09-17,61.072776794433594,61.32702375634473,60.74851332053332,61.1596789508108,20806000
2019-09-18,61.2103271484375,61.38859817864683,60.40687054530047,61.09065388731217,17440000
2019-09-19,61.51323699951172,61.790821524994314,61.19344404756771,61.193940349862515,16554000
2019-09-20,61.0707893371582,61.714349449559,60.75993361432121,61.259486500962936,37692000
2019-09-23,61.31162643432617,61.559417659910046,60.76986135125157,60.9084054584051,20798000
2019-09-24,60.49923324584961,61.92837554161683,60.117368394475605,61.57531137877731,35804000
2019-09-25,61.870277404785156,61.97356511403408,60.04585874292837,60.38402625668543,26798000
2019-09-26,61.689022064208984,61.80721020331351,61.16910942458877,61.68157374129965,23166000
2019-09-27,60.877620697021484,61.823099287343716,60.343800229031,61.715837376030635,34122000
2019-09-30,60.63876724243164,60.95011926542126,60.255413501341735,60.61195176436198,24470000
2019-10-01,59.88695526123047,61.22075826009301,59.86461029137507,60.7058086173861,24504000
2019-10-02,58.49257278442383,59.527435087904614,58.2298848957733,59.415210148296524,33030000
2019-10-03,59.06412887573242,59.14209000990656,57.75863410934124,58.761714082594985,28368000
2019-10-04,60.13325500488281,60.20774202308976,59.14060116726233,59.30546445419043,24282000
2019-10-07,59.99867630004883,60.5280262199676,59.80550864428064,59.93660442148947,17040000
2019-10-08,59.0988883972168,59.93015305487434,59.06660980568097,59.5279284649476,20086000
2019-10-09,59.70819091796875,60.00911683261346,59.49565607111425,59.655060047680735,15948000
2019-10-10,60.05926513671875,60.36465774825407,59.48274371519291,59.51948902823837,12842000
2019-10-11,60.36912536621094,61.016659659881284,60.26633396649959,60.78227617416176,22330000
2019-10-14,60.4714241027832,60.87414501003201,60.17894292459229,60.27875272808499,13296000
2019-10-15,61.68654251098633,61.92936693809996,60.62784634543622,60.65664703340885,27584000
2019-10-16,61.72428512573242,62.27995049884577,61.50231296930733,61.66519105343478,22986000
2019-10-17,62.21092987060547,62.75468022830939,62.06543372545023,62.141409657513115,20958000
2019-10-18,61.79429626464844,62.47460165326961,61.58225775004478,62.304775351532484,31624000
2019-10-21,61.787841796875,62.24617884621241,61.574810673421815,62.007328638527795,18094000
2019-10-22,61.6348991394043,62.008819349312326,61.56786044406074,61.79777342883717,22862000
2019-10-23,62.45077133178711,62.4711310916912,61.58573915843019,61.58573915843019,21282000
2019-10-24,62.524269104003906,62.71246997622444,62.18858309299053,62.524269104003906,20224000
2019-10-25,62.78199005126953,62.96572420217347,62.02967907777432,62.17120101123446,27104000
2019-10-28,64.00753784179688,64.51702440390773,63.17975098966292,63.313328303813016,65428000
2019-10-29,62.60123825073242,63.60134048387867,62.350465397526605,63.36298276603598,52654000
2019-10-30,62.60321807861328,62.9667121463643,62.10416150388153,62.32761876693943,29204000
2019-10-31,62.50886535644531,62.892222867570936,62.04605780810366,62.568455725782535,31904000
2019-11-01,63.176761627197266,63.214007030059406,62.55405758935447,62.856472378558465,28812000
2019-11-04,64.038818359375,64.18232928533666,63.36844275704817,63.36844275704817,30632000
2019-11-05,64.12968444824219,64.41769887565324,64.02739314388162,64.11776561700077,25148000
2019-11-06,64.10834503173828,64.206665937918,63.67434188252728,64.06266248369901,24626000
2019-11-07,64.89938354492188,65.6795025702987,64.2444008939936,64.27071628172959,45140000
2019-11-08,65.00167083740234,65.40439550530603,64.63023215545867,64.63023215545867,30392000
2019-11-11,64.46934509277344,64.79807903887122,64.34967184292513,64.75338152710377,17234000
2019-11-12,64.41621398925781,65.01905839317027,64.26873264189224,64.48374898972376,28852000
2019-11-13,64.36507415771484,64.67990412780225,64.16495443834113,64.21610010135171,20538000
2019-11-14,65.00911712646484,65.33537334863153,64.25382844084137,64.30646678854428,28948000
2019-11-15,66.22026824951172,66.22026824951172,65.14517907027717,65.3021015073178,39286000
2019-11-18,65.53996276855469,66.23914285190187,65.35722501650825,66.16068162445066,27984000
2019-11-19,65.17993927001953,65.87712644818149,65.13921975630998,65.87712644818149,21864000
2019-11-20,64.64712524414062,65.21073522847406,64.01895807514778,65.11887005161834,28892000
2019-11-21,64.56170654296875,65.10694189844719,64.0954173389777,64.51750912463436,25546000
2019-11-22,64.24043273925781,64.89740062254626,64.02640899374012,64.70373663785156,27776000
2019-11-25,64.83483123779297,65.07170005377529,64.33677100260695,64.36904959753625,23590000
2019-11-26,65.20030975341797,65.25046280618768,64.75538041988762,65.04686520414475,21910000
2019-11-27,65.1571044921875,65.43072239161592,65.02501988575632,65.32048266358889,18808000
2019-11-29,64.75785064697266,65.04884288380903,64.71514592228748,64.88249449386252,12802000
2019-12-02,64.0015869140625,64.82491089410708,63.58048760161734,64.68189245915607,26538000
2019-12-03,64.29356384277344,64.41721510369129,63.41512388738469,63.495070235441815,25270000
2019-12-04,65.49526977539062,65.7599466472687,64.7062097597378,64.85766909362378,35506000
2019-12-05,65.89352416992188,65.94417731167431,65.26585710883786,65.89550937906759,24408000
2019-12-06,66.51075744628906,66.66370188139787,66.1055550902666,66.18103091479564,32968000
2019-12-09,66.68952941894531,67.4125471035579,66.34589882384711,66.4844467154343,30842000
2019-12-10,66.6845703125,66.9383209613295,66.2431113169461,66.53808157608444,17606000
2019-12-11,66.75210571289062,67.0321717506534,66.59568335253202,66.95321801131333,20480000
2019-12-12,66.96265411376953,67.26506513217194,66.45168246592846,66.7004625257417,29114000
2019-12-13,66.8822021484375,67.10466680145325,66.62348848656524,66.93334780265604,33170000
2019-12-16,67.5689697265625,67.70949525063956,67.06792417468502,67.28591831507632,28128000
2019-12-17,67.28045654296875,67.74922351406123,67.07586634825005,67.65388043713276,32948000
2019-12-18,67.13247680664062,67.50590071020743,67.06047887770588,67.385234848464,23330000
2019-12-19,67.357421875,67.41155291761851,66.97555707169023,67.13247193193473,28922000
2019-12-20,67.09821319580078,67.73283607045846,67.07388301789467,67.6881461329654,50090000
2019-12-23,67.06891632080078,67.62607054490758,66.93831684293832,67.47114089047187,19936000
2019-12-24,66.76103973388672,67.13744903746179,66.74813587407256,67.0480615834232,13468000
2019-12-26,67.65686798095703,67.69312457228773,66.81467699457967,66.86632274724634,23662000
2019-12-27,67.2680435180664,67.88429180965007,67.18660448403294,67.73283248221288,23212000
2019-12-30,66.52664947509766,67.38522963637269,66.43379170296032,67.37579610505395,19994000
2019-12-31,66.51075744628906,66.57382192651748,66.1502450223088,66.33199014098702,19514000
2020-01-02,67.9652328491211,67.9652328491211,66.86333571006601,66.9586787875548,27278000
2020-01-03,67.60968780517578,68.21700271420914,66.90455208946976,66.93832337803212,23408000
2020-01-06,69.4117660522461,69.43708883609668,67.08729816087028,67.11857657252054,46768000
2020-01-07,69.27767944335938,69.69430813422605,69.1013974302101,69.54334890156011,34330000
2020-01-08,69.77079010009766,70.10895763815583,69.15454170506581,69.26328874755316,35314000
2020-01-09,70.50322723388672,70.94467861110725,70.02750448166115,70.6094889546629,33200000
2020-01-10,70.95858764648438,71.25554310798687,70.49379866523805,70.98391800569446,26258000
2020-01-13,71.50830078125,71.5802987088555,70.78032005165358,71.27093190331932,30730000
2020-01-14,71.03953552246094,71.63740929797085,70.89949492783481,71.50680981258097,26076000
2020-01-15,71.46708679199219,71.54554802109986,71.09267026131843,71.1602052622877,21550000
2020-01-16,72.01134490966797,72.03816039199243,71.50682134635217,71.77745389288593,26080000
2020-01-17,73.46926879882812,73.52041445228143,72.32863737834732,72.626085344564,52424000
2020-01-21,73.60484313964844,73.9837301623698,73.00696178186003,73.44345017940596,48930000
2020-01-22,73.6852798461914,74.51505937450915,73.6252007502099,73.97627967986148,28458000
2020-01-23,73.72600555419922,74.16349415742818,73.50900399356541,73.86803136699017,26650000
2020-01-24,72.80635833740234,74.19825534143845,72.6578767961083,74.12972773072896,29786000
2020-01-27,71.09614562988281,71.3369848455489,70.48883073371002,71.0867120976033,34132000
2020-01-28,72.0282211303711,72.24174479037791,71.02811510182957,71.59321781876741,29724000
2020-01-29,72.33609008789062,72.70554357944198,71.77446531610946,72.42348475495831,21566000
2020-01-30,72.21443939208984,72.26409235853124,71.25853075675514,71.41246783385319,27110000
2020-01-31,71.14827728271484,72.98014026995669,70.86423327330586,72.8902603105145,43822000
2020-02-03,73.62222290039062,73.80596084309201,72.33162467760039,72.58189744131957,71636000
2020-02-04,71.77545928955078,72.86444505255666,70.61446801787635,72.2263518292056,95880000
2020-02-05,71.80724334716797,72.72739547157424,70.9943531463202,72.67922762415539,36376000
2020-02-06,73.29298400878906,73.57057229670284,72.02721627071665,72.1016994935962,37822000
2020-02-07,73.44892120361328,73.75381754289155,72.7686157058186,72.86693661087277,28360000
2020-02-10,74.91629028320312,74.92721651036499,73.25475361833762,73.35555980846348,38302000
2020-02-11,74.9858169555664,75.97003370117069,74.7568965647971,75.14521713630961,34852000
2020-02-12,75.41139221191406,75.49431637909942,74.91680229151416,75.27383690022886,31042000
2020-02-13,75.15117645263672,75.77487310133188,74.68488719013807,74.98283526176698,22914000
2020-02-14,75.41635131835938,75.48190111121941,74.76186114868284,75.20779068392721,23198000
2020-02-18,75.45160675048828,76.00379801654766,75.03299279148968,75.19835617848237,25642000
2020-02-19,75.72124481201172,76.01273717555429,75.52808092264881,75.83694765555981,22746000
2020-02-20,75.32994842529297,75.83049394244608,74.69780323296706,75.43025453422534,25962000
2020-02-21,73.6649169921875,75.03000583040279,73.41812216900625,74.71368322798507,42520000
2020-02-24,70.50670623779297,71.32705227867518,69.8576867844857,70.66511381109099,49560000
2020-02-25,68.84119415283203,71.35038478690109,68.54821669209058,71.0598926260904,51580000
2020-02-26,69.04727172851562,70.19932951834674,68.35604008547062,69.27122908358415,49776000
2020-02-27,65.29713439941406,68.00098920954161,65.26187799484646,67.49150271843352,62290000
2020-02-28,66.50381469726562,66.66271477222554,62.97614362297551,63.279054704787185,80198000
2020-03-02,68.84119415283203,68.89829543416829,65.80612769225289,67.10665938377004,55430000
2020-03-03,66.42784118652344,69.92720421557465,66.00674195489913,69.40530636805653,56602000
2020-03-04,68.60680389404297,68.66539786497844,66.39207605766612,67.4825543345472,47598000
2020-03-05,65.28770446777344,67.21789611582923,64.63619971791267,66.81665653912074,54380000
2020-03-06,64.34321594238281,64.69130946412695,62.42991012561368,63.06254774883927,64640000
2020-03-09,60.373104095458984,62.20745260056038,59.49168255231933,59.8353131816508,69252000
2020-03-10,63.32176971435547,63.355537217052266,60.30954404996873,62.289888932686104,54872000
2020-03-11,60.130271911621094,62.41600911448038,59.149040628206436,61.98597644813612,54732000
2020-03-12,55.196807861328125,59.03036846362229,55.043863388374305,55.74651765058202,94326000
2020-03-13,60.29762268066406,60.304078399115795,55.23354724050497,58.347075086419736,79400000
2020-03-16,53.282501220703125,56.8811774244103,52.98852738403499,54.10731008700921,96520000
2020-03-17,55.52007293701172,55.914352911664636,52.095693145816455,54.15846568225022,83194000
2020-03-18,54.1857795715332,54.871051840564625,51.49483597251045,52.63398239554666,93044000
2020-03-19,55.202762603759766,57.23574188881747,52.415983458077136,54.038293418612895,74064000
2020-03-20,53.044647216796875,56.534080583243956,52.741239806771596,56.15767505901044,82878000
2020-03-23,52.3454704284668,52.98009332639704,50.09797110911301,52.4567027625557,83672000
2020-03-24,56.11348342895508,56.278346728286216,53.94940826263607,54.820900000657495,72468000
2020-03-25,54.70370101928711,56.915939950853826,53.779574836331406,55.84383613305106,90324000
2020-03-26,57.747703552246094,58.17277317399136,54.227484694802776,55.354212048644065,76562000
2020-03-27,55.13274383544922,57.15827471437064,54.8218881164996,55.987349858557536,62794000
2020-03-30,56.92289733886719,57.15579193434455,54.54827641714749,56.244080799172416,58736000
2020-03-31,57.69953918457031,58.26811596366001,56.446678999724746,57.04306764962275,65228000
2020-04-01,54.7275390625,56.08418330124457,54.29998788869952,55.81503969905446,51970000
2020-04-02,55.468929290771484,55.753962152647176,54.282115116824485,54.62326044918919,56410000
2020-04-03,54.26075744628906,55.556322408776076,53.38579542668936,55.35372120018309,51374000
2020-04-06,58.7542724609375,59.12968161957391,55.8647016811892,56.261963297460234,63320000
2020-04-07,58.72297668457031,60.62088959155764,58.45929621552219,60.43367755721788,61620000
2020-04-08,59.93661117553711,60.3289059468666,58.79200545437825,59.74294719569394,40334000
2020-04-09,59.91525650024414,60.680975159986424,59.21260232823927,60.49178169677421,54028000
2020-04-13,60.10594177246094,60.3100356670181,58.711559676495355,59.663493971680225,38702000
2020-04-14,62.82817077636719,63.350564947040326,61.00623363759853,61.573821626847455,63358000
2020-04-15,62.434383392333984,63.31878268719439,61.27736260381202,61.898577725439324,42236000
2020-04-16,62.440834045410156,63.23187924434024,61.48592196083306,62.92300874781645,57896000
2020-04-17,63.5119514465332,64.05818325924749,62.866402347873645,63.64602504685049,51050000
2020-04-20,62.62556457519531,63.403698385158826,62.39167738128082,63.05957146388508,35292000
2020-04-21,60.192848205566406,62.0718866612991,59.83729874149233,61.70988526711125,49648000
2020-04-22,62.489505767822266,63.55565024230453,61.4362689416713,61.63042922031265,46296000
2020-04-23,63.12313461303711,63.96632194128163,62.594781016508605,62.853494700717256,34202000
2020-04-24,63.39277267456055,63.447892535395646,61.77393695145005,62.32016874850442,37402000
2020-04-27,63.10773468017578,64.26177761675116,62.81972024829413,64.15749352462028,44186000
2020-04-28,61.20734786987305,63.79797764528471,61.09760444603932,63.72051660190071,80700000
2020-04-29,66.64930725097656,67.54165110797575,65.88209975358559,66.78934025502862,108358000
2020-04-30,66.8737564086914,67.03762707301479,65.62238524839778,66.1120120324137,55842000
2020-05-01,65.41482543945312,67.10864836304023,65.03445329453278,65.75100773678034,48872000
2020-05-04,65.69190216064453,65.76987085956344,64.35661431461128,64.95846599149449,30806000
2020-05-05,66.98896789550781,68.08093904283001,66.29426590492336,66.41691697950115,39666000
2020-05-06,66.81069946289062,67.96573507924788,66.79580281692043,67.43489620672509,31732000
2020-05-07,67.99503326416016,68.32873785890114,67.16376853413021,67.59926435808376,30652000
2020-05-08,68.74288177490234,69.35366703992099,68.13060381431362,68.61774539246635,33326000
2020-05-11,69.69877624511719,70.29168699319136,68.30390161747533,68.36795870966984,32718000
2020-05-12,68.28802490234375,70.23211330221915,68.25475370013676,69.9287096404628,33918000
2020-05-13,66.95470428466797,68.79203814843098,65.9456648705068,68.3366751009286,40368000
2020-05-14,67.37828826904297,67.4036110520783,65.711780914762,66.21928222001041,36660000
2020-05-15,68.1827392578125,68.25821509516415,66.49140158987903,66.95123515491863,41544000
2020-05-18,68.78459167480469,69.1609934145914,67.24619845412195,67.61267414754582,47094000
2020-05-19,68.24927520751953,69.14757473329719,68.21749670817653,68.79948120448985,31586000
2020-05-20,69.97537231445312,70.11789063162281,68.89582011929386,68.9822221805776,38262000
2020-05-21,69.85569763183594,70.337868556823,69.24192704274618,70.06624345555898,30894000
2020-05-22,70.177978515625,70.36468668266832,69.31939827034222,69.71417454610717,28544000
2020-05-26,70.5816879272461,71.76056121271995,70.4838671234599,71.60413885227362,44590000
2020-05-27,70.52755737304688,70.77932278907623,69.25235610732692,70.51365333300673,31684000
2020-05-28,70.42625427246094,71.72827093237905,69.47481640511181,69.52049894034995,35170000
2020-05-29,71.1850357055664,71.34443588719381,70.31404407757432,70.53501605536583,37044000
2020-06-01,71.25206756591797,71.5852720478794,70.6268782127255,70.79671210149603,25162000
2020-06-02,71.62152099609375,71.65578479748356,70.59360695439943,71.25852322228091,23442000
2020-06-03,71.46956634521484,71.9542225686685,71.09067933557526,71.64088534545384,27732000
2020-06-04,70.2306137084961,71.572365163048,69.81895555154722,71.34691509398992,26982000
2020-06-05,71.50780487060547,71.81965699433553,69.8988988668523,70.29715305504027,42642000
2020-06-08,71.90605926513672,71.9537270182775,70.73612696690151,70.82551442260042,33878000
2020-06-09,72.1066665649414,72.88728563936604,71.62399555303219,71.76701395697853,33624000
2020-06-10,72.73335266113281,73.13408456859595,72.21989572507418,72.57494508918839,31762000
2020-06-11,69.61485290527344,72.08283134805066,69.44154870912836,71.55794816007574,47144000
2020-06-12,70.16209411621094,71.23419808106286,68.81537962995735,70.8046578832885,36676000
2020-06-15,70.5504150390625,70.7619534909497,68.88490017293951,68.99861781338377,30468000
2020-06-16,71.8281021118164,72.35943354384169,70.96008826673673,71.95373100879712,30648000
2020-06-17,72.1295166015625,72.60920983291969,71.2649807086044,72.14938384823937,30610000
2020-06-18,71.2148208618164,72.1508620838223,70.82351494180952,71.99593242934094,34862000
2020-06-19,70.74407196044922,71.73026627650552,70.46399835145995,71.50680901376434,52784000
2020-06-22,72.0361557006836,72.05055983277585,70.47343996852237,70.76244702073843,29442000
2020-06-23,72.69760131835938,73.25476320519093,71.75510423386123,72.10270529949794,37752000
2020-06-24,71.1443099975586,73.284047173786,71.01023261158954,72.66283584354171,31592000
2020-06-25,71.56143951416016,71.62201870743554,70.49082066575002,71.07082003141078,23958000
2020-06-26,67.66033935546875,71.3588295538996,67.2859228390437,71.14083539885146,97640000
2020-06-29,69.3799819946289,69.42120160808253,67.11957113332669,67.5510965388041,45074000
2020-06-30,70.41683197021484,70.71229477578841,68.871490423538,69.36558782541128,40286000
2020-07-01,71.60612487792969,71.92791062096299,70.22465415984608,70.4724491856165,42182000
2020-07-02,72.99304962158203,73.91618694295322,72.05650835115391,72.09475014363011,57218000
2020-07-06,74.46887969970703,74.98283672357624,73.34314484733716,73.89782139127526,44712000
2020-07-07,73.98571014404297,75.54495545817291,73.97478391717789,74.29408433333198,42364000
2020-07-08,74.66503143310547,75.04094065837363,74.10389915223111,74.52599101296335,31766000
2020-07-09,75.41287231445312,75.9332850768622,74.26727774875336,74.97936170940798,41836000
2020-07-10,76.42340087890625,76.53910371968176,74.52201752882867,75.14422148908551,35918000
2020-07-13,75.09357452392578,78.2781076228488,74.81201579568408,76.9661571516268,42954000
2020-07-14,75.5221176147461,75.6184533024254,73.78758272277796,74.12823553437825,38108000
2020-07-15,75.32447814941406,76.29031268421016,74.37850328273365,75.63980057926288,31026000
2020-07-16,75.2271499633789,75.27631040859266,73.90377320654089,74.56074103049501,26484000
2020-07-17,75.32299041748047,75.64973918687603,74.39191213481628,75.32596823132394,34264000
2020-07-20,77.6563949584961,77.91312341403196,74.62033585149831,75.23112104931103,30166000
2020-07-21,77.26310729980469,78.80894879349559,77.09923661453773,78.70864268855435,27486000
2020-07-22,77.70655822753906,77.8123274555096,76.63296154139273,77.25268783886976,24482000
2020-07-23,75.31802368164062,77.97966630423089,74.91281370486792,77.76017946109586,33910000
2020-07-24,74.89395141601562,75.25247869252917,73.87001533571343,74.44604426009818,29902000
2020-07-27,75.94766998291016,76.35138723256271,75.09853094085834,75.14471356949954,27124000
2020-07-28,74.66751861572266,75.77785679558413,74.51208884949479,75.72770374031859,30910000
2020-07-29,75.6537094116211,76.14134347579515,74.63572897642125,74.73454996381882,22676000
2020-07-30,76.39161682128906,76.51675318516745,74.2464090225733,74.38544942688262,36042000
2020-07-31,73.88787841796875,74.73553233193543,72.20200412112406,74.33976349994913,91468000
2020-08-03,73.63016510009766,74.37353500496488,73.08194428652723,74.03934550111532,45482000
2020-08-04,73.160400390625,74.1441169234356,72.70007436598213,73.82630920596793,37212000
2020-08-05,73.44792175292969,73.98968686206358,73.05711589231713,73.33520430169227,29134000
2020-08-06,74.73207092285156,74.7976207184027,73.09089377371339,73.3019397170131,33306000
2020-08-07,74.40531921386719,75.48387877720482,73.80446006410948,74.93516546369514,27718000
2020-08-10,74.32836151123047,74.84131840405617,73.36847488094678,74.02942079964885,20546000
2020-08-11,73.51993560791016,75.00469799228344,73.40324014786752,74.18832228577654,31098000
2020-08-12,74.84577941894531,75.06576635475058,73.74139696217233,73.84667366406597,22512000
2020-08-13,75.31305694580078,76.32210394410787,74.89395048360689,74.89395048360689,22388000
2020-08-14,74.71617126464844,75.46898226110748,74.43659775064937,75.16209317896015,21942000
2020-08-17,75.2927017211914,75.66712584393001,74.73455480772037,75.27929776949405,19990000
2020-08-18,77.25615692138672,77.33511065944776,75.56234161741558,75.78331358124228,28378000
2020-08-19,76.70148468017578,77.90568079562073,76.47256428980408,77.09278306490951,30472000
2020-08-20,78.27263641357422,78.46729297000505,76.19744901020748,76.47105929641678,26382000
2020-08-21,78.23887634277344,79.04878858984061,77.58041584466433,78.05166052261855,34838000
2020-08-24,78.71460723876953,79.8880175563553,78.21256898915193,79.07809757051795,25638000
2020-08-25,79.74250793457031,79.89296708362019,78.35358139397559,78.46382111596415,25150000
2020-08-26,81.64339447021484,82.07343472584033,79.50067940074841,79.76485618715283,52188000
2020-08-27,80.86825561523438,81.83508290838782,80.38607704169002,81.76655529792934,31350000
2020-08-28,81.41000366210938,81.50534674275372,80.72374261037626,80.91542137625561,22418000
2020-08-31,80.91840362548828,81.66177357903628,80.7098429930012,81.61559094306867,26422000
2020-09-01,82.18714904785156,82.39273186560406,80.9184033108712,81.04900280397094,22652000
2020-09-02,85.28130340576172,85.7138213739487,82.44089345757524,82.82921400260896,49522000
2020-09-03,80.91741180419922,84.41776771331294,79.83487413694195,84.39393004733088,63726000
2020-09-04,78.5189437866211,81.1895197719061,76.37175074598551,79.89892171480436,55850000
2020-09-08,75.6581802368164,77.24473369292774,75.30560859260585,75.72770044561553,54032000
2020-09-09,76.83158111572266,77.40213927240504,75.73613218629315,76.91450526534724,39242000
2020-09-10,75.77983856201172,78.14403332463914,75.47941275782985,76.97807902829125,33024000
2020-09-11,75.26885986328125,76.40799857393957,74.13964719783384,75.8841155465487,30706000
2020-09-14,74.92473602294922,77.31673886317127,74.74001306241624,76.05791920997855,42660000
2020-09-15,76.23023223876953,77.01829969804521,75.58369807634028,75.87121244803245,23042000
2020-09-16,75.08661651611328,77.18613425042128,75.06178624819889,76.59570881971476,22128000
2020-09-17,73.84269714355469,74.41971865207923,72.62211931019694,73.78161786394368,40008000
2020-09-18,72.0575180053711,74.24791625874158,71.09069070381592,73.90527820347172,63056000
2020-09-21,71.01719665527344,71.50979377027438,69.6536003098888,71.0906872863727,56908000
2020-09-22,72.49102020263672,72.69710310272775,70.98540572132968,72.01927539504912,33950000
2020-09-23,69.9867935180664,72.15633169851023,69.6535966070282,72.10717125009035,37726000
2020-09-24,70.65567779541016,71.40699611483514,69.62727125517097,69.65359421940595,34552000
2020-09-25,71.46014404296875,71.80178191544255,69.9018910321902,70.76444179627218,30326000
2020-09-28,72.43342590332031,73.14501739118445,71.81867020192774,73.09536442492873,30784000
2020-09-29,72.79891204833984,73.09585998495766,72.20202320661826,72.69413541992567,31816000
2020-09-30,72.77804565429688,73.80098915091598,72.28941896718779,72.54663995974896,40924000
2020-10-01,73.88540649414062,74.24145605727813,73.33420782483996,73.67486065011207,32884000
2020-10-02,72.28146362304688,73.44494012589321,71.87179071906452,72.481583309123,31222000
2020-10-05,73.63365173339844,73.7265095240155,72.50443886698714,72.63156046251407,21602000
2020-10-06,72.05403137207031,73.7175531505182,71.75559081415405,73.26964605680442,26096000
2020-10-07,72.4572525024414,72.94538662475436,71.17062485186818,72.46569342964418,36108000
2020-10-08,73.66344451904297,73.89186483210524,72.77060038816721,72.77060038816721,26076000
2020-10-09,75.00518035888672,75.07470056543451,73.84071121636063,74.13170347927738,32966000
2020-10-12,77.69364166259766,78.87697791738763,75.94122471846515,76.3732501983166,55344000
2020-10-13,77.8167953491211,78.71510256314015,77.39768887008755,78.31039264019142,39072000
2020-10-14,77.63652801513672,78.65003789110749,76.76553645387474,78.19071202382867,33174000
2020-10-15,77.24076080322266,78.03180603986702,76.52867688240575,76.69601789191054,31210000
2020-10-16,77.84807586669922,78.34514345056063,77.34951558739077,77.55658351214443,34194000
2020-10-19,75.97349548339844,78.65401262927215,75.6244093541497,78.25675108360606,29734000
2020-10-20,77.02275848388672,78.1529637060246,75.5042327506913,75.63383961797923,41670000
2020-10-21,78.75630950927734,80.20383009011108,77.82026822454186,77.95483812956394,60322000
2020-10-22,79.78272247314453,80.11840464128612,78.3337169261627,78.70714079624807,30512000
2020-10-23,81.0897216796875,81.14633045232473,80.04343304769533,80.19936290074068,30548000
2020-10-26,78.67188262939453,80.92086672617417,77.85203680351297,80.19686405973417,35826000
2020-10-27,79.39640045166016,79.5513301261755,78.30939985271544,78.90231064798252,25902000
2020-10-28,75.02256774902344,77.15833472903837,74.90736499185117,76.96964134164946,45174000
2020-10-29,77.310791015625,78.89287411467878,75.30810114143328,75.3314387178596,55406000
2020-10-30,80.25199890136719,83.49017093425739,79.52998127495282,82.80092441714463,99878000
2020-11-02,80.6596908569336,82.34407276460104,80.15913775613008,80.62095654393035,44228000
2020-11-03,81.71936798095703,82.38179892514135,80.05336078632573,80.97947599539556,31432000
2020-11-04,86.69456481933594,87.89528301491228,84.56673875495531,84.69485294507058,71342000
2020-11-05,87.52135467529297,88.97731615159634,86.45520644116196,87.91613094031692,39758000
2020-11-06,87.3838119506836,87.81930775936743,86.23920242731536,86.96718320704757,28622000
2020-11-09,87.46772766113281,90.22222819928155,87.27555637680663,89.183895577736,53440000
2020-11-10,86.29084014892578,87.36642187641647,85.21823623503911,85.89606389807871,43022000
2020-11-11,86.76309967041016,87.54122598567889,86.55602414438157,86.82119356546892,31838000
2020-11-12,86.54409790039062,87.64450998714952,86.30325868083496,86.5033783796767,26474000
2020-11-13,88.00601196289062,88.24784377851638,86.20444222324774,86.80132339394905,29744000
2020-11-16,88.09391021728516,89.10245712996237,87.46325773434673,87.60279824360163,25468000
2020-11-17,87.47965240478516,88.2483527483011,87.37189796826333,87.7875265532104,21314000
2020-11-18,86.43583679199219,87.64549591153437,86.33304539342467,87.23035989909762,20108000
2020-11-19,87.32620239257812,87.57051951755538,85.90848264103154,86.06788281961194,20106000
2020-11-20,86.22430419921875,87.81235033915841,86.15577659553901,87.49652779946634,27694000
2020-11-23,85.78631591796875,86.70150486781982,84.92327280282021,86.41498313090595,22530000
2020-11-24,87.59088134765625,87.71899554089296,85.44716597999957,85.78334829165836,27984000
2020-11-25,87.602294921875,87.91265434022236,86.81919809848146,87.78504024540288,19600000
2020-11-27,88.73895263671875,89.23503517364202,87.62265137734866,87.62265137734866,14790000
2020-11-30,87.11913299560547,88.40724583978081,86.7933768344479,88.17435503755391,32418000
2020-12-01,89.1530990600586,90.46207172577871,87.5476710184764,87.72793104126895,37350000
2020-12-02,90.62345886230469,91.00930169788307,88.64709217732732,89.15310078662704,29424000
2020-12-03,90.46803283691406,91.55999635366734,90.2276861454191,90.40347565496144,24728000
2020-12-04,90.56338500976562,90.8484140892729,90.05836139867917,90.38759548256864,20544000
2020-12-07,90.22917938232422,90.83797937404678,89.53446984443129,90.15568118177275,22288000
2020-12-08,89.94612884521484,90.17654191763987,88.95050099478975,89.80659591980766,19936000
2020-12-09,88.28409576416016,90.79230154815504,87.49652840724409,89.89796478940806,31728000
2020-12-10,87.77709197998047,88.14157486879887,86.08277656751567,87.5263191448489,28688000
2020-12-11,88.13214111328125,88.25678497137464,87.03669966329481,87.39721213285257,18628000
2020-12-14,87.01285552978516,88.87699710887111,86.85742578686872,87.92953716084993,33050000
2020-12-15,87.45084381103516,87.59583985286919,86.48699444327288,87.39025704522699,21352000
2020-12-16,87.2576675415039,87.84958566273735,86.85395784860822,87.84958566273735,24676000
2020-12-17,86.42938232421875,87.73041412035337,85.96459334657283,87.59236631572465,34880000
2020-12-18,85.71977996826172,86.81919943152793,85.16262570212646,86.71045239928884,85256000
2020-12-21,86.13392639160156,86.25509235125325,84.11981793066384,84.87113629069282,33974000
2020-12-22,85.42183685302734,86.03709256654695,84.70478234258736,85.87421449147438,20370000
2020-12-23,85.81958770751953,86.60814760303803,85.4704939973954,85.60606407600152,22974000
2020-12-24,86.11405944824219,86.52373235094736,85.62691792776171,85.8578235085603,9312000
2020-12-28,88.09042358398438,88.73795785846364,86.49443674465653,86.64787370341108,27650000
2020-12-29,87.2859878540039,88.81096960706013,87.1543957516824,88.7493978086226,19726000
2020-12-30,86.21784973144531,87.78255832007542,85.80817679890423,87.6455031107277,21026000
2020-12-31,87.03173065185547,87.27306236049445,86.20989199835125,86.26849355045843,21070000
2021-01-04,85.71531677246094,87.52085695769506,84.77231967368576,87.39721327969764,37324000
2021-01-05,86.40655517578125,86.74323001175622,85.25698257400377,85.66367771378998,20360000
2021-01-06,85.55391693115234,86.60119804549143,84.2240920775024,84.4306674741296,46588000
2021-01-07,88.10929107666016,88.28209517530165,85.74658184038515,85.74658184038515,41936000
2021-01-08,89.2757568359375,89.3517327598918,87.4577901976101,88.24933551484223,35484000
2021-01-11,87.2129898071289,88.6078721545809,87.00691446828208,88.24238905095635,34796000
2021-01-12,86.27644348144531,87.78950631707407,85.23115504466647,86.67022716182484,29528000
2021-01-13,86.76409149169922,87.21796188202141,85.7744115724748,85.7744115724748,23432000
2021-01-14,85.95316314697266,87.7721222794628,85.7123239531653,86.84451442090425,29212000
2021-01-15,85.789306640625,86.7824568694247,84.99926151347154,85.85882685355558,31444000
2021-01-19,88.61233520507812,89.5741993642567,86.04802079890773,86.5530367998629,41660000
2021-01-20,93.35958862304688,94.33535679156603,90.3523301990079,90.69297541443379,64152000
2021-01-21,93.56218719482422,95.94227110893598,93.32681109981424,94.03393956655104,58634000
2021-01-22,93.97981262207031,94.56726028066227,93.18231164160541,93.92518905965122,32744000
2021-01-25,94.06521606445312,95.43279024667792,92.32124775133792,94.98189773441027,50586000
2021-01-26,94.74404907226562,95.13137705953588,93.16395122365255,93.65357053351266,31462000
2021-01-27,90.32402801513672,93.37945448291312,89.24844618847803,93.10335885414129,82512000
2021-01-28,92.02529907226562,93.75287816841522,90.92290176921253,90.92290176921253,55278000
2021-01-29,90.74214172363281,91.74423292058923,89.4609846616316,91.07286091482506,44530000
2021-02-01,94.005126953125,95.12092800828725,91.59772777585846,91.59772777585846,40252000
2021-02-02,95.29871368408203,96.80085020179051,94.66557593964733,95.00126570965045,66332000
2021-02-03,102.23885345458984,104.60950398983356,99.9878761837272,102.57305055467793,97882000
2021-02-04,101.9781494140625,102.7562756387138,101.05798980789827,102.32525035691263,48596000
2021-02-05,103.72608184814453,104.07914597400963,101.7978831509678,102.27260573689149,29866000
2021-02-08,103.5120620727539,105.02562491261692,102.46081806842983,104.28076232458417,28828000
2021-02-09,103.05870056152344,104.20678043655732,102.79104585481538,103.02939978157666,21892000
2021-02-10,103.6093978881836,104.22515373346634,101.90912676405608,103.44354198838178,25102000
2021-02-11,103.72212219238281,103.98282108445419,102.73443512383678,103.83385461877602,20480000
2021-02-12,104.03396606445312,104.2559306269806,102.96831036572891,103.2761920503462,18990000
2021-02-16,104.81210327148438,106.52230792742778,103.8710913957422,103.8710913957422,31004000
2021-02-17,105.20539093017578,105.3950844927026,103.7022617169391,103.98182767192168,20294000
2021-02-18,104.56927490234375,105.37273908849392,103.94954865023567,104.5290554725159,22546000
2021-02-19,103.72509765625,105.203404154816,103.45794305157632,104.66760224999184,37938000
2021-02-22,102.00942993164062,103.30400607637003,101.69857799261982,101.97665882533313,29466000
2021-02-23,102.30040740966797,102.91517054370418,98.82984546220153,100.00971119855517,34658000
2021-02-24,103.47681427001953,103.7007716404692,100.68209421429081,100.80673050303888,22608000
2021-02-25,100.1070556640625,103.4365925447622,99.63729605423056,102.09236341525845,41548000
2021-02-26,100.40300750732422,102.12165310365899,99.3651674256296,100.80225428942666,40042000
2021-03-01,102.774169921875,103.10041863014466,101.02423813549487,101.69858800981456,26060000
2021-03-02,102.51693725585938,104.01957402243141,102.12911676278051,102.5348117169729,25564000
2021-03-03,99.8816146850586,103.08849296020443,99.01707119860353,101.8947305503321,33892000
2021-03-04,100.9999008178711,103.0189723022075,99.58465876832166,100.05342577855534,49216000
2021-03-05,104.13526916503906,104.58863941816213,100.69450006096893,102.35157386744179,53100000
2021-03-08,99.68745422363281,104.96306472364233,99.57274397800457,103.48923620939775,36868000
2021-03-09,101.31918334960938,102.48911554648285,101.0828146593542,101.78547258921868,33920000
2021-03-10,101.11213684082031,102.36400085095889,100.27490883665455,102.36400085095889,27100000
2021-03-11,104.30758666992188,104.84041078332022,102.11818874730774,102.20608351004125,27702000
2021-03-12,101.79788208007812,103.16892653845659,100.92490535157664,103.10933995899494,33818000
2021-03-15,102.01837158203125,102.04567957460087,100.69500231836219,101.54861197733112,26168000
2021-03-16,103.48078155517578,104.9600729874848,102.25920360174919,102.5919079750365,31900000
2021-03-17,103.39785766601562,104.23110756924204,101.50590779981324,102.71506692244664,26382000
2021-03-18,100.37470245361328,102.72896343122781,100.26744054557446,101.7075051591949,31700000
2021-03-19,100.65377807617188,101.15432355512716,99.46050826596426,100.79133336870827,46072000
2021-03-22,100.83900451660156,101.71545922515175,100.01021756030983,100.68705266414705,33536000
2021-03-23,101.36734771728516,102.4985455672022,100.70541690450406,101.29882012114976,28510000
2021-03-24,100.93037414550781,102.67185719163797,100.75507714736035,101.88528247451289,25218000
2021-03-25,100.92689514160156,101.58137767227184,99.12084735520355,100.75756134986057,35616000
2021-03-26,100.54305267333984,101.27102588193519,99.50619757196918,100.89363153792782,27978000
2021-03-29,101.58882904052734,101.75866292820697,99.5856468975078,100.4154264492917,26492000
2021-03-30,101.62260437011719,102.42705359401143,101.1101400271924,101.94587523975986,27312000
2021-03-31,102.41959381103516,103.5984670082056,101.64890838505288,102.0163766395741,42570000
2021-04-01,105.75955963134766,106.05601499739915,103.85519855403845,103.89591807192116,39880000
2021-04-05,110.18801879882812,110.68608655978105,106.52577769061983,106.62211337456482,48510000
2021-04-06,109.70633697509766,110.63692268035109,109.33539838290059,109.78876861526743,35240000
2021-04-07,111.18465423583984,111.45627935995104,109.89703385350786,109.89703385350786,24134000
2021-04-08,111.75074768066406,112.81143286154771,111.38228678145336,112.42459741103764,28664000
2021-04-09,112.75580596923828,112.91967664270406,111.09674705309764,111.5029496208984,26146000
2021-04-12,111.46222686767578,112.07151933598709,110.62797687944587,111.93397162946002,25024000
2021-04-13,111.94937133789062,112.39827866126174,111.38426865957148,111.7785524215588,25682000
2021-04-14,111.32766723632812,112.5949278823604,111.03518983189373,112.5949278823604,21002000
2021-04-15,113.47982788085938,114.0136522041585,111.78750506090299,112.32281450268515,29174000
2021-04-16,113.35566711425781,113.9262328802501,112.76821949375322,113.67794535392196,26282000
2021-04-19,113.70378112792969,114.41537259233904,112.73149076214918,112.73149076214918,30290000
2021-04-20,113.16995239257812,114.16260241434755,112.08295189776874,114.08761909590847,22288000
2021-04-21,113.13717651367188,113.21910806056634,111.47215441904216,112.82433181671647,23204000
2021-04-22,111.85453033447266,113.66007812886873,111.24870812550311,112.99069133887703,24146000
2021-04-23,114.20878601074219,114.51616760985345,112.28803555585249,112.57356470021391,29066000
2021-04-26,114.70536041259766,115.43036333070552,114.07917847687918,114.43671312455784,32038000
2021-04-27,113.76435852050781,115.12844726225228,113.52500442771635,115.08772774296831,44386000
2021-04-28,117.14405822753906,120.73627936127689,116.85505114976003,118.80559509075073,81106000
2021-04-29,118.8185043334961,119.38459964546344,117.87947760494473,118.64321489891414,41234000
2021-04-30,116.86894226074219,118.27672829890145,116.52431905123296,117.58996717984161,44856000
2021-05-03,116.35150909423828,118.2618334205683,115.97510737902364,117.43553178904428,28242000
2021-05-04,114.55142974853516,115.45320725454022,112.06110599855704,114.88512675108498,44818000
2021-05-05,114.94570922851562,115.95027810340052,114.6234309796566,115.63396305915562,26636000
2021-05-06,116.06697082519531,116.06697082519531,113.86664687693421,114.52659251873213,25190000
2021-05-07,116.79098510742188,117.75037160345586,116.50446333323039,117.38489608496133,28898000
2021-05-10,113.80259704589844,115.75165577723939,113.44456228631331,115.60962996809558,30914000
2021-05-11,112.72552490234375,113.2330262278343,110.93090328870252,111.38527374593276,34186000
2021-05-12,109.25892639160156,111.62908428486004,108.92969990964455,110.54704678651926,46376000
2021-05-13,110.68856811523438,111.20500283196507,109.58020769650676,110.54356450336654,33204000
2021-05-14,113.13866424560547,113.45349415886822,111.729385535674,112.153462565409,31996000
2021-05-17,113.66206359863281,113.70476832857226,112.00300454103483,112.4032439386327,21598000
2021-05-18,112.34861755371094,114.59363909579048,112.33471351228613,114.32896221785582,22204000
2021-05-19,112.79703521728516,112.97033944882926,110.50981640277661,110.65829036295091,23684000
2021-05-20,114.5573959350586,114.80816120723914,113.39391932806075,113.76535804712894,32352000
2021-05-21,113.9207763671875,115.15030281544662,113.68092975421887,115.076804611561,40632000
2021-05-24,117.24337005615234,117.46731985082977,114.80617708661025,114.95167322808392,31832000
2021-05-25,117.33423614501953,118.38349497580484,116.94343028761784,117.78760640059416,22440000
2021-05-26,118.20026397705078,118.63128926079746,117.51250265235855,117.51548046613217,21572000
2021-05-27,117.32479858398438,118.63426373987288,117.00599824507955,118.63426373987288,35224000
2021-05-28,117.0353012084961,117.98971709570142,116.83667419938844,117.90778553815656,21482000
2021-06-01,118.24345397949219,118.46840392834247,116.90766590408418,117.90876440152581,23354000
2021-06-02,117.71759033203125,118.86219221155922,116.81232738781806,118.63922746306862,21158000
2021-06-03,116.57496643066406,117.04373341126214,115.67815198832696,116.48310125637171,18696000
2021-06-04,118.85872650146484,119.12985911934659,117.31139978493381,117.65205261546024,24458000
2021-06-07,119.29222106933594,119.4019682763619,118.23452137477915,118.65362780359852,24120000
2021-06-08,119.10054779052734,120.14732888330803,118.91880264907648,119.7744050682998,24240000
2021-06-09,119.57230377197266,119.81760592267354,119.02408294020918,119.74560799112477,17942000
2021-06-10,120.92247772216797,120.96568253894894,119.36571770257208,119.52163996137934,25904000
2021-06-11,120.67767333984375,121.24972423320611,120.11951891042602,121.16431477759886,21958000
2021-06-14,121.60677337646484,121.6072658902099,120.07185807853914,120.77997160978902,22098000
2021-06-15,120.58779907226562,121.93450591139118,120.22678650087968,121.6112350467546,21562000
2021-06-16,119.94522094726562,121.05109608186271,118.65164504846844,120.73924397657515,26472000
2021-06-17,120.9095687866211,121.68323204664387,119.67458688147845,119.87073614754974,25842000
2021-06-18,119.28826141357422,120.77003827045989,119.19291832944006,120.53565476719979,46116000
2021-06-21,120.97810363769531,121.16431929234544,119.07721278021708,119.67509414601389,27414000
2021-06-22,121.4925537109375,121.56158140548996,120.23473424319909,120.91603228443775,22390000
2021-06-23,121.29045104980469,122.25231524209634,120.99995886509124,121.2571798519572,19148000
2021-06-24,121.660888671875,122.2125798006143,121.46226168040718,121.85951566334282,21362000
2021-06-25,121.6693344116211,121.79298566675085,120.73230051757878,121.16431840853278,34594000
2021-06-28,121.69664764404297,121.94394257241956,120.57389063199965,121.8381657792052,28526000
2021-06-29,121.43495178222656,122.17832928237152,120.85743775374725,121.83022815163642,23108000
2021-06-30,121.2531967163086,121.41955268809845,120.523230803747,121.15884624667858,24474000
2021-07-01,121.60577392578125,121.74729205960752,120.69902586362701,120.89119713899787,18110000
2021-07-02,124.39949798583984,124.54499411136423,122.21655601213538,122.30643597468982,25982000
2021-07-06,125.32562255859375,125.56199126890598,123.72912789938306,124.78782786126658,26404000
2021-07-07,125.60767364501953,126.41212285812817,125.28887328905228,126.2909644778478,24060000
2021-07-08,124.18746185302734,124.73518256604955,123.17246685935096,123.17643727760102,23790000
2021-07-09,124.65872192382812,124.87323817975565,123.69834285244087,124.16860255332142,18632000
2021-07-12,126.10574340820312,126.19910128355673,124.75058804003152,125.31370552891468,17668000
2021-07-13,126.46923065185547,127.18032198506866,125.80679967583957,126.16830475866163,19240000
2021-07-14,127.35859680175781,128.44064190439045,127.03830375300998,127.08150857342966,23742000
2021-07-15,126.1350326538086,127.8184218627249,125.66328784581317,127.76777629667595,24218000
2021-07-16,126.10028076171875,126.93601597931935,125.28937581428032,126.78853463100182,20424000
2021-07-19,123.72467041015625,125.34052471906628,122.65901459193284,125.2258144750259,27968000
2021-07-20,125.3449935913086,126.17278040531404,123.49872621377297,124.66765836432434,26312000
2021-07-21,126.6753158569336,126.7219910057635,125.16026022646466,125.26950735241101,20746000
2021-07-22,127.54180908203125,127.60289593105068,126.62563515800662,126.96827312782288,14302000
2021-07-23,132.10385131835938,132.48522359900522,128.91137768320658,129.5370519004451,41506000
2021-07-26,133.11688232421875,133.31749453004386,131.3952513476987,132.4152245404215,30572000
2021-07-27,130.9965057373047,133.47839621773178,129.21281791360002,133.33091486736993,54710000
2021-07-28,135.16177368164062,137.3496864200583,134.3508687484611,135.37828272257383,95130000
2021-07-29,134.84744262695312,135.7248899473717,134.61455182333674,135.2173886380075,31716000
2021-07-30,133.80364990234375,134.37769361909994,133.3353829845041,134.11003891674122,25576000
2021-08-02,133.9307861328125,134.40947921310809,132.87754921456434,134.19148503936958,21634000
2021-08-03,134.70094299316406,134.8022341122371,132.4062687649836,134.20932342496414,20762000
2021-08-04,134.19992065429688,134.72033341925697,133.5657902518696,134.42238532887288,19676000
2021-08-05,135.31820678710938,135.4160427554173,133.9223318061905,134.75111884255372,17870000
2021-08-06,134.8087158203125,135.5376968094334,134.28384768963306,135.1101493986969,20488000
2021-08-09,135.97515869140625,136.24431365244018,134.41243537983704,135.01131691269555,17760000
2021-08-10,135.86988830566406,136.82877457623906,135.43041455067907,136.4012120754409,19414000
2021-08-11,135.34552001953125,136.73939453465712,135.33806411914702,136.24183441816174,15352000
2021-08-12,136.25425720214844,136.3595339182404,134.4978772690755,135.0440977894179,16506000
2021-08-13,136.78407287597656,136.91220221013,136.09434153184176,136.30985037406484,15948000
2021-08-16,137.36207580566406,137.41472172768772,134.3721996307706,136.58294949910035,22384000
2021-08-17,135.72540283203125,137.3184197232231,135.14987395556926,136.80644785628982,21716000
2021-08-18,134.52122497558594,136.16538766056294,134.39459588304095,135.56502088706432,19258000
2021-08-19,134.75059509277344,135.41848912532745,133.3303977575607,133.51462818784134,21782000
2021-08-20,136.48812866210938,136.6117723361515,134.32355361302515,135.06841620237648,31194000
2021-08-23,139.0822296142578,139.90951622851577,136.6648966422779,137.02441648321607,28454000
2021-08-24,140.29388427734375,141.1067743975744,139.3772025716941,139.64832759063572,19268000
2021-08-25,141.1057586669922,141.21550586786483,140.40758643675133,140.6548737639869,15848000
2021-08-26,140.47166442871094,141.4419619740377,140.3887251136367,140.77903846994076,20610000
2021-08-27,143.01759338378906,143.52260939124648,140.52776217570977,140.68219932895803,28780000
2021-08-30,143.60006713867188,144.97061910433263,143.1754900221093,143.41086610714518,24434000
2021-08-31,143.70632934570312,144.17708151735482,143.29269360899076,144.15275891770565,22448000
2021-09-01,144.22079467773438,145.25217904174795,143.8910681023776,144.00677094284313,21936000
2021-09-02,142.30551147460938,144.5227174187225,142.20420518629905,144.22129900817762,32342000
2021-09-03,142.75489807128906,143.16754877804087,141.425065626574,142.10041556217422,19850000
2021-09-07,143.29220581054688,143.57475715594347,142.63523794111092,142.8492616821158,20124000
2021-09-08,142.70672607421875,143.41086913513237,142.02046504950178,143.11293622697437,18344000
2021-09-09,142.55776977539062,143.32199956321935,142.1967647782529,142.85521776816285,15314000
2021-09-10,139.91102600097656,143.72720419740523,139.7739707968701,143.22465834616918,36840000
2021-09-13,141.3575439453125,141.97080687143628,140.2824546953372,140.9771566588483,22094000
2021-09-14,141.56808471679688,142.38098998687326,140.779032265316,142.01599943041023,19674000
2021-09-15,143.440185546875,143.4610378207638,140.3792960231764,141.79353785175581,27408000
2021-09-16,142.62628173828125,143.31155770924323,141.426063761718,142.9644492148849,26190000
2021-09-17,139.83554077148438,142.46738254367386,139.50779941139257,142.05076140011982,53384000
2021-09-20,137.769287109375,138.04786802419636,135.3882181598803,137.21511067059447,46518000
2021-09-21,138.0806427001953,139.05244043758358,137.33080952468467,138.79222650353563,25332000
2021-09-22,139.32257080078125,139.92193727417347,137.60244009203043,138.3497879973125,25056000
2021-09-23,140.2487030029297,140.72591094990884,139.4397832505702,140.02176781696548,20952000
2021-09-24,141.24085998535156,141.3555778112194,139.280382350362,139.5758451576203,22984000
2021-09-27,140.10568237304688,140.96624781578487,139.10806172640446,139.84001289276725,21882000
2021-09-28,134.89956665039062,138.14368592030414,134.43278493690093,137.70521237643976,45772000
2021-09-29,133.43319702148438,136.21153513021474,132.94804827238903,136.0417012440677,30848000
2021-09-30,132.76034545898438,134.61406121757818,132.64117228038688,133.34184510409415,37996000
2021-10-01,135.6077117919922,135.97270238352604,133.15462949952996,133.5265607466969,35360000
2021-10-04,132.74395751953125,135.02919100762176,130.152335016585,135.02919100762176,51202000
2021-10-05,135.0912628173828,136.28454028271238,133.12284448248417,133.12284448248417,32404000
2021-10-06,136.62271118164062,136.80644154596658,133.62836390206846,133.82699091338657,24364000
2021-10-07,138.2713623046875,139.08276746696166,137.70128891704712,137.9406354821062,25110000
2021-10-08,138.8280029296875,139.3697529009224,138.26388525704718,138.62091984045634,26526000
2021-10-11,137.9624786376953,139.7481669525736,137.90784749239654,138.337895381797,17954000
2021-10-12,135.5143585205078,138.55141053862306,134.83006747630324,138.52458748141476,36332000
2021-10-13,136.63958740234375,137.0547234459563,135.58386525595154,136.46131258241758,19654000
2021-10-14,140.18414306640625,140.36935854476863,137.8740717298719,138.51862826245136,31894000
2021-10-15,140.399658203125,140.74726684594384,139.79086571869038,140.64447543325574,30274000
2021-10-18,141.79998779296875,141.81786982944135,140.10319469147404,140.1101505005765,20396000
2021-10-19,142.255859375,142.67845134559514,141.6232292235095,142.40532593908162,20164000
2021-10-20,140.7979278564453,142.56276401325104,140.4081145292242,142.35618098340703,23288000
2021-10-21,140.91412353515625,141.18227835648491,139.53761565803003,140.79792058686868,26292000
2021-10-22,136.62417602539062,139.62000797880754,135.12402479425157,138.19682527141742,50588000
2021-10-25,136.50552368164062,137.0547295671816,134.4963706145337,136.6078150016208,34412000
2021-10-26,138.354248046875,139.12343319491293,137.3571275635801,138.3095581124509,49236000
2021-10-27,145.21592712402344,147.63175995262506,138.45009190052772,138.45009190052772,85782000
2021-10-28,144.84994506835938,146.1499842212663,143.63631554919505,146.1266466491927,36206000
2021-10-29,147.03189086914062,147.22654742150266,143.65865724049704,144.0842193505345,43320000
2021-11-01,142.51405334472656,147.0319042836874,142.24441345744162,147.0319042836874,46924000
2021-11-02,144.43630981445312,145.6047494341665,143.3468239373789,143.589155856485,33482000
2021-11-03,145.59384155273438,145.66435436896379,143.60058532417827,144.90110958293442,27494000
2021-11-04,147.25189208984375,148.70785360831633,145.30581121346245,146.1167161309597,38412000
2021-11-05,147.83241271972656,149.29780040360194,147.18190048867697,148.14772763356547,38354000
2021-11-08,148.01016235351562,149.58331179052777,147.41376612492647,148.79871470403364,23052000
2021-11-09,147.8984375,148.80816342631448,146.23639304016191,148.21078213972393,19530000
2021-11-10,144.8941650390625,147.055770216151,143.54746561626985,146.48966727871888,29970000
2021-11-11,144.76803588867188,146.52493110973253,144.60317257756452,145.48609069795575,16518000
2021-11-12,147.65957641601562,147.83041049178345,144.41495647222519,145.61120416786628,22360000
2021-11-15,147.4351043701172,148.52509016682959,146.56411288350532,147.88053373533654,23508000
2021-11-16,146.86306762695312,147.7434851066345,146.30342052771164,147.13469271784953,18904000
2021-11-17,147.0328826904297,147.54186906071254,146.23141896443005,147.0135155370304,19594000
2021-11-18,148.8121337890625,149.54905558493877,146.87152355597607,147.2260728349166,35608000
2021-11-19,147.90635681152344,149.93239136520538,147.87904882264036,148.94816719539986,33682000
2021-11-22,145.29983520507812,148.80316824044044,145.14639825613384,148.30957862423654,30594000
2021-11-23,144.7834014892578,145.65539319292498,143.12782807825988,145.15186234817517,27218000
2021-11-24,145.11911010742188,145.2477243987509,143.38408255604315,144.47703883261104,18040000
2021-11-26,141.2090606689453,143.567292087887,140.87089317793425,143.35972407872825,30470000
2021-11-29,144.53363037109375,145.29537478702147,142.90783507857046,143.01361186652207,32596000
2021-11-30,140.925537109375,144.9999291351749,140.63155943723774,144.01521986367607,42068000
2021-12-01,140.0853271484375,144.95077215345802,139.94678681424585,143.01363215793765,34020000
2021-12-02,141.98670959472656,142.87905356135158,139.2540463739242,140.2824605205018,29194000
2021-12-03,141.02880859375,143.41087781045954,139.33995625268722,142.6968086608339,41230000
2021-12-06,142.17440795898438,142.86712473038352,139.189986920454,142.06069032750446,30618000
2021-12-07,146.2607421875,146.52045607098424,144.2327219717644,144.5991976891351,32240000
2021-12-08,147.1714324951172,147.37653035976174,145.4031415660559,146.5854775642507,24270000
2021-12-09,146.62721252441406,148.07870362963027,146.10729983987582,146.58003728286783,23270000
2021-12-10,146.9877166748047,147.95702922192558,145.6991036669825,147.68143367478206,24458000
2021-12-13,144.82762145996094,146.95643255514503,144.52073235798926,146.76921671564287,27070000
2021-12-14,142.9212646484375,143.49033777775247,140.24770295550135,142.9818514180104,38446000
2021-12-15,145.43789672851562,145.7159775606796,140.70752203650918,142.4266677500338,36370000
2021-12-16,143.45558166503906,146.66543763733537,142.6233092253354,146.16240684047588,33650000
2021-12-17,140.7541961669922,142.8492432769679,140.33210436708077,141.5238813900382,50416000
2021-12-20,140.63702392578125,140.8033875058699,138.36668691075283,139.04103678781289,27192000
2021-12-21,142.48973083496094,142.8835144844595,139.54007383647323,141.08044454407118,28756000
2021-12-22,145.41207885742188,145.49650329171536,142.0875201032057,142.0875201032057,26322000
2021-12-23,145.91014099121094,147.22804705597008,145.4488147669003,145.4964900938066,26384000
2021-12-27,146.89334106445312,147.32784420840972,146.16138996745596,146.24729950718424,15976000
2021-12-28,145.6822052001953,147.28316267642893,145.05404564217633,147.22059070433994,18200000
2021-12-29,145.65045166015625,146.40724077365513,144.6498606431757,145.64002552206603,17788000
2021-12-30,145.1990509033203,146.2910220535515,144.99446827390025,145.6891702663354,15688000
2021-12-31,143.8597869873047,145.69363529996593,143.8597869873047,145.0495788982198,18136000
2022-01-03,143.9983367919922,144.85194647168504,142.72859087802212,144.06139370644328,28646000
2022-01-04,143.410400390625,145.4816101983603,142.73208012573355,144.400065125975,28400000
2022-01-05,136.8312530517578,143.50969364455202,136.74485856797526,143.43073990652238,54618000
2022-01-06,136.80393981933594,138.98142624455608,135.6230889673093,136.06007743230046,37348000
2022-01-07,136.0784454345703,137.50014307479,134.836507719824,137.1992096234285,29760000
2022-01-10,137.71961975097656,137.8686013556093,132.25233886282987,134.15272948085013,44408000
2022-01-11,138.77882385253906,139.25554684251247,135.7561836931482,137.06167849311132,28730000
2022-01-12,140.4617156982422,141.6311554318166,139.73076471910252,140.18313478333724,26108000
2022-01-13,137.63768005371094,141.87147884797804,137.46089038825914,140.57043966162178,31436000
2022-01-14,138.5250701904297,139.77793411889562,136.06007700509608,136.14001576725417,29662000
2022-01-18,135.0664520263672,136.19218701307207,134.51079038865421,135.24224156457512,34872000
2022-01-19,134.19097900390625,137.01450730821685,134.09067289531706,135.58833902307862,28648000
2022-01-20,132.39434814453125,136.6832786039826,132.05369536697646,135.31669707569674,29908000
2022-01-21,129.4586181640625,133.94169047418686,129.19543397045766,131.68526524961257,55652000
2022-01-24,129.90802001953125,130.30428901156284,123.64720029032809,125.11507313847382,76622000
2022-01-25,126.06552124023438,128.51264787747468,125.63400340844352,127.85816527451126,46960000
2022-01-26,128.34779357910156,132.0889890374942,126.27111292080504,130.220876608715,49130000
2022-01-27,128.12135314941406,131.74386020834598,128.0493400573882,130.4046015787616,31950000
2022-01-28,132.43756103515625,132.44303172603193,127.60489516569507,128.7708494185611,34362000
2022-01-31,134.37667846679688,134.5450272244261,131.30387795487317,133.24300286957987,39986000
2022-02-01,136.70115661621094,136.8491380497125,133.44809584204324,136.65199616866573,68644000
2022-02-02,146.98622131347656,150.50842187379808,144.52569849957,150.213959281509,123200000
2022-02-03,142.10983276367188,148.6497323150392,141.688241065003,144.7074256130187,71518000
2022-02-04,142.31146240234375,143.88262665253944,139.5524914323561,142.46192913434274,57998000
2022-02-07,138.2474822998047,143.26189283584193,137.9485340762374,143.26189283584193,54974000
2022-02-08,138.4441375732422,139.04101874272152,136.07547995948318,138.0741915730561,54284000
2022-02-09,140.6221160888672,141.5482389401136,139.22674129304525,139.99792689638787,40144000
2022-02-10,137.67047119140625,140.51535178227655,137.0120182079764,138.74656067127665,39330000
2022-02-11,133.36270141601562,138.2033087667454,132.48623903478702,137.65063252628258,39958000
2022-02-14,134.59767150878906,135.36637180477342,132.34371646053006,132.34371646053006,34302000
2022-02-15,135.67276000976562,137.16248526255038,134.89114828122072,136.62816089438695,26680000
2022-02-16,136.79454040527344,137.14014870275417,133.99980495788665,135.7105099596148,25022000
2022-02-17,131.63113403320312,136.17429301504373,131.571047355808,135.30975711120635,38950000
2022-02-18,129.509765625,133.15165480974724,129.3046828967441,132.55277323596871,45620000
2022-02-22,128.92430114746094,131.27507671013754,127.34518092700627,128.9486237480946,44990000
2022-02-23,126.71403503417969,131.146461476255,126.65394836077941,130.74672218976002,32786000
2022-02-24,131.78208923339844,132.08897834726324,124.09759400552933,124.09759400552933,54456000
2022-02-25,133.53846740722656,134.34490176287858,130.84900920998376,132.63718249004066,36406000
2022-02-28,134.13189697265625,134.8216284091714,131.68427023720545,132.13864070917086,38864000
2022-03-01,133.1431884765625,135.3221600936974,132.30597577184693,133.95459346241825,26496000
2022-03-02,133.6497039794922,134.3359650140929,132.1599788001748,133.7058202345684,23520000
2022-03-03,132.98231506347656,135.5049097951273,132.1142937033128,135.07834743813976,24604000
2022-03-04,131.00294494628906,132.93462912207434,129.44469223141712,132.01696245071622,30430000
2022-03-07,125.51283264160156,130.83264033914966,125.42990090344138,130.58733818371817,45112000
2022-03-08,126.23384857177734,130.350952554109,124.81364360467389,125.38520198061914,40428000
2022-03-09,132.50608825683594,132.8194330626874,129.01069565399868,130.35095429762737,37026000
2022-03-10,131.5223846435547,132.35911244842734,130.01577753476292,130.36685648313625,27102000
2022-03-11,128.9809112548828,132.87902880681497,128.74354993397455,132.57412490739122,31526000
2022-03-14,125.08824920654297,129.51571269481013,124.41688480642178,129.35780521773768,38812000
2022-03-15,128.31300354003906,128.96501590992517,124.85932318871768,126.10622391621135,30920000
2022-03-16,132.36753845214844,132.41966913140075,127.85267308075287,129.83748807621538,35576000
2022-03-17,132.92222595214844,133.1620725593792,131.27954871173705,132.23694993148916,28264000
2022-03-18,135.19305419921875,135.3107422407677,131.35253849053151,132.51055184296035,44566000
2022-03-21,135.1692352294922,136.1112397829853,133.17399378353716,135.230807026935,26832000
2022-03-22,138.909912109375,140.08382229708803,135.1692175332458,135.1692175332458,35496000
2022-03-23,137.3283233642578,138.6323329542987,136.8908499613676,137.7524003944116,25154000
2022-03-24,140.6022491455078,140.64892428959428,136.80692345204187,138.2464879446874,26396000
2022-03-25,140.7025604248047,141.06208028165258,138.78031728528904,140.94389214459488,24126000
2022-03-28,140.48655700683594,141.02980723169944,138.85380578704,139.9353507908975,35050000
2022-03-29,141.5293731689453,142.80856033177267,141.06557670736646,141.67041396841972,34318000
2022-03-30,140.96624755859375,141.74288866121253,140.63006526780768,141.48417499062563,19884000
2022-03-31,138.11489868164062,141.13456824026574,138.07219395712613,141.07993710759197,37524000
2022-04-01,139.1904754638672,139.5087756948705,137.3600975929248,138.54443389331385,25942000
2022-04-04,141.99217224121094,142.72760894504665,139.34940401086646,139.39707934303763,25942000
2022-04-05,139.62799072265625,142.01104517908408,139.4209227742379,141.89038687951535,21418000
2022-04-06,135.61265563964844,138.40589012417766,134.58871213025895,137.7995679034419,32468000
2022-04-07,134.95770263671875,136.22496333393855,133.30806939199763,135.07836093662385,26234000
2022-04-08,132.37451171875,134.74068416097512,132.054711175335,134.6547746087494,25142000
2022-04-11,127.94107818603516,131.18768319388306,127.78714112721842,130.92052859554875,36884000
2022-04-12,126.83967590332031,130.69856646821188,125.92051646529828,130.69856646821188,32710000
2022-04-13,129.00424194335938,129.4412304311551,126.86598980577136,127.12321836007308,27928000
2022-04-14,125.86192321777344,129.58574380720424,125.73380145210479,129.58574380720424,31598000
2022-04-18,126.80194091796875,127.33426494363471,125.31767872057605,126.13007637850053,20808000
2022-04-19,129.1184539794922,129.44022454936223,126.12956257149347,126.8168237740638,26490000
2022-04-20,127.16293334960938,130.49893329620238,126.62663895836951,129.99540243243885,31696000
2022-04-21,123.95953369140625,129.2073354940893,123.67350445849084,128.36465210884853,36446000
2022-04-22,118.81600952148438,124.54301206602497,118.11038133016164,124.1437652925247,56884000
2022-04-25,122.23095703125,122.43306193166998,117.69921703394614,118.28517197562043,46128000
2022-04-26,117.83726501464844,121.6708251413164,117.69921720652222,121.4568014084917,73054000
2022-04-27,113.51160430908203,116.43890897861922,111.9642776783268,113.68540104249192,91820000
2022-04-28,117.71063232421875,118.82991140062502,113.33332202730232,115.6175702979795,48884000
2022-04-29,113.3278579711914,117.11225750315006,113.03488051138018,115.93487697322128,42676000
2022-05-02,115.784423828125,115.94580921166728,111.82870509334481,112.62819126516962,35534000
2022-05-03,116.5302734375,117.63068544527395,115.23967536784316,115.63295892784193,24968000
2022-05-04,121.42353820800781,122.01297109395705,114.32747578407296,116.22985941768594,49916000
2022-05-05,115.70745086669922,120.20989755476226,114.21772570249654,119.38061812261219,45840000
2022-05-06,114.95365142822266,116.76615498990255,113.23451331524208,114.39550456228451,39710000
2022-05-09,111.74031066894531,114.28873566343553,111.23330949084597,112.47424700492478,40802000
2022-05-10,113.61141204833984,115.45370897495468,112.12714988528167,114.71629465970669,39900000
2022-05-11,112.8243408203125,115.56742256499777,112.4608505325777,112.4608505325777,37534000
2022-05-12,112.0710220336914,113.51207912883265,109.07220483644534,110.61456820370078,53836000
2022-05-13,115.25557708740234,117.06758067088552,112.82683262018276,113.74846982950024,35038000
2022-05-16,113.66106414794922,115.37424657396184,113.10937301955866,114.16806533985789,25990000
2022-05-17,115.6751708984375,116.0992479298773,114.08315444400371,116.04015386240661,23054000
2022-05-18,111.13301086425781,114.60953671958168,110.79136543123056,114.21227511679197,35126000
2022-05-19,109.62789154052734,112.2359033534811,109.24651920632846,110.66821695459474,34144000
2022-05-20,108.1619873046875,111.41505546027001,105.07180479603741,111.18414230539884,48962000
2022-05-23,110.72432708740234,111.37930975737493,107.99614188533646,108.836847701739,37184000
2022-05-24,105.2441177368164,105.72927404793693,101.18660038025172,105.04747595596399,76780000
2022-05-25,105.08026123046875,105.77050034276571,103.14510641575914,104.26637085220138,40258000
2022-05-26,107.05414581298828,107.90527019647237,104.50422783594661,104.9531351796144,37948000
2022-05-27,111.5471420288086,111.54863472420854,108.39090958839716,108.73305507461306,37914000
2022-05-31,112.98274993896484,114.94223478737628,111.31077945637375,111.9742030382361,50012000
2022-06-01,113.11185455322266,116.29937309388902,112.47425385777059,114.06826317353504,36606000
2022-06-02,116.81680297851562,117.0919059988239,112.17283789402013,113.21911892677547,37992000
2022-06-03,113.75640869140625,115.5247147902425,112.7409135990989,115.26748624103267,26136000
2022-06-06,116.02029418945312,118.52948481957034,115.36828939248328,115.90508386814868,33542000
2022-06-07,116.34703826904297,116.88483293983977,114.26390982732367,114.68947198764029,31590000
2022-06-08,116.3912353515625,117.75830946134262,115.80130242266203,115.9616951970942,26108000
2022-06-09,114.04888916015625,117.48866544844982,113.98979509345463,115.53066587385061,25798000
2022-06-10,110.40006256103516,112.50305836640055,109.6100098970209,111.67477148150725,41452000
2022-06-13,105.66373443603516,108.04629624886985,105.3921093112375,106.05503282631635,47252000
2022-06-14,105.98451232910156,107.18523046976311,105.07528653929919,105.80525248931403,33706000
2022-06-15,109.01263427734375,110.66026699950997,106.93198347818276,107.8014823825955,39698000
2022-06-16,105.30718994140625,107.904275532212,104.41782377620616,106.48655577638867,51684000
2022-06-17,106.40958404541016,107.95492543163547,104.32644797510493,105.30718677609678,51376000
2022-06-21,110.77993774414062,111.7189644125282,107.85610349476617,108.18334476803008,47416000
2022-06-22,110.72383117675781,112.57009089350043,109.62639691916156,109.7992086229141,30774000
2022-06-23,111.47315979003906,111.97023497314542,109.74359547231944,111.46273365284881,28362000
2022-06-24,117.16688537597656,117.27017686925784,112.17878974433779,112.22100195891159,41164000
2022-06-27,115.04006958007812,117.76725468629267,114.39054242656216,117.46285844800849,36420000
2022-06-28,111.24026489257812,116.50594891671535,111.08185732274715,115.00926788550748,35792000
2022-06-29,110.93636322021484,112.3853689488812,110.11303936843558,110.78788927074342,24716000
2022-06-30,108.21661376953125,110.12843077767293,106.0187751041556,109.24651298788866,43170000
2022-07-01,107.99266815185547,108.50165457610703,105.99941202989662,107.19367448668028,35476000
2022-07-05,112.48717498779297,112.60039253797129,105.00726227249532,106.36688821071621,39342000
2022-07-06,113.78719329833984,114.79772535634902,110.71239988316604,112.52589598936854,37432000
2022-07-07,117.96935272216797,118.37307002049975,114.04691270803878,114.29172234358994,40936000
2022-07-08,118.53594207763672,118.86516855088318,116.10073455150996,116.44685045649098,38238000
2022-07-11,114.88412475585938,117.18972535586214,114.54049415809305,117.18972535586214,31196000
2022-07-12,113.23947143554688,116.17273911133853,112.91123756952663,115.41893551644583,29960000
2022-07-13,110.59074401855469,113.41377206743013,110.43978477358259,110.93585975066051,43722000
2022-07-14,109.61149597167969,110.33202838278505,107.63065884898506,109.45557370657367,37004000
2022-07-15,111.0118408203125,112.36551106488659,110.14035668814668,111.23332046369126,46770000
2022-07-18,108.28315734863281,112.9013069637435,107.62768220362615,111.86842992036455,43164600
2022-07-19,113.0304183959961,113.2389790223901,108.80953017450513,110.090694802755,36530900
2022-07-20,113.11979675292969,114.60952188775194,111.70952544381008,112.3947938533773,35600400
2022-07-21,113.5567855834961,113.76535378483867,110.34891481197837,113.49719899861788,32676200
2022-07-22,107.16090393066406,111.57048549483595,105.77049218927488,110.23966791558226,48901200
2022-07-25,106.77357482910156,109.11740979105046,105.571864055946,107.66741148020654,34690900
2022-07-26,104.30062866210938,106.4656963595138,103.35713902112693,105.86980776641253,47991000
2022-07-27,112.28555297851562,113.12973666354446,107.27014929212193,108.51158697347695,59858500
2022-07-28,113.43761444091797,113.5567876128041,110.69651783051911,111.6002881287064,32816600
2022-07-29,115.52322387695312,115.91055182503115,112.2855523018916,112.30541954786877,37223400
2022-08-01,114.07322692871094,115.92048681539644,113.55678460709224,114.51021541975226,26034300
2022-08-02,114.34136962890625,115.55301397748624,112.94103191155993,113.21911273048636,20236000
2022-08-03,117.27116394042969,117.807465895975,114.68897523298226,114.91739550950311,28499000
2022-08-04,117.38042449951172,117.96637948017171,116.08932620935268,116.67528876714736,21602900
2022-08-05,116.66534423828125,117.30095970035435,115.20541236919229,115.43384022765638,19159500
2022-08-08,116.49652099609375,119.32699753864578,116.07939215524291,117.57905107247159,19138300
2022-08-09,115.83110809326172,116.51638417366392,114.91741170414872,116.33761682995618,19086500
2022-08-10,118.88005828857422,120.09170256532413,117.59890138834766,117.96636205851591,30930400
2022-08-11,118.02595520019531,120.65780450187786,117.74787438229087,120.44924388844952,24293700
2022-08-12,120.84651184082031,120.84651184082031,118.64171727202111,119.4362404313281,19096300
2022-08-15,121.2437744140625,121.4622686635192,119.7838424537241,120.30027720751173,19494800
2022-08-16,120.86637878417969,121.59138177896516,119.81364197530544,120.6876114414336,19041200
2022-08-17,118.73110961914062,120.4591888481378,118.56226832626471,119.2972049309053,22847000
2022-08-18,119.34685516357422,119.99240429519782,117.90679043522003,118.61192615288643,17987700
2022-08-19,116.4071273803711,118.33384108294739,115.96021284676502,118.24445362994561,21809500
2022-08-22,113.45747375488281,114.83795189055648,113.07014579319794,114.41089701265592,21456600
2022-08-23,113.080078125,114.22220232746935,112.65302325197702,112.70268379096306,15870400
2022-08-24,112.91123962402344,113.99376961834115,112.096856828301,112.72253867644604,17734600
2022-08-25,115.85095977783203,115.92047998120505,113.32835763422956,113.45746441845546,16956800
2022-08-26,109.58417510986328,114.33143881025576,109.43520866103887,113.93417726674532,37245700
2022-08-29,108.67048645019531,110.1900049513534,108.05473821304507,109.236581726649,21191200
2022-08-30,108.19378662109375,109.74309852857878,107.06159598452625,109.41535713980008,27513300
2022-08-31,107.47872161865234,110.09070405692138,107.38933415574992,109.89207703712617,28627000
2022-09-01,108.98829650878906,109.69343221359867,106.62460185419623,107.53829818348746,28360900
2022-09-02,107.11123657226562,109.98143974980776,106.52528165136928,109.83246571965539,24160700
2022-09-06,106.078369140625,107.29001358215552,105.05542565947091,106.56501818821323,25068300
2022-09-07,108.70027923583984,109.22665517213872,106.16775093808137,106.32665101955834,23167000
2022-09-08,107.63761138916016,108.84925579418162,106.4259745612731,107.29994397248697,24238300
2022-09-09,109.89205932617188,110.22972672082997,108.27321982491722,108.32288036042995,23197700
2022-09-12,110.10063171386719,110.85542798702407,109.17700172532125,110.22973851202329,22966800
2022-09-13,103.60543060302734,107.55817181087704,103.37700271858566,107.06159670108931,38172900
2022-09-14,104.28076171875,104.55884253765855,102.94994420622076,103.85370686767357,26395100
2022-09-15,102.20509338378906,104.54892094593508,101.64892410483661,103.31741678742414,34188300
2022-09-16,102.09584045410156,102.42357425141003,100.24858053268528,101.370837496437,42797200
2022-09-19,102.36398315429688,102.62220430858018,100.85439829715003,101.05302529143925,23036800
2022-09-20,100.44721221923828,101.66879031860427,99.83145635767744,101.38077584676782,26517100
2022-09-21,98.59994506835938,102.17528407076615,98.59001144532336,100.97357330597262,31487300
2022-09-22,99.45406341552734,100.546527152985,98.11331212059591,98.14310541515117,34298600
2022-09-23,98.06364440917969,98.97734831250827,96.802347043361,98.94754744299671,31625400
2022-09-26,97.49754333496094,99.19582909385643,97.13008264794297,97.42802313116289,27072700
2022-09-27,96.83213806152344,99.3150133964343,96.20645620489421,98.74891812315998,30072800
2022-09-28,99.36466979980469,100.01021129831565,96.44480610275087,96.98110806203425,32466300
2022-09-29,96.75269317626953,97.96433766405387,95.30269475589749,97.96433766405387,31047200
2022-09-30,94.99481964111328,98.22255784193378,94.90543218159583,96.38523145843214,32941500
2022-10-03,97.9643325805664,98.60988170924736,95.85885148341555,96.09721298076929,27982000
2022-10-04,100.94377136230469,101.14239834319558,99.6924001667179,99.75199432269207,28850800
2022-10-05,100.73522186279297,101.23179694688893,98.1232396482166,99.14618310911277,22176900
2022-10-06,100.72528076171875,102.2249395259523,99.90096436480401,99.99035181341513,22324000
2022-10-07,98.00405883789062,99.84138513244945,97.6266645019863,99.16604271542337,27502800
2022-10-10,97.18966674804688,98.42117071694531,96.34549070144016,98.321857225074,18225100
2022-10-11,96.51433563232422,98.57015621966407,95.65029224046398,96.76262317947702,26507100
2022-10-12,96.8917236328125,98.07357470456819,96.07734083455361,96.63351005621553,21876400
2022-10-13,98.38146209716797,99.09653149501064,93.73351858832581,94.49824852990454,34574500
2022-10-14,95.89857482910156,100.0002897453495,95.70988145547351,99.30508010298726,25410700
2022-10-17,99.28521728515625,100.23864047742966,98.1530267707607,98.18282006159207,28419200
2022-10-18,100.0797348022461,102.76124468709659,99.28521924820954,102.42356970435209,24060700
2022-10-19,98.94754028320312,100.32801829577426,98.24240463180688,99.32494216503058,23811100
2022-10-20,99.28521728515625,101.61911851826515,98.70918840530337,99.3150105759876,25323200
2022-10-21,100.43727111816406,100.61603844678358,97.05063307454373,97.17973986521672,32458700
2022-10-24,101.81774139404297,102.04616924307577,99.29514689523046,101.1026797115845,27176400
2022-10-25,103.76432800292969,104.10199540713289,102.01638166791882,102.19514899283054,40611400
2022-10-26,94.27974700927734,97.63659189413852,94.0413930873747,95.76947228115439,88114100
2022-10-27,91.58831024169922,94.77632139039405,91.17118898720857,93.87255109519647,60710900
2022-10-28,95.63043212890625,95.88865329835012,91.49892372634271,91.63796414593529,43697300
2022-10-31,93.86262512207031,95.37221005350747,93.3362567418793,94.766387840837,31675000
2022-11-01,89.85029602050781,95.37220847515945,89.75098252011932,94.79617956491805,47161400
2022-11-02,86.37427520751953,90.55543669356862,86.2848877482699,90.31708276412759,57038300
2022-11-03,82.8585205078125,85.92735095244444,82.76913305076104,85.72872394565061,61288000
2022-11-04,85.98693084716797,86.04651742389115,83.13658755215299,84.81501351643405,51124900
2022-11-07,87.88386535644531,88.2910606045675,86.25509951822704,86.6821544378291,34078900
2022-11-08,88.29105377197266,89.7013252290992,86.99002186523454,88.29105377197266,30429000
2022-11-09,86.72187042236328,88.82735145908663,86.68214350727783,87.84412735927378,31769100
2022-11-10,93.29651641845703,93.74343090194472,90.98247502569023,91.61809043991572,51620100
2022-11-11,95.7496109008789,96.26604565196418,93.27666153820596,94.04139140730278,33090500
2022-11-14,95.04446411132812,96.12700168973441,93.86262061279506,94.43864192776208,30179500
2022-11-15,97.76570892333984,99.4540612464855,96.04755572915394,97.58694158277216,41640800
2022-11-16,98.17288970947266,98.95747922841689,96.97117895072545,97.22940010842291,29105200
2022-11-17,97.6862564086914,98.59995279410664,96.12701086376991,96.30577820675418,26052600
2022-11-18,96.76261901855469,98.2225509453757,95.70988228857895,98.09343657704217,28342300
2022-11-21,94.94515991210938,97.72598357054807,94.70680597991417,96.62358621558475,21647400
2022-11-22,96.38522338867188,96.55405709268237,93.40577299121226,95.29275218122933,23438500
2022-11-23,97.78556060791016,98.08350867690265,96.4249422059745,96.4249422059745,18868100
2022-11-25,96.79241943359375,97.96433699508836,96.73283284513745,97.56707539206505,9701400
2022-11-28,95.39208221435547,96.91160084741479,94.95509369034133,96.37529881625241,26237500
2022-11-29,94.53797149658203,95.46160150065352,93.46536744466647,95.07427352253981,20061700
2022-11-30,100.29822540283203,100.34788593815357,93.77322961882459,94.17049116999522,43647500
2022-12-01,100.29822540283203,101.54959663702266,99.56329645830338,100.3280186931714,28687100
2022-12-02,99.75200653076172,100.07974033162778,98.22255434389345,98.37152838636051,21480700
2022-12-05,98.79857635498047,100.68555550376762,98.32186096786398,98.71912252760538,24405100
2022-12-06,96.31571197509766,99.09652805363879,95.75954269768152,98.61982018972196,24910700
2022-12-07,94.28968048095703,96.21638667703273,94.0711862290918,95.74961245738875,31045400
2022-12-08,93.06809997558594,94.92529349040643,92.80987881407734,94.72665891342506,32213300
2022-12-09,92.19412994384766,93.61433495682455,92.11467611359325,93.12768592936698,28225400
2022-12-12,92.67083740234375,92.91912493805006,90.98248519039448,92.07494883207544,29420000
2022-12-13,94.97494506835938,98.8482321260313,94.3790565003639,97.09035971387452,40593700
2022-12-14,94.41878509521484,96.20645840814433,92.95885315251148,94.54789188781861,28733600
2022-12-15,90.23761749267578,92.998573521634,89.39344143432389,92.49206485576933,40107000
2022-12-16,89.64173126220703,90.70440157933497,88.90679472353236,90.13830631838147,58011800
2022-12-19,87.83419036865234,89.93966356588601,87.60576252965812,89.64172310557181,29493000
2022-12-20,88.41022491455078,88.56913257898219,86.84105340253028,87.5064621987842,23453800
2022-12-21,88.96639251708984,89.60200800878793,87.71502120281298,88.46981744062983,24745600
2022-12-22,87.15885925292969,87.93351515729785,85.72872061278274,87.55612082820765,27658300
2022-12-23,88.61878204345703,88.93658975546802,86.47357430453268,86.51330121567574,23003000
2022-12-27,86.7913818359375,88.33076743671045,86.413987546564,88.19172703656581,20097300
2022-12-28,85.43077087402344,87.43693838041416,85.35132462222182,86.38420166698455,19523200
2022-12-29,87.84413146972656,88.24139306203571,86.01673875309298,86.02667237661274,23333500
2022-12-30,87.62564086914062,87.69516107639714,85.97700798686586,86.3842031844642,23986300
2023-01-03,88.50955200195312,90.42633226575639,87.91365579701677,88.97632624935527,28131200
2023-01-04,87.47666931152344,90.02906496049344,86.67221251659535,89.73111687687052,34854800
2023-01-05,85.60954284667969,86.97016132679408,85.3116023377022,86.8708478238016,27194400
2023-01-06,86.74172973632812,87.0893383476196,84.2787216281847,86.19550170469084,41381500
2023-01-09,87.41707611083984,89.43317735489786,87.25817602105704,87.75475111447206,29003900
2023-01-10,87.8143310546875,88.06261858260312,85.24207590250592,85.3910499346821,30467800
2023-01-11,90.89309692382812,90.97255075305516,88.40029554318691,88.56912924744373,26862000
2023-01-12,90.50577545166016,91.24071205887914,89.1352308965623,90.85338408510943,30258100
2023-01-13,91.4889907836914,91.55851098824732,89.51261661092427,90.22768590186173,26329200
2023-01-17,90.66468048095703,91.6181037407099,89.43317638425138,91.42940278257716,32602400
2023-01-18,90.49584197998047,92.1643344905254,90.0191265867673,91.50885177199906,29116700
2023-01-19,92.41262817382812,92.96878985532521,90.00919895635575,90.09858641353043,37000400
2023-01-20,97.34857940673828,97.62666782792186,94.36912880255512,94.44858263717902,63191100
2023-01-23,99.1064453125,99.35473282728917,96.8321307677752,97.27904526354224,40005100
2023-01-24,97.03076934814453,98.9276898249223,96.5341942592039,97.42803093472394,33078500
2023-01-25,94.56775665283203,95.50132020032594,93.11775837133916,94.91535768313268,42330000
2023-01-26,96.85199737548828,96.90165791285827,94.7266567027606,95.83898757649443,30114000
2023-01-27,98.6893310546875,99.63282064646212,96.6434366363265,96.6434366363265,33879800
2023-01-30,96.27598571777344,97.61673701280314,95.73968368433458,96.81228775121231,27226200
2023-01-31,98.16295623779297,98.20268315266414,96.15679628817142,96.20645682604395,29870700
2023-02-01,99.7420654296875,100.49686163170139,96.91158914355285,98.03384603535108,35531100
2023-02-02,107.00200653076172,107.11125366516494,104.88659921184829,105.07530018529661,69883800
2023-02-03,104.06227111816406,107.07151484914603,101.87734382713276,102.22494486291488,65309300
2023-02-06,102.19515228271484,103.64515059717341,101.1821348832258,101.69857720610024,31999600
2023-02-07,106.90269470214844,107.43899675843637,102.41365880537815,102.51297231717919,49010200
2023-02-08,98.6893310546875,102.43350370738915,97.36843956449569,101.35097370371372,94743500
2023-02-09,94.35919952392578,99.34481003021067,92.9886474435818,99.31501673753093,119455000
2023-02-10,93.92221069335938,96.08727835366426,93.60440294400885,94.79618010978967,54980700
2023-02-13,93.9619369506836,94.54789190623137,93.19720708667369,94.0910437433125,50076100
2023-02-14,94.03144836425781,94.20028205662871,91.62802702784766,93.78316084825346,54726100
2023-02-15,96.27598571777344,96.45475306225306,93.50509566690675,93.84276310807108,50169000
2023-02-16,94.85576629638672,97.01090015224685,94.09103649131777,94.7167258913076,42462600
2023-02-17,93.7037124633789,94.90542320133379,92.571521930855,94.20028752420988,34284100
2023-02-21,91.16124725341797,92.46227144068472,91.09172705052129,92.36295794756572,33629300
2023-02-22,91.02220916748047,91.4790573091785,89.98933214302377,91.07186212673855,30884000
2023-02-23,90.26742553710938,91.31023632954823,89.14516848336292,91.29036908137002,41206400
2023-02-24,88.51947021484375,89.27426645106479,87.9732421781732,88.82735191404939,36585100
2023-02-27,89.25440979003906,89.54242425273972,88.72803382757155,89.25440979003906,27502300
2023-02-28,89.44309997558594,90.60509140829545,88.70817098707695,88.7181046101625,30142000
2023-03-01,89.74105834960938,90.40646720714943,89.05578224361832,89.36366397752738,31111200
2023-03-02,91.36981201171875,91.64789283593468,88.97631656003954,89.0458443432277,32204400
2023-03-03,93.00850677490234,93.08796060004295,91.81672212919472,91.8465229964728,35160100
2023-03-06,94.4783706665039,95.31262072930046,93.35611372922939,93.37597339821141,32639300
2023-03-07,93.21707153320312,95.01467083852157,92.88933017275697,94.3294024032927,27835500
2023-03-08,93.60440063476562,95.30268646381667,93.3561130999254,93.47529384441702,34103300
2023-03-09,91.6876220703125,94.87563316082465,91.2705008234345,93.40577517359714,28813500
2023-03-10,90.00919342041016,92.15440133504755,89.78077313404465,91.53864552759404,35941000
2023-03-13,90.48591613769531,91.93591453341143,88.80748985999631,89.472898681437,37335600
2023-03-14,93.32632446289062,93.71365243038926,91.80680588622143,91.92597905952277,36050200
2023-03-15,95.45166015625,96.26604296450648,92.00542797274241,92.58145687000861,50622100
2023-03-16,99.63282012939453,100.49686346498038,94.84583683514583,95.54103889104195,65492000
2023-03-17,100.92391967773438,102.13555648041809,99.41432722588,99.57323488486855,61028500
2023-03-20,100.52666473388672,101.05303312899842,99.18591347561197,99.43420102629747,32960400
2023-03-21,104.20130920410156,104.38007652952844,100.52665677571322,100.55645006709534,42110300
2023-03-22,102.66193389892578,105.8598710222932,102.62220698360557,103.55576297366062,43427400
2023-03-23,104.87664794921875,105.5718575582382,103.74445745321431,104.34034599156392,40797800
2023-03-24,104.71774291992188,104.76739587577343,103.12869679000204,104.27082085445686,30393300
2023-03-27,101.7581558227539,104.0424040271739,101.23178749509955,103.90336362277968,31120900
2023-03-28,100.33795928955078,101.74823069594882,99.05679467597474,101.7383046499017,32057900
2023-03-29,100.69549560546875,101.7879592821989,99.96056659779713,101.57939865477051,28779600
2023-03-30,100.19891357421875,100.46706834599645,99.09651635054152,100.21878081953102,33086200
2023-03-31,103.01947784423828,103.17837794270561,100.34790127097024,100.60612245525655,36863400
2023-04-03,103.64514923095703,103.81398293626825,101.23179408733668,101.68864224254398,25035400
2023-04-04,104.002685546875,104.85679528719108,103.32734313772123,103.6153575922124,24420100
2023-04-05,103.75440216064453,105.37323425192203,102.9499529267833,105.05542649237262,28290500
2023-04-06,107.67733764648438,108.42220026038169,103.6153571623888,104.53898710670686,48711500
2023-04-10,105.71089935302734,106.8530159093923,104.39994152058645,106.24720131772598,27067400
2023-04-11,104.62837219238281,105.99892431955422,103.9629633760187,105.82015698023338,26311800
2023-04-12,103.92323303222656,106.01878049406454,103.62528495080397,105.84994678392115,24370300
2023-04-13,106.6941146850586,106.75370126589488,105.11500209869247,105.11500209869247,24843600
2023-04-14,108.12425994873047,108.19378015639614,106.10815877215703,106.15781931069009,26578000
2023-04-17,105.2441177368164,105.43281868126573,103.80404553968684,103.94309352521483,37571200
2023-04-18,103.78418731689453,105.81021446659526,103.3571324631272,105.76055392984837,26596400
2023-04-19,103.46637725830078,104.26090036560062,102.36398004606087,102.87048871639287,20905700
2023-04-20,104.56877899169922,105.52220221540108,103.15850761354443,103.19823452834045,27820800
2023-04-21,104.68795776367188,105.27391269732128,104.06226833884085,104.74754434617613,25800100
2023-04-24,105.2441177368164,105.89959286536913,103.9828128614983,104.76740235294118,23542800
2023-04-25,103.1386489868164,105.95919955597199,103.12871536300369,105.1050897593156,46664100
2023-04-26,102.9996109008789,105.62152693899272,101.92700681879552,104.2013217869198,53347600
2023-04-27,106.85301971435547,107.62768318681694,102.83076620158695,103.73452888709065,50089200
2023-04-28,106.604736328125,106.61466995148949,104.37014843058833,106.30679582140083,36139800
2023-05-01,106.46568298339844,107.25027243697592,106.08828868984736,106.10814835703064,26681700
2023-05-02,104.59856414794922,106.4656835353344,102.99959194316321,106.40609695634207,30997200
2023-05-03,104.68795776367188,106.75370425420495,104.2410356634877,104.80713092868038,21795400
2023-05-04,103.97289276123047,104.8766554674694,103.25782343309649,104.76740834360812,23419500
2023-05-05,104.84686279296875,105.1547369199555,103.39686445887698,104.10200016796126,26639300
2023-05-08,107.03178405761719,107.22048500326504,104.43966924058789,104.45952890885576,26511400
2023-05-09,106.61466217041016,109.39548549302289,106.45576209384788,107.64753918803392,36360100
2023-05-10,110.98452758789062,112.16637867324104,107.1906943752199,107.2304212898766,63153400
2023-05-11,115.77151489257812,117.11226610524719,113.62631446773452,114.60953101340723,78900000
2023-05-12,116.705078125,117.22151287736642,115.31466637721192,115.88076166873074,41102300
2023-05-15,115.71192932128906,117.66843638362967,115.21535423245682,115.31466773479636,36266800
2023-05-16,118.69137573242188,119.92287978836107,115.63247147293116,115.69205805683869,45035600
2023-05-17,120.01226806640625,120.83658456146485,118.07562818248286,118.79069754797297,33323600
2023-05-18,121.98863220214844,122.46534002102402,120.00233194352047,120.12150510967228,35234200
2023-05-19,121.91911315917969,125.10712419543219,121.31329096834843,122.7037026780781,41353400
2023-05-22,124.19342803955078,125.56397250500119,121.89924606366814,122.0978806379514,35253000
2023-05-23,121.7204818725586,123.77630241228727,121.37288083002176,123.30952819924319,34046300
2023-05-24,120.07185363769531,121.07493740233252,119.03897658115086,120.29034788119394,34182600
2023-05-25,122.63418579101562,124.46157845882605,121.12459329600016,123.66705529543533,42317000
2023-05-26,123.75643920898438,124.4019883136242,121.61123127549837,122.32630058666038,35635900
2023-05-30,122.82286834716797,124.79924245823678,121.16430953515783,124.77937521347872,35076700
2023-05-31,122.02835845947266,123.210201954541,121.66089018583695,121.90917771682845,37325800
2023-06-01,122.8725357055664,123.56773776803037,121.78007207435125,121.97869907015976,30772700
2023-06-02,123.81602478027344,125.28589030532665,122.91226210287383,123.14068238937887,26980100
2023-06-05,125.1468505859375,126.55712195859554,122.99170903517506,123.16055031668364,32305500
2023-06-06,126.43795013427734,127.41123309167713,124.50131026598763,125.14685941446244,26638300
2023-06-07,121.660888671875,128.15608373390776,121.28349435723253,126.10027088310036,52539000
2023-06-08,121.30335998535156,122.38589760029983,120.40952332556272,121.39274743989765,29389200
2023-06-09,121.39274597167969,122.91226448637528,121.07493822728019,121.41260564070839,23778300
2023-06-12,122.7930908203125,123.20028604165341,120.82665765632228,121.94891466093752,28306400
2023-06-13,122.98178100585938,124.30267248212147,122.33623191333673,124.1239051576865,22278300
2023-06-14,122.82286834716797,123.20027022623326,120.61807396131795,122.25677310570381,30592300
2023-06-15,124.23314666748047,124.60061494495433,121.56157795855897,122.29650693637248,35246300
2023-06-16,122.68383026123047,125.24615932981803,122.43554273699836,125.06739200928554,45535600
2023-06-20,122.25679016113281,123.71672219203282,121.30336686235084,122.08795644280508,26097500
2023-06-21,119.72425842285156,121.81980592970349,119.27733629111745,121.56158475873276,30306300
2023-06-22,122.30643463134766,122.3958145020817,118.01602656203531,119.1780103443809,26952200
2023-06-23,121.50199127197266,121.9489134061973,120.23076023416286,120.54856799361531,34913600
2023-06-26,117.52938079833984,121.16431385089092,117.45986059347797,119.9328098317089,33969900
2023-06-27,117.51946258544922,118.26432522024346,115.3047343507218,116.27802486079214,39535900
2023-06-28,119.3567886352539,119.56534926327315,116.04959672566056,116.28795064666333,27091400
2023-06-29,118.28417205810547,119.23759521795598,117.48965654679691,118.42321246201281,24090900
2023-06-30,118.88005828857422,120.25061021079527,118.87013224358246,119.34684002572871,29532200
2023-07-03,119.07870483398438,119.36671928754727,118.0061008504676,118.4232220961238,14467900
2023-07-05,120.91602325439453,121.77013293653057,118.41328836573734,118.42321441108429,27584800
2023-07-06,119.28726196289062,119.47596291107514,117.58897616063236,118.97938784922883,24745200
2023-07-07,118.66157531738281,120.22082064548265,118.5821214921861,119.27732351982279,21709500
2023-07-10,115.65233612060547,117.49959607260462,115.34446198765048,117.48967002628223,35315200
2023-07-11,116.33760833740234,116.9037036216299,114.55986865395298,115.49343222262571,23078800
2023-07-12,118.11534118652344,119.50575283595185,117.59890647069032,117.98623440184863,30404400
2023-07-13,123.68692016601562,123.97493461778386,119.62493212633821,120.1016475306422,44297900
2023-07-14,124.5608901977539,125.91157501012879,122.64411010204061,123.94514195311505,33283100
2023-07-17,123.79615783691406,126.2293724794472,123.3492357587873,125.07732233746347,25716200
2023-07-18,122.91226959228516,123.8259659482479,122.11774640971387,123.74651211456384,26193600
2023-07-19,121.19410705566406,124.32253142648887,120.96568677290944,123.74650254253834,37224000
2023-07-20,118.38349151611328,123.2399950067099,117.41020863971083,120.58828599937979,37906800
2023-07-21,119.1978759765625,120.16123282072522,117.91671896913194,119.79377211980879,72937900
2023-07-24,120.6975326538086,122.15746453991983,120.15130463507315,120.8266470185418,29686100
2023-07-25,121.37287902832031,122.3064425948192,120.19102792410442,120.52870291550938,52509600
2023-07-26,128.38453674316406,130.08281518007243,127.44104703885162,129.179059972053,61682100
2023-07-27,128.51361083984375,132.32731856189324,127.9077887011387,130.76806570410903,44952100
2023-07-28,131.67184448242188,132.82390225649658,129.67561820048323,129.8841712389039,36591200
2023-07-31,131.81088256835938,132.61533172518926,130.87731904908145,131.82080861382926,28055500
2023-08-01,130.64891052246094,131.72151454614948,129.78485955227697,129.88418063298246,23166800
2023-08-02,127.50062561035156,129.19890394045316,126.68623518453411,128.56328842817067,26273300
2023-08-03,127.57012939453125,128.50369292843845,126.54718598719074,127.09342158195221,20089500
2023-08-04,127.23246765136719,130.60917213492286,127.03384065014664,128.39445152048964,26147200
2023-08-07,130.6290283203125,130.70848214492673,128.13622708439468,128.2752674889027,22746300
2023-08-08,130.4999237060547,130.60917082877378,128.6526638200663,129.7252678010533,23535200
2023-08-09,128.7718505859375,131.1355376104998,128.11636785754888,130.75815086279874,24912900
2023-08-10,128.8016357421875,131.14547052700968,128.56327426848324,130.42047521494374,20857800
2023-08-11,128.6725311279297,129.03999183440246,127.29205302432788,127.7787020538132,19591100
2023-08-14,130.43038940429688,130.47010873583676,128.07662878820625,128.503676007891,24695600
2023-08-15,128.89102172851562,130.51978732378583,128.3944466671007,130.20198716469977,19770700
2023-08-16,127.81842041015625,129.3875994550616,126.99411154985026,127.81842041015625,25216100
2023-08-17,129.03005981445312,131.08588780571418,128.40437039897924,128.91088665122683,33446300
2023-08-18,126.5869140625,128.3646536960574,125.51431010865518,127.6297171477929,30504800
2023-08-21,127.49066925048828,127.84820388077635,125.69307005391427,126.30882582321787,25248700
2023-08-22,128.19581604003906,129.38759312280365,127.4410274236173,127.62971321202188,22054900
2023-08-23,131.4632568359375,132.49614129235525,128.98038190798363,129.28825597436736,27819700
2023-08-24,128.89102172851562,133.3304039899065,128.68246868911157,133.0324559222039,28500700
2023-08-25,128.99034118652344,129.86430297876237,126.37835154683795,128.6526586317479,26762900
2023-08-28,130.1125946044922,131.63211310890395,129.24855883060624,130.41054267784654,20543300
2023-08-29,133.64822387695312,135.6345241905877,131.33418219305656,131.33418219305656,43075600
2023-08-30,134.94924926757812,135.34650327186472,133.15164989363763,133.85677802438667,28315800
2023-08-31,135.23727416992188,137.05474103256182,134.85987220756698,135.07836648532287,30053800
2023-09-01,134.73074340820312,136.51841658197364,133.9262942685733,136.51841658197364,21543700
2023-09-05,134.8400115966797,135.48555318747054,133.65816039280637,134.51227020074484,19403100
2023-09-06,133.53897094726562,135.59478380227105,132.7543738711037,135.08828269985364,18684500
2023-09-07,134.33349609375,134.65131144480517,132.0393214625493,132.67493701038964,18844300
2023-09-08,135.44581604003906,135.7238968568323,133.92629759318024,133.98588417474053,23558300
2023-09-11,135.98211669921875,136.53827835845289,134.85985218052008,135.60471479290905,20763400
2023-09-12,134.41293334960938,135.9324518179946,134.26396689359834,135.32662963976946,18405500
2023-09-13,135.7735595703125,135.96224536352338,133.231082533579,134.1646460710429,20749500
2023-09-14,137.154052734375,137.74993377942062,135.30679270162085,136.65747761970206,24751000
2023-09-15,136.45883178710938,137.57117031901896,135.5451354191522,137.03486072317858,38919600
2023-09-18,137.26329040527344,138.2067800272706,135.6742440861328,135.6742440861328,21861300
2023-09-19,137.09442138671875,137.46189719712714,135.6841501840954,136.47867322685593,20353700
2023-09-20,132.82391357421875,137.1341818172231,132.70472524498294,137.1341818172231,29927500
2023-09-21,129.5465087890625,131.32424090064023,129.17904808066385,130.53965894518316,31503900
2023-09-22,129.35780334472656,131.12560934891957,128.71226182736228,129.86430445123077,26397300
2023-09-25,130.21192932128906,130.27151591134847,128.0766623547193,128.9406982191211,20094600
2023-09-26,127.6893310546875,129.46706328054253,126.34857219602962,128.88110828778912,25718700
2023-09-27,129.64581298828125,130.0033476459015,127.68932114866523,127.68932114866523,22746500
2023-09-28,131.40370178222656,132.38692594507856,128.9009590113203,128.9506195526447,22513100
2023-09-29,129.96363830566406,133.1317899299604,129.46706319600682,132.36706001789275,30859800
2023-10-02,133.25096130371094,133.49924885517964,130.27151068608651,130.31124518071243,22288000
2023-10-03,131.5228729248047,133.34033959843973,130.9369179473362,133.0225394165618,22989400
2023-10-04,134.31362915039062,134.64137051208016,131.6221856279351,131.880399206417,26752300
2023-10-05,134.14480590820312,134.5619271771739,132.53589226586496,134.14480590820312,19832600
2023-10-06,136.63758850097656,137.2136173603073,133.0920354756824,133.0920354756824,27597600
2023-10-09,137.47186279296875,137.98830519248574,134.6811128729168,136.00200459125065,19278100
2023-10-10,137.11431884765625,138.76295187271583,136.38932342021002,137.55130737519204,27786600
2023-10-11,139.58724975585938,140.1434113878539,137.63074284413509,137.63074284413509,25884300
2023-10-12,138.01809692382812,140.252685074874,137.31295355050784,140.08385134419635,24765500
2023-10-13,136.41909790039062,139.0410135497291,135.68416137323422,138.42526533908884,23420500
2023-10-16,138.14720153808594,138.6735699418657,137.0448041887176,137.22356395410557,28501900
2023-10-17,138.76295471191406,138.94171448359813,136.24034458016837,137.6804245719955,23515800
2023-10-18,137.01498413085938,139.75607274460307,136.4389552977886,138.49476796952968,23375000
2023-10-19,136.8064422607422,138.70336281042037,136.43898153017037,137.55130492277888,26066000
2023-10-20,134.67117309570312,136.9256131371894,134.1547307488375,136.38931869741043,26335700
2023-10-23,135.5649871826172,136.71704492317136,133.0324514241763,134.1149813844345,26317900
2023-10-24,137.85919189453125,138.40542759504592,136.47871357192383,136.88590883542307,44814300
2023-10-25,124.74958801269531,127.43109032375405,124.21328603505674,127.28212386646624,84366200
2023-10-26,121.44239807128906,123.47835889189942,120.43931430693331,122.42561458962273,57061100
2023-10-27,121.33314514160156,122.46533564236815,119.38657186700053,122.0382807989468,44566500
2023-10-30,123.60746765136719,124.54103122378429,121.90918179187298,122.36602995491228,28940100
2023-10-31,123.23007202148438,124.51123661998803,121.84959392373723,124.20335492205861,26292300
2023-11-01,125.58384704589844,125.62357396545967,122.87255108577632,123.22015216051825,30082400
2023-11-02,126.61671447753906,128.09650612590542,126.06055280075913,127.54034444912548,27124600
2023-11-03,128.21571350097656,128.64276086828096,126.98420163781151,127.1431093274337,26393100
2023-11-06,129.35780334472656,129.44718321865057,127.78862433400963,128.16602622960193,19052700
2023-11-07,130.07286071777344,131.00642417120397,128.99033082146218,129.81464716535797,29757300
2023-11-08,130.93690490722656,131.30438074733325,129.88416823105302,130.0728691738139,26425800
2023-11-09,129.347900390625,131.6420751565133,129.1790666583162,131.05612011715854,23747800
2023-11-10,131.68177795410156,131.89034615855235,128.52356767433983,129.2088437191894,26913300
2023-11-13,131.1851806640625,131.68175566709485,130.3509382959921,130.87730658686507,18324800
2023-11-14,132.7047119140625,134.7704659468235,132.40677900657556,133.27081474682353,32395200
2023-11-15,133.69786071777344,134.10505589307232,132.65506524316734,133.94614824111162,23861500
2023-11-16,135.99205017089844,136.28007221647312,133.3999426863431,134.26397851452822,28013200
2023-11-17,134.38314819335938,135.12801082704152,132.73451526045164,135.06842424103002,37240600
2023-11-20,135.31671142578125,135.72390663480266,132.70472161458173,132.774249400923,27815500
2023-11-21,136.0317840576172,136.2403371131516,135.02870781151344,135.35643404163898,22635300
2023-11-22,137.5413818359375,138.4650042826892,136.52836435057273,136.52836435057273,17813900
2023-11-24,135.75369262695312,137.1838312275909,135.05849057227317,137.08451015366452,12514300
2023-11-27,135.4756317138672,137.47185829728923,135.06843646690527,135.09822976260782,23436500
2023-11-28,136.26019287109375,136.30985340774254,134.49238687712713,135.14786959064773,18730000
2023-11-29,134.06533813476562,137.3427213579803,133.916356526449,136.6276672242787,23967200
2023-11-30,131.62217712402344,134.62149456857514,130.38073954068037,134.12491953523792,38988300
2023-12-01,130.95677185058594,131.20505937380074,129.77492081540063,130.95677185058594,31442300
2023-12-04,128.38453674316406,129.13932547576,127.02391817626064,128.9903590003365,36669900
2023-12-05,130.09275817871094,131.23487491745817,127.37152100730603,128.06672315933784,27384800
2023-12-06,129.12939453125,130.93692003300382,128.99035410803816,130.53966601076132,23576200
2023-12-07,135.99205017089844,137.61088985291832,133.77732945899103,134.11499689135425,56767100
2023-12-08,134.06533813476562,135.46566826562713,133.1119073660502,133.2807410653947,32260100
2023-12-11,132.37698364257812,132.4266441834892,130.46021102841993,131.47322847678203,31138000
2023-12-12,131.61224365234375,132.0889514142532,130.36086494021498,130.9071004769167,29032800
2023-12-13,131.6619110107422,132.58553329447562,130.6687609486113,132.46636013638545,30104800
2023-12-14,131.03623962402344,132.8040457651367,128.8016516772407,132.46637833464752,38722400
2023-12-15,131.69171142578125,132.59546651397721,130.28142492549298,130.71841340115773,50847100
2023-12-18,134.86978149414062,136.21052498571453,131.5228554792147,131.72149761509291,32258000
2023-12-19,135.71397399902344,136.52836446846126,135.1478862434252,135.9026749689795,25476800
2023-12-20,137.3923797607422,140.72936466802966,137.12424014761805,138.01806916656724,49107200
2023-12-21,139.4581298828125,139.72628464273828,138.22661835043792,138.53450759923203,27488300
2023-12-22,140.5208282470703,141.01740335058128,139.74617229793478,139.80575888567296,26532200
2023-12-26,140.5506134033203,141.7026560595198,140.22287203546634,140.62012603356706,16780300
2023-12-27,139.4084930419922,141.10678660446538,138.9317851744244,140.6201375358573,19628600
2023-12-28,139.2694549560547,140.1732253182547,138.7927470804766,139.8156906230036,16045700
2023-12-29,138.733154296875,139.3985631144452,137.8293839750218,138.6735677093716,18733000
2024-01-02,137.22354125976562,138.49477211762903,135.5451152423906,137.60094312997316,23711200
2024-01-03,137.9683837890625,138.6735268936032,136.1409915902242,136.30982525654744,24212100
2024-01-04,135.4557342529297,138.20676412527402,135.4160149189422,137.47182763523583,27137700
2024-01-05,134.80026245117188,136.22047501254474,134.22423355918488,135.81327982358127,22513900
2024-01-08,137.88893127441406,138.05776494232506,135.32660266195592,135.35639594721872,21404000
2024-01-09,139.98452758789062,140.52083722032057,137.20370379980002,137.55131245616278,24759600
2024-01-10,141.30538940429688,142.02045866024227,139.94477867069364,140.03415853912,21320200
2024-01-11,141.1067657470703,144.22525640452344,139.67662720148994,142.50711100247338,24008700
2024-01-12,141.6728515625,142.2190871323883,140.8485503393483,141.69271880711432,18785500
2024-01-16,141.5139617919922,143.36122156572418,140.48107721191207,141.02731279231332,22670500
2024-01-17,140.50094604492188,140.86840673304152,137.94854301050196,140.38177288213018,20968600
2024-01-18,142.4971923828125,143.22220297005774,141.01740822196385,141.07699481176041,25746400
2024-01-19,145.3773193359375,145.44683196408025,143.39101909701728,143.74855374619364,34271900
2024-01-22,144.989990234375,147.37354444028344,144.84100862508816,146.09238746431797,32200400
2024-01-23,146.0327911376953,146.17183155228614,144.5033465771963,144.89067452886135,21636100
2024-01-24,147.68142700195312,148.8235587881105,147.08554599350785,147.5225193379935,25233500
2024-01-25,150.82969665527344,152.0016216209964,148.5156551679274,149.04203864825777,29149100
2024-01-26,151.14752197265625,151.49511542850038,149.9755969292419,150.06499195893298,26115500
2024-01-29,152.45846557617188,152.72662034492586,150.3927115607608,151.01840096976417,27784300
2024-01-30,150.42251586914062,152.56770849737956,150.15436110776048,151.75333332236926,36331800
2024-01-31,139.1403350830078,143.01361441161524,138.91189964891637,142.63621252421888,71910000
2024-02-01,140.1930694580078,142.08004855541006,139.82559362212137,141.14648505201,40466500
2024-02-02,141.4047393798828,141.64308574441233,135.56501098058345,138.3061002525656,62499600
2024-02-05,142.69581604003906,144.47356341654853,141.801986905598,141.84172140070675,38505400
2024-02-06,143.11293029785156,144.3642939230755,142.2091601025006,143.65915070969015,29128200
2024-02-07,144.54307556152344,144.62252939720187,142.94410310988516,143.76841960649566,25208900
2024-02-08,144.91053771972656,145.32765895182595,144.10608854680143,144.83108389157408,22563800
2024-02-09,147.97938537597656,148.41637390512574,145.17869443239508,145.6752695511064,26829500
2024-02-12,146.51942443847656,148.31702358925634,146.36051679478177,147.40332736941176,21564100
2024-02-13,144.14581298828125,145.6653315141202,142.70574829340842,143.92731874169158,27837700
2024-02-14,144.94032287597656,145.5163517320503,143.10298919446083,145.07936327887248,22704200
2024-02-15,141.79205322265625,142.53691584599866,139.49787876744466,142.15951393413914,37590700
2024-02-16,139.55747985839844,142.20918925460697,139.1800779073113,142.0105622319239,31468900
2024-02-20,140.15335083007812,141.1067816862522,138.53452631527114,138.70336003010283,25144700
2024-02-21,141.57354736328125,141.7125877687313,139.71634640315906,140.4810762102682,23223300
2024-02-22,143.10299682617188,144.00676707032724,141.8218398421828,143.9372392880377,27191900
2024-02-23,142.97390747070312,143.68896166282684,142.44752393009878,142.68588543031947,19493800
2024-02-26,136.627685546875,141.46432235767185,136.44891062377383,141.1663742553499,53641800
2024-02-27,137.92868041992188,138.29614108006908,136.1509333875122,137.0745707916409,33099200
2024-02-28,135.44581604003906,137.06464040474236,134.48245922676676,136.95539328712587,37328600
2024-02-29,137.51156616210938,137.9088201307194,135.4656642763921,136.3396411924551,42133000
2024-03-01,136.2006072998047,137.91875276987585,135.98211306034264,137.4817642909518,31151100
2024-03-04,132.43658447265625,134.73075899682425,131.0064457681699,134.73075899682425,55999400
2024-03-05,131.76123046875,132.32733333640527,129.77493014030705,130.97664850689333,40194800
2024-03-06,130.4999237060547,132.6649989142327,129.95370324672783,132.20814317715227,35318600
2024-03-07,133.45950317382812,134.0156647546649,130.7084734033321,131.88038314091438,37738200
2024-03-08,134.4824676513672,137.1441028229162,133.08212227990484,133.29069048269943,39370400
2024-03-11,136.7269744873047,138.14718703170163,135.1975299783761,135.1975299783761,32437800
2024-03-12,137.55130004882812,138.42527705734926,136.09136807062538,136.09136807062538,27563400
2024-03-13,138.8324432373047,140.12354137422258,138.0379352954484,138.04786134072793,23347200
2024-03-14,142.1197967529297,142.6064306421688,139.49788088513242,140.22287627299642,42753400
2024-03-15,140.2129364013672,142.19923677925948,139.07081974578682,141.52390192482534,49475400
2024-03-18,146.66839599609375,151.10777804956146,146.16189491270958,147.59203344728544,69273700
2024-03-19,146.02288818359375,147.77082726547607,145.07939842436335,147.14515287800847,24070400
2024-03-20,147.7211456298828,147.84031878791893,145.73484550652196,146.98620912870308,21311500
2024-03-21,146.58897399902344,149.33998911224745,145.89375674311398,148.44616000360566,24755600
2024-03-22,149.73724365234375,150.54169280238673,147.959496500819,148.09853690756384,29211800
2024-03-25,149.04205322265625,149.3499273505425,146.8074653411052,148.91293885124503,19229300
2024-03-26,149.63792419433594,151.2170292210166,148.95264819861129,149.1910096788579,22149100
2024-03-27,149.83656311035156,150.60129299369396,147.88005603945206,150.14443724209133,22879200
2024-03-28,149.89613342285156,150.3927084599446,149.14134482200646,149.81669475267208,24485400
2024-04-01,154.4249267578125,154.67321430251357,149.57834903588156,149.6578028686982,31730800
2024-04-02,153.5012664794922,153.6403068777637,151.10777126599905,152.44852987054117,24586000
2024-04-03,153.85879516601562,154.01770280199077,151.68379425568807,152.54784505488644,24705000
2024-04-04,149.49888610839844,153.7098480658943,149.41943228041532,152.4485431723482,34724700
2024-04-05,151.4553985595703,152.36909488318793,148.57526917325976,149.00231646564103,23459200
2024-04-08,153.789306640625,154.20642788470977,151.56464485123763,151.73347855806227,20702000
2024-04-09,155.52731323242188,157.47387896093983,154.1269679407953,155.02079697777037,31079500
2024-04-10,155.07046508789062,155.5372468745642,153.6204591891085,155.13999287301036,22838600
2024-04-11,158.31808471679688,158.58622437276043,155.38829451519794,155.835209096074,27166400
2024-04-12,156.6495819091797,159.12253144332848,156.0636269091037,156.87801737370006,25353700
2024-04-15,153.7992401123047,158.1492428244945,153.5310853159215,157.77184090027146,27136500
2024-04-16,153.3423614501953,154.58379901101057,152.3790046906613,153.13380842636792,20779500
2024-04-17,154.40504455566406,156.0040167948363,153.52114158831216,154.55401100634845,21763100
2024-04-18,154.9413604736328,155.86499805909074,153.56088227305054,154.27595164428578,19883000
2024-04-19,153.03448486328125,155.28893968013872,151.2567529730722,155.1300320379226,32615600
2024-04-22,155.20950317382812,156.56018797481067,153.004708643485,153.252996179296,26446200
2024-04-23,157.1759490966797,157.8810924240559,155.2095158950794,155.88486592805785,21151600
2024-04-24,158.0399932861328,158.47698179082704,156.093412261841,156.41122759408012,22779100
2024-04-25,154.93141174316406,155.41806073558595,149.83654700762904,150.29340271013402,57109700
2024-04-26,170.7721710205078,173.51327522567658,168.48792256762354,173.17559264604492,64665300
2024-04-29,165.0118865966797,168.3886061017505,164.07833821221814,167.90195708676399,45610000
2024-04-30,161.6649627685547,166.94852827075354,161.4862030348835,164.4755792084326,33562900
2024-05-01,162.73757934570312,165.9752432828852,161.97284950974932,163.174567823391,33493200
2024-05-02,165.47866821289062,165.58791533230615,162.76737262737393,163.66120167403318,24294500
2024-05-03,166.09445190429688,166.8095212907781,161.93314996621794,166.41225210147184,34662400
2024-05-06,166.94854736328125,166.98826670166156,164.89271926535207,166.31293186931515,21871300
2024-05-07,170.07696533203125,170.5834664593811,167.23655526104525,167.34580238509352,28039700
2024-05-08,168.2197723388672,168.98448702093918,167.58415686761862,167.84237044353367,19569100
2024-05-09,168.79580688476562,169.5208022541753,167.02798566826758,168.22970402279228,15346700
2024-05-10,167.49476623535156,168.68655853520565,165.05162536004164,166.87901799355728,29799900
2024-05-13,167.9813995361328,168.12043993752937,162.8766088644778,163.13482242299506,31327600
2024-05-14,169.1731719970703,170.07694215885084,167.64372762305203,168.6070843617822,25127100
2024-05-15,171.32833862304688,171.4673790473729,169.34203818737842,169.4612265184219,26948400
2024-05-16,172.9868927001953,173.920456302831,171.50710861685377,172.102989637879,27867900
2024-05-17,174.85400390625,175.06257209479978,172.50024302231847,172.9868768718215,24479300
2024-05-20,175.70811462402344,177.54544837857875,174.87387217348427,174.98311929112162,22554400
2024-05-21,176.6317596435547,176.92969256413505,174.60572485799662,175.68825488082155,16989400
2024-05-22,175.17184448242188,175.9365592574652,174.00986051813194,175.4300580897296,17880000
2024-05-23,172.36122131347656,177.02902425167093,171.76532512806048,175.85711428242732,21024900
2024-05-24,173.79136657714844,174.5660225547883,172.46053373352476,173.78142537597992,16579400
2024-05-28,175.19168090820312,176.0557318461207,173.1755873101766,173.2550411409201,20572200
2024-05-29,174.6951141357422,175.62867774851856,173.52320417367446,174.228332329354,23388700
2024-05-30,170.9310760498047,174.01977367898226,170.6132607219414,173.99990643242356,22931500
2024-05-31,171.3184051513672,171.87456682456684,168.2793680411912,170.68278964567202,37638900
2024-06-03,171.98382568359375,173.33451061963038,169.9875991516087,171.35813618142186,27459100
2024-06-04,172.5995635986328,172.6591653391861,170.71258431304562,172.09306246094846,26879600
2024-06-05,174.2084503173828,175.4399466552728,172.7385773626021,173.99988214330352,22068500
2024-06-06,175.5194091796875,175.9365303942632,174.5461263456775,174.69509279578756,23251000
2024-06-07,173.26498413085938,176.65161466995326,173.10607646773101,175.83723941639084,19661400
2024-06-10,174.01068115234375,176.0489786130458,171.77352873315732,173.9709162293112,23726700
2024-06-11,175.6114959716797,175.83024098669136,172.77777855811084,175.21378603801926,21540600
2024-06-12,176.77479553222656,179.379845400023,175.10439577424404,177.23217556405126,27864700
2024-06-13,174.1598358154297,175.7308157979112,173.8814358359176,175.10440825817855,20913300
2024-06-14,175.780517578125,176.04898011878856,173.15559265736175,173.22520023784008,18063600
2024-06-17,176.2279510498047,177.34155090633004,173.81181865264895,174.45811620425826,19618500
2024-06-18,174.09022521972656,176.3770951589655,173.10588787052086,176.1285226693017,21869900
2024-06-20,175.29331970214844,176.27765703426607,173.99080230638756,174.36862216738828,20160100
2024-06-21,178.6042938232422,179.81732867579552,175.6015341741627,175.98930661577177,57759000
2024-06-24,178.19664001464844,179.85710235428542,177.6497775263464,179.1312749634446,18298000
2024-06-25,182.97918701171875,183.23769694925022,178.39550951673985,178.59436448189186,23130200
2024-06-26,182.83004760742188,183.45643998230676,181.4380325230597,181.58718512405983,19839000
2024-06-27,184.351318359375,184.98766337259178,182.9692558226232,183.128330697181,18848900
2024-06-28,181.1099090576172,184.07290404421764,180.92100671054675,183.2675316089203,29156600
2024-07-01,181.9451141357422,182.83003153925785,180.26476177845004,181.98487905618407,16006100
2024-07-02,184.18226623535156,184.51038372241194,180.52327152009687,181.01047903209437,17372500
2024-07-03,184.75897216796875,185.027419540138,182.94935711411654,183.79450966944947,10242100
2024-07-05,189.5116729736328,189.77018290215648,184.7390781179793,184.79873308828007,20967500
2024-07-08,187.9506378173828,189.08412781251326,186.70777531519326,188.81566526397512,21035900
2024-07-09,187.9009246826172,190.26733979712682,187.64241473790693,189.22333223651012,15121400
2024-07-10,190.08834838867188,190.65510095160317,187.9506310307602,188.06994097173066,15952500
2024-07-11,184.5104217529297,189.77020972388777,184.023214140511,188.76598218134717,25625800
2024-07-12,184.0132598876953,186.0416048375752,183.43656985987124,184.02319732602172,22898400
2024-07-15,185.46490478515625,187.16514729008762,183.86409734476058,183.86409734476058,16474000
2024-07-16,182.86981201171875,187.6026268731147,182.32294948626117,186.29017198367765,18290700
2024-07-17,179.9863739013672,182.5019263017259,178.8727588226684,181.92523630082098,20734100
2024-07-18,176.67538452148438,181.45791677729983,175.4623495627197,180.89116422058456,25315700
2024-07-19,176.6455535888672,179.2605258026029,176.11858113676493,177.8585885239563,18881900
2024-07-22,180.63265991210938,181.65677738382092,179.20087990499312,179.5588249067722,24100300
2024-07-23,180.751953125,182.56156801417904,180.50338065154088,181.01047820725972,36352700
2024-07-24,171.644287109375,175.18395707272086,170.8389146389314,172.60874962060436,49585200
2024-07-25,166.3248291015625,172.42976906222302,166.2353466432372,171.53491413564743,44852000
2024-07-26,166.04641723632812,167.1301896118219,163.12320243356427,166.19555465619968,41336900
2024-07-29,168.56198120117188,169.45683612568504,167.03078128837655,167.86598124081036,20293800
2024-07-30,169.317626953125,170.2522619227889,167.47819966988007,169.2679245935279,18959700
2024-07-31,170.5605010986328,173.25503369271337,169.03923860189312,172.25080624759823,25729100
2024-08-01,169.7849578857422,173.0561805386624,167.91570297002085,169.2778754387371,24531400
2024-08-02,165.70835876464844,167.54778598097556,163.72971639720066,165.48961377240155,29130100
2024-08-05,158.34068298339844,163.49109791672467,154.04534288788773,154.61209547201543,53630700
2024-08-06,157.3861541748047,159.65314928592488,155.51689933013026,158.42022424958387,49004600
2024-08-07,158.03245544433594,162.04938037940107,157.5651379293703,160.32926292292882,25138600
2024-08-08,161.1048126220703,162.75533771588556,159.29521265364664,159.59348752582613,25578800
2024-08-09,162.73544311523438,162.8547530607689,158.15176559045875,159.09633805981707,28602300
2024-08-12,161.36331176757812,163.95840918346863,160.9158843175958,163.41156183996847,15895300
2024-08-13,163.22262573242188,163.78936305875365,162.03941838117134,162.4769083434817,18551700
2024-08-14,159.45428466796875,162.28801727613745,156.8094847615611,161.4726921823738,40591100
2024-08-15,160.3789825439453,160.71703750803647,158.6986299901853,159.58354749716605,31524300
2024-08-16,162.0294952392578,164.11749500950546,160.20994282911744,160.5479977673965,24208600
2024-08-19,165.71832275390625,165.73821280320462,163.32208006414092,164.33626017508507,22416200
2024-08-20,166.22540283203125,167.67707297668008,165.8674729797842,165.9470028325088,18341500
2024-08-21,164.9029998779297,165.8972898617058,163.7297298078101,164.20698475195752,22902000
2024-08-22,162.86468505859375,166.63303702086546,162.3774775565528,166.3049195405105,22493300
2024-08-23,164.67431640625,165.23111641753695,162.89454385791046,163.77946141263345,13955700
2024-08-26,165.2112274169922,166.59328988817313,163.52093747817295,165.42997242725056,14190400
2024-08-27,163.73965454101562,165.48961448654234,163.52092471948473,164.89303447390188,11821900
2024-08-28,161.92013549804688,164.6544330475145,160.60766539190482,164.09761789324529,16407400
2024-08-29,160.85623168945312,165.0223091315335,159.33496923436493,163.37178412416296,19699800
2024-08-30,162.44711303710938,162.72551303705623,160.76676042707592,161.69144289011467,22123800
2024-09-03,156.46148681640625,160.9258547151699,155.58650669543206,160.79659215048164,38945300
2024-09-04,155.55667114257812,158.09211373684093,155.06947874092558,155.76547872304474,19353800
2024-09-05,156.34217834472656,158.53955093528634,155.08936312842334,155.40754323785356,18688700
2024-09-06,150.0582275390625,156.92877428174015,149.69034513675084,156.4018018567198,37912100
2024-09-09,148.05706787109375,152.7264627958575,146.57360452316883,151.84037111346015,39260500
2024-09-10,148.0072784423828,150.60581925736298,147.6886761823768,149.78941235994157,31118800
2024-09-11,150.49630737304688,150.83481089337806,146.87229008202618,149.2617463560954,29607700
2024-09-12,154.0108184814453,154.14025256310887,151.97976682488095,153.1247267348267,29621500
2024-09-13,156.7686767578125,157.68463566430012,154.5285554084844,154.7475755195227,29591200
2024-09-16,157.3660125732422,157.555180781803,155.91243141908913,156.61930555531896,18379800
2024-09-17,158.6204833984375,159.84507860249886,157.68460821141127,158.32179756550258,20715600
2024-09-18,159.10833740234375,159.79531032602117,157.9036585234899,159.1581209112091,23677300
2024-09-19,161.4281005859375,163.07084994877528,160.631610061734,162.9912145689688,26587700
2024-09-20,162.87173461914062,163.01111932448998,161.34845348503907,162.78213342108606,40896400
2024-09-23,161.13938903808594,164.7634066817542,160.9601714446055,163.62841256235794,24150900
2024-09-24,161.5774383544922,162.5033629705114,159.98447247380625,162.31419475907774,23332100
2024-09-25,160.78097534179688,162.09517191436558,160.59180711585415,160.76105889912012,18869200
2024-09-26,162.01548767089844,163.3595662240988,161.56746655042878,162.92149572700265,20319300
2024-09-27,163.23016357421875,164.9724800827397,161.91596702181027,162.0951694277683,21101300
2024-09-30,165.12181091308594,165.42048155404993,162.54317124235408,162.60292056233942,20413900
2024-10-01,166.25680541992188,168.41727581616183,163.85738331840562,166.9537289039037,28338100
2024-10-02,165.13177490234375,166.78449014447432,164.00673142434744,165.6893137329917,17760200
2024-10-03,165.13177490234375,165.90834901528822,163.2002902448892,163.68814431760305,15073100
2024-10-04,166.32650756835938,167.491368768802,164.75344285896497,167.3221169901183,19047400
2024-10-07,162.264404296875,167.74025561009242,162.0354184047515,166.9835979885841,22463100
2024-10-08,163.65826416015625,164.0067183055417,162.15488437084886,163.22019363060423,23072700
2024-10-09,161.14932250976562,164.11623398118573,159.03863564722693,162.73233765666967,31181800
2024-10-10,161.3683624267578,162.35402113493024,159.695730848507,160.16366845010265,14144100
2024-10-11,162.5232696533203,163.18036025385564,160.53205102817606,161.41814270869355,15344300
2024-10-14,164.23573303222656,165.5001460300089,162.68256960973142,162.92152133437537,19016100
2024-10-15,164.7335205078125,166.94375916455598,163.9071629705859,165.06205820613152,20247200
2024-10-16,164.43484497070312,165.07203435121127,163.02108150744417,163.80760621471472,16406000
2024-10-17,162.21461486816406,165.6395132678631,162.04536311131514,165.00232392781157,21453400
2024-10-18,162.70248413085938,163.98682874694387,162.36398058545478,162.47349822564962,19757700
2024-10-21,163.34963989257812,163.77774463817317,161.90599412379152,162.234547045473,20946500
2024-10-22,164.41493225097656,165.0421710211609,162.26441234616763,162.26441234616763,16568100
2024-10-23,162.06527709960938,165.09193781291935,161.2190031363727,164.03657921685988,18280500
2024-10-24,162.00555419921875,162.61287650871054,160.3030555310391,162.11507183508752,22412500
2024-10-25,164.5443572998047,164.86294438388538,162.70247397291948,162.95137630402328,19828900
2024-10-28,165.9879913330078,168.00907708946656,163.23014919167423,168.00907708946656,32138600
2024-10-29,168.9349822998047,169.6319209779577,166.3563578043749,166.99354716216052,42169000
2024-10-30,173.6940155029297,181.2208198283368,173.29576264414507,179.8866917411499,68890800
2024-10-31,170.3587188720703,176.04365502457762,170.2492012343648,172.3698540409386,44769000
2024-11-01,170.5379180908203,171.56340969304173,168.13851111414587,169.32328866587017,31796500
2024-11-04,168.49693298339844,169.98038120201446,167.27232253666486,169.18389067835992,21492700
2024-11-05,168.99473571777344,169.78126041606683,168.09867819204692,168.6860840596654,18242100
2024-11-06,175.7349853515625,176.1631052339176,172.73820694224352,173.03689275917634,33695500
2024-11-07,179.95639038085938,180.28494329004707,176.41202351829116,176.63105879108298,25352900
2024-11-08,177.5669403076172,180.1057320918823,177.29812151933496,179.85682974504894,22006200
2024-11-11,179.55813598632812,179.7572547998241,177.68638571752442,177.79590334371593,17450400
2024-11-12,180.82257080078125,181.68876129211964,178.60236613626623,179.03048606955645,25134900
2024-11-13,178.0946044921875,180.16547375277025,177.75608576913012,179.66766908027805,23184000
2024-11-14,174.80909729003906,178.03487716000262,173.55463493650558,177.49723958577857,31007500
2024-11-15,171.732666015625,173.37541540242353,170.46823785970153,172.96721191394371,32504600
2024-11-18,174.5303192138672,174.6697039128958,172.1408476982141,172.6585688053745,20135300
2024-11-19,177.3379364013672,178.08464343003916,172.7979600977284,172.95726124320882,23434900
2024-11-20,175.2073211669922,176.89985394642653,173.01698373526585,176.56135042889815,18997100
2024-11-21,166.8939971923828,173.36545785068716,162.98124461770655,173.1364567662256,59734400
2024-11-22,164.03659057617188,165.7291386198519,163.18036592990532,165.12181631038618,38604600
2024-11-25,166.91390991210938,167.88961806266173,164.88287341953946,165.3607616780629,33135300
2024-11-26,168.37745666503906,169.07439539763973,166.844224875264,166.89400838356315,20486700
2024-11-27,168.48695373535156,168.7358560546641,167.2822750172823,168.25796785528576,19266500
2024-11-29,168.20819091796875,168.68607913599834,166.4260569265254,167.76016976407897,14257200
2024-12-02,170.73704528808594,171.32445113236562,167.82986793872016,168.02898676148365,23789100
2024-12-03,170.5876922607422,171.9218050645491,170.09985343093683,170.73704276945597,22248700
2024-12-04,173.60440063476562,174.14203820088363,170.3089360574109,170.39853725449947,31615100
2024-12-05,171.8820037841797,175.28698606114204,171.57336730521956,174.5900625293299,21356200
2024-12-06,173.9429168701172,174.3112874696141,171.10542413534188,171.2746759024565,21462400
2024-12-09,174.8001251220703,175.68723243233256,173.08571309629525,173.3947185178427,25389600
2024-12-10,184.56826782226562,185.75440321939527,180.46166108394456,182.2558148271153,54813000
2024-12-11,194.76502990722656,194.97435419169267,184.2493249317854,184.70782161706586,67894100
2024-12-12,191.33619689941406,194.5457189168856,191.08700932100274,194.36631116084678,34817500
2024-12-13,189.2031707763672,192.10370292043277,189.0237477931648,190.3892909926089,25143500
2024-12-16,196.02093505859375,198.3533273175459,191.99405497177682,192.2432425689094,44934900
2024-12-17,194.7849578857422,200.76546017959686,194.34638528405358,196.60901291047233,43504000
2024-12-18,187.7877655029297,196.35982485436523,187.12992181114345,194.58561039475242,34166100
2024-12-19,187.89739990234375,192.40271566857012,187.76783270124025,191.00727128528027,32265200
2024-12-20,190.7880096435547,192.2631960692161,184.61812184829927,185.17629967372764,63462900
2024-12-23,193.99754333496094,194.46601725929617,189.5320904055188,191.99406521325346,25675000
2024-12-24,195.47271728515625,195.47271728515625,193.15028707875092,194.20684004621347,10403300
2024-12-26,194.96438598632812,196.11064287242172,193.7483492712215,194.51583613513964,12046600
2024-12-27,192.1335906982422,194.68528435280825,190.0304468655215,194.31647638353087,18891400
2024-12-30,190.61856079101562,191.92430144195808,188.50543950298513,189.1832377151322,14264700
2024-12-31,188.6848602294922,191.33622003458325,187.89741886934635,190.45907478557154,17466900
2025-01-02,188.81443786621094,191.37609392383928,186.89071672249932,190.03047467975512,20370800
2025-01-03,191.166748046875,192.58214696582633,189.36263229859958,190.74811471378376,18596200
2025-01-06,196.23025512695312,197.57587431060844,193.22007973541784,193.34964695093382,29563600
2025-01-07,194.85475158691406,200.34684110917007,193.96764429186354,196.4694824542812,26487200
2025-01-08,193.3197479248047,195.6521403419425,191.7548576174653,191.944242637603,24864800
2025-01-10,191.4159393310547,195.88139205518456,189.69156540477465,193.66860495961419,26665200
2025-01-13,190.3892822265625,190.55872796393814,186.75114946876002,189.45234965681547,21823700
2025-01-14,189.04367065429688,191.35612350397113,187.69805162927054,190.6185379959385,17174900
2025-01-15,194.91453552246094,195.72190087885951,191.23652426846428,192.462522950062,21776000
2025-01-16,192.2831268310547,194.84476749712078,192.18344570554987,193.50912558690098,17815400
2025-01-17,195.36306762695312,196.58906629276984,193.1203793506233,195.89134409308565,27735100
2025-01-21,197.4064178466797,201.63262976778796,197.22699486763423,198.4231075033933,29971300
2025-01-22,197.72537231445312,199.82851627036754,196.88810562725033,198.41313252508547,26200600
2025-01-23,197.33665466308594,199.64912306411188,194.56568956099102,197.49613838919916,26951400
2025-01-24,199.5594024658203,200.24714745985025,197.35657740975262,197.45625853253006,23877500
2025-01-27,191.1866912841797,196.24022309921364,190.11019902992624,191.78474760627742,41728900
2025-01-28,194.6653594970703,194.84476727172617,190.06036222791346,192.1236428916819,24157900
2025-01-29,194.77499389648438,196.15049906796548,192.80141720875304,194.92450036864417,18218300
2025-01-30,200.21725463867188,200.74553115150178,197.0276562944523,197.35658576249432,24354700
2025-01-31,203.3570098876953,204.81225687597484,201.1442229024234,201.3435699298202,32001100
2025-02-03,200.57606506347656,203.08788015886492,199.44974753049775,200.03782657620917,27838300
2025-02-04,205.70936584472656,206.37718683120792,202.15095938406645,202.7290764789022,43856400
2025-02-05,190.708251953125,192.12363566704624,187.41897265861886,190.4491023297435,70373900
2025-02-06,190.97738647460938,191.4757616843978,188.1067403992826,188.88420450981621,29297400
2025-02-07,184.73770141601562,190.5587196584731,182.6445348609554,190.42915245859984,49315000
2025-02-10,185.86404418945312,187.58841808469597,185.2560258505473,186.74118938897723,23105600
2025-02-11,184.71778869628906,186.33251945346055,183.68115977846736,184.4287225674103,21239500
2025-02-12,183.01333618164062,184.50846173776452,181.23912173844323,182.62460414541655,22072600
2025-02-13,185.5351104736328,185.67465491496642,182.54485940859573,183.7210327362961,21402500
2025-02-14,184.62806701660156,185.79426312591357,183.7210357377169,184.45862127858567,20448400
2025-02-18,183.17283630371094,185.35572224471403,181.14943408652655,184.99689147072442,29916700
2025-02-19,184.66795349121094,184.85733850337527,182.99340488662492,183.47185603605197,19549400
2025-02-20,183.9602508544922,184.7078136523139,182.12623377404523,184.1994764251086,20441500
2025-02-21,179.07618713378906,184.73772231465065,178.49807005531437,184.54833729817733,35199200
2025-02-24,178.6675262451172,182.52494579417478,178.3086954585161,181.39862807698137,29854200
2025-02-25,174.84996032714844,178.15917908775072,174.12233676466118,177.4614416125168,41913400
2025-02-26,172.16868591308594,175.50780571224857,171.0224290795126,174.50109332110333,35431300
2025-02-27,167.9524383544922,173.99274319952536,167.3942605774098,173.4246033939964,39991000
2025-02-28,169.72665405273438,170.05558350433006,166.22806568264113,168.13184735576206,48130600
2025-03-03,166.46726989746094,172.80660270971413,165.3907776981119,171.37127977724876,40770500
2025-03-04,170.36456298828125,172.7268563813862,165.2612062132619,165.69977878784067,45388000
2025-03-05,172.457763671875,173.21528852342593,168.51062527668861,169.96588759666264,30954900
2025-03-06,171.78994750976562,174.24194511914502,169.9459530788933,169.97585437589512,28302000
2025-03-07,173.29501342773438,174.40140690524717,169.7166833840427,170.7034564793899,27385800
2025-03-10,165.52139282226562,168.10596109578225,163.34598174937858,167.906369246359,43604000
2025-03-11,163.6952362060547,166.39954739419704,161.03084947828359,164.56341811184632,39587400
2025-03-12,166.75880432128906,167.2876892617743,163.18632617734653,166.22991938080386,28372400
2025-03-13,162.4179229736328,165.7808506225565,161.76929516473905,165.6910282026151,31756200
2025-03-14,165.14219665527344,166.14009496437765,162.10857726863358,162.92686119092454,31995900
2025-03-17,163.94471740722656,165.95050288703504,163.326025286982,164.68316768669845,31184300
2025-03-18,160.33233642578125,163.9048145767925,156.39064073396676,163.336005171718,42074800
2025-03-19,163.54556274414062,165.52139724714462,160.66163707283374,161.42003435006743,34275600
2025-03-20,162.45785522460938,164.5434591319573,160.62172590598882,161.23044451155243,28138500
2025-03-21,163.64535522460938,163.89482981108262,160.55186426165298,160.87119904116452,36625800
2025-03-24,167.3275909423828,167.96626051519195,164.79293578885944,166.71888755590038,30879100
2025-03-25,170.20155334472656,170.27141354347242,167.96627061240434,168.62487200219408,24174400
2025-03-26,164.71310424804688,169.25354492463828,164.49356538620054,168.64482630346816,28901600
2025-03-27,161.89903259277344,165.0723420135672,161.6595315089187,164.2840090226325,24508300
2025-03-28,154.00564575195312,161.47990946590778,153.3071199905367,160.15270290585678,48669300
2025-03-31,154.31500244140625,155.2131048785596,150.34337121509955,152.78821916221315,54603500
2025-04-01,156.7399139404297,157.76774810671006,153.29715217046743,153.29715217046743,30672900
2025-04-02,156.70994567871094,158.07707673307476,154.37486726125917,154.8239184605045,25041700
2025-04-03,150.40322875976562,152.4588967636163,150.07392050283045,150.7924084767401,46883400
2025-04-04,145.29400634765625,150.75251155896433,145.0744674917677,147.6989298070746,62259500
2025-04-07,146.44158935546875,152.5287756510523,140.2346601251265,141.25252075073843,76794100
2025-04-08,144.39588928222656,151.92005142460044,142.72940085243894,150.9021908364876,52200200
2025-04-09,158.37646484375,159.21469586163823,143.60756519119073,144.11648790346825,70406200
2025-04-10,152.4988250732422,157.38852063839548,149.6148843769422,156.21099272991097,48022000
2025-04-11,156.8097381591797,157.3386230397259,152.49882542365125,152.57864388809023,33636200
2025-04-14,158.73568725585938,161.3801116162915,157.22885110276232,159.66372535063462,30333000
2025-04-15,155.9814910888672,159.3144679755199,154.8838120227522,158.79557178865275,27551500
2025-04-16,153.0077667236328,155.56238424519245,151.1915842885331,152.7782543502781,28187400
2025-04-17,150.84231567382812,154.3549068428226,148.1879024535801,153.96572710201332,33046600
2025-04-21,147.35964965820312,148.63695834662283,145.7929571438361,148.5671133790027,26049100
2025-04-22,151.15167236328125,151.8701604317821,148.22782212376958,148.57709265560683,26971800
2025-04-23,155.0235137939453,157.19892487451833,153.48674181759014,155.28296188170384,31128800
2025-04-24,158.94525146484375,159.25459752387056,155.4625806651454,155.82182468811348,45894000
2025-04-25,161.61961364746094,165.75091195641818,160.70153382171975,164.72307793649614,56034000
2025-04-28,160.27244567871094,162.80710064682614,158.26667558851017,162.0886126566934,29745800
2025-04-29,159.8234100341797,160.4021929284458,157.1889588897359,159.98307743122987,26809000
2025-04-30,158.4662628173828,158.93527626532435,155.07339925298186,157.6479788523033,34981100
2025-05-01,160.9610137939453,161.60964165853642,158.5760372443709,160.11279406942978,30203200
2025-05-02,163.68527221679688,164.62329914267073,161.5298080330937,163.0665800855699,25715000
2025-05-05,163.86488342285156,165.04239608560687,162.3780095025418,162.6574198030844,21341800
2025-05-06,162.88694763183594,164.45365539079762,160.8512416447926,161.82917778967573,21277200
2025-05-07,151.06185913085938,164.6532299684301,147.52929039730043,163.73516530126716,127490100
2025-05-08,153.95574951171875,155.60227562678833,152.57864497617126,154.6742375105505,57498700
2025-05-09,152.42898559570312,154.7241550362692,151.880138412371,153.84599954293776,32435300
2025-05-12,158.12698364257812,158.7656379952877,155.92162152792991,157.15902099799507,44138800
2025-05-13,159.19473266601562,160.23255554287942,155.83181988552568,158.45628235850566,42382100
2025-05-14,165.02244567871094,166.64902486582008,159.27455664998826,159.6238271640479,48755900
2025-05-15,163.61541748046875,165.8606887311189,162.02874755770196,165.49145599350894,33146700
2025-05-16,165.84072875976562,168.99409119137468,165.27191939302787,167.3774855147182,42846900
2025-05-19,166.1899871826172,166.2897831099107,163.87487089127026,164.16425471766837,30426100
2025-05-20,163.63536071777344,168.1458653454169,162.55762871505934,166.08020853353494,46607700
2025-05-21,168.20574951171875,172.77612594690945,163.21625758160502,163.34598924433868,73416000
2025-05-22,170.51087951660156,176.3984886871392,170.3512273591593,171.48883082455436,74864400
2025-05-23,168.11593627929688,169.60281030274047,167.5371534089642,168.70469265151235,35211400
2025-05-27,172.53662109375,172.80605791558804,169.6427219280191,169.80238932071725,37995700
2025-05-28,171.9977569580078,174.90164475593082,171.5487057543554,172.79607866823434,34784000
2025-05-29,171.49880981445312,174.0534271359213,170.27139911620654,173.63431165912297,29317300
2025-05-30,171.37905883789062,171.84807225515158,167.08809311971586,170.98987911151661,52639900
2025-06-02,168.6747589111328,169.5129898808019,167.03820620651766,167.4872574240746,38612300
2025-06-03,165.8307342529297,168.12590341689224,164.93263186241904,167.1379938326745,45084900
2025-06-04,167.6968231201172,167.86646401479533,166.01037244863588,166.38957869951685,26900800
2025-06-05,167.8564910888672,170.57076063975376,167.23778374687686,169.98200425737,36379100
2025-06-06,173.3149871826172,174.13327118123485,170.47098587242346,170.47098587242346,35731800
2025-06-09,175.93264770507812,176.31231302715454,174.21418342483807,174.38402968862113,28935900
2025-06-10,178.44041442871094,180.94816607880887,174.7537092641778,176.04254985052344,61766100
2025-06-11,177.1915283203125,180.20881870896204,176.59205837486806,179.60936400867158,31646800
2025-06-12,175.54299926757812,176.56209210971562,174.59385119423692,176.02256609234394,20941900
2025-06-13,174.513916015625,176.9717245091389,172.2359546046385,172.28591297451578,27663100
2025-06-16,176.61204528808594,176.78189154925582,174.49392932110277,174.57385966373928,27389200
2025-06-17,175.7927703857422,177.20151408744945,174.4239994778565,175.5429937823964,24973000
2025-06-18,173.16513061523438,176.4022256326498,173.04522747911062,175.85271405711507,28707500
2025-06-20,166.4910888671875,174.18420505107113,165.312150640077,173.79455416726213,75659900
2025-06-23,165.04238891601562,167.19046158134836,161.85523705575486,166.1214256591391,57671000
2025-06-24,166.62098693847656,168.06968824197463,165.98155942026995,166.77084680791774,40524300
2025-06-25,170.52748107910156,172.2059878377665,167.40028826627824,167.48021861146748,35479000
2025-06-26,173.38491821289062,173.53479332021178,169.78814431449064,172.275909497391,31796700
2025-06-27,178.37046813964844,178.52032800475203,171.57654142712704,173.3849216100962,108140200
2025-06-30,176.07252502441406,181.0680572633364,174.4240054836315,180.6184624108643,63378900
2025-07-01,175.682861328125,175.9326379218849,173.37492804100808,175.5829598377131,35904500
2025-07-02,178.48036193847656,178.70016656024188,174.91356011283625,175.38312608280393,29128900
2025-07-03,179.36956787109375,179.50944215502514,176.89178830781478,178.34048951535135,21689700
2025-07-07,176.63201904296875,179.13978593904164,175.52301029591823,178.89999490759814,34175600
2025-07-08,174.20419311523438,177.7909814447806,172.6555751408571,177.691079951528,40442500
2025-07-09,176.46217346191406,179.27966092294577,172.61562283881983,175.09340252603724,43025600
2025-07-10,177.46127319335938,178.27054693495992,174.22417822695712,175.47306122205768,29252400
2025-07-11,180.02899169921875,181.26787392679407,176.32230010231936,176.6320206592132,34282900
2025-07-14,181.3977508544922,183.5058659137902,179.5194259926096,180.84823929966979,32536600
2025-07-15,181.83737182617188,184.05538933948807,181.4377353487915,182.6466456022175,33448300
2025-07-16,182.80650329589844,184.1652886399438,181.86734081977315,183.07626629854497,33104200
2025-07-17,183.41595458984375,183.89552139280437,180.31871865434178,181.9772389358081,31992600
2025-07-18,184.89462280273438,186.25340807875182,183.54583834733725,185.2343153104504,34014500
2025-07-21,189.9301300048828,190.11994741222205,185.98364758555138,186.08356432217508,45803100
2025-07-22,191.1690216064453,191.47874216205827,187.29249900550474,191.328882294876,44660200
2025-07-23,190.0600128173828,192.35796066638142,189.01094801184496,191.32888225818212,58681900
2025-07-24,191.99827575683594,197.7731095502254,190.8293230940032,196.85393348830104,74881700
2025-07-25,193.0073699951172,194.1563515198352,191.08908750710862,191.80844534575607,39785900
2025-07-28,192.4079132080078,193.87660084223495,190.6694625759226,193.47694913334269,38139500
2025-07-29,195.5750732421875,195.7449194968108,191.90835466905762,192.2580327538162,41389200
2025-07-30,196.35438537597656,197.42343657324804,194.51603320447785,195.42522371418744,32445400
2025-07-31,191.728515625,195.8148724632573,190.91924186518514,195.53512388567077,51329200
2025-08-01,188.96099853515625,190.65947636814528,187.65217158882444,188.86108179697592,34832200
2025-08-04,194.86570739746094,195.0955128481526,189.95010569222902,190.11995195242244,31547400
2025-08-05,194.4960479736328,197.68319994217242,193.71674617353807,194.5360207683401,31602300
2025-08-06,195.91476440429688,196.45429038129967,193.49692881868756,194.32618893507828,21562900
2025-08-07,196.34439086914062,197.36346840439734,194.15634544876863,196.88390160867925,26321800
2025-08-08,201.24000549316406,202.42894452614235,196.99380337261508,197.04376174071106,39161800
2025-08-11,200.8203887939453,201.29995560301907,198.8921207366326,200.76044484845534,25832400
2025-08-12,203.15829467773438,204.31726177746063,200.41075203769518,201.19005382143942,30397900
2025-08-13,201.779541015625,204.3472366094903,197.33350521250262,203.94760013613634,28342900
2025-08-14,202.75865173339844,204.2573113073674,201.05017311120625,201.31993610316366,25230400
2025-08-15,203.71778869628906,206.25552748751167,201.10013480886678,203.66784557245273,34931400
2025-08-18,203.3181610107422,205.08658368227987,202.30906899226142,204.01753247133055,18526600
2025-08-19,201.389892578125,203.2582167438639,199.7813305987235,202.84857944432244,24240200
2025-08-20,199.1418914794922,201.10013145192505,196.4243208994537,200.55061989251405,28955500
2025-08-21,199.57150268554688,202.29905887913935,199.25178132101763,199.57150268554688,19774600
2025-08-22,205.9058380126953,208.353645687597,201.12012497867053,202.54883983863883,42827000
2025-08-25,208.30369567871094,210.3318804204715,205.0965574752735,206.2455237198617,29928900
2025-08-26,206.95489501953125,207.66426725745978,205.5161793925774,207.32455950181813,28464100
2025-08-27,207.29458618164062,208.72331622375268,205.46621968804243,205.51617805576655,23022900
2025-08-28,211.4508819580078,212.0303655105851,206.71511204255788,207.0648053873533,32339300
2025-08-29,212.71974182128906,214.45817715575657,210.01215683893824,210.3218773757616,39728400
2025-09-02,211.16114807128906,211.4908397743193,206.01574085860813,208.25374472878948,47523000
2025-09-03,230.45388793945312,231.1033010071871,224.5891229524102,226.00786746880672,103336100
2025-09-04,232.09242248535156,232.16235200669,225.90795135774627,229.4447813472723,51684200
2025-09-05,234.79000854492188,235.54932393536487,231.69277254690593,231.9925075217388,46588900
2025-09-08,234.0399932861328,238.1300048828125,233.6699981689453,235.47000122070312,32474700
2025-09-09,239.6300048828125,240.47000122070312,233.22999572753906,234.1699981689453,38061000
2025-09-10,239.1699981689453,241.66000366210938,237.85000610351562,238.89999389648438,35141100
2025-09-11,240.3699951171875,242.25,236.25,239.8800048828125,30599300
2025-09-12,240.8000030517578,242.0800018310547,238.0,240.3699951171875,26771600
2025-09-15,251.61000061035156,252.41000366210938,244.66000366210938,244.66000366210938,58383800
2025-09-16,251.16000366210938,253.0399932861328,249.47000122070312,252.0800018310547,34109700
2025-09-17,249.52999877929688,251.60000610351562,246.27999877929688,251.22000122070312,34108000
2025-09-18,252.02999877929688,253.99000549316406,249.8000030517578,251.67999267578125,31239500
2025-09-19,254.72000122070312,256.0,251.80999755859375,253.25,55571400
2025-09-22,252.52999877929688,255.77999877929688,250.3000030517578,254.42999267578125,32290500
2025-09-23,251.66000366210938,254.36000061035156,250.47999572753906,253.0399932861328,26628000
2025-09-24,247.13999938964844,252.35000610351562,246.44000244140625,251.66000366210938,28201000
2025-09-25,245.7899932861328,246.49000549316406,240.74000549316406,244.39999389648438,31020400
2025-09-26,246.5399932861328,249.4199981689453,245.97000122070312,247.07000732421875,18503200
2025-09-29,244.0500030517578,251.14999389648438,242.77000427246094,247.85000610351562,32505800
2025-09-30,243.10000610351562,243.2899932861328,239.25,242.80999755859375,34724300
2025-10-01,244.89999389648438,246.3000030517578,238.61000061035156,240.75,31658200
2025-10-02,245.69000244140625,246.80999755859375,242.3000030517578,245.14999389648438,25483300
2025-10-03,245.35000610351562,246.3000030517578,241.66000366210938,244.49000549316406,30249600
2025-10-06,250.42999267578125,251.32000732421875,244.5800018310547,244.77999877929688,28894700
2025-10-07,245.75999450683594,250.44000244140625,245.52000427246094,248.27000427246094,23181300
2025-10-08,244.6199951171875,246.00999450683594,243.82000732421875,244.9600067138672,21307100
2025-10-09,241.52999877929688,244.75999450683594,239.14999389648438,244.47000122070312,27892100
2025-10-10,236.57000732421875,244.08999633789062,235.83999633789062,241.42999267578125,33180300
2025-10-13,244.14999389648438,244.5,239.7100067138672,240.2100067138672,24995000
2025-10-14,245.4499969482422,247.1199951171875,240.50999450683594,241.22999572753906,22111600
2025-10-15,251.02999877929688,252.11000061035156,245.99000549316406,247.25,27007700
2025-10-16,251.4600067138672,256.9599914550781,250.10000610351562,251.77000427246094,27997200
2025-10-17,253.3000030517578,254.22000122070312,247.80999755859375,250.75999450683594,29671600
2025-10-20,256.54998779296875,257.3299865722656,254.22999572753906,254.69000244140625,22350200
2025-10-21,250.4600067138672,254.8800048828125,244.14999389648438,254.74000549316406,47312100
2025-10-22,251.69000244140625,256.3599853515625,249.2899932861328,254.3699951171875,35029400
2025-10-23,253.0800018310547,255.0399932861328,251.85000610351562,252.97999572753906,19901400
2025-10-24,259.9200134277344,261.67999267578125,255.32000732421875,256.5799865722656,28655100
2025-10-27,269.2699890136719,270.1400146484375,264.2799987792969,264.82000732421875,35235200
2025-10-28,267.4700012207031,270.7300109863281,266.5,269.69000244140625,29738600
2025-10-29,274.57000732421875,275.3399963378906,267.6700134277344,267.75,43580300
2025-10-30,281.4800109863281,291.5899963378906,280.05999755859375,291.5899963378906,74876000
2025-10-31,281.19000244140625,286.0,277.0299987792969,283.2099914550781,39267900
2025-11-03,283.7200012207031,285.5299987792969,279.79998779296875,282.17999267578125,29786000
2025-11-04,277.5400085449219,281.2699890136719,276.260009765625,276.75,30078400
2025-11-05,284.30999755859375,286.4200134277344,277.3399963378906,278.8699951171875,31010300
2025-11-06,284.75,288.3500061035156,281.1400146484375,285.3299865722656,37173600
2025-11-07,278.8299865722656,283.7799987792969,275.19000244140625,283.2099914550781,34479600
2025-11-10,290.1000061035156,290.79998779296875,282.8599853515625,284.4200134277344,29557300
2025-11-11,291.30999755859375,291.9200134277344,287.32000732421875,287.75,19842100
2025-11-12,286.7099914550781,292.010009765625,283.69000244140625,291.67999267578125,24829900
2025-11-13,278.57000732421875,282.8399963378906,277.239990234375,282.3399963378906,29494000
2025-11-14,276.4100036621094,278.55999755859375,270.70001220703125,271.4100036621094,31647200
2025-11-17,285.0199890136719,293.95001220703125,283.57000732421875,285.7799987792969,52670200
2025-11-18,284.2799987792969,288.79998779296875,278.20001220703125,287.9200134277344,49158700
2025-11-19,292.80999755859375,303.80999755859375,286.6300048828125,287.1600036621094,68198900
2025-11-20,289.45001220703125,306.4200134277344,288.6700134277344,304.5400085449219,62025200
2025-11-21,299.6600036621094,303.9200134277344,293.8500061035156,296.4200134277344,74137700
2025-11-24,318.5799865722656,319.4800109863281,309.6000061035156,311.1300048828125,85165100
2025-11-25,323.44000244140625,328.8299865722656,317.6499938964844,326.2099914550781,88632100
2025-11-26,319.95001220703125,324.5,316.7900085449219,320.67999267578125,51373400
2025-11-28,320.17999267578125,326.8500061035156,316.7900085449219,323.3699951171875,26018600
2025-12-01,314.8900146484375,319.8500061035156,313.8900146484375,317.70001220703125,41183000
2025-12-02,315.80999755859375,318.3800048828125,313.9100036621094,316.739990234375,35854700
2025-12-03,319.6300048828125,321.5799865722656,314.1000061035156,315.8900146484375,41838300
2025-12-04,317.6199951171875,322.3599853515625,314.70001220703125,322.2300109863281,31240900
2025-12-05,321.2699890136719,323.1600036621094,319.1700134277344,319.489990234375,28823600
