Date,Close,High,Low,Open,Volume
2015-01-02,31.979944229125977,32.34436247922469,31.55883546914661,31.720797762864827,11560200
2015-01-05,31.3482666015625,31.550722474353627,30.951454820861507,31.52642875817276,19738700
2015-01-06,31.040542602539062,31.364470215419903,30.829986719395997,31.089130045393517,20456300
2015-01-07,31.874652862548828,31.90704654336302,31.218694727602845,31.37256316685455,17556300
2015-01-08,32.56299591064453,32.7168643230642,31.66409150480861,32.19857478811228,20043600
2015-01-09,32.23098373413086,32.77356723791422,32.09331518329817,32.749270425413116,17266100
2015-01-12,31.210607528686523,31.566928860423765,31.000051627344032,31.42116034079662,25755800
2015-01-13,31.008142471313477,31.94753760516604,30.975748789986824,31.29967942479039,22228300
2015-01-14,31.048625946044922,31.12151016778898,30.254999469960072,30.789482733006228,27990500
2015-01-15,30.23070526123047,31.688386582873193,30.182114751124445,31.45353708454017,19531200
2015-01-16,31.688390731811523,31.85035603080688,30.530343014456772,30.55463672807518,21782700
2015-01-20,32.25526809692383,32.392936594620004,30.87046770968814,32.06900599298134,25096100
2015-01-21,32.95170974731445,33.10557815507572,32.125689590992934,32.579191761884395,17611200
2015-01-22,33.05699157714844,33.33233166201748,32.708767261307266,33.12177893322641,17995500
2015-01-23,33.19466018676758,34.05307095318643,32.88692645146206,33.25134757363558,17692900
2015-01-26,33.575279235839844,33.59957603982917,32.8383400256102,33.28374230181822,15739700
2015-01-27,33.607669830322266,33.8668130613935,33.15416763133211,33.35662347368345,14271600
2015-01-28,31.963729858398438,33.51858926814675,31.87464879215079,33.49429555525413,20655200
2015-01-29,32.04472732543945,32.2876738461265,31.032447581549572,32.2876738461265,14800100
2015-01-30,32.38484573364258,32.9922134075807,31.591215921172836,31.777478059704457,19495900
2015-02-02,33.61576843261719,33.63196527154554,32.61968600775733,33.13797249653991,18129400
2015-02-03,35.081546783447266,35.405477354602084,34.41749189288767,34.44988556784932,24134000
2015-02-04,34.32841491699219,34.91958565386232,34.04497795042131,34.51467393634322,18881800
2015-02-05,35.10585021972656,35.3973871966784,34.72523524580098,34.79811949003894,15218300
2015-02-06,35.11394119262695,35.907567710396705,34.92768219154914,35.71320874579367,18303200
2015-02-09,35.23542022705078,35.91567211188188,35.154439110212245,35.364991867531394,15968700
2015-02-10,34.498470306396484,35.178721981499855,34.05306812264287,35.178721981499855,21869900
2015-02-11,34.13406753540039,34.27173607085966,33.69676203000269,34.02878959760494,15847500
2015-02-12,34.63615417480469,35.105850235142,34.417501441994794,34.53897621218864,12946600
2015-02-13,35.78609848022461,35.794198444996724,35.073456041849234,35.219224515433154,17612700
2015-02-17,36.336769104003906,36.377259649484046,35.275902601963395,35.948054306779454,15546700
2015-02-18,35.94805908203125,36.29628338003282,35.64032533488849,35.9156654056518,12494400
2015-02-19,35.82658004760742,36.150507476965636,34.887185250776966,34.95196950095646,12861700
2015-02-20,35.11394119262695,35.907567710396705,35.04915384134896,35.71320874579367,17450600
2015-02-23,35.00056457519531,35.30019833601026,34.51466873387376,34.79000878385341,12880300
2015-02-24,34.919586181640625,35.55934744640572,33.89111003288987,35.44597265806381,19324300
2015-02-25,35.37309646606445,35.39739018645179,34.66045080546011,34.86290671330652,11817100
2015-02-26,34.5794563293457,35.073449048072625,34.44178475875471,35.02485853682331,15498900
2015-02-27,34.773799896240234,35.008649317031825,34.59564092980326,34.789996727594456,12293300
2015-03-02,34.96086120605469,35.009653163179664,34.12322974933059,34.77381502962456,13017300
2015-03-03,35.058448791503906,35.22922684868351,34.643698535798734,35.00965373135172,10721900
2015-03-04,35.02593231201172,35.13165343215467,34.513594839881414,35.03406637630395,11926900
2015-03-05,34.920188903808594,34.985248967675076,34.57049881611274,34.60302884804598,7833800
2015-03-06,34.46479034423828,34.90393348717244,34.23708316031583,34.68436346682308,12939000
2015-03-09,34.188289642333984,34.77381484029291,34.00124656915756,34.245215660160056,13436300
2015-03-10,33.594635009765625,34.27775041998643,33.513309900075214,33.58650094767872,15280100
2015-03-11,33.594635009765625,34.01751627344858,33.33440086322777,33.38319282680629,12911300
2015-03-12,33.33439636230469,33.88739152235355,33.26933628333699,33.88739152235355,11146400
2015-03-13,32.67567825317383,33.00910341484967,32.43170915232927,32.92778141531329,17913600
2015-03-16,32.95218276977539,32.9847128157903,31.93564209857885,32.21214128523375,15397200
2015-03-17,32.75700378417969,32.93591592513041,32.42357858655792,32.773268806287554,13337800
2015-03-18,33.82234573364258,33.895536795574294,32.44798368429847,32.57810078303971,16118000
2015-03-19,33.78981018066406,33.80607520313747,33.13922479290692,33.31813693787857,11622200
2015-03-20,34.82260513305664,34.98525220554115,34.20454998029737,34.359062992928465,21641900
2015-03-23,34.48106384277344,35.35935344682828,34.48106384277344,34.82262004928471,10688500
2015-03-24,34.58677291870117,34.87953707854602,34.383464819057295,34.61117200017851,8374500
2015-03-25,35.34307861328125,36.001797960178756,34.81447942578257,34.86327138332179,17250300
2015-03-26,35.1153678894043,36.13190817545181,35.074706898409346,35.806614043022705,17432500
2015-03-27,35.18042755126953,35.23735666570802,34.70875443554993,34.90392844818046,11093300
2015-03-30,35.635833740234375,35.855406800244914,35.35120371923992,35.35120371923992,8715000
2015-03-31,35.68464660644531,35.91235073694282,35.20483925844262,35.35122137154419,8360500
2015-04-01,35.635833740234375,36.091244876060074,35.44065975504805,36.01805385605656,14229000
2015-04-02,35.749691009521484,36.042455132618414,35.36747393968717,35.53825197741538,11130400
2015-04-06,37.31111526489258,37.701466568958296,35.8960890731975,35.944884149544365,23794200
2015-04-07,36.20511245727539,37.514417321487166,35.92861327413603,37.23791813834781,22218300
2015-04-08,35.96113586425781,36.595456110796334,35.79848877220722,36.31082602638424,14295800
2015-04-09,37.44121551513672,37.628258570262915,36.13191102701833,36.18070608140408,17869300
2015-04-10,37.62013244628906,37.83157462433072,37.18098927311728,37.400562410821,10175700
2015-04-13,36.95326614379883,37.88848431580377,36.839414144194954,37.7746323161999,11811100
2015-04-14,37.57133102416992,37.6607870691078,37.1159198418657,37.15658083440976,12838700
2015-04-15,39.246585845947266,39.47429297865506,37.611990437329844,38.01860655016584,24186300
2015-04-16,38.89691162109375,39.63695306547889,38.604147427317514,39.010763673732114,15509100
2015-04-17,38.132476806640625,38.758666292223296,37.71772953813066,38.64481422252395,20213300
2015-04-20,38.913169860839844,39.791462359105616,37.994219464460684,38.11620246550728,26332400
2015-04-21,38.2625846862793,38.94570004219975,37.90476353879163,38.80745202006889,17264400
2015-04-22,38.311378479003906,38.669199614637385,38.02674528049591,38.5065525158093,14017300
2015-04-23,39.17340087890625,39.555621076789684,38.30324251106394,38.30324251106394,12865500
2015-04-24,39.03514862060547,39.49869076229637,38.52281142633426,38.9538266352065,16282100
2015-04-27,39.38484573364258,39.742666876049135,39.173403570493136,39.205933611321576,12488200
2015-04-28,39.51496887207031,39.78333399459057,39.19780868080278,39.24660064731414,9322400
2015-04-29,40.01915740966797,40.32005556924847,39.238455211143226,39.4336323118918,13575000
2015-04-30,39.80773162841797,40.417656005455314,39.65321546747093,40.100495825753626,11404100
2015-05-01,39.937835693359375,40.0923487017316,39.376703463866164,39.758923608334314,11002100
2015-05-04,40.01104736328125,40.37700267954713,39.734548135684406,40.08423842653443,10524500
2015-05-05,39.06768798828125,40.82426997173739,39.02702698586853,40.433918764551095,18671000
2015-05-06,38.76680374145508,39.79960970723663,38.482173519570566,39.612566546821554,13224500
2015-05-07,37.693328857421875,38.39270937286384,37.47375879070042,38.360179325113954,18428200
2015-05-08,39.12460708618164,39.19779811846236,37.628259505736466,38.22191872213114,14706800
2015-05-11,38.376441955566406,39.03516142135673,38.16500286285119,39.01889639849619,13486800
2015-05-12,38.62041473388672,38.78305876028453,37.95356119626467,38.449633542591485,8944200
2015-05-13,38.4577751159668,38.9538475591754,38.38458404889935,38.72614029372305,10709600
2015-05-14,37.766510009765625,38.66919843356714,37.644527016046816,38.64480245527043,14052700
2015-05-15,37.97795486450195,38.13246790843315,37.22977942040736,37.6607947151384,10842600
2015-05-18,37.994232177734375,38.05115821771794,37.50629070357117,37.89664202155983,7494400
2015-05-19,36.652381896972656,37.65265731877002,36.61172089977476,37.47374831065223,15193600
2015-05-20,36.571083068847656,36.96143447324238,36.367774851835584,36.823183272510825,13448000
2015-05-21,37.538814544677734,37.7014616758215,36.831303091773755,36.863833138449706,15714700
2015-05-22,37.33549499511719,37.71771517114818,37.034599910919944,37.11592190051864,7738600
2015-05-26,36.9614143371582,37.33550050812635,36.7906362724426,36.815032252477536,9214900
2015-05-27,37.09965896606445,37.33549709227693,36.44094274750334,36.88008585913234,11044200
2015-05-28,36.88009262084961,37.075269785763204,36.52227143778311,37.00207873670008,7455400
2015-05-29,36.92075729370117,37.38429957746283,36.88822724867752,36.97768332137465,9436300
2015-06-01,36.93708038330078,37.18202060264451,36.77378586554367,37.026889409212515,7539300
2015-06-02,37.492271423339844,37.8841794560026,36.91257892667564,37.03505057620568,9798400
2015-06-03,37.24733352661133,38.03114652549556,37.20651067912177,37.43512111673021,7431200
2015-06-04,36.50434494018555,37.116696970285396,36.47985185564827,36.871756781162155,12418600
2015-06-05,37.3371467590332,37.663735777731624,36.22674783295905,36.38187901840346,12119200
2015-06-08,37.084049224853516,37.67190835710608,36.928921115879966,37.27183998122212,8923300
2015-06-09,36.96974563598633,37.622923863213266,36.953415868847195,37.39431023784999,8178300
2015-06-10,37.75355911254883,38.120967974340445,37.37798069526164,37.43513332329965,11791200
2015-06-11,37.24733352661133,38.04747317282449,37.20651067912177,38.03930984916003,6935900
2015-06-12,37.13302993774414,37.38613658662321,36.93707901535962,37.09220708846268,5403000
2015-06-15,37.190189361572266,37.46778914794985,36.46353192167974,36.74929503357534,9627800
2015-06-16,37.084049224853516,37.377978790979796,36.99424018150113,37.1167087576641,8342900
2015-06-17,37.32081985473633,37.86785603576165,37.08404295377636,37.45145484930322,8951400
2015-06-18,36.39820098876953,37.71271387689324,36.202246996583035,37.57391559813938,17903000
2015-06-19,35.80220031738281,36.45537866425218,35.56542643695711,36.15328258872029,17319800
2015-06-22,36.01447677612305,36.096122495326156,35.47560693146269,35.85934554921877,10744600
2015-06-23,36.32472229003906,36.381874894645684,35.78585265047426,35.80217929643327,10622300
2015-06-24,36.12877655029297,36.47169225644794,36.01447131490798,36.05529416831918,9833800
2015-06-25,35.51641845703125,36.1124407378475,35.51641845703125,36.055288129727,8706000
2015-06-26,35.20616149902344,35.532750521954405,34.912232001302314,35.51642075934948,28337200
2015-06-29,34.8550910949707,35.25516262668922,34.667303433824394,34.7489522742694,11070900
2015-06-30,35.16534423828125,35.29597924529741,34.90407422424894,35.16534423828125,10645200
2015-07-01,33.93246841430664,35.32863030085681,33.63853894038376,35.29597077829127,16565000
2015-07-02,34.218238830566406,34.438685983555125,33.74468810956351,34.0141214423825,10453700
2015-07-06,33.24663162231445,34.07943070034148,33.164982821772625,33.33644374561883,13463900
2015-07-07,34.193748474121094,34.340713254528694,32.85473879892687,33.1731614516152,18273600
2015-07-08,33.42626953125,34.27539879557011,33.23848186762658,33.79368153163705,15205100
2015-07-09,33.728363037109375,34.14476119651757,33.68753706212547,33.916150686613825,10740400
2015-07-10,33.74468231201172,34.103927732244436,33.614044216017675,33.940633226835516,10430800
2015-07-13,34.185577392578125,34.23456668425778,33.50790932122153,33.810002166786084,11084900
2015-07-14,34.74894332885742,35.09185902669533,34.063108818597605,34.120261434903924,10114500
2015-07-15,33.53239440917969,34.5529810496212,33.52423108647279,34.544817726914296,14552100
2015-07-16,32.83024978637695,33.899826341583804,32.78942691944832,33.81001416558974,15030800
2015-07-17,32.6506233215332,33.00170241257898,32.2913746750735,32.6506233215332,14966800
2015-07-20,33.24663162231445,33.965122379582915,33.018018095380604,33.018018095380604,19223300
2015-07-21,34.17741394042969,34.77343630468081,33.26296896790862,33.29562538098924,22068200
2015-07-22,33.91614532470703,35.018377954155746,32.10358195535357,34.169248887919515,47543000
2015-07-23,34.561153411865234,35.08369336301904,34.03861034612764,34.44684507228953,16688700
2015-07-24,34.0631103515625,34.78976774694565,33.671205344431726,34.63463654034646,11780200
2015-07-27,33.458919525146484,33.74468571709387,32.854733843125516,33.40993023420535,12239400
2015-07-28,34.226409912109375,34.29172898613132,32.86290694504251,33.728365988324,16038500
2015-07-29,35.344966888427734,35.42661259602659,33.88348567448587,33.88348567448587,16896100
2015-07-30,34.52849197387695,35.68787703696278,34.43051340252442,35.33679494274189,10686100
2015-07-31,34.12025451660156,34.61830131307206,34.038605713730696,34.34886493547325,8715400
2015-08-03,32.756752014160156,33.75284569580242,32.58529418473822,33.72018617174577,19219500
2015-08-04,32.33219528198242,33.31195943604524,32.14440764559624,32.944547488948636,14913000
2015-08-05,33.15681838989258,33.458911155333965,32.54446642193716,32.69143114341311,14681700
2015-08-06,33.352787017822266,33.47525872239667,32.4954944295559,33.124176491507185,11875600
2015-08-07,32.46282196044922,33.54056443343008,32.31586033392558,33.13232973359525,7808000
2015-08-10,33.9814567565918,34.046775805899856,32.51181240758121,32.54447193223523,10614100
2015-08-11,34.250892639160156,34.29171548706135,33.01802207629182,33.12416397250186,12541500
2015-08-12,34.87140655517578,35.12451318482738,33.320116598239075,34.152915741568336,17473600
2015-08-13,34.09577178955078,34.65097141009634,33.95697344170669,34.56932568955094,11117600
2015-08-14,34.28356170654297,34.81426510615334,34.03861832178563,34.054948088408416,9011700
2015-08-17,33.712032318115234,34.18558309162784,33.38544321497346,33.98963212141039,9184900
2015-08-18,33.48340606689453,34.07126498491853,33.3201146915175,33.58138462962076,9655800
2015-08-19,32.08724594116211,33.352772854487704,31.866798835292464,32.96086792669172,15540700
2015-08-20,30.780902862548828,32.405675533683215,30.74824333283151,31.94845457597747,17242900
2015-08-21,29.139793395996094,30.838051338064727,28.85403033583251,30.397157089883397,28078600
2015-08-24,27.400718688964844,29.147962993817,25.253402941938226,26.94349462856319,24757800
2015-08-25,27.32723617553711,28.81321047150166,27.32723617553711,28.81321047150166,14726600
2015-08-26,28.111047744750977,28.772389222417903,27.457872707009468,27.90693035079524,19270000
2015-08-27,31.058500289916992,31.156475757084014,28.960173940134936,29.131631786323208,21762400
2015-08-28,31.5075626373291,31.964786743993784,30.666599928680537,30.674763254431507,14974800
2015-08-31,32.27863311767578,32.64776679220819,30.646246499114167,30.990769175891327,14148100
2015-09-01,31.130224227905273,31.77005390929797,30.802104677397256,31.253266712460825,15096900
2015-09-02,31.310680389404297,31.87668633509902,30.58061783313415,31.786453321774975,11072100
2015-09-03,31.23686408996582,32.098174013430175,30.810309918620238,31.548574226226826,15369000
2015-09-04,30.227901458740234,30.998981576688085,30.154074705515026,30.6708619780915,10000500
2015-09-08,31.130224227905273,31.204050970310583,30.26070960948499,30.59703074062473,14942700
2015-09-09,30.473997116088867,32.00794973295884,30.391965640022033,31.441946629411532,11131200
2015-09-10,30.826717376708984,31.081007069647278,29.727520889857338,30.46578522542091,12533500
2015-09-11,30.51500701904297,30.826720326111836,29.965407158443114,30.826720326111836,12276700
2015-09-14,30.25251579284668,30.64625747699804,30.03103550879015,30.44938507033199,8653000
2015-09-15,30.359146118164062,30.597032650673672,30.031029676353008,30.449379156645648,11837700
2015-09-16,31.704437255859375,32.07356790133477,30.47399342646013,30.695470562073176,12643300
2015-09-17,31.745452880859375,32.4180952881249,31.27788445456945,31.647018246161657,12144700
2015-09-18,30.66265106201172,31.204046044459716,30.47398344546554,31.097406738001634,14347600
2015-09-21,30.720069885253906,31.17943340421532,30.506791283582434,30.96615793172313,11498500
2015-09-22,30.728275299072266,31.1876420045423,30.014618936492823,30.121258250637233,11490900
2015-09-23,30.5970401763916,31.007188176421465,30.432980350543477,30.91695511574595,7907000
2015-09-24,30.350942611694336,30.71187161354484,29.858766415609107,30.293522159790392,12938200
2015-09-25,30.104854583740234,30.66265594283144,29.82595390419463,30.61343707143635,10576500
2015-09-28,28.652935028076172,29.719319034678232,28.480673646147157,29.694711159882775,13185700
2015-09-29,28.447851181030273,29.276348346290646,28.185356843768812,28.751359671767716,12185100
2015-09-30,28.997455596923828,29.497836541090354,28.390438450595397,28.718554896692332,13868900
2015-10-01,28.636531829833984,29.686509656980864,28.25919643935067,29.424015200194145,14620300
2015-10-02,30.186880111694336,30.219692689586072,28.226373955768043,28.431447873821917,13385500
2015-10-05,30.933353424072266,31.26147299104609,30.309930001838126,30.51500394890174,13060600
2015-10-06,32.02434539794922,32.45089954436299,30.875930147667546,31.17943868541549,13680100
2015-10-07,32.696998596191406,33.86181739763772,32.188415959586735,32.582157658491724,16782100
2015-10-08,33.148155212402344,33.25479454919852,31.761856350773325,32.385279820668764,11382000
2015-10-09,32.52472686767578,33.45986349695011,32.25402777542275,33.28760214506902,11644700
2015-10-12,31.884889602661133,32.655969481592756,31.54036694719082,32.58214275125206,7424800
2015-10-13,31.556758880615234,32.36884941578492,31.384494502059173,31.671599713533936,6576600
2015-10-14,31.761852264404297,31.925908910146433,31.236863487997603,31.63060507030262,6361800
2015-10-15,32.20480728149414,32.221213570728935,31.171236093139637,31.67981854269949,8811400
2015-10-16,31.015378952026367,32.073557938434,30.44937296364374,32.016137494566124,18878100
2015-10-19,30.646249771118164,30.990772484678935,30.211494024240064,30.60523560938664,12286800
2015-10-20,30.90875816345215,31.105627480620882,30.50681168636214,30.679076250361504,11762400
2015-10-21,31.499359130859375,32.15559512750643,30.679063352755538,31.11381911381295,13313300
2015-10-22,32.573936462402344,32.79541664267896,31.85207861095923,31.92590220853882,17261400
2015-10-23,32.16380310058594,32.81183764507962,31.909513361512207,32.245834572207045,16021100
2015-10-26,31.622400283813477,32.16379534931732,31.532167251366182,32.04075286530913,9832900
2015-10-27,30.744693756103516,31.663424401474956,30.72828746057427,30.98258034750623,11611700
2015-10-28,31.39271354675293,31.917702239436736,30.57241793213962,30.99897202724007,13206100
2015-10-29,31.327102661132812,31.73725065521029,30.90875308401336,31.269682192296433,8423400
2015-10-30,31.482955932617188,31.77826294241374,30.925154498374898,31.441941765518862,9626200
2015-11-02,32.229427337646484,32.35246984771758,31.31889836888968,31.343506245067783,9822700
2015-11-03,32.852840423583984,33.06611904665737,32.237618681085486,32.37707056989187,14462900
2015-11-04,32.16380310058594,32.92667857616849,31.72904725312645,32.81183764507962,14661600
2015-11-05,31.5075626373291,32.4180915073385,31.310690261713454,31.843883801738134,15071000
2015-11-06,32.27863311767578,32.31144569522969,30.982567596092665,31.089206908553052,12261000
2015-11-09,32.073570251464844,32.368877292827605,31.663422278278947,32.02435449735819,8446100
2015-11-10,31.917709350585938,32.39348241506829,31.704433820108417,32.0079423889657,8684300
2015-11-11,31.25326919555664,31.860289473470708,30.71187408463012,31.860289473470708,10686300
2015-11-12,30.752899169921875,31.441947951962653,30.49860627718958,30.720086578114934,8940600
2015-11-13,30.670852661132812,31.212247643930038,30.16227025406377,30.597025930334123,9423100
2015-11-16,31.57318115234375,31.655209466209726,30.490388008399375,30.703666631138262,9486500
2015-11-17,31.261470794677734,31.638806079760737,31.187644053754546,31.52396517814242,11371700
2015-11-18,31.893102645874023,32.19661122584528,31.417329563969663,31.499361024218818,13758200
2015-11-19,31.204044342041016,32.04894778073438,31.048186180525658,31.622393707353275,8808600
2015-11-20,31.17123794555664,31.43373233055325,30.802104238786438,31.29428355754001,9753800
2015-11-23,31.458328247070312,31.54035966694714,30.826703524501657,30.933339676573464,6498600
2015-11-24,32.59856033325195,33.00870828187315,31.62240621285798,31.68803138664402,11009900
2015-11-25,32.245819091796875,32.81182189294568,31.999727924256437,32.26222537824485,5823400
2015-11-27,32.098175048828125,32.278637994279414,31.794663354369863,31.934115265452323,3766800
2015-11-30,32.68877029418945,32.93486141644723,32.05714559265175,32.188392730905875,11273700
2015-12-01,33.290321350097656,33.3067989404061,32.46630352601978,32.54870405107615,9062000
2015-12-02,32.09550094604492,33.389208923028235,32.05430067572541,32.86183791882856,13468900
2015-12-03,31.3209171295166,32.44982384847841,30.991311875184902,32.33446185229339,14444100
2015-12-04,31.230274200439453,31.345636183304528,30.414495239156246,30.908904635257517,13030400
2015-12-07,30.134326934814453,30.571055308444848,29.573994649254146,30.480416002191376,18434900
2015-12-08,29.88713264465332,30.793551169330684,29.318561367542518,29.425681442185688,16871100
2015-12-09,31.55988311767578,31.568125056491674,30.060170877805085,30.159052139945285,21179000
2015-12-10,31.436283111572266,31.955412108317542,31.048993705390057,31.320917968916813,15317800
2015-12-11,30.4556884765625,31.22202506420167,30.398007498428587,31.09842431536224,13094000
2015-12-14,30.117855072021484,30.85947247521788,29.689365366105676,30.34858223267091,20102700
2015-12-15,30.571077346801758,32.688804103759246,29.25264933820655,30.5545997471521,24600900
2015-12-16,29.549278259277344,30.538100229492457,29.376235278918756,30.35681531099581,21318000
2015-12-17,28.16493034362793,29.63992304844729,28.090768611447665,29.541038643287845,18732200
2015-12-18,27.55515480041504,28.10724837499762,27.431554013302062,28.01660591175432,17603600
2015-12-21,27.522193908691406,28.082526226117093,27.30794753494605,27.69523688053157,11274500
2015-12-22,28.0330867767334,28.305011024358926,27.472754404402473,27.555154929530563,10960000
2015-12-23,29.211427688598633,29.219666482398036,28.609895153145498,28.684056870852213,11337200
2015-12-24,28.964218139648438,29.28558448120579,28.782933272768908,29.194942047766027,3725100
2015-12-28,28.263813018798828,28.642860494062504,28.07428928116699,28.453336756430666,6844000
2015-12-29,28.428611755371094,28.98070212701619,28.181407064434808,28.782939631618436,5406100
2015-12-30,28.123729705810547,28.535738625026262,27.901244512228633,27.967164304746277,5682500
2015-12-31,28.0495662689209,28.403894169370002,27.92596234332111,27.975404542236706,6194500
2016-01-04,28.412132263183594,28.511013515196787,27.654037425451886,27.901242127174037,10032900
2016-01-05,28.346214294433594,28.618138540755748,27.810601453532666,28.519257282400286,8100900
2016-01-06,27.538671493530273,28.17316553356663,27.242027746150914,27.59635562751379,12337000
2016-01-07,27.118425369262695,27.80236164444253,26.912420921564447,27.019544114513494,11050900
2016-01-08,26.747617721557617,27.349150353824065,26.599294262272352,27.21730762816811,11570100
2016-01-11,25.997760772705078,26.780578305701262,25.40446852681766,26.71465537335789,13847600
2016-01-12,25.931838989257812,26.45096949948424,25.22318476670183,26.327368718423248,10981400
2016-01-13,25.099578857421875,26.44272861370981,25.041897868812406,26.302645539220073,16443800
2016-01-14,26.23672866821289,26.409771663611068,24.423888755823242,25.27262771355201,13952600
2016-01-15,25.420949935913086,25.783518214997198,25.0089410279459,25.14078375276026,13231800
2016-01-19,24.547494888305664,25.536315461259544,24.20140729484944,25.453913353924353,15218700
2016-01-20,23.46802520751953,23.995397637722633,22.775850169875376,23.929476280408387,21777800
2016-01-21,24.135486602783203,24.415651260906916,23.17962433115074,23.262026440805723,15261900
2016-01-22,24.877099990844727,25.256147457479045,24.044841751686207,25.10782398907801,18397300
2016-01-25,24.127239227294922,25.264382980862795,24.086037398589056,24.827653026714977,18800700
2016-01-26,23.847078323364258,24.390930008374518,23.500990744567783,24.34148937474342,17959900
2016-01-27,23.945959091186523,24.572212866979793,23.591631152226835,23.847077825986695,17157400
2016-01-28,25.091346740722656,25.206708748642008,24.242607702158836,24.9842235290637,17805300
2016-01-29,26.195524215698242,26.212003375704185,25.13254059670551,25.19022158594901,15029000
2016-02-01,26.055448532104492,26.22849154893064,25.552797074617914,25.783522668742307,10193600
2016-02-02,25.149023056030273,25.561031946574587,25.00069960396405,25.322066035648074,8965900
2016-02-03,26.335603713989258,26.418007366187474,24.547486896889886,25.33854309772524,12680200
2016-02-04,26.722900390625,27.59636048454491,26.516895918383597,26.689938920655468,13726500
2016-02-05,25.832958221435547,26.60753538982342,25.495111050778018,26.360329107985986,11397800
2016-02-08,25.404468536376953,25.610472984959863,24.943019011624212,25.330306809151967,14704400
2016-02-09,24.3826847076416,25.453907125822283,23.830592766778857,25.00893836979106,13217500
2016-02-10,24.3826847076416,24.852374561331423,24.102518554267128,24.29204225458248,7693700
2016-02-11,23.731718063354492,24.17668854324108,23.03954280910177,23.6493175196922,13121000
2016-02-12,23.987163543701172,24.43213242899941,23.665795467535705,24.053084918252377,11992200
2016-02-16,24.671091079711914,24.728772068882098,24.11899914214301,24.432125185505054,9101600
2016-02-17,25.874155044555664,25.923595665678082,24.778211584259903,24.91829465384759,10719400
2016-02-18,25.92360496520996,26.24497304701202,25.495116808956496,26.154330566030726,11405400
2016-02-19,25.849445343017578,25.92360551703868,25.412715237353368,25.77528359730687,9163900
2016-02-22,27.093706130981445,27.15962592039262,25.84943906498331,25.84943906498331,13221300
2016-02-23,26.442729949951172,26.854738828483676,26.385048958426882,26.73113490757261,11914400
2016-02-24,26.747617721557617,26.764098455186925,25.83295900878059,25.83295900878059,10773400
2016-02-25,26.780580520629883,26.91242325284245,26.014243657338486,26.72289952174805,9301400
2016-02-26,27.03603172302246,27.44804072319628,26.7311427996608,27.307956028579987,9637400
2016-02-29,26.746023178100586,27.16859224477755,26.563741395490094,26.837165649764962,11111300
2016-03-01,27.359161376953125,27.392304668532976,26.804022305504503,26.986307248475434,9628900
2016-03-02,27.889442443847656,27.9142983331043,26.712883995163818,27.160305805375234,13588300
2016-03-03,28.31200408935547,28.452861482214843,27.649154136623423,27.765152483261794,13453100
2016-03-04,28.90028953552246,29.5879954487131,28.18772457340134,28.52743540874766,17727400
2016-03-07,29.695707321166992,29.90284813586243,28.693146536613384,28.74285830928077,17414600
2016-03-08,28.568864822387695,29.42228408815397,28.45286645547404,29.26485818458807,12300700
2016-03-09,28.74286651611328,29.16543566874849,28.312013119240806,29.057721529350648,9015300
2016-03-10,28.59371566772461,28.858858809102912,28.113150638046807,28.66828648483022,9873600
2016-03-11,29.92770004272461,30.0851290638194,28.983138559026155,29.090852653346136,12667600
2016-03-14,29.41400718688965,29.71229058238727,29.215150536318156,29.447150488771435,10556500
2016-03-15,28.99143409729004,29.140572598036748,28.577152406713104,29.02457423039016,9634900
2016-03-16,29.38914680480957,29.463717642301308,28.568867592400462,29.314575967317836,13004800
2016-03-17,30.14313507080078,30.441418377694593,29.447141741621312,29.64599517240499,10206400
2016-03-18,30.076845169067383,30.441415019820333,29.670850948915344,30.391700087249127,12220800
2016-03-21,30.14313507080078,30.267417674861004,29.59628339506822,29.803424229220223,7007400
2016-03-22,29.803428649902344,30.19285132658195,29.67085862280995,29.836568786136368,7025100
2016-03-23,29.024572372436523,29.64599486852273,28.85057483210477,29.314571433707712,7941400
2016-03-24,29.182010650634766,29.256581500162014,28.40315885319033,28.42801791017892,6331100
2016-03-28,29.074295043945312,29.33115088184495,28.75944001050691,29.26486428081829,5013200
2016-03-29,29.016279220581055,29.157133425967313,28.12971698456963,28.57714180294473,8153300
2016-03-30,29.84486198425293,30.201144593860498,29.41400852238519,29.455436071258756,11330600
2016-03-31,29.596281051635742,30.143132684068608,29.447139409997863,29.695707759154978,7426200
2016-04-01,29.074295043945312,29.215149330048302,28.734584115481464,29.05772339368865,9201400
2016-04-04,28.17115020751953,29.24828178919287,28.03029597362654,28.875427698420346,14100000
2016-04-05,28.502582550048828,28.76772258822168,27.558017608249646,27.881159992946472,17338900
2016-04-06,30.192853927612305,30.565708148654632,28.544014271152626,28.759439398466505,21612400
2016-04-07,30.03542137145996,30.449703045549064,29.770281352900405,29.803424645399932,9283200
2016-04-08,30.93028450012207,31.642846628545335,30.74799947432652,30.839141987224295,11885000
2016-04-11,30.83913230895996,31.55169737447817,30.822560660841084,31.07112906118684,8297400
2016-04-12,31.203699111938477,31.477126565054274,30.433134857708662,30.92198741511555,12394100
2016-04-13,31.742259979248047,31.891401620553676,31.153977656001146,31.377690117959595,11374800
2016-04-14,31.80025863647461,32.206252861736274,31.510259600569725,31.8085428783151,9829700
2016-04-15,31.709121704101562,31.84997596498694,31.17055422969839,31.593123333791596,7244900
2016-04-18,32.30569076538086,32.57083082029183,30.86398895117354,30.86398895117354,8725300
2016-04-19,33.17568588256836,33.374539368054116,32.189693217911014,32.38854986411594,11216800
2016-04-20,33.42425537109375,33.89653636487625,32.753117724851606,32.80283267814634,9703500
2016-04-21,33.41596984863281,34.443386891698395,33.324827351435886,33.374539142111196,16368700
2016-04-22,33.83853530883789,34.2776729763176,33.12597015432578,33.25854019511507,11220700
2016-04-25,33.17568588256836,34.25281788432049,32.587406510320854,33.59825190976496,13423800
2016-04-26,33.3248176574707,33.44081601626215,32.728251057151034,33.316530254289475,9782100
2016-04-27,34.004249572753906,34.451674657828896,33.333111945141425,33.333111945141425,11826400
2016-04-28,34.004249572753906,34.50967385470315,33.48225364016642,34.0788204202664,9288900
2016-04-29,34.22795867919922,34.741667154537595,33.482250278934764,34.05395794532494,10388800
2016-05-02,34.84109115600586,35.479085368273665,34.319095316746996,34.410237798602196,23540500
2016-05-03,33.50711441040039,34.60081822588363,32.960262502658765,33.68939943322081,19669200
2016-05-04,33.02653503417969,33.71424095855966,32.512826651552906,33.25024751388448,12638300
2016-05-05,33.09281921386719,33.780528314685824,32.794539061494014,33.50710089077913,12816300
2016-05-06,32.67853546142578,33.28338629201479,32.4465387485199,32.7033945097501,13827100
2016-05-09,32.05712127685547,32.57083293218344,31.684270223455428,32.57083293218344,8974100
2016-05-10,32.18140411376953,32.52939924118386,31.982547497590854,32.32225838132714,8276700
2016-05-11,32.76140213012695,33.250254730233436,32.14826373852669,32.17312279325683,10957000
2016-05-12,33.1839599609375,33.4159598372187,32.9105357119837,33.142532427546705,10437400
2016-05-13,32.36368942260742,33.29996384329972,32.28911858584515,32.93539706397235,8290400
2016-05-16,33.29168701171875,33.53197122375258,32.68683593918904,32.75311938622491,10721500
2016-05-17,34.111961364746094,34.49310301696972,33.391111928949684,33.55682527851831,10785500
2016-05-18,33.3745231628418,34.095375389690965,33.0348123927598,33.995945534507726,8378700
2016-05-19,33.25853729248047,33.49882145816501,32.5791154976419,33.14253891200347,7570700
2016-05-20,33.896522521972656,34.244520731479234,33.42424172106357,33.59823924545787,8365900
2016-05-23,34.35222625732422,34.52622375425946,33.48223561193054,33.498807253645914,11689300
2016-05-24,34.319095611572266,34.57595141166908,34.02081543300909,34.41852549847863,8235600
2016-05-25,35.172508239746094,35.421076565960156,34.517942557498785,34.55108584385206,7651800
2016-05-26,35.32994842529297,35.7939451401069,35.21395003676925,35.46251846370851,8919100
2016-05-27,35.42979049682617,35.479713015376824,35.0054300444412,35.19680710515931,6421400
2016-05-31,35.09696578979492,35.84583545636672,34.84734362564367,35.271700987289,9865000
2016-06-01,35.0720100402832,35.3881966833364,34.497875480929466,34.78078149121606,8131000
2016-06-02,35.055362701416016,35.055362701416016,34.531153933669906,34.880624329421956,6651700
2016-06-03,35.65446090698242,35.75431232796493,34.764139701658834,35.07201015517712,9015700
2016-06-06,37.351890563964844,37.44341943043145,35.8707963222122,35.88743822285322,13760900
2016-06-07,38.34206008911133,38.68321109087642,37.3102845470728,37.401813406542075,15583200
2016-06-08,38.51679229736328,38.8496207366869,37.967622357067675,38.558395455514045,11733300
2016-06-09,37.85946273803711,38.342068402010916,37.767933858723566,38.01755605513968,8514600
2016-06-10,36.92753219604492,37.668079296646845,36.7444744681234,37.47670220569158,10423800
2016-06-13,36.844322204589844,37.40181474396596,36.386681064996765,36.56141625344029,8504700
2016-06-14,36.60302734375,37.02738473852328,36.10377980235513,36.611346707753356,9087300
2016-06-15,36.594688415527344,37.118896988267004,36.170331210816,36.51148211628727,7981700
2016-06-16,35.93736267089844,36.22026864867626,35.33827008640047,36.07881724684643,10109200
2016-06-17,36.702877044677734,36.86929289843961,36.10378124078235,36.40332914273004,9387500
2016-06-20,36.43661117553711,37.40181927145314,36.42828863748881,37.385177369474796,7630500
2016-06-21,37.12723159790039,37.33525060555757,36.37004253699298,36.54477774163665,9233900
2016-06-22,37.16051483154297,37.59319474173459,37.01074089439518,37.393495100831494,11278000
2016-06-23,38.14236068725586,38.159002586719055,37.39349108200094,37.67639702463972,8136700
2016-06-24,36.54478454589844,37.152202954576424,36.24523978535921,36.45325883174739,12651400
2016-06-27,34.84733963012695,36.19530170128389,34.697565713985334,36.020566523824556,12223200
2016-06-28,36.00392150878906,36.162014773647826,35.30497768532721,35.47139348598335,9393500
2016-06-29,37.10227584838867,37.46006884867861,36.24523842515021,36.436615559751104,9788900
2016-06-30,37.684715270996094,37.759602222995646,36.894242594138,37.01073270300011,9742100
2016-07-01,37.90937423706055,38.14235444316976,37.57654265051831,37.60982644399599,7718600
2016-07-05,36.22026824951172,37.31860834545828,35.71270136784648,37.22708264922784,12375700
2016-07-06,36.32011795043945,36.37004047801534,35.73766412714954,36.078815153429375,8206000
2016-07-07,36.23689651489258,37.38516188278672,35.953990646690166,36.62797311408569,8516300
2016-07-08,37.4683723449707,37.70967508931714,36.727825389116106,36.84431549352686,10482100
2016-07-11,37.01073455810547,38.183961415493044,36.994092659702815,37.78456537618212,9053800
2016-07-12,38.30044174194336,38.674876425016706,37.526611121630694,37.60149805824536,11462700
2016-07-13,37.61814498901367,38.33373066266958,37.2021071019223,38.11739235799363,9077500
2016-07-14,38.11739730834961,38.35037753966073,37.99258465636574,38.192284264716406,6803700
2016-07-15,37.826175689697266,38.35038447911987,37.67640174986224,38.250536243935905,5704900
2016-07-18,37.95097732543945,37.95097732543945,37.360204275772155,37.5848619460602,6105900
2016-07-19,37.43510437011719,37.87610367838148,37.252046616142565,37.70136846274299,9756100
2016-07-20,36.844322204589844,37.38517284400212,36.536454990553466,37.376850306961266,16067200
2016-07-21,36.22858428955078,37.23539533457453,35.987281524477055,36.844318658359704,9210500
2016-07-22,36.46989440917969,36.53645884193387,35.62949583006594,36.46989440917969,8900200
2016-07-25,35.39650344848633,36.17865351702881,35.27169081534619,36.14536972497582,8241700
2016-07-26,35.978965759277344,36.03721082230875,35.23841549165912,35.23841549165912,7246500
2016-07-27,35.71269607543945,36.370036797694205,35.44643204158496,35.94567948565038,6385800
2016-07-28,35.587894439697266,36.1121032605768,35.37155288067851,35.62117824479528,7411800
2016-07-29,36.32844161987305,36.444931763515655,35.08864686085171,35.17185637353811,7437300
2016-08-01,35.1801643371582,36.14537215270382,34.90558096957128,36.12873025555957,8451000
2016-08-02,34.99711990356445,35.55460933504692,34.51451426963792,35.363232223905854,7866600
2016-08-03,35.729347229003906,35.729347229003906,34.68925208544061,34.95551618826333,7347000
2016-08-04,35.77094650268555,36.02888801586242,35.404831053090724,35.53796307818397,5156300
2016-08-05,36.37004470825195,36.51149929244499,35.68774257633303,35.87080032971755,6442700
2016-08-08,36.827674865722656,37.48501553368445,36.5614108538602,36.59469464887236,6606000
2016-08-09,36.652957916259766,37.05235413251691,36.48654203262288,37.01907349508471,4516400
2016-08-10,36.41162872314453,36.93583726672915,36.3201030687176,36.77774403731898,5182300
2016-08-11,36.677921295166016,36.960824162765526,36.503182876664305,36.56142795812525,5273300
2016-08-12,36.47821807861328,36.94418185936447,36.336763484372256,36.72784028561198,4345100
2016-08-15,36.98577117919922,37.21875139525725,36.62797831932873,36.65293957844427,4436100
2016-08-16,37.12723159790039,37.260363635836256,36.77776118861304,37.077309067498284,8288200
2016-08-17,37.52663040161133,37.626481817809186,36.97746030899667,37.102272992184794,6190300
2016-08-18,38.65823745727539,38.73312439955896,37.75959732398953,37.80951983610058,12196700
2016-08-19,38.982749938964844,39.02435626823584,38.30877057276969,38.4585444706169,8841200
2016-08-22,37.509986877441406,38.47519489179175,37.33524850849436,38.425269190075745,11337300
2016-08-23,37.43510437011719,37.859461775827576,37.385178662455466,37.46006563688887,7647900
2016-08-24,36.9025764465332,37.576559279184494,36.727841214626125,37.09395675666227,6439900
2016-08-25,37.08562088012695,37.2686785853104,36.736150541995855,37.03569518577215,4098900
2016-08-26,37.07730484008789,37.66807799268826,36.9108890181126,37.15219180127088,5249700
2016-08-29,37.227073669433594,37.4600538838544,36.902561432625156,36.919203329957696,4474200
2016-08-30,36.669578552246094,37.60150251629376,36.51148530025676,37.227070962944424,8194800
2016-08-31,35.78757858276367,36.84431522438331,35.488033962517285,36.52812870732591,9660000
2016-09-01,35.954002380371094,36.02056998243355,35.421474260343324,35.78758654933292,5274400
2016-09-02,36.19631576538086,36.83969480289345,36.1712500845024,36.31329319267481,5994000
2016-09-06,36.53889846801758,36.68094478141116,36.03756566316123,36.37178647060005,6003200
2016-09-07,36.40520477294922,36.747782888773465,36.09604968974096,36.51382803525325,5173500
2016-09-08,36.86476135253906,37.05693901439317,36.33000556522399,36.697649372154125,6212600
2016-09-09,35.05160140991211,36.56395687648914,35.05160140991211,36.53053703357256,9520000
2016-09-12,35.42760467529297,35.711694075338656,34.692313900928404,34.75915677820021,6986400
2016-09-13,34.349735260009766,35.05995715550932,33.92359957279343,34.934625567277735,11877300
2016-09-14,34.475074768066406,34.867787513679055,33.94867623925391,34.132496581701055,8061100
2016-09-15,34.901206970214844,35.1936505673106,34.433294027465486,34.583694502370776,6820400
2016-09-16,34.291255950927734,34.55027655006907,34.04058951833431,34.06565520537466,9673200
2016-09-19,34.49177169799805,34.97639600353927,34.4834175353555,34.64217212472497,6836500
2016-09-20,34.475074768066406,34.784233102330035,34.26618555229737,34.51685516113739,7771300
2016-09-21,35.69497299194336,35.79523887467496,34.76750481133998,34.81763615900831,7610200
2016-09-22,35.63648986816406,36.45533494455918,35.59470948871289,36.13782254762379,5924900
2016-09-23,34.95969009399414,35.962358703743774,34.81764380714342,35.33569122107471,7191700
2016-09-26,34.57533645629883,35.352404426958934,34.40822448211678,35.076669191449184,9322500
2016-09-27,34.216041564941406,34.333018972658884,33.52252809433735,34.19097270086244,11842900
2016-09-28,35.75345993041992,35.895502991686264,33.79825778265908,34.3497248916483,12551900
2016-09-29,36.914894104003906,37.37444963712133,35.8370252298115,35.8370252298115,15139000
2016-09-30,37.4997673034668,37.66687919946168,36.82296555901494,37.21567803649378,9195300
2016-10-03,37.516502380371094,37.75881143502272,37.21570141609039,37.6919685470694,6221400
2016-10-04,37.257469177246094,37.60004725810187,36.956668289198,37.524847036089845,5035900
2016-10-05,38.2016487121582,38.49409224674216,37.54991239774964,37.767158898350985,7529500
2016-10-06,38.744754791259766,38.76982365419229,38.05959870248043,38.46902279816328,7624000
2016-10-07,38.65285110473633,39.1458296796866,38.41889625133478,38.75312020253341,7014500
2016-10-10,39.48841094970703,39.805923409969324,39.07063257103414,39.09570144118385,8799400
2016-10-11,38.97035598754883,39.41319992778159,38.67791247746968,39.19595663277926,9505000
2016-10-12,39.237735748291016,39.42155921359225,38.644491348776576,38.970357900977596,7565500
2016-10-13,39.287864685058594,40.07328660106765,38.53586260464946,38.753109066720945,7327900
2016-10-14,39.24609375,39.9646729218489,39.137470501665874,39.655514691005266,7353400
2016-10-17,38.702980041503906,39.56360228806136,38.418890680398235,39.229381572722275,8169300
2016-10-18,39.32965087890625,39.5051170087288,38.68627188216126,39.24609648967522,9834100
2016-10-19,41.00076675415039,41.97001239251159,39.85605497487628,39.85605497487628,19236500
2016-10-20,40.73337936401367,41.368400901388554,40.466001539077396,40.8503567639989,8613000
2016-10-21,40.466007232666016,40.75845077377606,40.18191785527531,40.40751852444401,6659000
2016-10-24,40.3072509765625,40.68324888909121,39.90618101171316,40.557917314046776,7399100
2016-10-25,39.9145393371582,40.80858464803421,39.74742737895618,40.29054044626388,7760200
2016-10-26,39.78920364379883,40.524494330303924,39.145824691531296,39.44662557180135,8619700
2016-10-27,39.730716705322266,40.31560697771118,39.68893951173639,40.0231634352145,6001200
2016-10-28,38.920223236083984,39.93959999698259,38.48573347430954,39.772488059777785,10411000
2016-10-31,38.43560791015625,39.003786716863274,38.3604076802275,38.78654019155985,7931200
2016-11-01,38.627784729003906,39.00378587048849,37.90085131373088,38.74476215360005,6869900
2016-11-02,38.377113342285156,38.61942551146895,37.666891535941325,38.02617792701978,8158100
2016-11-03,38.920223236083984,38.94528891107642,38.301910024644755,38.385464399549605,7378000
2016-11-04,38.75312805175781,39.137483442308145,38.22672633758886,38.81997094309869,7031600
2016-11-07,39.63880157470703,39.65551308819032,39.112403243262186,39.112403243262186,5504400
2016-11-08,39.371429443359375,39.85605384246853,39.19596330743188,39.338009598941575,5320300
2016-11-09,39.9563102722168,40.31559981049362,39.37142010380836,39.65550943204131,12189800
2016-11-10,40.78351593017578,40.933916362608265,39.74742441646261,39.84769030895251,11520000
2016-11-11,40.11507034301758,40.616406207699846,39.44662571083665,40.3991597101189,7635100
2016-11-14,40.22370147705078,40.55792545235847,39.55525671383146,39.78085741905474,8395500
2016-11-15,41.577308654785156,41.69428929457793,40.52450839582238,40.54121991579278,11770300
2016-11-16,40.741737365722656,41.51880523872914,40.59134011399451,41.21800754787746,7835200
2016-11-17,40.608036041259766,41.59399275783849,40.290526933299745,41.25977214092356,7953800
2016-11-18,41.201290130615234,41.35169054818983,40.74173152836235,40.82528908667876,6663000
2016-11-21,41.861392974853516,42.15383975729986,41.5355263439701,41.81126160849984,8011200
2016-11-22,41.644142150878906,42.18725522991416,41.000763169715576,42.13712068515234,7699500
2016-11-23,41.334991455078125,41.7861896559635,41.23472235497392,41.29321106967009,3979200
2016-11-25,41.368404388427734,41.37676173907119,40.86707172126249,41.16787259651978,2736300
2016-11-28,40.77515411376953,41.552221867094346,40.67488823226162,41.47702165911469,6968500
2016-11-29,39.931243896484375,40.5161340546174,39.321288064575405,39.931243896484375,12332000
2016-11-30,44.35969924926758,45.88876614320343,39.931249983838576,39.931249983838576,32232000
2016-12-01,44.48502731323242,45.78849335032473,44.443246940334895,45.18689486681864,11775300
2016-12-02,45.2620964050293,45.55454310752077,44.37640850936917,44.49338591540766,7174900
2016-12-05,45.18665313720703,45.89086082655127,45.03575126106025,45.5890570742577,9235300
2016-12-06,45.287254333496094,45.49683992193433,44.356693809146776,44.64173033734367,9056100
2016-12-07,44.88485336303711,45.68966130846822,44.339929517763814,45.28725733575266,8987100
2016-12-08,45.63097381591797,45.68127550759922,44.708798521250614,45.06928278522179,9037500
2016-12-09,45.43815994262695,45.69804404688767,45.0776724450822,45.68966202979194,6003100
2016-12-12,45.681278228759766,47.01424275650433,45.57229282263608,46.15074792032809,10575100
2016-12-13,46.024993896484375,46.57829969073839,45.496837348053056,45.76510663023548,8600700
2016-12-14,44.85968780517578,45.739949636120045,44.775854867953264,45.46329518684692,9068000
2016-12-15,45.09443283081055,45.287251174963046,44.5411270438445,44.85969481347624,8359300
2016-12-16,45.26210021972656,45.50521704567836,45.0608966693292,45.46330057210198,12707800
2016-12-19,45.0357551574707,45.2956392570798,44.79263509175301,44.94353698095554,5563800
2016-12-20,44.70880126953125,45.48007473458778,44.5327469368358,45.396241774654655,8164300
2016-12-21,46.07530212402344,46.343571462892236,44.72557021395199,45.06929050425406,10087800
2016-12-22,46.16749572753906,46.46091416131744,45.79862638250039,45.79862638250039,5370500
2016-12-23,45.974693298339844,46.32679554030553,45.798642177356996,46.142362403190155,3168000
2016-12-27,46.033382415771484,46.56153903881798,45.857331274096836,46.125600594178934,3609800
2016-12-28,45.52198791503906,46.29326452221451,45.42138773080651,46.20104635415875,4956800
2016-12-29,45.30403137207031,45.656133701821446,45.136362225417066,45.38786434638544,4237500
2016-12-30,45.345943450927734,45.572296297201305,44.94353945689339,45.29564175241494,4655700
2017-01-03,46.67890548706055,47.223829330929966,46.066915913589234,46.07529793053104,10531700
2017-01-04,46.85495376586914,47.07292456932494,46.519618742277416,46.620218929552706,6265900
2017-01-05,47.12321853637695,47.684909523910115,46.98070188459842,47.10645130710501,7083300
2017-01-06,47.5004768371582,47.76874613000731,46.87172008241395,47.139989375263056,7899500
2017-01-09,47.005855560302734,47.22382636336211,46.78788795526565,47.03100480757025,9080500
2017-01-10,45.80702209472656,46.997469806400474,45.790254865207544,46.98908459262995,9774100
2017-01-11,46.43577194213867,46.620208241545306,45.84893178786248,46.18426993259789,9995100
2017-01-12,46.25973129272461,46.82141913416379,46.167513122214345,46.779502656119746,5954000
2017-01-13,45.723201751708984,46.26812247022049,45.681285265365474,45.85733642682198,5995600
2017-01-17,46.11721420288086,46.15913388146791,45.42977368794991,45.832177657810284,7712600
2017-01-18,46.21780014038086,46.360316760085574,45.63096004002104,45.68964373025489,6156300
2017-01-19,46.39386749267578,46.44416918682408,45.92439460802555,46.167514666042045,9144400
2017-01-20,47.324424743652344,47.651377737736354,46.938788042836435,47.047770242183,14793600
2017-01-23,45.94115447998047,46.27649265787232,45.20341240743152,46.10882356892639,17718700
2017-01-24,47.46693420410156,47.60945404027882,46.1842716686146,46.31002427712267,11276700
2017-01-25,48.129241943359375,48.37236203157238,47.58431804881614,47.7016886830734,9837100
2017-01-26,48.67416763305664,49.277772069955894,48.17116020461388,48.17116020461388,8989800
2017-01-27,48.79989242553711,49.01786316042828,48.41425583060201,48.573539676852256,6893000
2017-01-30,47.34956741333008,48.70768089166746,46.419007052943115,48.64061517815562,10361100
2017-01-31,47.42502212524414,47.60107323503949,46.78788340492772,47.55915676099612,5849500
2017-02-01,47.13998031616211,47.97832249471315,46.45253998559199,47.936406025389914,7083000
2017-02-02,47.1902961730957,47.44179826260242,46.695674011256045,47.3328128512079,6183400
2017-02-03,47.43341064453125,47.83581457983099,47.056155955805814,47.1567561401252,5344500
2017-02-06,47.03099060058594,47.584296259486194,46.95553968355311,47.48369610278287,4745200
2017-02-07,46.00822830200195,46.94717082301605,45.773490273231765,46.729203222753256,8395900
2017-02-08,46.47770690917969,46.48609212504731,44.85132361535052,45.7734990833729,9849500
2017-02-09,47.51723098754883,47.58429669328867,46.6537396387622,46.83817272806279,9320900
2017-02-10,47.05614471435547,48.1040723782364,46.938777327684235,47.80226869935527,7937500
2017-02-13,47.21544647216797,47.58431599844239,46.91364267884224,47.0645445755051,7161800
2017-02-14,47.39987564086914,47.43341010126559,46.95555203567158,46.98908649606803,8102300
2017-02-15,46.75435256958008,47.41664378406248,46.662134400725286,47.09807280020653,5978500
2017-02-16,45.530372619628906,46.947169991292434,45.48845294514752,46.79626811762151,10925600
2017-02-17,45.027366638183594,45.614206920014745,44.876464760054944,45.28725391674343,9055800
2017-02-21,45.13634490966797,46.05013805044367,45.10281045359761,45.63934895863624,7496900
2017-02-22,44.482452392578125,45.21180944247519,44.4237686758061,44.8429399087621,7736100
2017-02-23,44.591426849365234,45.505220106083115,44.5159759126446,45.06089969985167,7971000
2017-02-24,44.323158264160156,44.43214366293054,43.88721986710082,44.222558079614835,6489600
2017-02-27,44.752166748046875,45.18118046231692,44.23903049542711,44.46615653555127,6902500
2017-02-28,44.97088623046875,45.13071747480698,44.16332898489234,44.58393211808179,6503700
2017-03-01,46.013980865478516,46.442994625645674,45.37466234141142,45.399900710089774,7176400
2017-03-02,45.31578826904297,45.84574920422099,45.155960206854964,45.73639147275142,5772100
2017-03-03,45.31578826904297,45.761629847058416,45.17278472007703,45.42514600051255,4092800
2017-03-06,45.25688552856445,45.42512738288294,44.86993150989446,45.248474879874436,5656100
2017-03-07,44.55870056152344,45.240075638683855,44.44093218813509,45.18960531234457,7246400
2017-03-08,43.14547348022461,44.777412606882045,43.06976478208884,44.27269009194191,14736900
2017-03-09,42.808982849121094,42.89310539418382,41.85000829803483,42.556621631826864,14967400
2017-03-10,42.825801849365234,43.322113570079345,42.573440664532725,43.22958038688656,7711100
2017-03-13,42.80057144165039,43.179114865366174,42.623915704618405,42.9183397937071,6272400
2017-03-14,41.89207077026367,42.80057506407273,40.832152303100294,42.80057506407273,13128100
2017-03-15,43.35576248168945,43.67541848421622,42.05189368900281,42.32949002898096,9993000
2017-03-16,42.83422088623047,43.59972165747448,42.74169089386477,43.4483042751347,7336000
2017-03-17,42.7164421081543,43.296876335238835,42.55661411418924,43.027690656483784,8131400
2017-03-20,42.59867477416992,42.75850598083099,41.925710561494746,42.363138101970236,7763200
2017-03-21,42.186485290527344,43.12022132378027,41.90888574978851,42.99404233985518,7673000
2017-03-22,41.91729736328125,42.32107586632798,41.52192950846732,41.950943165158755,7544900
2017-03-23,41.81636047363281,42.194903914852944,41.58082375862787,41.84159884234553,5620000
2017-03-24,41.56399917602539,42.58185793144587,41.37893278087728,41.38734664008241,9607400
2017-03-27,40.19282913208008,41.02562463898013,39.97411694331921,40.882617923717895,14193700
2017-03-28,40.39471435546875,40.60501586510221,39.999346490495,40.31059182624754,10606800
2017-03-29,41.404170989990234,41.65653221307157,40.344249360522745,40.377898379319475,10831200
2017-03-30,41.23593521118164,41.90889964203364,40.92468976359025,41.85842610636441,11840200
2017-03-31,41.39575958251953,41.65653468021822,41.14339834449187,41.2359315471897,6392600
2017-04-03,41.454647064208984,41.7743063692607,41.059282269775345,41.60606446086783,6870700
2017-04-04,41.681766510009766,41.7995348644138,41.017212842790414,41.47146496030341,6288700
2017-04-05,41.93412780761719,43.12022842185883,41.908892648467464,42.27061157136606,12281900
2017-04-06,42.186485290527344,42.438846467323984,41.942534762413786,42.2285449518357,5773200
2017-04-07,41.79113006591797,42.48091898882266,41.63971267221231,42.33791545529367,6212000
2017-04-10,42.03507614135742,42.25378834818733,41.85000974476874,42.00983777249263,5588100
2017-04-11,42.06873321533203,42.07714707685544,41.29482482047233,42.03508739608227,6766900
2017-04-12,41.496707916259766,42.2537916535382,41.34529052701461,42.06031459149102,7358000
2017-04-13,40.69756317138672,41.57241531637738,40.52932126348362,41.378938245420436,6762400
2017-04-17,41.08450698852539,41.09291763778053,40.57978460060323,40.69755294385529,5249000
2017-04-18,40.82373046875,41.17703869475143,40.62184280441767,40.7732601571402,4703300
2017-04-19,39.898414611816406,41.084515352964985,39.66287787735912,40.9919821475861,9432800
2017-04-20,40.11711883544922,40.596606068661806,40.0245888574695,40.22647652990286,6425000
2017-04-21,39.587162017822266,40.091884417149664,39.35162211704896,39.662870698616054,13268900
2017-04-24,39.32639694213867,40.36108036966027,39.22545307843957,39.721764954302536,11843600
2017-04-25,39.55352020263672,39.72176210268889,39.29274509710847,39.43575183528439,8032500
2017-04-26,39.52827835083008,39.99935174051294,39.200205257226486,39.24226813183114,7921900
2017-04-27,39.0319709777832,39.38527605972059,37.93840029419303,39.20020965930739,12907600
2017-04-28,38.59455490112305,39.85636464401595,38.55249521814957,39.82271561405793,7352400
2017-05-01,38.502017974853516,38.79643893633497,38.32536539796464,38.64502152501657,4640700
2017-05-02,38.10664367675781,38.75437289461915,37.92999112887216,38.54407132553225,7739700
2017-05-03,38.0645866394043,38.31694789798654,37.778576357291755,37.955228917404575,7261300
2017-05-04,37.517784118652344,37.677615303015116,36.760700688369575,37.601906639092235,13768700
2017-05-05,38.34217834472656,38.45153283517506,37.46732316745757,37.51779348337323,11907100
2017-05-08,38.157108306884766,38.636595515827516,38.08981028018223,38.40946948912624,8283100
2017-05-09,37.8795166015625,38.274884567918384,37.68603954816097,38.16552685636198,8453900
2017-05-10,38.5356559753418,38.973083570772616,38.21599673080641,38.266470256453125,10051500
2017-05-11,38.36741256713867,39.00672782174052,38.32535290191892,39.00672782174052,7942100
2017-05-12,37.972049713134766,38.459950879734436,37.82904619054691,38.459950879734436,8969300
2017-05-15,39.12450408935547,39.62922980102311,38.67025512048623,38.86373218682723,12600700
2017-05-16,39.35163497924805,39.469403363654266,38.87214758048111,39.444168198123734,8862700
2017-05-17,38.981502532958984,39.629231809952046,38.880558669087264,39.35163217312034,8064500
2017-05-18,39.18338394165039,39.42733128594213,38.417883265843905,38.73754250081348,9072300
2017-05-19,40.19282913208008,40.411544529787776,39.570338373259034,39.78063991239122,13304600
2017-05-22,39.63762283325195,40.52930228124972,39.4189107016768,40.35264980471448,9495500
2017-05-23,40.04141616821289,40.26013158995999,39.26750795943929,39.58716723255964,11837500
2017-05-24,40.13394546508789,40.47883986526588,39.80587557332673,40.024590973798745,10331900
2017-05-25,38.199180603027344,40.64709097738538,37.854286124473376,40.033010720884306,18438700
2017-05-26,38.49359130859375,38.72913120837309,38.06457759187056,38.21599495281915,9938800
2017-05-30,37.98046875,38.21600550587426,37.812226834826554,38.15712131690569,8476200
2017-05-31,38.014102935791016,38.35058666319363,37.2401948552903,37.568264724587195,9938200
2017-06-01,38.2664794921875,38.5945494657046,37.70286955108433,38.10664822687059,9067200
2017-06-02,38.10664367675781,38.27488557381679,37.53462315212565,37.92999112887216,9598300
2017-06-05,38.27555465698242,38.46135935257661,37.81104613974574,37.81104613974574,5920000
2017-06-06,38.8498420715332,39.03564669500844,37.98838866507646,38.250203977996335,9345500
2017-06-07,37.498558044433594,38.8583003016046,37.169176123418374,38.60493231922641,16379300
2017-06-08,37.27052688598633,37.667468887638385,37.08472219047976,37.49855904272199,10363800
2017-06-09,37.87861251831055,38.224882883551494,37.312757403642024,37.35498486833013,11389400
2017-06-12,37.93772888183594,38.53737043553145,37.73503577722662,38.33467410917333,9591600
2017-06-13,38.71472930908203,39.00188057061499,37.83638389477545,37.98840534039578,12214200
2017-06-14,37.86172103881836,38.58804174908844,37.321198580706366,38.58804174908844,13733100
2017-06-15,37.22829818725586,37.76036998020377,37.042493497925605,37.49855779623696,8839800
2017-06-16,37.38876724243164,37.48166959559253,36.93270290241397,37.48166959559253,10776800
2017-06-19,37.135398864746094,37.515449255852836,36.83980017841438,37.4141026996743,8613800
2017-06-20,36.653995513916016,36.797569520893404,35.84321346962188,36.561093169754805,11237600
2017-06-21,35.66585159301758,36.49352193669514,35.429375272466345,36.442850280433156,18500700
2017-06-22,35.387149810791016,35.944560613295316,35.387149810791016,35.68274522812344,11881200
2017-06-23,35.04933547973633,35.48850826271887,34.93109727311593,35.38716168872274,19487600
2017-06-26,35.21824264526367,35.47161064840247,35.03243793947904,35.33648083194518,5517100
2017-06-27,35.074668884277344,35.724982197319534,35.02399721166969,35.328040134312715,7244100
2017-06-28,35.48004913330078,35.81787523086348,35.083107173675316,35.13377883308582,8331800
2017-06-29,35.826316833496094,36.290828489370945,35.58139631337359,35.64051539289435,7879800
2017-06-30,36.07124328613281,36.36684192769916,35.72497298502535,36.147253997192905,7160800
2017-07-03,36.92426681518555,37.16918744710926,36.08814867468835,36.26550599421059,5754800
2017-07-05,36.19792938232422,37.21984867277425,35.91922236397504,37.21984867277425,9475900
2017-07-06,35.48849105834961,36.67087577309798,35.35336128461414,36.40061622562705,9338600
2017-07-07,35.28580093383789,35.42093073111366,34.65237940502989,35.34492001878675,10193200
2017-07-10,35.74187088012695,35.902336533061835,34.99021106213086,35.05777436061697,6132100
2017-07-11,36.07124328613281,36.45974104410733,35.63207064686874,35.76720044189242,5400900
2017-07-12,36.13037109375,36.89047838787837,35.97834963492433,36.746901133765576,5692300
2017-07-13,36.966495513916016,37.0340588285578,36.03747496903072,36.06281403105245,8674800
2017-07-14,37.346527099609375,37.515436897012755,37.00025686013586,37.076267557666526,7946900
2017-07-17,37.253639221191406,37.59990959491364,37.160736863552664,37.28742248246897,6880500
2017-07-18,37.160736083984375,37.50700645044245,36.87358481264726,37.50700645044245,8182300
2017-07-19,38.495155334472656,38.69784850416567,37.093178672305086,37.13540936926182,12052200
2017-07-20,38.326236724853516,38.900539326345765,38.0559770561218,38.75696206509801,10591700
2017-07-21,37.481658935546875,38.520469711198324,37.2620710320282,38.309329231063934,11819200
2017-07-24,35.9023323059082,38.25866126281412,35.48849869431458,38.04752074456267,22394900
2017-07-25,36.05435562133789,36.915809367441554,36.04591141773585,36.22326868911781,13843600
2017-07-26,36.58642578125,36.96647932766674,35.741863776656515,36.349949450923305,11246800
2017-07-27,36.39218521118164,37.49011542334157,35.927676647008106,36.73845558321091,10452300
2017-07-28,36.25705337524414,37.16073461845297,36.071248671192215,36.121923560046994,8895600
2017-07-31,35.84320831298828,36.23170926192916,35.606731995870675,36.164142758896595,8185400
2017-08-01,35.85166931152344,35.9530158826977,35.2013559714689,35.8938967810336,14301500
2017-08-02,36.189491271972656,36.27394943036804,35.31114897690589,35.58140864027248,9983300
2017-08-03,35.496944427490234,36.18948509946551,35.26891227134002,36.12192180602217,7944800
2017-08-04,35.46316146850586,35.56450801119152,35.0915521090776,35.47160567133446,6534100
2017-08-07,35.00709533691406,35.35336562599229,34.69460830085525,35.277354917572765,7546700
2017-08-08,34.65238952636719,35.32804193184038,34.38212985287768,34.79596679014254,9244700
2017-08-09,34.87196731567383,34.94797802794946,34.41590304202006,34.77906497603156,6396700
2017-08-10,34.21321105957031,34.90575498213904,34.0865286709319,34.897307556513795,6988600
2017-08-11,33.799381256103516,34.40746710030754,33.78248962468126,34.03585765251652,5519600
2017-08-14,33.70647430419922,33.95139809384565,33.571344492971676,33.82471248630471,7282300
2017-08-15,33.402427673339844,33.69802631716494,33.14905970845295,33.63890723274961,7691300
2017-08-16,33.20817184448242,33.748690915610666,33.04770625203741,33.52065882840073,6662700
2017-08-17,32.67609786987305,33.24195600292039,32.557859722541686,33.10682623143486,8145400
2017-08-18,32.929481506347656,33.31797934407524,32.245384966371525,32.650774434663234,8868200
2017-08-21,32.71833801269531,32.92947854312333,32.55786914765078,32.878803655991035,5084500
2017-08-22,32.650760650634766,32.96324762977708,32.642316449792105,32.81967366321766,6032800
2017-08-23,32.96326446533203,33.174405033460985,32.5325391239187,32.56632238803919,4623500
2017-08-24,32.76055908203125,32.93791631976426,32.574754420550086,32.912580492016176,7345900
2017-08-25,32.94636535644531,33.25040822103162,32.80279134913992,32.8788020652865,6167200
2017-08-28,32.76055908203125,33.08993772974918,32.32983067982458,32.9970353990086,7348300
2017-08-29,32.701454162597656,32.76057326744071,32.38051957791422,32.65077926341093,5120500
2017-08-30,32.65921401977539,32.97170430838967,32.41429346560971,32.60854235699908,4481900
2017-08-31,32.91258239746094,33.06460381624701,32.60009213565159,32.853463314793956,7303700
2017-09-01,33.00592803955078,33.34531866046022,32.929564583423705,33.08229149567785,5199500
2017-09-05,33.79501724243164,34.07501443399772,33.3028964545824,33.328349861988464,16722100
2017-09-06,34.79621505737305,34.948941943148135,34.09197729447605,34.12591732169255,14240600
2017-09-07,35.05074691772461,35.144077097295416,34.51620304790328,34.78771667521303,8303700
2017-09-08,34.18531036376953,35.00833497590307,33.82046316707253,34.991368199186134,9178200
2017-09-11,34.47378921508789,34.592576055405466,34.1004554464342,34.304092341763365,10529800
2017-09-12,35.00832748413086,35.22044775138897,34.32954327624459,34.507723523933784,6736900
2017-09-13,35.466514587402344,35.848331786312336,35.00833394871035,35.09318401330091,10385100
2017-09-14,35.788936614990234,36.230147219258214,35.593786330992664,35.66166314265759,10484000
2017-09-15,35.89924240112305,35.92469580255914,35.51742519608623,35.71257549272748,8173000
2017-09-18,36.162261962890625,36.408322247724,35.72953804533743,35.975598330170804,6479000
2017-09-19,36.323482513427734,36.425299354449045,35.95014870185125,36.33196590155492,7023900
2017-09-20,37.00225830078125,37.14649852251794,36.365897527170105,36.39983754523695,12057100
2017-09-21,36.891963958740234,37.07863086744557,36.57802680594414,36.90893397195882,9634300
2017-09-22,37.54529571533203,37.60468914453335,36.88348136897499,36.89196475741841,9209100
2017-09-25,37.91862487792969,38.27498867643317,37.672567781935705,37.76589799809948,11540100
2017-09-26,37.87620162963867,38.07135192434248,37.53681107929689,37.757414775184095,6067000
2017-09-27,38.673789978027344,38.792576875236875,37.79136840347056,37.961065358069966,11317000
2017-09-28,38.88589859008789,39.09801890994646,38.648321630890834,38.77559511748566,12198100
2017-09-29,39.055580139160156,39.182853586266894,38.59740285031198,38.69921966597844,6683300
2017-10-02,38.631351470947266,38.801048373532836,38.198627444218296,38.37680773541851,7408900
2017-10-03,38.122257232666016,38.614374602437465,38.00347039295217,38.53801117166447,8635500
2017-10-04,38.33437728881836,38.53801094521737,38.04589357833758,38.224073836861365,7061100
2017-10-05,38.25801467895508,38.51255837326196,38.130741213452296,38.487104974840875,5485800
2017-10-06,37.96953582763672,38.22407955456038,37.52832519050945,38.06286928273852,11162200
2017-10-09,38.122257232666016,38.34286090117764,37.95256036020396,37.97801375822875,3709100
2017-10-10,38.20709991455078,38.919824112378635,38.16467651020235,38.470130200228326,6522000
2017-10-11,38.6143798828125,38.622866507780365,37.93559553684165,38.12226244574579,5749500
2017-10-12,37.978023529052734,38.35135739185872,37.918630093915326,38.198630491019806,5783500
2017-10-13,37.94408416748047,38.487111672960815,37.90165751379668,38.359838185307936,4730000
2017-10-16,37.850738525390625,38.325885821404576,37.82528513073222,38.164675594071014,4114200
2017-10-17,37.723472595214844,37.893169479045945,37.460445500140544,37.84225944288696,7556600
2017-10-18,37.13803482055664,38.01196971044932,36.985307895004524,37.740455895401105,7481700
2017-10-19,36.84105682373047,37.18045064146268,36.55257628636722,36.951360299998335,9024600
2017-10-20,36.76469039916992,37.07862752365483,36.49317344885738,36.95984067853615,10522600
2017-10-23,35.839847564697266,37.00226591061269,35.7634841266912,36.06893464201651,12842900
2017-10-24,35.10166549682617,36.18772360776374,35.02530206118758,36.001056712491895,14280500
2017-10-25,35.17802810668945,35.415605032376384,34.787727550009244,35.12712130859128,8965200
2017-10-26,34.99136734008789,35.559848210421926,34.75379039479542,35.23742443683152,8211300
2017-10-27,36.001060485839844,36.128333970810246,34.77924862426056,34.82167204035097,12555700
2017-10-30,36.42530059814453,36.544087456175056,35.763486253860705,36.051970010520165,7615600
2017-10-31,36.264076232910156,36.45922645765605,35.992559358592096,36.31498301702777,6243400
2017-11-01,36.52711868286133,37.27378312016097,36.51014866875233,36.61196875340631,7257600
2017-11-02,36.22166061401367,36.92590155101533,35.88227008211192,36.62044780661456,6218200
2017-11-03,36.679832458496094,36.891952703967405,36.08589512383679,36.10286513187827,9575000
2017-11-06,38.249534606933594,38.44468489737318,36.75620586062353,36.81559928655302,10277400
2017-11-07,38.41074752807617,38.97074503749011,38.22408061270514,38.47014095811256,9507100
2017-11-08,38.28347396850586,38.69074458940815,37.90165674994147,38.19862713624674,6728900
2017-11-09,38.19013595581055,38.29195602641575,37.80832201948682,38.096805746137306,5760700
2017-11-10,37.82529067993164,38.198621215383625,37.66407719224888,38.096804385114666,4565200
2017-11-13,37.5113525390625,37.7489294726222,37.31620225425555,37.57923258770781,5350500
2017-11-14,36.433780670166016,37.45195873256058,36.34893384692431,37.29923186136645,7938400
2017-11-15,35.3731803894043,36.22166159723869,35.22045351305819,36.04348132040121,10470500
2017-11-16,35.22045135498047,35.568328499408985,35.14408792148647,35.27136138954272,5721200
2017-11-17,35.44106674194336,35.619247050465695,35.05076609374219,35.33924988517339,5902500
2017-11-20,35.271366119384766,35.53439647818029,35.09318582957127,35.43257639540185,5806100
2017-11-21,34.93196105957031,35.57680842922647,34.770750835505346,35.52589840424368,11601600
2017-11-22,35.15258026123047,35.29682052756147,35.04227678676017,35.228943707140786,4916000
2017-11-24,35.279850006103516,35.55984712026204,35.178029931228664,35.34772681932115,3352700
2017-11-27,34.847129821777344,35.33925057302678,34.6944029152999,35.08470357109799,5376400
2017-11-28,34.8046989440918,34.93196918109131,34.55015523339387,34.8046989440918,8102800
2017-11-29,35.042274475097656,35.271364797716025,34.668943895663496,34.84712417880032,7383600
2017-11-30,35.44954299926758,35.83984680564281,35.093182453919304,35.19499929020469,13390400
2017-12-01,36.53560256958008,36.96832656847543,35.508937831488986,35.52590784432592,18066400
2017-12-04,37.23983383178711,38.35982859088609,36.53559622322717,36.620443035974674,13897200
2017-12-05,37.01923370361328,37.630137934335494,36.95135365758929,37.350140836233386,8993000
2017-12-06,36.9595947265625,37.11295429701314,36.388755603194575,36.9510729448111,8807700
2017-12-07,37.02775573730469,37.36855553267525,36.78067604816641,36.95959772829521,6269400
2017-12-08,37.47932434082031,37.709360516549125,37.17260510637063,37.30040262065237,8178200
2017-12-11,38.47614669799805,38.552826482885436,37.53043043442278,37.55599252945687,11262900
2017-12-12,38.54430389404297,39.0214196163581,38.33982340583141,38.62098367085892,9823500
2017-12-13,38.135353088378906,38.6806334523345,37.90531694668716,38.51023354173012,7717100
2017-12-14,37.8371467590332,38.254626279051735,37.58154857845993,37.75194844887784,7172900
2017-12-15,38.00754165649414,38.3739001924203,37.92234010737946,38.16090119479378,9721600
2017-12-18,38.74879455566406,39.06403230284353,38.10127874387539,38.203517398345554,7610800
2017-12-19,39.08107376098633,39.762670227529156,38.81695695838691,38.88511497998704,8005300
2017-12-20,40.401649475097656,40.56353079803147,39.268496465095275,39.404815697503984,9148900
2017-12-21,41.0406494140625,41.49220954434044,40.214215430552386,40.53797484940868,10710600
2017-12-22,40.90434265136719,41.20254331895954,40.63170408392212,41.159944152191514,6767800
2017-12-26,41.551849365234375,41.69668713931844,40.827650744492665,41.006572392035565,4983900
2017-12-27,41.59444808959961,41.99488728457685,41.338849917317006,41.679646396991444,5409900
2017-12-28,41.381465911865234,41.671144825036905,41.23662808033362,41.620023869733046,3884200
2017-12-29,41.63703918457031,41.798920487433094,41.00656403164029,41.475161131814005,5194800
2018-01-02,42.267539978027344,42.463498750992436,41.50926373695558,41.67966040902388,7269200
2018-01-03,43.02581024169922,43.51996962234866,42.19085431415046,42.42941222199075,11181900
2018-01-04,43.98856735229492,44.11636483988937,42.795771300766816,43.33252984896524,10142700
2018-01-05,44.15045166015625,44.21861292984952,43.4092157278372,43.843732446752995,8617300
2018-01-08,44.55088806152344,44.61052754352483,43.79261186169882,44.01412947340286,7611900
2018-01-09,44.39751434326172,44.866111517127955,43.96299454105146,44.67015281715142,8587400
2018-01-10,44.70424270629883,44.80648134267524,44.014124598015854,44.38900176480112,9714200
2018-01-11,45.43695831298828,45.743674210894525,44.49124202331498,44.789439389379744,9086700
2018-01-12,45.275081634521484,45.59884112977421,44.88316412717274,45.30916226562343,9026800
2018-01-16,44.414573669433594,45.33472810023194,44.218614885560875,45.18136848674749,10231600
2018-01-17,45.02799606323242,45.43695708291774,44.38899893887184,44.71275839191129,8479900
2018-01-18,44.61051940917969,45.2154359020971,44.482718685275486,44.840558762142805,8388000
2018-01-19,45.1643180847168,45.30915913182823,43.80964396813496,44.32084364898352,10388000
2018-01-22,48.052581787109375,48.09518094248427,45.70107070917161,46.02483014021378,17802800
2018-01-23,48.4189338684082,49.29648870163829,48.11221479074536,48.24853401969476,13756800
2018-01-24,47.14947509765625,48.427469540219995,47.13243478174245,48.33374942774805,12321200
2018-01-25,47.03019332885742,47.93330726762118,46.98759416666988,47.430629353549605,9436100
2018-01-26,47.37950897216797,47.67770634067831,46.99611003400641,47.285788870605415,7495100
2018-01-29,46.68939208984375,47.37098841412683,46.52751397848516,47.13243051315466,8567500
2018-01-30,46.127071380615234,46.22079147782247,45.23247606654983,46.212272946307,10719500
2018-01-31,45.75220489501953,46.37416184390503,44.99392865939348,46.161162755241165,8580800
2018-02-01,46.44231033325195,46.604191687491124,45.52215614907628,45.69255603506659,8530400
2018-02-02,44.46568298339844,46.09299568598782,44.03116632725591,46.0077973612878,14070800
2018-02-05,42.63389205932617,44.66164074332408,42.318651114665485,43.86928724082224,12398500
2018-02-06,43.136566162109375,43.68184318033692,41.38145291584548,41.54333101497322,11153200
2018-02-07,42.335689544677734,43.801124032675766,42.32717101281829,43.25584699066,8631600
2018-02-08,40.39314651489258,42.59981717453797,40.367587664622455,42.5486962238896,13885400
2018-02-09,39.788211822509766,40.94692684348152,38.42501634191084,40.674288397383066,17765800
2018-02-12,40.82765579223633,41.321815141610294,40.29090053356706,40.393139166155365,12278300
2018-02-13,40.3760986328125,40.65725893353584,39.93306022719564,40.512417892224796,6857700
2018-02-14,40.78506088256836,41.049180898558845,39.79674533094714,39.94158638813801,8741200
2018-02-15,39.950103759765625,40.597622731726915,39.47298793843391,40.46982199380862,15759700
2018-02-16,40.469825744628906,40.88730537709474,39.643388263072424,39.83934702929661,12205900
2018-02-20,40.180137634277344,40.87877420562395,39.83933787991481,40.55501476399027,7426100
2018-02-21,39.660423278808594,40.572058971621644,39.63486443231533,39.984182751523065,9845900
2018-02-22,40.15458297729492,40.82765752467838,39.89898475992457,39.98418308234547,8273000
2018-02-23,41.27922058105469,41.45813902054411,40.22274375958346,40.45278314611609,9069900
2018-02-26,41.091773986816406,41.28773271160076,40.572055814510904,41.100295768389465,8123000
2018-02-27,40.57205581665039,41.696690476406985,40.56353728518427,41.168453772607954,5941300
2018-02-28,39.5496711730957,40.98102537950006,39.50707200328416,40.90434557379596,10558600
2018-03-01,39.217376708984375,39.96713413474616,38.73173922584844,39.13217840496672,10113100
2018-03-02,39.217376708984375,39.362217725942735,38.48465959404751,38.94473823599954,6151500
2018-03-05,39.4133415222168,39.58374140679196,38.35686808804422,38.833987114833185,11767900
2018-03-06,39.2764892578125,39.84955822041205,39.01989262711557,39.8410064132702,5634400
2018-03-07,39.19951629638672,39.3107061120151,38.472488645475224,38.848830182655334,7735400
2018-03-08,39.353477478027344,39.57586366767422,38.96858407629162,39.21662569316924,9826000
2018-03-09,40.19168472290039,40.48249507511225,39.695595131502536,39.7554675631812,7326000
2018-03-12,40.13181686401367,40.59369279525969,39.97786148306845,40.1232650561625,5319900
2018-03-13,39.43044662475586,40.38841213409256,39.199511948494006,40.26866726112625,6439100
2018-03-14,39.550193786621094,40.16602501282663,39.48176628215215,39.669938656638756,5988300
2018-03-15,38.73763656616211,39.7896850157209,38.51525043111859,39.68704701797942,6871700
2018-03-16,39.2679328918457,39.54163636785381,38.62643975817617,38.80605705253096,8624700
2018-03-19,38.21588134765625,39.22516405456734,37.81387797341806,39.22516405456734,9488200
2018-03-20,38.90869903564453,39.07120945795795,38.33563012878683,38.36984387963267,6657400
2018-03-21,40.29431915283203,40.645001905754896,38.994226120268536,39.21660895217955,9667300
2018-03-22,39.66994094848633,40.15747552618337,39.481768563128455,39.86666514099538,11574700
2018-03-23,39.72126007080078,40.918715418634726,39.55019781779878,39.83245314549474,11514900
2018-03-26,40.379859924316406,40.53381856126378,39.51598380615908,40.20879440961895,8960800
2018-03-27,40.09760284423828,41.123992624716664,39.78968558381445,40.57658234907254,9574800
2018-03-28,39.387691497802734,40.27722973660593,39.13109480736441,39.99497109316102,9719600
2018-03-29,40.1489143371582,40.41406599767786,39.53308316923275,39.55019004373105,12284400
2018-04-02,39.42189407348633,39.943642378247205,38.660656027315085,39.93508730873797,9091600
2018-04-03,40.02918243408203,40.174589282977784,39.08832687178244,39.64428579030356,7615400
2018-04-04,40.01206588745117,40.13181075596312,39.07121055245472,39.36202091718501,7857200
2018-04-05,40.7818603515625,41.38058797692883,40.16602584972249,40.20023960266984,8644700
2018-04-06,40.20024490356445,40.69633459830731,39.533092947134335,40.542375952545974,9877900
2018-04-09,39.82389831542969,40.52526394047659,39.755470809179705,40.41407087422191,9558500
2018-04-10,41.756935119628906,42.27868350284499,40.55947970690991,40.55947970690991,10241400
2018-04-11,42.41552734375,42.78331701194689,41.483223832265324,41.59441689220466,9195000
2018-04-12,42.94583511352539,43.37349729134453,42.21881071635424,42.81753841786173,8303700
2018-04-13,43.43335723876953,43.68140201361117,42.93727095188879,42.997143378532975,7340800
2018-04-16,43.416255950927734,43.621535199263455,42.826083414017354,43.46757657871241,6540700
2018-04-17,43.52745819091797,43.68141684393153,43.022816664440995,43.347840850003365,6101300
2018-04-18,44.5538444519043,44.93018598225597,43.920903012472955,43.98077545451065,12603800
2018-04-19,44.48542022705078,45.0413823874067,44.10907866888598,44.61372019107249,11319100
2018-04-20,44.44266128540039,44.88743042742969,43.689978056862294,44.10053343501147,13149800
2018-04-23,44.51963424682617,45.032830843118006,43.41626499074256,44.46831687115954,7555400
2018-04-24,43.93800735473633,45.22954884484489,43.63009009185473,44.6137143190817,8459900
2018-04-25,44.263023376464844,44.348554483665474,43.39059237924749,43.621530284052305,6377000
2018-04-26,44.99005126953125,45.04992370204744,44.314347636448204,44.48540986489281,7121500
2018-04-27,45.18678283691406,45.34073820403045,44.39133100326413,44.69924500030006,5969700
2018-04-30,45.323638916015625,45.93947023167188,44.81899741706745,44.99005967748096,7944800
2018-05-01,44.85320281982422,45.19533382742016,44.254478450735974,45.041375200282296,5590600
2018-05-02,45.02426528930664,45.5289066969597,44.69068937392295,44.76766868230402,5203000
2018-05-03,44.74201202392578,45.00716044927205,44.16894308832647,44.9558430832324,4814300
2018-05-04,44.63938522338867,44.85321635194777,44.06631936499624,44.57951276841645,6262400
2018-05-07,44.50252914428711,45.75985710318203,44.459763575256105,44.853212030827386,5559900
2018-05-08,44.36567687988281,44.6393804340486,43.416266248893606,44.528190608346314,8970400
2018-05-09,45.07559585571289,45.91381336358992,44.98150965107709,45.0242752178742,8434900
2018-05-10,45.08414840698242,45.67432433204146,44.8275517391672,45.62300369335695,6965900
2018-05-11,44.71635818481445,45.20389282739536,44.57095460427092,45.161127260341594,8541300
2018-05-14,44.9045295715332,45.16112623080983,44.81899843937551,44.87031581354871,8174300
2018-05-15,45.092689514160156,45.11834819415478,44.451196411873596,44.9900482685764,5075200
2018-05-16,45.30652618408203,45.46903661560088,44.76767099754663,45.08414005378987,6262200
2018-05-17,46.50397872924805,46.96585460901253,45.597337109121206,45.605888916019175,10191400
2018-05-18,46.46121597290039,46.79479192970368,46.23883308929929,46.46977104311771,6602700
2018-05-21,46.52964782714844,46.87177562330472,45.87104765947302,46.87177562330472,5544600
2018-05-22,45.53746032714844,46.794784640571166,45.315074215384705,46.32435699879788,6167200
2018-05-23,45.263755798339844,45.28941774344295,44.485410894806584,45.01571425623144,6704300
2018-05-24,44.70780944824219,44.99861989211344,44.53674390547018,44.81900254046457,6354400
2018-05-25,42.9287223815918,43.74128106121738,42.1332705782829,43.74128106121738,12915400
2018-05-29,42.56093978881836,42.74056038866835,41.94510845283015,42.27868443957451,6863800
2018-05-30,43.11690139770508,43.510349825165456,42.7747703442939,42.928728992048576,5673500
2018-05-31,42.543819427490234,43.15109871627572,42.355647093521995,42.8260746656403,7275400
2018-06-01,41.97931671142578,42.868851471937674,41.628630628654626,42.76621347318691,9214200
2018-06-04,41.012813568115234,42.12473485069975,40.884513578169056,42.05630731931398,11494700
2018-06-05,41.09865188598633,41.2789492797739,40.686549639653,40.918357767296285,8358200
2018-06-06,41.46781921386719,41.6567006008455,40.98703499260876,41.27894110198576,10921700
2018-06-07,42.00871276855469,42.489500356820656,41.682463930977875,41.77690464252097,7431700
2018-06-08,41.29612350463867,41.97437665248331,40.815339116372506,41.95720531360266,9377500
2018-06-11,41.09007263183594,41.459248217837974,40.89260715387404,41.278954078189884,7526300
2018-06-12,41.09007263183594,41.278954078189884,40.64362766097073,41.11582800175769,9443300
2018-06-13,40.92693328857422,41.45923477845818,40.80673723443811,41.05571664663253,8709600
2018-06-14,40.97845458984375,41.31328745035181,40.78098914070047,40.99562592565153,6875700
2018-06-15,40.008296966552734,40.85826010917991,39.49316997260131,40.73806402893108,15150700
2018-06-18,40.02547073364258,40.377474965074846,39.75073588350509,39.759323189814374,5972800
2018-06-19,39.58762741088867,39.819435638631745,39.17552498660063,39.51894203595786,8345700
2018-06-20,39.24418640136719,39.89668401889169,39.06389229985273,39.89668401889169,8669300
2018-06-21,38.56593704223633,39.063895969498724,38.25686281421891,39.063895969498724,9286800
2018-06-22,39.68205261230469,40.6522085897521,39.47599984336415,40.30020436893099,14098300
2018-06-25,38.84067153930664,39.52750855180734,38.385639357508445,39.398725179108425,9564600
2018-06-26,38.92652893066406,39.0295536743328,38.128079798261815,38.69472080108623,8455100
2018-06-27,39.35580825805664,40.30020897549906,39.24419619232682,39.484591662752436,8636400
2018-06-28,39.17550277709961,39.493164268317585,38.86642531533202,39.36438090088207,7432400
2018-06-29,38.68613815307617,39.32146124935415,38.62604011086332,39.12399578564085,8623800
2018-07-02,38.17959213256836,38.53159632683229,37.78465796148652,38.53159632683229,7527400
2018-07-03,38.231101989746094,38.79774295474339,37.87051377342842,38.643204212008,4651900
2018-07-05,38.162418365478516,38.454324503716514,38.050806328038256,38.4028104998755,5408200
2018-07-06,38.574520111083984,38.634618143966826,37.72455707087396,37.90485444461965,5642000
2018-07-09,39.34722137451172,39.46741746346454,38.754821685961666,38.754821685961666,6632300
2018-07-10,39.71638870239258,40.37747038400014,39.518923255953545,39.742147343300196,8631800
2018-07-11,38.7204704284668,39.43306604802912,38.437151606601375,39.132575892248056,8082400
2018-07-12,38.56593704223633,38.99521062431873,38.29978951740765,38.909357217941256,6793100
2018-07-13,38.93510818481445,39.14974495159975,38.47149525763204,38.634618021353894,4607300
2018-07-16,38.60028076171875,38.626039404408615,38.067982422527216,38.44574200596998,5280800
2018-07-17,38.68613815307617,39.06389774342801,38.21393457126429,38.41998734106381,7282000
2018-07-18,38.46291732788086,38.71189682406153,37.83617820911767,38.42857465080119,6856800
2018-07-19,38.60028076171875,38.94370094673771,38.11090912688019,38.239692515036694,6387800
2018-07-20,38.80632781982422,38.88359718633325,38.46290768531807,38.77198515135418,10584000
2018-07-23,35.66404342651367,36.96044796493999,35.41506400867187,36.57410115709873,31042400
2018-07-24,34.64238357543945,36.00747396587117,34.52218747283888,35.98171859391338,24846300
2018-07-25,34.18734359741211,34.70247052232183,33.88685343706429,34.693886492782084,22149400
2018-07-26,35.46658706665039,35.68980790425129,34.264619640836386,34.42774243465636,17273200
2018-07-27,35.88728332519531,36.12767884208203,35.37215615704987,35.40649884161921,10563200
2018-07-30,36.307960510253906,36.82308750086607,36.22210382842019,36.32513184662065,9024700
2018-07-31,36.41956329345703,36.47966459840353,35.61253026755151,36.359465263607525,10245300
2018-08-01,36.11049270629883,36.393811550181105,35.54385174343695,36.050394670472365,9216500
2018-08-02,35.98171615600586,36.187768943001764,35.535271180096345,35.535271180096345,6558300
2018-08-03,36.101898193359375,36.47107363978573,35.93877545369758,36.05897150135329,7336300
2018-08-06,36.024635314941406,36.265030728572604,35.92161058058361,36.1963453889359,5123500
2018-08-07,36.08472442626953,36.462487150660834,36.03321370937722,36.41097315867208,6557700
2018-08-08,36.08472442626953,36.32511978045393,35.82716101651865,35.84433234718157,5250800
2018-08-09,35.63829803466797,36.17059973446209,35.56102864438161,36.11050168369471,6172500
2018-08-10,36.007469177246094,36.05039915826405,35.40648874416746,35.66405225478655,3932500
2018-08-13,35.07166290283203,35.95596902559701,34.994393499388465,35.92162634071126,8411800
2018-08-14,34.9171142578125,35.415073223056346,34.891358888954294,35.251950428458066,5138900
2018-08-15,34.08432388305664,34.702475628891705,33.42324215791423,34.66813623058246,9293400
2018-08-16,34.14441680908203,34.49642097102733,34.03280477477827,34.17875947734428,6828300
2018-08-17,34.31613540649414,34.41057613014531,33.938372511889476,34.08432725074071,6072300
2018-08-20,34.68531036376953,35.002971930650055,34.26462076836192,34.3418901522083,5479600
2018-08-21,35.123165130615234,35.46658531390403,35.04589575313013,35.063067089804335,5361700
2018-08-22,35.37213897705078,35.655457799395215,35.26052694395894,35.432237008308604,4564500
2018-08-23,35.054481506347656,35.32921633077083,34.93428215495226,35.21760428488096,4873200
2018-08-24,35.03730773925781,35.53526334581101,34.93427973092496,35.38072460840897,5121100
2018-08-27,35.209022521972656,35.5438587123521,35.06307105637733,35.131753135746315,5127000
2018-08-28,34.9171142578125,35.42365725430982,34.7368201256095,35.27770579731628,6639700
2018-08-29,34.96003341674805,35.157498825426146,34.66812731802896,34.96003341674805,5691600
2018-08-30,34.530757904052734,34.874174704345585,34.3418765350789,34.814076682416925,7597600
2018-08-31,34.24745178222656,34.470675917600694,33.981304211331825,34.384819221265225,6108300
2018-09-04,34.04909133911133,34.54068130611658,33.90247828822443,34.42856331488656,5145000
2018-09-05,32.02235794067383,33.04865906852671,31.755000691763055,32.94516731956976,20306500
2018-09-06,31.789506912231445,32.39321496224655,31.720510202540943,31.91024786424563,13673200
2018-09-07,31.737749099731445,31.74637533062072,30.832188963002515,31.42727058658024,10740900
2018-09-10,31.64288330078125,32.03960771073691,31.608388243781864,31.815371745551957,7632100
2018-09-11,32.21208953857422,32.35007962214994,31.289280237797243,31.936109371422774,12547100
2018-09-12,32.89341354370117,33.43675087978179,32.65193174541768,32.74680053472698,11335300
2018-09-13,33.143524169921875,33.264265078528176,32.59156385061135,32.686432647357165,9940500
2018-09-14,33.31602096557617,33.635122488513694,33.07453579772759,33.143532499954,9220400
2018-09-17,33.38500213623047,33.83347066642593,33.34188085812262,33.56611347824903,6988800
2018-09-18,33.77310562133789,33.99733827733193,33.583368019382284,33.60061719137308,6657800
2018-09-19,34.54930114746094,34.76491085766489,33.84210156118742,33.98009164412022,9132400
2018-09-20,34.83389663696289,35.10987674247939,34.644159080691914,34.937388354045986,7675700
2018-09-21,35.109886169433594,35.19613203177837,34.816656817347855,35.15300745563435,12451300
2018-09-24,35.41173553466797,35.937820397849585,35.1357554035114,35.610096048315334,7406400
2018-09-25,35.67046356201172,35.94644367046523,35.575594782866624,35.66183733302994,8039800
2018-09-26,35.42898941040039,35.791212146931585,35.27375015476042,35.403114007831654,10391200
2018-09-27,35.00638961791992,35.53247779118578,34.687288195917425,35.48073028088424,10919700
2018-09-28,34.95465087890625,35.35137531088385,34.65279855125945,34.68729690011726,9517400
2018-10-01,35.403114318847656,35.52385523208543,34.79078352174574,35.11851120763622,6731100
2018-10-02,35.972328186035156,36.19656415771693,35.256505560920736,35.428994010688974,8534000
2018-10-03,36.04995346069336,36.29143864410486,35.62736014712532,36.13619934403463,8876400
2018-10-04,36.127559661865234,36.42078897617975,35.71358944576406,35.88607785829192,6341400
2018-10-05,36.22243881225586,36.610537028947356,35.95508153188088,35.96370776444279,8358000
2018-10-08,36.231048583984375,36.325917368015546,35.59284578404434,35.72220961595202,7125400
2018-10-09,36.343170166015625,36.71401910974582,35.92919994067695,36.33454722567109,9496600
2018-10-10,35.04952621459961,36.35181116176405,35.01502785932304,36.20519479681075,9084100
2018-10-11,34.28193664550781,34.98913608166629,33.988707370275584,34.713155974382126,12017900
2018-10-12,34.15256881713867,34.721778187759575,33.62648401045789,34.61828647217641,7816900
2018-10-15,34.32506561279297,34.67004246918009,33.936967471843246,34.27332138729509,11180000
2018-10-16,34.566558837890625,34.88566036644998,34.299201546968845,34.411319545090095,7822000
2018-10-17,34.11808776855469,34.5148089159935,34.04909106989907,34.3078221099703,8723800
2018-10-18,32.772666931152344,33.70410220205208,32.453565569059144,33.49711548964919,16491600
2018-10-19,32.37596130371094,33.514380536483586,32.367335071221476,32.63469234935131,16521400
2018-10-22,31.39277458190918,32.37595431714364,31.108168190160768,32.099974156023194,15887600
2018-10-23,30.70282745361328,30.737325803615047,29.86626385070471,30.616584868552597,14431300
2018-10-24,29.52128791809082,31.039182469506294,29.48678956693505,30.806323534120605,15161400
2018-10-25,29.961130142211914,30.42684466819639,29.840385927385686,29.94388096866531,11681300
2018-10-26,30.306102752685547,30.771820553390373,29.090064021918515,29.33154586379064,12585400
2018-10-29,29.685142517089844,30.599328847955036,29.271172279512115,30.400968314737142,11743300
2018-10-30,30.237110137939453,30.375100235450947,29.383294147750988,29.54715636043856,10404400
2018-10-31,29.909379959106445,30.702822131959046,29.797261986005736,30.53033699173416,10625500
2018-11-01,29.98700523376465,30.314732983790126,29.547159489530287,30.099123227973536,10371000
2018-11-02,30.0991153717041,30.25435461856804,29.754138536463586,30.18535793554277,7762000
2018-11-05,30.832199096679688,30.996061348058348,30.280238576305027,30.504471303978153,8974800
2018-11-06,30.849441528320312,31.168543017519276,30.60795967594742,30.909811991413534,7199200
2018-11-07,31.40140151977539,31.487644097374975,30.728700202656963,31.15991967054179,8772700
2018-11-08,30.50446891784668,31.323786690539443,30.314734560024494,31.246167042811834,8076600
2018-11-09,30.16811180114746,30.39234775360558,29.5471547511936,29.90938079364777,9356800
2018-11-12,29.460914611816406,30.55621248096958,29.417793321995664,30.513091191148842,9957400
2018-11-13,27.830904006958008,29.400542559199167,27.684287681558768,29.32292292573918,21537000
2018-11-14,27.81365394592285,28.44323393502187,27.606667166657235,28.279371731813054,15648700
2018-11-15,27.986143112182617,28.00339228506777,27.38243522097559,27.598044947125004,13292400
2018-11-16,27.994766235351562,28.35699228840411,27.71016310575767,28.18450384837639,7905100
2018-11-19,28.451862335205078,28.529481972104023,27.770534776863634,27.813656066264492,12194600
2018-11-20,27.115076065063477,28.029260723451742,26.85634344063336,27.97751321158285,12667100
2018-11-21,27.537677764892578,27.71878916682993,27.29619425067091,27.451433535172562,5358200
2018-11-23,26.47687339782715,26.88221906582384,26.278511211812837,26.675233938869898,7920200
2018-11-26,27.425556182861328,27.45142994188211,26.80460077110735,26.82184994378787,18206600
2018-11-27,27.494548797607422,27.90852068047929,27.25306698131796,27.322062020968023,12510100
2018-11-28,27.74465560913086,27.80502935403766,26.916715121105398,27.503173789275863,9467700
2018-11-29,27.503177642822266,27.899898771010616,27.11508110154737,27.77053490222407,8943300
2018-11-30,27.106456756591797,27.270320619466595,26.692486450881354,27.244446858495277,10940700
2018-12-03,28.167253494262695,28.5553516455654,27.753283229520886,27.899896258933452,11352800
2018-12-04,27.115076065063477,28.30524087353337,26.97708599002266,28.17587373883259,13617600
2018-12-06,25.839996337890625,26.499222697127994,25.362922584262066,26.4385046104438,18911100
2018-12-07,25.744579315185547,26.95027167256141,25.631815744608094,26.39513303108366,14265700
2018-12-10,25.397613525390625,25.66650855423101,24.877170306596394,25.276175726524492,12882700
2018-12-11,24.981264114379883,25.88336613654081,24.434799675356707,25.83999654697083,13488600
2018-12-12,25.68386459350586,26.117567127516054,25.284857401905665,25.345575491956073,10506100
2018-12-13,25.9440860748291,26.186960095303924,25.380273097972314,25.5624273724955,15027300
2018-12-14,25.154741287231445,25.90071000655057,25.024630887324122,25.623140712230015,17021100
2018-12-17,25.232810974121094,25.51905455104347,24.859826568400848,25.085352061497826,15925500
2018-12-18,25.137399673461914,25.80530200476956,24.946571144992852,25.23281476491842,15300200
2018-12-19,23.97507095336914,25.388941869616918,23.680153154438077,25.21546022750092,18010600
2018-12-20,23.541372299194336,24.356733501528485,23.437284620692676,23.723528218237966,13922500
2018-12-21,22.42241668701172,23.732198266502227,22.170868475343983,22.812747893968634,21135400
2018-12-24,21.80655860900879,22.50048352016118,21.80655860900879,22.214239969963337,8496000
2018-12-26,22.92551612854004,22.94286462690345,21.42490576342631,21.954021727959372,14755100
2018-12-27,22.86479949951172,22.86479949951172,21.93667628554309,22.457118034144735,12775500
2018-12-28,22.951528549194336,23.393905163641993,22.75202585673066,23.055617845599826,8990100
2018-12-31,23.05562973022461,23.151044829910234,22.33568349350493,23.020934383166985,9885800
2019-01-02,23.680156707763672,23.975074550948626,22.56120507698624,22.647945911060134,7805400
2019-01-03,23.532695770263672,23.975072497145295,22.916839044539078,23.7322001678764,11693600
2019-01-04,24.651647567749023,24.74706263711371,23.8102654020354,24.018442381559076,15701000
2019-01-07,24.99861717224121,25.25883972046234,24.38276028489498,24.833809723812237,10997300
2019-01-08,25.32822608947754,25.65783925407457,25.03330826378581,25.36292142838284,8621700
2019-01-09,26.022146224975586,26.13490813066201,25.406289558450712,25.70987994085396,10328500
2019-01-10,26.77678871154785,26.794135551341913,25.770597553536064,25.80529454201113,10433500
2019-01-11,26.629335403442383,26.69872774050024,26.056848209104118,26.447179484638127,11392400
2019-01-14,26.343090057373047,26.57728814536767,26.082867569849224,26.195631144109328,8247100
2019-01-15,26.325742721557617,26.68137864785695,26.16093530430258,26.542593976834954,7746100
2019-01-16,26.334415435791016,26.559940926671292,26.048171861682142,26.221651863129036,10084300
2019-01-17,26.80281639099121,26.863534481313575,25.883367478015668,26.143588337809764,12746500
2019-01-18,27.97380828857422,28.077895951066562,27.14977296403259,27.245188033353543,16457300
2019-01-22,27.115074157714844,27.514079570275047,26.100210478861406,27.323251110499736,16986900
2019-01-23,26.932926177978516,27.262541023923013,26.45585406159612,27.167125938869003,12503900
2019-01-24,27.071704864501953,27.644193593725447,26.7507659930507,26.889550638182612,11264500
2019-01-25,27.843700408935547,28.077900166368806,27.340607207287814,27.366628299595632,10357300
2019-01-28,27.089059829711914,27.427348930668536,26.611987704914753,27.41000043227202,10076500
2019-01-29,26.759443283081055,27.366625760967032,26.72474629063083,27.323256174847913,6375500
2019-01-30,27.38397789001465,27.574808064919537,26.707402991915874,26.984972350566025,7975800
2019-01-31,27.201820373535156,27.644197106523045,27.03701296608233,27.349279284531118,7494700
2019-02-01,27.86104393005371,28.1212647333125,27.210491921906737,27.32325382880061,7776100
2019-02-04,27.97380828857422,27.97380828857422,27.37529843869076,27.600823913348925,6164700
2019-02-05,28.01717758178711,28.034526076837192,27.713587190628402,27.939111008505286,6061500
2019-02-06,27.782978057861328,28.06054736284582,27.748282721960045,27.930438612383345,5471400
2019-02-07,26.455852508544922,27.748285760429113,26.212978512866727,27.51408601328697,9466200
2019-02-08,25.76192283630371,26.403802180166117,25.501700407531384,26.221646314581154,9856100
2019-02-11,26.195636749267578,26.395139540946786,25.501711621833195,25.605800970003774,7912200
2019-02-12,26.75077247619629,27.193149260182174,26.59463929897258,26.59463929897258,9440900
2019-02-13,27.236515045166016,27.479389026284686,26.724745993324145,26.90690189277406,7146400
2019-02-14,27.40999412536621,27.774304235647765,26.984965939111643,27.106402091057667,8271100
2019-02-15,27.626848220825195,27.99115836906804,27.34927889920087,27.809004122168446,8249100
2019-02-19,27.49673843383789,27.817677348852964,27.32325677665309,27.36662636372744,5434300
2019-02-20,28.008508682250977,28.372817199683617,27.496739591890226,27.496739591890226,14461700
2019-02-21,27.21916961669922,27.947791642169992,27.00231835518986,27.861049152233658,7680800
2019-02-22,27.1671199798584,27.505407346202198,26.924247677639663,27.40999393652061,6207800
2019-02-25,27.540102005004883,27.80032277949531,26.976289223980064,27.05435578721586,9977300
2019-02-26,27.357954025268555,27.904416783504214,27.33193128011479,27.540108278013776,7107800
2019-02-27,27.106403350830078,27.722260040828026,27.05435951964068,27.470713478042978,8237600
2019-02-28,26.620656967163086,27.210492566597576,26.32573916744584,27.193144071451016,8639200
2019-03-01,26.82883644104004,27.149775358885275,26.698726024225927,26.79413944751963,10827800
2019-03-04,26.872207641601562,27.305910159979035,26.542594455589963,27.054363559630882,11119500
2019-03-05,26.427244186401367,26.924554211690012,26.235298798316304,26.872204561787285,11444600
2019-03-06,25.16215705871582,26.331272666195947,25.083634244473682,26.226575025835583,13930200
2019-03-07,24.368207931518555,25.14470954086006,24.272235224166163,25.066186719228593,13403200
2019-03-08,23.96686553955078,24.14136104421019,23.565528208591584,23.931967437086378,13408400
2019-03-11,24.333301544189453,24.62121792385346,23.95813742375497,24.324576603701182,11469800
2019-03-12,24.507801055908203,24.71719466972367,24.31585732593882,24.429278242713337,10351000
2019-03-13,24.865510940551758,24.996381717942743,24.673567244652457,24.68229218502682,10434700
2019-03-14,24.839338302612305,25.188329291811474,24.708467513718798,24.865513126035953,11150500
2019-03-15,24.403100967407227,24.8393380350956,24.315854885159432,24.734642070753306,12211800
2019-03-18,25.18832778930664,25.301748689152063,24.516522338518072,24.542695496268102,8630300
2019-03-19,25.528596878051758,25.78161354643584,25.380276188270546,25.406451014977552,13381300
2019-03-20,26.261478424072266,26.47959701287002,25.371554182390362,25.519874889337345,13823600
2019-03-21,26.209123611450195,26.305094633961478,25.912482274715686,26.04335306113095,9167300
2019-03-22,25.066179275512695,26.078249049201805,24.99638141746904,25.97355309419242,10438000
2019-03-25,24.638673782348633,25.013837993800642,24.394380381746416,24.86551729774084,9254700
2019-03-26,24.839338302612305,25.284300316140115,24.708467513718798,24.935310991053314,6093500
2019-03-27,24.917865753173828,25.01383845950304,24.61249941276397,24.78699493988751,6746400
2019-03-28,25.4675235748291,25.528596505474876,24.647397321883926,24.717195194638034,8155900
2019-03-29,25.56348991394043,25.9212041541094,25.24940037629953,25.729260455322617,7680600
2019-04-01,26.296367645263672,26.322542466153404,25.60711400295617,25.851405674811495,11365500
2019-04-02,26.121875762939453,26.802404515263962,26.113150821997813,26.27019643072265,11866500
2019-04-03,26.113155364990234,26.57556566655783,25.95610972894365,26.287649221843296,8063000
2019-04-04,26.540664672851562,26.645362306860985,25.81651116863308,26.10442758201844,9072200
2019-04-05,27.020524978637695,27.177570598592467,26.51449001662368,26.662810695012915,8285800
2019-04-08,27.299715042114258,27.421860882051757,27.064146638709996,27.125219558678747,6805200
2019-04-09,26.880929946899414,27.12522332480491,26.680261277965876,27.099048499421734,7704200
2019-04-10,27.08159828186035,27.334614918780137,26.959450769863423,27.01179875265504,4913400
2019-04-11,27.22119903564453,27.43931761232722,26.889657867183747,27.046703508653312,5744500
2019-04-12,27.33462142944336,27.753408719749363,27.10777789783275,27.570189904282774,7024200
2019-04-15,27.299715042114258,27.66615256192676,27.02924687637799,27.273540220365252,6961100
2019-04-16,27.753408432006836,27.86683102869258,27.33462114604275,27.500391737445813,5614300
2019-04-17,27.561466217041016,28.102399408975288,27.535291386161806,27.988980134170568,10626300
2019-04-18,27.160120010375977,28.18091484946938,27.125221909132243,27.657431682026534,9759200
2019-04-22,27.12523078918457,27.99770523936326,26.706443452485903,27.762136738427905,22164600
2019-04-23,27.17757225036621,27.517838335652748,26.811133002904782,27.203747076653652,13363800
2019-04-24,26.27019500732422,27.046696403821237,26.18294726674751,27.011796641945658,11444000
2019-04-25,25.493696212768555,26.3312723327058,25.467523051094357,26.31382244884799,8840400
2019-04-26,25.170883178710938,25.275579159858363,24.682298050426855,25.240681054180094,9934500
2019-04-29,25.10108184814453,25.484969278327487,25.07490702440426,25.258127462361372,6507100
2019-04-30,24.717195510864258,25.205780626393857,24.612497868337343,25.17960746384656,10142700
2019-05-01,24.071565628051758,24.92659002696209,24.054115742985186,24.75209616863429,8826500
2019-05-02,24.202436447143555,24.34203219950459,23.740024477377222,23.940694827494767,10142700
2019-05-03,24.228607177734375,24.586321440684696,24.097736390040023,24.263505277867104,8127700
2019-05-06,24.106464385986328,24.333307905648397,23.79237476685727,23.993043458211634,7067800
2019-05-07,23.50446128845215,23.87962555447544,23.199094909309036,23.74875306047633,10469600
2019-05-08,23.120563507080078,23.69639627639158,22.902444983428378,23.42592977301491,11995500
2019-05-09,22.675601959228516,22.876270605495737,22.23063996264969,22.84137250637254,12767700
2019-05-10,22.125947952270508,22.57963330656198,21.759508693423005,22.55346014357383,14085600
2019-05-13,21.506484985351562,21.968896830623926,21.22729355579549,21.689705401067854,17946700
2019-05-14,22.187021255493164,22.378964998435098,21.602463420042007,21.707159401969378,9745500
2019-05-15,22.326616287231445,22.448762150243923,21.73333352840643,21.864204333650164,8288200
2019-05-16,22.579626083374023,22.8500942178883,22.396407344617966,22.518553170455338,8362800
2019-05-17,21.968902587890625,22.50983570838677,21.881654827261777,22.274268918035286,7923900
2019-05-20,21.88165283203125,22.160844309296007,21.759506976756036,21.81185496271506,7073000
2019-05-21,22.326616287231445,22.46621203470644,21.951452091850182,21.986351860775216,8764900
2019-05-22,21.585010528564453,22.230641207565824,21.45413973732716,22.17829322389339,13154000
2019-05-23,20.511869430541992,21.157500163678257,20.093082197823204,21.0964272335875,23565700
2019-05-24,20.040739059448242,20.7997926215631,19.953492939025473,20.721269781892143,10217300
2019-05-28,20.058181762695312,20.276300313830465,19.805165108717024,20.12797963249406,11673400
2019-05-29,20.07562828063965,20.180324235730016,19.525968692022513,19.735363930427653,12559400
2019-05-30,19.34275245666504,20.119253937103032,19.22060660512084,20.040731128506785,12157000
2019-05-31,18.57497787475586,19.019938284867106,18.44410540389804,18.915242305115964,16450300
2019-06-03,18.845443725585938,19.07228722537752,18.5051776438423,18.627325167799324,10669300
2019-06-04,19.32053565979004,19.52289228063579,19.06539283590977,19.118180717040776,9992700
2019-06-05,18.643089294433594,19.390924717399876,18.45832916494934,19.294145522046374,21224800
2019-06-06,18.959815979003906,19.047796902327356,18.660681846562102,18.801452330737543,16250700
2019-06-07,19.030200958251953,19.34693162056793,18.854240784373758,19.04779747906875,15266500
2019-06-10,19.144573211669922,19.63726395897976,19.144573211669922,19.179764568858197,10838300
2019-06-11,19.426115036010742,19.73404744980476,19.214961812348268,19.382125410367305,10124300
2019-06-12,18.537506103515625,19.27654303664748,18.511113006108488,19.179763871231383,18406400
2019-06-13,19.056596755981445,19.162174208417277,18.67827992872335,19.03900023422603,23940000
2019-06-14,18.81024932861328,19.10058520733142,18.616692635500048,19.003807699823092,10687900
2019-06-17,19.329336166381836,19.575682437121085,18.643088597624185,18.695876484890924,12372800
2019-06-18,19.549287796020508,19.813230590459106,19.311741462551467,19.443712020722423,12887800
2019-06-19,19.18856430053711,19.654861985271452,19.15337294064765,19.55808280890671,11726500
2019-06-20,20.129961013793945,20.209143689898948,19.725251049787758,19.786837202736802,14720600
2019-06-21,20.094764709472656,20.464283214494692,19.89240977717631,20.226735244531298,19469700
2019-06-24,19.804428100585938,20.27072576318945,19.75164022420889,20.15635007326013,17465300
2019-06-25,19.795631408691406,19.98918808946166,19.487699028936913,19.76043836958965,8246600
2019-06-26,20.4114990234375,20.710633185260566,19.98039262461855,20.08597007859592,14331500
2019-06-27,19.997987747192383,20.525871623945065,19.96279638372705,20.411497595062,9923000
2019-06-28,20.00678253173828,20.37630101345783,19.88361026386386,20.08596518339935,36268900
2019-07-01,20.191553115844727,20.710638912067118,20.10357215955163,20.46429257006588,11586900
2019-07-02,19.92760467529297,20.094768277701913,19.549287843676424,20.085970016722843,14286700
2019-07-03,20.094764709472656,20.103562968889417,19.76043756402127,19.9188028773302,6255300
2019-07-05,20.261934280395508,20.314722174426635,19.901213928005177,19.93640529799363,8454700
2019-07-08,20.455490112304688,20.67544161888861,20.085971514119827,20.20914382081584,14363000
2019-07-09,20.737028121948242,20.737028121948242,20.015587436682015,20.332318148495226,13350800
2019-07-10,20.76342010498047,20.98337158558811,20.55226688496873,20.860197615342127,15516200
2019-07-11,20.983375549316406,20.983375549316406,20.666644820420526,20.763424027160255,12268800
2019-07-12,20.8953914642334,21.150535997072552,20.842603576717146,21.027362022072378,11853900
2019-07-15,20.64024543762207,21.1241396854736,20.596255814224918,20.99216913718557,13114400
2019-07-16,20.129961013793945,20.72822937632206,20.08597138400086,20.596258808845988,9675800
2019-07-17,19.162174224853516,20.138757689763384,19.15337596396826,20.077171541663272,12759600
2019-07-18,19.074188232421875,19.16216913983045,18.66947672958092,19.082986490972356,12674400
2019-07-19,19.135780334472656,19.232559530626467,18.845444424107974,19.09179070609188,17145600
2019-07-22,20.8865909576416,20.956975359461342,19.74284400854671,20.103564277634938,28286300
2019-07-23,20.974578857421875,21.159337344379352,20.42909830327192,20.82501174403375,18363400
2019-07-24,20.930583953857422,21.185726801845217,20.745823835296857,20.904189171749728,12981900
2019-07-25,20.429096221923828,21.141740342689825,20.261934277830278,21.106547294608937,12426200
2019-07-26,20.261934280395508,20.59625984672183,20.173953338279038,20.46428927259557,6551500
2019-07-29,19.514095306396484,20.235535882404132,19.276547308512036,20.226737621953237,12261500
2019-07-30,20.4114990234375,20.437892128359316,19.188567593126727,19.355731196050606,17794400
2019-07-31,20.235532760620117,20.640242610346277,20.015581317569897,20.473080721857475,13557400
2019-08-01,19.056596755981445,20.024383637272624,18.792655642036888,19.98039233288408,16509400
2019-08-02,18.47591781616211,19.214954663056275,18.33514905276284,19.10937725145881,14128600
2019-08-05,17.868854522705078,18.071211122937232,17.560922170965664,18.000825051137305,13777200
2019-08-06,17.552127838134766,18.124001319983254,17.156214524033835,17.965635994342882,14552800
2019-08-07,17.28818702697754,17.48174541494271,16.813092674356163,17.094630317109086,16661000
2019-08-08,17.534530639648438,17.622511559167144,17.165012120147043,17.36736706037254,17492900
2019-08-09,17.173812866210938,17.622514110429293,17.07703367291971,17.534533178173334,13613200
2019-08-12,17.0770263671875,17.20899687006471,16.8042871041618,17.08582462445878,10673200
2019-08-13,17.138622283935547,17.930447431786945,16.87468112735073,17.024248230241312,12404600
2019-08-14,16.126842498779297,16.716312534214953,15.942084060466458,16.689917752414566,18264700
2019-08-15,16.05645179748535,16.100441405144185,15.36140458542321,15.959672646920758,21154700
2019-08-16,16.60193634033203,16.654724218960965,16.012466381670304,16.144436917290843,14359600
2019-08-19,17.00664710998535,17.147415912537294,16.777897386314322,17.00664710998535,13001000
2019-08-20,16.769102096557617,16.883477817699756,16.557948855329972,16.813093403957208,8284200
2019-08-21,16.36438751220703,17.033040092837012,16.35558925321365,16.980250538876735,10964700
2019-08-22,16.425975799560547,16.892273518736438,16.417177539414226,16.584341126001284,13271100
2019-08-23,15.59015941619873,16.34679300157955,15.537371533852507,16.100446753802963,14091600
2019-08-26,15.3966064453125,15.959681801178625,15.273434130741018,15.845307748804668,12999100
2019-08-27,15.229442596435547,15.642952523171017,15.141461653847346,15.572568104719839,10316700
2019-08-28,15.836503028869629,16.06525271843596,14.930302529214106,15.211841770439301,14771300
2019-08-29,16.302804946899414,16.531554696523795,15.994872527093644,16.00367078801343,13070400
2019-08-30,16.575542449951172,16.83068527540649,16.285206584793603,16.37318750595273,12154600
2019-09-03,16.66437339782715,16.726553623736148,16.104747976077995,16.16692989627108,13125600
2019-09-04,16.66437339782715,17.019690184652912,16.619957740546376,16.904212864291072,12794000
2019-09-05,16.877561569213867,17.34835731766572,16.82426448076321,16.833147611218966,12560800
2019-09-06,16.957508087158203,16.99303891477723,16.468947770980275,16.79761512716284,10921200
2019-09-09,17.7214412689209,17.943514459286902,17.07298626539633,17.12628505096864,13565300
2019-09-10,17.792509078979492,18.396546884884195,17.685913175417245,17.94351895402677,16748500
2019-09-11,17.810272216796875,18.29883433521187,17.552668153215816,17.881335582021055,14736400
2019-09-12,17.543781280517578,17.765854461283624,16.966391349382643,17.28617557757269,13410400
2019-09-13,18.005695343017578,18.16558831704087,17.561548945968013,17.88133319973055,10717200
2019-09-16,19.977705001831055,20.208661334684393,18.991699445088738,19.062762801790992,36553100
2019-09-17,18.680797576904297,19.79116354022824,18.494255214038194,19.79116354022824,19353900
2019-09-18,18.485376358032227,18.78739610544556,18.263303114009737,18.54755659527302,15049000
2019-09-19,18.583086013793945,18.938402805836215,18.54755348744766,18.787392957432736,12901700
2019-09-20,18.15670394897461,18.707444495001273,18.01457724714296,18.57420092381959,15934600
2019-09-23,18.30771827697754,18.520908382074555,17.970166006527336,18.05011250772426,11085400
2019-09-24,17.31283187866211,18.210008090329055,17.23288536613741,18.121178443714435,18536300
2019-09-25,17.268415451049805,17.303946288080894,16.957512579177113,16.993043416208206,10550700
2019-09-26,17.117401123046875,17.1884644728839,16.753201243346638,17.099634862016643,10841000
2019-09-27,16.637725830078125,17.303945513875764,16.513365364606866,16.913097852599158,14587700
2019-09-30,16.74431800842285,16.8953278376704,16.47782917748276,16.53112796024112,9884200
2019-10-01,16.50448226928711,17.019692091477737,16.30905843820938,16.877565360824065,12198100
2019-10-02,16.140277862548828,16.788731104252445,16.078097646807908,16.50447772127463,12056800
2019-10-03,16.557777404785156,16.575543667579595,16.01591994382734,16.042567643734923,10074200
2019-10-04,16.47783088684082,16.81538310219142,16.229109985302557,16.584426769131554,7944900
2019-10-07,16.30905532836914,16.69990291599707,16.282405936096527,16.548893081686842,8287800
2019-10-08,16.21133804321289,16.522240755501066,16.02479743241007,16.11362532653514,11337600
2019-10-09,16.229114532470703,16.433421528630795,16.007041268570287,16.335708750343557,11083800
2019-10-10,16.371234893798828,16.53112785246365,16.18469254392857,16.317937805671846,9799100
2019-10-11,16.83314323425293,16.975269896021405,16.522240526278093,16.548888216432523,10477700
2019-10-14,16.66437339782715,16.726553623736148,16.033684618712844,16.540012946009153,9185800
2019-10-15,16.6110782623291,17.0374584568033,16.50448236656841,16.628842833052314,11120800
2019-10-16,16.25575828552246,16.797617459801256,16.246876848097287,16.57554424992098,9417800
2019-10-17,16.442293167114258,16.575536693442352,16.22022005847298,16.362346712460727,13595800
2019-10-18,16.371234893798828,17.064102122301225,16.371234893798828,16.49559533085641,26677300
2019-10-21,17.41942024230957,17.765853850217987,16.078098073304048,16.122512030216054,27859700
2019-10-22,17.677026748657227,17.85468599006447,17.05522279230005,17.597080259452376,14548100
2019-10-23,17.952392578125,18.12116864601094,17.250642307287535,17.508246279476282,11784100
2019-10-24,17.685909271240234,18.08564170350193,17.348358757329052,18.032342916344348,9416900
2019-10-25,18.192235946655273,18.227768471539118,17.579315140965292,17.668143064606827,13148300
2019-10-28,18.0323429107666,18.334362594096678,17.961279555529174,18.298831763619983,12464800
2019-10-29,18.103403091430664,18.236648341633774,17.703672423672547,17.81026659069455,11592000
2019-10-30,17.268415451049805,18.165591535352437,17.250649185392085,18.12117587120814,13151500
2019-10-31,17.09963607788086,17.268412181101027,16.753202434577798,17.16181630162407,10693300
2019-11-01,17.845802307128906,17.881333137741994,17.1884658450884,17.25064606937433,11548200
2019-11-04,18.716327667236328,18.734093928575742,18.19223481771118,18.210001079050596,16301100
2019-11-05,18.69856071472168,19.018346629874785,18.5209031907463,18.796273454192658,14116000
2019-11-06,18.2988338470459,18.73409715921784,18.138940855985954,18.574204168157898,11389800
2019-11-07,18.618616104125977,19.00946540694384,18.529788180367227,18.618616104125977,8367700
2019-11-08,18.90287208557129,18.920636654565385,18.16558910236652,18.387662310491862,9603400
2019-11-11,18.876222610473633,18.902872005277757,18.352129705981284,18.627500008487463,6712900
2019-11-12,18.680797576904297,19.04499747733183,18.54755230587822,18.902870769569084,6971200
2019-11-13,18.316600799560547,18.574204865946967,18.21888803595658,18.574204865946967,7355600
2019-11-14,18.05899429321289,18.58308723116491,18.014580326654606,18.31660004324676,6247700
2019-11-15,18.192235946655273,18.47648936858988,18.067875498129894,18.156705116055466,9152100
2019-11-18,17.907983779907227,18.023462799589712,17.508251318366554,18.023462799589712,8836400
2019-11-19,17.677026748657227,17.828036595568157,17.39277331783291,17.78362263235839,10244400
2019-11-20,18.236656188964844,18.556440521919505,17.58820100103167,17.774743415015983,12520300
2019-11-21,18.769624710083008,18.83180662461562,18.254414992514594,18.41430795560202,10522600
2019-11-22,18.645267486572266,18.876223840404258,18.48537449589748,18.636384354392085,7404000
2019-11-25,18.956161499023438,18.973927755101773,18.43206880469662,18.591961720834757,7804800
2019-11-26,18.50313949584961,18.90287194522093,18.378779042393692,18.814042323773513,10678100
2019-11-27,19.018346786499023,19.116059526774706,18.432073733412704,18.512020212859372,9061900
2019-11-29,18.645267486572266,18.814043609427227,18.52979015679838,18.69856458536912,6437400
2019-12-02,18.91175651550293,19.089414077628927,18.698564730096955,18.742980391341632,10234100
2019-12-03,18.467605590820312,18.680795630248696,18.165585944725812,18.51201954701146,13049600
2019-12-04,19.238208770751953,19.45326074324233,18.664736844110948,18.682658269088765,12904400
2019-12-05,19.19341278076172,19.480148831676882,19.032123324851522,19.354702236671915,10274500
2019-12-06,20.00881004333496,20.01777075452037,19.139641567321185,19.175482702981913,13910800
2019-12-09,20.22386360168457,20.37619228585523,19.75791683727067,19.75791683727067,12210900
2019-12-10,20.421003341674805,20.537489220998353,20.188029873946036,20.331397898843484,13220800
2019-12-11,20.949663162231445,21.012388142512826,20.42995386060958,20.43891457207835,13972800
2019-12-12,21.774030685424805,21.962202215607928,21.003428268283475,21.066151541984173,16237100
2019-12-13,21.49626350402832,22.114539178873457,21.478342073666045,21.84572285068434,14103500
2019-12-16,21.81884002685547,22.19518147787649,21.729234593930183,21.729234593930183,13360600
2019-12-17,22.123493194580078,22.239979038497083,21.76507324128027,21.818835807004955,24723100
2019-12-18,21.989086151123047,22.195177412747793,21.8098753180956,21.989086151123047,14949200
2019-12-19,21.93532371520996,22.22205970483394,21.818837860330714,21.917402288588136,13319500
2019-12-20,21.944284439086914,22.231020428848954,21.81883787083635,22.042850576473107,16971100
2019-12-23,22.30270767211914,22.356471959835105,21.926366203515197,21.935326918134525,11847800
2019-12-24,22.275821685791016,22.705925625839413,22.204137695782947,22.320623538640632,5828500
2019-12-26,21.989086151123047,22.392307961813053,21.881559309490346,22.338545395537285,10144900
2019-12-27,21.86363983154297,22.123495391667337,21.79195583376406,21.998047113743258,8452600
2019-12-30,22.006999969482422,22.39230196087714,21.962198127772634,22.01596067964052,9078400
2019-12-31,21.92636489868164,21.962207755025947,21.621707456080856,21.818839747811634,10702100
2020-01-02,22.114538192749023,22.257906211090866,21.881564735673134,22.12349890753059,9125500
2020-01-03,22.186220169067383,22.804495759691953,22.02493073594085,22.66112775448646,11562600
2020-01-06,22.750732421875,22.822416427458272,22.177260377208814,22.40127310829173,14422600
2020-01-07,22.105571746826172,22.71488652134745,21.7023482316044,22.71488652134745,12406300
2020-01-08,21.55002212524414,22.060772542205523,21.290168269077704,21.926363548273848,14021100
2020-01-09,21.675466537475586,21.774030950599464,21.030308950797586,21.585861127205746,13480200
2020-01-10,21.576906204223633,21.711313501148528,21.442498907298734,21.630668781177288,8385000
2020-01-13,21.281208038330078,21.47833861331057,21.137840036693103,21.460418894916995,11442700
2020-01-14,21.451459884643555,21.541065320052596,20.94071112461801,21.137841715252677,13325200
2020-01-15,21.119909286499023,21.397684453420386,21.04822531732317,21.29015935419692,9940800
2020-01-16,21.334970474243164,21.514181329675683,21.200563187209465,21.25432576020667,10188100
2020-01-17,21.469379425048828,21.71131358590703,21.352893556347574,21.50522228254553,14378500
2020-01-21,21.299129486083984,21.971167635302677,21.15576148431051,21.30809019983,21047800
2020-01-22,21.44249725341797,21.639627826430843,21.20056311216487,21.3349703987228,12042500
2020-01-23,21.128877639770508,21.236404486973047,20.752536238183502,21.21848306092575,12567900
2020-01-24,20.698776245117188,21.057196265262814,20.45684209061334,21.057196265262814,11684500
2020-01-27,19.399494171142578,20.179058905875962,19.327810195116122,20.071532087295882,18996600
2020-01-28,19.784801483154297,19.81168362227072,19.21132952132066,19.533906645311454,8773600
2020-01-29,19.381574630737305,20.098416169648036,19.372615628310278,20.008810763649073,10328600
2020-01-30,19.668315887451172,19.68623560468044,18.996277782537092,19.023158212921636,10652100
2020-01-31,19.54286766052246,19.614551656860044,19.023158259804656,19.247170961994765,12501900
2020-02-03,19.265094757080078,19.65039692567472,19.20237146620774,19.542870063406788,11481700
2020-02-04,19.417421340942383,19.856486037724512,19.36365877027635,19.68623590335387,11941000
2020-02-05,20.232824325561523,20.49267984362805,19.784798984686308,19.883365106584787,12034200
2020-02-06,19.946090698242188,20.340353522561532,19.739999427674828,20.32243209666492,8205500
2020-02-07,19.53390884399414,19.80272513817182,19.426383693588228,19.659357131576304,10241400
2020-02-10,19.175487518310547,19.354698368860156,19.076923088681465,19.274053657020964,10099000
2020-02-11,19.471181869506836,19.58766942099444,19.265090612667077,19.5070247189126,12984000
2020-02-12,20.0267333984375,20.214903224248182,19.62350990158451,19.955049411117088,9893900
2020-02-13,19.883373260498047,20.07154316047277,19.6235176358681,19.838569682588535,10072300
2020-02-14,19.82064437866211,20.026735651761687,19.569749540270497,19.92816951720047,8415500
2020-02-18,19.58767318725586,19.695198337985524,19.166528171167222,19.551830330958335,8500200
2020-02-19,19.96401023864746,20.026733514280508,19.668313575605193,19.695194002830167,7035300
2020-02-20,19.668315887451172,20.232827143583233,19.659355174295897,20.179064573732866,7202300
2020-02-21,19.0500431060791,19.417423853144,18.718503507734873,19.390541709792352,11631000
2020-02-24,17.768692016601562,18.171915667366584,17.68804728644856,18.145033520955007,12540100
2020-02-25,17.03392791748047,17.92997882291922,16.80991519112078,17.87621624713571,13040400
2020-02-26,16.487337112426758,17.266902189704787,16.424613819477795,17.231059331401635,16143400
2020-02-27,15.58232307434082,16.51421673921374,15.474797933982433,15.851139343399375,20069300
2020-02-28,15.197025299072266,15.367275480604079,14.605631730679422,15.017816110848791,27295500
2020-03-02,15.429991722106934,15.474795280474744,14.668350029745154,15.45687385712762,20530300
2020-03-03,14.442984580993652,15.466218087235506,14.225660879730151,15.158342411995065,26031300
2020-03-04,13.935894966125488,14.660308116369405,13.700460541171891,14.660308116369405,30188600
2020-03-05,13.347307205200195,13.618962209917548,13.05754232740433,13.582741600193064,28694400
2020-03-06,11.835095405578613,13.111872995908774,11.545330523678851,12.912660071386421,30003000
2020-03-09,7.379955768585205,8.819726486054076,7.153577178466709,8.819726486054076,74704100
2020-03-10,7.841769695281982,8.665789250926661,6.954363853901658,8.593348028248062,62821800
2020-03-11,7.09019136428833,7.542949437939271,7.035860447264266,7.361846381192393,35888800
2020-03-12,5.813414096832275,6.691764624435338,5.813414096832275,6.474440942803816,38621400
2020-03-13,6.474441051483154,6.655544122549402,5.7228626588825575,6.628378877781355,43906600
2020-03-16,5.3787665367126465,6.184675872304725,5.25199438355726,5.396876844306274,37973700
2020-03-17,5.559869289398193,5.795303706210979,5.052780274475,5.55081435201973,36224500
2020-03-18,4.174429893493652,5.333490412848872,3.8484439335195932,5.061835806023639,45137200
2020-03-19,4.34647798538208,4.835456704764592,4.074822949376784,4.328367678433978,39826500
2020-03-20,4.572856426239014,4.853566362265148,4.129153317706033,4.645297644338181,49166700
2020-03-23,4.744903564453125,4.871676113512806,4.4370284224970975,4.708682959517121,27219200
2020-03-24,6.003571033477783,6.293335869889164,5.261047776606288,5.3606546550145335,48419800
2020-03-25,6.130344867706299,6.809482041079008,5.469318001685511,6.809482041079008,51372200
2020-03-26,6.3838887214660645,7.035860127949572,6.112233716890763,6.2299509143256415,32866100
2020-03-27,5.786248207092285,6.166565067688881,5.5960897767939874,5.949241394081545,33438800
2020-03-30,5.7681379318237305,6.039792957070287,5.460262725899226,5.704752075907624,28100100
2020-03-31,6.202786922454834,6.329559090786543,5.922076905256983,6.157511363942573,34498500
2020-04-01,5.976405620574951,6.066957135838392,5.6413647982083805,5.985460987993137,27200600
2020-04-02,6.809481620788574,7.425232464532691,6.121289552107945,6.166565101801385,51270900
2020-04-03,6.89097785949707,7.271294270808061,6.646488522048136,7.090191217802827,35876800
2020-04-06,7.162632942199707,7.244129537669292,6.890978343607369,7.090191715908417,28269000
2020-04-07,7.280351161956787,7.9957090186124145,7.044917143811508,7.742164691379037,40153500
2020-04-08,7.923264980316162,7.959485585683486,7.48861771590829,7.515782954041944,27550400
2020-04-09,7.434287071228027,8.810671067454535,7.216962986919194,8.71106460927238,62286900
2020-04-13,7.108301639556885,7.742163199027074,6.954363826088643,7.742163199027074,46429300
2020-04-14,6.909087657928467,7.3799555611979475,6.791370466219244,7.117356369497205,37407700
2020-04-15,6.293337345123291,6.519716392527493,6.157510262107784,6.474440842116913,34865300
2020-04-16,6.039792537689209,6.320502480667843,5.91302040287583,6.320502480667843,26960600
2020-04-17,6.8638129234313965,6.8638129234313965,6.23900667572861,6.248062045244083,34351200
2020-04-20,6.909087657928467,7.262239233056135,6.066957443775709,6.248060915278446,41649500
2020-04-21,6.75515079498291,7.026805824014388,6.483495765951433,6.619323280467172,34791200
2020-04-22,7.452397346496582,7.5157840629169534,7.072080934028,7.108301544739294,39590700
2020-04-23,8.077202796936035,8.167754742450988,7.615389429231011,7.787437952995951,43765500
2020-04-24,8.022873878479004,8.674845837697982,7.896102152775045,8.321694179877783,46122800
2020-04-27,8.06814956665039,8.240198135985164,7.479564355608986,7.696888046125728,27910700
2020-04-28,8.620513916015625,8.692955136858826,8.185865727388949,8.412244758415818,28508700
2020-04-29,9.97878646850586,10.024061576445071,9.14571170162791,9.200042176581894,37511600
2020-04-30,9.507920265197754,10.060284845910637,9.27248584185093,10.051230340064649,45404700
2020-05-01,8.837837219238281,9.4173669624228,8.783505874031015,9.21815404498684,28085800
2020-05-04,9.08232593536377,9.091381303315027,8.194920601758543,8.357912907044092,25440100
2020-05-05,8.928390502929688,9.74335569981598,8.828784019745122,9.616583105571184,30398500
2020-05-06,8.656734466552734,9.055161178434153,8.64767909811811,8.85594739070971,19837800
2020-05-07,9.064216613769531,9.16382307658319,8.837837582637828,8.865002824574741,20163200
2020-05-08,9.6890230178833,9.698078386999878,9.136658455284989,9.308706150662323,21288400
2020-05-11,9.580362319946289,9.698079541776117,9.335873369659438,9.489810345133304,17674300
2020-05-12,9.498863220214844,9.852014792940263,9.37209152505757,9.689021626518162,21854000
2020-05-13,8.63862419128418,9.399257909087536,8.520906986046278,9.372092665899563,24155200
2020-05-14,9.009885787963867,9.181934345182654,8.258307430178695,8.376024636810621,22312000
2020-05-15,8.892168998718262,9.272485879975271,8.837838509148725,8.937444982404584,22989200
2020-05-18,10.422490119934082,10.522096576243085,9.516974054540693,9.54413929470362,40033000
2020-05-19,10.096503257751465,10.422489576994602,10.01500754150805,10.322882262307035,26264000
2020-05-20,10.820916175842285,10.857136781796848,10.295716957717437,10.350048298432963,28188200
2020-05-21,10.848082542419434,11.056351695989894,10.639814252416427,10.848082542419434,22874800
2020-05-22,10.4949312210083,10.820916690091378,10.386269397980607,10.739420106928756,19319100
2020-05-26,10.748477935791016,10.96580163160645,10.666981333968327,10.902415769552182,23319700
2020-05-27,11.038241386413574,11.083517366208216,10.422490997335887,10.820917719680272,20093700
2020-05-28,10.965800285339355,11.382337749631262,10.811862470477076,11.029187003179263,19018700
2020-05-29,10.639814376831055,10.820917427552983,10.32288339039208,10.757531575692175,28707100
2020-06-01,10.902417182922363,11.029189787033078,10.485879613493115,10.67603808787533,20750000
2020-06-02,11.534107208251953,11.543196547561976,11.006937663570099,11.125096474179081,21763900
2020-06-03,11.88858699798584,12.006745841968543,11.688625810722236,11.897676339863128,24102100
2020-06-04,11.988566398620605,12.206706255817485,11.515931919443172,11.806783906629285,22497000
2020-06-05,13.197421073913574,13.64278836741872,12.915657579299912,12.924746920018116,27776900
2020-06-08,14.906177520751953,14.951624225150765,13.80639241171109,14.088155911332942,36372000
2020-06-09,14.024529457092285,14.19722256527239,13.48827058761694,14.19722256527239,23805800
2020-06-10,13.18833065032959,13.851836865749123,12.915656518822825,13.742767386507849,26440800
2020-06-11,11.161455154418945,12.04310130390114,11.11600931575975,11.45230800175343,27855000
2020-06-12,11.615911483764648,12.09763614660057,11.18872286596906,11.970387975261549,20073300
2020-06-15,11.8431396484375,12.070367965612165,10.643374411133587,10.861513387587529,19678100
2020-06-16,12.297595024108887,12.852032616024154,11.870406455645144,12.815676123669641,23520500
2020-06-17,11.779515266418457,12.233971872581504,11.752248112754687,12.224882532424518,15676200
2020-06-18,11.988566398620605,12.115814576418177,11.497753236840392,11.57046623363692,14375100
2020-06-19,11.852230072021484,12.543004427377884,11.770427731675683,12.524825744275564,29721000
2020-06-22,11.834051132202148,11.934031279350837,11.552287638518044,11.752248799622658,12853300
2020-06-23,11.815873146057129,12.043101475788996,11.77951664797232,11.979477820842405,13303300
2020-06-24,10.779711723327637,11.543199055079008,10.552483392059123,11.515931898032829,18726000
2020-06-25,11.29779052734375,11.29779052734375,10.461590375137698,10.52521401710758,12866700
2020-06-26,10.843335151672363,11.18872228437588,10.7433541412433,11.18872228437588,16419700
2020-06-29,11.288703918457031,11.415952099982364,10.761534242835014,10.916049582256017,16714300
2020-06-30,11.797694206237793,11.961298877453943,11.016029081063252,11.143277254987732,21171100
2020-07-01,11.334147453308105,12.09763465349731,11.270522942087576,11.988564310492729,15603200
2020-07-02,11.425040245056152,11.91585340705169,11.425040245056152,11.625001419737979,15125100
2020-07-06,11.8431396484375,12.006744314181576,11.561377020552971,11.770426656286187,13644000
2020-07-07,11.27961540222168,11.679537792388109,11.27961540222168,11.615913263566359,10967300
2020-07-08,11.334147453308105,11.515929913637168,11.079651142040275,11.288701621524053,13122400
2020-07-09,10.706997871398926,11.434128646736939,10.634284880545847,11.334148501015761,16112800
2020-07-10,10.961496353149414,10.988763513358156,10.607019803206205,10.6706434659624,12895000
2020-07-13,10.716087341308594,11.143276817832348,10.68882018611136,11.125098136496035,13306800
2020-07-14,11.343235969543457,11.39777114125404,10.57066029349239,10.679729770106405,15884100
2020-07-15,11.815873146057129,11.979477820842405,11.570466133879213,11.806783804834105,18202100
2020-07-16,11.897676467895508,12.161261317521904,11.534110590157729,11.661358777387056,12747200
2020-07-17,11.88858699798584,12.215795504302086,11.761338812125846,11.952210657512161,16463500
2020-07-20,12.18852710723877,12.852034261149866,12.161259951184338,12.461201268204874,28342500
2020-07-21,13.01563835144043,13.560986685404352,12.706607686648026,12.770232207921762,32616200
2020-07-22,12.888389587402344,13.079261396059472,12.61571545120542,12.852033093696566,17933100
2020-07-23,13.406472206115723,13.424650889581367,12.670251995096512,12.679341336829335,19508600
2020-07-24,13.37011432647705,13.551896808340683,13.242866155768885,13.324668489309332,21901700
2020-07-27,13.542807579040527,13.570075601649998,13.161063930580468,13.361025095680322,15134100
2020-07-28,13.315579414367676,13.624610073109451,13.251955761146933,13.451916928592894,14961000
2020-07-29,13.697320938110352,13.733677429557478,13.288310192628387,13.297399532191951,13723700
2020-07-30,13.333758354187012,13.488273686546128,13.270134699735827,13.433738506439912,14688100
2020-07-31,13.024728775024414,13.261046463835287,12.815679111942964,13.08835243477836,18013100
2020-08-03,13.206509590148926,13.342847100937211,12.952014116874267,13.024727109238455,11183500
2020-08-04,13.733677864074707,13.860926021569197,13.142884642665113,13.179241135262515,15746200
2020-08-05,13.924551963806152,14.31538497380259,13.87001764931804,14.115423798129145,13469000
2020-08-06,13.470096588134766,14.03362280372774,13.451918770500093,13.942731981939612,11389600
2020-08-07,13.533719062805176,13.533719062805176,13.106529578134428,13.315579216645427,12918500
2020-08-10,14.18813705444336,14.233582895218321,13.570076567048766,13.61552154101641,10490600
2020-08-11,14.669857025146484,15.178849614411002,14.524431066389244,14.542609744637444,25789800
2020-08-12,15.187938690185547,15.287919696615102,14.887997404511225,14.960710390928808,20495500
2020-08-13,15.133407592773438,15.260656646197777,14.86073426929146,15.124318250842077,13456900
2020-08-14,15.115224838256836,15.142492856707417,14.678946944732997,14.824372909240942,12244200
2020-08-17,15.133407592773438,15.31519096417123,14.997070931032448,15.015249614895168,12312500
2020-08-18,14.95162296295166,15.351543526213305,14.851641955329066,15.097048937522143,10542900
2020-08-19,14.987977027893066,15.333364981715928,14.887996030689472,14.95162140484624,11929100
2020-08-20,14.5516996383667,14.80619594269851,14.497164468350705,14.788017263757471,13361200
2020-08-21,14.306296348571777,14.533524692863478,14.188137505523212,14.433544533425774,9806400
2020-08-24,14.806198120117188,15.124316380297032,14.33356279982928,14.433542948286838,14722400
2020-08-25,14.678947448730469,15.169761396007427,14.597145124184308,15.106137751052481,10201200
2020-08-26,14.369917869567871,14.778928630404902,14.342649849853483,14.642591999061613,8954800
2020-08-27,14.560790061950684,14.59714568892535,14.160867763543115,14.379006726234232,8343400
2020-08-28,14.7880220413208,14.933448052603376,14.560793681989928,14.624417345224204,8505200
2020-08-31,14.706217765808105,14.851643758030482,14.506256593098692,14.724396448239546,9810500
2020-09-01,14.792805671691895,14.902180233940033,14.428226694947579,14.51937187374608,11040300
2020-09-02,14.811034202575684,14.847492967376288,14.619630902721278,14.738118411424065,10415400
2020-09-03,14.692543983459473,15.202954427362624,14.42822320276455,14.710771624047634,15884500
2020-09-04,14.574056625366211,14.902178536281234,14.118332521739564,14.847492130611894,12968800
2020-09-08,13.498549461364746,14.200364187676922,13.462091564793006,14.118333703084303,15783600
2020-09-09,13.726410865783691,13.972501438388248,13.580578417352545,13.635265694167321,12272500
2020-09-10,13.015481948852539,13.826671277956235,12.933451459825497,13.717297582328467,15727100
2020-09-11,13.006366729736328,13.097511031694866,12.751160598112968,13.097511031694866,10846300
2020-09-14,13.061054229736328,13.216000512175686,12.842306843666004,13.042825715509558,10765000
2020-09-15,13.161312103271484,13.343602445268067,13.042824597888387,13.170426794216269,7930400
2020-09-16,13.735522270202637,13.990728358123945,13.152196056038784,13.33448549796499,14990800
2020-09-17,13.50766372680664,13.6443814953553,13.27980164845039,13.425633239522416,12584200
2020-09-18,13.170426368713379,13.635265161182318,13.0792820698845,13.407403110273004,12507600
2020-09-21,12.049345016479492,12.596213395387778,11.748567190773757,12.505069100182086,19709700
2020-09-22,12.149603843688965,12.46861104581466,11.939971185144712,12.249862827876473,10214600
2020-09-23,11.529817581176758,12.304548777841825,11.520703761211276,12.17694573685446,15910300
2020-09-24,11.411333084106445,11.639195158125585,10.94649424449344,11.229042729511269,24020300
2020-09-25,11.274616241455078,11.456905741753381,11.128784641216436,11.219929825978038,18480300
2020-09-28,11.630078315734863,11.775909877061686,11.43867417418724,11.575391045624968,16598400
2020-09-29,11.001178741455078,11.648306953848005,10.93737764998208,11.593620552363916,13391900
2020-09-30,10.982950210571289,11.365758497156987,10.891805049298627,11.10143857253588,12139900
2020-10-01,10.180875778198242,10.84623250218096,10.025929525090685,10.809774611404162,27032500
2020-10-02,10.308481216430664,10.381397014860642,9.661352853445937,9.706924575546013,17883400
2020-10-05,10.873577117919922,10.910035010526517,10.399623644809457,10.527226703544903,13796400
2020-10-06,10.800661087036133,11.447789318002238,10.73685912450728,11.147010624308399,20036300
2020-10-07,10.873577117919922,10.973836105281878,10.663943583513456,10.818889844397667,13292300
2020-10-08,11.675652503967285,11.675652503967285,10.982951623039021,11.04675272260025,13712800
2020-10-09,11.466015815734863,11.812366161409352,11.338412782310193,11.766793587384502,13564600
2020-10-12,11.602733612060547,11.657420879182169,11.265497927613636,11.466016748093423,10810700
2020-10-13,11.429560661315918,11.657422716660514,11.301957597402032,11.44779004297137,9264000
2020-10-14,11.593622207641602,12.012888445520577,11.447790623896706,11.475133828542674,12221800
2020-10-15,11.912627220153809,11.93085660065375,11.183469384650284,11.301956881001079,12268200
2020-10-16,11.165241241455078,11.912628540282174,11.128783345639727,11.830598057391436,18401100
2020-10-19,11.092325210571289,11.602735740977034,10.800662050339435,11.14701161850237,20524100
2020-10-20,11.61185073852539,11.976430567662764,11.292844365908094,11.338416083978561,18730800
2020-10-21,11.548048973083496,11.757681645659519,11.393102706733934,11.493361697632281,11946900
2020-10-22,11.885285377502441,11.94908647809736,11.520706418067473,11.55716431401097,10765500
2020-10-23,12.131376266479492,12.304551046902933,11.885284828313548,12.049345787090845,17743500
2020-10-26,11.657424926757812,11.91263023374446,11.593623817317383,11.885287025302121,16611700
2020-10-27,11.402215957641602,11.620963293373542,11.283727600147307,11.584505404084886,11873100
2020-10-28,10.408738136291504,11.037636989039282,10.408738136291504,10.900920111684242,18266900
2020-10-29,10.591029167175293,10.86446383167815,10.016816632486742,10.253793399670876,15084800
2020-10-30,10.992067337036133,11.019410543788933,10.463426501391144,10.554571682866973,16135900
2020-11-02,11.666539192199707,11.839713998294458,10.91915094526343,11.256387603680652,15822600
2020-11-03,11.839712142944336,12.085803579026779,11.630079470036852,11.967315206382427,13231800
2020-11-04,11.584506034851074,12.076688001659138,11.274613524411794,11.812368072618227,19084400
2020-11-05,11.456904411315918,11.876170647927012,11.438675898015331,11.566278098793838,11946800
2020-11-06,11.192583084106445,11.65742185110959,11.18346926318017,11.393101921304316,10871300
2020-11-09,13.106624603271484,13.781096030904688,12.851419362668999,12.942563656843252,25174500
2020-11-10,13.106624603271484,13.389173045203776,12.62355732339632,12.969906858173058,14627600
2020-11-11,12.924335479736328,13.298029094725932,12.641786161276665,13.279799713885112,8998400
2020-11-12,12.687358856201172,13.042823962713932,12.559755796862682,12.669129475199362,9915500
2020-11-13,13.061054229736328,13.15219940854472,12.64178797182245,12.778505740035037,9683900
2020-11-16,14.09099006652832,14.1912490617247,13.48943435690046,13.708181729633356,12832200
2020-11-17,14.409995079040527,14.437338279104647,13.635263833684983,13.753752192929046,10451700
2020-11-18,14.027188301086426,14.838377523004564,14.018073610348923,14.446454513539376,12951400
2020-11-19,14.583172798156738,14.656088592609535,13.70818239549834,13.863128676016743,12055800
2020-11-20,14.492026329040527,14.646972595751098,14.191248486419951,14.510255710641657,7826600
2020-11-23,15.786282539367676,15.94122880284205,14.719888076267463,14.820147934530137,17849200
2020-11-24,16.324039459228516,16.66127610641176,16.150863789677675,16.406069948044717,15620900
2020-11-25,16.27846336364746,16.360493830419983,15.859196340315767,15.950341496557375,11051000
2020-11-27,16.005029678344727,16.378723295971238,15.922999202431644,16.096174844742535,4548200
2020-11-30,15.12092399597168,15.995913330450321,15.093579927350746,15.82273944453222,15727300
2020-12-01,15.567533493041992,15.82273958712275,15.330556778206134,15.71336505010263,9603700
2020-12-02,16.09300422668457,16.522515906082614,15.3345038395524,15.444165580102482,9738700
2020-12-03,16.467687606811523,16.73270497371812,16.00162077910453,16.257501118740393,11624700
2020-12-04,17.7562198638916,17.84760579965901,16.833225224420108,17.006858328074006,14895800
2020-12-07,17.335845947265625,17.90243737716405,17.235322982654058,17.73794303483735,12267800
2020-12-08,18.057788848876953,18.103480936679897,16.933746755726848,16.952022545023173,12226800
2020-12-09,17.82933235168457,18.60611036923926,17.610007101382447,18.121766018754066,16962300
2020-12-10,18.26797866821289,18.560412268303747,17.29015316426844,17.36326156429115,11667800
2020-12-11,18.12175941467285,18.27711496156784,17.728801164112504,18.048651024548242,10482700
2020-12-14,17.32670021057129,18.49643592986228,17.20789975724883,18.395911262637885,11775700
2020-12-15,18.34108543395996,18.414193827468377,17.58258519766953,17.683109892384202,15665700
2020-12-16,18.405057907104492,18.770601674226718,18.15831813025141,18.286257402919073,13388100
2020-12-17,18.3502254486084,18.734044976382787,18.08520815776321,18.587828179425088,9508600
2020-12-18,17.98468780517578,18.542140567778343,17.875024309418407,18.277121469805934,15807500
2020-12-21,17.683115005493164,17.911579019148007,16.97944542510615,17.198770669049747,8714800
2020-12-22,17.47292137145996,17.83846329491281,17.42722754162749,17.692246525531672,6426000
2020-12-23,17.801912307739258,18.258840252453563,17.573448335382107,17.619142175678604,9276600
2020-12-24,17.5551700592041,17.902436258650944,17.354122399500255,17.884158723302857,2895500
2020-12-28,17.262739181518555,17.902439075003446,17.226185848113637,17.591727897372724,6525700
2020-12-29,17.034276962280273,17.408957819790874,16.750982062391273,17.363265712501157,9828800
2020-12-30,17.47292137145996,17.527752224217544,16.96116093558459,17.03426932027516,7746500
2020-12-31,17.271873474121094,17.472922856387274,17.207903849960594,17.39067569874048,6940500
2021-01-04,17.207904815673828,17.79277197572595,16.970302096142248,17.564308023450387,8898700
2021-01-05,18.65180015563965,19.18183654702273,17.372402149857237,17.5186189652014,15912300
2021-01-06,19.026473999023438,19.227523353817713,18.743179240862123,19.126998676420577,16165100
2021-01-07,18.59696388244629,19.38287860081943,18.459885875768297,19.16355344152636,13680500
2021-01-08,18.386781692504883,18.898540514508703,18.158317714801523,18.898540514508703,8343300
2021-01-11,18.798017501831055,18.90768098795699,17.61000540785032,17.71052838183695,11405600
2021-01-12,20.223630905151367,20.31501684649399,18.88940208789139,19.090449764411677,15816300
2021-01-13,19.711872100830078,20.095691660560146,19.547377754796926,20.077414123658272,10586600
2021-01-14,19.88550567626953,20.278464013559496,19.702733789097767,19.766703426695315,10215400
2021-01-15,18.953372955322266,19.602211612272363,18.679216856524288,19.455994793841178,12252400
2021-01-19,18.77060317993164,19.510826055952418,18.551276204848,19.29150082391078,16808900
2021-01-20,18.3502254486084,19.547376127340204,18.103483950101637,19.547376127340204,13376100
2021-01-21,17.737939834594727,18.633518044526348,17.573445521945754,18.24969856269258,12080300
2021-01-22,17.582584381103516,17.62827821432517,16.86063924661649,17.27187328736231,14149600
2021-01-25,17.02513313293457,17.49119980956791,16.668729921467403,17.35412178539143,12581800
2021-01-26,16.632183074951172,17.472930825305586,16.632183074951172,17.25360380952415,9965600
2021-01-27,15.791426658630371,16.659588502248763,15.745732829150645,16.19352189980376,16088400
2021-01-28,16.696144104003906,16.90633049726154,15.992474794706862,15.992474794706862,11646800
2021-01-29,16.11127281188965,16.73269487373726,16.00161112041134,16.559063571723076,11373200
2021-02-01,16.32146644592285,16.613900046331125,16.05644740615176,16.467683246126988,8551800
2021-02-02,16.467687606811523,17.025138651563555,16.467687606811523,16.89719935326673,8862800
2021-02-03,17.18963050842285,17.21704681533817,16.540793598804576,16.586485700621484,9751500
2021-02-04,17.463781356811523,17.49119590970945,16.942883935255853,17.34497915078299,8881400
2021-02-05,17.344987869262695,17.9755490484862,17.326710329449345,17.865885552648233,12027500
2021-02-08,18.313676834106445,18.377646481358486,17.50034373078752,17.600868458207675,9163400
2021-02-09,18.0852108001709,18.359366898762765,17.628282807156477,18.112625364204906,14852700
2021-02-10,18.51472282409668,18.560414927015447,17.902439232558404,18.204011643731466,9761000
2021-02-11,17.7562198638916,18.34108706393621,17.39067786386372,18.331948296055298,9644300
2021-02-12,18.432472229003906,18.52385816095028,17.50033886062592,17.600863560071097,9487900
2021-02-16,18.82543182373047,19.099587895568927,18.606106617651342,18.816293055596947,10700400
2021-02-17,18.779739379882812,19.1452831602453,18.286258065260537,19.099589316179024,9239900
2021-02-18,17.884157180786133,18.615242844277816,17.719662862924466,18.587826543620352,11379800
2021-02-19,18.45989227294922,18.55127648037566,17.82019236271198,17.884162005127298,7533400
2021-02-22,19.309772491455078,19.839808791343835,17.72880235905054,18.45988805261403,12612300
2021-02-23,19.13614273071289,19.492545968289946,18.06693127493995,19.428576335190655,10620100
2021-02-24,20.351572036743164,20.607450582316968,19.127004947651248,19.24580545194739,14926400
2021-02-25,20.132246017456055,20.771944098865326,19.848949434690752,20.607449758689807,13896200
2021-02-26,19.94947052001953,20.223626541855726,19.07216985571052,19.940331753552794,12612800
2021-03-01,21.02782440185547,21.046101938127862,20.251046540696613,20.406402112928383,12624000
2021-03-02,20.400609970092773,21.453603370467924,20.382296616166148,20.940841685725317,9704600
2021-03-03,20.400609970092773,20.959153293194387,20.29073159299058,20.60205162391298,12317100
2021-03-04,20.21747589111328,21.05071411754182,19.301829334909858,20.592890839440106,17516100
2021-03-05,21.829017639160156,21.883955952583545,20.19000919498791,20.922527608615546,16439000
2021-03-08,22.30514907836914,22.653093976488414,21.746604160024354,21.92973415679687,14469600
2021-03-09,21.49022674560547,22.27768344175024,21.471915139488033,22.03961509764932,11555600
2021-03-10,22.10370445251465,22.23189614141415,21.352874652853636,21.444439645937,8827100
2021-03-11,21.829017639160156,22.61647436621118,21.783236002383585,22.131180982675026,9177800
2021-03-12,21.99382972717285,22.213584681375078,21.682509772105412,21.838169749639132,7245300
2021-03-15,21.948047637939453,22.369245967985634,21.673354365725547,22.057925994699353,8136400
2021-03-16,20.940841674804688,21.54516838240771,20.721084920714905,21.54516838240771,11014000
2021-03-17,21.38035011291504,21.453601776722262,20.656988404668468,20.702771786083872,11645300
2021-03-18,20.299884796142578,21.42612967303838,20.180851508904162,21.17890467670791,11327100
2021-03-19,19.951942443847656,20.52879909676916,19.878689031202406,20.171697442410967,23241100
2021-03-22,19.7230281829834,19.979408107800037,19.48495986246991,19.915313126595876,11003900
2021-03-23,19.054607391357422,19.64062246858974,18.83485239231686,19.228580753852757,11882500
2021-03-24,19.503271102905273,19.89699940462199,19.37508114288856,19.494116174153124,9751800
2021-03-25,19.411710739135742,19.46664905212921,18.340404030246937,18.963042319240383,11137300
2021-03-26,19.951942443847656,19.97025405055149,19.439179034075785,19.878689031202406,9763500
2021-03-29,19.44833755493164,19.759657602366342,19.11870415259898,19.732187570019406,6864200
2021-03-30,19.686403274536133,19.851219953477063,19.191953237713342,19.228579942570178,7878500
2021-03-31,19.6497745513916,19.96109452486843,19.48495963583672,19.759652908218754,6526800
2021-04-01,20.070974349975586,20.09844437780624,19.466647709360178,19.83290601481537,7419000
2021-04-05,19.521583557128906,20.098441843636184,19.32929862593124,20.07097181926917,7572700
2021-04-06,19.466646194458008,20.144224443435046,19.439176168765087,19.668087810167755,7135900
2021-04-07,19.61315155029297,19.777968228721402,19.35676985646458,19.549056563450222,5875500
2021-04-08,19.549055099487305,19.677245063573082,18.926415137143923,19.356768406901367,7057700
2021-04-09,19.29267692565918,19.79628369080003,19.164486938312372,19.594840286160654,4708100
2021-04-12,19.24689292907715,19.686402900258734,19.04544954910922,19.484961266748186,4839800
2021-04-13,18.935569763183594,19.274357987729893,18.807379812972247,19.210263012624218,5474800
2021-04-14,19.83290672302246,20.13507005412002,19.146171720850056,19.210266708286294,9667000
2021-04-15,19.301830291748047,20.01603526971617,19.182797001982006,19.997721918534538,6516600
2021-04-16,18.94472885131836,19.549055474246764,18.816537138317845,19.466647139624044,8430600
2021-04-19,18.926416397094727,19.274361356972285,18.844008058565784,18.880634763004156,6721100
2021-04-20,18.138959884643555,18.862321585900442,17.92836157153993,18.77075657041183,10589300
2021-04-21,17.488849639892578,17.80016960991305,16.802114720104573,16.94861802994277,19098900
2021-04-22,17.598726272583008,17.882577963924263,17.31487632769897,17.644509648504442,11119100
2021-04-23,17.452224731445312,17.726919775444408,17.29656473044971,17.64451143689042,12328900
2021-04-26,17.7910099029541,18.019921503874343,17.424751690773103,17.43390836438474,9396600
2021-04-27,17.69029426574707,17.873424307447884,17.06765421971332,17.763545933135894,9372500
2021-04-28,18.441118240356445,18.532683231153406,17.7910101239662,17.85510509358699,9161600
2021-04-29,18.64256477355957,18.871476416667296,18.22136644208359,18.670033052999866,9489100
2021-04-30,17.91004753112793,18.67003416151058,17.864265898371052,18.367870844526088,8428300
2021-05-03,18.91726303100586,19.03629809480116,18.276309562843608,18.431969591028285,9550500
2021-05-04,19.191953659057617,19.320145382413475,18.70666203425225,19.01798204654048,9996200
2021-05-05,20.14422607421875,20.153382750191007,19.45749109441584,19.45749109441584,12368400
2021-05-06,20.299884796142578,20.309041471538958,19.51242817662653,20.05265979981211,10781400
2021-05-07,21.014089584350586,21.05071453917455,19.842061340210613,19.88784297035488,12249400
2021-05-10,20.821800231933594,21.627570092470517,20.81264355778465,21.169746863765408,9825800
2021-05-11,20.70277214050293,20.959152094988568,20.18085380863436,20.318200462317016,9101600
2021-05-12,20.72108268737793,21.526852708307043,20.60204939266157,20.72108268737793,11139700
2021-05-13,20.483013153076172,20.885896359160327,19.951938248276957,20.428073105145238,8773600
2021-05-14,21.114810943603516,21.297940969442415,20.739395962445396,20.748552638383078,7659000
2021-05-17,21.774078369140625,21.810703327661347,20.840118349687046,20.95915164795117,8384000
2021-05-18,21.32541275024414,21.957207723762608,21.316256073553763,21.774079429327582,8574200
2021-05-19,20.6386775970459,20.931684263610872,20.318200900568897,20.785180930328387,9944500
2021-05-20,20.492170333862305,20.666143678519934,20.052660380844692,20.565421992698575,8067700
2021-05-21,20.56542205810547,20.895055397145708,20.446388767039444,20.757708754698047,6088400
2021-05-24,20.611207962036133,20.757711298125564,20.31820128985727,20.68445963008085,4422400
2021-05-25,20.089284896850586,20.73939307995355,20.0618148728555,20.53795147669428,7403700
2021-05-26,20.400609970092773,20.620364977839603,20.061819908280434,20.089289939170374,6775900
2021-05-27,20.620363235473633,20.904213211521526,20.492171515276674,20.492171515276674,7733100
2021-05-28,20.556264877319336,20.81264478275142,20.409761575227538,20.794331433375667,4709500
2021-06-01,21.41411590576172,21.57926360811421,21.065470367469782,21.102170634643695,7880700
2021-06-02,22.340776443481445,22.634371578267995,21.267318138189967,21.652662190088577,14759400
2021-06-03,22.661897659301758,22.93714267137218,22.14810440348814,22.313252110716437,12619800
2021-06-04,22.68024444580078,22.93714105561102,22.267376956778772,22.781168426434263,10380000
2021-06-07,22.294902801513672,22.90044325044608,22.184805492597874,22.643548362999102,5643600
2021-06-08,22.39582061767578,22.496744581324624,21.817805530333988,22.12057567131582,6459300
2021-06-09,22.258203506469727,22.61602237292874,22.193979786845297,22.478399866595666,5067900
2021-06-10,21.937084197998047,22.661898782314935,21.707712759917793,22.505926134421756,5863600
2021-06-11,22.047178268432617,22.304073100963038,21.900380721282435,22.12057704200771,4832100
2021-06-14,21.652660369873047,22.3499496313565,21.505862814820205,22.175626878494413,5402300
2021-06-15,22.193979263305664,22.322426699524538,21.560913649148944,21.560913649148944,10108100
2021-06-16,22.111406326293945,22.42335161284478,21.735237318976495,22.04718260552733,8582500
2021-06-17,20.845272064208984,22.31324936449748,20.414054465047037,22.083877966013805,12237900
2021-06-18,20.175512313842773,20.64343027677893,20.111288588531682,20.386533625569296,11542200
2021-06-21,21.42329216003418,21.551739602332514,20.38653230444999,20.423232573658172,9360000
2021-06-22,21.551740646362305,21.643489573862198,21.028774034567718,21.285670681574373,5495400
2021-06-23,21.570091247558594,22.386653045010405,21.560916179613987,21.854511353980243,8914400
2021-06-24,21.836156845092773,21.918730690092367,21.386589105631064,21.707709419522264,7406100
2021-06-25,21.96460723876953,22.102229738079654,21.84533312272641,21.87285832257444,7052200
2021-06-28,20.836097717285156,21.872857454188175,20.77187400348788,21.85450732168468,8073800
2021-06-29,20.79939842224121,21.3407150610396,20.78104829042587,20.98289624046486,6486300
2021-06-30,21.212270736694336,21.239794188472754,20.79940146036661,20.946199036401993,6027600
2021-07-01,21.836156845092773,22.175627291198314,21.62513557452267,21.97378108673538,8785800
2021-07-02,21.817811965942383,21.96460954729726,21.588440526329737,21.735238107684612,5886300
2021-07-06,20.395706176757812,21.744411241729672,20.294783942278695,21.67101245757893,11093800
2021-07-07,19.836034774780273,20.60672088747846,19.569963173400886,20.221378706111615,11298900
2021-07-08,19.826866149902344,19.992013852672525,19.294724524290125,19.377298375675217,8139700
2021-07-09,20.533327102661133,20.61590094724001,19.918611676332212,20.19385840825011,7624600
2021-07-12,20.570030212402344,20.781051511088354,19.891090979696166,20.221386403702205,6528000
2021-07-13,20.267261505126953,20.6067302718688,20.129638984827142,20.414059093442123,5851900
2021-07-14,19.680068969726562,20.790225827010733,19.53327139768841,20.496630682934427,8623800
2021-07-15,18.98278045654297,19.716768348787067,18.93690511954948,19.395647989693334,10354700
2021-07-16,18.40475845336914,19.322243944065015,18.358884878820227,19.267195304613377,9972900
2021-07-19,17.762521743774414,18.019416591330966,17.33130239257894,17.5514987261838,15725000
2021-07-20,18.413936614990234,18.790105589439655,17.66159866609139,17.982718991831504,14655300
2021-07-21,19.056177139282227,19.404820912067517,18.817630663180722,19.193799635119447,14650800
2021-07-22,18.854326248168945,19.09287268719246,18.51485759453277,19.065349242282057,8388000
2021-07-23,18.450634002685547,18.955250328730653,18.18456236715887,18.918551818637326,12404500
2021-07-26,18.98278045654297,19.074529380564773,18.413938527579912,18.413938527579912,8904700
2021-07-27,18.936901092529297,19.10204877065609,18.54238202810747,18.698354640786686,10540600
2021-07-28,19.349773406982422,19.625018414919364,18.87268042659098,19.019477997486025,12236800
2021-07-29,19.496570587158203,19.735117072573356,19.303899435456568,19.597494571362898,6322700
2021-07-30,18.973604202270508,19.52409596200074,18.84515676665398,19.3497731922604,8744200
2021-08-02,18.496509552001953,19.60666803774357,18.478159420014343,18.991952615877942,10261800
2021-08-03,18.689184188842773,18.698357505731078,17.90932100595681,18.34971371512827,11351700
2021-08-04,17.615724563598633,18.377237556454123,17.569849232724845,18.22126493141312,15275900
2021-08-05,17.872621536254883,18.101992967931558,17.65242517184109,17.808397815379838,8275900
2021-08-06,18.349716186523438,18.450640185538212,17.98272221278603,18.101994598013697,7102600
2021-08-09,18.06529426574707,18.202916773365196,17.67077512726736,17.964370276843386,7579400
2021-08-10,18.54238510131836,18.680009355877033,18.10199238663285,18.17539117241377,6891200
2021-08-11,18.9277286529541,18.99195411999724,18.212090948409568,18.3955870329234,5926900
2021-08-12,18.753402709960938,19.065347896669948,18.368058758730076,18.946073810594076,6859100
2021-08-13,18.4689884185791,18.762585345099396,18.39558962444035,18.689186550960645,6133600
2021-08-16,18.02859115600586,18.166213641936544,17.734996052696438,18.11116499755724,6993700
2021-08-17,17.588199615478516,18.129516277741395,17.349653141433436,17.85426953847478,6375200
2021-08-18,17.340478897094727,17.881795585016892,17.303780380098587,17.707472816881353,7223300
2021-08-19,16.65236473083496,17.147807837685797,16.386294793795297,17.019358652595734,12278900
2021-08-20,16.707412719726562,16.799161634023292,16.3495938789308,16.39546921106166,6870500
2021-08-23,17.624900817871094,17.744174948060945,17.1845080678591,17.267081927232002,8109900
2021-08-24,18.39558982849121,18.56991262274138,17.881798263820784,17.90014840005034,9608500
2021-08-25,18.505685806274414,18.615784855304785,18.166215342565362,18.39558675724404,6311700
2021-08-26,18.13869285583496,18.52403692295315,18.083642453414427,18.303840563166343,4930500
2021-08-27,18.854326248168945,19.037824047406943,18.368060055128254,18.404758564997028,6450700
2021-08-30,18.496509552001953,19.248847463844836,18.496509552001953,19.21214894983452,5833000
2021-08-31,18.37237548828125,18.749386064826545,18.298812491732903,18.390766675888383,8305000
2021-09-01,18.1057071685791,18.445935311377028,18.041339776908135,18.363176735262964,5499900
2021-09-02,18.813751220703125,18.9057053938768,18.34478826988933,18.34478826988933,6887000
2021-09-03,18.54708480834961,18.99765829752286,18.455130641320817,18.7309931424072,4740500
2021-09-07,18.308006286621094,18.73099479062205,18.271225668901018,18.353982497241194,6024700
2021-09-08,17.793066024780273,18.71260430250659,17.737894219203117,18.501110919560755,6859800
2021-09-09,17.765480041503906,18.21605360732406,17.553986649076517,17.73789501441869,7402800
2021-09-10,17.958581924438477,18.179270885008727,17.75628239517245,18.032144911295227,5719500
2021-09-13,18.795358657836914,18.887312815690887,18.24363546459276,18.24363546459276,7631600
2021-09-14,18.45513153076172,19.07122219950318,18.37237295183526,19.03444158324694,6438900
2021-09-15,19.126394271850586,19.365474419483714,18.63904013779995,18.730994310563453,9577400
2021-09-16,18.93329429626465,19.089615882034824,18.66662733952957,19.01605288601828,5919400
2021-09-17,18.6390438079834,19.172376010373338,18.55628521158838,18.84134162479327,12225900
2021-09-20,18.02294921875,18.31720116454511,17.581571300057334,17.98616684858564,7875800
2021-09-21,17.91260528564453,18.43674182497999,17.737894275119434,18.298811433662248,6127000
2021-09-22,18.16088104248047,18.620650182796428,18.14248985593661,18.25283522131968,8456500
2021-09-23,19.13559341430664,19.27352382209901,18.17007880587977,18.308009213672136,7937100
2021-09-24,19.310302734375,19.485015488296217,19.006855190132878,19.025246375573,6122100
2021-09-27,20.358577728271484,20.51489931194147,19.788464955272815,19.834441169460398,10981700
2021-09-28,20.58846092224121,21.342482009036928,20.50570233916558,20.799956053367836,10461200
2021-09-29,20.376964569091797,20.597653507103505,20.07351706009073,20.579262323799252,7058100
2021-09-30,19.880413055419922,20.34937590907772,19.72409151957412,20.303399708955855,9729800
2021-10-01,20.487314224243164,20.57007281263958,19.871223485003263,20.08271687584737,7394900
2021-10-04,21.167766571044922,21.54477703549331,20.94707764701755,21.02983621276277,14845100
2021-10-05,21.52638816833496,21.875813651032463,21.232136237987497,21.59075555886349,11167200
2021-10-06,21.140180587768555,21.351673928629236,20.625239745796545,21.094204384583094,12047100
2021-10-07,21.498804092407227,21.682712448913186,21.103404107515537,21.195356531888446,9325200
2021-10-08,22.01374626159668,22.179263427710044,21.65512515039105,21.774666105419602,8003300
2021-10-11,22.694204330444336,23.44822541614668,22.353974405640095,22.510295978569605,14863900
2021-10-12,22.51949119567871,23.26431667596744,22.31719341509708,22.59305418442476,15736100
2021-10-13,22.51949119567871,22.694203951655574,21.89420491439731,22.289606636612316,9252700
2021-10-14,22.80455207824707,22.933288649481344,22.583863068263042,22.841334456851246,7297100
2021-10-15,23.917190551757812,23.981557949871736,23.071215275374666,23.17236504605658,17449600
2021-10-18,23.917190551757812,24.533281261231192,23.751673382961968,24.027534161701666,15290300
2021-10-19,23.999948501586914,24.496498240965398,23.1079952830774,24.045924712201213,14843700
2021-10-20,24.33098030090332,24.340175893509038,23.806843799537095,23.944775934742907,10692000
2021-10-21,23.3102970123291,24.128685564648872,23.12638864480817,24.10109878335668,12488000
2021-10-22,23.806842803955078,23.90799256450802,23.209143340618354,23.36546490061841,8899900
2021-10-25,24.110294342041016,24.597650287546273,23.963168349790408,24.165467904545125,9246800
2021-10-26,24.05512046813965,24.45971778903179,23.999948664252546,24.266613844606894,6875100
2021-10-27,23.098800659179688,24.266612855573683,23.07121388142048,23.66891336849708,12535100
2021-10-28,23.549375534057617,23.558571127175632,22.832135055773,22.942480419309117,8239900
2021-10-29,22.979259490966797,23.521787171246984,22.859720296239946,23.45741977763407,9670300
2021-11-01,23.521787643432617,23.622937409071966,23.25512247112884,23.25512247112884,10798600
2021-11-02,23.33787727355957,23.494198827863514,23.181555719255623,23.310292251781107,5936300
2021-11-03,22.730981826782227,23.264313869318936,22.519488478887276,22.832131581810152,9905600
2021-11-04,22.54707908630371,23.540180360300315,22.188457963832658,23.255123984083905,10025800
2021-11-05,22.703397750854492,23.181556262987996,22.639030360021895,22.96086731418487,7423300
2021-11-08,23.098800659179688,23.301098434440707,22.77696193417538,22.81374255064104,5664900
2021-11-09,23.06201934814453,23.14477793134357,22.418341868569797,22.988456357954277,7214200
2021-11-10,21.912593841552734,23.062016518415298,21.848226452269202,22.97006235349033,10645400
2021-11-11,21.811447143554688,22.114894702646282,21.701103533274143,21.87581629574508,8241500
2021-11-12,21.673513412475586,21.829834964507164,21.379261491917276,21.68270900422801,7195700
2021-11-15,21.517196655273438,21.765472426274485,21.287312071875473,21.563174624281142,5997500
2021-11-16,21.710296630859375,22.013744155069865,21.471216497560217,21.627538055721978,7794700
2021-11-17,21.121793746948242,21.67351706799013,20.96547216855104,21.333288885165693,8582700
2021-11-18,20.92868995666504,21.2413330896691,20.579264453246406,21.075815930563426,8167600
2021-11-19,20.266620635986328,20.542481365388934,19.93558635759941,20.422940429802658,14475900
2021-11-22,20.496503829956055,20.809145151153594,20.128687209479647,20.183860754878886,10262000
2021-11-23,21.121793746948242,21.41604747101598,20.86432414997409,20.919495955914254,11722800
2021-11-24,21.35167694091797,21.73788306535276,20.845931619008585,20.864322804429282,6717300
2021-11-26,19.908002853393555,19.990761436585032,19.521796716460006,19.797659245058274,10950300
2021-11-29,20.4597225189209,20.744778835963363,20.13788383638665,20.58845729038271,9665400
2021-11-30,19.852827072143555,20.21144635821169,19.62294255463738,19.862022663309364,16082000
2021-12-01,19.448232650756836,20.67121839109992,19.43903705825742,20.459725025253206,10210000
2021-12-02,20.248233795166016,20.312601195571375,19.098810919698554,19.35628052131999,11238400
2021-12-03,20.229843139648438,20.744784110298497,19.94478675013075,20.570073091431617,9155300
2021-12-06,20.763172149658203,21.130987072926747,20.312598649419247,20.56087438033048,9493500
2021-12-07,21.517196655273438,21.829839829005085,21.103405457485213,21.14938167261273,7886300
2021-12-08,21.917966842651367,22.05616299812991,21.49416330762312,21.54022810702948,7290700
2021-12-09,21.641571044921875,21.706062461840652,21.31911220306867,21.558653006809358,7036600
2021-12-10,22.046951293945312,22.093016096709643,21.420460135696732,22.000884733921396,9503400
2021-12-13,20.92294692993164,21.761340553382805,20.775537486903982,21.69684738445643,9398800
2021-12-14,20.711050033569336,21.282263052417132,20.609707120405968,20.766329903214274,11354300
2021-12-15,20.5175724029541,20.720259953361285,19.817376650739437,20.618915299528084,9060500
2021-12-16,20.78475570678711,21.337542127356574,20.71105096786182,20.84924713368929,6603300
2021-12-17,20.370162963867188,20.729473271585043,20.02006420899303,20.545210584045044,14672800
2021-12-20,20.084556579589844,20.139836442841755,19.41200072535867,19.706819633664974,8292600
2021-12-21,20.87688636779785,20.969017727671552,20.32409996581518,20.32409996581518,7126600
2021-12-22,20.941375732421875,21.171703230817872,20.54521215401926,20.830819517257037,5262100
2021-12-23,20.92294692993164,21.254619055373457,20.91373537734419,21.05193151052522,3455600
2021-12-27,21.346752166748047,21.365178787969313,20.545211716216087,20.87688386916163,6267200
2021-12-28,21.236194610595703,21.623144877487803,21.116425084841666,21.30989933965804,4107600
2021-12-29,21.13485336303711,21.411245679370513,20.895312535493733,21.162491540314754,7203600
2021-12-30,20.96901512145996,21.346752068460123,20.913737015309994,21.097997954896314,5751300
2021-12-31,21.07036018371582,21.20855633036532,20.830819376135665,20.84924424036541,4953600
2022-01-03,22.10222625732422,22.157504364211643,21.199342896705833,21.31911242117181,9199200
2022-01-04,23.428913116455078,23.797436757693635,22.774782115654727,22.89455339734434,17741700
2022-01-05,23.19858169555664,23.90799068318778,23.170941768168493,23.705301396859433,11741400
2022-01-06,23.59475326538086,24.13832638896843,23.438130471173263,23.935637033370575,8984600
2022-01-07,23.972488403320312,24.18438929732603,23.438128633898344,23.650029527904064,8115100
2022-01-10,23.81586456298828,24.21202815598579,23.364422860371874,24.027765447576908,10612600
2022-01-11,25.096481323242188,25.1056946330612,23.825074441624317,24.07382677770098,13232400
2022-01-12,25.280744552612305,25.391300758316447,24.985925661055646,25.216253139741685,12482900
2022-01-13,25.732187271118164,26.063859416555506,25.400515125680823,25.52028640364843,14906400
2022-01-14,26.47844696044922,26.57979161424208,25.750613035485564,25.778251208513275,13120200
2022-01-18,26.34946632385254,26.902252674725407,26.073072269786422,26.71798997201466,12294200
2022-01-19,26.14677619934082,26.671924358819368,25.75982594129623,26.635071116501162,10423300
2022-01-20,25.925662994384766,26.662712053195484,25.84274495330282,26.01779434639353,12387500
2022-01-21,25.372875213623047,25.870381640439238,25.013563161593353,25.60320268611886,14362800
2022-01-24,26.340248107910156,26.41395282381729,24.193596280198502,24.53447993229685,18874000
2022-01-25,28.182870864868164,28.65273913946554,25.7690380780215,26.19284155907882,25380400
2022-01-26,28.3763484954834,29.094970958445565,27.915693476029062,28.514546407127256,18761200
2022-01-27,28.40398597717285,29.601689978713058,27.93411768702161,28.800149540864638,16949000
2022-01-28,28.892284393310547,29.37136429478674,28.173661905207002,28.376349488244642,14485000
2022-01-31,28.32106590270996,28.85542557041169,27.98018222633186,28.551393375982418,12508000
2022-02-01,28.90149688720703,29.058119665160216,27.915693662878496,28.06310312950979,14072700
2022-02-02,28.938344955444336,29.058116231215447,28.514543228277024,28.892280161538064,12755900
2022-02-03,28.763296127319336,28.96598544181746,28.275002976412285,28.919918889768212,16588200
2022-02-04,29.426639556884766,29.859654589909532,28.855426629019185,28.984409456460767,16881900
2022-02-07,29.9517822265625,30.26502772188956,28.7909333406553,29.10417883598236,12434900
2022-02-08,29.260807037353516,29.951787809056977,28.919921549870995,29.758313544431896,10958100
2022-02-09,30.080774307250977,30.283460126821236,29.260807174112877,29.445068128341852,10080800
2022-02-10,29.859657287597656,30.854673785502573,29.63854133877919,29.924148707144962,10066700
2022-02-11,30.88231086730957,30.98365552715679,29.83201805529047,30.03470386046626,12741000
2022-02-14,29.8135929107666,30.863885774810267,29.583265404984438,30.863885774810267,9479100
2022-02-15,29.961002349853516,30.043920392449333,28.606675492294713,28.947560973773022,10817000
2022-02-16,30.928369522094727,31.619351868011975,30.255813793810756,30.3110936467106,13077800
2022-02-17,30.37558937072754,30.956012093384093,30.11762020169506,30.59670178473429,11197900
2022-02-18,29.721460342407227,30.089985764194886,29.426643168044098,29.804378386583505,12592500
2022-02-22,28.98440933227539,30.624343384984947,28.625099024650908,30.541425351339416,14712800
2022-02-23,29.187101364135742,29.481920285832565,28.86464250955757,29.131823255632433,7237100
2022-02-24,28.99362564086914,29.914937416351695,28.256578329194383,29.85044599623758,18274800
2022-02-25,29.9702091217041,30.007062360203978,28.754080367354284,28.910703116460496,13779600
2022-02-28,30.89151954650879,30.900734613556782,29.500343156319353,29.7951620405253,16550700
2022-03-01,29.689516067504883,31.464782819387317,28.672434834894176,31.41855257572941,19567300
2022-03-02,30.44771385192871,30.799070173768204,29.865202704931633,30.42922104265898,19015000
2022-03-03,30.83604621887207,30.91001744144682,30.013135767009135,30.124092600871258,11668400
2022-03-04,31.557247161865234,31.584984602919995,30.447703666834855,30.503182076085913,14759500
2022-03-07,33.50819396972656,34.645474911642715,31.668200615593584,31.71443085996906,28036700
2022-03-08,33.98899459838867,36.41149903983137,33.203069819697454,34.386581070566606,34358000
2022-03-09,32.21372985839844,32.842471133904255,30.836045835767216,32.620560996079035,26474500
2022-03-10,35.089298248291016,35.18175875454312,32.51885455420432,32.88870363349718,22872500
2022-03-11,34.589988708496094,35.172499532375554,33.95200301472195,34.25712538056497,17629200
2022-03-14,33.61914825439453,33.90577789427129,32.426388867721926,33.517439597480205,12967700
2022-03-15,32.17673873901367,32.87020295117837,31.46478172460095,31.890109122022746,13809100
2022-03-16,31.437053680419922,32.63905796865455,30.789819516865144,32.12127345952467,14868500
2022-03-17,33.1845703125,33.28627895141634,31.899350661773994,32.3154298540949,13939500
2022-03-18,33.323272705078125,33.50819722770164,32.53734436571364,33.110610738560744,17078400
2022-03-21,34.7471923828125,35.20950199816354,33.99824953617254,34.09071004838576,12884800
2022-03-22,34.294124603271484,34.636232703053956,33.95201650348901,34.42357072064095,10002400
2022-03-23,35.20024490356445,35.59783135410632,34.75642820864037,34.950597351330615,10499600
2022-03-24,34.83964920043945,35.79200577838393,34.71020308621112,35.04306653830801,10037600
2022-03-25,35.967681884765625,36.06014237744084,34.673213824462344,34.81190809061688,10793000
2022-03-28,34.50678634643555,34.95985128122957,34.18317105525563,34.922865668768395,9451300
2022-03-29,34.996826171875,35.200243471450634,32.592818290390696,33.3140199494077,10126800
2022-03-30,35.61632537841797,35.68104842820046,34.885875499853675,35.32044757165754,8930100
2022-03-31,35.015323638916016,36.16185285224951,34.90437033670371,35.154017912037816,9123900
2022-04-01,35.67180252075195,36.16184945942523,35.04306132196963,35.11702900745732,7676200
2022-04-04,35.84748840332031,36.05090576506276,35.1910095886056,35.84748840332031,9924300
2022-04-05,34.70095443725586,36.587178288153645,34.67321699234743,35.7550196694805,8857400
2022-04-06,34.53453063964844,35.55161402114314,34.21091528430271,35.30196637824379,9379100
2022-04-07,34.90436935424805,35.1447687567985,33.813318586301534,34.663969951697595,7681600
2022-04-08,36.92927932739258,36.98475773376411,35.27421409943406,35.3111961765404,11838800
2022-04-11,36.11561965942383,36.614911242247636,35.921446987454,36.596421966004414,14079700
2022-04-12,36.55018997192383,37.68747098185046,36.36526898336348,36.688884240485855,10348800
2022-04-13,37.160438537597656,37.4655645186683,36.47622241233791,37.030992434285906,7568200
2022-04-14,37.68747329711914,37.93712087958242,36.86456285518941,37.25290471473519,7579000
2022-04-18,38.501136779785156,39.06515496612395,37.73370480036319,38.094305666477034,13188000
2022-04-19,38.196014404296875,39.388770303759614,37.705963907043596,38.085057578234746,16778100
2022-04-20,36.61492156982422,37.97411302127756,36.27281342856425,37.89089714614486,19888400
2022-04-21,36.01390075683594,37.50253749788617,35.68103744490662,37.50253749788617,14413400
2022-04-22,34.84889602661133,36.61491853970687,34.71944990426019,35.73653313028345,13347500
2022-04-25,32.66680145263672,33.60066539056668,31.2336387207218,33.48971206253819,19492300
2022-04-26,32.47262191772461,33.97975204358401,32.25995994723949,32.88870121960505,11378600
2022-04-27,33.23080825805664,33.72085876585503,32.27845174028509,32.897948354132986,11122600
2022-04-28,33.9520149230957,34.39583167362181,32.47262222753337,33.52668745092561,9165000
2022-04-29,32.93492889404297,34.22939694819834,32.64829925182608,34.06296524046004,9381900
2022-05-02,33.249298095703125,33.64688454431364,32.44488056050718,32.61131226118793,8988100
2022-05-03,33.90577697753906,34.18316549876609,33.15683784622247,33.378744430634214,7055400
2022-05-04,35.20949935913086,35.32969731057045,33.51744460074106,34.67321855249075,10352600
2022-05-05,33.924278259277344,35.69954901396305,33.212321029332664,35.55161007833445,12199800
2022-05-06,34.53453063964844,34.63623933051219,33.545188236571114,34.5067931883739,9853200
2022-05-09,30.845298767089844,33.68387958451177,30.789820342277622,33.58217090259396,13821400
2022-05-10,31.714433670043945,32.45412822701726,30.863785811310102,31.437048652071685,9371600
2022-05-11,32.07503128051758,33.51743816511845,31.99181543088404,32.38015723822107,9595100
2022-05-12,31.95482635498047,31.973319153865372,31.048700372464626,31.788394692157073,10336800
2022-05-13,33.378746032714844,33.6099007934044,32.565083814629666,32.60206589571228,10121800
2022-05-16,34.73793411254883,34.9321032480123,33.48045176016203,33.4896999249792,12427800
2022-05-17,35.024566650390625,35.468383321065545,34.710196067769886,35.237228584642686,12765400
2022-05-18,33.286277770996094,35.44988596719648,32.72225972220056,35.36667013168335,9556300
2022-05-19,33.341766357421875,33.942766662295114,32.13051405423915,32.36166883160778,8485600
2022-05-20,33.93351364135742,34.6362224390422,33.11984803840048,33.90577267646882,9703100
2022-05-23,35.440650939941406,35.58858985128219,34.09070440592216,34.24789148323904,9574200
2022-05-24,35.5793342590332,35.82898178115236,34.54376209579683,34.830391692675725,7852200
2022-05-25,35.856727600097656,36.226576651271955,35.27422010613978,35.62557282489921,8889900
2022-05-26,37.13270568847656,37.53029221334494,36.19884187966571,36.27280957907678,10446700
2022-05-27,38.24224853515625,38.325464399582685,36.60567221953121,36.753611142162406,9138800
2022-05-31,37.55603790283203,39.030460273106094,36.879102335491844,38.65953502700489,30406800
2022-06-01,38.39060974121094,38.85426443114148,37.58384803380051,37.97331981279254,10391100
2022-06-02,38.056785583496094,38.455528981396974,37.52821941184242,38.130968509609716,9015800
2022-06-03,38.900634765625,39.03972907008832,37.787862642893145,38.08460140396763,6737600
2022-06-06,38.31643295288086,39.327200573251766,38.14024539975399,39.03973331955539,7125900
2022-06-07,39.438480377197266,39.577578247047306,37.982604432364845,38.14952046122258,8768800
2022-06-08,39.84648895263672,40.79234503402734,39.20664315608739,39.47556375065436,10255100
2022-06-09,39.14173126220703,39.72593720956373,38.733716375309804,39.10463803501506,9186400
2022-06-10,37.5467643737793,38.3998874422347,36.85128222724951,37.973325908007,9898100
2022-06-13,34.80192565917969,36.146525190192996,34.08789689391875,35.98888426745747,12311100
2022-06-14,34.00443649291992,35.79414404911622,33.401687461175015,35.46031561206306,10376300
2022-06-15,33.0214958190918,34.31972715226071,32.530022857151216,34.31045561260759,12875000
2022-06-16,31.03704833984375,32.16836346036027,30.8701323563011,31.834535030679785,19974800
2022-06-17,29.386436462402344,31.343058165671458,29.15460910387311,31.018501278692437,21819800
2022-06-21,31.111230850219727,31.537792341527005,30.081916810939948,30.332290782986767,14023000
2022-06-22,29.75736427307129,30.248837213701623,28.820781394174098,29.117520173883577,15917000
2022-06-23,27.856380462646484,29.970645160209603,27.522548449893296,29.775910998572012,14893300
2022-06-24,28.700231552124023,29.14533971585603,27.837833379454125,28.282941543186134,22959700
2022-06-27,29.887184143066406,29.952095523732986,28.88568997450456,29.16388387997881,11575700
2022-06-28,30.777406692504883,31.1576035159393,30.285933699076548,30.65685898226383,11890300
2022-06-29,29.840822219848633,31.435795810842333,29.710999446145475,31.23178657364864,9285300
2022-06-30,29.08043098449707,30.16538156937592,28.802237030241166,29.136069067867137,10977100
2022-07-01,29.145339965820312,29.42353212836307,27.856380234028165,29.24734458414722,8517500
2022-07-05,26.78997039794922,28.34785061238534,26.27067758270467,28.106749934560465,17819200
2022-07-06,26.344863891601562,27.086710816168335,25.343369659085123,26.372683814536284,14351300
2022-07-07,27.717283248901367,28.00475049702822,27.26290175926231,27.31853983976638,9223500
2022-07-08,27.67091941833496,28.35712833024816,27.448365320041713,28.292216939333805,6284000
2022-07-11,27.225807189941406,27.615277246454554,26.91979512901697,27.235080497084873,7612600
2022-07-12,26.521053314208984,26.74360739254203,25.927574003284935,26.150129850320575,10269900
2022-07-13,26.24285888671875,27.22580825805921,25.973940043818004,26.066671350188198,8662100
2022-07-14,25.352638244628906,25.426822923268183,24.406782265451433,25.18572227551497,11050500
2022-07-15,25.834842681884766,25.99248536425178,25.213545259462116,25.89975406250016,10278700
2022-07-18,26.752883911132812,27.123807419539805,26.400505251619066,26.558147963779888,12646600
2022-07-19,27.31853675842285,27.800738118276282,26.56741656587971,26.789970631496104,16731900
2022-07-20,27.133079528808594,27.59673433599527,26.59524002322016,26.827067426813496,13300300
2022-07-21,26.094491958618164,26.354139287138242,25.324825050140245,26.215043198849983,11546500
2022-07-22,25.463916778564453,26.799242888646724,25.389732092932242,26.344861468061612,10616400
2022-07-25,26.354137420654297,26.456142036902666,25.417554565081158,25.881209339006322,9141700
2022-07-26,26.001760482788086,26.975434797257883,25.686475096088753,26.71578748800473,8695000
2022-07-27,26.78997039794922,26.956886387882015,25.751384767460124,26.381955498894026,7809800
2022-07-28,26.558143615722656,27.235080897528974,25.918301331738114,27.03107167477809,8007800
2022-07-29,27.170169830322266,27.299994373493735,26.585965576509928,27.068166979826472,9664200
2022-08-01,26.140857696533203,26.530327792983492,25.58447159178955,26.47468794441726,11263300
2022-08-02,26.521053314208984,26.929070008837535,25.946120618655005,26.18722131235812,7424000
2022-08-03,26.36341094970703,27.04034650083225,26.07594548269679,27.021799885230916,11012700
2022-08-04,25.287729263305664,26.298496710790513,25.167178043677698,26.15012733948103,11034300
2022-08-05,25.76993179321289,26.150128545820202,24.749890991877596,24.907533677253983,8575900
2022-08-08,25.96466636657715,26.326316510698234,25.82557029335385,25.862661754152214,5707100
2022-08-09,26.252132415771484,26.8827031819672,25.99248687818683,26.47468649171658,6534300
2022-08-10,26.344863891601562,26.64160266142827,25.45464758212143,26.21504112197802,7760100
2022-08-11,27.420541763305664,27.58745775709731,26.90124893605583,26.93834039650813,8372000
2022-08-12,27.401996612548828,27.457636459253347,26.70651444706584,27.207262455190843,8558300
2022-08-15,26.400503158569336,26.558145858232137,25.788478976043788,26.289226999220688,8387700
2022-08-16,26.15939712524414,26.984703687658868,25.788473721817336,26.66941835257051,9049900
2022-08-17,26.150129318237305,26.307772008270106,25.473192020624353,25.899755321943577,12248100
2022-08-18,27.661643981933594,27.67091728973697,26.650876424499636,26.771427657240903,11030400
2022-08-19,27.25362777709961,27.56891317333038,27.13307831087144,27.401997167243188,8623200
2022-08-22,27.068164825439453,27.3278103537116,26.06667063525508,26.90124883229164,9124200
2022-08-23,28.95060157775879,29.506987624282598,27.624550495668647,27.661641955462244,18146900
2022-08-24,29.358619689941406,29.544082304127663,28.7651421544695,28.885691615598766,10129100
2022-08-25,29.553354263305664,29.989189087444622,29.27516035471916,29.627538951854902,8741700
2022-08-26,28.839324951171875,29.868637263024908,28.811505030261404,29.47916898249305,5724400
2022-08-29,29.581174850463867,29.96137340035756,28.67241189877318,28.90423929065566,9402700
2022-08-30,28.143842697143555,29.089698778642724,27.856377257406436,28.922782791471995,9635300
2022-08-31,27.939836502075195,28.737323296439122,27.26290094200949,27.420543639297648,11257000
2022-09-01,26.836339950561523,27.55964029665516,26.59523924562942,27.309268052308802,8294800
2022-09-02,27.828561782836914,28.245850048731793,27.374180283332144,27.81928847443444,9110400
2022-09-06,27.484081268310547,28.247527674240786,27.19545989958772,28.135802987024906,7688700
2022-09-07,26.702011108398438,27.07442373544513,26.404081006761082,26.78580417145938,9500100
2022-09-08,26.45063018798828,27.074421963389838,26.404079278580568,26.90683584823668,7873100
2022-09-09,27.614421844482422,27.75407635439193,27.009251117672264,27.17683723988505,7863200
2022-09-12,28.191661834716797,28.359246175775674,27.670282409855684,28.024075717854537,11434200
2022-09-13,27.13959503173828,28.480282230751733,26.981319447300557,27.642353397294613,7105700
2022-09-14,28.303382873535156,28.54545149582434,27.400282140066604,27.50269626605906,7892400
2022-09-15,27.372352600097656,27.96821455224823,27.214077018780014,27.5306281814153,6846800
2022-09-16,26.245805740356445,27.018562616887237,25.76166843135309,26.92545901503221,16844900
2022-09-19,26.413389205932617,26.53442263308093,25.286839111075313,25.37063216671773,7382800
2022-09-20,25.71511459350586,26.199250071640435,25.34270022844392,26.16200970061622,8066200
2022-09-21,25.212360382080078,26.422701938710112,25.184428767399595,26.1527034333465,6740100
2022-09-22,25.063390731811523,25.975802001293474,24.960976605876702,25.715114081900495,6881700
2022-09-23,22.88477897644043,24.00201869640251,22.428573260600263,24.00201869640251,15514000
2022-09-26,21.702362060546875,22.8940840243297,21.69305152460289,22.88477348838571,11477600
2022-09-27,22.1213321685791,22.698571317748613,21.907195122138916,22.270297224868237,12769100
2022-09-28,23.033742904663086,23.201329032008974,22.195814043737144,22.465812534391688,11711400
2022-09-29,22.940635681152344,22.996498898649673,22.16787893047141,22.689258305627213,9360800
2022-09-30,22.922019958496094,23.22926059942403,22.33546851394054,22.670640767972287,9344900
2022-10-03,24.560632705688477,24.690978442733794,24.076497231445227,24.197530656055218,10265100
2022-10-04,26.180633544921875,26.264424832545437,24.78408485554234,25.10063425806249,17512000
2022-10-05,27.223386764526367,27.437523787199954,25.938562852681503,26.068906818517014,14897500
2022-10-06,27.75407600402832,27.97752357222345,26.925457716662624,26.925457716662624,13545400
2022-10-07,28.31269645690918,28.973730415028427,27.344423639355835,27.93097329724445,17472200
2022-10-10,27.512008666992188,28.778213389332098,27.34442431474441,28.247525167705373,9532600
2022-10-11,27.521318435668945,28.377868351703196,26.711321207127753,26.92545824218545,10885500
2022-10-12,27.74476432800293,27.968213662830607,26.906835537710855,27.3164902838238,8909200
2022-10-13,28.964420318603516,29.355454021752195,27.372353892996944,27.474768031570296,14018900
2022-10-14,27.38166046142578,28.852691459877306,27.363039388783847,28.461657813412813,11190100
2022-10-17,27.921661376953125,28.582695302336038,27.549248773260185,28.0706264184303,7869200
2022-10-18,28.35924530029297,28.75958950581519,27.567869201901594,28.29407331814811,8804700
2022-10-19,29.75579261779785,29.8582067430549,28.638554879643383,28.824760281434166,12343400
2022-10-20,29.476486206054688,30.286483415106467,29.122694668637337,30.26786234055729,11097400
2022-10-21,31.54337501525879,31.79475416003533,29.718550801381117,29.77441224161929,17571100
2022-10-24,32.195098876953125,32.35337266435299,31.44096142979566,31.729582723509196,17108500
2022-10-25,32.56751251220703,33.619580105295896,31.73889425498738,32.44647730729426,21453900
2022-10-26,33.96406173706055,34.559921908509665,32.93061519837552,33.22854528410008,17036000
2022-10-27,33.768550872802734,34.876478324068756,33.591655967624654,34.58786050781017,14543000
2022-10-28,33.47060775756836,34.12233099732134,32.6699195102952,33.945432609162054,10736500
2022-10-31,33.90819549560547,34.24336770011005,32.949233339522394,33.1726826597276,9793700
2022-11-01,33.98268127441406,34.68095554717599,33.926818054014724,34.63440463931319,9626600
2022-11-02,33.32164001464844,34.494738908618444,33.19129608771907,33.759222690539104,10202400
2022-11-03,34.31785583496094,34.39233658230162,32.828201820471975,33.01440901623395,8436500
2022-11-04,35.82612228393555,36.151985718135975,34.997504109676605,35.19302003923305,12184700
2022-11-07,36.813018798828125,36.93405044331634,36.040260268170655,36.040260268170655,9744300
2022-11-08,36.654747009277344,37.23198969247732,36.26371508027767,36.75716114828402,9019000
2022-11-09,34.271305084228516,36.1519910221685,34.13164879885206,36.14267870895307,9982200
2022-11-10,35.20233154296875,35.453710683030465,34.345780004431845,35.034745449594276,7807000
2022-11-11,36.06819152832031,37.11094667123472,35.77025793588139,36.30094959469624,8436700
2022-11-14,35.42578125,36.21716090175961,35.17440208190742,35.76095347412345,8572900
2022-11-15,36.22647476196289,36.477853965438904,35.137168431840685,35.78888834647423,8484700
2022-11-16,35.23957443237305,36.068196240271796,35.03474972229616,35.7702626089108,5940900
2022-11-17,34.88578796386719,34.91371780159421,33.90820102413692,34.44820156423962,7607200
2022-11-18,34.17819595336914,34.22474685950896,32.91199141736963,33.973371256032614,9446600
2022-11-21,33.63820266723633,33.66613250360294,31.096484561275624,33.15406537777616,14297100
2022-11-22,34.867164611816406,35.239575446422364,34.131648152429946,34.63440650833513,14076500
2022-11-23,34.038551330566406,34.71820466635249,33.55441397803234,33.99199686174774,7527400
2022-11-25,33.85234069824219,34.25268493880346,33.62889134589826,33.86164946010333,2930400
2022-11-28,33.40544891357422,34.01061794056497,32.27889682800537,32.47441636287399,8653200
2022-11-29,34.597164154052734,34.78337134605395,33.824409101916864,33.91751092211408,8222100
2022-11-30,35.27682113647461,35.314063289155634,34.373718467799065,35.14647715369817,13149100
2022-12-01,35.27682113647461,36.189232567516825,35.258200060134094,35.79820061918752,6426200
2022-12-02,36.189231872558594,36.5523339752079,34.91371835638852,34.95096050835437,7488500
2022-12-05,34.28061294555664,37.04578033117904,33.84302657770211,36.77578008073234,10768400
2022-12-06,33.703372955322266,35.1371636766941,33.46130254698329,34.234061129195126,10399600
2022-12-07,32.7412223815918,34.245170717267705,32.554395859525435,33.86217795057045,15603700
2022-12-08,32.57307434082031,33.92756198327004,32.33954211155033,33.78744122034043,8834000
2022-12-09,30.83559799194336,33.10553184049558,30.79823553860343,32.6758333380207,12705900
2022-12-12,32.04061508178711,32.36756227896537,30.826248431998128,30.900980441668022,11083600
2022-12-13,34.562774658203125,34.73091817134362,32.89068281276126,32.956071560824846,14566200
2022-12-14,34.14241409301758,34.88971657717533,33.53523238363536,34.74959936581912,9942200
2022-12-15,34.273193359375,34.34792539337528,33.35774732338867,33.93690989663229,7296900
2022-12-16,33.488521575927734,33.731397099485335,32.946728635579305,33.32972136418706,12321000
2022-12-19,33.684696197509766,34.263855234336305,33.31104313692638,33.731401939227766,5394100
2022-12-20,34.95510482788086,35.27270882458731,33.684692404474326,33.778103877391814,9059000
2022-12-21,36.08540344238281,36.178814914878494,35.00181396970432,35.45953517372012,7662700
2022-12-22,35.067203521728516,36.244204494042435,34.263852011432334,36.18815903462042,8713200
2022-12-23,36.51510238647461,36.55246840132066,35.32875814075734,35.749116899227126,6041500
2022-12-27,36.683250427246094,37.112948960867534,36.31894064598358,36.72995616987107,6278200
2022-12-28,35.57163619995117,36.60851645991813,35.254032178043765,36.5337879883385,6178600
2022-12-29,36.30958938598633,36.52443860561714,35.20731699767593,35.4968982398317,4544400
2022-12-30,36.75798034667969,36.8233691016072,35.861217224742504,35.99199473459752,5227000
2023-01-03,35.179290771484375,36.935453928518264,34.55342618048096,36.39365750936432,6941200
2023-01-04,35.89857482910156,36.02935230829524,34.46001543113305,34.62815892250179,7446900
2023-01-05,36.38431930541992,36.75796870619009,35.655696381593394,35.842522863687854,8773400
2023-01-06,37.56132507324219,38.21521606570529,36.785999880196215,36.82336233084212,8136800
2023-01-09,37.77617645263672,38.91581500235899,37.61737622897741,38.21521823426797,13191700
2023-01-10,38.24324417114258,38.37402523875703,37.22504330694406,37.878934391337374,7755900
2023-01-11,38.28994369506836,38.93449132825962,37.757486964357014,38.7663478477021,9881200
2023-01-12,39.39221954345703,40.15820862754627,38.65426031685431,38.76635480286418,10369600
2023-01-13,39.84994125366211,39.92467328083318,38.785034810408646,39.29880502524261,6660300
2023-01-17,39.72850036621094,40.16754208275839,39.24275291806499,39.793889103132614,9622100
2023-01-18,37.925636291503906,40.55987980843967,37.822885093917655,40.16754733560298,11739800
2023-01-19,37.542640686035156,38.11245990761312,36.88875328103005,37.748150192419104,9945900
2023-01-20,38.00970458984375,38.58886708770154,37.29976817634649,37.74814963172671,8615200
2023-01-23,37.897613525390625,38.55150454291366,37.64539826591376,38.38336103659576,10789900
2023-01-24,37.2156982421875,38.29928770295381,36.59917326560355,37.36515873458909,11912100
2023-01-25,37.39318084716797,37.62671308541093,35.88923266273627,37.08492014566523,10474700
2023-01-26,38.299285888671875,38.35533490694957,36.89809250250095,37.8322214266149,8879700
2023-01-27,37.85090637207031,38.44874834398776,37.52395909382724,38.20587637917851,10399200
2023-01-30,37.682762145996094,38.27126438475939,37.393180887432116,37.551984662586285,8922400
2023-01-31,38.50479507446289,38.52347808040125,37.44922840116915,37.6547379030721,7549600
2023-02-01,38.14983367919922,38.45809443804996,37.17833853215356,38.14983367919922,13876700
2023-02-02,36.0200080871582,37.91628842541157,35.75844959802702,37.87892241790446,13518000
2023-02-03,36.02935028076172,36.870067690294455,35.42216508905265,35.777135057901894,12724000
2023-02-06,35.78648376464844,36.290910723382126,35.05786071150974,35.92660097852248,7887400
2023-02-07,36.45905303955078,36.60851353418478,35.60899580817879,36.169475335620746,6368300
2023-02-08,36.69257736206055,36.99149828678222,36.122758235741586,36.5244338964773,6181500
2023-02-09,35.179290771484375,36.608506707623036,34.9083925619074,36.48707252822807,13780700
2023-02-10,36.44971466064453,36.52444312900531,35.56229138206156,35.57163466774379,8129400
2023-02-13,36.683250427246094,37.10360923771044,35.64636654924063,36.057382073128124,6827500
2023-02-14,36.39366912841797,37.01019419607629,35.85187609970963,36.20684259446278,5844500
2023-02-15,35.450199127197266,35.814508896487816,34.85235708903641,35.814508896487816,7489500
2023-02-16,36.0386962890625,36.54312320949164,35.16061280308536,35.40348832349486,8013200
2023-02-17,34.095706939697266,35.38480589846237,33.71271420976072,35.30073414977292,9565100
2023-02-21,34.00230407714844,34.403979915526044,33.76877177871588,33.95559476672586,6049000
2023-02-22,33.35774230957031,34.151754016091935,33.096187356721245,33.87151249413196,7377700
2023-02-23,33.84349060058594,34.35726079779746,33.43247515550053,34.08636611714204,5403300
2023-02-24,34.55342483520508,34.63749656719997,32.95606192730213,33.57258677412518,8757500
2023-02-27,34.73091125488281,34.95510018547787,34.254503541385425,34.422647021041115,7597200
2023-02-28,33.98976516723633,35.12494554961118,33.914713723013605,35.11556546114102,11298100
2023-03-01,35.19061279296875,35.33133915531916,33.970997441605476,34.04605245587771,6128600
2023-03-02,36.01620864868164,36.20384265030825,34.815356764384795,35.04989837171283,6917400
2023-03-03,36.48529052734375,36.644780675473584,35.41578140970183,35.60341540445778,5885800
2023-03-06,36.45713424682617,36.513421920881214,35.856708531441996,36.147537724245204,5164100
2023-03-07,35.50959014892578,36.26950607878498,35.42515504560809,36.17569088790761,5195800
2023-03-08,34.86225891113281,35.82856903679066,34.505754721748026,35.46268475926275,5565200
2023-03-09,33.370574951171875,35.33134265817985,33.34243110743955,35.09680108355603,7695600
2023-03-10,32.394874572753906,33.73645239386128,32.22600438696279,33.30489684298162,8529500
2023-03-13,31.315988540649414,32.46054886310535,30.64050773611672,31.63496518958763,11090100
2023-03-14,31.3535099029541,32.37611111333186,30.678032732513,31.60681518392691,8145700
2023-03-15,28.529632568359375,30.030696981567356,27.64775588354224,29.852446700880115,23463100
2023-03-16,29.08315086364746,29.186349713516744,27.300635523434927,27.73219109668841,15457400
2023-03-17,28.098079681396484,28.876757591171497,27.83539248928307,28.736031223254606,17666200
2023-03-20,28.792320251464844,29.20511207779118,28.201274562436293,28.313855290149814,12240900
2023-03-21,29.96503257751465,30.208956033943462,29.195736486152363,29.889979343952724,12423000
2023-03-22,28.576541900634766,30.199569014643995,28.548398059554284,30.199569014643995,9846700
2023-03-23,27.600852966308594,29.02686618978448,27.300640032821086,28.679743867058157,9860600
2023-03-24,27.76972198486328,28.032407395571685,26.81279195879941,26.83155571368148,11349900
2023-03-27,28.689123153686523,28.83922960687257,27.582086719381884,28.332620774722184,9123100
2023-03-28,29.355224609375,29.4771854419629,28.557782890422665,28.623454245616937,6983900
2023-03-29,29.41151237487793,29.74925100899192,29.195734566253137,29.74925100899192,9118500
2023-03-30,29.13944435119629,29.94626793001871,28.933048412399703,29.918122297242284,8661400
2023-03-31,29.68358039855957,29.739871663492103,28.857994863060906,29.242642893049055,10579600
2023-04-03,31.99146842956543,32.544986672954174,31.428570098141762,31.428570098141762,23958200
2023-04-04,31.175264358520508,32.27292074258665,30.846907599383773,32.132194372202186,13291500
2023-04-05,31.015779495239258,31.33475618377422,30.44349747356002,31.20340989417239,7919400
2023-04-06,30.687416076660156,31.147119097334052,30.499782117633664,31.053300328410756,5832700
2023-04-10,31.04391860961914,31.597436791309715,30.72494196968186,30.87504841325117,6514000
2023-04-11,31.64434814453125,32.10405119567988,31.043922298899,31.240936358468268,7355700
2023-04-12,31.51300048828125,31.92579229760951,31.22216769925148,31.756922107698003,7510500
2023-04-13,31.719404220581055,32.00085339773804,31.400427532117682,31.541150331285948,5582700
2023-04-14,31.55052375793457,31.982079261423472,31.2221635088127,31.84135292911134,6845800
2023-04-17,31.372276306152344,31.82259565077807,31.184645930006642,31.503622579802368,6513900
2023-04-18,31.785076141357422,31.850747497901548,31.165886509069573,31.269085377587636,8243600
2023-04-19,32.0008544921875,32.104053362399306,31.26908589078829,31.55053507757102,8736600
2023-04-20,31.775686264038086,31.841357607748076,31.297223105748188,31.428565793168165,7708800
2023-04-21,31.334758758544922,31.944564762826147,30.997018286600486,31.925801005626926,10337000
2023-04-24,32.33859634399414,32.66695314627989,31.437953897057582,31.475481411267594,10320400
2023-04-25,31.19402503967285,32.64818188214926,30.790613301726374,31.963321009984753,15761500
2023-04-26,29.75863265991211,31.25031892266161,29.552236730111666,30.846907150833836,10696500
2023-04-27,30.021320343017578,30.086991694962308,28.88614002646409,29.270788050206193,11327500
2023-04-28,30.724943161010742,30.89381336392648,29.62728863146846,29.805540711147298,8328500
2023-05-01,30.537309646606445,30.818758795933395,30.09637395822826,30.22771665599283,9324900
2023-05-02,28.01364517211914,30.011938523993408,27.947973820046812,29.965030926630355,12164500
2023-05-03,27.347543716430664,28.03240459655197,27.291254246815072,27.488268285174634,9849200
2023-05-04,27.225584030151367,27.610232035733368,26.70959153747084,27.272491625208666,10565800
2023-05-05,28.032405853271484,28.426435737065326,27.947972539767857,28.323238669711976,8595100
2023-05-08,28.098079681396484,28.92366518753706,28.098079681396484,28.698505504044178,5887700
2023-05-09,28.238807678222656,28.55778438246903,27.57270863485747,27.694671263227722,8923600
2023-05-10,27.732194900512695,28.49211088020242,27.403836342679995,28.445201492277647,9392300
2023-05-11,26.72835922241211,27.385076386263247,26.343711160256827,27.206824277890455,10903600
2023-05-12,26.8409366607666,27.375691130499035,26.66268457438576,27.03795071196904,9589400
2023-05-15,27.300636291503906,27.657138653812183,26.88784266982328,27.047330992558294,7121300
2023-05-16,26.15607261657715,27.26310900821355,26.11854689943202,27.122384437451803,8574300
2023-05-17,27.150531768798828,27.366309576782893,26.165456132915295,26.587631661066826,9419100
2023-05-18,28.023029327392578,28.088700684803158,26.70959502153985,26.906610883181873,10857800
2023-05-19,28.304475784301758,28.70788755739796,28.05117046778878,28.37952901259337,9637400
2023-05-22,28.35138702392578,28.64221988665977,27.957357077411984,28.28571566440854,8872700
2023-05-23,28.689123153686523,28.86737523787373,28.18251432153614,28.47334535090784,9699400
2023-05-24,28.914281845092773,29.35522110198803,28.64221457902188,28.88613800446372,11404700
2023-05-25,28.445199966430664,28.6891234023245,28.107459549129956,28.379528616268882,10320000
2023-05-26,28.332622528076172,28.85799514673982,27.985500215220608,28.717270561845474,9841800
2023-05-30,27.89168357849121,27.976118688368395,27.319403354158318,27.68528763735265,11485800
2023-05-31,26.878463745117188,27.53518086130358,26.68144968390738,27.30063928972418,23229500
2023-06-01,28.144987106323242,28.3795286655426,26.95351555603047,26.95351555603047,10855300
2023-06-02,29.68358039855957,30.143283448457762,28.63283517156127,28.707888402061148,12556200
2023-06-05,29.233257293701172,30.34967373157301,28.98933387827936,30.34967373157301,11175400
2023-06-06,29.450153350830078,29.610464858671712,28.620306709361877,28.620306709361877,8636500
2023-06-07,30.694921493530273,30.83637418688458,29.52559133934915,29.676472533524407,12005700
2023-06-08,30.317718505859375,30.940103844523943,29.81792345568818,30.82694025764587,7361400
2023-06-09,30.496889114379883,30.902382978456007,30.119686147324988,30.270565535501323,6962400
2023-06-12,29.92165756225586,30.487464788275357,29.723626651930317,29.808497555968653,6719800
2023-06-13,30.836376190185547,31.70394221373231,30.364871978094918,30.46860348032152,10079200
2023-06-14,30.223419189453125,31.35503001470533,29.96880828262033,31.109849407924983,7689100
2023-06-15,30.84579849243164,31.062689954728903,30.28942349008965,30.298855586919192,7427000
2023-06-16,30.723209381103516,31.04382872090556,30.478025230643194,30.89294755034954,10393800
2023-06-20,29.685901641845703,30.440307582451506,29.478440457840517,30.3742972874792,8474300
2023-06-21,30.100828170776367,30.600623269804515,29.318131271480677,29.48787307109951,8443200
2023-06-22,29.487873077392578,29.7330554770448,29.110670077406766,29.704764577553696,6098000
2023-06-23,29.129531860351562,29.176683364330206,28.327976077820278,28.507146397001218,14259300
2023-06-26,29.86507797241211,30.17627069197729,29.308702837637107,29.308702837637107,6366100
2023-06-27,30.57233238220215,30.666635386070435,29.572745722240743,29.78020693481331,8213000
2023-06-28,30.70435333251953,30.940105421259506,29.9405152699771,30.421447948198445,6937100
2023-06-29,31.298452377319336,31.326745079885644,30.430886240851223,30.779798395970605,7678400
2023-06-30,31.109844207763672,31.58134833969692,31.081551513689767,31.524766548840155,7597200
2023-07-03,31.713369369506836,32.06228142482965,31.081551953190882,31.307875522527173,3888000
2023-07-05,31.307872772216797,31.99626832242485,31.1192704138866,31.930258036602897,6503500
2023-07-06,31.128705978393555,31.449328981140372,30.506320572742858,30.968396275665942,5064100
2023-07-07,33.552242279052734,33.73141258900092,30.864666046079453,30.88352664669901,13874300
2023-07-10,33.94830322265625,34.099184426420834,33.22218630538555,33.316489306045696,10005100
2023-07-11,35.38167953491211,35.59857105936033,34.13690859624896,34.15576919802167,14227900
2023-07-12,35.75886917114258,36.12664539039213,35.49482802661646,35.721151577132275,10014900
2023-07-13,35.59856033325195,36.371826786482366,35.34394768197498,35.83431238843905,11088500
2023-07-14,34.78757858276367,35.19307247418163,34.57068708691314,35.06105187647188,10054700
2023-07-17,35.23079299926758,35.53255538749027,34.57068642604616,34.73099971826589,7165300
2023-07-18,35.938053131103516,36.286965255468964,35.17421498039794,35.26851798515334,10090600
2023-07-19,34.900733947753906,35.92861308997877,34.60840369086117,35.004465431409145,15315700
2023-07-20,34.372657775878906,34.98561109313281,33.533380854046,34.90074019107714,16801600
2023-07-21,34.8347282409668,34.97618093679727,34.15576465393838,34.21234285443738,10798200
2023-07-24,36.079498291015625,36.230379484808545,35.070479633033344,35.08934023191889,9980600
2023-07-25,36.230384826660156,36.588729063737325,35.758880576876706,36.24924542832653,8579900
2023-07-26,36.0323486328125,36.34354311883543,35.70229714517432,35.94747773637819,7207200
2023-07-27,35.768306732177734,36.45670239078508,35.60799344330132,36.249239404224305,8023100
2023-07-28,35.985191345214844,36.01348043896321,35.57026904864601,35.83431018307248,6448100
2023-07-31,36.85276412963867,36.99421320873697,36.230375231358565,36.371827907747864,8726200
2023-08-01,37.03193664550781,37.05079724332171,36.088928338560194,36.588721590109245,6478600
2023-08-02,36.80561828613281,37.079091597261645,36.173804357619716,36.64530857792801,6003300
2023-08-03,37.42800521850586,37.71091063990345,36.739609460841564,36.805619766556504,8055200
2023-08-04,37.29597473144531,37.81462853785305,37.13566505924094,37.63545826939682,8516400
2023-08-07,37.333702087402344,37.71090688013062,37.1733887914408,37.380851787170506,5471600
2023-08-08,37.51287841796875,37.616609932514905,36.07950501130538,36.428420759740995,6971800
2023-08-09,38.15411376953125,38.738781487420326,37.58831024602235,37.720330828355024,9005800
2023-08-10,38.05982208251953,38.59733661780267,37.77692026352185,38.06925058432634,6919500
2023-08-11,38.38043975830078,38.5218888494549,37.927796191483246,37.96551379074957,6466000
2023-08-14,38.012664794921875,38.408726543041226,37.7674806293604,38.26727746040907,5140100
2023-08-15,37.239402770996094,37.805206364060055,36.96592947552219,37.70147486596365,5698200
2023-08-16,37.050804138183594,37.7109107953458,36.95650113156506,37.31484536213172,7092200
2023-08-17,37.03193664550781,38.04095524615846,36.90934455836308,37.767481973793764,4501500
2023-08-18,37.1545295715332,37.32427135839953,36.49442302230764,36.58872241621503,6631500
2023-08-21,36.77732467651367,37.51287001891073,36.49442289846028,37.2582573394753,6803600
2023-08-22,36.38126754760742,36.89048937414496,36.20209364072763,36.88106087250001,7403800
2023-08-23,36.513282775878906,36.711313656878104,35.54198177410394,35.85317624192371,6202600
2023-08-24,36.06064224243164,36.68302763293725,35.95691074446545,36.30582283984048,4365000
2023-08-25,35.975772857666016,36.45670557167452,35.683438950850395,36.32468496772284,5922600
2023-08-28,36.50385665893555,36.86220088132756,36.06064512846069,36.2398154410108,4747900
2023-08-29,36.54157257080078,36.70188225925028,36.22094959661049,36.62644346388913,3945200
2023-08-30,36.69246292114258,37.107385392465766,36.57930290119847,36.777333835423704,7221600
2023-08-31,36.41898727416992,36.86220242044222,36.31525576357071,36.82448121708034,8361600
2023-09-01,37.54116439819336,37.61660319698773,36.852768721721816,37.13567051246073,8629600
2023-09-05,38.53531265258789,38.715205928915786,37.75892582156229,37.83466902829774,8428300
2023-09-06,38.705745697021484,38.80989578360516,38.25127554704449,38.336488925903154,5467800
2023-09-07,38.89511489868164,39.06553806972514,38.544791171815184,38.620538013886275,7347200
2023-09-08,39.08447265625,39.42532620343023,38.86670591484219,38.92351604330824,9033800
2023-09-11,39.12234115600586,39.93660150259443,38.9424478561951,39.425321246112176,6512500
2023-09-12,40.107025146484375,40.46681533002994,39.482128307593285,39.586278382709686,8072900
2023-09-13,39.67150115966797,40.391078085588326,39.51054092946232,40.23012146719083,6227900
2023-09-14,39.96500778198242,40.26798789501887,39.87979439945293,40.18277451248938,5731900
2023-09-15,39.87031936645508,40.25851277941124,39.49159249985083,39.76616929754856,11078600
2023-09-18,40.372135162353516,40.54256191549239,39.9176650245857,40.21117856872657,5135200
2023-09-19,39.22649383544922,40.85501463641207,38.88564030856789,40.712991129608916,7511600
2023-09-20,39.09393310546875,39.89872319387353,38.989783035057215,38.99924958154593,4928300
2023-09-21,38.59212112426758,39.292764784315644,38.36488788065711,39.217017961907295,5243200
2023-09-22,38.46903991699219,39.13181019962885,38.45010321042457,38.828826506354474,4673800
2023-09-25,38.80042266845703,38.85723278730488,38.251272633490814,38.393292512899315,4243700
2023-09-26,38.62052917480469,39.04659603442008,38.30807894048427,38.364889059035455,5599300
2023-09-27,39.794578552246094,40.116495353885384,38.942448391535706,39.22649177843917,5787200
2023-09-28,39.567352294921875,40.16384242951673,39.40639205969197,39.643095526000224,5174100
2023-09-29,38.34595489501953,39.50106876615412,38.052441347424185,39.43479209602092,8529800
2023-10-02,37.65477752685547,38.450101100004865,37.228710681988424,38.27020420339029,6581200
2023-10-03,37.929359436035156,37.96722924037307,37.238185844511435,37.294992356922194,7272700
2023-10-04,36.234561920166016,37.48435575618896,36.05466861151996,37.257118871544904,8684600
2023-10-05,36.035728454589844,36.603815194118155,35.8463650041446,36.007321589348244,5538000
2023-10-06,36.63221740722656,37.02988100304898,35.922107197079036,36.13040734783398,5605800
2023-10-09,39.11288070678711,39.33064745476697,37.749466476919274,37.87255328640637,9903000
2023-10-10,38.96138381958008,39.50106732051807,38.91404024681104,39.037127034757034,6024000
2023-10-11,39.42532730102539,39.47266727016102,38.45011021196052,38.6773435085348,6052100
2023-10-12,39.510536193847656,40.11649639816425,39.093939456331924,39.83245300386681,5969200
2023-10-13,40.17330551147461,40.9780957103799,39.84192216176246,40.23958218141704,7413300
2023-10-16,40.107025146484375,40.599368657702705,39.75670512166246,40.58989849897905,5982300
2023-10-17,40.75086212158203,41.12011888312943,39.965005024498005,40.03128169391382,6340900
2023-10-18,40.83607864379883,41.51778209770211,40.53309852832895,41.05384537605481,8251100
2023-10-19,40.95915603637695,41.498843128231314,40.05968597750353,40.428942715240176,7749700
2023-10-20,39.87031936645508,41.034899605323574,39.00871917614714,40.656172738719334,9437200
2023-10-23,39.434791564941406,39.908198409121695,39.16021472848301,39.87032499475345,7764500
2023-10-24,38.09031295776367,39.38744665552836,37.73052275708029,38.84776316040701,10122100
2023-10-25,38.232337951660156,38.487978082300835,37.07722408990767,38.241804499399024,9022800
2023-10-26,37.351806640625,37.78734013937789,36.82158959096399,37.69266020027793,8470700
2023-10-27,37.49382019042969,37.692653807711054,36.84998660067943,37.5411637637585,7357400
2023-10-30,37.323394775390625,37.85361175410594,36.78371124875525,37.673718449163374,6783100
2023-10-31,37.247650146484375,37.67371702291059,36.84998652455073,37.247650146484375,6359800
2023-11-01,37.323394775390625,37.94829529234493,37.1150982148802,37.48435498449307,4995200
2023-11-02,38.43116760253906,38.48797772386602,37.29499045865303,37.380203834739675,5385800
2023-11-03,38.14712905883789,38.88564267073773,38.07138222079276,38.27021225294917,4748200
2023-11-06,37.41808319091797,38.47851367476354,37.32339964033738,38.412236995261196,5415900
2023-11-07,35.931575775146484,36.83104939079239,35.80848899949629,36.62274924920086,6552300
2023-11-08,35.780094146728516,36.36711768777832,35.647540793440626,35.69488076078516,7036100
2023-11-09,35.78955841064453,36.27243543743236,35.657005065818936,35.92211175547013,4658400
2023-11-10,36.25349807739258,36.48073134677646,35.86530459803806,36.206158113921575,4292000
2023-11-13,36.603816986083984,36.84998695544904,36.13987669037099,36.33871030956661,3605400
2023-11-14,37.096160888671875,37.313927605278884,36.471263993945094,36.81211750230654,5498700
2023-11-15,36.39551544189453,37.24764917246378,36.24402540221638,37.077222426349934,6696800
2023-11-16,35.202537536621094,36.234564727891886,34.530300602329405,35.874774470912776,8186800
2023-11-17,35.969451904296875,36.244025115927066,35.54338504237773,35.6854049218125,6189300
2023-11-20,36.16828536987305,36.52807560018588,36.026261865015734,36.23456204232439,6056300
2023-11-21,36.17774963378906,36.40498650485168,35.70434279656552,35.8179630380006,4322300
2023-11-22,35.87477493286133,35.94105161107827,34.84274772830143,35.16466457041575,4816800
2023-11-24,36.035728454589844,36.4996651157829,35.89370496380406,35.91264167002933,2266100
2023-11-27,35.68540954589844,36.06413649708112,35.287749497783715,35.95051985644947,7736600
2023-11-28,35.524444580078125,35.865298033574874,35.3445513070913,35.770614512155205,6057500
2023-11-29,35.31614685058594,35.76115040205556,35.0131667850173,35.694873738450376,5812100
2023-11-30,35.06051254272461,36.33871329185037,34.748065878588015,35.76115631763145,13769000
2023-12-01,35.704349517822266,36.130416473891025,34.852219217492966,35.098389229994794,6670500
2023-12-04,35.38242721557617,35.70434402039474,34.86168039914227,35.29721383748279,6133900
2023-12-05,34.397743225097656,35.31615005193903,34.274656433612996,35.24040683458451,7064800
2023-12-06,33.15193176269531,34.44529512018793,33.085361909981856,34.131462705008886,10186300
2023-12-07,32.73348617553711,33.532327978120136,32.33406708813791,33.31359795962277,11219300
2023-12-08,33.21849822998047,33.437228242002305,32.71446836000774,33.04731758965303,6459800
2023-12-11,33.06633758544922,33.70350713806082,33.03780868840227,33.151927904374524,6837600
2023-12-12,32.75251007080078,32.88565340828979,32.134360900348604,32.52427160496106,8380000
2023-12-13,32.99025344848633,33.09486423426457,32.353083939159525,32.9141751856012,6337200
2023-12-14,34.1314582824707,34.19802812655846,33.40869842046747,33.57987905606011,8861700
2023-12-15,34.06488800048828,34.22656021104059,33.32310767431187,33.732038784328196,15661200
2023-12-18,34.43578338623047,35.2156047776055,34.42627496194854,34.86373503461552,6800700
2023-12-19,35.015892028808594,35.13952329992435,34.49284167409753,34.64500184324592,5810100
2023-12-20,34.67353057861328,35.70061443638499,34.61647278281568,35.09197376264675,6653800
2023-12-21,34.84471130371094,34.94932209996589,34.45480064444175,34.71157160948994,4252800
2023-12-22,34.79716110229492,35.29168254603943,34.721079205818306,35.05393206122675,3627000
2023-12-26,35.23462677001953,35.56747967876755,35.04442562613282,35.30119662621212,3594500
2023-12-27,34.863739013671875,35.38678947571248,34.78766072737877,35.16805941441497,4267500
2023-12-28,34.43578338623047,34.84471455826675,34.36921353290223,34.664025474630805,4179200
2023-12-29,34.37872314453125,34.66402301394044,34.22656297232737,34.568920638947596,4759000
2024-01-02,34.350189208984375,34.977850347049745,34.25509046567746,34.69255048934449,5503400
2024-01-03,34.778141021728516,35.03491198356599,34.283619572387956,34.35970146972552,6926000
2024-01-04,34.02684783935547,35.15854245600318,33.97929846848943,35.04441961258335,7153300
2024-01-05,34.20754623413086,34.53088708885865,34.045873992874434,34.37872690003293,4473700
2024-01-08,33.484779357910156,33.50379983313559,32.49573641289585,33.294578233440525,8938300
2024-01-09,32.81907272338867,33.46575428099296,32.57181383502666,33.370655545727004,7036000
2024-01-10,32.400638580322266,32.81907816375442,32.19141697471378,32.67643003720894,5756600
2024-01-11,32.5147590637207,32.79055053126595,32.2960290256698,32.67643130006221,5973900
2024-01-12,32.79054260253906,33.237514622704914,32.46720183582454,33.10437494719613,6783400
2024-01-16,31.868074417114258,32.76201859065824,31.811016620698847,32.638387318783835,6656000
2024-01-17,31.611310958862305,32.10582885150686,31.23090867305951,31.335519483044532,6985400
2024-01-18,31.677881240844727,31.83004143165571,31.37356085922276,31.58277885422217,6635600
2024-01-19,32.305538177490234,32.31504660099317,31.687385444045223,31.79199624150065,8909000
2024-01-22,32.74300003051758,32.95222163703361,32.12484726278466,32.21994964201233,11147100
2024-01-23,33.570369720458984,33.94125991831219,32.27700642594596,32.79054837425873,15096900
2024-01-24,35.02540588378906,35.13952510958126,33.74155098943395,33.93175211761079,14417400
2024-01-25,35.187076568603516,35.424827085958945,34.2360744991818,35.26315847549405,11492100
2024-01-26,35.69110107421875,36.004933450716116,34.95882915684266,35.063439949008455,8835500
2024-01-29,35.367767333984375,35.52943957990558,34.968348187211696,35.424828766859825,5857600
2024-01-30,35.00638198852539,35.19657947033764,33.41820689534526,34.18851975670879,18937100
2024-01-31,33.903221130371094,35.12050247128787,33.874688604841474,35.10148199686298,12417800
2024-02-01,33.69399642944336,34.36920688417302,33.1899666009528,34.112435944814365,7803800
2024-02-02,33.06633758544922,33.72252761202028,33.04731711148976,33.674978241013875,7243700
2024-02-05,32.83809280395508,33.094863739448705,32.4101448725832,32.82858438165569,7251300
2024-02-06,33.1138916015625,33.37066259435741,32.85712060876759,33.12340365376878,5298100
2024-02-07,33.037803649902344,33.41820218772454,32.647893062658845,33.22800110492149,7588000
2024-02-08,33.3135986328125,33.51331180833246,32.980749386587064,33.037810812133436,5445500
2024-02-09,32.81907272338867,33.4277169635571,32.742994460732746,33.313594127896906,4668400
2024-02-12,32.83809280395508,33.427716564474146,32.752502492123874,33.07584326706575,8691200
2024-02-13,32.39112854003906,32.93319937498954,32.1343575717281,32.809568102591385,7038000
2024-02-14,32.52426528930664,32.91417591820513,32.372105132365384,32.6669133958104,6578700
2024-02-15,33.60841369628906,33.85567264118719,32.524271904116034,32.56231285803422,9206700
2024-02-16,33.57988357543945,33.950773793211944,33.19948130564028,33.703511229507015,7266700
2024-02-20,33.4087028503418,33.83665449606823,33.247030616274074,33.437231750795256,7906400
2024-02-21,33.4087028503418,33.82714244406048,33.06634153376065,33.541842556171154,6190800
2024-02-22,33.570369720458984,33.84616116986229,33.14241809686501,33.2184999978527,6449600
2024-02-23,33.484779357910156,33.57036968253225,32.80956881243845,33.189971061377705,6489900
2024-02-26,33.19948196411133,33.57988424145531,32.96173144771758,33.28507229512447,5076500
2024-02-27,33.247032165527344,33.70351273297843,33.09487197637698,33.598905550512924,5954600
2024-02-28,33.237525939941406,33.598907773502866,32.92369348842572,33.189976557895626,5557900
2024-02-29,33.35163879394531,33.60840976115073,32.97123655487403,33.399188166883064,9270300
2024-03-01,33.89371109008789,34.473822897217666,33.71302201400844,33.74155091344604,5703500
2024-03-04,33.45625305175781,34.02685284160234,33.42772415060108,33.82714327793526,5974300
2024-03-05,33.61870193481445,33.84804862546451,33.322458510208214,33.43713550093316,4846700
2024-03-06,33.781158447265625,34.27808118035217,33.5518117368566,34.15385323113071,7840600
2024-03-07,34.5838737487793,34.75588557705129,33.809824166955,33.84804618237127,6568000
2024-03-08,34.60299301147461,34.822785133923425,34.19207619481802,34.5838801775138,5601800
2024-03-11,35.033023834228516,35.13814260182988,34.03917830741625,34.42142770862111,6561200
2024-03-12,35.1190299987793,35.37704779948369,34.88967962746412,35.19548133768452,6193800
2024-03-13,34.908790588378906,36.01730942519887,34.058289538413625,35.529944924740214,13037200
2024-03-14,35.940860748291016,35.988641008529015,35.023466628280765,35.071246888518765,10038100
2024-03-15,36.05553436279297,36.4568965715763,35.74018172662055,35.74018172662055,14419300
2024-03-18,36.03642654418945,36.418675972851844,35.93130776903726,36.122432483368456,5540100
2024-03-19,36.7626953125,36.772249906638244,36.01730938070714,36.02686762024567,5649100
2024-03-20,36.5237922668457,36.74358439750526,36.14154286415053,36.49512119213326,5711200
2024-03-21,36.75313186645508,36.934701937962735,36.43777926896244,36.5811200331319,5623600
2024-03-22,36.68623733520508,37.15449256200065,36.43777783319493,36.79135607869386,5011600
2024-03-25,37.09716033935547,37.48896431148652,36.7818077010062,36.98248698408303,6020200
2024-03-26,36.60979461669922,37.32650944254799,36.581123544793186,37.18316501921819,4408900
2024-03-27,37.106719970703125,37.12582915946515,36.456898190783185,36.53334588203239,3537700
2024-03-28,37.670528411865234,37.84254025674681,37.39340145768937,37.39340145768937,5828600
2024-04-01,38.157901763916016,38.28213336793387,37.35518092597081,37.861658291381296,5012900
2024-04-02,38.138790130615234,38.64526751198251,37.766098952220396,38.4923684735282,5715200
2024-04-03,39.02751159667969,39.12307211562753,38.28212934176616,38.40635728731833,5700700
2024-04-04,38.845943450927734,39.381088166234605,38.70259903338484,39.18040889799453,5672000
2024-04-05,39.409759521484375,39.600880552387984,38.83638549257355,39.03706476226234,4629900
2024-04-08,39.14218521118164,39.71555926491701,39.14218521118164,39.61044050612885,5982100
2024-04-09,39.16129684448242,39.51487513061068,38.79816031944797,39.37153435561817,4204100
2024-04-10,39.28553009033203,39.54354787068709,38.750381696403,39.037066903886334,5466100
2024-04-11,39.123069763183594,39.44798061162977,38.501919136571736,39.41931318674919,4353500
2024-04-12,37.9094352722168,39.706001495887676,37.804320157584094,39.39064886118918,7875700
2024-04-15,37.36473083496094,38.387243677693114,37.35517624141954,38.15789697869901,5376600
2024-04-16,36.7340202331543,37.355174501006594,36.40910938688384,37.164049830482824,6349600
2024-04-17,36.35177993774414,37.10672049349329,36.18932266777514,36.68624542679735,4702900
2024-04-18,36.93470001220703,37.54629598973457,36.743575357879784,36.83913586234362,6806200
2024-04-19,37.345619201660156,37.47940537487678,36.35177385005123,36.52378568572969,6634500
2024-04-22,37.00160217285156,37.508079532494676,36.456899143884314,37.02071500751363,6650000
2024-04-23,36.87736892700195,37.62275121860615,36.33266592230654,37.50807786114403,9378300
2024-04-24,37.00160217285156,37.508079532494676,36.32310930124985,36.60023993574911,7778100
2024-04-25,37.00160217285156,37.183168634040484,36.48556657317718,36.95381826349616,6082900
2024-04-26,36.829586029052734,37.15449688977308,36.600235685144234,36.91559195234341,5056600
2024-04-29,37.15449523925781,37.164049832354536,36.60979229774754,36.791358729784335,3936700
2024-04-30,35.80707550048828,37.078047954070605,35.768849833135356,36.97292919155021,7441100
2024-05-01,34.71767044067383,36.026868597129564,34.49787467013127,35.740183375005,7796400
2024-05-02,35.07124710083008,35.39615797597565,34.841896746738996,35.0330214342482,5034200
2024-05-03,35.09991455078125,35.252813571807515,34.63166289375091,35.10947279013301,3899000
2024-05-06,35.2814826965332,35.81663111857242,35.176367576408,35.443939964727406,5528500
2024-05-07,35.54905700683594,35.893080715368576,35.2528135588439,35.2528135588439,4533700
2024-05-08,35.396156311035156,35.759289190281606,35.138138541844235,35.214586226011896,4167200
2024-05-09,35.816627502441406,35.89307883161418,35.31015020557183,35.43438179277758,5883900
2024-05-10,35.42482376098633,36.141538571870164,35.31970500545936,35.97908496452851,4942300
2024-05-13,35.68284606933594,35.71151349888988,35.33882233308666,35.62550756482756,4721200
2024-05-14,35.89308547973633,36.103319383100974,35.53950348492176,35.759295628903395,5502800
2024-05-15,35.70195770263672,35.88352415936862,34.803672722572706,35.82618930219032,4578300
2024-05-16,35.816627502441406,35.90263342506077,35.443936386224166,35.52038406999693,3612800
2024-05-17,36.21799850463867,36.2371076961827,35.740188517218115,36.03642837636228,3639400
2024-05-20,36.275325775146484,36.35177710691968,35.87396721953766,36.189319849601716,5844300
2024-05-21,35.9599723815918,36.648016125941474,35.931301310085516,36.18931908124167,4093900
2024-05-22,34.755889892578125,35.826186655921276,34.62210370851026,35.74018073110621,7000400
2024-05-23,34.38319778442383,35.20503134353024,34.230298771943566,34.89923331856971,7214400
2024-05-24,34.50743103027344,34.80367083065883,34.31630634413436,34.536098457304234,4022000
2024-05-28,34.89923858642578,35.42482879332425,34.612553350426666,34.77500698084596,4840200
2024-05-29,34.22074890136719,34.8418996304314,34.19207782635771,34.63166573763145,6275500
2024-05-30,34.36408615112305,34.54565624099069,34.09651378129721,34.11562661419908,4293600
2024-05-31,35.07124710083008,35.157253027939205,34.25896809026604,34.3067519961935,9384200
2024-06-03,33.1982307434082,35.08079911671475,32.93065474239919,35.07124452347155,7969000
2024-06-04,32.36684036254883,32.9115433360027,32.156606493493015,32.81598281783188,8608900
2024-06-05,32.155548095703125,32.61655910458394,31.944250009378234,32.47249522519046,7989900
2024-06-06,32.482093811035156,32.558930801124504,31.89622458486658,32.088313396300606,9083200
2024-06-07,32.731815338134766,33.000737516727405,32.13633956583691,32.31882561313041,7534800
2024-06-10,33.144798278808594,33.43293334450447,32.43407439835896,32.8278548358485,6262400
2024-06-11,33.11598587036133,33.14479791109545,32.53011661683744,32.79904243091745,4872400
2024-06-12,33.19281768798828,33.65382858679228,33.01993814296316,33.44253055091959,6997400
2024-06-13,32.4340705871582,33.115982346425284,31.99226891189692,32.92389354646282,5759600
2024-06-14,31.61769676208496,32.318821490475855,31.310356121815538,32.318821490475855,7004200
2024-06-17,32.088314056396484,32.26119362386452,31.50244481817586,31.627303097744868,8363800
2024-06-18,31.636905670166016,32.57813682885214,31.57928159060301,32.29000543966894,11520200
2024-06-20,32.011478424072266,32.20356356184054,31.550463834818768,31.819389622514834,12583700
2024-06-21,32.30921936035156,32.5013082021854,31.742559292026208,32.14594622625625,43586100
2024-06-24,32.98152160644531,33.25044373073547,32.3860496181789,32.501301433761945,10900000
2024-06-25,33.25044631958008,33.34649255986831,32.741414069315525,32.818247397756664,6827800
2024-06-26,32.68378448486328,33.202423161849126,32.54932341982011,33.11598338235149,7334400
2024-06-27,32.28040313720703,32.84706313216952,32.16515131254383,32.72220485157386,9507000
2024-06-28,32.44367599487305,32.779832337863986,32.35723621110845,32.558931482418785,19130600
2024-07-01,32.10752868652344,32.66458231435243,31.973067592350578,32.61656101840356,6184400
2024-07-02,32.290008544921875,32.59734921144542,32.05950487692409,32.318824251263905,7591800
2024-07-03,32.44367599487305,32.77022588200713,32.280402883200715,32.47249169865419,3917100
2024-07-05,31.79058074951172,32.48209911814263,31.569679862596832,32.36684727796745,6890400
2024-07-08,31.896224975585938,32.00187400635829,31.617696378784174,31.694533369814753,4909100
2024-07-09,31.53126335144043,31.99227435146139,31.33917451881759,31.627305935856974,6681300
2024-07-10,31.7137451171875,31.905833946114623,31.310358210061576,31.435216498432656,5927600
2024-07-11,32.290008544921875,32.41486683563136,31.540866128244446,31.694536461506218,8381100
2024-07-12,32.59734344482422,32.645368392301854,32.22277230274888,32.645368392301854,6790800
2024-07-15,33.83631896972656,34.278120728177875,32.635768323637244,32.991130289018535,11872900
2024-07-16,34.53743362426758,34.84477423887147,33.240840635394214,33.749872841371456,12012500
2024-07-17,34.921607971191406,35.28657629095475,34.65268587441251,34.739121979415344,9098200
2024-07-18,34.99844741821289,35.61313236165203,34.8639863462632,34.921614090151394,11484300
2024-07-19,33.03915023803711,33.836313841040905,32.366841245373294,32.89508271682727,18696900
2024-07-22,32.0691032409668,32.82785200956842,32.049893993988235,32.49169934691668,13880800
2024-07-23,32.16515350341797,32.26119608654751,31.7137453023718,32.05950446370166,10264500
2024-07-24,31.6849308013916,32.32842411876078,31.5888845619257,32.27079637508124,10136200
2024-07-25,32.80864334106445,33.05835622861016,31.435213300089796,31.675323395871526,10808400
2024-07-26,33.03915023803711,33.16400484837709,32.45328102534135,32.952710458069056,6737800
2024-07-29,32.53972244262695,33.08717318870787,32.37644566612084,32.95271211616722,4742300
2024-07-30,32.9431037902832,33.11598334910492,32.43407156919104,32.43407156919104,7215400
2024-07-31,33.308074951171875,33.58660355974434,33.1640074187959,33.25044720546357,8096800
2024-08-01,31.925045013427734,33.25045031454466,31.752165423927288,33.08717718212195,8402800
2024-08-02,30.561214447021484,31.51205209280111,30.177038638163168,31.454424347551292,11237000
2024-08-05,29.658401489257812,29.86009494449894,29.110950703723805,29.773655153952006,9560200
2024-08-06,29.706424713134766,30.090600543587758,29.475919214862973,29.648798796540532,7760500
2024-08-07,29.52393913269043,30.225060219624428,29.456708594476865,30.186643554314436,8365200
2024-08-08,29.99455451965332,30.042577640819168,29.543148172062917,29.58156483710083,6142400
2024-08-09,29.773653030395508,30.1578288321507,29.764048406364786,29.97534463935646,4846600
2024-08-12,30.13861846923828,30.436356307492883,29.94653149141349,30.004157401571465,5072700
2024-08-13,29.860092163085938,30.032971728076387,29.639191310884666,29.840882915443736,6076200
2024-08-14,29.6487979888916,30.10020434839046,29.610379490945412,30.013764559906345,8870900
2024-08-15,30.04257583618164,30.455563662031462,29.927322184201575,30.052180459837867,10671800
2024-08-16,30.13861846923828,30.225058250422563,29.68721214786064,29.773651929044927,6481400
2024-08-19,30.59002685546875,30.906972111593266,30.205851064998832,30.205851064998832,6224100
2024-08-20,29.85049057006836,30.5035904010568,29.821676695679503,30.42675523458139,6250100
2024-08-21,29.975345611572266,30.340314008998067,29.725632706253283,30.18664368331187,6201800
2024-08-22,29.9177188873291,30.080993832936525,29.80246706213253,30.042577168502575,4860200
2024-08-23,30.503589630126953,30.686073832854635,30.119413807459324,30.186644347439305,5391700
2024-08-26,30.609233856201172,31.166289169467507,30.417145059118493,31.03182811064635,4848700
2024-08-27,30.369129180908203,30.676469845425515,30.032974642131823,30.58042542979014,5710500
2024-08-28,29.773653030395508,30.042577007571502,29.60077346163199,29.984949263387183,6303400
2024-08-29,30.13861846923828,30.30189340793141,29.610376990351796,30.1290156774575,5204400
2024-08-30,29.860092163085938,30.032971728076387,29.533542280747238,29.850487539264837,11287300
2024-09-03,28.669147491455078,29.466312983131154,28.601916953779167,29.312642659330567,11025300
2024-09-04,28.41800308227539,29.1810960187539,28.215154380121003,28.881654626646192,9277600
2024-09-05,28.079925537109375,28.736766202228036,28.002650273118217,28.72710656393069,7792600
2024-09-06,27.616273880004883,28.389026517869393,27.46172335243198,28.07026582445183,9271200
2024-09-09,27.703205108642578,28.060602465368984,27.57763167014826,27.625929855102758,8090300
2024-09-10,27.34580421447754,27.838434616153076,27.00772431030171,27.732180458226807,7294300
2024-09-11,27.017385482788086,27.423081022387763,26.592372511693082,27.423081022387763,11045200
2024-09-12,27.065685272216797,27.239555062695008,26.60203372586656,27.113981617399645,14506700
2024-09-13,26.920793533325195,27.4713799573062,26.72760447399725,27.065684406627447,9063900
2024-09-16,27.442399978637695,27.50035595722759,27.04636408056329,27.229893495549856,10182100
2024-09-17,28.302091598510742,28.398686138781663,27.46172333564524,27.519679322852745,9993200
2024-09-18,28.108901977539062,28.591872795564175,27.954351463162023,28.30208919931663,6342800
2024-09-19,28.524255752563477,29.00722654649006,28.38902267744062,28.843016402859526,9759800
2024-09-20,28.46630096435547,28.640170763479883,27.983330118959895,28.32141007921431,14496200
2024-09-23,28.92995262145996,29.13279947987679,28.475958875196188,28.572553406894063,6835700
2024-09-24,28.949270248413086,29.66406683996048,28.86233535353959,29.528835600107247,6292400
2024-09-25,27.886734008789062,28.843015944479763,27.683885320522183,28.79471776042225,14353300
2024-09-26,26.862834930419922,27.6162700290661,26.727603698247798,27.3264882908723,19291600
2024-09-27,27.67422866821289,27.683888306066127,26.94011277285467,27.01738803329303,14732500
2024-09-30,28.06060218811035,28.137877440886637,27.413421255213695,27.529335055571803,10730300
2024-10-01,28.91063117980957,29.229391820850434,27.751500571086083,27.83843545885971,18446400
2024-10-02,28.852678298950195,29.374285839190637,28.582213969914864,29.354966563747933,11321400
2024-10-03,29.683387756347656,29.857257555709353,28.630511164557447,28.88165622559239,16453700
2024-10-04,30.031124114990234,30.224313169523818,29.654407485275847,29.953848861654272,9164700
2024-10-07,30.031124114990234,30.35954440226491,29.94418922468886,30.185674621662155,7498500
2024-10-08,29.02654457092285,29.53849428620146,28.717443551278183,29.490197942777257,9479800
2024-10-09,29.325986862182617,29.412921751488483,28.727102273896364,28.756081184460765,6988500
2024-10-10,29.683387756347656,29.915213541367397,29.181097634277773,29.586793218659206,5679800
2024-10-11,29.770320892333984,29.934531043959712,29.451560226517856,29.480539138823854,4921900
2024-10-14,29.538494110107422,29.72202353032261,29.29700870965122,29.432239944342726,5665100
2024-10-15,28.23447036743164,28.804376015255965,28.18617402807863,28.620846609417477,9345300
2024-10-16,28.302091598510742,28.495280679052588,28.22481633477153,28.32141087504245,6688300
2024-10-17,27.9543514251709,28.012307407386658,27.538996227451793,27.91571287543542,11655200
2024-10-18,27.36512565612793,27.84809645968994,27.287850401253504,27.654907401310176,12660600
2024-10-21,27.29751205444336,27.71286727096434,27.123642257538062,27.62593237251169,9489100
2024-10-22,27.27819061279297,27.490697101922084,27.21057499545131,27.43274112168458,6389100
2024-10-23,26.862834930419922,27.3264882908723,26.698624787473474,27.15261851100108,7436500
2024-10-24,26.90147590637207,27.0367071507508,26.57305559083442,26.920795181965467,8633100
2024-10-25,27.287851333618164,27.423082573672104,26.98840994104695,27.152620093564224,9251900
2024-10-28,26.940113067626953,26.988411257421607,26.331570615314757,26.486121137882538,7333800
2024-10-29,26.58271598815918,27.056027199395825,26.466802173674402,27.036707923250432,8494500
2024-10-30,26.746925354003906,27.14296129125124,26.621351905186447,26.621351905186447,7158000
2024-10-31,26.79521942138672,27.085003003125628,26.785559784423352,26.969089201952592,7114300
2024-11-01,26.737266540527344,27.18159883801089,26.659991278252484,27.007729037295558,8203400
2024-11-04,27.17193603515625,27.326488384092514,26.86283502205845,26.959429549248355,8110000
2024-11-05,27.55831527709961,27.70320615264862,27.152619720129916,27.249212408904295,9488100
2024-11-06,29.46122169494629,29.712366756711027,28.649830523825617,28.978250847488155,22611800
2024-11-07,28.5435733795166,28.978247833981275,27.828776820698216,28.823697326257697,15920700
2024-11-08,28.23447036743164,28.746420039554902,27.896390464798817,28.582209906412515,9742000
2024-11-11,29.10382080078125,29.200415333252874,27.992988283326234,28.137879160839937,9789100
2024-11-12,29.16177749633789,29.61576938626891,29.065182967607118,29.28734909401672,8953000
2024-11-13,29.16177749633789,29.702704277887864,28.456638726274424,29.13279858500244,11280300
2024-11-14,29.084503173828125,29.490198733587754,28.997568279423387,29.30666930735692,9113200
2024-11-15,28.678808212280273,29.72202512451016,28.61119259130785,29.171438676720427,8990300
2024-11-18,29.412921905517578,29.625428390274017,28.987907093617345,29.11347868861266,9278300
2024-11-19,29.432239532470703,29.702703840456262,28.958928375286504,29.016886197103858,9375700
2024-11-20,30.118059158325195,30.1953344120538,29.412922237753246,29.480537854467354,9639700
2024-11-21,30.78455924987793,31.1902547909244,30.233970996581935,30.378863708831464,11476300
2024-11-22,30.8521785736084,31.29651271595052,30.581714232948517,30.745924396494235,9522500
2024-11-25,30.900474548339844,31.460720656772107,30.485119325428624,31.277193061559647,15280500
2024-11-26,30.72660255432129,30.99706687239539,30.398182254655396,30.939109048416157,11141900
2024-11-27,30.79421615600586,31.451058554697298,30.73626017821059,30.755579451604785,7877100
2024-11-29,30.774900436401367,31.074339978726755,30.59137101372501,30.997066565627403,3484100
2024-12-02,30.485118865966797,30.98741082348534,30.18567746141804,30.842518097760504,6996800
2024-12-03,30.639667510986328,30.919789622633747,30.243631594334424,30.861835483712643,7442000
2024-12-04,29.717079162597656,30.71735873384497,29.55198420632654,30.668802156483046,7616700
2024-12-05,29.15381622314453,29.96957937113034,29.124681163461176,29.746214284854247,7722300
2024-12-06,27.949594497680664,29.124680771020063,27.92045943838989,29.03727744546253,10347200
2024-12-09,28.240938186645508,28.590551495131287,27.881613191555697,28.221514813437448,8137900
2024-12-10,28.231225967407227,28.648819221927724,27.726229387414307,28.250649340248827,6596300
2024-12-11,28.35747528076172,28.687665200986082,27.89132360659426,28.40603185925335,10506100
2024-12-12,28.056419372558594,28.42545604802773,27.80392108205729,28.25064939673338,6485900
2024-12-13,27.852479934692383,28.23122645000414,27.677673280759322,28.01757490203863,6643500
2024-12-16,27.06584930419922,27.784497373345708,27.017290875822308,27.648535626205003,8770000
2024-12-17,26.40546989440918,26.84248464249417,26.25979831171418,26.696813059799172,12767200
2024-12-18,25.395477294921875,26.5122952539118,25.36634408920017,26.27922034656462,11454800
2024-12-19,25.026443481445312,25.851918302096717,24.919616783386076,25.79364818371089,14175900
2024-12-20,25.220670700073242,25.5217274100872,24.77394425653983,24.77394425653983,18035900
2024-12-23,25.50230598449707,25.61884252113321,25.12355946195734,25.210960938277015,7714300
2024-12-24,26.065568923950195,26.08499229605846,25.327497454668652,25.550860676969528,4461700
2024-12-26,26.026721954345703,26.182105225236775,25.67711052099814,26.007300434720346,5562500
2024-12-27,26.017011642456055,26.434603017603127,25.88104989368954,25.968453213498492,5379400
2024-12-30,26.182106018066406,26.39575941124737,25.774226308862215,26.026722742470117,10335300
2024-12-31,26.40546989440918,26.619121425540865,26.230663254249315,26.288931516864377,7647900
2025-01-02,26.929887771606445,27.32805762589608,26.72594792774258,27.017291091066575,6249300
2025-01-03,26.881332397460938,27.075560564259163,26.609410741165732,27.046427358012537,6703700
2025-01-06,26.861909866333008,27.473733149079276,26.755083167243864,26.871621552824276,7956500
2025-01-07,26.94931411743164,27.493155613405523,26.735662564234904,26.997870699239808,12090500
2025-01-08,26.25008773803711,26.706525877103385,26.104414296855655,26.667679132171063,11272400
2025-01-10,26.191818237304688,27.007581376942444,26.07528170439346,26.68710313296438,12320000
2025-01-13,26.99786949157715,27.201811201141467,26.28893305592668,26.34720132195301,11632900
2025-01-14,27.386329650878906,27.405751171424598,26.793929744837772,26.900756443255627,6624800
2025-01-15,28.075841903686523,28.270071922038024,27.444597122516242,27.609692082420597,9668700
2025-01-16,28.42545509338379,28.4642999855253,27.86219026497141,27.87190195108547,8388900
2025-01-17,29.037275314331055,29.522848486317578,28.4545871374843,28.541990456627044,14157500
2025-01-21,28.677953720092773,29.38689014410748,28.639106975169625,29.32862187903751,14680100
2025-01-22,27.65825080871582,28.49343735924497,27.357195923975148,28.163247413794604,17921200
2025-01-23,27.1629638671875,28.114688737347144,27.09498391624354,28.066130306448073,16720700
2025-01-24,26.99786949157715,27.561134336004404,26.67739124996017,27.386329537925416,13047000
2025-01-27,26.4637393951416,27.289214205453007,26.42489265003765,27.075560812010785,14329800
2025-01-28,25.881052017211914,26.725950227250213,25.793648690231578,26.551143573289544,12717000
2025-01-29,25.609130859375,26.09470404944623,25.463457420501857,25.861627288175086,16515700
2025-01-30,25.77422523498535,25.919896818248155,25.482880216145062,25.78393506853015,9818400
2025-01-31,25.26923179626465,25.871341575188886,25.075001759783657,25.81307330517055,11606000
2025-02-03,24.773944854736328,25.191538102575024,24.54086994131084,24.948751502884132,11227300
2025-02-04,25.57999610900879,25.618841001478355,24.482599648943715,24.540869766120178,12147300
2025-02-05,25.53143882751465,25.77422541878893,25.34692049949808,25.696531931359054,8266800
2025-02-06,24.744810104370117,25.696533142465558,24.540870247198857,25.696533142465558,10466600
2025-02-07,24.463178634643555,24.99730842026776,24.434043575452954,24.851636828944322,8121000
2025-02-10,25.230382919311523,25.37605450822425,24.7642330938649,24.812789672730894,6922800
2025-02-11,25.725669860839844,25.987879853241466,25.298364893849968,25.376056537637684,10983000
2025-02-12,25.220670700073242,25.764514003915718,25.18182580826433,25.424612402092848,7306300
2025-02-13,25.521728515625,25.657688421317708,24.99730856112777,25.162403526175254,7560100
2025-02-14,25.405189514160156,26.00730109334738,25.385766141728205,25.725667750028343,8293000
2025-02-18,25.958744049072266,26.38604900382952,25.34692260329822,25.463459139486208,9929400
2025-02-19,25.968456268310547,26.279222840937482,25.851919729732888,25.900476312087765,10899300
2025-02-20,26.211240768432617,26.599698952852375,25.958742485481093,26.017012602380106,8290700
2025-02-21,25.50230598449707,26.250089195119234,25.424614342634694,26.152974179712547,10112100
2025-02-24,25.968456268310547,26.191819510846795,25.444038140081314,25.541151304791068,13747000
2025-02-25,25.473169326782227,26.356912392166144,25.45374595445594,25.978165893377245,9374800
2025-02-26,25.1721134185791,25.706243169145043,24.99730677953871,25.570283273142365,7658800
2025-02-27,25.346921920776367,25.706245058714412,25.133268522993408,25.346921920776367,7292400
2025-02-28,25.609130859375,25.61884069313947,24.929327652349397,25.249805883703814,9966600
2025-03-03,24.288372039794922,25.958743205273855,24.03587374984204,25.754803347416594,16727100
2025-03-04,23.453184127807617,23.967892363340006,23.10357269920862,23.80279740872129,17262500
2025-03-05,23.658573150634766,23.805277444525515,22.905488745763595,23.18911679855954,12951000
2025-03-06,23.912860870361328,24.079126230096197,23.47274613416719,23.541208011920443,8927400
2025-03-07,24.450777053833008,24.93979259490967,24.040003924710764,24.05956499406093,17214800
2025-03-10,24.343191146850586,24.87132878560133,24.157366598797786,24.47033622230366,10793800
2025-03-11,24.11824607849121,24.509458134075558,23.9422001871167,24.382314915552982,12843300
2025-03-12,24.167146682739258,24.460557121045674,23.94219998585002,24.147587479209133,7737200
2025-03-13,23.80527687072754,24.665943408801883,23.67813178442628,24.14758812518582,9997100
2025-03-14,24.519237518310547,24.597479925756627,23.873737190518874,24.05956360774561,10480300
2025-03-17,24.665943145751953,24.83220850383305,24.519238856961863,24.607261803325166,8334600
2025-03-18,24.450777053833008,24.920231525559505,24.088904732639932,24.82242804425492,12605500
2025-03-19,24.529020309448242,24.87133157306474,24.480119499837162,24.53880084445972,9792100
2025-03-20,24.440996170043945,24.7833074169973,24.176927333927395,24.343192690136384,16371400
2025-03-21,24.196489334106445,24.460558180384663,23.98132316238695,24.274731747954107,56967300
2025-03-24,25.03759765625,25.115840073142024,24.40187778582152,24.558362619605564,16666300
2025-03-25,25.12561798095703,25.49726895596765,24.978913697806682,25.194079855397447,9032600
2025-03-26,25.135398864746094,25.66353466452055,25.076715658313002,25.38968529750471,8553300
2025-03-27,24.783308029174805,25.223422766907085,24.71484615118229,25.066936075921845,9956600
2025-03-28,24.519237518310547,24.99847249709854,24.382313771641446,24.79308687709489,6911100
2025-03-31,24.81264877319336,24.94957252443093,24.28451110622639,24.34319244740732,11031400
2025-04-01,24.988691329956055,25.086494803147563,24.51923689717214,24.69528277582763,7745100
2025-04-02,25.135398864746094,25.17451913692196,24.4605569143351,24.626822268336472,6703400
2025-04-03,21.898115158081055,23.648791676607917,21.85899488513851,23.58032979987379,20916700
2025-04-04,19.541061401367188,21.29173800798478,19.15962986011487,20.880964861464463,21921300
2025-04-07,19.550840377807617,20.372386605352233,18.30874050218109,18.85643923084162,19064700
2025-04-08,18.836877822875977,20.489750782498298,18.475005521724622,20.215901423101432,19438700
2025-04-09,21.58514404296875,22.054598478990332,18.338081395650313,18.44566540344755,20574100
2025-04-10,19.824689865112305,20.74403771056337,19.365014076940582,20.714697972898747,16097900
2025-04-11,20.60711669921875,20.734261797485257,19.619304981883115,19.94205519721484,13608700
2025-04-14,20.783159255981445,21.11568995331284,20.509309897753788,21.11568995331284,10059600
2025-04-15,20.783159255981445,21.193932360599867,20.695136314602774,20.75381765370651,8528200
2025-04-16,20.959205627441406,21.409099013470367,20.72447840010723,20.910302955842923,10744600
2025-04-17,22.0350399017334,22.18174418397155,21.29173609088779,21.39931823629115,18170400
2025-04-21,21.438440322875977,21.624266741513356,21.164590962012795,21.56558353639872,14165300
2025-04-22,20.2452449798584,20.538653570399866,19.316114667399876,19.668206468406698,29370100
2025-04-23,20.1572208404541,21.10591030165455,19.814909594719104,20.567993962246852,22493800
2025-04-24,20.74403953552246,20.871184628075376,20.186562085496284,20.362607988756416,14237400
2025-04-25,20.39194679260254,20.63645454343603,20.118097440108432,20.362605190941924,11009100
2025-04-28,20.196340560913086,20.5777739342233,20.030075209840984,20.323485640498543,9449500
2025-04-29,20.059415817260742,20.19633955883955,19.7366656653635,20.049635283512817,11024600
2025-04-30,19.38457489013672,19.717105592557413,19.15962819892453,19.64864371831424,15072400
2025-05-01,19.492158889770508,19.902932000431786,19.25743166445637,19.404135947096936,20489400
2025-05-02,20.14743995666504,20.196340762873884,19.423697205186244,19.805128716864562,11330200
2025-05-05,19.423696517944336,19.981173896963938,19.404135449974426,19.73666614367842,16604700
2025-05-06,19.012924194335938,19.668205074522067,18.934681784706825,19.560621061739717,16541700
2025-05-07,18.934682846069336,19.198749827465697,18.797757222458532,19.12050741345079,19330700
2025-05-08,19.79534912109375,20.01051529023904,19.149848748211607,19.21831062632846,20541300
2025-05-09,19.91271209716797,20.23546225806458,19.746446749709342,20.11809771526303,11808300
2025-05-12,20.783159255981445,21.71228947478025,20.577773636395303,21.233052631520312,15483500
2025-05-13,20.841842651367188,21.04723015666325,20.773380771417273,20.832062116310585,10569200
2025-05-14,20.763599395751953,21.008107165929285,20.616895106734802,20.685356983913056,8352800
2025-05-15,20.577775955200195,20.607115695335143,19.951834760923724,20.22568415001008,14689400
2025-05-16,20.783159255981445,20.81250085825638,20.38216668545467,20.695136314602774,13167800
2025-05-19,20.411510467529297,20.626676644185256,20.264804305933612,20.626676644185256,10086900
2025-05-20,20.030075073242188,20.509310054723862,19.981174267855828,20.4408481810045,9841400
2025-05-21,19.462818145751953,20.010515028982333,19.42369787253005,19.893152343870376,14240900
2025-05-22,19.52149772644043,19.629081732621852,18.95423982507252,19.31611211330798,10709000
2025-05-23,19.472599029541016,19.521499838306692,18.9933640149415,19.04226482370718,8119900
2025-05-27,19.531280517578125,19.658425606023144,19.27699220613438,19.629084001278994,18412300
2025-05-28,19.423696517944336,19.893150956545462,19.384574382004516,19.775786414172124,20233400
2025-05-29,19.638864517211914,19.677986656832967,19.306333792218137,19.609522912496125,14722900
2025-05-30,19.159626007080078,19.48237613833711,19.012921741135237,19.433475338170812,34033600
2025-06-02,19.570402145385742,19.69754536505912,19.091167139776484,19.668205626528625,16272700
2025-06-03,19.98117446899414,20.215901695014583,19.20852905107812,19.550840288566913,16984100
2025-06-04,19.734615325927734,20.316495681768757,19.566954852531186,19.97131213288186,13250300
2025-06-05,19.67544174194336,19.96144968041127,19.62612873110474,19.91213855067167,11479800
2025-06-06,20.23759651184082,20.395394381316855,19.961449299708267,19.961449299708267,9137900
2025-06-09,20.71099090576172,20.868788781222456,20.23759727937951,20.395395154840244,15052300
2025-06-10,21.450668334960938,21.746538869900114,20.908238393872782,20.908238393872782,17767100
2025-06-11,21.884614944458008,21.97337648735682,21.312597157498494,21.588742507762255,11920200
2025-06-12,21.677501678466797,21.73667728798976,21.381631155247618,21.71695208481544,9118500
2025-06-13,22.870851516723633,22.94975045308818,22.101585476345043,22.21007221925843,22834000
2025-06-16,22.594703674316406,23.05823467750742,22.13117267112539,22.88071348641865,23032400
2025-06-17,22.693328857421875,23.176585086689037,22.644015845599274,22.95961347796676,20210400
2025-06-18,21.97337532043457,22.890574746514815,21.88461378224954,22.64401533624508,15908600
2025-06-20,21.97337532043457,22.219934730704306,21.726815910164834,22.062136858619596,22548000
2025-06-23,20.484155654907227,22.14103514422129,20.415119323035636,22.062136210496764,22918200
2025-06-24,20.4940185546875,20.789889090180896,20.020623064359484,20.21787134208774,19642700
2025-06-25,19.98117446899414,20.474293280525785,19.882550330468014,20.395394345924682,14342600
2025-06-26,20.355945587158203,20.56305648295151,20.010763896001247,20.12911136694102,9830400
2025-06-27,20.286909103393555,20.533468527364988,20.099523414467512,20.454569586938096,12372000
2025-06-30,20.099523544311523,20.45456971907572,20.050212411638334,20.28690923444809,13516800
2025-07-01,20.918100357055664,21.322459537765518,19.81351520532353,20.02062421586114,15684200
2025-07-02,21.411218643188477,21.45066905241932,20.770164541979664,21.292871177694046,14625800
2025-07-03,21.223834991455078,21.48025700995638,21.164659377193892,21.46053180520265,7314300
2025-07-07,20.60250473022461,21.21397292535433,20.32635938108786,21.0463124429074,12302000
2025-07-08,21.855026245117188,22.09172305616081,20.66167958763488,20.66167958763488,21966800
2025-07-09,21.736679077148438,21.943788084229343,21.57887931986419,21.766265003246243,12352400
2025-07-10,21.855026245117188,22.1213108629534,21.36190741850155,21.608466831809366,11248400
2025-07-11,22.762365341186523,22.762365341186523,21.697228733165975,21.805715478783505,20174000
2025-07-14,21.71695327758789,22.653877906640467,21.578878728883005,22.653877906640467,19229400
2025-07-15,21.095623016357422,21.805715337847662,21.05617448799633,21.746539723657435,13031500
2025-07-16,20.94768714904785,21.332319224881672,20.70112774021099,21.056173890887752,12816200
2025-07-17,21.243560791015625,21.30273452583458,20.760302666513624,20.809615679778684,9927300
2025-07-18,20.927963256835938,21.539431456767414,20.71099164065335,21.450669913533826,14977000
2025-07-21,20.888513565063477,21.18438410531633,20.740578294937052,21.075899243809758,16555400
2025-07-22,21.095623016357422,21.243560170733925,19.89241374430871,20.415120383061353,24674400
2025-07-23,21.667640686035156,21.855026367909655,21.154798533108757,21.322459010344037,15590600
2025-07-24,22.111448287963867,22.19034722507573,21.450668984239872,21.65777798874637,20364700
2025-07-25,22.141036987304688,22.367871205507665,21.776128212765837,22.18048551690128,15844800
2025-07-28,22.525667190551758,22.703190261545608,22.210071455940007,22.23965738037301,13123400
2025-07-29,22.762365341186523,22.85112688194649,22.288971711199405,22.436906985432994,18971000
2025-07-30,22.09172248840332,22.683465441354095,21.874750887464266,22.64401503331118,22446500
2025-07-31,22.09172248840332,22.436906034382854,21.874750887464266,21.914199414408188,14022000
2025-08-01,21.302734375,21.933925891530663,20.95755080898513,21.83530174679797,18960200
2025-08-04,21.371768951416016,21.55915462286173,21.1843832799703,21.233696288823882,12082800
2025-08-05,21.38163185119629,21.64791645942017,20.97727457845587,21.56901752525372,10790100
2025-08-06,20.927963256835938,21.914200954009907,20.82934099199784,21.65777892701278,15919300
2025-08-07,20.592641830444336,21.490119845485395,20.56305590409182,21.24356042668597,10942300
2025-08-08,20.612367630004883,21.056175349085738,20.385533409629836,20.70112917382105,11782700
2025-08-11,20.217870712280273,20.80961364593265,20.109383974799307,20.73071471351893,9050300
2025-08-12,20.68140411376953,20.83920199697518,20.247460875503563,20.346083141682733,10978000
2025-08-13,20.908239364624023,20.918100085960702,20.484156865382168,20.602504332413016,9061400
2025-08-14,21.05617332458496,21.095621850766413,20.286907312507612,20.710989785277217,8824300
2025-08-15,20.8293399810791,21.213972062357726,20.8293399810791,20.97727525225557,7571000
2025-08-18,21.036447525024414,21.25341911562342,20.661678071971785,20.760300325181124,7962000
2025-08-19,20.819477081298828,21.28300809265331,20.63209140390063,21.026586081766045,7300700
2025-08-20,20.809614181518555,21.01672317902293,20.503881045683965,20.81947678346147,10718600
2025-08-21,20.987138748168945,21.085761012420168,20.553193637286935,20.691266312117936,8431600
2025-08-22,21.963512420654297,22.121310290600615,21.10548485685957,21.115347458868587,12629800
2025-08-25,22.032548904418945,22.18048417336878,21.707090560289707,21.88461363546911,8647000
2025-08-26,21.578880310058594,21.983239502574488,21.460532838038603,21.70709226602926,15318300
2025-08-27,21.993099212646484,22.170622293609576,21.49011965804981,21.539430788939974,8433700
2025-08-28,22.318557739257812,22.387595956574405,21.766265168418617,22.06213759933535,11982400
2025-08-29,22.41718101501465,22.54539296111123,22.21007201438034,22.308696154201012,8064700
2025-09-02,22.37773323059082,22.46649477126603,21.9536507320535,22.358008025752092,11560000
2025-09-03,21.4536075592041,22.38766973709145,21.433733452264143,22.159121297880237,12590100
2025-09-04,22.328048706054688,22.337985760098682,21.264808562237693,21.513229227439766,10583800
2025-09-05,21.960386276245117,22.417479371601292,21.82126942067217,21.960386276245117,11270300
2025-09-08,21.632471084594727,22.01006964612908,21.33436516152101,21.940512166001636,13427900
2025-09-09,21.61259651184082,22.089563704126892,21.592722405004114,21.79145968277288,10324500
2025-09-10,22.45722770690918,22.467164760596344,21.473482135470267,21.612597096492173,13918000
2025-09-11,22.169057846069336,22.56653049931347,22.149185634881462,22.308174696179115,9071600
2025-09-12,22.089563369750977,22.556595396848245,22.059754105246295,22.35785812208782,6732300
2025-09-15,21.652345657348633,22.33798531503,21.5927233342726,22.2982389949452,8711400
2025-09-16,22.278364181518555,22.397606928594023,21.47348179848143,21.861017409703162,12890400
2025-09-17,22.109437942504883,22.70564788405923,21.83120613103308,22.109437942504883,8858000
2025-09-18,22.2187442779541,22.546659470996396,21.900766138676634,22.397607455122483,10035100
2025-09-19,22.367795944213867,22.457227531400218,21.920638008282108,22.298238464246523,24469800
2025-09-22,22.467164993286133,22.506911313147242,21.86101797918569,22.10943863804007,13445100
2025-09-23,24.11667823791504,24.7228233622824,22.78514334260433,22.795080396485663,36005600
2025-09-24,24.28560447692871,24.881814445503576,24.176298779021867,24.45453060310327,19818300
2025-09-25,24.504213333129883,24.59364492082956,23.947751594897916,23.997434967931433,14335000
2025-09-26,24.951372146606445,25.517770958367052,24.66320326606901,24.66320326606901,16390100
2025-09-29,24.842065811157227,25.020928988245434,24.30547627989261,24.802317596115753,14035500
2025-09-30,24.44459342956543,24.60358250103421,23.878194625545497,24.315413624435024,14345300
2025-10-01,24.74269676208496,24.94143404342668,24.305475880312688,24.434655681774558,10240700
2025-10-02,24.225980758666992,24.931496384532018,24.066991695573297,24.683075736535724,11492600
2025-10-03,24.156423568725586,24.63339265899731,24.106740196653128,24.56383328467705,9609100
2025-10-06,24.20611000061035,24.464467717474413,23.977561550304173,24.21604705456273,7899000
2025-10-07,24.126615524291992,24.48433999097097,23.520468498784272,24.325350917936035,12180800
2025-10-08,23.768888473510742,24.1464870372014,23.59996235139406,24.076929556676742,10032800
2025-10-09,23.252172470092773,24.216045805463633,22.98387771311537,23.858319462827094,8171300
2025-10-10,21.831207275390625,23.19255334837768,21.831207275390625,23.07331059569663,11857500
2025-10-13,22.357858657836914,22.46716435110429,21.672217128312816,22.17899548532635,9793600
2025-10-14,22.29823875427246,22.516848250627383,21.771586277913855,21.870954920002166,10007300
2025-10-15,22.248554229736328,22.83482715283758,21.940513134728658,22.765269669639,18225900
2025-10-16,21.682153701782227,22.4771009069738,21.32442736468106,22.40754153397148,22870500
2025-10-17,22.12931251525879,22.298238637333252,21.37411349276702,21.59272298797548,19104300
2025-10-20,22.477102279663086,22.586406081886594,22.079627705143743,22.159122240987767,18902600
2025-10-21,25.080549240112305,25.309095789104845,23.967625760923042,24.414781805217245,39857100
2025-10-22,26.143789291381836,26.47170448129703,25.54757933827261,26.024548437939508,25418200
2025-10-23,27.04804039001465,27.216966512200415,26.45183233081707,26.630693611396826,20225000
2025-10-24,26.382272720336914,27.038103095861054,26.382272720336914,27.028167937555423,12314400
2025-10-27,26.630693435668945,27.16728295976501,26.630693435668945,26.779747344783974,9648400
2025-10-28,26.451831817626953,26.77974700194344,26.28290569871851,26.5909467760342,8571600
2025-10-29,27.306398391723633,27.385892926818784,26.45183261327557,26.45183261327557,11791200
2025-10-30,26.789682388305664,27.47532392327927,26.769810176434785,26.978482615822866,9772900
2025-10-31,26.670442581176758,27.06791526366017,26.30277916531757,26.918863244641297,9175500
2025-11-03,27.00829315185547,27.35608243809015,26.55119817401296,26.60088344078885,8681200
2025-11-04,26.6406307220459,27.256714785246196,26.521389868071132,26.6406307220459,9532600
2025-11-05,26.92879867553711,27.25671385573391,26.511451910259446,26.69031508042118,7909200
2025-11-06,27.157346725463867,27.952292086664354,26.978483545368945,27.157346725463867,10367700
2025-11-07,27.395830154418945,27.51507290546776,26.789683135910977,27.30639856495714,6677100
2025-11-10,27.534944534301758,27.743618870389618,26.978482796899446,27.604503909863837,8446500
2025-11-11,27.882734298706055,28.478944260717928,27.544882050075966,27.59456731916817,11807600
2025-11-12,26.759872436523438,28.011912726637657,26.650566745190723,27.594565963266252,11730300
2025-11-13,26.84930419921875,27.505134560965246,26.720124400369176,26.759872613953394,11483200
2025-11-14,27.127534866333008,27.634313231808136,26.392209952300227,26.779747464310148,9703700
2025-11-17,26.451831817626953,27.266651251667973,26.243157484716917,27.01823060005551,8263600
2025-11-18,26.620758056640625,26.809556388102507,25.954990631503502,26.104042644083627,8400000
2025-11-19,26.2928409576416,26.491578237812554,25.84568492020571,26.094105572769816,8311300
2025-11-20,25.458148956298828,26.90892463744736,25.309095050584297,26.471703764302962,12537600
2025-11-21,25.656885147094727,25.69663336195119,24.762571161115513,25.20972910175472,13324400
2025-11-24,25.50783348083496,25.776128248887776,25.10042374948035,25.58732801633588,13998200
2025-11-25,25.527708053588867,25.617139644569036,24.822192379778578,25.587328482475893,10284000
2025-11-26,25.6270751953125,25.954990377904476,25.428337916948024,25.6270751953125,7935700
2025-11-28,26.054357528686523,26.25309481015474,25.468084633184382,25.47802168678771,3968300
2025-12-01,26.461767196655273,26.829430598041554,26.014611157200754,26.054357476234873,10471300
2025-12-02,26.739999771118164,26.83936841447657,25.875496933088275,26.422021628610654,11259200
2025-12-03,27.399999618530273,27.420000076293945,26.899999618530273,26.90999984741211,10464200
2025-12-04,27.829999923706055,27.959999084472656,27.25,27.260000228881836,9450800
2025-12-05,28.450000762939453,28.649999618530273,27.8799991607666,27.889999389648438,13606000
