Date,Close,High,Low,Open,Volume
2015-01-02,83.39220428466797,85.17506999814874,82.62420574381859,84.3064922478488,1880300
2015-01-05,83.06307983398438,83.51107908946443,82.04821939521764,82.56022551980296,2493300
2015-01-06,80.51219940185547,83.38306317644125,80.10077259023201,83.02649141291056,2283800
2015-01-07,81.30072021484375,81.63997239032338,80.56721163979235,80.6588993372584,1657600
2015-01-08,82.39183044433594,83.09783347602217,81.7133330249419,81.7683442495263,1947100
2015-01-09,80.65888214111328,82.97861466952936,80.55802359680638,82.82274491753556,2217700
2015-01-12,79.51277923583984,80.93395592057347,79.29272738055431,80.59471076770042,1834600
2015-01-13,79.13685607910156,81.52994203102202,78.51336994995519,80.31047538212466,1553600
2015-01-14,79.06350708007812,79.09101268841627,78.00908112340656,78.11910355675911,1618100
2015-01-15,78.00907897949219,79.43942653634586,77.83486747104172,78.99015195675096,910500
2015-01-16,79.23771667480469,79.25605841175366,77.70651041974736,77.88988581729897,1393700
2015-01-20,80.15461730957031,80.65891020657479,79.00850344849093,79.81537208369808,1843200
2015-01-21,79.21940612792969,80.62224863408464,78.77929524593738,78.77929524593738,1770600
2015-01-22,81.41075897216797,81.84169889446495,79.1001895576082,79.70534102176747,2997400
2015-01-23,81.98839569091797,82.62105275144296,81.5116154247282,81.9608900787775,2138600
2015-01-26,81.93338012695312,82.17177374508302,81.28238835792276,82.02506782767287,2058600
2015-01-27,81.0990219116211,82.0617604468367,80.22797809048281,80.86063524192876,1520500
2015-01-28,80.22795104980469,82.0892383949086,80.21878018242307,81.88752128444612,1541900
2015-01-29,81.0990219116211,81.41076854977001,79.80620898796036,80.06293739859798,1617400
2015-01-30,79.60450744628906,81.144885208017,79.52199058180007,80.64976303510525,1900300
2015-02-02,80.94313049316406,81.47492891349145,78.6417322913024,80.23712755228456,1772300
2015-02-03,82.9786376953125,82.99697243785538,81.18153212720642,81.18153212720642,1998100
2015-02-04,83.01531982421875,83.56545307714059,82.3368223787926,82.49269218464441,1483500
2015-02-05,84.08808135986328,84.17060519586086,82.70357384975021,82.95113836241904,1084500
2015-02-06,80.53053283691406,83.57461047403935,80.07208736749566,83.12533587269967,3880400
2015-02-09,80.53972625732422,81.52080663731891,79.74203532489342,80.38385641941537,2200600
2015-02-10,81.73167419433594,81.8508675220818,80.78727745632304,81.14486443488474,1817500
2015-02-11,81.41075897216797,82.31847917308316,81.19070707398447,81.94255747182483,1863100
2015-02-12,81.96087646484375,82.23594653120563,81.30988476946452,81.76833021651939,1969300
2015-02-13,82.7494125366211,82.77691814729846,82.01589694038327,82.18093759977063,2357900
2015-02-17,82.60272216796875,82.7952754696019,82.07093060568386,82.57521655211387,2884800
2015-02-18,82.30014038085938,82.78609150496492,81.65831246602366,82.52019226821741,2404400
2015-02-19,83.53792572021484,83.66628987930802,81.85084292234136,82.26344800113115,2810100
2015-02-20,88.68170166015625,88.83757145658832,86.27944464000804,87.0221311321271,4828500
2015-02-23,88.33329772949219,88.68172087385695,87.95737596280776,88.50750930167456,1831200
2015-02-24,89.28685760498047,89.34187583076175,87.95736823655874,88.21409663912368,1400500
2015-02-25,89.52523040771484,89.93782853067654,88.95675550922915,89.09429054865728,1380700
2015-02-26,89.56192779541016,89.91951478421872,89.19516993641246,89.42439272387048,1061000
2015-02-27,89.51607513427734,89.77281051708636,89.04846571221115,89.2226702635338,1298100
2015-03-02,90.47879028320312,90.4879611504871,89.15846520719617,89.45187000238415,997300
2015-03-03,89.8553237915039,90.3596166721367,89.48856596880039,90.15789951988359,1310800
2015-03-04,89.35100555419922,89.92865123450899,88.82837807864188,89.31433607812646,1142900
2015-03-05,89.9653549194336,90.02036614550465,88.78256459163924,89.47023289882267,1121600
2015-03-06,89.3143539428711,90.09370987875515,89.05761859175783,89.52523495141747,1641700
2015-03-09,89.5344009399414,89.76362367302097,88.85590360871625,89.54357180795493,1215800
2015-03-10,87.46224212646484,88.89259001470717,87.45307125670523,88.62669774959463,1348100
2015-03-11,87.26966857910156,88.13154818891502,87.11379881848647,87.50806215113286,1059000
2015-03-12,88.64502716064453,88.70003838524453,87.32470180765611,87.47140773368753,794000
2015-03-13,89.64444732666016,89.84616450491804,88.31495791770524,88.33329266330844,1736700
2015-03-16,91.12062072753906,91.4598728997189,89.67193833289113,89.94700142261387,1451700
2015-03-17,90.7538833618164,91.12063420234807,90.23125571920254,90.54299533271922,1453400
2015-03-18,91.62490844726562,92.29424188608252,90.25874295704664,90.45128920772267,1437700
2015-03-19,91.48736572265625,92.0374988205366,91.48736572265625,91.51487132825199,1195000
2015-03-20,92.08336639404297,92.49596455928514,91.82663802497464,92.07419552505527,3435400
2015-03-23,91.80827331542969,92.47760667758807,91.74409123922176,92.47760667758807,1166500
2015-03-24,91.41402435302734,92.34925703363957,91.40486048021629,91.70742917540471,1476200
2015-03-25,89.23184204101562,91.41404035216439,89.21350729686183,91.36819999411792,1437300
2015-03-26,88.8925552368164,89.48853562219024,88.31491658378584,88.70000901913956,788300
2015-03-27,88.99342346191406,89.20431143488044,88.05819787496367,88.61750185182882,1023100
2015-03-30,90.06620788574219,90.54298813774044,89.67194446770922,89.67194446770922,876100
2015-03-31,88.90174865722656,90.43295491625571,88.90174865722656,89.2501647116076,1871600
2015-04-01,89.56192779541016,89.58026254046409,88.25077317133731,88.77340084692862,1304100
2015-04-02,90.31376647949219,90.50631275640559,89.25934039564154,89.57108698349427,1080600
2015-04-06,89.7177963256836,90.57050536261477,88.86508728875243,89.35103847194426,1332300
2015-04-07,89.25930786132812,90.42376296269032,89.23180225969799,90.05700528520646,1231700
2015-04-08,90.01312255859375,90.39001911268936,89.1857946463517,89.1857946463517,1305800
2015-04-09,90.02233123779297,90.45438071640476,89.43401063259155,89.97636584134433,806300
2015-04-10,90.9048080444336,91.107044558348,89.69139597428176,89.93959086923655,1666400
2015-04-13,89.98554229736328,91.17137775217583,89.98554229736328,90.08666053862638,1223000
2015-04-14,89.97637176513672,90.19699726661374,89.25935641867461,89.93041337899713,1823400
2015-04-15,90.04988861083984,90.69336895825091,89.9211939440243,90.45436157130774,955500
2015-04-16,89.52592468261719,89.61784845218949,89.08468778333646,89.43400091304487,1465000
2015-04-17,87.86207580566406,88.90082766209837,87.63226288946176,88.71698013446996,1550800
2015-04-20,88.84566497802734,89.31448523895075,88.29411544282308,88.61585208724783,1182600
2015-04-21,89.3880386352539,90.11424836283922,88.89164184627151,89.45238597752935,1061700
2015-04-22,92.07225036621094,92.15497964987053,90.54628923204237,90.59225462074234,2701100
2015-04-23,93.25809478759766,93.71772069983489,91.52070940040777,91.72294592392572,1526900
2015-04-24,93.05584716796875,93.68093856749675,92.36640843378346,93.68093856749675,949300
2015-04-27,93.39596557617188,93.70851478189272,92.84441599274307,93.2672709071496,958900
2015-04-28,93.44193267822266,93.91994045574289,92.68814659726111,92.95473042036544,885800
2015-04-29,93.0098876953125,93.84640309905537,92.66057457257746,92.77088028852857,1076800
2015-04-30,92.22853088378906,93.5062902707819,91.75051604050097,92.56864954689684,1267800
2015-05-01,92.46751403808594,92.71571589476223,91.97112435139948,92.22851367437262,1003600
2015-05-04,93.11101531982422,93.4695229594338,92.24691638674747,92.4583473858341,868000
2015-05-05,91.93435668945312,93.2488867895823,91.80566202342649,92.66056631250817,944400
2015-05-06,91.5023193359375,92.32045282610605,91.02430450213062,92.27448743362432,903000
2015-05-07,91.98953247070312,92.3112692159619,91.37363541358847,91.66779572544436,820800
2015-05-08,94.45309448242188,94.77483111448866,92.65136232951525,93.11098809341998,1440600
2015-05-11,94.06702423095703,94.62776830569646,93.92913507902652,94.1313715667468,647400
2015-05-12,94.002685546875,94.44392245766235,92.85362086392051,93.62578896446549,732100
2015-05-13,93.98428344726562,94.4622982160245,93.15695558851623,93.65335230376586,581800
2015-05-14,95.43673706054688,95.46431349688197,94.2141302852288,94.59102695070379,1134700
2015-05-15,94.06702423095703,95.82279125798247,93.91994059867552,95.75844392219271,1322500
2015-05-18,94.07621765136719,94.26926668428672,93.35001496435544,93.81882829191989,1098800
2015-05-19,94.93111419677734,95.42751092617273,94.31521727845349,94.61857200419513,1393500
2015-05-20,95.0322265625,95.49185235611239,94.47148253322622,95.27123393891169,1158000
2015-05-21,95.7492446899414,96.28240525811549,94.8851459897981,95.2528480119867,2266500
2015-05-22,98.13931274414062,100.39147658747697,96.84316449013852,96.97185916613867,3721900
2015-05-26,96.21806335449219,97.67967704642332,95.58378451912567,97.0270092515777,2369000
2015-05-27,96.69610595703125,96.95349535718657,95.90554879179126,96.32840380823716,1183000
2015-05-28,96.60415649414062,96.72366370207544,96.05260688418655,96.29161428672236,1051200
2015-05-29,95.74006652832031,96.5214290753108,95.17012794612302,96.47546368470327,2310700
2015-06-01,97.8267593383789,98.3323505534273,95.68490130129538,96.30999270656726,1805300
2015-06-02,97.6429214477539,98.23124200331678,96.7604406144096,97.21087200559556,1147600
2015-06-03,98.21284484863281,98.21284484863281,97.20166941643866,97.66129525046634,960500
2015-06-04,96.94429016113281,98.24962598242602,96.5674005849383,98.01981304149407,1063600
2015-06-05,97.07299041748047,97.59696367233992,96.21808594762192,96.21808594762192,1173600
2015-06-08,96.06179809570312,97.25682805438022,96.02502718784636,96.8431606009919,885300
2015-06-09,96.19050598144531,96.44789535846989,95.51026162597543,96.01584589846384,1304100
2015-06-10,98.80117797851562,99.16887305594905,96.52143062642452,96.76043803742348,1736700
2015-06-11,97.28441619873047,99.2332254565153,97.22925632363518,99.2148435070398,2473200
2015-06-12,96.27325439453125,97.02704067060152,96.03424693724007,96.66853299133246,1338600
2015-06-15,94.72889709472656,95.66653080823042,94.33361855563483,95.66653080823042,1771000
2015-06-16,95.35395812988281,95.60215294107523,94.47147054638675,94.82079059374249,1324500
2015-06-17,95.455078125,95.90551643664493,94.86675769074212,95.4918490288077,884900
2015-06-18,95.96070098876953,96.08939568794774,95.2528801432894,95.37238036014485,1533800
2015-06-19,95.89632415771484,96.30079709554762,95.3263856556171,95.67570574313922,1427600
2015-06-22,96.98104858398438,97.05459039881208,95.17931620070658,96.54899918853849,1262800
2015-06-23,96.30081939697266,97.13733487818156,95.82280453913795,97.11895292826541,1211100
2015-06-24,94.72889709472656,96.31000423775912,94.66454975177369,95.91472569866738,1460800
2015-06-25,95.2344970703125,95.76766486465519,94.60940548706068,95.01387857426349,1406500
2015-06-26,94.90353393554688,95.58378517427373,94.07620608664475,95.23446507510772,2310800
2015-06-29,92.86280059814453,94.36118530846522,92.68814754994789,93.9475178490514,1491000
2015-06-30,92.63298034667969,93.64416271407735,92.62379288030924,93.32241904445094,1722500
2015-07-01,93.41437530517578,94.11300165995446,92.6422001060322,93.43275725626573,1340500
2015-07-02,93.22130584716797,93.79123733672456,92.49509625929242,93.79123733672456,778200
2015-07-06,93.69015502929688,93.72692594809986,92.03550576317645,92.19177690808739,1908500
2015-07-07,95.2160873413086,95.33558753069616,92.91795822231583,92.91795822231583,2670200
2015-07-08,95.30823516845703,95.96248209403616,93.89837842443282,93.89837842443282,3095300
2015-07-09,95.44645690917969,96.84709691236455,95.4003803109893,96.2665697387955,1346800
2015-07-10,96.16519927978516,96.69965684340922,95.46487581815022,96.69965684340922,862600
2015-07-13,97.15118408203125,97.7409279721588,96.76416597231662,97.09589778930108,1334700
2015-07-14,97.51979064941406,97.77780276192175,96.94847309293077,97.23412835602102,676700
2015-07-15,97.98050689697266,98.26616209686722,97.37232959749247,97.72249484154514,870700
2015-07-16,99.61151885986328,99.62073558507905,98.48731741379001,98.80983952362853,1003700
2015-07-17,98.38597106933594,99.70368178468325,98.19246198907828,99.28902047417435,1475100
2015-07-20,98.25695037841797,98.75454809508273,98.11873464904019,98.43203300936527,994900
2015-07-21,97.81465911865234,98.73613493318453,97.73172263958712,97.94366517026265,996400
2015-07-22,98.33987426757812,98.70846590280891,97.82385019643543,97.82385019643543,812200
2015-07-23,98.82826232910156,99.41800617591406,98.15558201898354,98.47810411702577,792900
2015-07-24,98.31224060058594,99.34428884234028,98.118731555257,99.10471023210523,834200
2015-07-27,96.75495910644531,98.12795608147114,96.54301657887908,97.78701453448961,1166400
2015-07-28,97.34471130371094,97.40921433403449,95.52019300009991,96.79182718232283,1288100
2015-07-29,97.23411560058594,97.43684138533438,96.22049370714565,97.0866831400519,991100
2015-07-30,97.43685150146484,97.7317234834491,95.8150591157027,96.69967506165548,593800
2015-07-31,97.46448516845703,98.11873912543443,97.12354364670189,97.94365648649948,904100
2015-08-03,96.80099487304688,97.47366798704991,96.10988831383035,96.45082971698551,987900
2015-08-04,97.29864501953125,97.51980431579052,96.71811768503414,96.97612983369953,777400
2015-08-05,98.39517974853516,99.2890123535032,97.7132896600212,97.7132896600212,700800
2015-08-06,95.9901123046875,99.01255117113845,95.8795397312277,98.588673235507,1176100
2015-08-07,97.1604232788086,97.1604232788086,95.32668113573135,95.87957231211237,1604400
2015-08-10,96.7457504272461,96.7457504272461,93.9997562487831,94.99494485362774,1400200
2015-08-11,96.40480041503906,96.4416602905561,94.98572684399348,95.55703733875173,1327900
2015-08-12,96.49693298339844,96.828664785978,95.01335659694581,95.84268610339471,963800
2015-08-13,96.66279602050781,97.06824052141259,95.61231435356612,96.77336859789038,767000
2015-08-14,97.32626342773438,97.86071397677266,96.23892184886795,96.34028473564967,768300
2015-08-17,97.27100372314453,97.46451283833997,96.29424141873784,96.93927180272266,871200
2015-08-18,97.41839599609375,98.37673140902697,97.22488697477557,97.71326789005009,832500
2015-08-19,97.92520904541016,98.66239233848464,96.55221236811737,98.12793480252068,1864300
2015-08-20,94.84748840332031,97.32626013760304,94.65397936154267,97.00373803767238,1510600
2015-08-21,82.26937103271484,85.69726266412854,78.42681803924128,83.90959708573885,8703000
2015-08-24,77.63431549072266,78.32542215681218,74.53815706421757,75.84665066474159,6761400
2015-08-25,73.5982894897461,80.03018793129955,73.37713019141648,79.9103985840989,4786900
2015-08-26,76.7497329711914,77.47769981771856,74.45525981664109,76.21527523116333,5663800
2015-08-27,79.7998046875,79.82744783727983,77.06302037445441,77.76334396685492,4322200
2015-08-28,79.44039916992188,80.73046622983848,78.35305783760214,78.3622745607565,3537000
2015-08-31,79.01654052734375,79.21004957887656,77.81861931655784,78.74931173323608,3343900
2015-09-01,77.49609375,78.50050577341514,76.57461818334055,76.80498707500541,3803500
2015-09-02,79.09026336669922,79.21005268034752,77.45924739230053,78.96125732729277,2687700
2015-09-03,79.2837905883789,80.14076349235499,78.77697601010678,79.1363510636803,3230200
2015-09-04,78.44522094726562,79.08104140675816,77.50531886089969,77.97527341923336,3192000
2015-09-08,80.85028839111328,80.89636499532442,78.79540120086715,79.836666371193,2377000
2015-09-09,79.83663177490234,81.3939275224062,79.53254319160874,80.88711321691687,3002900
2015-09-10,81.36632537841797,81.8915663640551,79.6892395093395,80.16840388751767,4118100
2015-09-11,82.29698181152344,82.38913499377682,80.30659821420363,80.59225339434703,2615900
2015-09-14,81.84547424316406,82.49972116931288,81.33865977839292,82.05741675487798,1517900
2015-09-15,82.00214385986328,82.72089398511146,81.4216165349252,82.13114993207174,1791200
2015-09-16,82.44445037841797,82.5734564427457,81.08987967267366,82.14957836991128,1609200
2015-09-17,79.03498077392578,80.50934776213697,78.5834595746951,80.07625298662265,6863300
2015-09-18,78.7769775390625,79.43122462442781,77.73571223930706,78.03980099217229,5609300
2015-09-21,79.99329376220703,80.444821863372,78.48207435619979,78.83223957998494,3351900
2015-09-22,80.0301742553711,80.38954926586523,78.6940371168983,78.70325384366299,3121500
2015-09-23,80.71204376220703,81.43080062971781,79.53255612880602,79.67077887372352,2251100
2015-09-24,80.96087646484375,81.48611746822505,79.84589142364148,80.0117573736726,2898400
2015-09-25,80.9792709350586,82.55499332340707,80.57382646298869,81.71645420658686,2328200
2015-09-28,79.44962310791016,81.02534545600497,79.43118965992745,80.34345551695645,2301400
2015-09-29,80.01174926757812,80.33426440710213,79.12713330046824,79.41278856257483,1724800
2015-09-30,81.78096771240234,81.85468745507745,80.26974813907053,80.86870874527803,2469800
2015-10-01,81.88233947753906,82.67480922145097,80.93322053618704,81.69804713117449,2583900
2015-10-02,82.47206115722656,82.51813774652956,78.88752185482812,80.38031476645928,1778400
2015-10-05,84.13995361328125,84.31503626615365,82.43522477789492,82.93282255687245,1525800
2015-10-06,83.6792221069336,84.9508633160748,83.44885313777648,84.04781386364559,1714300
2015-10-07,84.09523010253906,84.5852297699494,82.54201975009734,84.03976057146699,1647000
2015-10-08,85.32487487792969,85.44506123909913,83.20770032327172,83.86411577938948,1373500
2015-10-09,85.70392608642578,86.22166767023792,85.32487246355306,85.36185450908279,1334200
2015-10-12,86.17543029785156,86.41581004453212,84.73316592497476,85.71316535232917,1553800
2015-10-13,84.4650650024414,86.16619688998406,84.37261340918008,85.52827595895778,1770600
2015-10-14,83.58676147460938,85.18619443968628,83.58676147460938,84.4095926180868,1926300
2015-10-15,85.4543228149414,85.50055214429915,83.96582869577033,84.17847373576848,2137300
2015-10-16,86.55449676513672,86.71166516432899,84.28939414744458,85.58373749275384,1919900
2015-10-19,86.97977447509766,87.26637648625339,85.5097682697691,86.47128020988264,1079900
2015-10-20,87.18318176269531,87.5899701659704,86.80412107722076,86.80412107722076,1014000
2015-10-21,86.78565216064453,87.8118812439454,86.31413978500763,87.73791713529536,1489300
2015-10-22,89.54999542236328,89.95679096609103,87.23866993046583,87.30338676209473,1500100
2015-10-23,90.54847717285156,90.60394671981224,88.86583273019923,90.19715123248817,1240700
2015-10-26,90.3358383178711,91.52848303414254,90.27112149079925,90.72413928030223,1440800
2015-10-27,90.63170623779297,90.81661653415435,89.81812209462265,90.28038725511622,1093400
2015-10-28,90.59469604492188,90.97375674454291,89.94752784264742,90.8905453736194,1846300
2015-10-29,90.372802734375,90.85355520543769,90.21563433552794,90.51148363778277,1431000
2015-10-30,90.07695770263672,90.71488565639415,90.00299361016546,90.55771019649171,1233500
2015-11-02,90.15091705322266,90.78883791982173,90.02148342500813,90.6501640707374,1512300
2015-11-03,90.3358383178711,90.57621812711162,89.72565209885148,89.82735097762227,1455100
2015-11-04,91.38978576660156,91.66714757795911,89.679406739507,90.34506944388202,1347200
2015-11-05,90.40055084228516,91.99074372162775,90.05847922416004,91.72262914977536,1348900
2015-11-06,90.86283111572266,91.10321095381248,89.79961992599307,90.4098132718505,960900
2015-11-09,90.15091705322266,90.79808519429527,89.4482723189126,90.7703504244784,1119400
2015-11-10,91.41752624511719,91.50073761516171,89.70714711122673,90.08620780684363,944100
2015-11-11,91.88903045654297,93.03544561068004,91.32506662711023,91.91676522625218,1314200
2015-11-12,90.6501693725586,92.25884959845656,90.60394005109087,91.68563845883585,849800
2015-11-13,89.2448959350586,91.24188448247419,88.99527589343435,90.63169118622874,1540100
2015-11-16,89.58695983886719,90.20639325587686,88.73639391817292,89.57771256371062,1599200
2015-11-17,89.15242767333984,90.10469243932849,88.80110881464235,89.30959607957787,1848500
2015-11-18,89.32807922363281,89.57769918674965,88.40354934695785,89.24486786685841,3705300
2015-11-19,90.06773376464844,90.30811360066151,88.56075202150203,89.6147159246901,3985900
2015-11-20,95.41148376464844,99.84923014823352,93.5346891784017,98.25903757655547,6622300
2015-11-23,93.4052734375,95.99396049911824,93.29433434151379,94.78282129029878,2915900
2015-11-24,92.23112487792969,93.14640770317985,90.34508262490169,92.48999217770913,3368000
2015-11-25,92.3143539428711,93.25737884893161,91.92605288913173,92.43454740255717,1928500
2015-11-27,92.61941528320312,93.1556443737584,92.12941551389036,92.5362039156874,1109400
2015-11-30,92.63788604736328,93.15562754806999,91.53770034726752,92.8043016987328,4655000
2015-12-01,94.10790252685547,94.83828201880843,93.01695692608574,93.32205349619335,2322400
2015-12-02,91.99073028564453,94.11715199811098,91.7688450720249,93.6826217918032,1721800
2015-12-03,89.1062240600586,92.36982180803574,88.69943554146907,91.9537789582158,2878800
2015-12-04,91.18634796142578,91.39899286380528,89.42974744034642,90.54842736148883,2232400
2015-12-07,91.3713150024414,91.54697093176972,90.82583855451361,91.26961612322783,1721700
2015-12-08,90.89979553222656,91.52847625735052,90.14168116254218,90.43753050062378,1453200
2015-12-09,90.34506225585938,92.16638727330971,89.99373638227812,90.70562834977456,1571200
2015-12-10,89.67017364501953,91.11244541711011,89.64243887021865,90.62243853240963,1760300
2015-12-11,88.8658447265625,89.5962244257619,88.61621762433194,88.62546490127527,2269800
2015-12-14,89.03223419189453,89.61468550268434,87.76562566113807,89.0877037299878,2340300
2015-12-15,90.5854263305664,91.8612748226356,89.5776852538608,90.11391419179215,1747100
2015-12-16,91.57472229003906,91.65792662517823,89.67943249322444,91.02924578534954,1326300
2015-12-17,90.48371887207031,92.44371720465904,90.48371887207031,91.8150367640774,1596600
2015-12-18,88.3573226928711,90.27109931308419,87.70090730709401,89.86430389794214,4537700
2015-12-21,88.45903015136719,89.39280742077344,87.5345001569146,88.7733669637511,1322400
2015-12-22,89.8735580444336,89.92902758579336,88.33884195344706,89.18940783778196,1060200
2015-12-23,90.60393524169922,90.79808568507042,89.9197850526383,90.38205002836125,761800
2015-12-24,90.22489166259766,90.65942195064484,89.95678413307564,90.51150079827426,327200
2015-12-28,90.80733489990234,90.83506967046173,89.60544311589997,89.77185879286024,693000
2015-12-29,91.84280395507812,92.44374984709069,91.18638852194573,91.18638852194573,864000
2015-12-30,90.86283111572266,91.90755480418655,90.80736155831961,91.63019290995936,660900
2015-12-31,89.21715545654297,90.90904724770323,89.19866795796199,90.44678219352424,1189500
2016-01-04,87.25714111328125,87.72865340046269,86.11072585869522,87.08148520519742,2809000
2016-01-05,88.70866394042969,88.86583942466642,87.44206216538042,88.14469999182921,1859400
2016-01-06,89.0229721069336,89.19863501980859,87.05372624260734,87.3033461761013,2433200
2016-01-07,87.58549499511719,89.43105771675751,86.47258741134273,87.6411378978288,2477700
2016-01-08,86.37984466552734,89.03226478668249,86.26855178731046,88.04920246053712,2004700
2016-01-11,87.17743682861328,87.41856789038494,86.37985545753358,87.0105010282559,1889900
2016-01-12,87.96572875976562,88.25323358548407,86.76935688353319,87.81734533495964,1300800
2016-01-13,85.04436492919922,88.66130237771935,84.9238029419866,88.206868805988,1907700
2016-01-14,87.47419738769531,88.54073111115123,84.52500341729773,85.61008241543921,2545900
2016-01-15,84.84959411621094,86.18508024073361,84.00564618937649,84.79395121957185,2774800
2016-01-19,84.28388214111328,86.37985220543399,83.50485315254146,86.10162352343018,2468100
2016-01-20,85.31331634521484,86.13871911985747,82.22501484123302,83.03186526383361,2904400
2016-01-21,85.27622985839844,86.8713927112691,84.58994133180876,86.06454218325085,1461700
2016-01-22,86.81576538085938,87.17745852571181,85.50810010666105,86.31495785514414,1076500
2016-01-25,85.07219696044922,86.86211694395514,84.94235171610183,86.68590496830109,1310200
2016-01-26,85.91615295410156,85.98107204441764,84.4230068011816,85.26696205094079,1139700
2016-01-27,84.18189239501953,86.49117279868425,83.88511834112086,85.70286738135823,944100
2016-01-28,85.35041046142578,85.52662242032831,84.11694090040584,85.07218887308632,1141600
2016-01-29,88.57781982421875,88.68910561243243,85.40604042282122,85.99031911353413,2120500
2016-02-01,89.3753890991211,89.93183919308306,87.51127456248398,88.36449851160212,1325700
2016-02-02,87.31653594970703,88.71694119320627,87.14960017845779,88.39233875003117,2436000
2016-02-03,88.93024444580078,89.4125064893628,87.177422370572,88.10484175749299,1864200
2016-02-04,89.72782135009766,89.89475711470516,87.96572318494029,88.82822345613769,1653000
2016-02-05,85.1278305053711,89.26412032267376,84.61774698755346,89.11572981725455,2911100
2016-02-08,84.32097625732422,84.60848110358955,82.42903969521093,84.31170715711976,2744500
2016-02-09,83.5883560180664,85.45247206466858,82.99480782697013,83.54198926680573,1922800
2016-02-10,83.70887756347656,85.7028307014285,83.42137273618677,84.6548422442743,1897700
2016-02-11,84.77544403076172,85.3875373957151,81.77059890067727,81.77059890067727,1991700
2016-02-12,87.69679260253906,87.82663077677202,84.85889097194745,86.22219887704337,2177700
2016-02-16,88.43871307373047,88.85604896650442,86.88064822471355,86.89919349911862,2240200
2016-02-17,91.22099304199219,91.51776703298307,88.48510803365906,88.86534639290515,1726100
2016-02-18,89.46817016601562,91.49922135926134,89.12502236593049,90.69236375802605,1768500
2016-02-19,90.13590240478516,90.52541689202953,88.39234923695939,89.5145259696296,1901300
2016-02-22,91.11897277832031,91.54558493156323,89.9596983154918,91.05405369142791,1620700
2016-02-23,90.29354095458984,90.99838158301118,89.25482882195038,90.46047670669891,1859300
2016-02-24,91.65686798095703,91.795982316682,88.48509508954304,89.35686458049805,2177200
2016-02-25,92.8068618774414,92.8903333052992,90.83146104302415,91.9072639001727,2335500
2016-02-26,88.8004150390625,93.66936729968995,87.27017148487835,93.58590294296219,3809500
2016-02-29,89.62581634521484,90.25646186312967,88.06775136422812,88.4479967403991,2671300
2016-03-01,91.68468475341797,91.68468475341797,89.57016960039941,90.58105337548426,2194700
2016-03-02,91.47134399414062,92.40803927357553,90.94271538607266,91.37860349855167,1607900
2016-03-03,90.61817932128906,91.33229646276709,89.39398558297762,90.94277480575595,1851500
2016-03-04,91.9814682006836,92.0556634603782,90.00606717194833,90.98912959812887,1904500
2016-03-07,92.16696166992188,92.51010948542273,90.50687965814802,91.02623947021019,1996800
2016-03-08,92.06489562988281,92.97376950742945,91.25804550022715,91.48062411437562,2051400
2016-03-09,92.25039672851562,92.75120398778799,91.73104419696543,92.17620148810914,1548800
2016-03-10,90.90564727783203,92.99234094626719,89.8205682684014,92.32460491591273,1677900
2016-03-11,92.7048568725586,93.0016308439436,90.93348922088072,91.61050152639204,1544200
2016-03-14,92.21331787109375,92.89960629537487,92.00928445628473,92.3802536581512,1181400
2016-03-15,92.12059783935547,92.45446948776764,91.54559509472325,91.94438583723499,1012300
2016-03-16,93.0108871459961,93.24274198271192,91.57338432809878,92.18548449333963,1221900
2016-03-17,93.51171875,93.87341182324404,92.37098954354961,92.84397551458025,1384700
2016-03-18,94.60606384277344,94.86574016700959,92.76977014536908,93.98468740903787,3012400
2016-03-21,94.60606384277344,94.60606384277344,93.60444909873469,94.09598029470301,968800
2016-03-22,94.73590850830078,95.07904921360478,93.93832712873802,94.29074401072985,1165400
2016-03-23,94.31855773925781,94.64316021589636,93.72500984154877,94.29073628712287,1630600
2016-03-24,94.49476623535156,94.70807581997204,93.38186573690676,94.02178033947055,1331800
2016-03-28,94.64318084716797,94.88430486866618,94.17019483082046,94.47624502231889,997800
2016-03-29,95.12541961669922,95.45929120901519,93.8455832299209,94.21654537636141,938000
2016-03-30,95.691162109375,95.89519556946705,95.06979262684057,95.52422628526793,969700
2016-03-31,96.46089935302734,96.92460907984133,95.0326725453624,95.2923488602744,2232400
2016-04-01,97.09153747558594,97.17500182374911,96.00645141992608,96.23830626568828,844900
2016-04-04,97.34192657470703,97.63870046065608,97.0358765147962,97.29555985619324,894100
2016-04-05,96.35887145996094,97.24919318300095,96.24757859121291,96.85040258121394,956600
2016-04-06,97.49964141845703,97.67585344537343,96.08069025086084,96.37746430502703,807800
2016-04-07,95.95568084716797,97.13687816039506,95.46274302979668,97.0345695081975,1278200
2016-04-08,96.1510009765625,96.82995778977808,95.72316799537246,96.59743940244232,654100
2016-04-11,95.44416046142578,96.7834616914274,95.14653717743667,96.7834616914274,999700
2016-04-12,95.52787017822266,95.8905983584973,94.7187034936642,95.46276530217077,1451300
2016-04-13,96.08588409423828,96.30910682720818,95.52784145360786,95.76966253304334,1358600
2016-04-14,95.73246765136719,96.77415254778913,95.6301589965446,96.69044224116254,1270600
2016-04-15,95.63946533203125,96.40212536304307,94.95120579251227,95.95568693459556,1628000
2016-04-18,96.5323257446289,96.72764032069185,95.193017684886,95.38833226094894,1158400
2016-04-19,96.65324401855469,97.04387321626139,95.89058397240902,96.81135482297432,767200
2016-04-20,96.48583984375,97.20200053819336,96.30913067293453,96.96017939888401,880900
2016-04-21,95.14653778076172,96.66255528446017,95.12793233395134,96.48583901925586,1218900
2016-04-22,95.17443084716797,95.2767395083203,93.71421561496443,94.90470865830257,1614200
2016-04-25,95.20233917236328,95.41625213768964,94.76520342248054,95.00702455780055,888900
2016-04-26,96.65324401855469,97.65772518057041,95.90918941757499,97.27639160954847,1234700
2016-04-27,96.27191925048828,97.16478904503488,95.40695052828714,96.69044952746694,1026700
2016-04-28,94.28157043457031,95.62087169347924,94.00254549535235,95.48136631976922,1329300
2016-04-29,93.8351058959961,94.02111773989256,92.26327956025207,93.45377948723925,1613600
2016-05-02,95.06282043457031,95.17443181948535,93.5840068379123,94.30946310011421,1806200
2016-05-03,94.3094711303711,94.77450796326652,93.65841530677814,94.33737220500099,891700
2016-05-04,92.90504455566406,94.16994512701731,92.6353223798419,93.96532781460753,1189700
2016-05-05,93.37940216064453,94.25366662524354,93.00737125643892,93.14688373250344,1063300
2016-05-06,93.97460174560547,94.15131793325448,92.30976978166295,92.60739293692164,883200
2016-05-09,94.56058502197266,95.25814025010034,94.10485092644755,94.27226446503414,714800
2016-05-10,95.611572265625,95.65807168971384,94.3466715576702,95.05352240936948,731900
2016-05-11,95.16511535644531,96.28120066085748,95.08141215176819,95.60225101437423,617300
2016-05-12,95.06282043457031,95.85338156399808,94.13274684797332,95.24883940942871,713300
2016-05-13,94.89540100097656,95.95568425605691,94.86749993045832,94.97911130842917,781900
2016-05-16,96.47651672363281,97.22987390553585,94.9511898222624,95.1000049720144,1046700
2016-05-17,95.00701141357422,96.37422062225865,94.75588758966599,96.28120759361244,912300
2016-05-18,95.51856231689453,95.8998959246169,94.69079732479842,95.07213093252079,1043100
2016-05-19,94.32804870605469,95.30462867840617,93.67700012175195,94.65357299820606,834400
2016-05-20,95.82548522949219,96.3370285657713,94.48617692788775,94.76520185602158,1169900
2016-05-23,97.30428314208984,97.69491227301432,96.30910487279347,96.39280807403571,2066300
2016-05-24,99.80618286132812,99.94569530249814,97.74141860052488,97.78792511288073,2834900
2016-05-25,97.67633056640625,98.54129933558212,94.69079503303111,95.82548600935847,4732600
2016-05-26,99.35975646972656,100.2061196883845,97.5461088367775,97.65772021440291,2659000
2016-05-27,100.34561920166016,100.3828229894063,99.36903928704038,99.78757657726185,1386300
2016-05-31,99.20164489746094,101.08039028279158,98.50408975852814,100.44794000632326,2598600
2016-06-01,99.70390319824219,99.94572436018285,98.24368769404212,98.44830505446117,1304200
2016-06-02,100.55953979492188,100.68044678388075,99.05281831393349,99.45275016467069,1137600
2016-06-03,99.93638610839844,100.23400931886653,99.25743648571984,100.08520126158102,1732600
2016-06-06,100.56886291503906,100.81068405496656,99.59228982361846,99.85270931466395,1548900
2016-06-07,100.86650848388672,101.33154541944342,100.67119382246096,100.72700307994012,1282500
2016-06-08,99.91781616210938,101.23851909045493,99.81550748919115,101.08971099087329,1436700
2016-06-09,100.00151062011719,100.05731986147899,99.2388505498916,99.59228306022194,1490600
2016-06-10,98.99703979492188,99.66669394621314,98.37388506775443,98.44829266143094,1397800
2016-06-13,98.27157592773438,99.48997002278074,98.20646396635813,98.20646396635813,1342800
2016-06-14,98.79243469238281,99.01565040515143,97.46242894830803,97.93676854685347,874300
2016-06-15,98.84820556640625,99.41555094107905,98.7086931291118,99.32254501484852,1197900
2016-06-16,99.04352569580078,99.24814300252373,97.88093381296376,98.43897649754598,863200
2016-06-17,97.9925537109375,98.9970348880868,97.39730718282644,98.84821970810987,1689300
2016-06-20,99.84339141845703,100.20611952527685,98.63430009435692,98.89471954582778,1397100
2016-06-21,100.35494232177734,100.67116393805273,99.62018333020418,100.103818477419,1817600
2016-06-22,99.0063247680664,100.34563292652503,98.94121990458011,100.2247259217356,1453600
2016-06-23,101.33150482177734,101.33150482177734,99.62947571242873,100.47583890618493,1418500
2016-06-24,97.96466827392578,99.03425448904744,96.35563758913936,96.59745874724761,5050300
2016-06-27,96.89506530761719,97.49031182782419,95.82547927740521,96.95086745141839,1769400
2016-06-28,98.57848358154297,98.64358843960525,97.4065961364219,97.84372470004159,1643600
2016-06-29,101.64773559570312,101.72214318013077,99.15513828455965,99.15513828455965,1645800
2016-06-30,103.8055419921875,103.9729555674527,101.47105466373938,101.72217857458733,2191500
2016-07-01,104.08453369140625,104.6146753275298,103.56368768167403,103.91712016968839,1017500
2016-07-05,104.85649871826172,105.11691819847083,103.46138827779987,103.71251213078624,1578200
2016-07-06,105.35873413085938,105.40524064827333,104.0473340713855,104.20544487715571,1328500
2016-07-07,106.26091766357422,106.27022038720175,104.97741854303675,105.27504183602656,1074400
2016-07-08,107.68766784667969,108.20055079298153,106.28888453290763,107.2400540558575,1507500
2016-07-11,107.82754516601562,108.54559128241257,107.56644007444588,108.2192099179504,1535900
2016-07-12,108.48963928222656,108.84400230405507,107.7063239773896,108.59221730280002,1199200
2016-07-13,108.09796142578125,109.07711248839985,108.08864132716594,109.06778527520544,967100
2016-07-14,108.53626251220703,108.98387631603973,107.83687083499224,108.65748784167545,881500
2016-07-15,107.22142028808594,108.71345458835881,106.7365046938843,108.71345458835881,2158400
2016-07-18,107.47318267822266,107.93944377444053,106.8204199893495,107.1374741197794,737400
2016-07-19,107.034912109375,107.69700211122621,106.82975605803897,107.30534443935605,865600
2016-07-20,107.04422760009766,107.51048871494366,105.11390686921835,105.16985592633426,1555100
2016-07-21,105.55220031738281,106.7644750260436,105.10458648761637,106.75515492563838,961400
2016-07-22,106.36349487304688,106.62459998758015,105.36569626274853,105.92520823883139,717600
2016-07-25,106.26091003417969,106.34484073823009,105.80397611304404,106.27956446378214,566500
2016-07-26,105.95315551757812,106.88567754676603,105.56149085823957,106.42873662996746,782200
2016-07-27,104.94603729248047,105.92518122224622,104.45180172108743,105.92518122224622,1731100
2016-07-28,104.47981262207031,105.37503329007694,103.90164616135331,105.04865186651955,2383700
2016-07-29,103.50061798095703,104.64762320675707,102.9411061866115,104.64762320675707,3062500
2016-08-01,103.28614807128906,104.22799025413714,102.57742929498706,103.90160894747797,3405600
2016-08-02,101.85009002685547,103.15562271184753,101.36517443106204,103.0623647871775,1816800
2016-08-03,102.41893005371094,102.44690458550808,101.50505503237953,101.542356779636,1279800
2016-08-04,102.48416137695312,103.15557830388344,102.30697993385272,102.73593916726314,756400
2016-08-05,103.9668960571289,104.35856078056666,102.6240689532468,102.6240689532468,900600
2016-08-08,104.46112060546875,104.85278528740204,103.96688503981977,104.27461903470348,1426200
2016-08-09,104.56371307373047,105.15120662064079,104.27463346466656,104.47978948964605,1081600
2016-08-10,105.24446105957031,105.39366091907482,104.52641494730328,104.56371669082444,1284000
2016-08-11,105.514892578125,105.90655021030928,104.89942448648108,105.29108923324542,843000
2016-08-12,104.52642059326172,105.3004158053275,104.30261723462624,104.97403442511316,854900
2016-08-15,105.67341613769531,106.36348057830345,104.33990909804807,104.93672274093832,1206000
2016-08-16,104.88078308105469,105.40299328672133,104.82483402032767,105.40299328672133,1040300
2016-08-17,105.1325454711914,105.37500322290155,104.45180828409288,105.17917442464392,1148400
2016-08-18,104.94603729248047,105.52420355189855,104.43314729504677,104.92738286643981,934300
2016-08-19,105.1884994506836,105.55218251339573,104.59168585471602,104.99266354191927,924500
2016-08-22,104.94603729248047,105.74800686233372,104.74088129350699,105.1325388654133,785200
2016-08-23,106.15834045410156,106.30754744446104,104.90876392545496,105.608155684958,1546300
2016-08-24,102.43755340576172,102.88516715354355,100.71238890757556,101.0667447517426,4420600
2016-08-25,102.57743835449219,103.37940798715731,102.17645353815963,102.53080940031742,1553900
2016-08-26,102.8758773803711,103.54729468910634,102.269736359175,102.37231439881965,1056500
2016-08-29,103.28614807128906,103.64050390215061,102.95976676462988,102.95976676462988,1301900
2016-08-30,103.64984893798828,103.65917615251921,102.68002494959471,103.23953687358866,1503400
2016-08-31,103.92960357666016,104.03218159496498,103.1742628187613,103.61254942159457,1413600
2016-09-01,104.75955200195312,104.7688792170566,103.37009576391944,103.77108063840198,1339900
2016-09-02,104.50775909423828,105.47758300281048,103.92027268958473,105.29108141502255,987600
2016-09-06,103.85502624511719,104.49846188795837,102.9504783439813,104.33993478135848,2091000
2016-09-07,104.41450500488281,104.41450500488281,103.43535391345068,103.92026940972197,1525900
2016-09-08,103.47268676757812,104.42386361920728,103.3514614143468,103.92030065915327,1204200
2016-09-09,101.87804412841797,103.00639506776123,101.86871691490524,102.5028322567637,1705800
2016-09-12,102.14847564697266,102.50283149745887,101.02012471598782,101.57030936131478,1462100
2016-09-13,99.50010681152344,100.9175444103005,99.16439828100145,99.85446976850726,2110300
2016-09-14,100.81497192382812,100.88957540459863,99.51876668240361,99.75189722387678,1960700
2016-09-15,102.35363006591797,102.5494588577179,100.37668060674187,100.84294166757385,1535100
2016-09-16,101.64492797851562,102.09254180094646,100.8616126824871,102.0365856265299,3314100
2016-09-19,101.62628173828125,102.54947680824486,101.59830009348684,102.0365867057204,1245000
2016-09-20,101.61693572998047,102.43755262767161,101.34650346362588,102.3443018393443,1087800
2016-09-21,103.30482482910156,103.5099808845029,101.55168537176631,102.12984467562725,1352900
2016-09-22,103.28614807128906,103.9668852088098,103.12761390984413,103.64050390215061,1255100
2016-09-23,102.48416137695312,103.0716476307283,101.88734791181011,102.73593916726314,1263400
2016-09-26,101.62628173828125,102.10186298107983,101.25327140140713,101.82211056435956,1238400
2016-09-27,102.68002319335938,102.97843002202421,101.25326532147498,101.55167215013982,1024600
2016-09-28,102.74526977539062,102.86649506886943,102.00857657368577,102.60539005855944,1128900
2016-09-29,101.93399810791016,102.98775273382893,101.57964223766913,102.37228467466437,892700
2016-09-30,102.58678436279297,102.8851912262747,101.84076364679821,102.13917051027995,1681400
2016-10-03,101.79412078857422,102.68934119424786,101.55166303873155,102.41890891838092,818200
2016-10-04,101.98995971679688,102.50284267887585,101.53301869774424,102.0645560887454,519700
2016-10-05,101.59707641601562,102.6821717563684,101.51288398538652,102.65410999174743,1025900
2016-10-06,101.81221771240234,101.91511560349416,100.97968542030738,101.39127698467466,1251300
2016-10-07,100.51197052001953,101.96189016142506,100.02554996401359,101.96189016142506,1524200
2016-10-10,101.1667709350586,101.81221287780757,101.13870917277806,101.47546459367561,860500
2016-10-11,100.08168029785156,101.23226264378877,99.66073954069473,101.10130297992814,1831600
2016-10-12,100.58683013916016,101.04518903854691,99.53915265484758,100.05363509467462,1628700
2016-10-13,99.90396118164062,100.37167634234724,99.63268553201874,99.90396118164062,1376100
2016-10-14,100.08168029785156,101.18548827665293,100.03491306748215,100.61487525407456,1100200
2016-10-17,99.97879791259766,100.60554170033991,99.74494031416523,100.04427775468804,740900
2016-10-18,100.23136901855469,101.77483060946847,100.16588917587436,100.99842166285333,897300
2016-10-19,101.2042007446289,101.55966166938624,100.2313524309723,100.85808898387327,1234600
2016-10-20,100.93290710449219,101.32578602544426,100.38099964592749,101.026448685181,856400
2016-10-21,101.44742584228516,101.85901750942266,100.16589073886324,100.755209332182,3144100
2016-10-24,102.55120086669922,102.88795627880562,101.77479929573236,102.16767823093468,974500
2016-10-25,101.32579040527344,102.71957928704934,101.11063833730056,102.56055787932813,1202900
2016-10-26,100.85808563232422,101.5128839290039,100.71776967253109,101.21354654526945,980800
2016-10-27,100.38099670410156,101.49416075094118,100.29681142497836,101.37255741328602,1244900
2016-10-28,101.18546295166016,101.64382879721765,100.41841062527092,100.55872655479332,1157800
2016-10-31,101.71866607666016,102.1021958395406,101.28836909129822,101.6999606150206,1348400
2016-11-01,100.45586395263672,102.13964142455598,99.74493489374112,101.98996914404442,1048100
2016-11-02,99.3426742553711,100.68969588978112,99.18365285041028,100.47455096230833,1204400
2016-11-03,98.78141784667969,101.40062500031851,98.66917080139811,101.40062500031851,1110300
2016-11-04,98.48207092285156,99.48298075430029,97.80856016958425,97.85533452508074,1035000
2016-11-07,100.93290710449219,101.01709238608257,99.50170022333454,99.71684514524229,1169800
2016-11-08,101.3538589477539,101.89641016696962,100.4277850644484,100.979685447027,882400
2016-11-09,102.29865264892578,102.49509214489473,96.55511148834894,97.53730896819366,2198500
2016-11-10,102.17704772949219,103.43987711963939,100.26876919330176,102.52315234898039,1515600
2016-11-11,104.18821716308594,104.31917682524326,101.681263844013,101.96189576964517,2334500
2016-11-14,102.90670013427734,104.82432816908586,102.82250768729567,104.30048942970676,1822200
2016-11-15,103.73921203613281,104.59980611916176,103.11247550632476,103.32762045869892,1405600
2016-11-16,103.70178985595703,103.85145497296075,102.85990127041772,103.67372809256669,2330000
2016-11-17,106.45198059082031,106.48939152583792,103.10313810211488,103.65503860321787,1912600
2016-11-18,108.49120330810547,109.08987809591113,106.2929365157933,106.39583441401925,4870500
2016-11-21,108.20120239257812,108.49119058847381,107.28448485356304,107.80832344728594,1939800
2016-11-22,108.91211700439453,109.12726904816414,108.15442097550502,108.73438301766157,1382800
2016-11-23,108.34152221679688,108.86536082926104,108.0889592105776,108.80923730271583,1497600
2016-11-25,108.57537078857422,108.66891237067584,107.87379821766413,108.41634938532492,516800
2016-11-28,108.2386245727539,108.97761526659595,107.83638931247953,108.4163585895718,1166200
2016-11-29,108.65957641601562,109.09922261900978,107.8831676303439,108.07960711766457,1480100
2016-11-30,106.33971405029297,108.74376957389684,106.33035774923927,108.65958427471341,1696100
2016-12-01,106.04969787597656,106.82609932426466,105.14232966654961,106.44257674910031,2088700
2016-12-02,105.94683074951172,106.4800256996776,104.98333874629674,105.93747444883756,840200
2016-12-05,107.47157287597656,108.11702198434234,104.28175967131462,106.56420445893073,1041800
2016-12-06,107.13484191894531,107.4715974318399,106.35843297884016,107.37805581976197,852400
2016-12-07,109.08051300048828,109.10857476378443,106.84483545886101,106.93837704877012,942500
2016-12-08,110.07205963134766,110.13753945375578,108.6314964016034,108.91212829007561,999500
2016-12-09,109.4266128540039,110.0439929897926,109.1366246789718,109.98786946929319,1175000
2016-12-12,108.5379638671875,109.40791422986607,108.07024877191444,109.099220554162,973300
2016-12-13,110.18433380126953,110.90461197841574,108.55668710846945,108.67829047592443,978600
2016-12-14,110.07205963134766,110.9981405812467,109.95981258537108,110.41817134222799,996100
2016-12-15,110.17497253417969,110.5585023582584,109.57629775147284,110.10949270284507,853000
2016-12-16,109.73530578613281,110.642674150143,109.21146719939105,110.642674150143,1496000
2016-12-19,110.52108764648438,110.95138471356626,109.49211577852627,109.59501367899874,651400
2016-12-20,110.74557495117188,110.97007618900645,110.07206410090251,110.97007618900645,638400
2016-12-21,110.0907974243164,110.7268903318924,109.81952177318298,110.64269789137727,567000
2016-12-22,109.36114501953125,109.86627103291349,108.75311397934749,109.70724961622776,696600
2016-12-23,109.37051391601562,109.86629085558417,109.07117649193081,109.43599375451019,417100
2016-12-27,109.35179901123047,110.3246473397317,109.08987967985831,109.78209607516565,819600
2016-12-28,108.00476837158203,109.34243382244355,107.74284906149994,109.33307752229321,801500
2016-12-29,107.4996337890625,108.36958413559086,107.39673589907139,107.95799971239228,636700
2016-12-30,107.20965576171875,108.28540191875867,106.20874573348088,107.88316664740516,1442800
2017-01-03,107.3405990600586,107.85508844620713,106.73256809554623,106.95706931097243,1433800
2017-01-04,107.55577087402344,108.16379481347978,106.91967803281253,107.30320071559628,871700
2017-01-05,108.21994018554688,108.2667074212935,107.10677577797533,107.36869513581163,1051400
2017-01-06,109.63658905029297,109.7960792033874,108.07919440392887,108.45447082599995,997200
2017-01-09,109.30819702148438,109.74914616826135,108.63270106538351,109.66470559484846,706400
2017-01-10,108.93292999267578,109.42078424827665,108.13547220446989,109.24253352528079,925500
2017-01-11,109.18624114990234,109.47708409553074,108.34187826165612,108.92354983731006,837900
2017-01-12,109.80543518066406,109.90863634945514,108.23866421127299,109.05488252723809,708000
2017-01-13,109.86175537109375,110.02124552902345,109.3082281790545,109.79608253207549,616000
2017-01-17,108.91417694091797,110.05876676787472,108.44508321890633,109.730402594027,753700
2017-01-18,108.63272094726562,109.63658118858558,108.48260752608041,109.39265045806056,843100
2017-01-19,108.78282928466797,109.20501792144927,107.95722692581431,108.8954143527034,961800
2017-01-20,109.86175537109375,109.9649565692371,108.6233481511761,109.28008369916134,1376800
2017-01-23,109.86175537109375,110.19011956618506,109.04553682298146,109.81485029053935,1053100
2017-01-24,111.4097671508789,111.50358447060333,110.02124648242847,110.44343515789235,964400
2017-01-25,112.59185791015625,113.09847990224148,111.71934345008741,112.24472603841241,1442600
2017-01-26,111.13768005371094,112.6856907162849,111.06262334281965,112.58248952825984,1041600
2017-01-27,111.25962829589844,111.88821922583652,110.90311969926871,111.75687357666762,703000
2017-01-30,111.20336151123047,111.22212926930987,110.05877163367037,111.16583315287411,807800
2017-01-31,111.25027465820312,111.25027465820312,110.34961552369435,111.1001612235504,1207200
2017-02-01,110.43402099609375,111.63489953799574,110.13380136061826,111.16580591020274,922600
2017-02-02,110.54662322998047,110.88437126712434,109.23315943639895,109.96494446427673,743800
2017-02-03,111.05325317382812,111.87885556893258,111.00634093730304,111.21274332552973,828100
2017-02-06,110.6028823852539,110.8655736416363,110.03058765193515,110.79051695186993,757200
2017-02-07,110.21826934814453,111.25965087567111,109.9555708386919,110.93128668610845,790900
2017-02-08,109.34575653076172,110.38714523355394,104.98318320255144,104.98318320255144,2963600
2017-02-09,108.91417694091797,110.02123841117753,108.64210888101711,109.43018289825164,1718300
2017-02-10,110.26517486572266,110.28394262394505,108.72654795040343,109.35513185260527,1428100
2017-02-13,111.08139038085938,111.34408170947766,109.96494507642979,110.88437188439566,1357800
2017-02-14,111.49420166015625,111.52235329836586,110.27456217644112,110.85624101679319,1475000
2017-02-15,111.59740447998047,111.60678835951988,110.64045634324337,111.2127513124989,1031100
2017-02-16,111.8694839477539,111.9539245511909,111.05326534208079,111.64432093492717,874800
2017-02-17,112.45115661621094,112.46054049558705,110.89376189870062,111.86947777753791,2113400
2017-02-21,112.46054077148438,113.08912469297464,111.4660571314551,112.038352092156,1505700
2017-02-22,112.0477294921875,112.7326094926654,111.74750978900047,112.3667097952852,1254800
2017-02-23,113.23922729492188,113.50192580494286,111.70060038238293,112.10402128980489,1635100
2017-02-24,120.09737396240234,120.51017874341586,116.21328553205774,118.68071602356488,3478500
2017-02-27,118.0708999633789,119.69396754994561,117.62057395450915,119.10290482132515,2245800
2017-02-28,117.68622589111328,118.08026286833224,116.70112629026427,117.94891720925925,1932300
2017-03-01,116.83248138427734,118.10841688214165,116.50411721007744,118.10841688214165,2503400
2017-03-02,117.43292236328125,117.66746922770794,116.20389908418213,116.27895579867122,1543100
2017-03-03,118.6337890625,118.8401914273895,117.0013450567945,117.62992887146596,1500600
2017-03-06,118.30543518066406,118.7276238248735,117.6768513114613,117.96768712841735,1045500
2017-03-07,117.64868927001953,118.67130999491235,117.54548809402839,118.62440492442614,1121900
2017-03-08,117.83637237548828,117.88328462308722,117.13273160832836,117.32037344092008,1469700
2017-03-09,117.04826354980469,118.21161393674366,116.58854656421109,118.145941104202,1294700
2017-03-10,117.21713256835938,117.92077309748053,116.95444124940241,117.92077309748053,1282100
2017-03-13,117.22648620605469,117.3484551214125,116.75739261234051,117.05761222600557,2094600
2017-03-14,116.62609100341797,117.30158717860463,116.19452559322713,117.16085761580693,2018500
2017-03-15,116.96382141113281,117.61117300746892,116.50411158943129,117.20775213925685,1358300
2017-03-16,116.6635971069336,117.21713137292052,116.24141565688716,116.93567230102187,1259900
2017-03-17,116.26018524169922,116.92629746169531,116.04440613999171,116.80433567193899,1668000
2017-03-20,115.7723159790039,116.51348481599904,115.18125339019196,115.93180610451141,1380500
2017-03-21,113.56758117675781,116.1475963800829,113.47375671585031,115.89428178811492,1754200
2017-03-22,113.63325500488281,113.98037974521077,113.35179593528582,113.76460066194768,1571100
2017-03-23,112.57310485839844,114.52453638103938,112.48867142759084,113.80213522774541,1485300
2017-03-24,112.31979370117188,113.18292436846028,111.73811495175492,112.98590587860977,1890100
2017-03-27,111.12830352783203,111.70059846008883,110.5091035165163,111.50357994931552,2110600
2017-03-28,110.70610809326172,111.55047814587232,110.36836007221748,111.40974861080363,2695300
2017-03-29,110.59352111816406,110.83745183087146,109.55213259761477,110.54661604582122,4294300
2017-03-30,108.47321319580078,110.50907782495518,108.29495532653263,110.28391488753276,2093200
2017-03-31,108.82032775878906,109.19560405805481,108.17298347930068,108.36061805003354,4699700
2017-04-03,108.98926544189453,109.31762971151228,107.70395284970441,108.87668749677087,4074500
2017-04-04,108.85789489746094,109.56153552516095,108.53891458198218,108.53891458198218,1718300
2017-04-05,109.34575653076172,110.03062940079104,108.8766627784338,109.36451713142169,1881700
2017-04-06,110.85122680664062,110.89827629094839,108.73412923017312,109.18577987179997,3653600
2017-04-07,111.46284484863281,111.93331102164515,110.85123738796797,111.02060549740217,2561800
2017-04-10,111.6134033203125,112.25323763629768,111.06766080811305,111.54753833978805,2147200
2017-04-11,111.66986846923828,111.73573345654707,110.44665335779484,111.36877035886309,1673300
2017-04-12,110.87004852294922,111.3875569521882,110.56895049068949,111.2464228579597,1668000
2017-04-13,110.92650604248047,111.86743832356267,110.76654927759496,111.07705865325056,1115900
2017-04-17,111.6322021484375,111.66042896748591,110.96414110889933,111.30287729496705,940200
2017-04-18,112.3002700805664,112.42259587560864,111.28406145999196,111.43461407581506,1719200
2017-04-19,111.9427490234375,112.65785978682648,111.68869320939007,112.5919947940634,1434400
2017-04-20,111.28406524658203,112.09326763730581,110.87946405122013,112.07445214905962,2790600
2017-04-21,111.3687515258789,111.71689907349207,110.96415033547486,111.48166599020469,2409500
2017-04-24,111.74510192871094,112.36611340245328,111.26522453167654,112.36611340245328,1748100
2017-04-25,112.04623413085938,112.32850954919529,111.603994745514,111.8956814980845,2072300
2017-04-26,108.96935272216797,111.9897441378293,108.79058049073767,111.87683687139813,3963400
2017-04-27,118.19051361083984,118.31283223256432,115.87582088045816,116.05459314624868,4945700
2017-04-28,117.81413269042969,118.6327463776457,117.4471696668917,118.6327463776457,1943300
2017-05-01,118.10581970214844,118.24696098357214,117.35307816579498,118.1340537014282,1381300
2017-05-02,118.4728012084961,118.73626113029293,117.63536477314973,118.32224857961533,1427900
2017-05-03,118.18111419677734,118.55748861224774,117.70123663758396,118.55748861224774,936600
2017-05-04,118.51044464111328,118.67040862079564,118.0588010644972,118.49162914989812,971300
2017-05-05,118.68920135498047,119.00912207425957,118.27518884017594,119.00912207425957,755300
2017-05-08,118.71744537353516,118.88681350151366,118.13407184952189,118.69862988320193,974700
2017-05-09,119.24435424804688,119.57367911926008,118.47279004460002,118.76447676213975,1097000
2017-05-10,119.58308410644531,119.93123164629179,118.98088800096329,118.98088800096329,1378300
2017-05-11,119.38550567626953,119.67719961488405,118.63276402979248,119.34786751713396,978600
2017-05-12,119.03733825683594,119.37607443345019,118.68919074788708,119.37607443345019,793600
2017-05-15,120.09117889404297,120.10059022646658,118.56687326360914,118.86797129247512,1346000
2017-05-16,119.9688720703125,120.07237520090797,119.60190903592635,120.04414837960812,930700
2017-05-17,117.94586944580078,119.89359913651147,117.88941580161166,119.27258751419858,1471600
2017-05-18,117.7576904296875,118.39752474413156,116.8826230169735,117.80473274209483,1697300
2017-05-19,117.9740982055664,119.18790182677796,117.33426390551871,117.8800064041244,2704500
2017-05-22,119.64897155761719,119.76187885511594,117.76710669269394,118.08702027393342,1719800
2017-05-23,121.52140045166016,122.41529762007305,119.86536477712998,120.25115046481477,2670800
2017-05-24,129.6886749267578,131.96572891853236,128.35255304848437,131.457631894535,5279500
2017-05-25,130.18740844726562,130.61082515904934,127.43046902800478,129.4064328263143,3528800
2017-05-26,130.3756103515625,131.5988255241822,128.74780107862915,129.87691725431998,2318100
2017-05-30,131.777587890625,131.91872201019888,129.84867356400963,130.30031710413527,2606300
2017-05-31,132.3326873779297,132.74669979101864,131.27884804096442,131.9186749648407,2388000
2017-06-01,132.98196411132812,133.31128180289906,131.98457816730533,132.2480380635571,1903100
2017-06-02,134.37451171875,134.44978801010467,132.79375267275563,132.87843311647293,1521900
2017-06-05,134.2239990234375,134.98616631584034,133.7911781663823,134.19577220047688,1472500
2017-06-06,133.2642822265625,134.49690157518847,133.2360553985399,133.78178364530493,1987100
2017-06-07,133.58413696289062,134.3745165140936,133.07602556748512,133.72527104078935,1447000
2017-06-08,134.28050231933594,134.54396230787177,133.24547068045044,133.82884431828086,1416800
2017-06-09,131.9281005859375,135.3154476476973,130.8836653447941,134.55329491773847,1890700
2017-06-12,131.48587036132812,131.86223749708753,129.85804732332815,130.75194439635712,1776500
2017-06-13,131.6176300048828,132.3986056274863,131.17539062392072,131.54235368924148,1492500
2017-06-14,131.90931701660156,132.69969679617188,130.65787518687065,132.20100376686042,906900
2017-06-15,131.73052978515625,132.18217329575148,129.97099087456508,130.75196645261852,1347000
2017-06-16,131.25067138671875,132.1633770032474,130.46027722444853,130.46027722444853,1920800
2017-06-19,132.43621826171875,132.93491122096142,131.49528598277226,131.91870263680076,1690200
2017-06-20,131.89051818847656,132.57739495267867,131.75878820140366,132.2574813208576,1042200
2017-06-21,131.9657440185547,133.1607319595319,131.71168829874367,132.46443694717385,1265100
2017-06-22,131.72109985351562,132.33270002198034,131.3541368809397,131.63640504639386,1112900
2017-06-23,132.10687255859375,132.46443138201056,131.3164929718167,131.95633432122122,1543600
2017-06-26,130.22506713867188,131.58943090557906,129.5475945126534,130.23448565354215,1363800
2017-06-27,127.29874420166016,130.23446319395813,127.2705173769016,129.64167115904888,1540500
2017-06-28,127.37399291992188,129.49109046300538,126.54598231060676,127.4492692221299,1533100
2017-06-29,125.23809051513672,127.14818186907306,124.53239131469263,127.00703341449204,1784900
2017-06-30,124.9652099609375,126.81884764404835,124.9369831420058,125.84968857409538,2294800
2017-07-03,123.90193939208984,125.92495214168063,123.86430842314896,125.91554798881674,759200
2017-07-05,124.1843032836914,125.04055555239096,123.50683053895054,124.11844545551936,1275600
2017-07-06,123.67483520507812,124.34461454997357,122.88239972870076,123.47672273734128,1411600
2017-07-07,124.42950439453125,125.46720887235577,124.25027761615155,124.5238463996313,1226200
2017-07-10,124.40122985839844,124.92951064694972,123.58050894722567,124.08991845202245,1182600
2017-07-11,124.86349487304688,125.44837517509639,124.23144355431553,124.69368209190694,990200
2017-07-12,125.9200439453125,126.21248406705736,125.49553362682572,125.9294867844474,1328400
2017-07-13,124.90119171142578,126.41057749909358,124.32573999926652,125.89172523492216,1596900
2017-07-14,125.35404205322266,125.83515185535734,125.16535799474852,125.3634704983173,1572000
2017-07-17,125.53325653076172,126.1841645733786,125.10873188420038,125.42948607853532,1011300
2017-07-18,126.08039855957031,126.24078285966861,125.13703601323736,125.17477857604995,808800
2017-07-19,127.53314971923828,127.59917759406927,125.74075273949539,125.8728228837235,1082700
2017-07-20,127.68413543701172,128.2124161972002,126.5992597952372,127.51432268148193,1172300
2017-07-21,127.2030258178711,128.09921752371582,126.58984580718071,127.06152716758032,849500
2017-07-24,128.5331268310547,128.54255527299784,127.08978351251726,127.33505255415044,910600
2017-07-25,129.08973693847656,129.86330119310898,128.24071634177523,129.08030849436074,941100
2017-07-26,129.3727264404297,129.6179954965665,128.64633331995128,129.24065627257622,980700
2017-07-27,129.1180419921875,129.91047756231484,127.48602862940889,129.14634172027365,1257800
2017-07-28,127.95767974853516,129.25008167459646,127.7312675827259,128.750100737015,979600
2017-07-31,129.43878173828125,129.6274513692494,127.83505388862659,127.88222489501116,1130200
2017-08-01,129.6462860107422,130.85380310980042,128.02371594716925,129.84439844573615,1010000
2017-08-02,128.79727172851562,129.79723360360842,128.1369209048287,129.70290599712078,1238200
2017-08-03,129.3727264404297,129.85383611020256,128.53313443166795,129.19348527093527,879600
2017-08-04,129.14633178710938,129.98592390975602,128.9482337057429,129.75952610248004,675700
2017-08-07,128.91049194335938,129.28784561545106,128.24071256657408,128.5520239480857,866300
2017-08-08,128.4671173095703,129.43879407104825,128.11807773929468,128.32561867150494,746700
2017-08-09,129.0708770751953,129.21237570652696,127.59921933649188,128.29731283839334,761700
2017-08-10,127.5049057006836,128.75013697671267,127.1652945536625,128.2878984672759,928300
2017-08-11,128.86337280273438,129.2784403708797,127.43888566752848,128.9860001865745,747200
2017-08-14,131.0236358642578,131.67455838586162,129.61802035536596,129.61802035536596,1148900
2017-08-15,129.68405151367188,131.21229424564038,128.1180662185655,130.5613717799293,1548000
2017-08-16,130.10861206054688,130.38219536801807,129.30676221614596,129.56145984018022,1075500
2017-08-17,126.84456634521484,130.07086534105267,126.81625221867029,129.90105255465397,1272800
2017-08-18,126.51438903808594,127.43888057611646,126.19364913227984,126.36344753138624,1305900
2017-08-21,128.21241760253906,128.37278752117044,126.39172025417801,126.8634015658837,1778900
2017-08-22,130.3255157470703,130.51419975133157,127.9010817536532,128.42936241862026,2260900
2017-08-23,127.8445053100586,131.5047424592116,126.0332508209314,130.41988121238012,2557000
2017-08-24,127.66529846191406,128.10868016077367,126.13705522431493,127.60869899305112,1944200
2017-08-25,129.5709228515625,129.98599050908848,127.97663696715294,127.97663696715294,1530000
2017-08-28,130.0897674560547,130.35390797598868,128.75019356365274,129.51431538164593,1471300
2017-08-29,130.19345092773438,130.75004573185421,129.00481938274265,129.01424782551553,1019100
2017-08-30,132.04241943359375,132.20278929378563,129.95758246196738,129.98588217879148,1859200
2017-08-31,133.4386444091797,133.66505662798156,131.8443592222244,132.13681373614122,2337200
2017-09-01,133.86309814453125,134.2027091319055,133.07067730551327,133.7970702718959,1074900
2017-09-05,133.52354431152344,134.38200778520522,132.87263616878866,133.08017710516387,1370200
2017-09-06,133.14620971679688,134.4197551082873,132.76887039798535,134.09900085326797,1185600
2017-09-07,133.01412963867188,133.73108004900487,132.13680931002378,133.00470119450202,1525700
2017-09-08,133.54241943359375,133.67448963375847,132.95753917494608,133.17450856209405,953200
2017-09-11,134.5612030029297,134.976284733813,133.8348099738839,134.36309057880197,1096400
2017-09-12,134.31593322753906,134.9008132662081,132.57070715822644,134.83477099367872,1787900
2017-09-13,134.0140838623047,134.20275349664618,132.77828120361193,133.67447276266185,1231600
2017-09-14,134.03297424316406,134.042402688125,132.61793019211026,133.33488066259812,1264800
2017-09-15,134.08013916015625,134.2876800964392,133.11790521871455,133.81599876753646,1423500
2017-09-18,135.65553283691406,135.9008019093132,133.58956662134884,134.02351971282235,1408400
2017-09-19,137.1083221435547,137.76867311023537,135.45743752956722,136.1272313351393,1740600
2017-09-20,136.75929260253906,137.64605584906528,135.8442296264065,137.09890375238797,1249700
2017-09-21,136.30648803710938,137.636618566025,135.90083457208723,137.56116221374347,1162900
2017-09-22,138.03280639648438,138.41014563452077,135.91024079474874,135.91024079474874,1311000
2017-09-25,136.54229736328125,137.7215005222321,135.61779172257351,137.28754742612747,1324800
2017-09-26,136.57058715820312,137.3630081687086,135.93853603830695,137.00452582818855,1166300
2017-09-27,136.183837890625,137.4290691506372,135.54234377913758,136.0328964062077,1567300
2017-09-28,134.24993896484375,135.86309546055392,133.5801595315994,135.33481466966487,1935400
2017-09-29,134.08956909179688,134.82539082147997,132.4198131384828,134.12729726491594,2566400
2017-10-02,133.7122039794922,135.17440431748466,133.1839088957684,134.20274210823905,1583900
2017-10-03,133.81597900390625,134.24048925830732,133.30655518296922,133.74050827507966,1244900
2017-10-04,134.5895233154297,134.79706421262787,132.2688596752232,133.72163156104142,1612200
2017-10-05,134.76873779296875,135.0234496426314,133.97631692131412,134.89137949735562,1068900
2017-10-06,136.3863525390625,136.4431213675007,134.3620306773858,134.6552857720665,992700
2017-10-09,136.17825317382812,136.5377024709273,135.65798051937125,136.5377024709273,786900
2017-10-10,136.3863525390625,136.89717095717296,135.70528537154223,136.16878921563273,778200
2017-10-11,135.89443969726562,136.8592930452881,135.44037577987206,136.37686637127686,1217000
2017-10-12,137.9755401611328,138.04174880636964,135.7052779037271,135.88499533164162,1094500
2017-10-13,137.77688598632812,139.04446327924109,137.3985137530253,138.87418567047197,1029700
2017-10-16,136.9161376953125,138.10802366219147,136.82153738496524,138.10802366219147,743100
2017-10-17,137.63497924804688,137.76741095312593,136.7174115650087,136.95389778364793,1143900
2017-10-18,137.89039611816406,138.54310042755114,137.29444619498906,137.7390414656158,888100
2017-10-19,138.69439697265625,138.7227741568266,137.52143486969638,137.54034336983023,873600
2017-10-20,139.9714813232422,140.39715368194177,138.54310958459135,138.54310958459135,1175300
2017-10-23,139.35659790039062,140.84172376308072,139.01605718761257,140.50118305030264,810300
2017-10-24,140.5863494873047,140.5863494873047,137.94716913420197,139.13905470754256,1144700
2017-10-25,141.3809356689453,141.64579909477763,139.9714725262151,140.33093621869074,1460600
2017-10-26,143.1498260498047,143.73630719764876,141.35252229787534,141.93901787969133,1124800
2017-10-27,145.16473388671875,145.5431061335526,142.66743952927763,143.21607495699394,1173100
2017-10-30,143.2633514404297,144.97550939069862,142.26065216130914,144.9376779458524,953900
2017-10-31,142.85658264160156,143.7741502195883,142.37414157306878,143.57549546772688,858900
2017-11-01,143.17820739746094,143.9917205135704,142.41199440877097,143.6417255518163,892400
2017-11-02,143.92552185058594,144.0863451978739,142.45931868979685,143.15930873198653,925500
2017-11-03,145.3350067138672,145.71337898581461,142.87554364427805,143.6796027646375,962400
2017-11-06,144.42684936523438,145.85523529280684,143.821445252864,145.5430717675885,671100
2017-11-07,144.26608276367188,145.04176467806116,143.386360744353,144.96608733758583,662900
2017-11-08,144.6916961669922,144.90925938919472,143.47141951792128,144.3606097747092,734300
2017-11-09,144.1715087890625,144.341771993674,142.44042737228872,143.793122055518,954700
2017-11-10,145.01339721679688,145.15528321847972,143.36744742738676,143.4620477178272,712000
2017-11-13,146.51742553710938,146.97147511129083,144.73904425676642,144.73904425676642,1091400
2017-11-14,146.82009887695312,147.35927990772095,145.22144985423267,145.72279944391786,946500
2017-11-15,145.54307556152344,148.00253795124956,145.07010313534326,146.82956113809246,1659000
2017-11-16,147.236328125,147.60524608423242,145.2876838052609,145.76065628807038,1143700
2017-11-17,148.0876922607422,148.23904692451188,146.87688381853494,147.5579653715234,1247700
2017-11-20,149.25119018554688,150.31064389029726,148.06875902079005,148.7214633331717,1871100
2017-11-21,143.5850067138672,147.93636013946525,143.00797960004627,144.2566341154531,2533400
2017-11-22,143.4336395263672,144.1430982494472,142.5728261448762,143.7268801558043,1821500
2017-11-24,145.5903778076172,145.65658644257906,142.8565977219093,142.93227504327515,1055000
2017-11-27,146.40394592285156,146.73501808987584,145.06070544085975,145.49583215957247,1609600
2017-11-28,147.36878967285156,147.4633899621521,145.9877178265206,146.5458220050519,1359000
2017-11-29,145.88363647460938,147.5295859417301,144.89984560898264,147.44443992341482,2266600
2017-11-30,148.72146606445312,149.2701158670532,145.59039059211048,146.39443513852697,3417500
2017-12-01,147.98362731933594,149.45929910230254,144.33227930821187,147.69984095323292,1645600
2017-12-04,146.18634033203125,148.39986269850215,145.87419117029998,148.22958508540015,1691400
2017-12-05,146.12013244628906,147.87013655541,145.85526898806197,146.33769576540934,961200
2017-12-06,147.74713134765625,147.80388573034097,145.2592917241717,146.1106507663624,946600
2017-12-07,147.15118408203125,147.55794788847098,145.94983003590846,147.29308447524332,1606900
2017-12-08,146.83900451660156,147.93630392823542,145.8173824196292,147.61468616640298,1637900
2017-12-11,147.2646942138672,147.406594608394,145.61875933555567,146.70659019039311,1378800
2017-12-12,147.425537109375,147.95526401102674,146.17688275493114,146.933641657566,1021100
2017-12-13,148.02146911621094,149.23227755787514,147.57687381282133,147.8985060816815,1426000
2017-12-14,147.74713134765625,148.96739387729772,147.19848159174842,148.3525354862488,1044400
2017-12-15,151.0200958251953,151.13361902702988,147.605234196965,148.50389338910998,2382900
2017-12-18,152.42010498046875,152.71334558738684,151.1619965427448,151.35118263424286,1382700
2017-12-19,151.2377166748047,152.58095706881832,150.12149388125792,152.16473888932555,1740200
2017-12-20,150.73629760742188,151.78629682886955,149.56332095293092,151.6349422088118,1393800
2017-12-21,150.0457305908203,151.20925286266245,149.47817248077064,150.77411198771858,1511900
2017-12-22,149.9322509765625,150.10251411245636,149.14711505956126,149.68631052450286,679100
2017-12-26,150.33901977539062,150.6133518862527,148.90119388401868,148.90119388401868,618100
2017-12-27,150.1498565673828,150.81201522803434,149.8849931031222,150.37688857988175,547900
2017-12-28,150.0080108642578,150.86882457125756,149.50666099841843,150.86882457125756,636300
2017-12-29,149.25119018554688,150.80253929634887,149.2133587392233,149.86604861763075,690200
2018-01-02,150.14041137695312,150.26338886206125,148.5228388624446,149.6674388145091,1436100
2018-01-03,150.5565948486328,150.7174037507314,149.21335481289137,149.67685857953614,1410900
2018-01-04,153.25253295898438,154.96470540733563,150.840384933941,150.840384933941,1695000
2018-01-05,155.239013671875,155.6552317253945,153.71604184911865,153.9998281977886,1071900
2018-01-08,155.3336181640625,155.63631302597548,154.5106362871042,155.16334057663283,1185800
2018-01-09,156.31028747558594,156.5757814887146,154.338035900674,155.63706121264914,1098300
2018-01-10,155.03970336914062,156.0542812158957,154.12944225096783,155.864644688638,1095400
2018-01-11,154.55613708496094,155.76982829233265,153.84498921493812,155.0492036593121,813700
2018-01-12,155.98789978027344,156.3956320569874,154.4897466254208,154.6319848714864,651800
2018-01-16,153.88287353515625,157.86531221922962,153.44671104925214,156.45249358372075,1385000
2018-01-17,155.7792510986328,156.14904728422607,154.48970282891398,155.3905013936089,903200
2018-01-18,155.883544921875,156.41454727233912,155.13447583137125,155.39996977243595,980800
2018-01-19,159.050537109375,159.12639458989415,156.09215324246784,156.3955831645445,1555400
2018-01-22,159.93235778808594,160.05562800601373,158.48161779376431,159.06001843955065,1042600
2018-01-23,159.73326110839844,160.99435029248716,159.06003492239043,160.24528108425622,1058800
2018-01-24,158.8704071044922,160.7952458189916,158.24459362445674,159.90393834166917,860600
2018-01-25,159.1264190673828,160.03668003696282,157.66618766235638,159.3255323245809,740000
2018-01-26,161.61068725585938,161.7529110081933,159.47724416082838,159.80910440571992,751700
2018-01-29,160.4444122314453,161.6011991992569,159.55310478375648,161.15555994374975,939800
2018-01-30,159.77114868164062,161.19344377376206,158.66176024598596,160.91847308868546,1189200
2018-01-31,159.20223999023438,160.22629429010212,158.32042389409938,159.86598933765003,1314500
2018-02-01,157.0688018798828,159.72375594450202,156.37662223287575,158.8798613296114,1499900
2018-02-02,154.954345703125,157.78945982644672,154.94486894211204,155.968923396673,1412900
2018-02-05,149.4832763671875,155.49485735272143,149.47379960419764,154.23375339472852,1678300
2018-02-06,152.53648376464844,152.5744197561208,144.70437985322457,147.16969843863257,2205500
2018-02-07,152.93470764160156,156.74646412816878,150.89608961396763,151.47449043787873,1673500
2018-02-08,144.83705139160156,152.92516839040562,144.7517171577808,152.92516839040562,1615100
2018-02-09,148.92379760742188,150.17542441659035,142.63724774971013,144.80862667728195,2175700
2018-02-12,151.1236114501953,152.45108119020765,149.34099682646303,150.96241972950347,1484900
2018-02-13,151.10464477539062,151.90112662631594,146.98947407727468,148.80051899509255,1264500
2018-02-14,155.40953063964844,155.56124567903245,149.93844267257373,150.62114588145926,1235400
2018-02-15,160.5391845703125,160.54867579725922,154.91638495773566,156.1964418505059,1237600
2018-02-16,162.79595947265625,164.03809533627992,160.0651472441259,160.26427499759762,1700500
2018-02-20,164.5785369873047,165.50776586491207,161.71497840066127,162.14166409672228,1819800
2018-02-21,164.34149169921875,167.12917839867794,164.23718946272515,165.46035708311692,1460400
2018-02-22,163.18472290039062,168.31445809609505,162.6916563687281,164.8819893038296,2068800
2018-02-23,162.88128662109375,163.37435313377736,156.3102880687172,159.20227747043825,3189900
2018-02-26,163.7251739501953,163.90533369479533,161.12710896641136,162.8528344480135,2290700
2018-02-27,161.52536010742188,164.18979128611537,161.4400113839314,163.4312308141909,1740400
2018-02-28,158.2161407470703,163.1941746430536,158.15925124605013,162.50199493341313,1672300
2018-03-01,155.82669067382812,159.42984214821658,154.78368266041167,158.7281711633693,1794300
2018-03-02,160.09356689453125,160.44440959864696,154.16733605590696,154.40438528945194,1896100
2018-03-05,161.3641357421875,162.53042830479424,158.34887665252745,158.90830933117468,1301800
2018-03-06,160.6814422607422,162.22699326558998,160.04613764822554,162.04683355174217,1262600
2018-03-07,161.8192901611328,162.29338862207484,159.543608867609,159.84703882741357,1352300
2018-03-08,162.5873565673828,162.7295803438861,161.02283715248868,162.1796242941743,817700
2018-03-09,167.99203491210938,168.07736915658154,163.10882690061322,163.4501783468377,1761600
2018-03-12,168.14376831054688,169.357459259408,167.39468461140356,168.23857932535134,1990600
2018-03-13,168.47567749023438,169.8884965766413,167.42319245074,168.46620072650308,1679200
2018-03-14,168.1058349609375,169.71778138955258,167.1291932363084,169.5376216497659,1021600
2018-03-15,168.7126922607422,169.17731401860908,167.56538194543913,168.0868932107308,1230900
2018-03-16,169.33853149414062,170.01175786035753,168.31447679996973,168.93081365012281,1654800
2018-03-19,166.6361541748047,168.37135650624919,164.4932195897941,168.1532607683316,1292900
2018-03-20,168.9212646484375,169.71776100595596,166.16202278460236,167.01539417039288,1451000
2018-03-21,167.50843811035156,169.6134360123912,166.70246510099682,168.39974535316722,1256500
2018-03-22,165.7732696533203,167.91618948900603,164.98626447165168,165.7258569135404,1531700
2018-03-23,161.07017517089844,167.5179158796309,161.04173042623987,165.74479261035472,1751500
2018-03-26,165.48876953125,165.6120397325917,162.74848163642355,164.04750649056268,2560700
2018-03-27,164.27513122558594,167.91620425480818,163.2415999618492,166.99645200187896,1746500
2018-03-28,162.07530212402344,165.04316328806,161.55380536201858,164.45528579294898,1592700
2018-03-29,164.3699951171875,166.0767385514196,161.07974958144166,163.3838618986599,1244000
2018-04-02,161.0796661376953,164.8629618545111,159.0220809568246,164.04751208283724,1797200
2018-04-03,161.63914489746094,161.92360689315237,158.98419038490445,161.92360689315237,1400100
2018-04-04,164.0854949951172,164.78715152073227,158.75661797600497,159.6668934690162,2024000
2018-04-05,162.9286651611328,165.56465122546257,162.1985495413717,165.16641028786623,2026800
2018-04-06,158.99368286132812,162.35978546165018,157.89378522072568,161.11764957497408,1995800
2018-04-09,160.989501953125,163.62213439800573,159.66843630426163,160.40025403123448,1684200
2018-04-10,162.81431579589844,163.60315580616282,161.39821782141004,163.60315580616282,1663100
2018-04-11,163.08041381835938,164.315946426148,160.72340736025313,161.28414428541194,812300
2018-04-12,165.01922607421875,165.5324396413269,162.5766723235932,163.64112387141134,708200
2018-04-13,163.4605255126953,165.99811077855009,162.62416260785207,165.99811077855009,678300
2018-04-16,166.60641479492188,167.02459635788549,164.17337424902337,164.75312332457463,852300
2018-04-17,172.0237274169922,172.49893108388997,166.86302255547363,167.8514398017124,1909100
2018-04-18,172.20436096191406,172.9456777538454,168.83990982739232,172.14733882439157,1775000
2018-04-19,170.5125732421875,172.94561355376143,170.06588066132122,171.79561436636723,1150500
2018-04-20,169.29608154296875,171.02581553876158,168.2886519791898,169.4861601301233,1264700
2018-04-23,171.35845947265625,172.8315938632912,169.79027853989015,170.21797347741398,943700
2018-04-24,169.71421813964844,173.85797954800893,168.00348230469152,172.20428032593622,1220300
2018-04-25,167.6233673095703,170.8642603877889,165.71305344192115,169.33410372197804,1505000
2018-04-26,175.99639892578125,177.1463980225492,171.7861019766387,171.81461303256935,2036400
2018-04-27,177.33651733398438,177.5741191894087,175.0460319671982,176.25305345333223,1110300
2018-04-30,175.62576293945312,179.20880260984657,175.55924196787777,177.9162480697245,1444300
2018-05-01,177.95431518554688,178.2109147829943,175.22663565099907,175.6543306508815,1001200
2018-05-02,176.70921325683594,178.7240864908085,176.06294328700247,177.8972223208508,1190400
2018-05-03,177.13694763183594,178.3059447509929,173.943577975402,175.73033414481202,1245200
2018-05-04,180.05470275878906,181.04313470621037,176.14852724991604,176.75678748599532,1191100
2018-05-07,180.15924072265625,181.81295496901137,179.34188970462796,181.0811371442254,1103000
2018-05-08,180.7389678955078,180.95755753012966,178.81914094664936,178.94269854546698,1108700
2018-05-09,183.11495971679688,184.07486580072842,180.4348188626404,181.19513304687032,932800
2018-05-10,184.66415405273438,185.08233561396563,183.1910197355117,184.8922425391765,924400
2018-05-11,184.5691375732422,186.5459869560506,183.86584528942402,184.55963871878203,1208100
2018-05-14,183.03895568847656,186.2703495144604,182.44020889441404,184.97779488448003,1090000
2018-05-15,180.35882568359375,181.41377853222016,179.25634956209706,181.02410799757735,2066200
2018-05-16,180.96710205078125,181.93650729408657,179.43694534077807,180.93859098492334,1572700
2018-05-17,180.3683319091797,181.71790880186694,179.1233004202532,180.39684297365378,991100
2018-05-18,181.09056091308594,181.56576445904477,178.91413505350147,179.89305319801176,1305400
2018-05-21,182.1836395263672,183.1910692861571,181.42331052774875,182.67785555077958,1297200
2018-05-22,181.09056091308594,183.10543380935312,180.32073348896245,183.02939950175235,1934100
2018-05-23,186.4984588623047,187.20176563002414,177.92579369066374,177.97330246380537,2200300
2018-05-24,187.9811248779297,188.37079549941504,185.0063587605711,185.80469771527032,2051000
2018-05-25,187.3157196044922,189.58719184481222,186.78349398363972,187.40125275740195,1399600
2018-05-29,186.9451141357422,188.5132948914276,185.15835826238265,185.96619577101035,1850500
2018-05-30,191.126953125,191.59264351642094,188.01911655447557,188.22820736362812,1532200
2018-05-31,191.60211181640625,193.3508577162118,190.23352302453614,190.9368151244231,2822900
2018-06-01,193.9591522216797,194.12071974633685,191.0318955643266,192.24841592815298,1296400
2018-06-04,196.73434448242188,196.8674009469167,193.8355988251419,194.1017117541315,1548300
2018-06-05,197.90330505371094,198.15991908144477,195.9929916300718,196.97190997424187,1344700
2018-06-06,199.11038208007812,199.14839200123583,196.6488300016848,197.96038256161725,1722200
2018-06-07,196.03102111816406,198.98678865215925,193.26534666195735,198.98678865215925,1231000
2018-06-08,196.03102111816406,196.91490752327,194.3583093489122,195.87896695882534,1108100
2018-06-11,196.1260986328125,196.71534666123722,195.62238380166204,196.47774477854105,766000
2018-06-12,197.20004272460938,197.43764458193246,195.7649182250554,196.53474592245155,1093300
2018-06-13,197.4851531982422,199.04382080098745,196.7818609824351,196.99095177688218,1090800
2018-06-14,198.71119689941406,199.70912765001464,197.44715321559565,198.4735950303219,797600
2018-06-15,198.59713745117188,199.76613449710382,196.45872079292107,198.2930001210067,2175400
2018-06-18,198.78724670410156,199.42401802256353,195.59387675496492,197.38063308814816,1205400
2018-06-19,200.16531372070312,200.39341672955672,196.84838649786627,199.41449821575196,1824100
2018-06-20,202.93096923828125,203.15905770725345,199.73760015409096,200.3933835065148,1235800
2018-06-21,199.3954620361328,205.88674588265786,199.04380146033287,203.62477178183016,1693500
2018-06-22,195.76490783691406,200.03224218873714,195.6223525309114,199.3669599239486,2316100
2018-06-25,191.7351837158203,194.8335064513272,190.09096856135383,194.70994885535572,2058200
2018-06-26,192.08685302734375,193.3223856303025,191.50710389452826,191.9252854987974,1638000
2018-06-27,188.38975524902344,193.85459777758228,188.20917552340137,192.39096226616783,1276400
2018-06-28,193.9021453857422,194.5959388115242,188.60836856306375,188.60836856306375,1467800
2018-06-29,194.17771911621094,196.27812569473468,193.2273117869733,194.2252423830858,1268100
2018-07-02,195.25172424316406,195.964529886866,191.70670823573215,192.94222641649446,1974400
2018-07-03,194.60540771484375,196.68680217391685,194.22525056795442,196.68680217391685,776700
2018-07-05,194.89053344726562,197.62771132020342,193.69302537888817,196.30664565276356,1341800
2018-07-06,197.8273162841797,198.05541930603093,194.32982362819965,195.47980858762241,1384200
2018-07-09,197.7987823486328,199.76029497132328,196.63710728541548,199.21755324499958,1109400
2018-07-10,198.49383544921875,199.2936727777288,197.63685442928218,198.17961052817085,998300
2018-07-11,199.18896484375,199.5127065035077,197.62737118747594,197.67498367374404,966800
2018-07-12,203.50238037109375,203.63568660767072,199.9126141392345,200.62675780574472,1656900
2018-07-13,203.4928436279297,204.11176226618278,202.0931210171962,203.69279569844096,870300
2018-07-16,204.20697021484375,204.64497011424479,203.22619972425565,203.34047257003252,623300
2018-07-17,206.13038635253906,206.61601325620992,200.84572127541816,203.33094136415676,725800
2018-07-18,207.87295532226562,208.15861572111135,204.7973803826359,205.67339495094905,878500
2018-07-19,205.6638641357422,207.73963480145002,204.85449548283236,207.1111848730229,1136000
2018-07-20,204.98779296875,206.23516155781192,204.82592215093868,205.71145330648713,776100
2018-07-23,206.99691772460938,207.33970725922907,204.74022843044884,204.99730968444624,770200
2018-07-24,205.48291015625,208.96793422037103,205.04489571269056,207.72055126276632,966500
2018-07-25,206.8636016845703,207.10164955762505,205.13060619467302,205.67336231929661,1338700
2018-07-26,206.28277587890625,208.85369014643365,205.9114217572555,207.20640284057677,1062900
2018-07-27,202.15982055664062,207.7587124866049,199.3127766293732,207.10169787899164,1284100
2018-07-30,192.99020385742188,202.016991497723,192.72359134780544,198.11299977516603,1780000
2018-07-31,194.47561645507812,196.55138715664276,192.19987912581774,194.4375206549024,2225500
2018-08-01,194.49461364746094,195.78959455602933,193.59003470697513,194.16135536901248,1264700
2018-08-02,195.89439392089844,195.97057100023778,192.71407713726512,193.00925423889743,1427900
2018-08-03,195.3420867919922,197.0941302514633,194.17089527694904,196.90368032181294,936100
2018-08-06,197.56069946289062,198.04632645394807,194.58034978018824,194.76125397075958,936000
2018-08-07,199.46507263183594,200.11257041122155,197.7797041271086,197.80826870994878,1221400
2018-08-08,199.99827575683594,200.5124672505064,198.16055332435738,199.6745341670658,808900
2018-08-09,201.0933074951172,202.66441752000037,200.55055141387044,202.44541756249336,812900
2018-08-10,200.9219512939453,202.54068869384216,199.11279300255518,199.56984091829636,918100
2018-08-13,199.55076599121094,202.56921109640737,199.29367023558058,201.28374684754385,995500
2018-08-14,200.6172332763672,201.38850608135414,198.63667317517294,199.9602188041814,1065400
2018-08-15,199.4556121826172,201.4742540953428,197.1989223262478,199.49369346071109,952100
2018-08-16,199.66505432128906,201.07429378856855,198.88425025324702,200.61724589931663,958300
2018-08-17,197.95106506347656,200.43628514213486,196.35139052191082,199.05561054938858,2001200
2018-08-20,197.4845428466797,198.83666777852628,197.1703323872428,198.83666777852628,2210600
2018-08-21,199.01756286621094,200.33159193534155,198.07490247252235,198.4462566186735,2091500
2018-08-22,199.66505432128906,200.33158552005025,198.61763777374253,199.01755649299926,1797400
2018-08-23,202.29310607910156,203.25482891079585,199.96975620947123,200.2554166003635,2073500
2018-08-24,206.27328491210938,206.96838075893237,201.35045575058658,202.67400158295504,2736600
2018-08-27,201.83607482910156,207.0636124672068,200.16973936221083,206.2828083029463,2418600
2018-08-28,205.606689453125,205.701914408279,202.0645506841506,202.16929232310468,1618900
2018-08-29,207.48251342773438,208.29188198086118,205.1401305713455,205.29248469205223,1517100
2018-08-30,208.17764282226562,208.7299156637097,206.00664725481786,206.7874367690733,1246800
2018-08-31,208.97743225097656,209.2726092384403,207.19683911415544,207.5491452567042,1341100
2018-09-04,210.18670654296875,210.5485293462959,207.63482637961613,209.42495061976115,1200600
2018-09-05,208.23475646972656,210.520010203249,204.44503845874112,210.05344567817446,1837100
2018-09-06,209.348876953125,210.24393951518854,206.25425379198225,207.96820183324297,1456700
2018-09-07,209.786865234375,210.98662144812937,206.79696959173216,207.84438618815423,1604600
2018-09-10,213.9764404296875,214.35731115636247,209.54875648262177,210.07245009947812,1567400
2018-09-11,215.21432495117188,215.9475019384506,213.01476493075742,213.39563571559603,1595300
2018-09-12,214.8905792236328,216.08081864558918,212.42440662836876,215.39525410548893,1001000
2018-09-13,216.89019775390625,217.4615185157926,215.12863751249884,215.5190395488115,1543200
2018-09-14,216.6616668701172,218.87075832150006,215.98561898113212,217.794777181017,1434400
2018-09-17,214.6905975341797,217.30912390142387,214.44303299909294,216.6330616100851,1515300
2018-09-18,217.2710723876953,218.64223061684729,214.44307670168283,214.99533504409442,1331100
2018-09-19,210.32008361816406,217.4900851479387,208.58708794561124,216.87115189518812,2072200
2018-09-20,210.86276245117188,211.79590586569867,209.92961903664508,211.40551847130521,1366000
2018-09-21,209.901123046875,212.8338749801211,209.25362519001467,211.8721521451318,5539700
2018-09-24,208.43470764160156,211.35794243796119,207.28256409559805,208.9869804394923,1505500
2018-09-25,211.34844970703125,211.3674830775617,208.52995623444502,208.52995623444502,2041500
2018-09-26,211.55787658691406,213.86219254226836,210.4914268768105,212.00540770367985,1452500
2018-09-27,212.1673126220703,213.58606862902298,211.85308769004544,212.03399186670617,890700
2018-09-28,216.52833557128906,217.0329958906214,212.81479463105336,213.18614872507692,1593400
2018-10-01,216.83303833007812,218.81359829117966,215.78562192252352,217.90901931881257,1110400
2018-10-02,216.73782348632812,217.64241703019226,213.83365104942254,216.97587136012623,1276100
2018-10-03,220.26087951660156,220.75600848886467,217.6042578820449,219.00398013481455,1646400
2018-10-04,213.92889404296875,219.73726885943694,212.71960659181067,219.26117303937534,1533700
2018-10-05,211.68173217773438,215.91898229034462,209.80591338699026,214.2812114219864,1343000
2018-10-08,206.94931030273438,212.043540963881,203.74994607780823,211.7864451743066,1842100
2018-10-09,210.56594848632812,211.3484301510745,207.397814345099,208.79103329461284,1721900
2018-10-10,195.08792114257812,209.94566594778905,194.86844653965576,209.4590010732801,2826000
2018-10-11,191.5094757080078,199.01945936629792,189.89678211310164,195.2787807825192,2918800
2018-10-12,202.1303253173828,202.68378047023967,196.1757681617647,198.66637459273053,2602200
2018-10-15,199.2293701171875,202.00625583435635,198.07472964946135,202.00625583435635,1220200
2018-10-16,205.0885467529297,205.98554906213627,200.0977956249595,201.94905323148703,1591000
2018-10-17,208.81967163085938,208.93417759785993,203.49492575364633,205.58474701608134,2167000
2018-10-18,202.95098876953125,208.14213938272093,202.68379847862695,207.49325283646164,1727400
2018-10-19,201.44325256347656,206.0713809501035,200.52716128288534,205.13621505173316,1725900
2018-10-22,203.5139923095703,204.82131715674973,199.60154051651799,202.32117341666137,1334800
2018-10-23,199.3152313232422,200.71798729681086,194.97338284967526,199.9450430992884,1591300
2018-10-24,192.21559143066406,201.50050372957014,192.06292168591676,198.7045288076702,1533000
2018-10-25,198.16064453125,198.6663986382235,193.51341166040962,194.97343555804133,1367400
2018-10-26,192.7786407470703,195.91813396731737,190.42162922395127,191.776669868854,1399400
2018-10-29,191.49038696289062,198.675927368705,187.4157132302565,196.91056400613476,1534300
2018-10-30,193.52291870117188,194.86842175819652,190.335710466294,191.69075083152754,1486900
2018-10-31,201.34780883789062,203.03684429710253,195.70815818580706,195.994437603419,1589600
2018-11-01,202.64564514160156,202.86511977172498,198.30378084903398,201.16654659436037,1411600
2018-11-02,203.2372283935547,205.86142967674593,201.99669396570908,203.20860190805467,2165800
2018-11-05,204.63050842285156,205.04083121179698,201.65323655268665,204.15338077387486,1361300
2018-11-06,203.92431640625,206.262238540094,201.70090022745512,204.0388369220767,1228300
2018-11-07,211.7301483154297,211.7396856255439,205.18395706470926,205.82330630105338,1146400
2018-11-08,213.02789306640625,213.0946833453122,210.00290644063114,210.6136290628574,920600
2018-11-09,212.0068359375,213.19011740357323,209.02956493607354,212.69390071641013,1588100
2018-11-12,203.13229370117188,211.34843131035618,202.89372990829287,211.34843131035618,1651800
2018-11-13,203.10365295410156,206.48172417818176,202.34979782826295,204.14378752345536,1569800
2018-11-14,199.8019256591797,206.41490612118733,198.647270649851,205.04077652888017,1189400
2018-11-15,204.7258758544922,205.346150385075,198.17014819766092,199.23890921422887,1342800
2018-11-16,201.7677001953125,204.54458602431475,200.8038932277003,203.265873127156,1606200
2018-11-19,190.12579345703125,201.49096075684346,187.291654613997,200.44128887176473,3277600
2018-11-20,186.2515106201172,189.8776830522815,181.98600355433834,188.57035817425356,4439900
2018-11-21,189.3242645263672,191.3950115468157,185.440452640679,189.27656340524697,2578600
2018-11-23,188.03598022460938,188.87571485530242,186.0797542549022,186.67138778846885,1622700
2018-11-26,192.2060546875,192.83586652905777,190.478855338409,192.82632922022574,2151400
2018-11-27,189.65821838378906,190.57430976989485,186.58551551731267,190.56475789912818,1781400
2018-11-28,199.36300659179688,199.45843794183108,190.20216485892107,190.20216485892107,2284600
2018-11-29,199.62060546875,200.34583402574094,195.75586981261543,197.49262089908225,1899500
2018-11-30,204.7163543701172,205.05034949400064,199.44886191127358,200.7848278460295,2692500
2018-12-03,203.75253295898438,209.7929688942826,201.83447107801987,207.76040107204588,2120200
2018-12-04,198.1510772705078,204.31557198349884,196.00400317003422,202.9319049197937,1726000
2018-12-06,201.8726806640625,201.89176984415312,190.27847181090613,193.90464430688232,2659600
2018-12-07,193.19845581054688,202.54060498843154,192.95034021463363,200.5939313754955,1767600
2018-12-10,197.33041381835938,197.5403511138349,192.07247324351565,193.67562944889434,1584400
2018-12-11,196.6815185546875,200.8038930006475,194.72529269438238,200.39357029825746,1594600
2018-12-12,199.61105346679688,203.21815075468666,199.12438865975872,200.4985181864261,1480100
2018-12-13,198.90499877929688,201.51011195571937,195.3456301986834,197.39727349338128,2405900
2018-12-14,191.7384796142578,197.13002992893288,191.18502444272283,196.0803434433776,2277800
2018-12-17,188.45587158203125,192.3015190138108,186.83362603407994,191.12777459112422,2636300
2018-12-18,189.0665740966797,191.5667178848437,187.03400600462948,189.92539789177758,1984500
2018-12-19,186.62368774414062,193.59929060089058,184.4766136443366,189.48645321054602,1889400
2018-12-20,183.27423095703125,187.23439833215232,179.46676245225814,185.59307840620914,2181200
2018-12-21,177.3101348876953,186.07020413335306,176.52765329015733,183.9612939902649,3323100
2018-12-24,174.3901824951172,179.76264530749515,174.25658731530874,176.53725724539908,1007900
2018-12-26,183.9803924560547,184.0376454342796,174.6954940939535,175.7070022046675,1987700
2018-12-27,188.21731567382812,188.36044814075925,179.24730735279158,180.88862759057503,2730900
2018-12-28,186.89089965820312,190.36438824378504,185.55493354942251,188.69444152839412,1340200
2018-12-31,187.84515380859375,189.66777028951816,186.49009852552325,188.3413560601731,1074200
2019-01-02,185.57398986816406,186.85268820348665,182.36769215999072,182.739851065369,1485600
2019-01-03,179.89614868164062,184.40023324632133,179.60033197451213,182.50126063884076,2015900
2019-01-04,187.0340118408203,189.20971244635126,181.0794543852324,183.03568038041703,1736400
2019-01-07,189.88722229003906,191.24226274691884,186.39464522695036,186.39464522695036,1175400
2019-01-08,194.43902587890625,194.5344572190797,189.01886356710773,191.6430652533178,1654000
2019-01-09,193.83645629882812,196.07457230441742,191.6174590118071,195.1754963206914,1643200
2019-01-10,197.08840942382812,198.26485271418508,192.3539289970561,192.96606363372746,1507300
2019-01-11,197.17449951171875,197.98749748894284,195.17549881268485,196.49542013283252,1479600
2019-01-14,196.2180633544922,197.35625483090857,194.07559901718486,194.8790231436751,1058000
2019-01-15,200.67515563964844,201.0960009732287,196.43803881948054,196.43803881948054,1559900
2019-01-16,200.84732055664062,205.04618522443968,200.13953391627103,201.80378188957383,1340700
2019-01-17,202.51156616210938,202.8750261607892,199.43175931656623,199.43175931656623,1106400
2019-01-18,204.55841064453125,205.9452914565075,201.7081595402617,204.85491136617233,1623000
2019-01-22,203.09498596191406,206.4234817451152,201.68898670397104,203.57321660490308,1656500
2019-01-23,202.9993438720703,207.06430424300322,200.7612134231229,203.72624917852085,1454700
2019-01-24,202.92283630371094,204.27145026192682,201.11512500026208,203.09499233525776,966200
2019-01-25,204.96969604492188,206.12700625132638,203.49673720747856,205.25663740495767,1127500
2019-01-28,201.86117553710938,203.63062031914907,200.617772834266,203.56367561219997,972500
2019-01-29,199.25961303710938,202.64548010449806,198.6474783008521,202.01422664748887,995700
2019-01-30,204.7783660888672,205.30440811783615,200.47429032459857,200.5890610080913,1251400
2019-01-31,206.42347717285156,207.93467312811595,204.01319069913106,204.30013199745693,2792300
2019-02-01,205.11314392089844,207.41821939317947,203.41064379969276,206.34698729743909,1935000
2019-02-04,211.29188537597656,212.67875144770102,206.1748111935244,207.43734721100088,2256000
2019-02-05,214.7160186767578,215.65334673497208,211.55969322993892,211.78923461879984,1818200
2019-02-06,214.80210876464844,215.0603574360671,211.454493774237,214.3908227624303,915900
2019-02-07,211.3492431640625,213.71170361446778,210.8997052098921,212.4874343844327,1166400
2019-02-08,215.04116821289062,215.11768685839638,209.3024011499126,209.76149842850782,1400600
2019-02-11,215.65335083007812,217.42281023984108,214.87861943907618,216.95413890461305,1472900
2019-02-12,218.99139404296875,219.2783207683868,215.97853207610342,217.6714727282787,1394900
2019-02-13,218.6374969482422,220.4643416332051,218.20709225873603,219.98611095721117,1133100
2019-02-14,220.73214721679688,221.32514857828662,216.648053202278,217.73841854777567,1356200
2019-02-15,223.16156005859375,223.5536981042769,221.23906348329334,223.18067877681347,1142500
2019-02-19,224.41452026367188,224.54842426235632,222.48246434456084,223.1998103220364,1398700
2019-02-20,225.69619750976562,226.1744282093084,223.5441593618232,225.47621547441992,1904400
2019-02-21,224.79710388183594,226.4517778864251,222.82679588889593,224.79710388183594,2289200
2019-02-22,240.014404296875,240.61697959448094,226.4135232540655,226.4135232540655,3333700
2019-02-25,236.9346160888672,238.79015351580486,234.4478106434872,236.34161469881425,2876900
2019-02-26,238.07278442382812,238.46493705741554,234.72516989157123,235.57641986028176,1306900
2019-02-27,238.97186279296875,238.9909815110631,235.74857827223477,236.77199887349238,1524800
2019-02-28,236.3703155517578,239.5075078438853,236.13120019659905,238.49366107312304,1677800
2019-03-01,239.50750732421875,241.0474107918777,237.8050071667378,239.1153546399429,1943100
2019-03-04,238.15887451171875,241.21954789177616,234.3617218107838,239.76572256333318,1447400
2019-03-05,236.33203125,238.00583861095012,235.18428054995118,237.38414457180258,1357500
2019-03-06,236.15985107421875,238.19710361538097,234.06519859864534,236.57112240696907,800400
2019-03-07,234.7443084716797,236.69549785131926,233.62525041325804,235.45209514381443,960700
2019-03-08,235.17471313476562,235.36600247914765,229.56027528356123,232.2479438418402,1080600
2019-03-11,239.63180541992188,239.82310935367022,235.7964008971013,236.68591748681965,1467700
2019-03-12,239.4022979736328,240.91350877884733,237.5850125066033,238.8858006304308,1326200
2019-03-13,242.6064453125,244.62457959202814,240.1579062916295,240.1579062916295,1374100
2019-03-14,245.59054565429688,245.72446424050491,241.87948591340876,241.94644520651278,1497500
2019-03-15,246.8914031982422,248.54606285560806,245.1028249248025,245.3323663364862,3496100
2019-03-18,246.49920654296875,248.44082180763482,245.2558185328627,247.00612986264366,1427000
2019-03-19,244.9114990234375,247.96261316567853,243.495940265194,247.36003782508325,1477200
2019-03-20,244.84458923339844,246.45145217266153,242.87426624709303,245.02630466247507,1129000
2019-03-21,249.27293395996094,249.35901197243868,243.54374023695905,243.54374023695905,1177000
2019-03-22,241.67864990234375,248.33564199669027,241.47780118924666,247.1113434322165,1544900
2019-03-25,242.778564453125,243.04637243955668,239.80396933756398,241.37256522713838,1525900
2019-03-26,244.84458923339844,246.29841482712322,243.20903361615248,244.5289551811424,916900
2019-03-27,244.26112365722656,247.0157372344989,242.1090854485933,246.4992398915388,966800
2019-03-28,247.93389892578125,248.43124829292546,244.06978710756113,245.3801344160791,1285900
2019-03-29,250.0286102294922,250.23903293210725,247.70441573394123,248.90953740447364,1418300
2019-04-01,254.17962646484375,254.72481648837018,249.94250931123293,253.00316839126882,1245700
2019-04-02,256.58026123046875,257.46018908710937,253.29003274721248,257.4123777081809,1255800
2019-04-03,257.3646240234375,260.2914227993607,256.73338517742906,258.46457799888293,1957100
2019-04-04,251.19546508789062,258.1776217139354,247.35047153406828,257.622886938562,1945600
2019-04-05,250.30592346191406,253.13704061912907,249.6268149511992,251.95103799696088,1119800
2019-04-08,249.40689086914062,250.8511277744498,246.40358797981241,250.40158973652126,1630400
2019-04-09,248.0749969482422,250.28841004522243,247.6150851825896,247.6150851825896,1019900
2019-04-10,248.25698852539062,250.0871315796572,246.95386655005493,249.05230114286618,2061500
2019-04-11,248.736083984375,249.83799462212212,247.89287364682025,249.83799462212212,1329700
2019-04-12,249.18646240234375,250.89203651238557,247.49047953320397,250.0200815963546,2117700
2019-04-15,249.97222900390625,250.61419894530331,248.8319823110559,249.5985214403163,1595600
2019-04-16,247.20298767089844,251.1507187484996,245.43036272701394,250.853682717817,1043400
2019-04-17,245.55494689941406,249.1768981200877,244.4817804994502,248.86070879358064,1803700
2019-04-18,246.99220275878906,247.42339921695046,243.95476203621652,247.42339921695046,1370900
2019-04-22,250.65245056152344,250.815355423661,245.13329173063883,245.40156863921555,1068900
2019-04-23,254.57151794433594,255.28059733054667,251.0645444663517,251.0645444663517,1520400
2019-04-24,253.00003051757812,256.16204000594956,252.82753441115548,255.2709319627011,1025900
2019-04-25,252.80844116210938,253.33546236295075,249.55060622858358,252.9713460675018,987200
2019-04-26,242.97740173339844,243.2456932997318,228.33628502437418,236.11676968963013,5424300
2019-04-29,237.37203979492188,244.52970926414127,235.8006111948446,242.20131816058145,2419500
2019-04-30,240.56277465820312,241.18560588367274,237.32409322398587,237.99483679307536,1480900
2019-05-01,233.654296875,242.1055127573413,233.38600523561126,241.93304582664757,1372100
2019-05-02,235.66641235351562,237.53487663729135,232.94516105710414,233.41467859335273,1463400
2019-05-03,238.4547576904297,239.71955873255519,235.75265947644354,235.8197396801412,1202900
2019-05-06,238.0906524658203,238.53142556838986,233.34762275165735,233.80754909549026,854900
2019-05-07,234.1907958984375,236.70124445844166,231.50786584899583,234.75612346227481,1439500
2019-05-08,233.9129638671875,235.66645051615657,231.80495216411063,233.24223486449884,2088900
2019-05-09,231.2108612060547,232.9547564713437,227.78054501869906,231.6803641593891,1646300
2019-05-10,234.40162658691406,235.33107047926498,227.72305245113608,230.50179288714145,1407800
2019-05-13,227.0235595703125,231.02879449064136,226.16119590050462,227.9913391646281,1256400
2019-05-14,230.91383361816406,233.17515888417367,228.14466965697727,228.4417057291607,1704800
2019-05-15,232.9739227294922,234.1716582075826,229.04534451303783,229.54360656574588,985600
2019-05-16,237.19955444335938,238.9817855506138,233.7979825113507,233.7979825113507,1044500
2019-05-17,235.18731689453125,239.31710615601327,234.88070423927903,235.33105391297502,1294000
2019-05-20,233.50091552734375,235.0627671775454,230.5688615887958,232.52355934089658,957400
2019-05-21,235.79104614257812,236.8067236921134,233.84592450621213,235.48441878078776,979300
2019-05-22,237.1803741455078,237.72654855301639,234.58369176189234,234.58369176189234,865500
2019-05-23,231.220458984375,236.32760531992943,230.09938022107707,234.8328336355322,1552100
2019-05-24,246.71438598632812,247.59590303274913,238.25356513959738,240.73528447122436,2702600
2019-05-28,245.00875854492188,248.41992135759693,243.54273153684704,245.67948746678715,3059700
2019-05-29,239.1829833984375,244.8842160671856,238.18647389696582,243.34153216048813,1674900
2019-05-30,237.70738220214844,240.97480818504476,235.58020276501554,239.5471021924914,1154700
2019-05-31,234.6124267578125,236.34674535720788,233.40510006194611,234.94778391271328,1362000
2019-06-03,228.11595153808594,238.16733991260233,226.85113565394425,234.94782585027414,1638600
2019-06-04,236.76832580566406,236.96953715339473,227.83800417010985,230.9712838861921,1664300
2019-06-05,241.57852172851562,241.92347023301514,237.9278252513619,238.9818386319989,1130100
2019-06-06,242.61326599121094,243.74393574773612,239.65246775869844,242.26831763067017,1055600
2019-06-07,246.70480346679688,249.70393826231992,243.19782991699506,243.40863256452172,1222000
2019-06-10,249.62725830078125,252.93302033311514,248.39121618572813,248.99485037974378,1157400
2019-06-11,245.99569702148438,252.96171555545305,244.29010836698814,251.8118778790208,1209400
2019-06-12,246.6280975341797,247.9791172879374,244.95125340904747,245.986098514792,825900
2019-06-13,246.43649291992188,248.55408123362986,245.27707844756918,247.98875354995175,1756100
2019-06-14,243.50442504882812,246.5802016539594,243.33194353240117,245.65075772760014,1234200
2019-06-17,244.08889770507812,245.5261655631352,242.75701652617502,243.40857756527308,1282100
2019-06-18,247.42343139648438,248.50618906157047,245.43997421751743,246.55147636744687,1216300
2019-06-19,251.66822814941406,252.37730759264923,247.26055477248443,248.4487285123077,1032800
2019-06-20,255.51052856445312,257.2065115473741,252.95215260695838,254.6864713144713,1750600
2019-06-21,250.57583618164062,256.8615492029791,250.53750046130932,256.6411553630577,1856900
2019-06-24,251.37112426757812,253.07669833402917,250.44168041306568,252.07061227902352,1188500
2019-06-25,246.72393798828125,251.71612093461317,245.91906318832702,251.71612093461317,1015400
2019-06-26,245.77536010742188,249.5985230184496,245.6603821614652,248.44871431728916,1293500
2019-06-27,247.20298767089844,248.36241655616766,245.4015890063808,246.88679840137974,1459600
2019-06-28,250.40330505371094,251.05489524190114,246.97300422409174,247.3083759365341,1478900
2019-07-01,253.1533660888672,255.8171284514157,252.35805340719867,254.90683784988835,973100
2019-07-02,255.19430541992188,255.2230499024514,251.71610606749277,254.0732413596814,720200
2019-07-03,258.873779296875,259.44866895782195,254.6577268393303,256.6986728604622,774700
2019-07-05,259.2283630371094,259.50621668895684,254.11163920487186,257.75274434281573,894800
2019-07-08,259.79364013671875,259.96610704040717,256.59329421027303,258.19345255270036,863800
2019-07-09,259.8127746582031,259.99514891130394,258.06583670342815,259.0833069381629,1135500
2019-07-10,263.77691650390625,264.8423674184782,261.75164291543393,262.09717556295516,1132200
2019-07-11,267.0501403808594,267.6068418935579,263.1627498125763,264.8712859415511,1867300
2019-07-12,270.3423767089844,270.5247509774147,267.0596984619699,267.23246483447264,1199700
2019-07-15,271.206298828125,271.40788893372576,268.7586867903758,270.6783916960214,990800
2019-07-16,269.6033020019531,271.5902031699819,269.38252544138356,270.1984057042924,1156000
2019-07-17,269.3634033203125,271.0335372444133,268.8642612888358,269.6225529419366,797100
2019-07-18,271.5230407714844,271.6670127672692,267.8276033203701,268.7394747809564,1224000
2019-07-19,268.10601806640625,273.1260280953121,267.453325370439,273.1260280953121,1599100
2019-07-22,269.8624572753906,271.1486557898261,267.9619685460511,269.1521759759297,723400
2019-07-23,270.58233642578125,271.71495502135116,267.1076760573309,270.9662714573887,1245800
2019-07-24,270.0641174316406,271.29275689831974,268.4803664769167,269.88177238395616,1413900
2019-07-25,270.2944030761719,271.0910675656936,267.952361211436,268.73944709713845,868200
2019-07-26,272.3772888183594,273.52912334686675,270.15045364487736,270.8319406065203,788700
2019-07-29,270.054443359375,273.4427207175477,268.29789729285716,272.8764113905292,1267400
2019-07-30,268.393798828125,270.5246713387903,267.1939838850107,268.25943478652187,767100
2019-07-31,266.17669677734375,270.0449012147381,264.10341184398766,267.578073237829,1147600
2019-08-01,266.80047607421875,272.12767269601693,265.94622295466445,267.4243740680255,1272600
2019-08-02,263.6138610839844,267.4628490539182,262.2124555751329,266.8869317906448,1494500
2019-08-05,252.9498291015625,258.9105025905785,251.42366773927156,258.18103489504233,1774500
2019-08-06,259.24652099609375,259.77445737073475,254.23609049362645,256.03100972419304,1201900
2019-08-07,257.7875671386719,258.6706149465086,253.20905242507453,255.19595393126315,1221800
2019-08-08,265.5911560058594,265.71591220532025,259.76484523216465,259.98559252475377,1107000
2019-08-09,265.4664001464844,267.62606816728095,263.4891064352782,264.99605252536446,1279200
2019-08-12,261.7037353515625,265.1304152448149,260.5903031190616,263.70024462789814,968200
2019-08-13,267.9427185058594,268.3170749000716,260.95499611182817,261.44453007584025,1241700
2019-08-14,257.13482666015625,265.23595249158444,256.5877038616438,263.8729787355727,1239300
2019-08-15,257.6627197265625,259.822387116341,255.2055005064703,258.7761517625986,1244600
2019-08-16,260.0816345214844,263.4219318864811,258.3539116764988,260.3791864637611,1044200
2019-08-19,263.2202453613281,264.88077070578936,260.74381060138876,263.940134418368,1222000
2019-08-20,261.8860778808594,263.58500577597886,260.3311219611966,262.2508264135932,1062200
2019-08-21,265.1496276855469,266.67578954449925,263.51789611891775,264.31456075257023,925400
2019-08-22,264.6408386230469,266.83890833602214,260.6958601896369,265.87905614776304,1558800
2019-08-23,267.5491638183594,283.89544383866576,266.8292747464862,278.712248379651,3381800
2019-08-26,271.4173889160156,271.5421743855146,264.54484382953945,268.75860893713843,2004400
2019-08-27,271.8397521972656,273.54828805996397,270.0640196457434,271.73418250828513,1778000
2019-08-28,270.62078857421875,271.6190432742029,262.8075759612847,269.7953002764326,1482100
2019-08-29,275.4199523925781,277.01331032698823,271.974087012852,273.3370605340967,1209600
2019-08-30,276.782958984375,277.38767054110104,272.5692231702595,275.7175371309919,1080100
2019-09-03,272.79010009765625,277.3973805138078,270.8128062339236,273.8555223430962,1399400
2019-09-04,274.81524658203125,274.9016297541167,270.3135379850703,274.15294630368186,945600
2019-09-05,280.5744323730469,281.1695361311524,275.6311987296573,277.73327767675175,1092400
2019-09-06,276.2454833984375,281.67825099397015,275.6983898433481,281.61108359439737,1298900
2019-09-09,264.8232727050781,277.1861763693803,262.5964080951069,277.1861763693803,2141500
2019-09-10,256.81805419921875,263.4890387557936,253.28580510710793,262.807522598221,2095300
2019-09-11,255.44544982910156,258.98730650148457,254.37999874201003,256.95242469030387,1306700
2019-09-12,257.4803466796875,260.3119223209763,256.59726978752343,257.72030972412335,1329500
2019-09-13,254.57203674316406,259.16973761672375,254.07292407562298,256.5781246025779,1031000
2019-09-16,255.14793395996094,256.50132915727727,251.18373945217547,252.25876929312753,803000
2019-09-17,257.75872802734375,257.9123079004081,254.85995552334825,255.15750737354617,935900
2019-09-18,257.4995422363281,258.5746013188049,253.228217470531,258.5746013188049,846800
2019-09-19,259.1793212890625,261.4829903655115,257.8259259589779,257.9699272455328,903700
2019-09-20,258.373046875,261.95330666264186,256.7220996719623,259.14094632546454,1584200
2019-09-23,258.2002258300781,260.11032221638027,257.4419344371171,257.6147300846265,803500
2019-09-24,254.2168731689453,260.7630725157355,253.41060079752444,259.889603456938,1169500
2019-09-25,255.73338317871094,256.3764969622938,249.8974954087528,253.717687948026,983000
2019-09-26,258.891357421875,259.7648265093588,255.7238566235259,256.3573333493022,1182300
2019-09-27,252.6234893798828,260.42709203621405,248.85127746535815,260.42709203621405,1020100
2019-09-30,255.2631072998047,256.5396978916181,251.87483006097006,252.9210654885142,1135600
2019-10-01,253.68896484375,257.4995798517897,252.80591708389048,256.94287837643213,1007300
2019-10-02,249.9935302734375,252.6427025650948,245.2134555223446,252.6427025650948,1375000
2019-10-03,252.441162109375,252.95949056804068,245.1558864594016,249.0144822703455,1270300
2019-10-04,256.3669128417969,257.07719407479294,251.49087670167145,253.44895404004396,1312900
2019-10-07,256.05023193359375,257.33643061610434,254.22648896579423,254.26489126310847,1551300
2019-10-08,250.51190185546875,255.51275461578658,250.51190185546875,254.67765831101096,1340000
2019-10-09,253.9166259765625,254.9938433298446,252.34887847592205,252.82978117663524,864200
2019-10-10,257.31182861328125,258.6679779135625,252.33928117891668,252.33928117891668,1177400
2019-10-11,259.7547302246094,263.35187218049674,259.1295627322923,260.07211301696697,1068600
2019-10-14,258.78338623046875,261.28408640809783,258.62949382778663,259.67785830358247,1024300
2019-10-15,263.05377197265625,263.6404591667205,258.82183416232033,259.7451591104732,1042100
2019-10-16,258.86993408203125,261.31292817269656,255.65750736298585,261.1494083293798,1065500
2019-10-17,256.3499755859375,260.4472757188134,253.65693238008498,259.54317635285514,879800
2019-10-18,252.44508361816406,257.44648381747925,250.58880610014648,257.44648381747925,1551800
2019-10-21,252.18536376953125,254.39750423952225,248.7036038951741,254.3782787000503,1040400
2019-10-22,243.65420532226562,253.48384468576884,243.5099256820531,250.78117339872063,1482400
2019-10-23,246.19338989257812,249.07880680141702,242.8943889286245,243.65422359983944,1227800
2019-10-24,249.01144409179688,250.8773491550057,246.0683215388954,247.3090588824049,1071500
2019-10-25,247.8284454345703,250.3387437951754,246.89549289035074,249.23267329890908,1185800
2019-10-28,248.73245239257812,249.64617916046194,246.48183153228166,249.3095414379801,1027100
2019-10-29,248.61712646484375,251.117826958743,248.09777256107893,248.61712646484375,953200
2019-10-30,250.348388671875,251.6756851005883,248.37666957415684,249.83863287626545,1665800
2019-10-31,247.6649169921875,251.57947243339228,247.31868110009765,250.20409760874452,890100
2019-11-01,246.68386840820312,250.91580644962465,246.45301514458097,249.9828540040772,1108700
2019-11-04,244.35629272460938,248.7324958251217,244.0869883699928,248.3093284267013,1410900
2019-11-05,243.4906768798828,245.86633757044692,240.8457118311645,244.68330627285513,1918900
2019-11-06,243.74072265625,245.57777449210496,242.36534797900885,243.57721749940225,1430600
2019-11-07,249.44424438476562,251.00236448657336,243.13478842996875,243.33677402790013,1401400
2019-11-08,247.03973388671875,249.59813988714674,245.68358468995208,248.64593253930553,1357200
2019-11-11,248.17465209960938,249.4923208326817,245.71243256511536,245.885550496766,963900
2019-11-12,250.0502471923828,252.3489474672231,248.14586141019657,248.77102922164806,1227800
2019-11-13,251.75259399414062,252.8875174593632,249.10762882323752,249.8578359521783,1242800
2019-11-14,254.66685485839844,254.84960024850128,250.598407094704,251.45442806434076,974300
2019-11-15,255.8882598876953,256.7058001722369,253.78190416661434,256.17681905680917,1484300
2019-11-18,258.1485900878906,258.4660023396992,253.9551322007649,256.7635878210295,1945000
2019-11-19,261.8611145019531,262.11116391501065,257.72533419346075,259.5431602586655,1334100
2019-11-20,263.0345764160156,264.10216642277055,260.2068659224834,261.04363200388036,1448800
2019-11-21,260.7935791015625,265.16981213455375,259.2546842916313,264.60232100836,1308100
2019-11-22,249.8866729736328,259.68747291052495,245.50084244596846,257.68693047852685,4071600
2019-11-25,247.25137329101562,251.0408897132057,246.549244634445,250.8965953912417,2428600
2019-11-26,255.72494506835938,256.3212600013131,247.18410439151017,247.57844831375044,2081500
2019-11-27,252.1373291015625,257.3695538500543,250.73310116120305,257.0713964658405,1164200
2019-11-29,249.00180053710938,252.39697224016768,248.4727899847305,251.3582060276232,721500
2019-12-02,246.75115966796875,250.00206656409546,243.00012453858062,249.21337910428358,1486200
2019-12-03,243.9907989501953,246.57805795290085,242.7212233906291,243.5195236734109,1302400
2019-12-04,244.53907775878906,245.81828098861644,243.27911475054998,245.61629535191148,1526100
2019-12-05,244.08700561523438,245.91443024724177,242.52888535687043,245.0488111428146,1248700
2019-12-06,246.3953094482422,246.5011233091842,244.03888906621268,245.03917493779184,1029400
2019-12-09,246.00103759765625,247.06864246655886,245.6547869732557,246.22224879002644,1086900
2019-12-10,242.68276977539062,247.05897304104377,242.50963715461143,246.2895403850963,975400
2019-12-11,242.27877807617188,245.84708262190168,238.33538468175976,244.43322748830929,1588900
2019-12-12,243.09634399414062,245.92405455730466,240.4706190466258,241.76904768669937,1102300
2019-12-13,249.7232208251953,250.7042519734386,240.48025371832424,242.91362071957522,1965200
2019-12-16,253.43576049804688,254.03207523819674,250.7907952556574,250.819648247859,1948500
2019-12-17,250.45411682128906,254.87842747041498,249.24226199341152,254.87842747041498,1778700
2019-12-18,253.147216796875,254.16672826847181,250.06942748701437,251.2909098930287,1453400
2019-12-19,253.96469116210938,254.4552212836944,252.34886521708447,252.99328771704853,1352900
2019-12-20,256.8983154296875,257.25417885219093,254.33028122494932,255.6864308216109,2361500
2019-12-23,256.1095886230469,258.6776224360628,256.05188263641526,257.7927483877493,1411500
2019-12-24,254.23402404785156,257.0040284659266,254.19557296291453,256.4173412249178,417100
2019-12-26,256.6770324707031,257.6676909746772,254.28214613677955,254.33985211938193,691600
2019-12-27,256.8597412109375,257.2444574907105,254.38789435164063,257.2444574907105,637900
2019-12-30,252.80093383789062,257.64844138795644,252.3969919973689,256.95594030937565,995500
2019-12-31,251.92564392089844,253.96466636941852,250.41560262294016,252.66625275404547,1007900
2020-01-02,255.99407958984375,256.4172762326724,251.1080926597182,251.1080926597182,1124500
2020-01-03,254.2821044921875,255.2342824011605,251.45439439987427,251.61788487314737,798500
2020-01-06,256.234619140625,256.44621753491367,251.77182731634636,251.887268637575,1026100
2020-01-07,256.29229736328125,257.30218133682644,255.21507996430697,256.61930769140037,915100
2020-01-08,262.4574279785156,264.2752246841357,256.6096354729742,257.7638135430585,1373900
2020-01-09,264.914794921875,267.1987046504143,263.6331174833034,264.04749152496083,1076300
2020-01-10,265.2522277832031,266.45682463962095,263.8837928143072,266.4471784538567,1127400
2020-01-13,266.013427734375,267.757680885541,264.84735730032116,266.2928729112824,1697600
2020-01-14,262.77545166015625,266.2736040667532,262.20688572817977,265.61831072912844,1216400
2020-01-15,263.0838928222656,266.0520058525658,262.7080445732962,263.87411523617857,1147300
2020-01-16,266.8132019042969,266.8324942629043,263.3825147076657,264.66422137356295,834700
2020-01-17,272.5760498046875,272.72059547524185,266.3121492018993,268.3744027230142,2172700
2020-01-21,274.65765380859375,274.8985731135284,271.3136926797372,271.5738749417925,1636000
2020-01-22,279.7362365722656,280.9022778336393,275.4960624689189,275.7369817862579,2611200
2020-01-23,278.09796142578125,282.0490439411151,277.8859512593264,279.20621376489686,1659500
2020-01-24,277.6161804199219,282.35748630400735,276.82598728015864,279.46645402103115,1089900
2020-01-27,273.4530029296875,275.5923671086296,270.80289110216904,271.2558204817812,881200
2020-01-28,277.6932067871094,278.0497626216514,272.662810965386,274.07941753038546,840900
2020-01-29,275.53460693359375,279.2158316065186,273.57834333027444,278.8303665957892,858100
2020-01-30,276.21875,276.4211139404258,272.19058709924053,273.86737570951794,785000
2020-01-31,270.19573974609375,276.0741748445023,269.5886185805658,275.41885218748536,1268800
2020-02-03,272.5279235839844,275.39004628786745,271.24624573893624,273.2699739129409,1042000
2020-02-04,280.35302734375,282.1647160564381,274.11803371862953,276.7295911001762,1345700
2020-02-05,279.28326416015625,287.9660044336345,276.20913179060375,287.9660044336345,1060700
2020-02-06,283.5235290527344,283.63916563912574,279.28335423347704,281.2492644294341,1000700
2020-02-07,284.00531005859375,285.0268055762836,280.5264493521227,282.52126828932836,921600
2020-02-10,286.9252014160156,287.19502981925683,283.4077859922709,284.33290774494213,1139800
2020-02-11,286.13494873046875,289.0645052361216,285.73019150570815,289.0066869767393,903500
2020-02-12,287.80218505859375,288.0141952153924,283.9282133670111,286.21212358715053,792300
2020-02-13,287.0215148925781,289.6330709708291,286.0674842039771,286.49150437870736,721200
2020-02-14,293.2373046875,293.38185036658746,286.65537381184436,287.7154244736363,855300
2020-02-18,292.54345703125,293.75767014887725,291.04973991793577,292.9096590255992,888200
2020-02-19,294.5093688964844,295.7429039197527,293.34332774309974,294.4033785230374,791600
2020-02-20,290.298095703125,295.06830936662425,286.6843063850476,293.3337022575842,900900
2020-02-21,286.7614440917969,292.9482355191842,284.64134239478517,289.6813849600338,1173200
2020-02-24,276.0260314941406,282.06830588179776,267.9118865813567,277.96303192376377,1996800
2020-02-25,274.45526123046875,290.68361153891595,273.26995706850175,286.7421458185125,3430400
2020-02-26,269.9163818359375,280.3626406416557,268.547976486266,275.88154690568325,2449200
2020-02-27,259.0074462890625,268.47076110676113,258.6508905188523,264.298052804528,2246700
2020-02-28,256.193603515625,256.45378578658307,246.30626549187681,250.1898836439472,2899400
2020-03-02,270.96673583984375,271.111281531518,254.15058710230443,257.0319723896844,2520500
2020-03-03,258.49676513671875,274.3203578488351,254.58423802082353,270.7547404118219,2015100
2020-03-04,275.177978515625,276.1127464598783,260.6939131751009,264.2595301358419,2551100
2020-03-05,276.7486877441406,279.67827335941683,265.1460406081423,266.1097173781204,2418800
2020-03-06,266.14837646484375,271.5738841003977,258.40043253140107,266.4085881447693,1913900
2020-03-09,250.5946044921875,259.4507995060736,240.91927805110933,248.87926040882726,2138600
2020-03-10,259.8651123046875,260.2987492574308,248.5997271677631,260.2987492574308,2541500
2020-03-11,251.63534545898438,256.6175687250796,246.7784049142801,254.3336588323043,1848500
2020-03-12,229.29734802246094,248.6094467303258,227.38927134446598,236.18763390133233,3430300
2020-03-13,251.76065063476562,251.90519632268965,226.46412592983702,240.91928290408194,2399200
2020-03-16,215.31439208984375,236.09128510062354,214.30254278242833,223.573112842242,2642500
2020-03-17,230.482666015625,232.03418684098577,208.32772267680647,220.20986389751087,2901100
2020-03-18,216.8948211669922,223.83329364076917,207.25804975770575,217.82957446551046,2103300
2020-03-19,208.0482635498047,216.81773167469007,202.87332185468068,216.21061035240746,2340900
2020-03-20,194.50857543945312,211.2669190261771,192.14756956906146,209.82140342742156,3858400
2020-03-23,187.64724731445312,194.99046372430277,180.86295080539804,194.99046372430277,3415600
2020-03-24,225.32701110839844,227.00380003401793,196.9177965206097,198.67169609171424,3329600
2020-03-25,224.13204956054688,231.99565920372964,215.42039925842852,221.43375040401781,2505000
2020-03-26,239.36778259277344,240.60128825030645,220.20987487335884,226.0304934803558,2245400
2020-03-27,221.3470001220703,238.5486278972912,218.44632257895788,231.28250887997874,2143700
2020-03-30,229.40335083007812,231.706538653806,224.75841986168453,228.38185539342302,1321100
2020-03-31,221.64572143554688,229.75988042964195,221.279519451199,227.7072436082845,1698100
2020-04-01,210.19723510742188,220.53750052319305,208.2217089028917,215.91184770560238,1646700
2020-04-02,217.03933715820312,220.04600472103482,207.7205822450804,208.25060754097555,1584400
2020-04-03,210.45745849609375,217.0393753920355,208.92521531084824,215.71914236249594,1553400
2020-04-06,231.3981475830078,232.91112773419712,218.91853169943099,223.31289705632958,2535600
2020-04-07,231.05120849609375,239.9363122381118,230.3380968767874,238.62571083764257,1466200
2020-04-08,236.99708557128906,238.85698989058713,231.64868980394613,232.68946276370892,1223200
2020-04-09,243.46771240234375,246.2104628778568,237.4510266174971,238.35884192301447,1646900
2020-04-13,241.52655029296875,244.11479084906046,236.18590673326656,242.12533060984774,1298900
2020-04-14,252.3719482421875,253.36667804217453,244.00847841693442,248.3736950151353,1817900
2020-04-15,243.3324737548828,248.65379681408882,242.1445804064404,248.15161309583775,1198400
2020-04-16,248.62484741210938,250.58533580537812,243.21659442193803,247.37901081095987,1087700
2020-04-17,256.2735900878906,258.17613498228474,250.14104889776848,255.6651871592122,1423600
2020-04-20,254.9602508544922,258.74603724421996,251.41590409625542,251.570428997123,1297300
2020-04-21,240.6186981201172,251.94705469891608,237.98218182902366,250.59499884099725,1525800
2020-04-22,254.81544494628906,256.8049055577677,243.38085046690333,246.181559605259,1258600
2020-04-23,249.2236328125,258.6301110452143,248.18062661442528,254.023453672085,1309200
2020-04-24,254.63185119628906,255.77143898078026,247.79426554412987,251.271001513651,1069900
2020-04-27,262.5221252441406,263.7293233928553,256.1384755805907,258.2727936551872,941200
2020-04-28,257.1910705566406,267.49572378592444,256.67921987626545,263.9803496998745,1000000
2020-04-29,264.0672912597656,265.52559575914506,258.5238479153985,260.66783257197403,1132400
2020-04-30,260.57122802734375,265.680097362425,259.0356759645142,263.4202266205662,1410900
2020-05-01,252.18850708007812,258.36935522428246,250.8557557123604,256.2446748594269,1193600
2020-05-04,258.61090087890625,258.8330360221489,249.45549646971858,250.13153944646004,1366500
2020-05-05,265.0813293457031,268.3262628487794,260.3104813359214,260.8319695593858,1052700
2020-05-06,266.4237060546875,268.71254823987834,264.511523708883,266.55892634757515,754500
2020-05-07,271.18499755859375,274.3140754001356,268.7223249678794,269.4369768860637,954200
2020-05-08,270.7600402832031,273.27101829043085,267.6696307511318,272.34389837807055,1209500
2020-05-11,277.9839172363281,279.3746118047858,270.0647153870322,270.8662819571662,882200
2020-05-12,272.0348205566406,279.84780251952736,271.1173677550853,279.09451214222804,933500
2020-05-13,267.6696472167969,276.37114131233346,264.1832434739324,271.9382835663191,957100
2020-05-14,270.6730041503906,270.95308224351623,261.6335227459528,265.5255265960742,912900
2020-05-15,274.65203857421875,275.3183847385615,267.11910556123576,267.7468426108327,850000
2020-05-18,280.4272155761719,285.25600677863406,276.60282119615056,280.91009469641807,1187500
2020-05-19,276.9312438964844,282.94792983173323,276.72844286819344,280.9294981470213,1318200
2020-05-20,280.54315185546875,283.5756474179983,278.74685535481706,278.74685535481706,1418100
2020-05-21,280.0699157714844,283.4210983563439,276.5931798880759,281.1805319567468,1358300
2020-05-22,277.76177978515625,279.72229777561046,270.98216592673515,276.38075224461653,1770100
2020-05-26,272.53704833984375,281.94352627928487,271.3491548276581,281.4799516098104,1775700
2020-05-27,271.58087158203125,273.44480741985086,262.2420057283153,273.44480741985086,1479400
2020-05-28,274.14984130859375,280.30171780329886,271.7451122447417,272.3438777568166,1717800
2020-05-29,280.3789978027344,280.9101531565027,272.29560436319775,276.0716939334732,1689000
2020-06-01,280.0216979980469,281.7310799886653,278.21570478714455,279.2104348956872,1283800
2020-06-02,277.346435546875,280.06988077124737,273.9952533808115,280.02160464981023,1132900
2020-06-03,280.16656494140625,280.7653305346785,275.8689275482295,278.67928850247637,1309700
2020-06-04,273.2323303222656,278.58260967509733,271.3394229786552,277.1050007679272,1316500
2020-06-05,278.2445983886719,279.10413738768415,266.19195415564207,271.1559362906936,1874000
2020-06-08,283.01544189453125,283.2472439146899,274.3815608268403,275.58875863303194,1067200
2020-06-09,281.27703857421875,285.14007086365007,280.6493017217056,282.60978942968813,1283000
2020-06-10,285.73895263671875,287.79602288503804,281.1322953637654,283.88471288655023,1072000
2020-06-11,268.355224609375,284.8793626318944,268.21036677481777,283.8363272778802,1392600
2020-06-12,271.06903076171875,277.21126883448557,266.50101289566817,274.1884406600404,1173500
2020-06-15,273.4448547363281,275.37637158728154,264.8013050392683,265.5835670060958,943100
2020-06-16,278.69854736328125,283.3535099457393,275.64677674138716,280.05063270747627,1225500
2020-06-17,276.6800537109375,281.95311463506107,276.1778700635642,281.3350152482008,855500
2020-06-18,277.394775390625,278.051483980782,272.70117458691476,275.2507907217905,1127000
2020-06-19,276.5160217285156,281.9918567294896,275.50195746982854,279.61609872011627,2482200
2020-06-22,284.048828125,284.12610529410586,275.5211952545717,276.0137119490524,1179100
2020-06-23,283.7687683105469,286.3376891062216,282.4263795047394,284.8794140118675,1291400
2020-06-24,276.3323974609375,285.86442614411317,274.46849121524644,281.46057112618763,951000
2020-06-25,278.86273193359375,279.4325258404855,272.3245583179645,276.4483359861168,966600
2020-06-26,276.7091369628906,280.0699874220964,274.1981882399552,276.68983240148486,1376800
2020-06-29,278.06121826171875,279.85751504097766,272.10247496359926,276.0234523692409,965700
2020-06-30,286.0478515625,287.71862343778156,278.1382915390507,279.2489072947747,1621800
2020-07-01,292.2191467285156,294.47904718912844,286.8495326942548,287.2261925952255,1653400
2020-07-02,294.84600830078125,297.24109958508484,292.73099518635075,294.4114347329838,1228500
2020-07-06,299.0470886230469,303.38336396680654,297.45359312582303,297.45359312582303,1161800
2020-07-07,297.38604736328125,303.95322371982627,296.67139540951746,298.5932456487549,1133100
2020-07-08,299.7520751953125,301.3842091308988,297.23143062813756,299.9066000648325,774500
2020-07-09,297.87530517578125,300.8645994214832,294.0443687036122,299.626315434367,1027500
2020-07-10,297.527099609375,298.5816030776771,293.12539346392936,297.74961466174614,762400
2020-07-13,287.94000244140625,301.08710426282283,287.3015081304058,298.9297687660949,1383100
2020-07-14,276.0699462890625,285.10555736051606,271.83268332016723,284.9701352343328,3106100
2020-07-15,280.51995849609375,281.4003053887088,275.4894132591562,278.64318020159914,1526100
2020-07-16,276.3891906738281,279.0108648530342,272.026159887015,278.5464971864006,1128500
2020-07-17,279.8428039550781,280.9553495659982,275.3153302363373,278.54647752396977,896300
2020-07-20,288.98486328125,290.6197893741765,279.59131567264956,280.0653373662468,1019900
2020-07-21,288.172119140625,290.9098766748715,287.1756879398836,289.661938929165,1042300
2020-07-22,286.7791442871094,290.3779121930404,284.6314919961018,290.3779121930404,1145100
2020-07-23,282.0484313964844,289.13956468018023,280.7424512476956,286.2953763364328,1266100
2020-07-24,279.27203369140625,281.62283393263675,277.0179803970337,280.9843690340251,1193300
2020-07-27,286.4986267089844,287.73691102441785,280.9940583516287,281.00374190443756,1227800
2020-07-28,287.1273498535156,290.871252313345,282.68694035708677,282.7546661599843,1050300
2020-07-29,292.33209228515625,295.27302841607764,288.30766113837564,289.1299659524554,1115500
2020-07-30,294.03466796875,295.1084791540999,285.4343768442062,287.41758553154483,867300
2020-07-31,296.385498046875,296.5015825627794,289.12992057264717,294.83763561443567,1015500
2020-08-03,301.5417785644531,303.2347464560851,298.90073802522113,299.74238019623544,1248300
2020-08-04,300.51641845703125,302.1997033164412,297.22719906674473,300.6808617127299,1200900
2020-08-05,300.8162536621094,302.52855931643865,298.5815381635869,301.11614850230796,863000
2020-08-06,302.0545654296875,302.2383757709428,297.8366406553855,300.2454831487525,716700
2020-08-07,299.3458251953125,302.2480567075851,296.24044574362796,301.24197103990906,752000
2020-08-10,294.2669372558594,298.68801060359954,291.2002623114643,298.0591996437764,569000
2020-08-11,289.44915771484375,295.20523097074744,288.7429376062394,293.7347780235774,828300
2020-08-12,294.818359375,295.64066423110245,290.10707481187126,290.15543352921935,813900
2020-08-13,296.71441650390625,300.58405785593715,295.3020056768607,295.3020056768607,760800
2020-08-14,295.58258056640625,298.6782761188096,294.88604390058657,297.5270553860935,596000
2020-08-17,297.9720764160156,299.916551176915,296.83050974611456,297.8076036635906,714900
2020-08-18,298.8330078125,300.8645751570707,296.5886090409168,299.89716494756243,755800
2020-08-19,300.4293212890625,303.71854063291903,295.8921636471338,298.6106143343395,990900
2020-08-20,309.62933349609375,310.20010202155675,299.8391461342856,299.89718838955173,1083500
2020-08-21,311.7286682128906,312.0866053422508,308.0234697957877,309.43588073324383,1174500
2020-08-24,322.2637939453125,323.2602256193058,314.05048791867836,314.6696153115056,2088000
2020-08-25,325.45623779296875,326.375260010082,319.19709097720335,321.6639758246944,1718400
2020-08-26,331.1832580566406,348.267728503199,327.05242646073754,345.2300458113154,3108600
2020-08-27,333.7566223144531,338.1196531143957,328.0102015858057,330.69960159338956,1880500
2020-08-28,334.8304138183594,336.0590439740999,332.63440274390615,335.43023309157593,1189400
2020-08-31,334.13397216796875,334.9562475862786,330.9511829240462,334.6176774836943,1070800
2020-09-01,335.86553955078125,337.94546603072666,332.3635185851296,333.67921209663075,1074500
2020-09-02,342.6374206542969,344.0788822775624,336.1461049043275,337.3070092351016,1438000
2020-09-03,328.5616149902344,341.60228892708966,325.6884047803947,341.60228892708966,1570100
2020-09-04,322.2539978027344,329.43219448247004,314.0310110963096,326.75247885466223,1219500
2020-09-08,310.36456298828125,318.62622525333904,309.23268000748504,310.33554186174894,1578500
2020-09-09,317.51373291015625,320.5127108072269,309.31976631756055,313.8279019522244,1303200
2020-09-10,309.9486389160156,321.8187541518951,306.73682923317654,318.8391135226993,1254100
2020-09-11,304.7342834472656,314.7469872365661,301.2612835691532,313.2668504693146,955200
2020-09-14,307.9364318847656,310.78062109805757,305.4792009643448,309.73583075500306,888800
2020-09-15,311.96075439453125,313.5859963721728,308.97146055325715,310.906280866549,1111600
2020-09-16,303.16705322265625,315.59828183838357,302.4221283755836,314.2729048900785,1668800
2020-09-17,297.217529296875,298.34938301376883,291.519467458089,294.97312992117196,1818200
2020-09-18,290.34893798828125,302.75114853381564,287.098423133528,297.67224306072353,2284400
2020-09-21,297.6722106933594,297.9817596034167,285.7440231749553,286.634053789309,1594200
2020-09-22,306.94000244140625,307.7526237191259,296.7048123354576,299.7134448211925,2099900
2020-09-23,294.99237060546875,305.6822705003864,293.18331834465585,305.1211560792588,1412100
2020-09-24,298.5331115722656,302.441457066309,292.0998396146085,294.7408801021382,1216900
2020-09-25,308.12017822265625,308.40073547398254,297.73985515377564,299.80044380089436,1239800
2020-09-28,314.9404296875,315.5015442270516,311.75767087181544,314.8243451684262,1134300
2020-09-29,313.09271240234375,318.4908493817191,312.5219142926922,314.9307862364597,1115500
2020-09-30,315.57891845703125,318.4134531881408,309.25207609577853,312.4928771134052,1804900
2020-10-01,321.5091552734375,323.09572243377147,319.1003129260991,319.96129279392227,1091400
2020-10-02,311.3997497558594,318.74239119457695,309.4842665237068,315.53058156115765,902700
2020-10-05,320.5611572265625,321.1803141719233,316.45934579414546,319.5647255050828,1296500
2020-10-06,314.7759704589844,322.98927451918684,313.35387612657644,320.51270649476504,1042400
2020-10-07,323.9954833984375,325.93030457341393,316.4206419655091,317.0591364960147,1235700
2020-10-08,324.644775390625,327.32925073247367,322.96822045740277,325.97246209790364,788200
2020-10-09,331.2541198730469,331.6320899734785,325.4006406627707,326.22439662578495,846800
2020-10-12,340.09246826171875,343.0482949996051,331.6417607123814,334.5200414719927,1571000
2020-10-13,338.7938232421875,342.8156554266037,336.7780716174494,341.7787220563711,1118700
2020-10-14,334.63623046875,340.6350696138776,330.6919450797622,340.6350696138776,896400
2020-10-15,331.4092102050781,332.5818344441953,327.561811414629,330.7502172091385,790000
2020-10-16,330.614501953125,336.10941240018997,330.4206961555545,333.16328627093793,790000
2020-10-19,324.91607666015625,333.5993924401008,323.73375189760407,332.71749179486625,822700
2020-10-20,324.17950439453125,328.50176016357113,323.15224221052335,327.90091204558,1131200
2020-10-21,322.51263427734375,326.2824861272414,321.07832967172436,325.3230692270972,816800
2020-10-22,321.5726013183594,323.5980535041423,315.2636364315782,322.6580082719731,803400
2020-10-23,324.09228515625,324.25701856806165,319.8087728223648,323.026249998485,721900
2020-10-26,317.9578857421875,321.84405795443183,313.45149345792663,320.69080529656077,927800
2020-10-27,320.070556640625,323.1039003850007,319.1402117421535,320.38068146515917,838700
2020-10-28,308.67364501953125,315.06012622236346,308.14061261383415,313.4804598597659,948400
2020-10-29,315.554443359375,319.2177371596853,309.46838455206,309.5653022503712,896800
2020-10-30,304.9619445800781,315.1280091588867,302.413160348524,311.96867605664096,1682700
2020-11-02,306.64825439453125,311.9299284373605,302.52950391772424,307.9468686429093,1109900
2020-11-03,314.70159912109375,316.8433409417668,308.014663378738,310.0304447424155,1114900
2020-11-04,332.4073486328125,337.1657197672124,323.7918786660662,329.228643974664,1344400
2020-11-05,340.1215515136719,341.13914287905885,335.5182422789304,340.0828080984175,1074200
2020-11-06,341.38140869140625,342.9223022773811,334.15176939289864,340.6254980723408,623100
2020-11-09,349.01800537109375,365.5026746304994,348.2136212500902,354.64857591763746,1820100
2020-11-10,331.6902770996094,347.08954399930457,328.8701406726079,347.08954399930457,1544100
2020-11-11,341.51702880859375,345.5388608450536,332.33948415557563,334.9754851525653,1127000
2020-11-12,338.71624755859375,345.6260596712717,336.9136737324043,342.06938563619775,947700
2020-11-13,345.926513671875,347.26387101827345,339.6078484571791,340.9743077215513,1179400
2020-11-16,346.0331115722656,350.06464414716714,342.41829244768405,345.52918109107316,1158800
2020-11-17,347.67095947265625,348.88235654398954,342.515246439032,344.0173965525596,953900
2020-11-18,343.7847595214844,349.13430747025353,342.8350432248741,345.23843588580274,912000
2020-11-19,350.27789306640625,352.1676843532559,338.2705109371408,342.29237292837854,1533600
2020-11-20,336.9524841308594,348.8726181943015,336.7780500694714,347.7678395637236,2369800
2020-11-23,332.72711181640625,339.50126352844893,327.29037661598454,337.3207490646203,1529400
2020-11-24,334.5394287109375,336.9912952124883,331.9421709000056,334.34559334851195,1045500
2020-11-25,339.64666748046875,341.58490280045316,334.3552933379461,335.0433585955058,1199300
2020-11-27,343.3002624511719,346.98292764791285,340.9646851236007,342.9998383145462,528300
2020-11-30,341.14874267578125,345.43225517660994,337.37889085858836,342.534603222447,1875700
2020-12-01,345.8005676269531,348.19428940999853,341.4104658471308,345.015584694974,1088900
2020-12-02,344.5115661621094,345.1511872528639,339.24926530309267,344.6763291480341,760700
2020-12-03,352.4681701660156,355.3561224005426,342.5540840177953,344.22096788525977,1841100
2020-12-04,357.2167663574219,360.45361571095077,352.8266646516475,353.8732986849248,1404400
2020-12-07,360.6958923339844,362.43062116915155,355.9375212314546,356.4608530316129,1909800
2020-12-08,361.0835266113281,368.74925045226775,359.0871467015648,360.8993918994946,1705200
2020-12-09,352.93328857421875,358.70925155156124,349.9580900386746,357.5172260940461,2477800
2020-12-10,351.3052062988281,353.1465242237135,346.4111731859579,350.0744373265654,1499200
2020-12-11,353.06884765625,353.3886433755891,346.9440187742743,350.9367776102727,1194000
2020-12-14,354.22216796875,357.9048028578555,352.3808209490765,353.1852050840119,1366000
2020-12-15,349.2990417480469,356.4026901610755,349.0276900090505,354.5225996926287,1654200
2020-12-16,357.85638427734375,358.9223900065501,348.91141793640685,350.1518873155019,1577800
2020-12-17,368.5747985839844,369.2240907889959,358.90299466014807,360.4438880359933,1965900
2020-12-18,368.371337890625,369.0400315116398,363.93279155886745,365.5124582411161,2569600
2020-12-21,364.3204040527344,366.1520506725831,357.04235035289094,363.14777993547057,997600
2020-12-22,368.2356262207031,368.40038923048434,362.04295038295953,364.3882280553057,1003500
2020-12-23,365.2798156738281,372.0830105204663,365.07627968548496,367.305267891451,900900
2020-12-24,369.388916015625,369.9994649150656,365.7740962503604,365.85164223051606,441900
2020-12-28,369.3501281738281,375.95951789784954,366.3652587106288,375.6009490856442,871900
2020-12-29,366.646240234375,372.9358334260375,365.66745159177714,371.3658676818567,640500
2020-12-30,363.95208740234375,370.1835357829485,363.74858099601556,369.0593558656486,703200
2020-12-31,368.119384765625,368.72993368265486,363.37071368613164,363.43852945181413,982500
2021-01-04,360.2210693359375,372.7420537503967,354.8618495127344,368.0127545318855,1839800
2021-01-05,357.4783935546875,362.4499714241559,355.9665725104788,358.9999152386415,1117700
2021-01-06,349.8514709472656,352.7685245319458,346.6436938982189,348.07799866438233,1537600
2021-01-07,357.245849609375,358.7964437885231,349.202155244161,352.02229119855014,1109000
2021-01-08,363.4775695800781,364.03085933486557,357.78944993588294,358.94455116182684,1259100
2021-01-11,361.4197082519531,365.7100879566137,355.6345162391034,365.09856036574814,1514900
2021-01-12,354.9454040527344,361.70126832519406,351.72276807526794,360.9247134750306,1242200
2021-01-13,354.2561340332031,356.55661991535425,349.9269490055572,354.26585022389776,1019500
2021-01-14,354.7900695800781,358.78923052025,354.26589879375814,354.57652071324674,1146200
2021-01-15,360.12872314453125,362.8757095437123,352.3827564817958,354.1785040851814,1597800
2021-01-19,373.6598815917969,375.0479342660807,363.3804477552284,363.8754995349166,1578400
2021-01-20,378.0375671386719,386.44358261565174,377.5716639582132,380.1827716479837,2051800
2021-01-21,370.5537414550781,377.02813158265525,366.72929444524124,374.8829268395886,1736700
2021-01-22,363.85614013671875,373.1260391366478,363.6523074594817,373.1260391366478,1150600
2021-01-25,363.44842529296875,367.7290890161811,353.6252370835264,366.9525638731756,1588200
2021-01-26,363.8075256347656,365.1082510094994,359.4201028158817,363.0601195329686,663500
2021-01-27,352.4604187011719,364.00171392965166,348.7912826096624,357.21673146121424,1928100
2021-01-28,359.099853515625,365.62276573174586,354.9841871264116,355.60543096725013,1395100
2021-01-29,350.63555908203125,359.0415750091827,349.1407171787647,355.6150773250449,1523500
2021-02-01,362.6233825683594,367.3505768302279,353.89705678748146,354.77065506031323,1260100
2021-02-02,372.8444519042969,374.1645799682595,364.5161071257703,365.29263213572693,1123400
2021-02-03,369.00067138671875,372.4271397293949,365.94306286027137,371.45646847512364,807300
2021-02-04,381.21173095703125,381.4252798170898,368.8550752713289,370.738179867517,1522100
2021-02-05,377.9599914550781,384.8420473431101,376.3486735597612,381.02731628468337,867300
2021-02-08,378.30938720703125,383.5607219981303,375.5332817703783,381.9397176690454,898600
2021-02-09,380.06634521484375,381.3379222799881,373.35903243116076,374.5335364393588,817700
2021-02-10,385.6379699707031,387.33664457347106,379.134461071092,384.23048487939593,1150300
2021-02-11,396.829833984375,397.2957372335248,384.9585137398089,388.2685063108129,1226900
2021-02-12,401.8481750488281,402.3141079056833,395.17966840480705,397.9752063008675,1066800
2021-02-16,409.87567138671875,411.31224594798215,405.0320014709347,405.29410167957167,1378600
2021-02-17,403.61474609375,408.07983906025214,399.96501329325645,407.6139062700197,1164700
2021-02-18,403.2071228027344,407.681902802777,396.4512299423495,402.22673541440247,1038700
2021-02-19,399.2856140136719,405.5561418279217,397.1598416627939,401.2269564621423,1287900
2021-02-22,389.7730407714844,396.8492426994727,389.4721350443819,396.18919333825033,1179200
2021-02-23,387.38519287109375,390.9863749818043,378.7947462230196,386.44364055603864,2483100
2021-02-24,401.0618896484375,403.24589968693203,371.57289603351575,376.90190067076406,3307900
2021-02-25,376.6009521484375,396.95592457651185,375.30994310615336,395.635796588595,2148100
2021-02-26,378.69769287109375,384.97790737414823,373.7084284644654,379.0082851556515,1765300
2021-03-01,394.490478515625,395.89793395559207,382.6579944407126,384.7060964153158,1545000
2021-03-02,389.9671325683594,394.5972232666648,386.9774784751784,394.5681043172113,1198400
2021-03-03,377.3096618652344,389.24893755072947,377.0669940214951,387.37551928393236,1369900
2021-03-04,365.2926025390625,380.5806707113431,362.6135707360009,377.0280409372281,1930000
2021-03-05,371.000244140625,372.737753944206,356.99346534009885,370.7284573799421,1588200
2021-03-08,359.55609130859375,376.7272400849038,358.95425019400466,370.34995188515416,1652900
2021-03-09,373.3006896972656,377.2901634405349,368.64148012782283,369.70922429405863,1770700
2021-03-10,371.5923767089844,382.9977639478826,371.0390869845824,382.9977639478826,1388800
2021-03-11,387.462890625,389.2683250930053,378.87244336802473,379.02775433664965,1445300
2021-03-12,384.3373718261719,384.997421301645,376.01871040433804,382.64838336270145,1305100
2021-03-15,385.201171875,386.3271540697064,378.93064394998754,381.83294148250593,1407900
2021-03-16,383.8229064941406,390.10315177566775,380.9788167162317,388.76362047449345,1077300
2021-03-17,380.23126220703125,384.2207059755575,374.43635489453357,381.32812522539376,1765800
2021-03-18,363.0019226074219,374.31995275192367,362.50687079881124,372.80570799650485,1868400
2021-03-19,370.09747314453125,374.0092764643185,362.3418205908725,363.2736565458196,4423200
2021-03-22,371.7865295410156,374.7373787371687,368.9230668341328,370.61202550268536,1468800
2021-03-23,371.961181640625,376.42624505387704,370.3401478510953,374.70816785125777,1154500
2021-03-24,366.22454833984375,374.8635161660465,365.68097483319735,373.04836574679507,1138300
2021-03-25,361.4682312011719,364.8461477273205,354.44055217616113,363.5648547444558,1510700
2021-03-26,365.5353698730469,365.99158654991885,357.14878559458344,358.3330057160893,2107200
2021-03-29,363.63287353515625,368.55418407965414,358.5174465063861,366.56431978627586,1631200
2021-03-30,362.70098876953125,365.088831525986,357.92527363408874,360.19664059108715,998000
2021-03-31,371.8253173828125,374.67909315644937,365.4188813680657,366.9816774453121,1512700
2021-04-01,383.6383972167969,385.7544533684893,377.09605304603326,377.51346418405575,1445100
2021-04-05,390.34576416015625,391.07376762277124,384.75468808806113,385.90978928521326,1473600
2021-04-06,389.43328857421875,393.1218272026624,385.21086302420196,387.8704925734735,813300
2021-04-07,389.2876892089844,391.2969857865142,387.31722777539,388.4238072085347,713700
2021-04-08,399.2564697265625,400.38245182992904,391.0834055032177,391.7046492661233,1397000
2021-04-09,405.94427490234375,406.68305420371894,397.85671217528693,400.88955190606896,1003500
2021-04-12,404.3111877441406,405.4776781855031,400.96728012165795,403.9223674853812,1251600
2021-04-13,407.2371520996094,407.81066722586036,402.7364837659676,404.80698817562023,1550200
2021-04-14,399.8008728027344,410.96016701316813,398.97461110171355,410.96016701316813,1016600
2021-04-15,405.8957214355469,406.66366158823433,401.6283687525693,403.0767370461071,914800
2021-04-16,404.20428466796875,408.44247602276096,402.697565338929,407.4704105195424,973100
2021-04-19,391.05230712890625,405.35138484441075,389.76917332344624,404.20435447214646,1130900
2021-04-20,394.0462646484375,395.56268475409144,388.08749721265167,389.85666389094484,1095800
2021-04-21,397.526123046875,398.3329242069314,390.7605270852091,394.5613060325161,857400
2021-04-22,395.4167785644531,400.014658775872,392.93802355806093,396.03891468539973,761700
2021-04-23,403.32940673828125,404.5736493189527,397.0206818397647,397.75946106941063,981500
2021-04-26,406.6053466796875,406.984436855136,399.42176732872815,402.86288801593776,716400
2021-04-27,404.4959411621094,409.13271315647427,402.4351667935421,408.26756051518765,619400
2021-04-28,404.1849060058594,405.7985386269193,399.90782286086807,403.66971237170276,541700
2021-04-29,404.52508544921875,406.4206251974965,400.0633079939038,405.54577210794037,636700
2021-04-30,400.64654541015625,406.40115692211094,400.1216217006925,401.8033058016132,1409200
2021-05-03,399.84942626953125,404.05848657128973,397.5747965191828,403.20306416977365,771800
2021-05-04,386.5126647949219,397.7205784008632,384.8212803815017,397.7205784008632,1214200
2021-05-05,381.0885925292969,391.8201750114269,379.89294120453764,389.8760438808123,989800
2021-05-06,383.0618896484375,383.4896008761949,375.36311721389177,379.89294636962245,975400
2021-05-07,389.837158203125,394.7266465038082,385.3559208018551,388.66093758390264,965500
2021-05-10,381.57464599609375,390.2940757761607,381.33162959159364,389.04983297172373,1005400
2021-05-11,383.9561767578125,389.0303603091046,374.88681788276045,379.46523849180096,932600
2021-05-12,388.7193603515625,391.00369097534787,380.16516453908355,382.6828110991329,2256300
2021-05-13,392.24798583984375,394.6489895824611,385.9101274240515,390.4496878194394,1402100
2021-05-14,405.60406494140625,406.85800809275116,392.2673249330742,395.4945598867449,1191200
2021-05-17,407.70379638671875,407.78154858768346,398.02200095411536,403.48500527340485,1286200
2021-05-18,405.769287109375,412.7779005947983,405.4193577750284,409.2395680004,1153700
2021-05-19,409.43402099609375,409.96864518186726,397.3026322683646,398.08027284132356,1321200
2021-05-20,423.1109924316406,424.7829464873853,411.54341746769376,411.54341746769376,1242200
2021-05-21,421.32244873046875,429.0309229686004,419.6991155487907,426.2022377559669,1172800
2021-05-24,428.107421875,430.3431609277107,425.83279189139074,426.931230784841,1127300
2021-05-25,426.72705078125,429.69186853892506,424.6760066884606,427.71857663831383,1469700
2021-05-26,430.4403381347656,433.2107308486769,425.3661548442087,428.6031496953858,2008700
2021-05-27,420.0392761230469,425.5411712925185,415.480315491023,424.024751243275,2974200
2021-05-28,426.82421875,429.6529327949533,421.70144446149027,423.33450731267453,1451300
2021-06-01,426.4062194824219,429.60432301133534,422.50822766649867,429.36130665702757,948000
2021-06-02,432.996826171875,434.59099804629653,423.830256314974,425.8229785742716,1321000
2021-06-03,437.9738464355469,439.30557147621585,425.7647056512654,427.2228039582903,1490100
2021-06-04,449.0262145996094,450.66900768722206,441.3274723611137,442.27037709385536,1400700
2021-06-07,444.4380798339844,448.9290179086107,442.09539830908597,446.7224397993489,868100
2021-06-08,452.26324462890625,452.98256367066256,446.00313987364115,448.27776978805673,1516200
2021-06-09,455.24737548828125,457.4636834125043,452.41869128105117,453.0991192616418,919500
2021-06-10,458.16363525390625,460.47715597207986,453.21582524386037,454.26567263340957,1149800
2021-06-11,458.9704895019531,461.3617625313303,455.5974207403343,457.1624320906528,1471000
2021-06-14,463.6461181640625,463.66554879611726,456.74444665346164,459.13571966003377,961500
2021-06-15,457.5609130859375,464.83197322684754,455.7528856141675,464.83197322684754,1359600
2021-06-16,456.2291564941406,460.48680755460373,451.7382192380623,456.09308276839204,1230300
2021-06-17,461.4687194824219,463.1795347903153,454.25597957595414,455.7821297091213,1442700
2021-06-18,460.1758117675781,465.12362171029434,459.14542468839244,463.75300576569776,1571100
2021-06-21,464.5500793457031,467.6801313266096,458.814899040711,463.8501910249699,1073600
2021-06-22,464.2195739746094,466.33866953619855,461.84773190316866,463.9765576120854,1480600
2021-06-23,465.22088623046875,468.7300585800762,464.219659818326,464.219659818326,1218800
2021-06-24,469.1382751464844,472.6668778706265,466.883075930905,468.53559924656446,1088500
2021-06-25,472.5113220214844,476.49679656089796,463.67525006125925,467.5537819683155,1494500
2021-06-28,473.3861999511719,477.6633121687412,472.07393517064475,473.25982668132275,934500
2021-06-29,477.6729736328125,477.9257201518648,470.92683679036105,472.0544363133302,718400
2021-06-30,476.4773864746094,478.8394986552628,473.8527976082701,476.9245283239926,955100
2021-07-01,477.332763671875,479.8893007462893,473.61949591583345,479.8893007462893,905600
2021-07-02,483.7386779785156,486.8395395567618,480.77386047605546,481.0363074752877,1072500
2021-07-06,486.9757385253906,488.6476926597211,484.3122880898639,487.8408615434258,1181000
2021-07-07,491.95263671875,494.4216914521066,489.06560093034193,491.4082823993607,929000
2021-07-08,491.95263671875,492.73030693579585,483.1943168682593,487.2478431496934,989500
2021-07-09,490.4247131347656,492.0402288445369,482.4542020394201,489.4612545517161,1269400
2021-07-12,491.5633239746094,494.09364990443424,489.51959804283905,493.1690980282479,922300
2021-07-13,493.11083984375,496.3029354938563,490.13284943784595,491.3688030704549,1002900
2021-07-14,492.0110168457031,497.97673792772395,491.0670116054855,495.80649111575536,1453600
2021-07-15,489.6851501464844,492.80911442436485,486.9699133144583,492.4100987845557,1101400
2021-07-16,488.0696105957031,491.4660695726042,487.4272949408112,491.1157317788693,727800
2021-07-19,485.4127502441406,489.01360253522586,482.7072551231725,485.4711398748319,1320300
2021-07-20,494.9306335449219,498.93047164401423,485.6365846000366,486.65843281083414,1273300
2021-07-21,500.6628112792969,500.79907355132264,489.5975010187374,493.130222189818,1118900
2021-07-22,507.3389587402344,508.09808335537076,500.3221644005277,502.2783061709246,917700
2021-07-23,514.2682495117188,518.0637546046771,508.03006145626193,510.8523068079432,974500
2021-07-26,515.12451171875,516.0198391253165,509.1101425887113,513.995625806072,720500
2021-07-27,508.89605712890625,516.3021553095941,502.5994807588668,513.8691549688823,983100
2021-07-28,509.0810241699219,513.1003459319118,506.9691962710653,510.53114242983764,694700
2021-07-29,511.4263610839844,515.251030102483,507.24161280365314,507.24161280365314,627400
2021-07-30,515.766845703125,516.633008076901,510.9495525668454,511.12472146276264,905300
2021-08-02,513.3728637695312,520.4383069561537,511.2902010176619,517.8495610759423,857400
2021-08-03,515.9712524414062,517.8495216176906,510.20992414010806,514.7158456218632,870800
2021-08-04,521.6937255859375,522.7739636116058,514.2779444052169,516.6039072672602,709100
2021-08-05,523.5913696289062,526.141149013916,520.2143345598116,522.3553865547022,897000
2021-08-06,519.9710693359375,523.4648838931091,515.805803721212,520.4771524047945,1040200
2021-08-09,520.8858642578125,522.8420059392207,517.6159262169549,519.8542745401817,733100
2021-08-10,515.9225463867188,525.5182846076451,514.5406189498905,523.8054430186324,855800
2021-08-11,517.9661865234375,518.7544761010907,512.5065491004536,515.2023319496899,765000
2021-08-12,522.530517578125,523.7178524435747,516.019807324132,518.024596910594,521200
2021-08-13,526.248291015625,526.7057260185113,520.1852724966518,521.985669190261,541200
2021-08-16,528.3893432617188,528.408826274431,521.5088104033895,525.9660841561945,785300
2021-08-17,521.4990844726562,527.5815861840235,519.8252085134147,527.5815861840235,1079200
2021-08-18,518.6961059570312,525.1290029637273,517.8494267269973,520.7398615531993,723900
2021-08-19,528.8757934570312,533.2162867019663,513.6841561988771,514.4237976791219,1495300
2021-08-20,530.68603515625,534.9486566073022,528.4184621525167,532.9049600318876,1243200
2021-08-23,537.6832885742188,538.9581782695598,533.508281724457,534.1408261201932,1368500
2021-08-24,539.1722412109375,540.1551826386457,534.1213312265097,539.1527582046353,1661300
2021-08-25,540.7196655273438,567.3367225346271,536.2429690570882,561.8381184923328,2237800
2021-08-26,537.8292846679688,541.6928603172507,531.5326495178837,533.0021910830278,1557000
2021-08-27,550.7727661132812,551.0744557130595,538.8315840651185,539.7658773738233,1414200
2021-08-30,550.4127807617188,553.079339498271,548.437156071847,551.9407120274305,893900
2021-08-31,550.9382934570312,551.9114935554447,548.1549554314294,551.9114935554447,1231100
2021-09-01,548.0382080078125,552.56361248809,547.590514552744,552.096436022107,1259400
2021-09-02,544.78759765625,550.1401975682173,540.7488533623225,548.5928428573382,1086000
2021-09-03,548.155029296875,551.5514885941136,543.0846347170991,544.5055284360436,762600
2021-09-07,545.4494018554688,548.6415265214957,540.6223676377534,548.6415265214957,881900
2021-09-08,552.3787231445312,553.2448261718971,543.2111345677819,544.5055074550548,918200
2021-09-09,552.534423828125,557.50746268677,551.4055377108733,553.2935485099707,775300
2021-09-10,552.1742553710938,557.6436349620491,551.8433412146046,556.0962207292902,1088400
2021-09-13,542.4811401367188,556.1545885786724,536.4862541313573,554.908923437048,1192700
2021-09-14,553.0404052734375,555.8918742603091,547.9311050677351,550.7825740546067,1182800
2021-09-15,556.77734375,557.0303852111882,549.468603479942,554.7239063525169,1025700
2021-09-16,557.5269165039062,559.3175715477688,552.7193053022509,555.6096812869372,999900
2021-09-17,546.79248046875,557.4880000118075,545.6441114197837,557.4880000118075,1860900
2021-09-20,539.5421752929688,545.1964656666454,532.8368121481036,538.1894128577584,1300000
2021-09-21,540.369384765625,544.86556471897,538.6760260039007,544.73904394717,758100
2021-09-22,547.717041015625,549.8580932586408,538.8025536394263,545.5759887726092,911100
2021-09-23,561.8963623046875,562.8111724902714,549.9357581777491,551.0062541951891,1235100
2021-09-24,562.4317626953125,563.6482627717227,555.0549489995424,558.0231973060995,1168700
2021-09-27,551.814208984375,558.4514409239611,546.2572149210301,557.4976644157238,1279100
2021-09-28,530.4036865234375,547.697467738615,529.887862065188,545.4201538389341,1647600
2021-09-29,532.2724609375,538.3257980094842,530.4330980179241,534.1702135021687,994800
2021-09-30,525.0511474609375,539.6296646185274,524.759199337508,534.6663683219813,1540800
2021-10-01,529.3917846679688,531.4160580996601,518.9883295806673,526.7349666259872,1439900
2021-10-04,511.2706604003906,527.0170906479192,505.0908633846438,525.2263762874575,1456000
2021-10-05,519.0562133789062,522.5402861257825,512.2925206751078,514.8812066248412,958300
2021-10-06,520.282470703125,523.5135020357349,511.91297393269764,512.3119598222305,977600
2021-10-07,523.9854736328125,530.8260597868281,523.3521234732337,524.4142295066414,955600
2021-10-08,517.5443115234375,527.5518243952891,515.9072602718464,525.2813636676057,937000
2021-10-11,511.98028564453125,519.8245720287605,511.6197477494262,515.234940087592,1025300
2021-10-12,513.578369140625,519.7660961634471,510.74277612966677,513.5491668802399,873000
2021-10-13,521.2667236328125,525.8466016621468,518.6454787216139,520.5943579277074,866500
2021-10-14,529.8807983398438,535.8638123291253,528.146267290375,529.4617369705338,1068300
2021-10-15,538.046630859375,539.1380581059207,529.3839066077746,531.069668357875,1602700
2021-10-18,550.1295166015625,550.3731264565737,534.255919860053,538.6311433400448,1321800
2021-10-19,558.1589965820312,558.4805783062765,549.5449837376937,553.6278880816386,978000
2021-10-20,555.947021484375,560.9653494500126,554.3683747063203,559.6596337673312,836200
2021-10-21,563.567138671875,564.1323303127544,550.850713340076,555.4305915160127,729600
2021-10-22,575.6987915039062,576.5075928671827,565.1748577714502,566.0518770304305,991800
2021-10-25,587.158203125,588.7855002717567,574.6756367763965,575.6987862524995,1104600
2021-10-26,593.0535888671875,597.68217632865,587.0608218389644,590.101068213541,1418600
2021-10-27,597.4580688476562,601.5409725502535,591.3873300644035,593.6479772659028,1457700
2021-10-28,599.6798706054688,604.5520687885866,590.3350277962911,597.477686985763,1066600
2021-10-29,609.9893188476562,610.5837126157855,595.2655535859357,597.6821442990266,1038200
2021-11-01,593.2487182617188,613.8775930788803,591.7870584976527,612.4647028870202,1246300
2021-11-02,602.5835571289062,609.6676906805228,594.8952164700462,596.4446011881089,1024500
2021-11-03,606.9490356445312,609.6677000310652,593.6869303111175,604.0646737457816,1093900
2021-11-04,609.6873168945312,615.4170260786099,604.4545813858679,605.3998186553001,1267100
2021-11-05,599.2706298828125,613.2246127855921,597.1268507612124,612.1332451373368,1428200
2021-11-08,599.5239868164062,603.6556013623227,592.6639531812124,603.1878893684682,1222800
2021-11-09,597.1170654296875,602.3302929652862,595.5968827134406,600.2060219920394,1205100
2021-11-10,588.5421142578125,602.1940249748436,588.1328662067369,595.7627462718923,1197300
2021-11-11,591.358154296875,594.9927949667231,590.422670871426,591.7284461022565,684300
2021-11-12,610.9637451171875,612.318230146621,595.3142508544427,595.3142508544427,1182600
2021-11-15,610.1357421875,616.7716747545004,606.6374771849601,612.1333318547896,1402500
2021-11-16,629.2540283203125,629.9555961758049,609.9503852079356,610.1549794282555,1331700
2021-11-17,618.8275146484375,628.0749355115889,613.7409692682044,627.1297577932564,1321900
2021-11-18,612.8639526367188,620.4450606625346,610.4181000909332,620.2502203517673,1319900
2021-11-19,674.6435546875,698.5367737979531,664.0416468323439,697.5720880872941,3615700
2021-11-22,644.7184448242188,675.783582465121,643.9193972554671,674.27321305623,2177000
2021-11-23,653.4883422851562,654.9597553913221,632.2163121400222,636.0653599165678,2112500
2021-11-24,666.5164794921875,667.1498888255865,642.8181086399031,644.5915952983655,1715100
2021-11-26,649.8634643554688,673.3864497369237,646.7453053264204,666.5166626962529,1279300
2021-11-29,676.9041137695312,679.4474460538165,657.0938016482245,657.0938016482245,2009300
2021-11-30,635.6270141601562,664.1488836484672,635.3346941406903,651.8514592039345,4186000
2021-12-01,646.9205932617188,657.6978907420364,640.7913313174693,650.8281048062886,5184800
2021-12-02,654.9403076171875,660.4848710528689,643.3250047982195,643.3250047982195,1961900
2021-12-03,631.3980102539062,656.2364702971327,618.7497416869215,654.2680829438167,2277100
2021-12-06,628.8448486328125,635.393053894796,623.1833571969045,633.375956878809,1687000
2021-12-07,656.0900268554688,657.2106559396605,637.244402431762,637.4977067131318,1615300
2021-12-08,655.8562622070312,658.9160165797018,649.7368129367586,655.9634362804198,1332800
2021-12-09,648.499267578125,662.8624968772114,645.7708487619942,656.8015114883447,1180200
2021-12-10,660.6212768554688,660.8940889908849,649.8439782676411,653.1765447345643,1276500
2021-12-13,651.646728515625,666.5849042349867,651.3154523577028,660.6700487266347,1430800
2021-12-14,623.1347045898438,640.2458640091767,610.827525941576,638.8816840611009,1865900
2021-12-15,630.9397583007812,632.1578075521535,609.2682355363768,628.7180673933101,2555000
2021-12-16,617.7556762695312,633.3759102604441,608.8395312069397,632.4112246879477,1954700
2021-12-17,604.4157104492188,615.5925048662698,596.542221297687,605.5168320294176,4330300
2021-12-20,589.1754760742188,598.6275529871252,583.9524935960836,593.5311929519511,2236700
2021-12-21,605.1951293945312,607.1732105936389,585.6868321529759,594.9342532168097,1875800
2021-12-22,615.514404296875,616.2549878038839,600.9562763579817,605.087949635238,1014600
2021-12-23,619.4610595703125,622.4817987355502,614.627817430855,615.5145313551419,759800
2021-12-27,636.0848999023438,636.9424114317478,621.6924092640064,622.754574502155,1068700
2021-12-28,633.1714477539062,641.9998689305761,630.8522765430853,641.0448775951872,955700
2021-12-29,631.4661254882812,634.1360804887522,625.66819794616,632.4990290901073,651300
2021-12-30,626.9154663085938,634.0678793644031,626.0287524140074,631.4758366416274,776400
2021-12-31,626.779052734375,630.8034933085816,622.3940742421471,627.8607259635166,821500
2022-01-03,615.3294067382812,629.1079983238884,605.3999233248039,623.6706676382606,1360600
2022-01-04,602.5155029296875,615.3293480339979,590.637081780933,615.3293480339979,1998900
2022-01-05,578.5248413085938,598.9783203716466,578.0083597378361,593.8527582150491,2295800
2022-01-06,571.401611328125,580.6197712349395,565.3795821585892,571.8011053671339,1789000
2022-01-07,553.6948852539062,574.6013574976337,549.9974938627022,572.1136642061753,2275200
2022-01-10,556.2607421875,556.9436536874496,530.5739451803723,539.9979928826148,2956700
2022-01-11,564.5823364257812,565.4506087770145,544.8758527970105,552.3682298154799,1696500
2022-01-12,563.1580200195312,575.1672944093466,561.7336651891318,570.5235677878345,1433700
2022-01-13,539.4125366210938,568.2992304006591,538.222368944186,566.6992801565871,1633400
2022-01-14,537.3345947265625,543.7246308072935,530.1251721004242,537.8614410425108,1722600
2022-01-18,524.6815185546875,535.4908601804008,523.0132709752808,526.1448748209366,1888100
2022-01-19,532.027587890625,544.924666670171,527.5985172624124,528.8667475745846,1904500
2022-01-20,531.3154296875,552.6413957081356,530.4862182231484,538.6126811149891,1924000
2022-01-21,515.637939453125,539.2565301870352,514.9257918163064,533.6274675620949,2574900
2022-01-24,521.6181640625,522.6425014462789,488.13656861045945,513.150217055621,2850100
2022-01-25,503.3847961425781,515.9306230522288,496.5850660896686,504.282304657178,2418200
2022-01-26,495.0827331542969,523.7352160734937,487.541559347301,519.042722406313,2503100
2022-01-27,504.5846862792969,513.1502262414605,500.75070028936454,503.7944763354805,2485400
2022-01-28,521.7548828125,523.130411705808,493.80477996794224,507.45297878740774,1760600
2022-01-31,541.6660766601562,543.04166463079,519.0425907497391,522.7595125699656,2209400
2022-02-01,547.1294555664062,548.1244974144939,534.7982248508379,542.8076835374403,1706300
2022-02-02,548.5635375976562,551.0707621042027,540.8565627584173,549.0123216740768,1245500
2022-02-03,522.5060424804688,539.2663433314185,520.5451354521024,530.5837385378339,1372400
2022-02-04,530.72998046875,536.8370624535399,518.0573268606724,518.0573268606724,1504500
2022-02-07,531.9592895507812,542.3198469782311,529.2471740683878,531.1007824588091,1411600
2022-02-08,540.6906127929688,542.8076444078705,525.2570748106197,526.1058762301624,915500
2022-02-09,565.2457885742188,565.7921058822428,551.1975441619991,552.2706483064361,1670700
2022-02-10,543.9588012695312,561.8409717513052,538.8370544006781,548.8756568277478,1594200
2022-02-11,522.7205810546875,547.9781230233136,519.6572744926035,546.124514710176,1250400
2022-02-14,516.125732421875,525.1692930126065,511.34547111173197,523.0425557620194,1165400
2022-02-15,514.8867797851562,526.154610493344,503.1701650779852,524.6034267388641,2170300
2022-02-16,515.2477416992188,517.4622469246248,499.2093255977049,513.1209449569678,1318400
2022-02-17,484.0586853027344,513.052678818689,482.63436035063955,510.4966882292939,2145400
2022-02-18,469.4447326660156,486.4879576133988,467.0545720334689,485.5416526421039,2323300
2022-02-22,471.4445495605469,482.29289118318104,465.2204036150288,468.2056476308955,2282900
2022-02-23,455.591552734375,479.89302435544437,454.176963199289,479.89302435544437,1799500
2022-02-24,484.98553466796875,486.1269358742151,439.26053432896754,446.811443075721,2683700
2022-02-25,475.2785949707031,480.1076825404205,463.01566235926066,477.08340698019646,2846500
2022-02-28,462.7815856933594,472.6250929829292,452.06983574181584,467.14238902042734,2525400
2022-03-01,457.1329345703125,472.7225660654242,454.4696454440987,464.49851168684097,2176700
2022-03-02,474.12738037109375,477.3857830750714,456.5671070240162,460.57668848101184,2083000
2022-03-03,461.1523132324219,480.8295589203343,457.53292425283325,478.17600524457754,1640400
2022-03-04,453.5916442871094,463.03516225510054,449.69909664520884,459.3084747448534,1611900
2022-03-07,426.7049255371094,455.3379046346768,425.84641847152255,452.87947694218025,2312700
2022-03-08,431.4072265625,444.1286802370435,421.592985071262,427.71956951879486,2669000
2022-03-09,453.38671875,458.47919900790083,440.9579575272842,445.32852499239715,1950400
2022-03-10,441.3189697265625,448.90890956079875,432.5095663600128,448.90890956079875,1756200
2022-03-11,428.5877685546875,450.61614399323224,427.79755859296307,446.39193555305184,2303200
2022-03-14,414.2566833496094,434.4022168361281,412.6957639276189,429.17317101033075,2353900
2022-03-15,428.93896484375,430.704745620874,415.1444091281564,417.34917890475253,1953400
2022-03-16,446.7138671875,446.7138671875,427.29024882067205,434.12900971424045,2487400
2022-03-17,462.1766357421875,463.39609916103234,442.1579349763711,443.7188243348476,2680700
2022-03-18,468.1471252441406,471.5128561988015,456.4305111546134,464.0692467049111,3112900
2022-03-21,455.10382080078125,464.85952971398126,452.23563999853553,461.5133287020483,2044600
2022-03-22,464.36187744140625,467.0154308761469,454.5964352007327,455.0646900720047,1979900
2022-03-23,450.1673889160156,460.4499134061252,448.5186718947683,459.65970344588925,1718700
2022-03-24,454.25506591796875,455.80622001822826,441.9726323196124,452.82097555779524,1567200
2022-03-25,448.12841796875,457.58170066491294,441.75794233269494,456.09881411049946,1312200
2022-03-28,468.7617492675781,469.9421815487046,447.0065332707464,449.2893652720561,2085000
2022-03-29,473.5030212402344,478.1174817646297,464.17656693072934,476.2053713649388,1918000
2022-03-30,460.4206848144531,469.75687542999447,456.78179474501655,469.21055812359924,1747800
2022-03-31,469.09344482421875,476.9175116708378,462.00105605408595,466.00090215995556,2647900
2022-04-01,472.1080017089844,475.5810316077586,465.41559986347846,468.89839499796506,1316200
2022-04-04,493.2973937988281,495.3070673658257,473.151861723171,473.5225834092878,2326700
2022-04-05,483.931884765625,493.99001735959575,479.00526412086305,489.64874515085955,1632600
2022-04-06,478.234619140625,481.53205366052794,470.3032226849909,473.4152963456996,2041300
2022-04-07,482.9173278808594,486.27329393030163,472.40067548524047,472.78113262888434,1568200
2022-04-08,471.6925964355469,481.93065382579425,470.3933154640977,481.93065382579425,1717500
2022-04-11,462.4118957519531,467.5797727509954,454.01043980787045,467.32576588581,1595600
2022-04-12,450.9625549316406,473.30454951249243,450.52296198832215,468.81077375580986,1509700
2022-04-13,459.5592956542969,462.3141668715698,449.3798519765811,453.6294282785269,1477800
2022-04-14,454.3719482421875,458.44568818549055,449.26271281466103,456.90217890887465,1646100
2022-04-18,458.2112121582031,463.22277985585697,449.96606530752763,451.02111806929014,989300
2022-04-19,473.87109375,474.44746871799066,454.17652834475854,455.5344216188014,1184300
2022-04-20,470.8231506347656,481.0025656343709,470.12952105966707,476.3231448281343,1184600
2022-04-21,454.89947509765625,480.2796823683972,452.85773076280327,473.63665691866447,1426600
2022-04-22,433.0556640625,457.21469744405636,432.5574290166525,455.49535126591684,1699300
2022-04-25,436.61163330078125,437.1000897038599,423.58939871242944,431.39492249346256,2094000
2022-04-26,411.6222229003906,434.98996087260497,411.3877435506101,434.28658244929005,2218200
2022-04-27,408.59381103515625,418.91978730598004,406.5520666986392,411.4464097553279,1927900
2022-04-28,434.31585693359375,437.66669032133063,412.0520368440795,414.2012270045721,1791000
2022-04-29,409.082275390625,432.28395668143656,407.9881377166776,431.3754348428569,1898500
2022-05-02,417.15155029296875,418.0209871947592,403.6896929070634,410.38152183330146,1778700
2022-05-03,420.8931579589844,423.5308347624489,415.8327561995244,419.70132300665824,1324300
2022-05-04,437.57879638671875,437.99886173741294,408.5058617927834,422.02633142571227,1599300
2022-05-05,400.3974914550781,429.59743122115293,395.42500856324665,427.7608302698409,2110600
2022-05-06,386.5741271972656,397.1541087353691,381.78726079331125,396.8024046505709,1989700
2022-05-09,358.53680419921875,381.90454350034616,355.3715862077905,377.89919474571536,3485200
2022-05-10,362.6202392578125,374.6167264103381,356.0944693653041,372.85829541851604,2271000
2022-05-11,347.947021484375,367.7392531965583,346.33509162333957,358.38044232531,2563400
2022-05-12,345.7196960449219,347.26320520005123,331.5251239911449,334.6610356437715,3268000
2022-05-13,363.1770935058594,368.247273063759,352.28449249217977,353.74011276263036,1894200
2022-05-16,351.2881164550781,361.78015176919286,348.16201297103555,361.55548087592155,1554800
2022-05-17,363.2845458984375,365.1016191478447,350.92660535834597,360.5785082665002,1643100
2022-05-18,345.153076171875,360.3245315189058,343.77562547771527,355.7428078736911,1721100
2022-05-19,353.96478271484375,360.5980286185908,346.471878636151,347.3510941463755,2102900
2022-05-20,359.2890319824219,363.20646232587035,348.0447547500396,359.3281168468074,1921600
2022-05-23,362.79608154296875,363.4115413427439,354.61932663283875,362.5811595464284,1799400
2022-05-24,350.68243408203125,357.26681766016355,347.5269945997753,354.7268380910953,2877700
2022-05-25,379.4818420410156,386.4472062340854,355.10785235447685,364.1833818805895,5277100
2022-05-26,397.0368957519531,404.4418813310626,376.9417931886663,377.37163718671604,3508100
2022-05-27,412.72613525390625,413.06803088745346,401.2083248609464,401.5111654474107,2932400
2022-05-31,404.8913269042969,415.1879975922289,403.04497695894963,410.1275957414053,4297700
2022-06-01,398.94189453125,414.78742210099614,396.9782901687536,410.50853906135484,1598400
2022-06-02,417.0049743652344,417.3859846591362,399.04934253739816,399.90900073964076,1453400
2022-06-03,399.5085144042969,410.9676828385292,396.02092844039413,407.0795888491262,1519000
2022-06-06,399.528076171875,410.1666423169662,397.35932830733884,406.96236914722977,859900
2022-06-07,407.03076171875,409.0822848111525,393.8424373128979,394.78026536744727,1218100
2022-06-08,404.8913269042969,410.4792700879412,402.83980377712015,405.7510150576294,1335100
2022-06-09,391.3024597167969,404.8522670133185,390.8726156452683,400.0946760313095,1186300
2022-06-10,372.418701171875,384.3174919962612,370.09364392303826,381.3867535776629,2197200
2022-06-13,355.58642578125,364.37863962748946,353.40792965300693,359.78716806225816,2191200
2022-06-14,356.3581848144531,362.5420285897179,351.53223408006653,358.3413162432228,1401500
2022-06-15,369.80059814453125,377.8601291473957,359.963078601669,361.8387643891528,1830300
2022-06-16,351.3271484375,361.8484883632649,347.0189594928298,357.02253683683676,2106100
2022-06-17,361.1744079589844,366.4985944233443,354.1699601688132,354.6681654032992,2776200
2022-06-21,368.7161865234375,374.18690410037885,365.7561419674853,368.33520603877673,2019000
2022-06-22,372.04742431640625,382.1193917391242,362.98167576925636,363.1868190859813,1773500
2022-06-23,391.497802734375,392.21095980766114,372.0083805420439,378.36809237990167,2111700
2022-06-24,407.97833251953125,409.9907705703328,397.9258911210036,398.3557351525353,2632900
2022-06-27,395.37615966796875,410.3033864392376,393.5200312633463,405.77049662166246,1783800
2022-06-28,377.3717041015625,400.3096006191039,375.61324293963963,396.38242137293787,1631100
2022-06-29,380.66387939453125,383.487142137185,373.9036290939953,380.3903449784989,1066300
2022-06-30,376.5412902832031,380.5856939686321,367.49506777620337,378.74912285847,1670400
2022-07-01,379.3450012207031,382.0999024299792,369.3511726958249,373.66914032396056,1133800
2022-07-05,390.9801330566406,391.0973578498569,371.54931862951213,375.88681485663227,1590500
2022-07-06,395.56182861328125,399.1470824667087,387.5706877878859,394.0280681171527,1356400
2022-07-07,401.3548583984375,402.11684920363206,388.68429796185916,390.1496671882344,1585100
2022-07-08,398.0767517089844,401.00255394414245,389.67116222027704,393.77121524635214,1173100
2022-07-11,393.91802978515625,398.2040067931816,386.88237891809024,395.9631590694196,1019400
2022-07-12,377.5863037109375,397.28416629047274,372.94806955209845,396.4230529747099,1611300
2022-07-13,375.0812683105469,378.84862418831585,365.92221897869234,368.89693610424285,1255400
2022-07-14,371.7151184082031,375.1301871156275,362.81046710706477,372.4098680888452,1312400
2022-07-15,384.524169921875,385.97240894968485,374.4550907649171,379.70980615534404,1520700
2022-07-18,379.91522216796875,391.41297840872505,378.418068720053,387.54776330196273,1085600
2022-07-19,395.1900939941406,395.9044334205946,382.75295513418496,389.08406116917894,1358900
2022-07-20,411.4239807128906,413.37125073319254,397.17655062415764,399.5837320906421,1663600
2022-07-21,425.3681335449219,427.4915325658493,411.5512281361266,411.5512281361266,2076400
2022-07-22,425.4071960449219,436.4254812025642,419.95679288769037,427.3153463045732,1590300
2022-07-25,417.0505676269531,423.4305888404497,413.0092235834378,422.3444022260881,1026500
2022-07-26,405.3277282714844,415.3772461702272,400.62098939438846,414.76076592495224,1540000
2022-07-27,423.8610534667969,427.7360330024842,407.76418523181337,409.13412447549723,1758500
2022-07-28,438.9598693847656,440.48637762202264,421.7768419038962,425.5735525984627,1754000
2022-07-29,446.3771667480469,449.71393616764385,435.6817842329156,435.6817842329156,2178600
2022-08-01,438.8326416015625,446.7294054139607,434.9087468958647,439.15557402378346,1696800
2022-08-02,437.37469482421875,441.60196260484906,431.5524142099865,433.4801245269098,1064700
2022-08-03,455.7514953613281,456.8572418242533,440.54509250083225,441.7780529621387,1565400
2022-08-04,456.2896728515625,457.8161810958132,448.36358383812245,455.75149194507384,1421400
2022-08-05,458.921875,460.5462422764559,445.4474953576421,446.680455668522,933800
2022-08-08,456.7398376464844,466.1239607049228,453.87271473613185,461.2019434417651,1218800
2022-08-09,452.1505126953125,456.0744076553023,448.76476879487393,450.87840254682885,1067900
2022-08-10,467.82659912109375,469.2943978704022,464.2158118087996,467.53305131620886,1408700
2022-08-11,468.49200439453125,478.7665958664752,465.3117737008343,475.9190626464719,1259600
2022-08-12,476.212646484375,477.1324694551459,465.25307016079694,470.3218913813566,1178700
2022-08-15,478.72747802734375,479.7060105524891,473.3161943577876,474.78399314550563,830800
2022-08-16,477.6999816894531,480.29308680400146,470.7328351694434,472.52356634119445,1031500
2022-08-17,468.03204345703125,473.4531214127588,464.6854793113483,468.04183833718923,1422600
2022-08-18,467.5036315917969,470.39028414696827,461.94554507106903,467.0534852035834,1162100
2022-08-19,453.9900817871094,460.6538844969935,449.89979399425465,459.3524197884918,1509600
2022-08-22,436.54290771484375,447.62969750008983,435.4567509897575,446.9251529159328,1692800
2022-08-23,439.9090576171875,443.3143613848866,434.8402665573916,442.2673244683531,2339700
2022-08-24,455.7709655761719,477.32803033370243,455.3404089874997,469.3529982894383,3587400
2022-08-25,455.8493957519531,456.67135951291567,447.8645665366032,454.8219186539171,1701800
2022-08-26,438.8326416015625,457.8063995978076,438.2259562779226,456.92572639050974,1777600
2022-08-29,427.4230041503906,436.8071575455372,426.80655373085943,428.84188828707653,1796600
2022-08-30,423.9002990722656,434.29230964351717,418.96848681622595,430.55430825486377,1251000
2022-08-31,422.5107421875,431.80680050916607,420.63194673459464,429.6638120439131,1294300
2022-09-01,416.36553955078125,419.00758899701924,406.7367842407847,418.2149801356357,1994300
2022-09-02,411.0423583984375,424.66354389938664,409.0265838431341,423.45014329635796,1299800
2022-09-06,409.77020263671875,413.55711792564665,404.8481862765402,411.4728393123765,1391000
2022-09-07,425.9454040527344,429.3017632328298,410.01489675437995,412.24594957485175,1421900
2022-09-08,429.6148376464844,431.4055386505791,418.44978030446913,420.2991908587023,1131100
2022-09-09,440.36895751953125,442.8837930843906,431.84594823685933,431.8948629144099,1292200
2022-09-12,445.5943603515625,450.11517593261703,440.22222623413325,447.5122757787643,1250300
2022-09-13,420.09375,430.2509212772514,418.8314348192446,424.9374974142766,1697600
2022-09-14,427.462158203125,427.8731550161429,416.59067583933836,421.49310363870705,1475100
2022-09-15,413.0581359863281,427.550199987742,410.6509543869472,423.93941265744957,1468000
2022-09-16,413.91925048828125,415.27942500707314,405.1320178243629,409.7115726528808,2095700
2022-09-19,414.5943908691406,415.11301184154456,406.139856682286,406.36492988255134,1270000
2022-09-20,408.8503723144531,412.14802138392633,405.1906412099221,411.04227510812257,1271400
2022-09-21,399.9066162109375,418.7335999944227,399.73048754497773,413.0776838865703,1485800
2022-09-22,388.1935729980469,397.9201872665351,386.9606425028791,396.1294861465037,2261300
2022-09-23,385.512451171875,386.97045504449545,378.07559818101447,386.4224792321371,1680700
2022-09-26,387.3031005859375,396.1392467036031,384.66108110109246,385.89401158237825,1819200
2022-09-27,392.16644287109375,398.5464936161937,386.7453945488021,391.1194358353436,1624300
2022-09-28,400.5035705566406,403.15538523883964,390.24853932727075,395.3858348916006,1710600
2022-09-29,388.29150390625,396.10020450889095,385.6592489229796,392.5285666266945,1999000
2022-09-30,379.00518798828125,394.34856932505977,378.70184532394944,386.7845028900089,2001500
2022-10-03,388.2816467285156,390.95305094718583,379.67057350129693,380.9622434441115,1819000
2022-10-04,403.1651916503906,405.8170064084326,396.48179784020454,397.7147583668882,1788900
2022-10-05,404.7014465332031,408.47859740268643,392.186037720283,396.59919886148435,1200800
2022-10-06,403.25048828125,409.1131499582809,399.2309185210667,404.279876793028,1282700
2022-10-07,385.2507019042969,395.79961630994575,383.71152570345225,394.2702235791696,1414300
2022-10-10,380.0350341796875,387.1623956978281,372.2605874728189,385.2898637620542,1305300
2022-10-11,375.9566345214844,381.80951212324476,367.1822098529672,376.7801512294126,1786800
2022-10-12,380.44683837890625,391.9467240202356,375.5841545688185,378.89784878997335,2210700
2022-10-13,388.0153503417969,391.1623662670025,363.7313137690899,365.79990416761365,1731500
2022-10-14,372.6528015136719,395.1721660016911,372.1234170397035,394.46629011753055,1804400
2022-10-17,395.8191833496094,397.19174126719895,384.1036433789062,385.5153950115547,2311500
2022-10-18,400.6328430175781,411.7601776105897,393.63293555600796,407.69160088702,1704500
2022-10-19,394.1820068359375,404.12305993906944,391.9369247669812,400.7995821279862,1291800
2022-10-20,393.2799377441406,400.59357359024267,390.1623325077292,395.30933413946684,1399100
2022-10-21,408.9955139160156,410.3974521671192,388.054581130463,396.09369082905835,1488900
2022-10-24,409.5641784667969,412.8092387864122,397.2015523916123,411.7602234176531,1411900
2022-10-25,423.6031799316406,425.27965365845375,412.09351192989,412.5738892393398,1292000
2022-10-26,416.0641174316406,428.55416811613657,411.8484590476901,417.26015413459805,1355200
2022-10-27,413.7209167480469,423.2012172700568,411.8876084679588,421.78946577674395,998300
2022-10-28,423.31890869140625,424.31888698548454,408.44650914074737,413.72096605423957,1169600
2022-10-31,419.113037109375,422.34828367390134,415.4954274481849,419.17185759826714,1038500
2022-11-01,387.0251770019531,425.6228200951795,379.46644434590564,424.9757647433073,4241900
2022-11-02,377.47625732421875,400.96618779368185,377.270385603095,394.62311880316906,2702400
2022-11-03,357.8294372558594,375.1135680397855,357.1823818699082,368.4665826081211,3252100
2022-11-04,354.1039733886719,364.3685682240083,345.71191068702745,364.3685682240083,3187600
2022-11-07,362.8489990234375,363.2313621867972,350.4668052499735,356.4275118754026,1650000
2022-11-08,375.06451416015625,383.4271661890498,362.8685673203324,365.14305931721464,2668500
2022-11-09,361.319580078125,372.20182041736456,360.90783661383574,369.5744052490057,1446900
2022-11-10,395.3289794921875,395.8289835717888,380.38797678230105,389.55454870142086,3088200
2022-11-11,400.0347900390625,403.8582710871519,390.81921189475753,394.36818737833954,1720200
2022-11-14,389.8585205078125,395.6525789061609,383.36839960455814,392.2016167928633,1801700
2022-11-15,399.0348815917969,408.30931245417867,393.8976919226041,406.3681462441492,2076400
2022-11-16,385.9369812011719,399.113310829073,383.1624848280542,399.03486355525416,1260100
2022-11-17,374.3880920410156,380.86839939554693,370.60380389286007,377.0547309180125,2049800
2022-11-18,372.613525390625,381.7898799364736,362.6822581007304,380.8487222720216,2046100
2022-11-21,367.6430358886719,372.93708962169535,364.85875622047234,369.18224191278716,1429400
2022-11-22,384.5350036621094,386.2702679529337,367.6430215288074,372.5351150945804,2298700
2022-11-23,388.083984375,392.25060533789684,382.40756767414746,382.76052053705024,1488700
2022-11-25,384.770263671875,388.06433059580104,383.7996957244439,387.1035760357546,861800
2022-11-28,378.07427978515625,390.87805787717446,375.9566524698742,386.6428032466103,1690700
2022-11-29,372.2605895996094,377.7801413214197,370.02532134497386,374.1429349335012,1716300
2022-11-30,399.5936584472656,403.41713999249544,366.66265021721847,368.1234089555439,4902300
2022-12-01,407.90728759765625,410.01510157902567,397.0544585500927,399.8877750968512,1943100
2022-12-02,399.91717529296875,401.1426519860969,392.3094064079925,393.98585014690974,1876000
2022-12-05,387.3879089355469,396.2701617549872,385.46633990860187,393.2897940126535,1499000
2022-12-06,382.1330261230469,387.7309950303772,377.6036692542143,387.6918013195271,1209800
2022-12-07,381.0252380371094,386.45655955442993,377.8292149096423,380.4468165817737,968600
2022-12-08,397.4073486328125,398.74068275602394,381.81929197694996,383.9173223159173,1525700
2022-12-09,391.9859313964844,397.8682205377812,391.44673352608004,396.26041039697236,1061300
2022-12-12,402.7210388183594,402.9171270505794,390.5152793748215,392.8682184860073,1810500
2022-12-13,419.9855651855469,433.3089436436618,413.92678593072964,423.63255494908697,3247700
2022-12-14,410.7013854980469,425.720805670415,407.98570989679683,418.16207352279247,1631400
2022-12-15,388.7506408691406,407.0151513976861,386.50555905395703,402.87794063414435,1741300
2022-12-16,377.4272155761719,386.26043102358426,373.08410354153983,385.0251708913615,3565600
2022-12-19,375.995849609375,381.1134415215668,370.0939645742407,381.1134415215668,1535400
2022-12-20,379.4859924316406,382.4075395687536,373.34882564453,374.378214074514,1320100
2022-12-21,385.61346435546875,388.61345944295454,376.72142637862396,381.7899822698683,1330100
2022-12-22,376.4173889160156,380.1428256589913,369.36844540970685,377.78991666769815,1312600
2022-12-23,376.9468078613281,377.8683687047039,371.07433327078854,375.79977846020677,705200
2022-12-27,375.5938720703125,377.7801331784528,370.05472361192176,375.91741465955107,823300
2022-12-28,369.1136474609375,380.878225866067,367.4666136647482,377.7998134890005,843600
2022-12-29,383.20172119140625,384.28996023998536,370.1528455109453,372.9175285869359,1004600
2022-12-30,381.58404541015625,381.79973051248345,375.1723427490353,378.4370295288573,948900
2023-01-03,383.5055847167969,396.51526490193186,377.6625200133797,388.9173091342436,1874000
2023-01-04,383.8879699707031,391.8780727714124,379.99585443353163,389.78004211602564,1209700
2023-01-05,368.2508544921875,379.8683799969089,367.6430228148189,378.7703576224539,1263800
2023-01-06,378.9369812011719,381.7016637344906,363.3489240255888,372.78018764064626,1312700
2023-01-09,388.36773681640625,395.539011203636,381.3143712786875,384.20252351468787,1331600
2023-01-10,381.8251647949219,387.99440842464765,378.730724738082,380.74455859016507,1069900
2023-01-11,388.3382568359375,388.84907525285155,377.512617842868,381.43224006840995,1587300
2023-01-12,389.7037658691406,391.24605438703395,379.2219300064981,391.24605438703395,1099000
2023-01-13,386.2752685546875,387.670238367432,379.6443127819321,383.12188909253257,1311100
2023-01-17,383.3183898925781,388.31861833891696,379.9292225862294,385.0866328475809,1658700
2023-01-18,379.2611999511719,394.2422479205321,378.83879071167337,385.18485247365254,1603200
2023-01-19,371.9229736328125,382.1100823448171,371.549670559035,376.38291407423986,1082000
2023-01-20,391.04962158203125,393.2501072186855,375.8033140155888,376.51061725299456,1702000
2023-01-23,402.7691650390625,403.27018017921506,392.0810419115715,393.6626632464822,2211800
2023-01-24,394.4681701660156,402.7691562313089,391.70773029848675,402.7691562313089,1189600
2023-01-25,394.81201171875,396.8258755294963,378.69141789804394,387.3460407200626,1131900
2023-01-26,405.274169921875,405.932366852662,394.98881983254023,402.7200480491657,1282600
2023-01-27,415.1666259765625,421.13941526773255,400.0873341391067,401.11883422012505,1724800
2023-01-30,409.10546875,413.1135003749592,404.9696950386641,408.8009383314565,1543400
2023-01-31,415.2157287597656,415.46131971462927,407.77922745144735,409.1054246035839,1174600
2023-02-01,427.86859130859375,430.2360919419434,408.67322198916105,412.9366777839535,1521700
2023-02-02,444.1856384277344,449.8637002357223,434.2932273430454,436.13024293101716,1917600
2023-02-03,416.2865295410156,433.1340641745119,414.25302910382214,432.98671558762106,1843200
2023-02-06,407.671142578125,410.8834913815373,405.42155106783633,410.28423387601794,1337900
2023-02-07,420.1275634765625,422.2985792040491,401.8064535791007,405.46084832250943,1400700
2023-02-08,414.3020935058594,423.0549584364659,410.33336539564147,419.1255032925454,1055000
2023-02-09,412.3373718261719,424.37132837639274,410.9129623037641,423.0451612298596,1098500
2023-02-10,406.2270812988281,408.77140002795534,401.68856518852743,407.6809905637715,998400
2023-02-13,410.7164306640625,411.82650642805334,406.6101576438123,408.6436576727498,1028900
2023-02-14,414.528076171875,418.70312254634234,404.9991348078151,409.0857720330529,878500
2023-02-15,413.8109436035156,415.726565126014,407.13088133417807,410.91298819845906,865200
2023-02-16,401.1580810546875,409.2331129732179,399.3800049126433,401.9538233416253,1281600
2023-02-17,397.2483215332031,399.3407614519375,389.8707589977928,399.2425190653581,1626100
2023-02-21,389.27154541015625,393.1027587896557,386.7468628831312,389.35995456744837,1331700
2023-02-22,399.2130432128906,400.8928770739258,390.7745409784468,393.46620844902986,1688000
2023-02-23,404.61602783203125,408.89911983320036,396.91429883608856,403.5845278006441,2476100
2023-02-24,412.4061279296875,422.4065838173193,396.9830048968758,397.847489802882,4044700
2023-02-27,405.3429870605469,415.0978533790038,404.7732291902566,413.9485044060394,2166400
2023-02-28,399.9989318847656,405.794872989857,398.2208555962088,402.76920532129196,2218800
2023-03-01,394.193115234375,399.21300989259476,389.4286747395085,397.8573430381369,1651100
2023-03-02,393.30902099609375,395.78459715518346,386.9236557897767,391.82564194707516,1516400
2023-03-03,401.31524658203125,403.4764589219216,393.0339269885054,394.5074726804224,1550900
2023-03-06,405.431396484375,412.3079437794495,399.5470463209873,401.37422878358234,1459200
2023-03-07,402.07171630859375,410.8245819782842,401.23670102412996,405.79485378669494,1261400
2023-03-08,409.3215637207031,410.8049127668988,400.8044558431159,400.96163765861746,1448800
2023-03-09,397.44476318359375,417.19028305837287,396.6195811264769,411.4139786791884,1723800
2023-03-10,385.68585205078125,397.49388457044813,381.9627146898685,396.31503597309074,2855200
2023-03-13,384.6543273925781,390.80393373868384,377.27676642332744,385.4893425321889,2394700
2023-03-14,401.09918212890625,401.9243942150395,391.9141033325131,393.5644675460435,2236600
2023-03-15,399.1540832519531,401.07950798696777,394.5467944372156,397.1500526211782,1852700
2023-03-16,410.775390625,412.867830181479,394.13414652210105,398.24044972701944,1965700
2023-03-17,406.39410400390625,410.77543838606425,401.31526970224854,409.4787109074241,3124300
2023-03-20,404.57672119140625,406.4825094437049,398.60396222149586,404.8910848159714,1520000
2023-03-21,414.5870056152344,415.2353693399944,403.9381853048175,407.03262537075386,1439600
2023-03-22,406.9049072265625,420.68747034538995,406.7084524512731,413.30993848415926,1558500
2023-03-23,424.8625183105469,427.2987913732325,408.2507425405898,411.787258283403,2737900
2023-03-24,421.9940185546875,424.381155358532,414.9701234838623,421.15900334109546,1659700
2023-03-27,419.41046142578125,423.91950829655684,415.7757028691736,422.07265929933425,1677000
2023-03-28,411.9346008300781,420.18648076896585,409.59660015871503,419.41040496941497,1322300
2023-03-29,425.64837646484375,426.57180074227216,416.5320425173603,419.5380730445258,1320100
2023-03-30,432.32855224609375,434.60764383196505,429.705657257171,431.965082377015,1515700
2023-03-31,437.96722412109375,440.138269626697,433.71360220993193,434.8236780609838,1700900
2023-04-03,432.8982849121094,435.19701269141535,428.46781441721583,435.19701269141535,1234100
2023-04-04,432.05340576171875,438.85137621706554,429.40101160032714,432.38740584481735,1120000
2023-04-05,431.4050598144531,432.2891812448112,424.25345249922674,431.8766052343474,1494700
2023-04-06,439.66180419921875,440.8230489333838,425.49057003320445,426.9372156029555,1673600
2023-04-10,437.6541748046875,438.8744637534679,429.0136749171361,434.27867873978215,1165900
2023-04-11,430.5489196777344,436.5618284602761,427.48834634441135,434.8298120856434,1267300
2023-04-12,428.1772155761719,437.47708444933517,427.5375488886343,436.4240775758462,981600
2023-04-13,434.7903747558594,436.48304803048546,431.22789531376026,432.4875570507352,970600
2023-04-14,434.6034851074219,436.6406039137491,429.3089583699158,432.03496750765294,1328700
2023-04-17,433.0977783203125,436.857092776568,429.0333915946828,436.857092776568,993100
2023-04-18,435.5580139160156,438.56939345517594,432.60567867897953,437.9297268270262,878400
2023-04-19,438.4119567871094,438.5398961265224,430.05685720384474,430.539062376055,802700
2023-04-20,440.2915954589844,443.95249240783795,432.8910858348611,432.8910858348611,1103700
2023-04-21,439.3074951171875,445.51723808215763,436.2272204228026,441.5119259393332,1280600
2023-04-24,435.2923889160156,443.0767177580302,432.6156033091948,442.91925624789815,1177100
2023-04-25,413.1595764160156,431.6116696574946,412.1951662301915,430.0075929125066,2269100
2023-04-26,407.12701416015625,415.79703566113113,406.3790796726498,411.6736053179872,1947900
2023-04-27,422.3414001464844,423.55186840477614,407.75685687571934,410.2368076616875,1479300
2023-04-28,436.8964538574219,455.15171607840165,418.0408678101191,421.91827077781454,2538000
2023-05-01,435.47930908203125,439.6420826494301,432.9796567763334,434.7707474061133,1419200
2023-05-02,429.525390625,438.29382960764065,423.96516544301767,438.0084288011959,1213500
2023-05-03,422.8236389160156,433.95394123601994,421.39669479171556,433.20603667248054,1274800
2023-05-04,415.7380065917969,425.87434525728173,414.616104819441,425.7661073841805,1283800
2023-05-05,419.1824645996094,432.2711405062357,418.4246792359543,421.0817933079273,1800100
2023-05-08,420.1074523925781,420.97344544948726,409.95141257698117,415.7182926459146,1359600
2023-05-09,420.88494873046875,423.67982278008077,416.0923288269958,417.6964359474639,783700
2023-05-10,424.66387939453125,429.3777829512794,420.14681019523266,426.10070413195916,1425100
2023-05-11,418.1392822265625,426.08104172473696,416.9189631574106,425.4610464779284,1573300
2023-05-12,420.8258361816406,423.17787753704886,417.6471746430482,419.6153980235583,1224200
2023-05-15,419.4382629394531,420.48141899775845,403.9483535169847,406.4381550573108,2088000
2023-05-16,414.71453857421875,423.24677067783716,412.42154136511743,415.4427716629717,1574100
2023-05-17,424.99847412109375,425.9727651487419,413.4745342582054,416.5941816333465,1280900
2023-05-18,440.5475158691406,441.5808213020612,425.45124364286346,426.6715327305351,1770900
2023-05-19,438.9433898925781,443.1160143610702,437.75262301033564,442.3779305027638,1234400
2023-05-22,446.89495849609375,448.1644710233203,438.40209958485883,442.4664557586445,1948500
2023-05-23,442.6534729003906,453.4295090570991,442.6534729003906,448.341637868046,2658600
2023-05-24,409.311767578125,418.96590133224106,406.79241389694033,414.31104199637434,6664400
2023-05-25,406.53656005859375,414.31103668824517,401.0649012640923,411.8507573729943,4119800
2023-05-26,411.7818908691406,421.19984794816816,406.54640891576656,407.18610560820986,3287100
2023-05-30,399.637939453125,420.57983642279856,399.16555499839586,417.62750115433306,3400700
2023-05-31,412.4609375,413.57298865187624,393.8612302750833,394.4221812153108,6180600
2023-06-01,415.4132385253906,419.23159684176466,409.64635820519135,410.9552135912689,1910500
2023-06-02,423.6502380371094,425.736550045305,416.5252789073758,416.5252789073758,1702000
2023-06-05,435.8040466308594,437.71322584102603,423.138533130335,423.61091758521485,2201400
2023-06-06,441.3642578125,450.84125852685736,438.9827242569754,439.5239736924929,1839600
2023-06-07,415.6494445800781,445.73374945224526,414.7440785442513,441.0001741065674,2429900
2023-06-08,416.633544921875,420.7077820691922,412.63805353454796,414.6850228363823,1612300
2023-06-09,424.6934509277344,425.1855068458677,413.5729991910066,416.09232308923214,1696600
2023-06-12,439.031982421875,439.83896136272625,427.67532303853676,428.3838847858945,1937200
2023-06-13,440.4392395019531,444.80869844959676,434.9774308337535,444.4741040298037,1324400
2023-06-14,439.13031005859375,446.16670248405853,433.4618172357712,440.8525054790147,1709100
2023-06-15,449.0600280761719,451.8647525566993,434.03265253785304,435.1643750383586,1658300
2023-06-16,447.8004150390625,454.35460358059817,443.0373172769165,453.94126338815806,2619600
2023-06-20,447.89874267578125,453.67547328965986,443.95244532585485,447.0917639102369,1395000
2023-06-21,443.3718566894531,448.2825646136127,442.1515677542407,447.47561581955324,1106500
2023-06-22,443.6769714355469,444.58236752864616,438.56942866283237,441.62018132588736,1034800
2023-06-23,445.49761962890625,449.82770599417614,435.7056941841098,436.80789470988265,1489900
2023-06-26,446.0978698730469,455.07299477579596,444.4839421273967,444.4839421273967,1418200
2023-06-27,451.73681640625,453.4885341238391,446.0978452544294,448.6467211213827,1253800
2023-06-28,452.3272705078125,452.6028205855694,445.32039993110266,451.8647368023591,1495400
2023-06-29,448.5778503417969,453.6263487086931,446.1766151340228,453.4196636060103,1133100
2023-06-30,450.91015625,454.63994811816303,446.9441871769571,449.5225551059176,1967100
2023-07-03,444.3953552246094,447.75117993431445,441.86618079040915,445.54674916692744,1454500
2023-07-05,450.56573486328125,450.9888957218757,439.90781747396886,440.8820785281067,1360700
2023-07-06,444.32647705078125,446.6489664796876,437.1326222059091,443.24394806582126,1156700
2023-07-07,441.83233642578125,450.9314178356977,441.4774274547059,444.3363144347307,847800
2023-07-10,457.7434387207031,459.97139011642577,440.66914679189483,441.14231870979376,2217700
2023-07-11,457.12237548828125,460.25725961103484,449.09782786126544,459.04469646860395,1176500
2023-07-12,470.0759582519531,471.64340028259477,462.57392154384905,465.56093939180437,1681500
2023-07-13,474.52197265625,476.74989370610405,471.8602605913687,473.3389828308181,1477600
2023-07-14,477.1244812011719,479.5791804375765,471.6433534833462,472.2052751229178,1158100
2023-07-17,483.857666015625,485.750413735431,473.6643437793597,475.1134928545311,1330500
2023-07-18,488.4021911621094,490.63014210956317,481.57050220983416,483.8378640860603,1242700
2023-07-19,493.45947265625,500.8826571792983,491.1822427883809,496.7225173616271,2003800
2023-07-20,484.80401611328125,496.24934193879193,483.96606749046606,491.06394630354873,1277000
2023-07-21,485.53350830078125,494.81989721865597,484.95188116236943,489.8119410445335,4574000
2023-07-24,481.5705871582031,491.49775059691643,479.02719790852814,489.5458262299446,1251600
2023-07-25,489.427490234375,492.74968140051146,481.85643955440645,481.85643955440645,1122700
2023-07-26,489.81195068359375,491.6948606524628,484.9223174637506,485.71098739255217,1760900
2023-07-27,489.4866638183594,498.62515697504773,487.77135554495266,496.97886296393926,1620300
2023-07-28,504.5794982910156,505.9398975912781,494.3763079886046,494.3763079886046,1867100
2023-07-31,504.4414978027344,506.8468885723701,501.34602456725696,504.2936014995659,1531100
2023-08-01,501.28680419921875,503.3175801929369,495.6972212868183,503.3175801929369,1495700
2023-08-02,490.98504638671875,496.19014729850215,485.82925426547035,494.65227862579434,1170300
2023-08-03,489.9302673339844,493.2228852714135,483.99564277544806,488.3135165645802,911200
2023-08-04,489.9302673339844,501.6515900734396,489.2303171404422,496.09161005028454,1179000
2023-08-07,498.09283447265625,498.75331359294677,492.73983682519304,493.2524798155251,784200
2023-08-08,493.7059326171875,494.3368685618289,484.1632520895988,492.70041230068216,987100
2023-08-09,489.6542663574219,496.0127543271213,487.0812738585761,494.1692853021664,1081600
2023-08-10,494.3565979003906,503.50495894668563,491.2709924573688,496.85070838791887,1012700
2023-08-11,490.7090148925781,496.65347684508635,489.2007194743202,490.748455907704,1005500
2023-08-14,498.6251220703125,499.512379472762,488.22478779181006,490.4921498355171,1453200
2023-08-15,490.1274108886719,498.98003890934734,488.7571439164072,495.22408680669815,1136700
2023-08-16,488.619140625,496.9394206423021,488.46140663359586,490.05842193012415,1056300
2023-08-17,479.5496520996094,489.76267963877706,478.2680747270087,488.8163057940882,1098600
2023-08-18,479.06658935546875,481.83672675394456,470.98292541230904,473.1024213815962,954400
2023-08-21,481.333984375,483.04929264423004,475.0444806082463,480.8509146247716,1206100
2023-08-22,480.9790344238281,487.41640385802685,479.06655130695924,483.2266909622014,898700
2023-08-23,493.7552185058594,495.98316972633523,482.3296278384786,482.3296278384786,1458600
2023-08-24,491.4287109375,501.3361383116951,489.4078024951003,497.26474818428875,2217600
2023-08-25,511.6872253417969,514.4179519412035,487.22915943282095,487.22915943282095,2457300
2023-08-28,511.509765625,515.2558501618796,506.541280255289,511.6872050843433,1307800
2023-08-29,528.8798217773438,529.8459011172982,509.30155246304327,510.50421774997704,1570200
2023-08-30,532.911865234375,535.2975205781098,528.6728729616451,530.0727133503559,1688000
2023-08-31,534.1243896484375,537.269141710361,527.0068346707459,532.9118565277663,1776200
2023-09-01,541.8038330078125,542.0502867273701,532.793530749502,537.594444392936,1336500
2023-09-05,542.7699584960938,547.1272432980002,537.8014131296435,540.8574752749082,1372200
2023-09-06,543.1347045898438,545.7668133965184,537.8704268071309,541.6263789854154,1237000
2023-09-07,545.7568969726562,549.5523199150819,540.1476085595929,542.0206806786452,1209700
2023-09-08,542.7501831054688,550.7155833787447,541.9714110899001,544.4753589712171,1245000
2023-09-11,541.5081176757812,545.8358595685054,540.2068347751064,543.3910578474981,1242500
2023-09-12,538.2548828125,539.9504553935467,532.3498617655192,535.2974384014424,1312600
2023-09-13,534.262451171875,537.9099787049848,531.2162563479897,536.5199458604276,1136200
2023-09-14,539.8320922851562,541.7248997842224,530.3288845411801,537.3872911438868,973400
2023-09-15,530.4473266601562,540.3744904553658,529.3924974403158,540.3646226787384,2445500
2023-09-18,527.4207153320312,530.792184650312,526.1785792228351,528.7121301407736,886900
2023-09-19,521.6834106445312,523.3100293637127,518.6668193341013,522.6100790951532,1026400
2023-09-20,516.162841796875,523.8817290197742,515.9853421686415,523.5662610364427,945300
2023-09-21,497.2154541015625,513.9743073274818,496.2197714298652,512.2097203252539,1729200
2023-09-22,501.3558654785156,504.87523171329497,493.55806640495194,496.8506843937487,1233800
2023-09-25,501.0995788574219,503.9485984127709,497.1957602035504,499.02936151146383,1279200
2023-09-26,496.0521545410156,501.65157541767854,493.0947101235933,500.34045496321403,1233600
2023-09-27,501.03057861328125,504.17533069833166,495.8353446774628,500.37993713864824,1260200
2023-09-28,504.97381591796875,510.32678361703745,494.07070550550156,497.3041771816001,1262700
2023-09-29,503.6922302246094,516.6852624269952,500.78406445044925,514.6249431329561,1499600
2023-10-02,510.45489501953125,510.9182592668787,501.7008848046948,503.58376461150476,1621600
2023-10-03,500.2813415527344,511.11540727296585,497.2253094357763,504.03729380437346,1741600
2023-10-04,510.1197509765625,512.5251415090472,501.45443041146126,506.05819879096117,1561000
2023-10-05,509.863037109375,513.5959390331301,504.19460998740857,509.5667894029348,1118700
2023-10-06,526.6510009765625,527.9940305342378,504.90554903395866,505.61657354599157,1766700
2023-10-09,528.2409057617188,528.8729409350469,519.6889020837029,521.1800855843838,1047700
2023-10-10,533.3760986328125,538.4619144931662,524.0439055985772,525.5153794732698,1369300
2023-10-11,534.8277587890625,537.8199503092089,530.067845880143,534.8968932828201,884200
2023-10-12,536.6349487304688,543.261312756215,533.8797550651796,538.2940561844896,1520700
2023-10-13,526.4041748046875,538.8273502419976,523.688460492965,536.6349968004963,1627000
2023-10-16,534.1563720703125,536.7239325505698,527.8064848315898,533.1095899946134,1063900
2023-10-17,532.0628051757812,539.2618956171256,526.4140877644544,529.2877809046513,1396100
2023-10-18,520.8443603515625,530.4530923061868,519.0174493850742,528.6261210654997,1143100
2023-10-19,515.0178833007812,527.4311720006343,513.4180857379544,523.8859043927708,1328300
2023-10-20,500.4913330078125,515.0376671280889,498.47675831332407,513.803251529988,1873300
2023-10-23,497.7459716796875,506.7127529232576,492.2651787238871,498.70387934649045,1523300
2023-10-24,499.5136413574219,506.74238569402104,493.223064847316,500.17527118276183,958900
2023-10-25,477.0078125,494.35876540254213,476.2671631401691,494.16124685174736,2459400
2023-10-26,473.472412109375,480.8492802006809,467.6558319196741,476.9781400069685,1584400
2023-10-27,473.5415344238281,476.4942768480832,467.9817522233746,473.66006362919876,1563800
2023-10-30,481.4220886230469,483.58478718598303,475.7832865464859,477.65959224908397,1410200
2023-10-31,488.7792053222656,490.4086278611479,479.3976469102229,482.92311490402676,1071900
2023-11-01,483.07122802734375,487.3571149440174,475.93135806404996,486.5473311587726,2041200
2023-11-02,494.11187744140625,497.7163649298474,484.2365527404172,492.6898282734959,1509200
2023-11-03,492.2947998046875,496.6893010223738,483.4464875604695,486.734987419001,2419600
2023-11-06,494.2599792480469,494.37847831723957,488.1866608551358,492.8576699427043,1475500
2023-11-07,507.5028076171875,510.8802122116146,500.64935969794135,501.8442656011826,1409200
2023-11-08,515.8671875,517.7039833251331,508.905096032728,514.7117914518286,1428400
2023-11-09,508.12493896484375,520.696268382222,507.56203822010747,512.1738582846486,1384000
2023-11-10,522.2960815429688,523.4712476360291,509.8136562018267,513.0527917529918,1147800
2023-11-13,525.5450439453125,527.7669920928396,516.7955203724139,519.0767180595737,1177100
2023-11-14,548.5941162109375,551.0332927433893,534.6501610520353,534.6501610520353,2005700
2023-11-15,548.6137084960938,559.9605060032167,547.7644451277789,552.0207072110684,1711300
2023-11-16,550.0062866210938,553.4922453121163,545.7895031850439,550.2630547376972,1198400
2023-11-17,553.1760864257812,554.1932736627604,547.1126836953715,549.7000135919446,1127100
2023-11-20,557.4619750976562,558.5384118093641,551.8725688830414,556.9682089549657,1008800
2023-11-21,555.1709594726562,557.8570789532699,553.0181460655187,553.1070505024963,1001000
2023-11-22,557.1953735351562,564.6907707938437,556.4646092203774,560.908504914869,899300
2023-11-24,557.0374755859375,557.8768541179504,553.0675755692423,555.4771573281307,607300
2023-11-27,554.2328491210938,559.2199364963524,552.030670920194,554.9043639923502,1633600
2023-11-28,558.02490234375,560.0789864720683,550.9936769584733,552.6230691425405,1745500
2023-11-29,570.0332641601562,591.5318621438425,568.7198895665022,575.7214599909189,2489600
2023-11-30,564.3352661132812,574.9018141827945,558.6371850884592,570.19132579561,1941100
2023-12-01,567.15966796875,569.490230183776,557.412727095842,564.2760899692398,1334000
2023-12-04,563.3576049804688,564.0587747151458,553.6896840424077,561.5306940668556,1335800
2023-12-05,564.6513061523438,565.1351873857999,556.3658948278119,558.2915950679326,988900
2023-12-06,559.1705322265625,569.0359726818157,558.647171321647,568.2262490383013,1109500
2023-12-07,564.3648681640625,565.8560516963479,557.8274086540088,563.1205677258855,898900
2023-12-08,566.7448120117188,567.465691304164,557.3533701794039,559.1012613668304,1195200
2023-12-11,579.3458251953125,581.7159274492657,569.8062871852695,570.1223048374103,1617300
2023-12-12,586.77197265625,587.4533723982007,576.2646138402123,580.9356829071701,1252000
2023-12-13,602.612060546875,602.8194640731094,586.3079494039257,590.5938067524946,1606600
2023-12-14,593.6847534179688,609.9099044030594,588.529862940093,607.0263265143725,2546800
2023-12-15,600.9234008789062,604.2414955560043,594.593283909275,594.593283909275,3455500
2023-12-18,610.7197875976562,612.5565837949528,602.138126766046,602.7701621051827,1538700
2023-12-19,613.7119750976562,614.4526244798357,607.0461306580416,607.8064897039559,1252100
2023-12-20,608.0335693359375,620.002456682983,607.8261658422214,611.3022990272245,1536500
2023-12-21,613.2477416992188,615.8449567596965,610.4727780378278,612.2700942570988,1000900
2023-12-22,616.2894897460938,617.3560418530773,609.9791418349023,615.0649589404719,820800
2023-12-26,617.0596313476562,620.4962852828049,614.9660673617669,617.3756489666468,638300
2023-12-27,621.2763671875,621.94788197419,614.50190951447,616.2103212471636,734400
2023-12-28,620.1901245117188,623.2020863127015,619.3605707652073,622.876183740051,680700
2023-12-29,617.2374267578125,622.9651028257705,614.6994611670488,620.1901390944865,724700
2024-01-02,596.2325439453125,615.2919063306787,592.1540304996444,614.4920075345703,1666700
2024-01-03,583.7699584960938,590.9196839315251,582.0614863373743,590.1099000736174,1439400
2024-01-04,579.5037841796875,587.0979109298407,578.5063667877567,583.2465103672596,956700
2024-01-05,581.6764526367188,584.7871440621747,578.8422389877857,579.503868931734,838900
2024-01-08,590.9196166992188,593.0625450374819,584.5401359732574,585.7054169218029,1689700
2024-01-09,598.53515625,600.0780251382363,583.6603161899528,584.6592361149317,1271100
2024-01-10,602.0164794921875,606.6252860812116,596.3988531973941,596.4977310503172,1292400
2024-01-11,602.0264892578125,608.910031005648,593.9165117928908,604.4594402417886,1315200
2024-01-12,605.0823364257812,607.248292327161,599.4251718190616,605.280152470173,802400
2024-01-16,597.199951171875,606.2297084146378,594.61856314778,601.0768925896309,1433100
2024-01-17,593.2537841796875,595.2318241824186,586.7756548787511,593.9658496054753,1540000
2024-01-18,604.6471557617188,605.3988204995933,595.1921284923618,596.7745964576189,1147700
2024-01-19,615.3484497070312,617.2968504757727,604.2615138954351,608.1286158580434,1334400
2024-01-22,623.6858520507812,625.4957754494892,619.1264845990781,619.6704334949778,954400
2024-01-23,628.8387451171875,629.6991877447365,617.2869979991215,623.6661894928421,853500
2024-01-24,629.1947021484375,637.6508106157017,627.829849793442,634.7035504927338,1017300
2024-01-25,634.4464721679688,642.3388329739697,630.0750203805967,642.3388329739697,1043400
2024-01-26,634.31787109375,639.1047545930606,632.6860242654562,635.74206234962,770900
2024-01-29,645.7113647460938,646.8388620028144,635.0398609697343,635.9398425844922,869200
2024-01-30,640.6080322265625,644.9795442722508,639.0355241651664,640.7762090963917,1114600
2024-01-31,624.3980102539062,635.4750462692784,619.3342327094487,634.7827201998821,1208500
2024-02-01,625.9111938476562,627.9090335999956,616.3572870382834,624.5859408284739,1034100
2024-02-02,632.5574340820312,635.4750551807658,621.3221209055312,621.3221209055312,1287300
2024-02-05,633.566162109375,634.8123369171358,622.3705092854959,631.6672606887331,1007900
2024-02-06,628.324462890625,638.7586129628581,624.0222495644189,637.512498332679,908600
2024-02-07,636.1079711914062,642.1805684283464,629.9859350278765,633.5068437839055,970400
2024-02-08,645.8992309570312,647.0563673335723,636.107909837113,639.3321243576311,1005700
2024-02-09,650.933349609375,655.5521162803735,647.5014793270789,650.3103225710372,1005100
2024-02-12,649.7762451171875,652.4762504210656,644.7322672245599,648.5201703907724,1279100
2024-02-13,631.2816162109375,639.3026150779042,621.7969472816767,627.56295135147,1785100
2024-02-14,649.9147338867188,650.4290436165393,635.9299762449909,635.9299762449909,1285400
2024-02-15,656.9862060546875,657.5301549580761,649.7861117920563,655.3839381884527,1438000
2024-02-16,648.5399169921875,655.7202113175008,643.9706497606219,655.6806722518328,1336800
2024-02-20,638.81787109375,648.2432605133503,634.0112484606958,643.5652153073727,1470600
2024-02-21,631.2617797851562,636.7706281241162,623.5968752093031,633.4672749463157,1144700
2024-02-22,650.6961059570312,652.1400970758552,642.3883730976961,642.942221954985,1975600
2024-02-23,652.5653076171875,660.902739277873,639.0553204843964,645.5927284355458,1740400
2024-02-26,656.5510864257812,660.952177288403,644.3070135664376,651.8037419670109,1579400
2024-02-27,662.0104370117188,663.3653896322535,654.0686375100072,657.6983241410388,1059200
2024-02-28,651.92236328125,658.42023159256,649.0542416470028,654.6323286491759,1059700
2024-02-29,655.611572265625,660.2401792570696,652.7532895857483,654.2566195088666,1934100
2024-03-01,659.20166015625,659.7851481787987,649.0147053938626,651.8136490253046,1003900
2024-03-04,661.0708618164062,663.6423501527854,653.3466176784044,657.04560335385,896700
2024-03-05,632.7057495117188,658.2126141157806,624.6650120287815,657.3620110327032,1382000
2024-03-06,643.1399536132812,643.8322193202537,633.2694929798507,638.6794637615542,1070900
2024-03-07,642.2102661132812,649.7861326671922,639.460761569114,648.7971126783533,903200
2024-03-08,644.573974609375,649.9839453095835,634.8321519166909,637.0772465963101,1054500
2024-03-11,643.7234497070312,645.9882838007425,631.5980547142124,642.0223642633686,1045700
2024-03-12,655.3641967773438,659.1422602452561,640.5189976100585,648.5300350911112,1097300
2024-03-13,647.8773803710938,654.2862110670651,646.5026279949536,652.7532420413305,954900
2024-03-14,642.9025268554688,652.7531875997335,638.4717366564367,652.7531875997335,1129100
2024-03-15,618.6517944335938,641.8739641431154,614.2209438948604,638.4024943704762,3145800
2024-03-18,623.4683227539062,629.7584753701235,622.0540314193315,623.270506683933,1811000
2024-03-19,627.5826416015625,628.3640060509366,618.7210608561892,624.5661426136398,1675700
2024-03-20,632.6266479492188,635.128837083496,626.356234778896,628.2155971516737,1335500
2024-03-21,644.1387939453125,651.8828372055812,633.4672902100933,636.4442499754897,1347500
2024-03-22,636.6716918945312,643.4465147597433,632.3991184738467,642.348656739681,838600
2024-03-25,632.0728149414062,634.9211369902073,624.9814981169736,630.5793850910865,1020900
2024-03-26,633.022216796875,637.0376354418985,631.9442188389557,635.1090344363233,1002100
2024-03-27,641.6168212890625,642.8332965649614,633.4574063380551,638.7288998086001,1119700
2024-03-28,642.8629150390625,647.8080143855168,640.6178206189779,643.762896559525,1163200
2024-04-01,632.8145751953125,647.2147037949063,628.8980343144517,645.9586290943167,697000
2024-04-02,619.7100219726562,623.5177245416374,615.4571879990069,623.5177245416374,2119200
2024-04-03,616.159423828125,625.9111459680488,614.6264549911166,619.710031980281,1566500
2024-04-04,614.4584350585938,630.0651408050242,613.5188538931093,626.8211862755047,1293300
2024-04-05,628.759521484375,630.2529512390787,614.7253262442243,616.653927183312,1619800
2024-04-08,638.1947631835938,640.2815805971569,630.084788271971,632.1518059715727,1016600
2024-04-09,637.9075927734375,644.1767894087604,630.212155414811,643.7608377932204,847600
2024-04-10,622.32861328125,629.1822345377375,620.535989153455,624.6857734646671,962100
2024-04-11,621.684814453125,627.6272221830452,617.8420526184993,624.8738775858528,1612700
2024-04-12,615.1481323242188,620.2189821062655,610.1763589410083,612.5532857736127,1454600
2024-04-15,606.2445068359375,623.952888899702,604.6301477001415,623.239828899483,1065800
2024-04-16,605.6204833984375,612.6226278680186,605.0559474015331,607.7597840655802,1264800
2024-04-17,607.323974609375,611.8698825127485,605.9671297276016,609.4830420887611,1117400
2024-04-18,602.5403442382812,610.9686689243276,600.4605257000528,610.9686689243276,790900
2024-04-19,599.361083984375,605.3233186188592,592.2698379107204,603.283094542003,1608900
2024-04-22,603.9170532226562,608.175766956761,595.1321980449794,602.6196298663506,1056800
2024-04-23,624.8244018554688,626.7556965572171,606.1949550787647,609.2156670741657,1461900
2024-04-24,629.39013671875,635.9465887414599,616.5842546701892,617.5152343460367,1378200
2024-04-25,620.3775634765625,626.7458373891219,613.8408777981545,624.6065364582589,1243000
2024-04-26,630.43994140625,633.9855950196918,620.5755830522156,621.0509563369502,1192500
2024-04-29,632.2623291015625,638.7989537984201,628.2908100364808,631.2125060939023,886500
2024-04-30,619.6149291992188,631.7968545292491,619.2286581390474,630.8956158381548,1309700
2024-05-01,609.294921875,623.6160866911747,604.1844170635551,619.1296000147224,1199100
2024-05-02,608.1461181640625,614.9006636798097,601.4609080075593,611.1371500519366,1103500
2024-05-03,623.2299194335938,625.3295656030848,616.1782661758114,617.7926253225387,1109500
2024-05-06,628.54833984375,628.9048698290488,621.5561085908669,626.2010934332457,802900
2024-05-07,634.995849609375,635.4513955427341,625.2502737295679,628.9940198475082,757700
2024-05-08,626.3595581054688,635.2731708187089,623.4874302785632,634.9958898568244,889800
2024-05-09,620.8430786132812,627.7957165859576,618.2185508705352,626.359622300668,1292700
2024-05-10,626.2406005859375,631.757142702075,621.9818873782099,622.5661902534835,917400
2024-05-13,621.169921875,632.0445110479989,619.862584635459,632.0445110479989,916200
2024-05-14,629.3207397460938,631.3411969656536,617.1784108573147,618.7135811405825,879700
2024-05-15,648.8416137695312,650.5946434285304,635.8376397590755,637.7194264240632,1082800
2024-05-16,647.0985717773438,651.9713298441724,645.5733753503424,648.405908907333,957200
2024-05-17,654.8335571289062,655.3980931521412,648.4355426482114,648.9604843792074,774700
2024-05-20,663.717529296875,665.0446333350756,653.1399890394093,653.5460874692459,931500
2024-05-21,661.4097900390625,664.1630741637264,658.7456081779891,664.1630741637264,1092000
2024-05-22,663.8362426757812,667.1639762551331,659.8053024710235,663.9451723017575,987000
2024-05-23,655.9032592773438,670.1254092733824,653.1697416645991,668.5209637962159,1886200
2024-05-24,601.1636962890625,618.0104326589122,594.7260876155322,615.0392286557444,4252600
2024-05-28,594.2605590820312,599.2917537537176,586.4561926362458,598.776786225085,2640000
2024-05-29,592.537353515625,605.4323380920373,587.5060976908773,587.5060976908773,1892800
2024-05-30,557.5662231445312,582.8116045213786,555.5259987663153,582.8116045213786,3409600
2024-05-31,570.906982421875,571.8676427591406,551.9407715322188,556.3579835146631,3136200
2024-06-03,561.775390625,570.9861709802389,557.2096551865258,570.0848719548496,1566900
2024-06-04,566.5689697265625,568.8369669596949,558.2892293011209,562.9243001677456,1171900
2024-06-05,568.7577514648438,569.3222874374961,555.1496478113902,566.3906779433618,1595800
2024-06-06,567.1533813476562,570.0750170948149,564.538707164763,568.2328850134006,1448700
2024-06-07,568.3912963867188,570.7583094112329,561.0227087357446,567.1730617547747,1048600
2024-06-10,561.7952270507812,567.2226068629894,560.3393661468649,563.964208328535,1567000
2024-06-11,561.260498046875,563.9543608995745,557.1701353372717,559.576803539285,1571000
2024-06-12,586.5354614257812,596.8851676750977,573.0957682341982,574.4327858836896,2591800
2024-06-13,588.9124145507812,594.6468163002667,580.4049012587805,588.8233122856332,2132100
2024-06-14,589.9821166992188,594.2210031902547,588.8827856705124,592.6562125266072,1070500
2024-06-17,596.7366333007812,598.8263656153771,580.6227841935442,584.1783515933768,1248700
2024-06-18,603.827880859375,604.5905092338677,596.1225898787588,597.9349808048875,1375900
2024-06-20,610.1665649414062,611.7313557671189,602.4612123580819,604.6301940322453,1840000
2024-06-21,626.082275390625,628.0630782102435,612.6127799476367,619.832844912701,3682500
2024-06-24,617.8915405273438,627.6370550363259,616.4851876694031,624.6658512678541,1606000
2024-06-25,624.4183349609375,624.4975839978947,618.3967380368688,623.1308252445749,1271900
2024-06-26,631.361083984375,632.519897180483,618.4957790860301,621.972097775742,1169600
2024-06-27,645.1870727539062,650.8521395910003,629.4099861381624,632.945726293189,1478000
2024-06-28,650.9016723632812,656.150787262037,641.7602270870176,645.7416597315924,1754000
2024-07-01,644.5234985351562,646.8608311866764,636.3130327497099,646.2467871926211,1195000
2024-07-02,649.9212036132812,650.6937457517588,643.4539136469831,644.7513371147564,951100
2024-07-03,653.5657958984375,656.0813932610523,644.30550812777,645.0186284470484,931900
2024-07-05,662.3308715820312,667.8672414651709,647.0885810164091,648.7128536616531,1517100
2024-07-08,653.2489013671875,656.7252195754002,649.6438261550189,654.2393026595878,1022500
2024-07-09,644.1768188476562,653.6648805548473,642.859628596701,653.2489289202983,861300
2024-07-10,627.6340942382812,631.4523987657716,617.5279178252988,631.4523987657716,1962600
2024-07-11,624.2322387695312,637.8790541489792,622.0602520117112,633.3367743258611,1234600
2024-07-12,636.669189453125,640.785014315601,624.4207469642224,626.4440042142834,1044900
2024-07-15,652.7655029296875,653.1225268770498,634.9135791649336,635.7664898835391,1043700
2024-07-16,660.6701049804688,663.1396119222298,650.1374726426769,654.5706722305488,988700
2024-07-17,653.4895629882812,660.8386397896276,652.6465795810728,657.6153753585609,1156300
2024-07-18,632.2258911132812,656.2168970467558,627.4951721784897,656.2168970467558,1383900
2024-07-19,631.323486328125,635.1815006851974,627.1977342250876,633.5252554970112,1056400
2024-07-22,639.218017578125,640.6659684686016,630.6787998412162,638.3154695941365,1473500
2024-07-23,631.85888671875,642.9271131239311,631.3729273782077,638.3847734434438,1193600
2024-07-24,615.1376953125,631.8193358120905,614.0070587935659,624.6389040808576,1590200
2024-07-25,621.167724609375,635.8459635832195,615.16750569999,624.6885092146287,1241000
2024-07-26,628.1497802734375,638.2063801861237,623.2306214299465,627.3960225711444,987100
2024-07-29,631.1251220703125,637.3534902075795,624.4108550192539,632.2061820804537,1242200
2024-07-30,630.5696411132812,640.1700022720395,624.351261820131,634.7351023289261,1064200
2024-07-31,642.024658203125,657.2186380238521,636.6294070410211,646.6364299613189,1423900
2024-08-01,632.5731201171875,654.778948192493,624.9067286471618,641.6775955850134,1301200
2024-08-02,618.7874145507812,621.7825904208,606.0630018803452,621.7825904208,1788700
2024-08-05,598.009765625,609.7127438443663,592.3070667852319,603.2562872987473,1786900
2024-08-06,607.253173828125,616.9428234739165,602.026566930188,605.1109689995797,1339500
2024-08-07,604.4364013671875,624.9363436697433,603.028099877276,617.8352716955319,1123400
2024-08-08,620.9693603515625,623.3694358187262,608.6911967835863,610.4565830713707,1042400
2024-08-09,625.0158081054688,629.5680155646725,617.0816183752389,619.8585726742066,802800
2024-08-12,622.2487182617188,630.0638999580681,619.689985667535,624.0438262598384,647000
2024-08-13,640.5171508789062,643.2246733933879,624.8272855117746,629.4687786221955,1040100
2024-08-14,631.501953125,634.9632335270425,619.8585399950232,622.1098855828644,1501200
2024-08-15,646.7753295898438,647.5885913058474,638.9006438158798,640.0808569663766,937100
2024-08-16,648.1538696289062,651.7936620149561,645.5851492127672,647.2811039647165,765800
2024-08-19,657.843505859375,659.2419407232645,647.6481033478904,649.1159091040843,1217300
2024-08-20,661.7907104492188,664.1907855886993,656.4351088479073,657.8434103970009,1110800
2024-08-21,664.9743041992188,667.0074280729543,659.4996942864354,664.1808973866706,1256100
2024-08-22,659.8170776367188,669.2290605345393,657.6748731618757,667.4736017826546,1467700
2024-08-23,614.7509155273438,654.5706545596124,605.3787023089641,654.5706545596124,4113400
2024-08-26,612.0433349609375,628.734902028314,610.6647550934797,617.8749687218559,1968100
2024-08-27,621.167724609375,623.2107760546567,606.6580702189534,610.4168708321134,1477700
2024-08-28,611.9639892578125,622.7049148024088,609.3556197239633,619.1841304627183,1035000
2024-08-29,617.6766967773438,626.344789911009,616.109677258983,617.5180396074275,986600
2024-08-30,625.0753173828125,625.9778048376952,612.3211218117568,619.87843275094,2069500
2024-09-03,619.670166015625,633.6244302055511,615.8915103781061,627.435771573999,1324700
2024-09-04,617.9741821289062,621.2272289937999,612.4302009199714,615.921263792918,866900
2024-09-05,616.3674926757812,617.8055766309925,606.8861386332381,616.2484846757835,773500
2024-09-06,610.0597534179688,620.9593352648756,606.7769853232248,619.8584811303213,999700
2024-09-09,621.8322143554688,623.5678184194433,611.9244042698424,616.3774587258348,1005800
2024-09-10,628.4075927734375,628.5365281859664,615.7525517671969,625.4223445085195,1022200
2024-09-11,638.6229248046875,640.4378876842005,608.8994951011385,626.4935514282644,1327000
2024-09-12,641.0527954101562,641.5685371319162,633.0888836566468,638.4344981762356,1178500
2024-09-13,649.9192504882812,655.4632923580084,636.0939220600918,637.6113649459852,1226500
2024-09-16,640.9337768554688,650.6134982035976,638.1369676561317,649.849813056338,939700
2024-09-17,639.5154418945312,644.6528217329907,638.9104745436074,644.6528217329907,934600
2024-09-18,627.8621826171875,640.8147446991791,626.9001306523828,637.6410567571451,1000200
2024-09-19,648.8580322265625,655.175626012828,640.7453304191819,645.7041990447004,1567400
2024-09-20,639.68408203125,645.8727399722975,633.5252063558133,639.0592597840231,2961000
2024-09-23,636.6889038085938,644.1569884814998,634.2491793601224,644.1569884814998,1069400
2024-09-24,632.949951171875,638.6724439304329,630.292005072171,635.6872561122884,1454600
2024-09-25,629.5184326171875,637.8989325415774,627.1382120420354,629.6672228863496,1414600
2024-09-26,631.59130859375,640.606498288732,628.6556364347656,639.6940833671416,1084500
2024-09-27,613.9376831054688,633.2375599545157,613.2434294308636,631.5912422992506,1425200
2024-09-30,615.8914794921875,618.5692806400707,611.1309777476529,613.114525185631,1361500
2024-10-01,601.2926635742188,613.5112638270308,598.8825999107783,612.9360785924397,1869100
2024-10-02,602.2843017578125,607.5902663124652,599.2891261107887,602.4033097473447,1164600
2024-10-03,598.8428344726562,602.0065947808831,594.9550987834596,596.3634003920101,1289800
2024-10-04,605.6464233398438,609.2862763720593,600.1420914577151,603.1967713773009,1220200
2024-10-07,597.4742431640625,605.517513616907,595.7684213978692,602.0364386591897,1711200
2024-10-08,608.3242797851562,609.4945655838759,598.8528522742542,603.0083868419006,1201900
2024-10-09,616.4963989257812,616.8534229088802,606.5786625081928,609.9407896816895,1183600
2024-10-10,615.2347412109375,617.410367905347,611.9564153982054,613.943286876771,1127800
2024-10-11,612.6319580078125,618.2647217967718,609.70131038505,615.1155474110847,1275700
2024-10-14,613.1088256835938,616.2381727790319,608.777460048726,616.2381727790319,990100
2024-10-15,613.8341064453125,618.9502648132635,611.7180831839408,615.7514304050762,1259300
2024-10-16,605.389892578125,614.0129085568191,603.4725686466821,612.5326988286516,1132400
2024-10-17,605.2308959960938,615.0758791029812,603.8599496893132,615.0162753780999,1135300
2024-10-18,609.26416015625,611.4000711704209,596.1706848734738,597.392652019008,1299500
2024-10-21,609.9000244140625,611.5789333166575,603.1247850819425,604.2374283107561,1057900
2024-10-22,605.5885009765625,609.2641645949791,601.3067954929846,604.9228553941973,1088400
2024-10-23,598.0582885742188,605.9858867612561,595.7137946662766,604.028847363006,1119200
2024-10-24,600.0153198242188,604.7937434753362,598.0483363932767,598.9523362691064,883200
2024-10-25,605.2706298828125,613.1683957322473,603.8400799512513,605.9958185905425,1000700
2024-10-28,608.0721435546875,609.7411084172038,603.899701081142,608.8172204023024,1292000
2024-10-29,619.60595703125,621.493448781564,605.3799482623551,608.9662371590133,1134700
2024-10-30,617.0328369140625,625.3379448654583,615.8407019397441,619.6952373304882,1082400
2024-10-31,606.2938842773438,617.6587927732871,604.5553715480181,616.0990912199793,1478600
2024-11-01,617.65869140625,622.268247524362,599.041716421632,601.0285877862145,1437000
2024-11-04,614.9467163085938,620.4205573753679,611.787597678836,618.9105155267378,1152500
2024-11-05,614.7678833007812,618.2051323079531,606.7011895840133,615.7910906285407,1564100
2024-11-06,644.1339111328125,663.6151743792985,638.5309181621169,638.8984845905778,2963700
2024-11-07,669.7247924804688,670.6685080161961,647.4618614607508,647.4618614607508,1927600
2024-11-08,679.7285766601562,684.3580211893646,667.8172917735053,673.5494354279027,1705800
2024-11-11,692.7723999023438,694.3718775510582,677.8212039077135,679.301413482012,1514400
2024-11-12,694.8784790039062,699.2595646423019,689.7424331240892,690.4378502800495,1409500
2024-11-13,701.6140747070312,710.0881116802714,690.4578094248224,692.673151985101,1472300
2024-11-14,696.1600952148438,701.3656892122915,688.8484221288792,696.9747198637244,1769600
2024-11-15,683.3546142578125,688.3019046708132,675.7449234287851,686.6229959022381,1798900
2024-11-18,674.3541870117188,683.6030723511906,671.3639354012595,681.1493149058977,1580300
2024-11-19,639.9415893554688,642.6238784233959,628.2488899958827,631.9245543333773,2536000
2024-11-20,646.329345703125,647.9983713048528,633.414679534296,637.8752574748286,1880700
2024-11-21,674.2449340820312,677.115978285781,652.439004706101,655.4491444833121,2318300
2024-11-22,635.9181518554688,670.5691991762561,634.9545481849221,663.7939593988078,3294200
2024-11-25,630.4542846679688,646.8360329226466,628.7257159071632,637.398391892695,2951500
2024-11-26,634.6365966796875,637.2890532361492,626.192392544836,628.8448491012977,1784200
2024-11-27,631.9940795898438,636.8818277205166,627.0567324271537,629.7588488853514,1376100
2024-11-29,637.5175170898438,641.123693784634,632.1530003141404,636.6731209393973,828900
2024-12-02,629.9077758789062,636.1862967222702,627.5235059666659,632.8681948350943,1502100
2024-12-03,631.8450927734375,632.5007337594581,622.2882446858896,625.4671909186733,1104800
2024-12-04,650.3428344726562,656.0550903912407,632.7689525342741,634.805483821824,1619700
2024-12-05,644.4417724609375,648.7631936479448,637.2393633929219,647.6803826537316,1219700
2024-12-06,642.2264404296875,649.8163048237909,641.580743512334,644.9087293331495,1125100
2024-12-09,642.3357543945312,646.5081969974007,635.9677967842172,639.3852184565802,1379800
2024-12-10,642.8224487304688,654.912544279272,640.4680109610384,645.0278468903895,1485600
2024-12-11,666.1582641601562,666.3370753163489,642.0177879220661,642.8224684421856,1868800
2024-12-12,667.837158203125,671.7115817384323,658.5982181972046,669.6055028771947,1629700
2024-12-13,652.1409301757812,668.2842616074124,649.687112268229,664.5985930336756,1634800
2024-12-16,667.0922241210938,668.5028861579516,652.468876399061,652.468876399061,1684200
2024-12-17,673.321044921875,675.3873478620706,659.6910733383431,665.6020288558311,1814900
2024-12-18,645.5444946289062,672.5659596726243,643.0609052064048,672.5659596726243,2408200
2024-12-19,632.7689208984375,657.6048149549387,632.5305060170163,649.4685736366486,2313300
2024-12-20,639.1666870117188,644.7299033519132,619.9337840818913,625.0698302954737,3451000
2024-12-23,634.110107421875,638.0341912583464,629.589986313705,636.4447181108077,1614300
2024-12-24,641.05419921875,641.3025581817926,631.9046938263466,634.8055095370213,668700
2024-12-26,641.9482421875,644.729850127969,636.5936090055311,637.1399865347205,639300
2024-12-27,634.3783569335938,639.0176855138175,627.0368512308202,639.0176855138175,966400
2024-12-30,626.1626586914062,629.9675353061236,619.317870536174,628.6959082027491,1102800
2024-12-31,624.3743896484375,629.5004916098043,622.2782546984789,626.7586597815666,988500
2025-01-02,618.701904296875,633.5438386356003,615.3639743224622,632.818649852785,1179400
2025-01-03,626.093017578125,626.8579825383064,620.4205380319225,624.374393067077,993400
2025-01-06,621.0563354492188,629.2422978671704,618.9105406711817,622.8544519301221,1260700
2025-01-07,611.39013671875,622.5365170058582,607.903167646672,619.2680746872019,1030200
2025-01-08,621.9404907226562,623.4902481957588,609.6815265066488,612.383642866105,1226000
2025-01-10,620.3682250976562,630.5081827554258,614.2583650744383,615.8008013569653,2390000
2025-01-13,610.2083129882812,618.9452216363976,609.2928483158884,617.3331826703887,1684400
2025-01-14,620.7364501953125,620.9255195177154,611.2433238543098,611.979679930382,1697300
2025-01-15,618.3980102539062,624.418285963525,607.6112198333637,620.7364448792882,1938100
2025-01-16,604.2876586914062,620.6867044082162,603.7701930255474,620.258823467374,2834100
2025-01-17,601.1630249023438,612.8453581494565,593.2719777007553,612.8453581494565,2836700
2025-01-21,606.4170532226562,608.0589740756383,599.720124875641,603.0138664521028,1665900
2025-01-22,608.6759033203125,614.5071090488227,606.6857257418121,606.6857257418121,1213700
2025-01-23,595.3616333007812,605.8100659887347,594.5556137799838,605.8100659887347,2241400
2025-01-24,595.0133666992188,599.5708904596236,592.515684065883,599.0335036310136,1901200
2025-01-27,603.6407470703125,611.3726062776382,583.122021414524,584.0773285020628,1985500
2025-01-28,597.7100219726562,610.6959796201553,597.2423593817551,605.6309508190909,1675000
2025-01-29,590.0776977539062,600.5758724461069,587.2914612611772,596.7050231732765,1457500
2025-01-30,601.6307373046875,602.685529131465,590.7843045077127,592.4162649145483,1219700
2025-01-31,598.555908203125,607.8998071485909,596.9139872946079,601.9093527930067,1640100
2025-02-03,597.8095703125,598.8743226400925,582.1369213688808,597.4513529131423,2244500
2025-02-04,588.8139038085938,605.4916014807567,587.2217860545912,593.4112698492294,1737500
2025-02-05,585.3709716796875,590.6748122113502,577.2510127203725,590.5056033787873,2134400
2025-02-06,587.301513671875,592.2371160203976,582.9230979735953,585.3710386688257,1533900
2025-02-07,576.0071411132812,593.2520474281873,574.3851414723567,587.6895349173768,1430900
2025-02-10,583.9579467773438,585.9082819836166,572.1760684870086,572.1760684870086,1571300
2025-02-11,583.0026245117188,589.0726418299754,578.2361710775323,578.2361710775323,1856700
2025-02-12,573.70849609375,578.1167323524475,565.9169942312341,575.2310111670203,1737800
2025-02-13,581.0324096679688,589.0926051400819,576.1564499596409,577.7087861518777,1609900
2025-02-14,584.4953002929688,588.4856163450181,577.2411243577978,581.818508826272,1348800
2025-02-18,577.0918579101562,587.1422314853518,573.2309081272535,586.9631227719684,2053900
2025-02-19,579.330810546875,580.0174243189819,572.7632480848666,575.8977416863406,2063000
2025-02-20,576.2360229492188,583.2215048268123,570.5739654085619,580.1566751393183,2703900
2025-02-21,562.69287109375,579.2910068018847,558.4936252382711,577.6988281773347,2006400
2025-02-24,564.4541625976562,569.9371116169518,560.5335102864929,563.1804805128979,2040900
2025-02-25,552.9011840820312,568.6136140646217,550.5229073196501,564.5238137524194,3014500
2025-02-26,622.4380493164062,635.8518278599917,612.4174970988051,632.3789774184269,4674200
2025-02-27,597.47119140625,624.9057965025711,596.6850931306826,621.9304907524752,2451700
2025-02-28,610.8253173828125,611.8303060229133,595.4312625264276,597.9687267431904,2444400
2025-03-03,598.137939453125,617.7610609747858,596.4562369912464,614.8255369367209,1597400
2025-03-04,595.1328125,605.9096420536808,584.3958253720948,601.3123362965681,2308200
2025-03-05,614.477294921875,615.3629385308268,598.2573596206082,605.9294554019001,1615200
2025-03-06,603.3920288085938,616.8058072422831,599.1629011421746,610.009394039623,1671000
2025-03-07,606.6160888671875,611.611454243835,591.6101929960626,602.8845057436924,1689700
2025-03-10,576.9326171875,603.3720733199756,572.6139050451962,600.9241937274825,2375900
2025-03-11,583.82861328125,592.1873233551486,574.5444171103046,576.9326546945069,1909300
2025-03-12,588.23681640625,594.3367156982391,582.7140856326091,586.1172723724384,1874700
2025-03-13,578.4650268554688,583.3011438331885,560.9514275841469,583.2016592476322,2269800
2025-03-14,595.8591918945312,598.5857256288941,583.9480074997994,586.3262236950334,2063100
2025-03-17,599.1528930664062,602.3571105328055,589.0129359295761,592.4957466730451,1558800
2025-03-18,596.0880737304688,598.6056168150739,588.893540397785,595.9587073274819,1230400
2025-03-19,600.1480102539062,606.0488797331536,594.5755370947829,602.8049411620153,1247700
2025-03-20,597.47119140625,602.6058835497262,593.1625006958044,596.1676275270488,1088200
2025-03-21,601.0734252929688,602.2775046225513,587.1223214219418,590.0777060462792,2391400
2025-03-24,610.0790405273438,611.273098540931,602.3172990266119,607.0041893038505,1703000
2025-03-25,615.6812744140625,617.8804423883269,602.2475764599715,608.5166840935311,1126500
2025-03-26,611.8402709960938,617.2237352927751,610.0590839495813,615.7410627323542,1715500
2025-03-27,612.2781372070312,617.5620563980773,609.3028313606311,612.4672065117558,1206200
2025-03-28,595.9785766601562,610.77554249493,592.6251322091396,608.5664744764496,1574600
2025-03-31,610.9745483398438,614.9648640524108,590.8140400045394,597.3916229779838,3071400
2025-04-01,610.7656860351562,614.0892489049257,603.1731529707602,607.8699433630159,1826500
2025-04-02,617.860595703125,621.9305358533269,601.9889770164713,602.0884616080463,1604500
2025-04-03,595.5905151367188,613.3926072068915,595.2621188342393,601.0336215965302,2833900
2025-04-04,558.772216796875,591.2917099666654,558.1850877088496,585.211671525064,3335200
2025-04-07,553.5081787109375,573.0616977243229,530.0340681717929,545.3186174063557,2834700
2025-04-08,541.39794921875,565.8174055369143,534.9099510648996,561.8569717054131,2764000
2025-04-09,593.5505981445312,595.6104394228388,536.4723143298322,538.8804124234077,2883800
2025-04-10,575.6375732421875,584.1106014874501,556.8872625825067,581.2298181235877,2289100
2025-04-11,585.17724609375,586.592784108797,567.6629900214754,571.4708761105215,1479900
2025-04-14,591.6665649414062,598.096110295378,583.9611128563752,598.096110295378,1227400
2025-04-15,592.1949462890625,598.654365180887,589.4735674591662,597.0693836275855,1177800
2025-04-16,586.2139892578125,596.172280404857,579.2362008522293,585.785360985305,1985500
2025-04-17,583.5224609375,592.0253616691253,582.9742183809354,590.1214493039523,1642900
2025-04-21,567.0350341796875,579.5252434584366,557.3258891761946,576.5945699717856,1502600
2025-04-22,581.7083129882812,582.9842806453789,569.6566487969372,572.358071643723,1467500
2025-04-23,594.1586303710938,606.798387498267,591.925747967004,595.1056280446539,1744800
2025-04-24,612.8790283203125,615.1417837465982,594.776619861156,596.9297997846926,1601000
2025-04-25,622.1395874023438,623.2261554716642,611.0349213585429,614.1051651841838,1540600
2025-04-28,616.2682495117188,626.6053391712476,612.6198899783781,621.3421249937991,1357300
2025-04-29,621.1726684570312,622.2093464656524,614.1250954111581,616.716820853452,843300
2025-04-30,625.4788818359375,627.3030919121799,608.2836195677218,612.141395250752,1315400
2025-05-01,621.2125244140625,633.1644685595342,620.4449482735886,622.5183651482884,1449900
2025-05-02,629.675537109375,634.7892633907401,625.5586376143738,631.4499179930125,1367300
2025-05-05,630.1740112304688,639.4744230791099,627.3928861314374,628.6687929033695,1434100
2025-05-06,624.5618896484375,631.8985211200123,620.96335909748,623.5152335589619,905800
2025-05-07,639.1055908203125,640.4313267448783,624.6116892648387,624.6116892648387,1650500
2025-05-08,653.9981689453125,660.3878022069791,639.2750170779981,641.4880042960459,2059800
2025-05-09,651.80517578125,656.1014972703884,648.007267740232,653.1808017653811,1158800
2025-05-12,660.1983642578125,668.4720143639192,652.8417777537364,662.8898087322391,1842000
2025-05-13,654.7158813476562,659.2913434882477,649.6619617748665,658.3443457857849,1560500
2025-05-14,650.7584838867188,658.3741947152537,650.0407369233623,653.9184079382444,1947900
2025-05-15,659.2115478515625,663.2586623436385,650.0905580296306,652.2437380514976,1548500
2025-05-16,668.1531372070312,670.6750775263256,660.0887811359711,670.6750775263256,1555200
2025-05-19,668.7312622070312,672.8581400680716,661.0955951211043,664.345260465552,1327800
2025-05-20,669.0302734375,669.3692213324773,661.1254439176788,663.2686459547404,1047500
2025-05-21,657.8858032226562,668.9406404017915,657.5169821340431,666.6180166707115,1478800
2025-05-22,663.9564819335938,668.4322248542335,656.9089086475801,660.4077807029354,2301200
2025-05-23,717.8449096679688,731.8503144555681,711.7343563351955,717.7153173128021,5327700
2025-05-27,749.5739135742188,749.5739135742188,720.1575445342736,722.2110053391415,4079800
2025-05-28,752.0560302734375,756.3623295728437,748.6169654675073,749.6137923189953,2504600
2025-05-29,754.8171997070312,757.0899941336219,744.4402589474206,757.0899941336219,1589700
2025-05-30,751.0791015625,758.6051929942386,744.8988237319744,757.588410132418,2887100
2025-06-02,762.5625610351562,762.652302221766,745.9654305139185,748.1683789103693,1870000
2025-06-03,762.2335815429688,765.6527511304927,755.7542071098403,760.4094322392009,1526800
2025-06-04,764.3767700195312,765.6228035422637,759.5820354577158,759.9110053433318,1280800
2025-06-05,764.2073364257812,770.9957247121735,761.3862994580452,763.6391378310547,1242200
2025-06-06,769.1317138671875,769.410793760646,761.8449116871467,767.6962807025119,1475300
2025-06-09,761.9545288085938,769.550344701149,760.2200597870394,767.7759636661901,1342400
2025-06-10,759.6817626953125,763.7588115216752,751.7171254303637,759.9409474261821,1422900
2025-06-11,762.3233642578125,763.0311332527681,752.1358226441838,756.4022100965409,1276500
2025-06-12,763.7787475585938,768.3242757092256,760.9277764350583,760.9277764350583,1300200
2025-06-13,751.5874633789062,760.5888387327401,749.9527136399294,756.3223907556654,1148000
2025-06-16,765.6427612304688,767.4768885087325,755.1661016136738,759.4026156002743,1428900
2025-06-17,762.472900390625,767.197850039562,759.2332130495666,766.0216016290174,1344500
2025-06-18,752.4348754882812,763.1607428027062,747.9989835588267,759.950928506498,2223400
2025-06-20,758.7247924804688,759.9708260253464,752.6540902795731,758.2462742270282,2709400
2025-06-23,760.1303100585938,762.5725480343206,752.0062076530527,757.2594438339694,1223300
2025-06-24,756.6215209960938,768.6930796726687,755.7343304884489,766.6994259520195,1900400
2025-06-25,755.4552001953125,757.209625228347,748.6767896198024,755.6545777384271,1531100
2025-06-26,770.4075317382812,770.9259011339277,756.1230477654334,756.9703261931062,1420100
2025-06-27,774.1058349609375,784.7220044189085,768.7129676259443,768.7129676259443,2051800
2025-06-30,785.1307373046875,787.9916254989528,776.657709073516,780.0369666994332,1946900
2025-07-01,777.1361694335938,788.0912868298947,763.3799710098115,786.1973523112373,1923800
2025-07-02,771.2449340820312,772.8697666897135,763.479614102113,771.4443116172433,1493000
2025-07-03,778.1629028320312,782.0504909224713,774.2254247274408,775.1026371957564,823000
2025-07-07,781.1234741210938,785.6291509569513,776.2888882302691,777.7941065099374,1296000
2025-07-08,779.000244140625,782.1302951193727,773.378186824387,782.08046594409,1437600
2025-07-09,767.1480102539062,780.5154316814157,763.6192042295943,780.1864617818735,1486200
2025-07-10,746.53564453125,768.5753205393123,743.7706782942907,767.0281603597869,1783700
2025-07-11,746.53564453125,750.488381386836,742.1436469985867,744.1898950375597,1047800
2025-07-14,751.3767700195312,757.4756090209576,746.1363475119224,748.2225615642853,1114900
2025-07-15,744.5892333984375,753.1236241111569,741.5348179562911,749.5401462635134,1452400
2025-07-16,749.3504638671875,750.4285107273248,741.0357038006249,750.4285107273248,1263100
2025-07-17,753.9920043945312,755.0700512531773,747.543767176901,747.8432686381672,1071300
2025-07-18,751.2570190429688,761.837657615649,749.4703063843576,761.837657615649,1509400
2025-07-21,762.2968139648438,766.529069247188,750.1390410711551,752.6144973478898,1411800
2025-07-22,765.3812255859375,769.7132741939299,758.913005342049,766.0499862751892,1027400
2025-07-23,774.5843505859375,776.640590110592,758.1444258936057,764.3929546591874,1939600
2025-07-24,779.784912109375,782.7394733855697,773.8657371277012,776.58074596786,1379900
2025-07-25,784.5162353515625,789.0579227856166,779.076165381624,781.4817421095089,1406400
2025-07-28,797.2728881835938,799.0396787365074,781.571603311287,783.5979293040424,1933200
2025-07-29,804.8690795898438,806.4561449515434,793.3800666950526,803.0124263500052,1693800
2025-07-30,805.9171142578125,812.2156006536469,799.4988516487301,803.4016919319831,1606400
2025-07-31,783.69775390625,805.6776040460853,782.5099222927936,805.6776040460853,1779100
2025-08-01,774.734130859375,785.9336335038739,770.9410142794932,784.7058968299616,1490100
2025-08-04,783.4381713867188,789.0978106525357,779.8846682654414,782.7494277039297,1484400
2025-08-05,767.86669921875,792.6414293066927,766.5191253659494,783.98720145777,1257800
2025-08-06,778.0480346679688,778.2476820058256,764.2832127947015,772.4582747508587,1154700
2025-08-07,760.2205810546875,784.8456194647248,750.6680322847855,782.0506787627379,1435900
2025-08-08,747.6336059570312,761.0889950172208,745.8867984664774,759.112626609242,1670200
2025-08-11,704.8019409179688,749.1807956957904,701.3981274989579,746.2561480641524,3195300
2025-08-12,712.1784057617188,713.1665899941252,697.7847286843055,705.8500057027185,2146000
2025-08-13,710.4116821289062,716.2409943682987,702.67582009729,712.1784117711602,1602400
2025-08-14,709.3436279296875,714.6738523047882,704.8318540547023,710.691140819486,1241000
2025-08-15,715.4324951171875,718.776420517219,706.2093607053965,711.0405582621422,1751700
2025-08-18,715.9016723632812,720.2237296210485,713.5459312228273,715.7918267254961,1628800
2025-08-19,699.7511596679688,717.788141455456,697.495272775444,713.7755164580931,2582100
2025-08-20,697.8745727539062,703.8136694956376,694.4208628610828,702.6957175731603,2096200
2025-08-21,696.4871215820312,699.7212012666089,691.5661224417556,695.7384897689785,2511500
2025-08-22,661.4511108398438,669.1670507589758,641.3478976843054,653.8051114573693,6368800
2025-08-25,655.7615356445312,669.2069331998421,654.5537211042034,663.7768549065315,2201500
2025-08-26,658.3367919921875,665.2042458150604,655.242471631799,656.7996233169963,3762900
2025-08-27,661.960205078125,663.1181230829687,653.1662790246073,660.5927091538525,1690200
2025-08-28,666.9810180664062,673.389289031924,660.7723335027807,662.4492613758223,2071100
2025-08-29,665.783203125,672.5108977086182,663.1380131058786,666.9810261699571,1594100
2025-09-02,660.7823486328125,663.4574523061997,653.8849810731966,654.0646453956093,1679900
2025-09-03,667.4601440429688,668.6978722081797,657.1090665313692,664.0763136751729,1986900
2025-09-04,667.0708618164062,670.5844600140819,658.0273917986375,663.786885473479,1719100
2025-09-05,671.5925903320312,675.7649575002746,666.0327443014154,670.9936483501227,1614100
2025-09-08,670.4546508789062,678.16059900942,666.7414664961055,675.3457362077113,1558700
2025-09-09,669.6661376953125,672.471009091383,663.5473155273039,668.0890029654079,1254900
2025-09-10,655.0628051757812,668.7777297667707,652.1580797246841,668.1688572016826,2789400
2025-09-11,659.3150634765625,665.1743502337483,655.7116027301313,659.0854416267088,2201300
2025-09-12,644.8515014648438,659.1952819504758,644.1327832528771,657.2588185811989,2202100
2025-09-15,650.141845703125,651.4494535336623,639.0920325440887,646.1790561892032,2186900
2025-09-16,650.1118774414062,653.9149247503092,643.2843891803564,650.6509313572574,1578400
2025-09-17,661.4710693359375,664.8149945042859,651.3096479628683,652.4874879847256,1861000
2025-09-18,673.7286987304688,692.1150782384387,664.3258396830386,665.8630692667106,3006800
2025-09-19,686.6650390625,698.7230190789877,681.7141263756945,691.5960296626671,4226700
2025-09-22,700.8092041015625,703.7937396971025,684.2993390303905,685.2775926446957,2403400
2025-09-23,697.9044799804688,701.2583357173156,692.9535065662116,698.5233440417746,2400000
2025-09-24,693.5225219726562,702.4262937147647,687.7032010931063,702.4262937147647,1727800
2025-09-25,691.4163818359375,694.5206938444793,682.2831101372184,690.3284043690352,1548000
2025-09-26,696.9862060546875,698.7230221046806,688.9608340667023,691.4263598393685,1480500
2025-09-29,693.4227294921875,702.6758383943088,690.2085718259431,698.7729370084272,1816500
2025-09-30,681.6641845703125,700.8391629401146,678.8792961197585,695.7484909103757,2378600
2025-10-01,678.2604370117188,684.938235362738,672.8503413866434,678.5998435806458,2151600
2025-10-02,680.6160888671875,681.7041272197341,667.140716507612,675.5354085170969,2289100
2025-10-03,678.6995849609375,687.114198764704,675.8248340834602,675.8248340834602,1293900
2025-10-06,668.8676147460938,674.9364794375198,657.1290581849155,665.8032078844675,2538400
2025-10-07,656.7896728515625,670.5045983442807,653.1463678026543,669.696078398058,1597800
2025-10-08,656.5999755859375,662.7886772267324,654.0346566779828,658.3667661036825,1699800
2025-10-09,644.9199829101562,658.0,643.1599731445312,655.0,1698300
2025-10-10,641.7899780273438,653.1799926757812,641.22998046875,645.4000244140625,3059300
2025-10-13,655.6799926757812,656.469970703125,642.6400146484375,643.2000122070312,1344900
2025-10-14,657.1599731445312,660.7100219726562,644.4500122070312,645.8200073242188,1243700
2025-10-15,652.6900024414062,657.4199829101562,647.760009765625,657.0999755859375,1693000
2025-10-16,646.989990234375,659.4000244140625,642.739990234375,659.2100219726562,1248000
2025-10-17,661.3900146484375,662.27001953125,646.8400268554688,647.5700073242188,1812900
2025-10-20,664.77001953125,668.8599853515625,658.489990234375,663.280029296875,1205800
2025-10-21,675.0399780273438,676.8800048828125,661.0,665.6699829101562,1201600
2025-10-22,670.77001953125,682.469970703125,670.4299926757812,674.2000122070312,1272000
2025-10-23,677.719970703125,680.97998046875,669.5599975585938,671.4600219726562,1474300
2025-10-24,683.0900268554688,688.0,680.219970703125,684.260009765625,1027700
2025-10-27,683.3900146484375,689.1699829101562,677.2899780273438,686.969970703125,1318200
2025-10-28,678.9299926757812,688.9000244140625,678.25,684.72998046875,1103300
2025-10-29,656.0399780273438,669.6199951171875,649.0999755859375,667.5800170898438,1990900
2025-10-30,656.1799926757812,665.9299926757812,652.5,653.0800170898438,1435200
2025-10-31,667.5499877929688,671.8900146484375,653.7899780273438,656.0,1585500
2025-11-03,676.1900024414062,677.1199951171875,660.5700073242188,669.27001953125,1270500
2025-11-04,660.4199829101562,676.1900024414062,653.5399780273438,676.1900024414062,1542700
2025-11-05,655.3300170898438,662.5900268554688,653.719970703125,656.8499755859375,1467100
2025-11-06,653.6400146484375,659.3599853515625,640.5700073242188,649.0,1866300
2025-11-07,648.8499755859375,654.6099853515625,633.469970703125,653.75,1697700
2025-11-10,653.27001953125,654.2899780273438,645.4199829101562,649.5399780273438,1530500
2025-11-11,654.3200073242188,657.47998046875,648.7999877929688,653.02001953125,1150100
2025-11-12,659.2999877929688,661.510009765625,651.719970703125,655.489990234375,1575200
2025-11-13,650.1099853515625,662.5800170898438,649.0,655.510009765625,1779300
2025-11-14,662.4099731445312,666.8200073242188,644.3599853515625,650.5700073242188,1438300
2025-11-17,645.97998046875,664.0,643.5,662.510009765625,1441500
2025-11-18,649.72998046875,662.0,644.1500244140625,655.7999877929688,2437200
2025-11-19,650.6199951171875,656.8099975585938,645.8699951171875,648.5800170898438,1288100
2025-11-20,637.4400024414062,664.5399780273438,637.4400024414062,653.6199951171875,2516600
2025-11-21,663.1500244140625,682.27001953125,659.510009765625,669.5999755859375,3802200
2025-11-24,653.22998046875,671.010009765625,647.1500244140625,665.3800048828125,3184200
2025-11-25,648.0700073242188,658.469970703125,640.3400268554688,651.9500122070312,1921900
2025-11-26,629.1300048828125,651.8800048828125,619.8200073242188,647.4299926757812,2283300
2025-11-28,634.0800170898438,634.9199829101562,626.5,629.1300048828125,872900
2025-12-01,631.6199951171875,635.9000244140625,627.1400146484375,629.1099853515625,1864900
2025-12-02,635.6300048828125,635.739990234375,623.989990234375,632.3900146484375,1537300
2025-12-03,647.6799926757812,648.0999755859375,629.9000244140625,630.8599853515625,1778900
2025-12-04,663.0800170898438,665.3200073242188,647.510009765625,648.5900268554688,2174200
2025-12-05,673.6300048828125,676.5999755859375,663.5399780273438,664.47998046875,2356400
