Date,Close,High,Low,Open,Volume
2015-01-02,101.65799713134766,103.32707720624444,100.53916192790439,102.37331616391154,478100
2015-01-05,97.5128402709961,101.13529315213925,96.99927217632047,100.79597899675461,671600
2015-01-06,96.577392578125,98.98930996430141,95.51358672077288,97.52198092461884,799500
2015-01-07,98.83341217041016,99.75966215215294,96.5682372397976,97.20101578461707,743400
2015-01-08,102.630126953125,103.03363621894381,99.67713684271658,99.84221104133397,755200
2015-01-09,100.6767349243164,103.19869725006279,100.1815123916515,102.77684257336539,709600
2015-01-12,100.96106719970703,101.24536600666384,98.49413327276943,101.1169757054885,533700
2015-01-13,99.73216247558594,102.94193322192663,98.23732890397547,102.01568313317973,653900
2015-01-14,97.81549835205078,98.58584016326017,96.62329469556384,98.12730137180314,789200
2015-01-15,95.90795135498047,98.84259608891242,95.86209468858515,98.47576374798469,575900
2015-01-16,98.98932647705078,99.09937127566354,95.94463010627699,95.94463010627699,675100
2015-01-20,99.5303955078125,99.9797614133456,98.30151531810117,99.71381516080667,520100
2015-01-21,101.19949340820312,101.71306152885579,99.08104677534071,99.08104677534071,644200
2015-01-22,101.75888061523438,102.12571287779447,99.84219271339164,101.42873227860464,903100
2015-01-23,100.72261047363281,102.02485867594058,99.85138276329678,101.46544091357335,373200
2015-01-26,103.10700988769531,103.2629113627354,99.26445343494349,101.00690185248045,584600
2015-01-27,102.31832885742188,102.92360332126991,100.10817588355,101.7497383304809,505500
2015-01-28,98.63167572021484,102.90525270314647,98.49411271288601,102.52008188002188,600700
2015-01-29,100.8968276977539,101.61215377139672,96.58656777468522,98.43906058930263,929000
2015-01-30,98.8058853149414,100.82345914360599,97.87964247672143,100.13565131498596,622900
2015-02-02,103.9415283203125,104.3725557313833,99.02600087873829,99.02600087873829,898800
2015-02-03,105.6473388671875,106.14256162085599,103.68479332306444,104.22587275636309,636300
2015-02-04,105.44551849365234,107.11459838472939,104.54677993842208,104.72102681061034,758400
2015-02-05,107.8482894897461,109.31561177596309,105.37218356905143,106.05081881453718,1138000
2015-02-06,108.18759155273438,109.18720227899918,107.62817393641878,107.76573690705665,881000
2015-02-09,109.27893829345703,110.45279615951685,107.49980602954119,108.27932036277672,1070100
2015-02-10,125.85967254638672,126.63917972434324,109.27891606858287,109.27891606858287,3942400
2015-02-11,128.47340393066406,132.6644554852257,126.1165216596118,126.19905528922384,2848000
2015-02-12,130.29835510253906,130.8669385970494,126.9968709555656,128.51005702021604,1957400
2015-02-13,133.18711853027344,134.08586426625712,130.6926674138256,131.10536335076128,1559300
2015-02-17,131.75645446777344,133.51724067609075,131.14201454040372,132.78357625758733,1198200
2015-02-18,132.93035888671875,133.957495032769,131.32547352659816,131.60059952988823,985500
2015-02-19,132.9762420654297,133.61819353877118,131.88491756400288,132.05916453394397,826500
2015-02-20,131.3621826171875,132.92121152670754,130.36255753392317,132.92121152670754,634400
2015-02-23,131.53639221191406,132.60020525282653,130.36253437142074,131.36215927707414,702100
2015-02-24,131.40797424316406,132.67354514548063,130.7201664038157,131.79315894746708,508100
2015-02-25,130.67430114746094,132.27918582843617,130.041515805719,131.69225713341888,545400
2015-02-26,130.25132751464844,132.9183333875495,129.5523775924292,132.35734075502944,703400
2015-02-27,130.8950653076172,131.8607100505729,130.38925005817538,130.5823846199195,491600
2015-03-02,131.83314514160156,131.96189686165334,130.02141548830429,130.89508887671872,541700
2015-03-03,131.51124572753906,132.2929615425695,130.5915866665073,130.5915866665073,572000
2015-03-04,131.35491943359375,131.9986780386582,130.0673881905797,130.77552967259317,641600
2015-03-05,131.0146026611328,132.1733677312474,130.59155342627062,131.92505591876568,449300
2015-03-06,129.38681030273438,131.34568821114252,128.41197413346038,130.1317317515992,528000
2015-03-09,128.6326904296875,130.0949587977099,128.27402400724011,129.25806580103878,449700
2015-03-10,126.56350708007812,128.42122277627254,125.91974838324455,127.58432945394534,672100
2015-03-11,127.73146057128906,128.4763822479614,125.8369649410149,127.0693048513836,517900
2015-03-12,131.96189880371094,132.1274307178343,128.8534463315769,129.03737535823126,864900
2015-03-13,130.41685485839844,131.92509522261724,128.862628732556,131.69518044738336,687500
2015-03-16,130.93186950683594,132.0630603720272,130.17775629626016,130.82151489867485,572300
2015-03-17,130.9134521484375,131.6491680540483,129.36841787431578,130.26048814439432,452500
2015-03-18,131.04217529296875,131.7411108642167,127.85095843073057,130.48118291575713,704600
2015-03-19,127.53827667236328,130.90423127528337,126.72898646422274,129.90180654312488,790500
2015-03-20,127.37274932861328,130.2328888820728,127.28077783146941,128.69706030335573,812500
2015-03-23,128.4027862548828,129.99380644299873,127.3727726560567,127.3727726560567,566800
2015-03-24,129.38681030273438,130.26048343371312,128.59590310321155,128.67866903466745,375800
2015-03-25,128.71546936035156,130.49959588782548,127.53829302570836,129.88342609181598,701200
2015-03-26,130.701904296875,131.7871089790634,128.12687088059,128.69705484664172,826100
2015-03-27,130.34329223632812,131.51126332937034,129.31327844063543,130.42607222789204,618700
2015-03-30,131.36412048339844,131.42850336500842,130.41687260318116,131.2721629805235,584800
2015-03-31,128.56832885742188,130.9962280155217,128.53153463962263,130.45363258248358,661100
2015-04-01,127.0049057006836,128.92698952455834,125.53344577804462,128.7890322633149,847000
2015-04-02,126.32434844970703,128.5407297908879,125.8829161020761,126.89453248343372,573000
2015-04-06,128.14529418945312,128.27404590069432,125.45069979244703,126.11285545965424,737700
2015-04-07,124.89887237548828,127.77740920945287,124.89887237548828,127.63026041825444,703100
2015-04-08,125.24837493896484,125.84614774016542,123.32629078993334,124.94488575234658,994900
2015-04-09,126.00251007080078,126.24163045927753,124.50347502043395,125.26679388963538,346500
2015-04-10,127.40957641601562,127.47395929429618,125.77258420090239,125.77258420090239,382000
2015-04-13,126.91293334960938,128.01652126781224,126.63703286183824,127.2256140204052,448400
2015-04-14,127.08765411376953,127.85097261550847,125.77253470890756,127.06925700823079,583900
2015-04-15,130.75709533691406,131.7871228446792,127.40034597352027,127.65784934224128,683500
2015-04-16,130.6007080078125,130.73866521254587,129.40516309737976,130.5363392052378,612000
2015-04-17,128.97299194335938,129.42361590282187,127.6210919992046,129.29486419542062,579400
2015-04-20,128.72457885742188,129.6626342925881,128.19117533675373,129.26717390964768,662300
2015-04-21,127.25321960449219,129.2029063534833,127.17964519576766,129.00058023771174,408200
2015-04-22,126.2139892578125,128.48554780531003,125.00922434202424,127.52909471537382,595500
2015-04-23,127.1336669921875,128.0717090816481,125.77256154945137,126.33355410862268,767100
2015-04-24,127.40035247802734,127.67625296799503,125.98408387775333,127.67625296799503,367200
2015-04-27,125.00006103515625,127.5199319775944,124.8253235639043,127.37278315623655,637100
2015-04-28,125.16558074951172,125.79094205996486,124.12636171156814,124.595382694408,644500
2015-04-29,125.34955596923828,126.92216539554798,124.14480462210766,124.42989673840438,798700
2015-04-30,131.18934631347656,134.58289015431615,126.54507974637555,126.54507974637555,1888400
2015-05-01,135.95321655273438,137.2775280005331,130.85829690122463,132.17341680917775,1692400
2015-05-04,136.46820068359375,138.30751871371587,136.1279313385437,136.20150574369453,890200
2015-05-05,135.07952880859375,137.12117306838485,134.7852311701558,136.21989707533143,769700
2015-05-06,137.11195373535156,138.51903084981242,133.70002678356357,135.40138747404276,1072500
2015-05-07,138.4822540283203,138.85931758655082,135.77845432063074,136.6981133214567,1046400
2015-05-08,142.44602966308594,143.28292300130755,139.65946308231491,140.70787413218036,1181900
2015-05-11,141.42515563964844,142.6850839411948,140.5514824225276,141.92177934311147,833300
2015-05-12,138.63861083984375,141.02973013912415,138.27994434824012,140.57909212336193,1405800
2015-05-13,141.59991455078125,143.1173464719293,139.99051110530962,139.99051110530962,1173000
2015-05-14,142.2436981201172,142.6575419865328,140.13768455868964,142.26209523479184,821700
2015-05-15,142.84144592285156,142.90581475724284,140.68024160966226,142.09651032798334,1066100
2015-05-18,142.83218383789062,143.4483534544135,140.72617168687597,142.53790036461405,606600
2015-05-19,141.86659240722656,143.37483260717707,140.72622422731442,142.79545697905104,403400
2015-05-20,141.16766357421875,142.2712516229454,139.93532382035536,142.2712516229454,608200
2015-05-21,142.16094970703125,143.01622620103817,140.74466639282667,140.88262372059103,688000
2015-05-22,140.06405639648438,142.11489185995973,139.2087663033347,141.7470339049182,1018200
2015-05-26,139.00637817382812,140.04559678065178,137.45216707953796,139.29148409954428,1384100
2015-05-27,140.6066436767578,140.8917356803935,138.68456001176557,139.23634691248222,1078400
2015-05-28,139.29730224609375,140.98468015239183,137.78509197869678,139.81365986438058,749600
2015-05-29,137.39784240722656,139.50939361026983,137.05668052093148,139.2973211460614,1217700
2015-06-01,135.59986877441406,138.31076195998142,134.94520571350117,137.29647741106223,1501800
2015-06-02,137.7390594482422,138.8732035712759,135.24023923358683,135.53530889762266,1827000
2015-06-03,136.33741760253906,138.44895398607565,134.7883310178941,137.49000634391393,1351100
2015-06-04,136.466552734375,136.92758838550466,134.24435751920416,135.4522686740132,1261800
2015-06-05,136.55877685546875,138.31070684766206,134.85293917647053,135.8487779541368,1097800
2015-06-08,137.08436584472656,137.61916899383644,135.5537238044839,136.55879241506148,641200
2015-06-09,137.02908325195312,138.21854961810587,136.15311790389353,137.02908325195312,666500
2015-06-10,139.8413543701172,141.43653398077166,138.06174922045165,138.06174922045165,903000
2015-06-11,140.10877990722656,141.21526303777821,139.08527984578458,140.03501248923027,846600
2015-06-12,136.3651123046875,139.7030056222545,135.673558888969,139.7030056222545,829900
2015-06-15,134.72384643554688,136.07007680644713,133.54359622502525,135.1018990683666,683400
2015-06-16,134.40110778808594,135.51682025312135,133.7464450433086,134.58553330406576,453600
2015-06-17,133.69113159179688,135.47993821219458,132.08672235982388,134.65929526433487,674500
2015-06-18,135.87643432617188,136.44811405930264,133.54359494264463,134.42877555718954,622600
2015-06-19,136.6970672607422,137.79433433509874,135.84876337150052,135.84876337150052,669100
2015-06-22,136.90911865234375,138.20002668756098,135.7196530747991,137.52690462653862,551000
2015-06-23,136.58645629882812,137.41631502399744,135.72892248443824,136.78008343551016,317200
2015-06-24,134.5394287109375,136.65096582789667,132.94423520862472,136.51266075876742,532400
2015-06-25,133.90321350097656,134.81606927706775,133.10101586330737,134.80683955821144,608700
2015-06-26,133.5896759033203,134.88056991626055,133.02721192560574,134.36421231108446,1322300
2015-06-29,131.04476928710938,134.7053934913785,130.78659044743677,132.6583940699089,513700
2015-06-30,130.48233032226562,132.73218698897142,130.45466930338762,131.93920495184878,721300
2015-07-01,132.64918518066406,133.3776153576355,131.21075612357149,131.45971932797357,684300
2015-07-02,132.77833557128906,133.9770316924696,132.0222299624972,133.25781683370104,522200
2015-07-06,133.2024688720703,133.77414875895818,130.83273811826177,131.17390010628247,804800
2015-07-07,133.72802734375,134.5855611474521,130.50999277195143,133.13790215172588,884100
2015-07-08,133.33151245117188,135.61824528151848,131.60722959360513,132.78747970408668,835900
2015-07-09,135.3324432373047,137.37021345221913,134.56712217429273,134.779194687994,714600
2015-07-10,140.9847412109375,141.3996846843363,136.60490113582713,136.60490113582713,896400
2015-07-13,141.40884399414062,143.05934530049123,140.75416723203543,142.39545289120073,555700
2015-07-14,140.0258026123047,141.89760695334633,139.90592879440547,141.12307013699052,715300
2015-07-15,139.18670654296875,139.7122941134712,137.94191831283,139.52788260563912,579600
2015-07-16,141.80535888671875,143.24380213461762,139.47251929673547,139.58317743561597,565500
2015-07-17,144.3318634033203,145.43834648623593,142.45084356933336,143.031739097789,1082300
2015-07-20,147.74354553222656,147.95563215481667,143.48357875225153,144.72838118339374,885900
2015-07-21,147.75271606445312,148.80387682555008,145.8901280247227,147.77114736100967,795500
2015-07-22,148.30596923828125,149.458558555421,146.3972886453386,146.81221798557013,828600
2015-07-23,146.86753845214844,150.06712748791168,146.38805736182798,148.914538183089,847300
2015-07-24,145.53053283691406,147.4207820479542,143.53885520763197,146.86753357214477,670900
2015-07-27,141.6301727294922,144.8666382798107,141.279781095038,144.5992437643593,672100
2015-07-28,143.85232543945312,145.02335982407098,141.07689614252203,142.93025422283534,659800
2015-07-29,145.11561584472656,147.04274188536976,143.03172526918632,144.35951046819034,827600
2015-07-30,145.19857788085938,145.41988007188544,143.26222240103542,144.42404131680675,445700
2015-07-31,144.59922790527344,146.40647977281918,144.25805195715265,145.92699875768417,453800
2015-08-03,144.32261657714844,146.24974238782735,142.97638616944462,144.42404499190482,740800
2015-08-04,152.5382843017578,152.66738782104304,140.15487058207168,141.6670673071431,2115800
2015-08-05,156.88125610351562,159.14955835271644,152.99011295882747,153.72777302757464,1631500
2015-08-06,154.6498260498047,159.37082741211066,154.06891652900595,156.89045293912457,1022400
2015-08-07,154.520751953125,156.01450336100817,152.83335932918146,155.1016615316108,543900
2015-08-10,158.59632873535156,159.5460614388305,155.75634627661066,156.00530956937325,606900
2015-08-11,157.67420959472656,159.38004731471045,156.80746022650527,157.37913999290953,789300
2015-08-12,159.1587677001953,159.2878571518866,156.0145003993705,156.54930357629016,857200
2015-08-13,158.73455810546875,159.90559251806573,157.13016315482224,159.06650431416983,519600
2015-08-14,161.39012145996094,161.58376260316388,157.99690618796063,158.59624684175407,804400
2015-08-17,161.4730987548828,162.32140254274557,159.6197407686523,161.85115131123052,498700
2015-08-18,161.9987335205078,163.7506636283682,160.3574474831289,161.31639558992023,439800
2015-08-19,157.57278442382812,161.4454815744502,156.5492845846922,161.27028575347393,638100
2015-08-20,153.93983459472656,157.5451375477808,153.16529790901973,156.75215549250154,533300
2015-08-21,149.04364013671875,153.54335366286168,147.3931383042954,152.39997991138583,969600
2015-08-24,142.75509643554688,149.7351693989441,132.0037408711626,141.0584744196568,1330100
2015-08-25,142.31246948242188,151.0537148251473,142.31246948242188,146.37880696118748,950200
2015-08-26,145.63197326660156,145.99158058462945,140.87408100523692,145.99158058462945,770100
2015-08-27,152.13253784179688,153.89368320437194,147.33775617305656,147.33775617305656,792200
2015-08-28,152.97369384765625,154.38789061413024,150.3763784020914,151.24523426727407,706300
2015-08-31,155.099609375,156.56002452608183,151.624186041934,152.4930418752005,783500
2015-09-01,151.3284454345703,154.0274362743188,150.39489487582765,151.94773312449541,677000
2015-09-02,155.79283142089844,155.84828789887186,152.12331068687723,153.7223669186152,555600
2015-09-03,155.20130920410156,158.98174379665852,155.02568757933184,156.58777790000264,708500
2015-09-04,153.861083984375,155.8206222134749,151.7628904007933,153.5190787264329,614800
2015-09-08,157.12384033203125,157.50279762563446,154.7113848586777,155.67266336774443,550000
2015-09-09,155.83905029296875,159.85056205505364,155.40462240910534,158.7783564649275,949200
2015-09-10,157.84483337402344,158.6120143627522,154.89627454502013,155.91300972833602,1062700
2015-09-11,158.50108337402344,158.7876179559258,155.55252461774708,157.15159519398884,955300
2015-09-14,159.79513549804688,161.76391135972605,157.03143628804324,158.53807004414512,1044900
2015-09-15,161.837890625,162.8916064305475,159.5086330151946,160.43294562019736,733300
2015-09-16,163.15037536621094,164.15788659325892,160.7748998508752,161.9302903418078,536300
2015-09-17,162.6143035888672,165.14692510680055,161.64378667396522,162.99327512731128,643200
2015-09-18,157.03140258789062,161.5697789758047,157.01291239439144,160.3219518364858,2066300
2015-09-21,158.602783203125,160.349733315882,157.77090756996066,158.21457363405565,644400
2015-09-22,153.4543914794922,156.56932062470634,151.42090645201802,156.56932062470634,961900
2015-09-23,149.23023986816406,154.37866690298813,146.5682296449702,153.9719671748074,1068300
2015-09-24,147.60348510742188,147.8900197640922,143.4995348023457,147.5203003562385,1186000
2015-09-25,147.32618713378906,149.914265276446,145.9489562601028,148.99919071023805,806700
2015-09-28,141.1794891357422,146.29093587205483,140.3291233715264,146.03212951354953,1098300
2015-09-29,137.14019775390625,144.62713227841442,135.56886982147066,141.9466325174293,1508500
2015-09-30,140.44923400878906,140.81896734595915,136.06800326842998,138.58211944176307,1342300
2015-10-01,144.8582305908203,145.44978992237697,141.15174319664828,141.63237545711576,1565300
2015-10-02,150.73683166503906,150.82001637611813,143.24989738246342,144.76576879007047,1223300
2015-10-05,151.8922576904297,153.62071735728776,149.6831516286792,152.1140977428157,800800
2015-10-06,147.27993774414062,152.28047132556114,145.6623910077538,151.41161539339407,1162600
2015-10-07,147.64967346191406,149.66466780058798,145.56071833207625,148.370636032989,1085100
2015-10-08,150.7183837890625,151.38388987231588,146.03212706536576,147.0673524820317,599900
2015-10-09,152.5762176513672,153.64840905649893,149.76630073835108,150.9032007656628,1023600
2015-10-12,149.75711059570312,153.34343339481825,149.4428336364077,152.51155781194507,544600
2015-10-13,143.3700714111328,149.8402570595684,142.6028905632092,148.61092009389938,999000
2015-10-14,140.264404296875,144.07256680638628,139.16447030309791,143.68435729750396,986600
2015-10-15,137.92588806152344,141.18870948296615,136.4562348305616,141.1332529993656,2227400
2015-10-16,139.97784423828125,140.34756348310242,137.879651559014,138.79472573019135,1651400
2015-10-19,137.20489501953125,140.15345297484362,134.30255549155822,138.89638791218678,1204700
2015-10-20,137.14942932128906,139.76523416921245,136.06798589294755,136.52088978030494,730400
2015-10-21,134.85719299316406,138.9519048505029,133.66483603068656,138.08304881240937,956500
2015-10-22,140.86521911621094,141.59543388813336,134.10849700945218,135.43950926378568,913700
2015-10-23,141.3088836669922,142.6214055773404,139.58040989517687,141.8819528394841,765000
2015-10-26,137.3343048095703,142.80623119930405,136.57636205534698,140.8004754697476,835600
2015-10-27,135.8923797607422,137.5006739168998,132.44468519717464,136.2898272256689,1062800
2015-10-28,141.29031372070312,142.49192197850326,136.04021493876465,136.68724453411235,885800
2015-10-29,140.19969177246094,142.46426833397732,138.48972237150676,140.3475851347592,642600
2015-10-30,143.40707397460938,143.98015729623694,139.9316641673379,140.8190103436035,985800
2015-11-02,143.5180206298828,144.8582710723696,141.11480224040307,143.6751520786263,1056800
2015-11-03,131.35401916503906,139.9686023127594,127.8323916217216,139.3400767298797,4078400
2015-11-04,134.81094360351562,135.38401266954156,127.88783996365486,130.9658013641316,2168600
2015-11-05,143.5734405517578,143.74906215675594,132.45396399077973,134.33031695301378,2660300
2015-11-06,143.2498779296875,145.8009882207576,141.61385575175987,142.91712502667326,1179300
2015-11-09,140.63414001464844,143.2684362583743,138.83173347604676,143.25919821085455,1214600
2015-11-10,141.93739318847656,142.8894337201582,140.25515215241356,140.25515215241356,705200
2015-11-11,144.01712036132812,145.34813254394896,141.6786109946555,143.0188612243625,674300
2015-11-12,140.0333251953125,143.73057470541977,139.79300905455506,142.5566940368722,702800
2015-11-13,141.81723022460938,145.07081348817684,139.58039613837127,139.9224012819565,656300
2015-11-16,145.57916259765625,145.73629396958128,140.98533011626392,141.734020695859,862500
2015-11-17,145.08929443359375,149.87722509968054,144.22043866542867,145.63463527399165,750600
2015-11-18,147.2428741455078,147.84367118042252,145.1169541618514,145.1169541618514,626900
2015-11-19,148.46299743652344,150.4225485794828,146.1522173040716,147.52944734041063,571600
2015-11-20,148.69415283203125,150.515049652331,147.9824423356487,148.9437211653016,681200
2015-11-23,147.8160400390625,150.6721620227538,147.1967524121186,148.84202738612197,577000
2015-11-24,148.78656005859375,149.78481908873,146.25393914303214,146.82702239048584,653600
2015-11-25,148.12103271484375,149.84025400192965,147.55720169854447,148.90670374053272,421100
2015-11-27,149.18670654296875,150.0114026781669,147.50024133437074,148.21374693333016,264500
2015-11-30,145.8507537841797,150.5950828926682,144.68321149884258,149.4275264681572,887700
2015-12-01,147.6484832763672,148.42684519489174,145.34119515079936,146.6292038513987,722600
2015-12-02,146.36968994140625,148.93643098875683,145.76737521316753,148.2414622448335,814000
2015-12-03,142.36671447753906,148.1488616001159,141.12503993448203,146.462396720505,774400
2015-12-04,143.8771209716797,144.56281467644837,140.6246569685588,143.3674742051755,506900
2015-12-07,136.50119018554688,143.376749197302,135.92668694199304,142.8115071179667,1142900
2015-12-08,137.65943908691406,139.61461884773414,134.13826045720103,134.87956345385302,728400
2015-12-09,133.86032104492188,138.78996117186293,132.54450044066894,137.52048880793086,730700
2015-12-10,133.1096954345703,135.65791456438697,130.88580075876496,133.31355409608983,1083500
2015-12-11,131.66416931152344,133.77687360488937,131.03407097172368,131.1360003077711,666500
2015-12-14,132.15533447265625,132.9337106984365,129.7739141064596,132.01634629261557,642600
2015-12-15,134.4533233642578,136.08417864057054,132.59079764671858,133.0819078759258,466500
2015-12-16,136.83473205566406,137.44630803846573,133.2486973059972,135.454055513735,591100
2015-12-17,132.2665252685547,137.1869042739579,132.17385706546784,137.1869042739579,596100
2015-12-18,129.6441192626953,131.96068197925047,129.3197948267069,131.81241857198853,1078400
2015-12-21,130.6541290283203,130.98771460417242,129.07886930758707,130.06108957560278,545900
2015-12-22,129.57928466796875,131.71978694961982,128.86579333353885,131.04335440769796,776300
2015-12-23,132.4703826904297,133.35993521883907,129.40324052453332,131.01557392365126,931300
2015-12-24,131.88653564453125,132.9336264007897,131.61780648128388,132.47031390887713,105700
2015-12-28,129.55145263671875,132.05333757247158,128.2078490729975,131.45103691468591,451200
2015-12-29,130.3391571044922,131.71982016567677,128.80095525267473,130.65420640738947,518800
2015-12-30,127.2164306640625,130.7190886675713,127.03110835986477,130.30209580914456,509300
2015-12-31,126.55846405029297,128.89356337557587,126.20634197051842,126.86425204496386,603000
2016-01-04,125.84497833251953,126.03030056262449,122.62958744611001,124.71449434794548,1200800
2016-01-05,123.4079360961914,126.60480431507528,123.15775747494006,126.19708696894642,945700
2016-01-06,120.30375671386719,123.0465595087884,119.77557353978722,120.99872564449088,822200
2016-01-07,120.05357360839844,123.9268747793843,117.09764365941045,118.12619832513543,1355800
2016-01-08,116.87525177001953,120.82267770401371,116.40267793599321,120.47055554973099,891000
2016-01-11,115.57797241210938,118.2003165391267,114.85519876696625,117.44975233675815,1197300
2016-01-12,118.57096862792969,120.02577001815142,115.83742691094669,116.70844985688997,981500
2016-01-13,113.86371612548828,119.46053387463715,113.02049076529661,118.7655648886109,1247700
2016-01-14,114.54015350341797,116.01348433193196,112.64983704958853,114.24363369122453,903700
2016-01-15,115.54090118408203,116.46752640600691,110.80584573447874,112.01045428122744,872700
2016-01-19,110.4444580078125,117.19955645147333,109.29543768887643,116.72697562787204,1379700
2016-01-20,108.41516876220703,109.59197987661285,105.16271171985547,108.85068381913842,1599800
2016-01-21,109.68462371826172,110.58344419307058,107.12713627423292,108.82286202894707,1579100
2016-01-22,114.5308837890625,116.90304932550684,111.7324785395445,111.7324785395445,1029400
2016-01-25,108.74874877929688,114.32703012885656,108.10011387920511,113.77105634740789,877200
2016-01-26,110.85220336914062,111.00973507326313,107.82214116721872,109.83291675743311,952100
2016-01-27,111.19503021240234,113.32627111930924,109.47150667854294,110.96337389945984,659500
2016-01-28,109.7680435180664,113.77106494440756,109.06380623790163,112.50159267693151,503300
2016-01-29,116.36560821533203,117.3014946890416,109.14719619657087,110.4259365802946,1248300
2016-02-01,114.64205932617188,116.80109752137326,114.37333719689205,115.26289645092776,875100
2016-02-02,112.29772186279297,113.75252329444804,108.95260397931264,113.00195199751201,1125400
2016-02-03,112.40889739990234,114.3918747032417,109.34177034157248,113.87296686897392,965900
2016-02-04,115.28144836425781,117.27368695492767,113.08534402207574,113.08534402207574,1428600
2016-02-05,114.021240234375,116.02274710510528,112.4089072036985,115.12391947836474,947300
2016-02-08,109.2027816772461,113.22433884189805,107.34026298996946,112.80735324765372,1146400
2016-02-09,119.4234848022461,123.7786213079389,100.36279374082346,104.78280081063122,3226900
2016-02-10,121.7400131225586,127.874266909172,119.37711623227105,121.1654959319493,1910200
2016-02-11,119.9052963256836,123.67666771113008,117.39414992855814,118.784087741325,1588800
2016-02-12,123.11144256591797,126.23416542013364,119.83119510146388,122.15701960206249,1140800
2016-02-16,125.47431945800781,126.38240817862814,121.61955530226284,124.45502610075566,942200
2016-02-17,128.7175750732422,132.10902841516165,124.53848425700431,126.37321326182438,990400
2016-02-18,126.07662200927734,131.48810976496924,125.02026985053489,128.72677063758607,643500
2016-02-19,126.00252532958984,128.72680642777877,123.82496399527223,125.6226196390667,683400
2016-02-22,129.77391052246094,130.44108204659906,127.24422674129441,127.24422674129441,710000
2016-02-23,128.2356414794922,130.76532393415826,127.33681404021654,128.56922706663752,680800
2016-02-24,132.2665252685547,132.69276506871586,125.95619391276192,126.5863065875507,763300
2016-02-25,132.97073364257812,134.7035184693409,130.13526242090072,132.2387058597921,735700
2016-02-26,132.13442993164062,134.55039569591466,130.83353401469438,133.9649854439378,588700
2016-02-29,132.5247344970703,134.42962945888235,132.01367722084532,132.6176617356781,645100
2016-03-01,136.3716583251953,138.45310609839007,132.22736523708897,134.26234940068463,891600
2016-03-02,137.11502075195312,137.4402518101049,133.84417860739566,135.45173144160668,740800
2016-03-03,137.92344665527344,138.93630230255943,135.64687156889875,138.007086824145,877500
2016-03-04,137.38453674316406,139.4752719133452,135.70264454059475,137.4588615163987,955000
2016-03-07,143.6938934326172,144.88328821347667,137.75620657957327,138.4531182486099,1375000
2016-03-08,141.4265899658203,143.67528967423,140.34869663093556,142.37439370364677,890000
2016-03-09,141.91908264160156,142.65317084372754,140.43234631428814,141.98413453389023,651600
2016-03-10,142.5323028564453,143.76816063425235,140.19997807230104,142.59735471887063,607000
2016-03-11,145.49658203125,146.25853145913092,143.65673909202047,144.6324041403344,579400
2016-03-14,143.6288299560547,145.00406476626284,141.7610979436507,144.73458436249334,653800
2016-03-15,142.37440490722656,143.3779593829483,140.57172450706182,141.64031669707924,500100
2016-03-16,143.13636779785156,144.15851065084576,140.61820140892834,141.50095341176598,494300
2016-03-17,144.8739471435547,145.8589129999395,141.94691071777268,143.00621549258074,708000
2016-03-18,145.72882080078125,146.40714392340976,143.73099962338685,145.33855212014436,908800
2016-03-21,145.09701538085938,146.13774653104772,143.64744126237792,145.44083480649277,396900
2016-03-22,144.80894470214844,146.35144588387692,144.43726416186135,144.43726416186135,402300
2016-03-23,142.95053100585938,145.20853238953285,141.98415297651593,143.62886863339358,489600
2016-03-24,142.7925262451172,142.90402755392466,140.07921902742322,142.1978289669747,634400
2016-03-28,142.99696350097656,143.50803482874036,141.27790926541718,142.79253496987104,463500
2016-03-29,143.3035888671875,144.04696396454295,141.4637464897258,142.37437354016836,515600
2016-03-30,143.87042236328125,144.59520924239487,141.3336682863836,144.5022820307334,587600
2016-03-31,148.21914672851562,148.84171935926375,143.50803191604456,143.73103454275906,1050400
2016-04-01,150.57937622070312,151.85239693212893,145.28285064981446,146.9089777922007,1087700
2016-04-04,148.5908660888672,150.0683154511004,147.28995577587645,150.0683154511004,581200
2016-04-05,148.07974243164062,149.7523327131391,146.6580442370418,147.58725948468546,652900
2016-04-06,152.24266052246094,153.37630453999037,147.68020912229764,147.9496895510087,920100
2016-04-07,150.4957275390625,151.53644421610682,149.2319940689224,150.9045703916861,717200
2016-04-08,154.4170379638672,156.24759378703226,151.6386924597013,151.84312102118096,724600
2016-04-11,152.4842987060547,156.32194982158993,152.37278318297365,155.72725235374654,447200
2016-04-12,152.25196838378906,153.35772294073723,151.38779057862368,152.58648653761057,558200
2016-04-13,153.63648986816406,153.63648986816406,150.50503811937213,153.32055999590983,671500
2016-04-14,153.64581298828125,154.0174935758055,151.81525702837794,153.32058184016836,337800
2016-04-15,153.9059295654297,154.0360191359618,152.17758859767468,153.3205194086853,460900
2016-04-18,156.41485595703125,156.8237130695166,153.04179895773115,153.6736729075824,568300
2016-04-19,155.736572265625,157.3162362748121,154.48212527611034,156.3777192513933,506400
2016-04-20,157.75291442871094,159.0352221367422,155.04889400612063,155.94094709661022,567500
2016-04-21,156.76792907714844,159.12812984468343,156.59137589077238,157.91085999592357,324000
2016-04-22,158.52413940429688,159.5741430753132,156.46128025776838,157.483408603456,371700
2016-04-25,157.53919982910156,158.90514783681755,156.68432321520862,158.69143222802035,307200
2016-04-26,158.198974609375,159.35120719397733,157.08391859324408,158.2361369991399,517600
2016-04-27,160.32684326171875,161.2003081391576,157.49274720363832,158.68214196223897,708600
2016-04-28,158.0316925048828,160.92153920098997,157.6878731161503,159.36046391131006,381200
2016-04-29,157.2510986328125,158.1338503173863,155.5227576364185,157.73429455080975,814000
2016-05-02,159.9551544189453,160.37329855510976,157.2511339310703,158.14318704309724,560600
2016-05-03,160.93081665039062,163.2724434175986,157.7714757977795,159.2953884795843,911800
2016-05-04,157.46487426757812,161.7299702642694,153.57145882159082,159.79720020745955,1236000
2016-05-05,162.61273193359375,164.5362150542438,159.45340452750878,161.68351632254465,2205600
2016-05-06,165.3166961669922,165.79059086205137,159.43476166133942,162.5755138886065,1648300
2016-05-09,169.34957885742188,170.09295433012332,164.78712589519077,165.74421703097997,1368100
2016-05-10,174.55311584472656,175.32435213746544,169.48888065058517,169.53534425560235,1479500
2016-05-11,173.50311279296875,175.90977744489993,172.69469987544582,174.68322040378592,1246200
2016-05-12,173.5495147705078,176.32785895037594,172.3694075787741,174.91546215354109,833200
2016-05-13,171.67257690429688,174.95270673872673,170.74336133241977,173.2336522592723,922500
2016-05-16,173.36370849609375,174.87831982126667,172.30438942317576,172.70395938240455,635500
2016-05-17,173.04782104492188,173.64251847492542,171.42169370896,173.01065865873016,685800
2016-05-18,172.59242248535156,173.92119330881576,171.60744254238307,171.90479818826736,921100
2016-05-19,171.84909057617188,172.3601618588093,170.241551976877,171.49598420294944,914500
2016-05-20,173.9304962158203,174.8318361038877,172.09995529637808,173.140671794477,555100
2016-05-23,175.42657470703125,176.47659267961293,173.48451786215014,174.08851639858213,481000
2016-05-24,177.1269989013672,177.75887261747712,174.57165707230405,175.8075150038039,637700
2016-05-25,179.4779815673828,180.14701791168164,177.48017376455155,178.41867638536036,712600
2016-05-26,178.13059997558594,179.7381387434918,177.35006239588972,179.23636863617355,743600
2016-05-27,178.62411499023438,179.12693426727893,176.9945878138326,177.7115837497872,785600
2016-05-31,176.02615356445312,179.78804094165866,174.04279610589916,179.6297457403509,1093800
2016-06-01,175.73748779296875,176.26825480112578,173.60514170979113,176.02614456932912,853600
2016-06-02,174.96466064453125,175.30919892005326,172.39466853194313,175.30919892005326,754000
2016-06-03,173.87518310546875,175.6350717011063,171.82663771394402,174.56424535345755,708300
2016-06-06,174.24766540527344,175.23469097627108,171.71491357371215,173.40961437092446,634800
2016-06-07,174.18247985839844,175.30918772120958,173.04646552702982,174.11730616179804,525100
2016-06-08,176.73385620117188,177.19011469553234,173.42824124450618,176.03548744448258,804500
2016-06-09,176.203125,178.0188812953997,173.5120774113431,177.9909476761129,680000
2016-06-10,172.76719665527344,174.64814140041284,171.89191932257344,174.59227414602302,626700
2016-06-13,170.299560546875,173.23270384660094,170.25299978483895,171.40764132492473,576100
2016-06-14,169.16351318359375,171.09101753109186,166.5842009196761,170.16916577250404,1015900
2016-06-15,171.0166015625,173.130321474085,169.51743556333977,170.0109485125956,555600
2016-06-16,170.67202758789062,171.24935549377503,168.27895773815288,170.18783541953658,700800
2016-06-17,170.1598663330078,170.67199201169424,168.46515147197678,170.23436069915343,873300
2016-06-20,171.44488525390625,173.97763731528408,171.18416203067764,171.79873000329508,752500
2016-06-21,171.16551208496094,171.8824936896482,170.11329874191628,171.57520976977636,523100
2016-06-22,171.24937438964844,171.75219376099028,169.64778052781585,171.2679873308578,489300
2016-06-23,175.01123046875,175.02055114673445,172.18982145947191,172.9440575419828,724000
2016-06-24,174.9832763671875,178.54961457185138,168.60485016042537,169.75017095874153,2310200
2016-06-27,166.9008026123047,174.2197067084715,165.96032372721837,173.13955977527667,1070200
2016-06-28,168.41860961914062,170.74650554115385,166.8728975252692,168.9959374694773,787500
2016-06-29,172.45980834960938,172.87882667820136,169.98292424428476,170.6440385784676,568000
2016-06-30,178.78245544433594,178.8848834611017,172.33883948436537,173.25137095569033,866100
2016-07-01,176.10997009277344,179.15484743922238,173.81931447165394,178.51236016085318,1052700
2016-07-05,173.9124298095703,175.91441435773083,172.91608366504994,175.58851749621604,401600
2016-07-06,181.50143432617188,182.02288087377457,173.40035727110933,173.61451977279913,923600
2016-07-07,181.90184020996094,182.32085874293577,179.94640144494127,181.6038626346482,757600
2016-07-08,183.15887451171875,184.58354588318835,182.23703668803324,183.76413606306247,625100
2016-07-11,183.00054931640625,186.11061479417165,182.92605494343388,183.9037740522167,538100
2016-07-12,184.30413818359375,185.9336650554995,183.1495110934139,183.9968684768081,495400
2016-07-13,183.31715393066406,185.28189876875567,182.451183418504,185.28189876875567,603300
2016-07-14,183.5220184326172,185.5985120393055,182.44187120335565,184.09934634251937,410400
2016-07-15,183.96897888183594,184.66734770830945,182.87951100918912,184.2203814293543,375200
2016-07-18,186.2037353515625,186.511019310357,183.7454778895553,184.3600458071443,496600
2016-07-19,184.59288024902344,185.7288948424284,183.7455225393218,185.6450797726821,220900
2016-07-20,184.69529724121094,186.23170310851563,182.84228668027473,184.49974770127238,349700
2016-07-21,182.58152770996094,185.5519250667107,181.74347668492902,184.85355631669174,426000
2016-07-22,184.60215759277344,185.08636395168264,182.45118390626425,182.45118390626425,399100
2016-07-25,185.01185607910156,185.13291121208732,183.12160575255692,184.58351698354736,243900
2016-07-26,187.96360778808594,188.0567292978491,183.95962441017878,185.0118377954427,465200
2016-07-27,187.64706420898438,189.69561005978846,186.7717729488637,188.18713784200247,413500
2016-07-28,191.53924560546875,192.15381344899228,186.97657594903617,187.39559431203963,624300
2016-07-29,188.69918823242188,192.04205669746844,188.23360917020682,191.22263300129944,820400
2016-08-01,182.7957000732422,185.70090968438876,180.28157527833847,185.70090968438876,1127800
2016-08-02,184.8349151611328,185.77537989153197,179.25727205209654,180.36535265813617,886800
2016-08-03,186.362060546875,187.15355095065075,184.35075478847037,184.35075478847037,525500
2016-08-04,184.80702209472656,186.04546456092288,183.6430740108974,186.04546456092288,371300
2016-08-05,184.65805053710938,185.55196900046306,183.62446397402167,185.24468497269623,269700
2016-08-08,186.63209533691406,187.47014652989495,183.98760855021303,184.83496621338705,419000
2016-08-09,186.0919647216797,187.52594204228188,184.50898447651812,186.55754380358698,337800
2016-08-10,186.4644775390625,187.33044806792495,185.44019757211208,186.7252007654953,258100
2016-08-11,184.87220764160156,187.25598540499797,184.50905638451817,186.6693509864973,506200
2016-08-12,182.9353485107422,185.33772419343188,182.37664790041865,185.2632440398457,510900
2016-08-15,185.72886657714844,187.2652723022965,182.39531769494198,182.94469775827613,538800
2016-08-16,183.2799072265625,185.69160404163023,182.50704405947198,185.69160404163023,363900
2016-08-17,180.5422821044922,183.30782339041113,177.38565603782234,183.25195616578216,654000
2016-08-18,180.90545654296875,182.27426055584152,179.01520608868728,180.6447333222644,378000
2016-08-19,179.0152587890625,181.12899300121788,177.87924404655462,180.2816351802998,637900
2016-08-22,181.65040588378906,182.07873084654142,176.3241780098713,178.50308553783273,576100
2016-08-23,181.71551513671875,183.1867467822568,181.0357736362003,182.24628212514642,437200
2016-08-24,181.9949188232422,182.4046308204594,180.0488010448111,180.89615865647843,338600
2016-08-25,178.06536865234375,182.2928346006677,177.66497746873526,182.21834024383097,601800
2016-08-26,175.31857299804688,179.13632965840372,174.45260215741752,178.27034460941903,596600
2016-08-29,176.5569305419922,178.00022878716996,175.70026658813757,175.70026658813757,448400
2016-08-30,176.22097778320312,177.44350094387937,175.15710125315977,176.93956542539206,482100
2016-08-31,170.8082733154297,174.97979271289648,169.50176322579685,174.97979271289648,1004800
2016-09-01,171.27490234375,172.10547260235575,168.56855365568003,170.42566358498084,631200
2016-09-02,172.30145263671875,172.70273282250048,170.05237545067405,172.40410802562224,641800
2016-09-06,168.86715698242188,172.91735236929077,167.70062506869985,172.38542122137713,774600
2016-09-07,168.8204803466797,171.18153962588462,167.99925162340654,168.86714446774863,619900
2016-09-08,167.92459106445312,169.62305399199116,167.35532296590617,168.8298208972227,399100
2016-09-09,163.31451416015625,166.76744675442043,161.92400259894453,166.6834598504273,1193000
2016-09-12,167.87796020507812,168.3072502660414,162.46524863236155,163.14651360388788,1013700
2016-09-13,166.5807342529297,167.67260626445628,165.29287864143652,166.5154016396443,650500
2016-09-14,165.53555297851562,168.00859499547826,164.50899917530933,166.55276541267068,688500
2016-09-15,165.95550537109375,166.5807647962759,163.10916452519575,165.5355567111824,807300
2016-09-16,162.33457946777344,166.31012937271024,161.95195357966506,165.32089834103917,770400
2016-09-19,163.28648376464844,164.97561981599117,162.4652406829334,163.86507907773355,487500
2016-09-20,163.09046936035156,164.46231186767886,160.97205790853553,164.46231186767886,582200
2016-09-21,166.96337890625,167.02869728700884,163.1371486308761,164.25701639150785,726500
2016-09-22,169.77236938476562,170.294973349855,168.03656950649582,168.03656950649582,954200
2016-09-23,169.18441772460938,170.62159274039917,168.6058225633866,169.3804013139948,831700
2016-09-26,171.01361083984375,172.4694406646539,168.71786933463946,168.71786933463946,864500
2016-09-27,171.3215789794922,171.5175484058859,168.38190942453738,171.07894541923045,656600
2016-09-28,172.74000549316406,173.57990255149036,170.42559653975835,172.03074516490938,517800
2016-09-29,170.31365966796875,172.04945972787905,167.88726758770136,171.7134979666096,996200
2016-09-30,167.15000915527344,171.22819977197415,166.7580561791963,170.31364282779413,1117800
2016-10-03,165.087646484375,168.2699500372522,164.49038251244787,167.0287579531122,730900
2016-10-04,163.96771240234375,166.3941043228352,163.7157375380111,164.65830437722593,712700
2016-10-05,164.02371215820312,166.47809983091284,163.04383675477715,164.89161929596122,855700
2016-10-06,166.53411865234375,166.87942183479967,163.40782118884886,163.44514395025004,658900
2016-10-07,158.7603302001953,167.02870936105995,158.51769667715132,166.5341009456946,1218400
2016-10-10,159.81488037109375,161.0840677278701,158.52702451557138,159.30160345477017,873400
2016-10-11,157.89242553710938,158.8629737971739,157.0711825355917,157.22982916272287,1033200
2016-10-12,158.5457000732422,158.69501959007397,156.39927829843725,157.73379834029532,631100
2016-10-13,160.48683166503906,161.1587553371062,155.90468986354904,157.2485372076833,624500
2016-10-14,161.80262756347656,162.549196506121,161.22401812107037,161.44799734779758,625900
2016-10-17,165.3582305908203,166.03948122675635,160.86941816079482,161.98928592614084,873900
2016-10-18,166.31005859375,166.8886536242347,165.27417811795232,166.8886536242347,678600
2016-10-19,165.4982147216797,167.18735067963425,163.36113448932468,167.18735067963425,542000
2016-10-20,166.39414978027344,167.4953493017147,163.1558553721247,165.15295785600682,522800
2016-10-21,167.72869873046875,167.98067372823257,164.145114441842,165.07834040699885,532800
2016-10-24,168.2978973388672,169.01648502118206,167.48599564267658,168.6805232434666,481900
2016-10-25,166.14215087890625,168.32589534496037,166.00217273616911,167.97127930339548,517200
2016-10-26,166.13284301757812,167.53268156687378,164.46236104107797,167.39268916800776,684400
2016-10-27,165.07826232910156,167.09403287800674,163.4637861601586,166.83273087054403,627500
2016-10-28,169.2124786376953,170.28568241985926,164.45302221267903,165.46090760526695,905600
2016-10-31,173.00137329101562,174.2518922280852,169.3991217595351,170.04304972799585,1459100
2016-11-01,180.00057983398438,181.96968665531662,175.82905976338904,175.82905976338904,2244900
2016-11-02,177.7327880859375,182.27760581237195,177.13552435415372,179.53392064952786,1291900
2016-11-03,175.8943328857422,178.18073244299873,174.4105078035922,177.89143482520868,643900
2016-11-04,179.4873046875,181.51240279394588,175.99703536345493,176.3796613267649,716400
2016-11-07,185.03060913085938,185.15191875306877,180.74709360480804,182.32424685253946,880200
2016-11-08,188.52090454101562,188.69821968924063,183.72412536856731,185.03064979555015,978600
2016-11-09,210.3397674560547,212.81281018845593,199.37436404729036,199.37436404729036,3888400
2016-11-10,217.92684936523438,219.1493726411735,210.9556528895658,213.05541052103482,1892100
2016-11-11,214.3992462158203,219.681292086139,208.66924182202573,218.84139477443273,1861100
2016-11-14,216.041748046875,220.62388961956904,213.7273523141479,216.50836089362852,1611400
2016-11-15,213.87664794921875,216.48035549092262,210.5823625390219,214.54857155740729,1445600
2016-11-16,206.1029052734375,211.0863271841116,205.43098161807757,210.0224504364408,1681800
2016-11-17,206.30819702148438,208.10931565365206,203.11655283326866,206.03755361423146,1216800
2016-11-18,205.00167846679688,207.06411343535012,204.08712130965023,206.0562280164995,576400
2016-11-21,207.9413604736328,208.24931242821248,205.1416833310269,205.9722536470709,747700
2016-11-22,206.50416564941406,209.50915330821553,205.0109989499239,209.16386438291428,819900
2016-11-23,209.24783325195312,209.63978627283947,204.23641662218057,205.75756458040553,569900
2016-11-25,210.2650909423828,211.4969557645343,209.14522289308726,209.44384772761515,239600
2016-11-28,201.8754119873047,210.12512464565916,201.6887554352993,209.9571365968334,1157500
2016-11-29,204.30645751953125,205.26020332988034,201.43587481486236,201.50133453299304,864400
2016-11-30,205.1947479248047,209.10322678735,204.46541707438217,206.25134883757295,672000
2016-12-01,206.55059814453125,207.13033339827592,204.77402554773116,205.84931723512122,918300
2016-12-02,208.7479248046875,209.24349544445116,205.40982124156005,206.25136678901157,822900
2016-12-05,209.01904296875,210.215908483928,207.69128656182193,210.04759369757784,681300
2016-12-06,210.69277954101562,210.98263995347867,206.24198974340504,209.64553823983493,476200
2016-12-07,214.919189453125,215.08748999242968,209.89800934995813,211.31927573032738,690200
2016-12-08,215.7326202392578,217.17257683170988,213.84383377823647,215.26509982685783,605700
2016-12-09,216.14407348632812,217.44377986053846,213.3109004960165,216.40588381583865,481500
2016-12-12,209.1593017578125,215.69522853486535,208.54217133795586,215.33992269388673,726000
2016-12-13,207.76612854003906,212.244983376765,205.587481075691,210.17853627823226,647200
2016-12-14,207.4014129638672,210.9639163935536,205.69964600066513,207.44816786085659,576100
2016-12-15,207.0274200439453,209.26216734244866,205.67161352074825,207.5790907799039,587700
2016-12-16,206.0736846923828,209.72969841370883,205.6809691858793,207.57910126777628,763300
2016-12-19,208.2149658203125,208.67314114080244,204.5122106892383,206.05502294925316,522400
2016-12-20,211.35662841796875,213.4043701716009,206.68142414669578,207.89698011074498,507600
2016-12-21,210.80502319335938,212.72186039327948,210.11310187762703,211.3566940444421,532600
2016-12-22,209.58941650390625,211.19768802765947,208.85074045487167,209.89798171960692,382600
2016-12-23,210.48704528808594,211.51559592510824,207.37335756065414,210.35614014042775,254200
2016-12-27,214.30201721191406,215.59237816570226,211.76805020090518,211.76805020090518,409500
2016-12-28,211.47824096679688,218.575199393982,210.43099951482813,215.33996522232368,486900
2016-12-29,210.234619140625,212.76858657808307,209.6455530010309,211.3192701461285,436700
2016-12-30,207.13961791992188,211.88962759859078,206.4383372161978,211.63716255032423,422600
2017-01-03,208.82273864746094,210.9826813891415,205.24152938391265,208.9723486534671,752900
2017-01-04,211.6558837890625,212.89013050424958,208.3364853469894,208.738560400808,664900
2017-01-05,211.80545043945312,214.73211850268385,210.4870394596655,211.4594756342579,649800
2017-01-06,205.55941772460938,211.54368890958588,205.26955728655406,211.39407891975284,818400
2017-01-09,205.11062622070312,207.20512352268304,204.30649026497468,205.59685161122619,643700
2017-01-10,206.232666015625,208.01859796927303,204.99841916312982,205.77450500059356,587700
2017-01-11,207.53236389160156,207.80353379339903,205.51267174393007,207.24250344095876,415700
2017-01-12,205.6342315673828,208.0466392537625,202.7169079780839,207.7100238959515,611700
2017-01-13,206.3355255126953,207.21446646225874,204.82076343988751,205.35372946759583,478800
2017-01-17,205.5780792236328,206.59727031288182,203.00671691900462,206.59727031288182,635400
2017-01-18,210.72084045410156,211.2164110429843,205.147989813097,205.84927056350767,622900
2017-01-19,211.09483337402344,212.55350919684196,210.40291222313473,211.25378861862197,727600
2017-01-20,212.9556427001953,214.26469473094036,211.76813632884992,212.36656215256153,612700
2017-01-23,212.5909423828125,214.92854510330105,210.8611106626131,213.7503984685089,607300
2017-01-24,219.26710510253906,220.26760577810393,213.5540042666903,214.31138516141516,727500
2017-01-25,226.27992248535156,227.48611910019767,222.1283381536318,222.13769769491165,1432800
2017-01-26,225.9246063232422,228.1313036975952,224.25088917787653,226.29863129119656,795300
2017-01-27,224.2041473388672,226.97187519264352,223.22235135871432,226.81291992234745,420100
2017-01-30,220.02452087402344,222.53978373773998,218.12638856590326,222.53978373773998,606800
2017-01-31,214.68540954589844,221.31484651025426,212.0111918367838,219.6317699332603,1151100
2017-02-01,215.52696228027344,217.144579303763,213.70363508413269,216.2656384329069,649300
2017-02-02,213.7410125732422,215.40538436361427,212.31040102609754,214.57319846842825,602900
2017-02-03,215.91030883789062,218.1731062211027,213.7597118028666,214.92851298846742,491100
2017-02-06,215.60177612304688,216.51811239580496,214.76959012411874,215.86358648669204,524200
2017-02-07,211.8990020751953,214.1244043806771,206.9526411076365,209.32763914049286,1086700
2017-02-08,211.55303955078125,213.7971323848347,208.82272137123164,211.89900017690263,500400
2017-02-09,210.68345642089844,212.56288379672785,210.243985985602,212.25431853784346,520100
2017-02-10,215.358642578125,216.1440735669495,211.74002433033922,212.15144463903573,519600
2017-02-13,216.35910034179688,219.20161823007092,215.08744422313956,217.5466062087085,664300
2017-02-14,211.70262145996094,214.2272291302554,206.98066188597744,211.89897206640575,1557100
2017-02-15,207.5791015625,211.59042116630454,205.67162420426135,210.05695450024027,1739600
2017-02-16,207.13961791992188,208.25231891931222,205.70900642573213,207.53233340189627,772600
2017-02-17,203.41818237304688,206.64407112762905,201.2769303882518,206.47577058782548,835100
2017-02-21,205.69027709960938,207.28920319129443,203.8856551521967,204.07266046405226,727100
2017-02-22,204.7178497314453,206.98999219011836,204.51213959927023,205.60613570169704,749100
2017-02-23,195.1243133544922,205.94274259486582,192.93632123877305,205.42846728537864,1913500
2017-02-24,196.4053192138672,197.59282500254457,192.7119109765812,193.62824694848837,985800
2017-02-27,201.2769317626953,205.42851631732907,195.37682500605635,196.81679621631466,825400
2017-02-28,201.92208862304688,205.08253157344512,200.0239566517086,201.6415734868566,1167800
2017-03-01,207.83155822753906,210.36551123993834,205.5500560017379,208.5328389477193,1166900
2017-03-02,205.18040466308594,207.94399500089924,203.85013439899356,207.88778861284828,710900
2017-03-03,203.9343719482422,207.83150881543943,202.30431579749904,205.07728241693562,675900
2017-03-06,201.1146240234375,203.94379788465722,200.08414026755017,202.28563803781267,753900
2017-03-07,196.6647186279297,201.3768909234934,195.79349129362961,200.96469181258118,839200
2017-03-08,197.52662658691406,198.86625960144855,196.3462354497742,196.3462354497742,577100
2017-03-09,195.00660705566406,199.43771967090214,192.85193861095647,197.11443208523824,610300
2017-03-10,199.36276245117188,199.67191182106882,195.40941857372997,196.14013006817635,707900
2017-03-13,201.34881591796875,201.57365574260547,198.3697632882028,198.94121866804267,567400
2017-03-14,198.29478454589844,200.0091504076015,196.08390999302802,199.4564353430343,500400
2017-03-15,200.49630737304688,201.62047778786095,196.3837073850854,199.02550714516835,553500
2017-03-16,197.0769805908203,201.0678057150454,195.97155016319346,200.9647559044526,658100
2017-03-17,198.55712890625,199.66257354389296,196.35563118601732,197.66716113447063,572300
2017-03-20,197.77020263671875,198.63206718018748,196.26193611199753,198.63206718018748,365000
2017-03-21,195.87782287597656,199.1660388748567,194.4726062732695,198.67889311676288,526300
2017-03-22,199.10984802246094,199.62509704620564,193.91992021549828,195.32513702865404,715300
2017-03-23,199.99986267089844,201.1052932158261,196.90838231967308,198.96000148806647,672200
2017-03-24,194.14471435546875,199.76558028509854,193.44210611426504,199.68125643225713,812100
2017-03-27,193.9573974609375,195.06284218366898,189.02041240063133,190.9596042804372,718900
2017-03-28,196.65545654296875,198.63212926092808,193.4515631209196,193.4515631209196,767500
2017-03-29,200.7305450439453,201.16147020216755,196.73035711348183,197.80768430364228,591600
2017-03-30,198.1917724609375,203.0912909671098,197.61095409919366,200.15908167174084,705900
2017-03-31,204.4590606689453,205.22725277548102,199.6157480949122,200.4776127521388,927600
2017-04-03,200.88037109375,204.81498863590696,199.3440016620529,204.41215248228946,634300
2017-04-04,202.36058044433594,202.4730075077105,199.21289426733105,200.75864131094312,450300
2017-04-05,201.39564514160156,205.14288952050362,201.07713280009958,202.72591518075944,833200
2017-04-06,204.4215850830078,204.56210104986866,200.57129035036573,201.26452151301922,848400
2017-04-07,207.41934204101562,209.42411715518097,204.8805777565667,204.8805777565667,873400
2017-04-10,206.3888702392578,208.00018662382928,205.67689888347678,207.54114399632317,398000
2017-04-11,205.71437072753906,206.29520339963543,200.54318312651947,205.9485735306702,533800
2017-04-12,199.34405517578125,204.97429981193167,198.36977778702018,204.97429981193167,786100
2017-04-13,196.8333740234375,199.83116658141907,196.81463379959317,198.89435551363718,496000
2017-04-17,199.25039672851562,199.40028996650216,196.88026529445145,197.26436135631474,456600
2017-04-18,197.41421508789062,199.70003664414193,196.19635770034316,197.73274175158443,310100
2017-04-19,197.81707763671875,200.35582825599727,197.414241344324,198.36979287328717,484200
2017-04-20,203.55966186523438,205.011721816704,198.57583463238726,199.19413334120947,474500
2017-04-21,205.05856323242188,206.08906107043538,202.77274206053866,203.83134308553417,560900
2017-04-24,208.73085021972656,209.44283570643023,205.07729314964556,207.48488991259612,553700
2017-04-25,209.37733459472656,210.61393242555624,208.03770123926768,209.88320642895266,655300
2017-04-26,207.17581176757812,209.66773323812626,206.84793639173077,209.42416744795915,487800
2017-04-27,209.2367706298828,209.83632917850926,205.03984649489422,207.0352587667838,529000
2017-04-28,206.27647399902344,209.74267280836148,205.9017409175835,209.0494273286517,542300
2017-05-01,208.78707885742188,212.1596044314755,206.0141260917356,207.51301522884634,989000
2017-05-02,224.6941375732422,228.01044242294643,216.40335400707815,217.50878419211213,1761200
2017-05-03,223.86984252929688,228.88178971014267,222.12737258906688,223.33585311948997,744200
2017-05-04,222.02432250976562,227.13931952050459,221.9774790764747,224.12278538756271,924200
2017-05-05,222.5394744873047,223.44818237673496,220.61900891805715,223.36385851579823,456300
2017-05-08,219.4855194091797,221.8931313798397,218.51124191918825,221.8931313798397,389000
2017-05-09,219.06390380859375,222.0242303100998,218.13646996976834,219.83209577065415,412600
2017-05-10,219.47613525390625,224.0196754669154,219.01709260215114,220.8438859482632,788600
2017-05-11,218.989013671875,219.644793045499,214.2112844150855,218.8484976887308,581500
2017-05-12,215.97247314453125,218.52997831326454,215.4103949352253,217.58378974149937,405900
2017-05-15,220.32858276367188,220.54404529253938,216.0005204907077,216.72185467313403,502700
2017-05-16,218.30516052246094,220.7408758928452,217.3683491176374,220.32867658758562,430900
2017-05-17,210.5670166015625,218.3050704672439,209.7145151441412,218.3050704672439,983600
2017-05-18,214.7921142578125,215.54156622839267,207.43813913181864,209.3867085374841,773400
2017-05-19,213.95835876464844,217.49014180605604,213.6492092819632,215.82261862886259,472500
2017-05-22,217.124755859375,217.72431451090875,214.52978459346227,214.81083083831373,440600
2017-05-23,216.45962524414062,218.9234436347709,215.20430148324266,217.38707361384638,398000
2017-05-24,213.0402374267578,217.5088165377523,211.04482500581278,216.27223319272758,500900
2017-05-25,215.02626037597656,216.5064236963518,213.56483728093875,213.8646094133191,382200
2017-05-26,213.3680877685547,214.82014781055236,212.4219137178969,214.2393295115944,336100
2017-05-30,212.78622436523438,214.4756026784278,210.86221057301444,212.38264389438197,440400
2017-05-31,210.3272247314453,212.89882011784238,209.30420327758227,212.8143547922333,623700
2017-06-01,213.95004272460938,214.8979649983633,208.68482148000592,210.3929604898713,548100
2017-06-02,212.62669372558594,215.53616534339565,212.2043526882765,214.05328158057836,367100
2017-06-05,213.68724060058594,214.22221642697696,212.12927172872458,212.42021746405382,342800
2017-06-06,211.8007049560547,215.1513057186857,211.5003790572278,213.08650250983246,415800
2017-06-07,213.5464324951172,215.84585723351634,212.02599923448827,212.02599923448827,446100
2017-06-08,217.84495544433594,220.63242596216094,212.16677422946975,213.5464319330806,630500
2017-06-09,220.38841247558594,221.45834965245035,217.85433792736941,218.783499549783,478300
2017-06-12,217.84495544433594,220.2757754665027,215.50798101717598,219.262148521747,360800
2017-06-13,221.1017303466797,221.89948246947088,218.20163894773964,218.3517947866673,355000
2017-06-14,216.7280731201172,222.29363350222906,215.05746984343202,221.10168139324193,397100
2017-06-15,215.3202667236328,215.71445257701313,213.02084208507486,213.58397291619644,243000
2017-06-16,216.17437744140625,218.42687248031237,214.00634774423094,215.7238812978279,639200
2017-06-19,217.48826599121094,218.10770695555112,215.44225194179688,216.07107316765376,369700
2017-06-20,215.05746459960938,217.46952386739812,213.36808651802733,217.0565631895657,401900
2017-06-21,213.13348388671875,216.06174445265387,212.7111428815494,215.86464434570104,358500
2017-06-22,212.47647094726562,215.09499618690646,211.2657583640149,213.0959119531199,511100
2017-06-23,214.240966796875,214.76654797754477,211.97907734626614,212.71113889377233,708000
2017-06-26,217.9575958251953,220.73568633395908,216.17437182580233,216.34330250487554,1053100
2017-06-27,211.44406127929688,217.52582203616942,211.34082111555648,217.52582203616942,566700
2017-06-28,213.33056640625,214.653913858226,212.11045913111636,213.22732622940762,598700
2017-06-29,207.77442932128906,212.58913996834966,206.94850779136993,212.58913996834966,717200
2017-06-30,208.90061950683594,210.29905183691932,205.54063840255603,208.3937989540228,768400
2017-07-03,209.63272094726562,210.90913851378997,207.22066137187983,209.91428638360438,265200
2017-07-05,212.89881896972656,213.12407415781414,208.18734943390547,209.5013022285545,677200
2017-07-06,212.11045837402344,213.32117106084223,210.7871109267709,211.67872282122036,582000
2017-07-07,213.89369201660156,214.56006306290624,210.41170960796165,211.8664524085607,494100
2017-07-10,210.9279022216797,213.33994734866056,210.91850763765635,213.1897772144094,382800
2017-07-11,207.15493774414062,211.12496536624153,205.72835026366295,211.12496536624153,490000
2017-07-12,211.25640869140625,211.7538347900633,207.94335668140107,209.10715388032332,423300
2017-07-13,210.552490234375,214.9260990048799,210.34600986694252,211.9039928862918,534100
2017-07-14,209.5482635498047,212.3826499055382,209.16345791626674,211.18131736460174,326600
2017-07-17,210.0269012451172,211.39717869432306,208.52522850524875,209.25730434866875,312600
2017-07-18,207.04234313964844,208.60970635075876,206.66691779742854,208.35629603488687,325000
2017-07-19,210.18649291992188,210.23342288744806,206.69511528700266,207.18316117144715,238300
2017-07-20,210.96542358398438,211.35960941945564,208.43136360109128,210.16765732964242,317200
2017-07-21,210.8621826171875,211.4628487910193,209.7828652851653,210.2615164433557,283700
2017-07-24,213.04898071289062,213.13344603472098,209.6233089981141,210.543075918181,524600
2017-07-25,214.08139038085938,215.86461407305836,213.27424385974575,214.08139038085938,583400
2017-07-26,213.565185546875,214.34417694514417,210.5993900760936,213.94059653160207,525600
2017-07-27,211.87583923339844,215.05749578127205,210.29909567598042,213.55582297524356,576300
2017-07-28,212.5797119140625,212.88943241815397,209.24788575054498,211.01234886924394,444800
2017-07-31,212.51405334472656,216.21191103184964,212.00724697751824,212.88009846456168,876100
2017-08-01,198.9427490234375,216.80320215012367,192.41049039766796,210.1395482171037,2232800
2017-08-02,202.94091796875,204.76169160839197,196.44620951711877,196.44620951711877,1721800
2017-08-03,197.8727569580078,204.37684434854188,197.60057183337332,202.8751861556661,761700
2017-08-04,201.24212646484375,201.36414147879495,197.73197505703752,198.49220592741304,591500
2017-08-07,200.8573455810547,203.57912566628514,200.5382447741351,201.0450654166665,462100
2017-08-08,196.97178649902344,201.15768972800822,196.4931352794431,200.14406274447362,525400
2017-08-09,197.98538208007812,199.16795386714054,196.69958444723548,196.95299473317897,501600
2017-08-10,194.08103942871094,197.8821363265042,192.4479859723184,197.12191981114762,595900
2017-08-11,192.1852264404297,194.50342604976967,190.81494898252737,193.85582985560413,523300
2017-08-14,192.7952880859375,194.99147283963723,192.06322650137093,193.86522534961279,636800
2017-08-15,193.68687438964844,194.38140050484617,191.79103018934515,193.01112312108089,483100
2017-08-16,192.50433349609375,195.0759435086119,191.84735701727908,194.8506882925841,428500
2017-08-17,188.0931854248047,192.77650033559482,187.9523955473401,191.97874831401364,539100
2017-08-18,188.2151641845703,189.7731469923443,183.77586552965886,187.70835791943276,861600
2017-08-21,186.72291564941406,188.75016967197834,185.93454385875467,188.75016967197834,436400
2017-08-22,188.47796630859375,189.09739299671372,186.57271332820412,187.21092918273598,509500
2017-08-23,190.89935302734375,191.4437088662105,186.553915218731,187.26720166913842,823200
2017-08-24,187.6896209716797,191.1528431659421,187.61453589482954,190.8431225943155,622500
2017-08-25,183.52244567871094,188.20577412045645,182.07709769925015,188.20577412045645,943200
2017-08-28,188.036865234375,188.51551642195037,179.34595854446863,183.52246690962266,1160400
2017-08-29,190.35507202148438,190.48646731256576,186.2536342450628,186.29118394023615,814700
2017-08-30,200.66024780273438,201.7864951439868,189.9139466232221,190.41137265161703,1200000
2017-08-31,199.37184143066406,203.05851171273386,197.55671229287327,202.20267369621357,1464300
2017-09-01,198.96737670898438,200.19000007780102,195.74154643527106,199.6821486464237,509600
2017-09-05,195.4311981201172,198.8169080030527,194.3778537193977,198.76989561552722,792300
2017-09-06,196.66326904296875,197.2275613361097,193.9923161366065,195.6193383460424,559800
2017-09-07,196.41871643066406,197.6695387804846,194.0581089038051,197.6695387804846,559800
2017-09-08,199.38121032714844,199.56930293847986,195.6193006983343,196.47513858302065,674200
2017-09-11,192.10194396972656,200.7355355555202,191.50945285687865,199.6822052655249,1136100
2017-09-12,192.93890380859375,193.21165024981758,191.7915204053733,192.3181997245017,816100
2017-09-13,191.18963623046875,192.51571275240994,186.36499713127498,192.2617798470169,1558500
2017-09-14,187.56878662109375,191.20842901717563,187.02330808941903,190.12688591075388,956500
2017-09-15,187.34310913085938,187.96382770511443,184.70976934507365,186.73180451565347,879300
2017-09-18,190.3526153564453,192.94834210120376,187.62523670348025,188.0014219140458,836800
2017-09-19,187.2960662841797,191.44357501391255,185.49035141931657,190.80405727763744,982000
2017-09-20,190.11753845214844,191.565881972286,186.49670835290274,188.1331301697619,643200
2017-09-21,187.90737915039062,191.9326210978405,186.50606271964156,191.06738364984662,558100
2017-09-22,186.86341857910156,188.25532082748958,186.48721908592688,187.71925628171272,489900
2017-09-25,184.46524047851562,187.31488591143034,183.78809558846197,186.92928672532128,658300
2017-09-26,184.85086059570312,185.92300440126488,182.71597259364174,184.80383384929596,624600
2017-09-27,190.53131103515625,192.29001351318934,185.04832612826303,185.0671396942198,803600
2017-09-28,192.79786682128906,193.7383442204173,190.82285854290126,190.8604856751723,716000
2017-09-29,193.95465087890625,195.07382128500433,191.77275076537123,193.69131835400628,577500
2017-10-02,192.7884521484375,195.09261872613808,192.2241600128375,194.34023399551978,371600
2017-10-03,194.1239471435547,195.31834313109854,191.75394003387242,193.39977551410107,527000
2017-10-04,193.71014404296875,194.48132809971045,191.43419030644472,194.48132809971045,335400
2017-10-05,197.4156036376953,197.876428354041,193.1646420049701,193.5972678994542,390100
2017-10-06,193.69131469726562,197.37798432681024,193.34334265676287,196.25881394184123,727300
2017-10-09,193.67254638671875,195.93910085980565,192.5816032709007,194.43434530153442,406400
2017-10-10,192.9295196533203,194.1615426643298,190.69117900703122,194.1615426643298,595700
2017-10-11,191.60345458984375,194.0769147169865,191.3589356347127,193.55964928253036,371100
2017-10-12,193.7195281982422,193.7195281982422,191.13321538342964,191.13321538342964,342700
2017-10-13,192.39349365234375,195.3183649705836,192.25241341364995,194.67884714359238,297200
2017-10-16,193.30572509765625,193.6066847642188,189.3651367112483,193.57847158929692,374700
2017-10-17,191.36831665039062,193.3715378880534,191.08617059077628,192.337007119649,452500
2017-10-18,191.24609375,192.65680991432097,190.333829482362,192.2147843681233,524900
2017-10-19,197.02996826171875,197.52842001667634,190.91686662114037,191.2272258111118,709600
2017-10-20,203.29359436035156,203.60395361851235,197.24631733112048,197.83882267402254,708000
2017-10-23,200.55682373046875,204.5444534341439,200.29349118264136,203.6604023019173,498300
2017-10-24,203.69798278808594,205.00524571128366,200.34988576755333,201.31857627572276,527900
2017-10-25,199.59751892089844,203.06788289839335,197.55668464061876,202.12740547795772,677000
2017-10-26,204.0083770751953,204.55385574591682,198.09277992901417,200.27468026135247,508200
2017-10-27,204.19647216796875,204.36576558187872,200.32170942294903,203.25599465894084,367100
2017-10-30,204.89236450195312,206.1055737824402,203.36879602168023,203.99891402710844,465500
2017-10-31,203.9425506591797,206.07742424177744,203.1525386564668,205.00528047082534,412700
2017-11-01,204.36573791503906,204.93942969190218,200.46274817062746,203.9895383520287,734800
2017-11-02,196.52218627929688,207.9960090005621,193.94527274257774,198.86396608859567,1755800
2017-11-03,199.20252990722656,200.58503293119156,194.89514138807306,195.22431424160652,589400
2017-11-06,199.9172821044922,203.4252586882895,198.56299239103,198.56299239103,452000
2017-11-07,197.53787231445312,200.71669060766112,195.43121206379885,199.26836168533632,539300
2017-11-08,200.50973510742188,200.82009430384252,196.1929482264262,197.5942644131964,468600
2017-11-09,200.27462768554688,201.2621316689848,197.10522394255983,200.02069480968134,474700
2017-11-10,200.55682373046875,200.9424229435544,198.5065897008773,199.81385283135882,262800
2017-11-13,199.82322692871094,200.40631830295044,198.487750792215,199.08024177390988,353300
2017-11-14,199.53167724609375,200.40631428993896,198.58178594192952,199.68215706564092,448400
2017-11-15,193.90762329101562,199.00502342348162,193.54083767932636,199.00502342348162,640900
2017-11-16,196.9171600341797,198.37488850471766,193.64428839250112,194.37785960688348,483700
2017-11-17,195.35595703125,197.86702984321187,194.95154430693194,196.03310187386282,361400
2017-11-20,196.31524658203125,199.0802379277961,195.25250258773016,195.421781621931,325500
2017-11-21,195.0926513671875,197.18991213609817,195.00801183784995,197.03943229468862,459000
2017-11-22,194.80104064941406,196.08009017355332,194.4248411714068,195.7791305911475,632600
2017-11-24,193.64425659179688,195.66629125367157,193.54080352211452,195.09259956735002,135000
2017-11-27,189.8070831298828,194.39660132741201,188.3493408475533,193.7382702694202,621900
2017-11-28,192.1865692138672,192.47811492207055,189.06417724739327,189.75072175547342,422400
2017-11-29,196.0989532470703,196.49395206470808,190.6818081544768,192.34645730423762,511600
2017-11-30,196.40049743652344,196.9942556434154,192.99819445799375,196.21200710476282,542600
2017-12-01,190.99075317382812,196.79634791557174,189.15294711881447,196.79634791557174,533200
2017-12-04,196.4476318359375,199.16193874573278,192.6494946874929,193.1772733908662,648700
2017-12-05,194.05377197265625,197.899035539636,192.33849108034843,197.14505975340415,416900
2017-12-06,189.91636657714844,194.28940934933868,189.44513345781374,193.72393823467317,590900
2017-12-07,196.5513153076172,199.52007788016587,189.51109212951292,189.91634566468775,664500
2017-12-08,201.78199768066406,203.07317163525607,196.84347014154255,197.84248190619545,868000
2017-12-11,196.67381286621094,202.71502383496968,195.44861847817046,201.74428493195185,604900
2017-12-12,195.32608032226562,198.1440588656759,194.6286502986387,196.10832883527027,708000
2017-12-13,196.0423583984375,197.2770010071294,194.27995148219216,195.3449427233752,453600
2017-12-14,190.56666564941406,197.17336301522528,189.24721870179195,196.5042056754999,776400
2017-12-15,192.67779541015625,194.09149473349717,191.763602030591,192.53641684928624,813300
2017-12-18,195.6842803955078,197.0508536398354,192.16887077954735,194.1574752266925,584400
2017-12-19,191.95208740234375,196.73039789371856,191.40545528583644,196.13663959148096,639500
2017-12-20,192.86627197265625,193.7144857535925,190.61377845392465,193.1018885096821,510300
2017-12-21,198.3796844482422,200.21749037333103,193.37517763253624,194.39304269432944,731500
2017-12-22,198.95460510253906,200.10441492760646,196.4570612382011,198.25717499164665,297600
2017-12-26,205.05238342285156,205.7497992253988,198.72842872715006,198.9357724470677,626500
2017-12-27,205.64614868164062,207.0975548715093,203.45963429163012,205.6650020347401,643500
2017-12-28,204.94869995117188,206.02311081128465,203.1014599277169,206.0042574612076,574000
2017-12-29,208.32273864746094,209.65161954374895,203.61984114916328,205.45764750525626,713700
2018-01-02,212.0548858642578,213.50627742213612,208.36983972960255,209.8118118030081,994800
2018-01-03,214.4110870361328,217.2290665000155,212.55442724187583,213.02566040019698,781400
2018-01-04,214.88230895996094,217.39869216812687,213.17644731696743,216.76724149469743,797400
2018-01-05,214.25083923339844,215.6174123233755,212.10201748536312,215.07078021120614,558200
2018-01-08,217.00283813476562,217.00283813476562,212.76174032105686,213.88327737718043,573800
2018-01-09,214.8916778564453,218.80292057378847,214.7597331853115,216.76719046410315,656900
2018-01-10,213.59109497070312,214.54298054622978,211.2349297413776,213.92094947427393,631400
2018-01-11,216.42796325683594,217.14423247664985,214.03410515256465,214.88231908078887,385500
2018-01-12,217.4834747314453,218.80293591619449,215.10847048450168,217.57772709496012,478800
2018-01-16,213.1763916015625,219.6605624282507,212.61090623657822,219.6605624282507,707200
2018-01-17,213.97750854492188,215.59855147473047,212.3847528300574,215.59855147473047,524000
2018-01-18,213.6005401611328,215.6079977799991,213.2047060806748,213.49686830333002,535600
2018-01-19,213.92098999023438,216.68242364007418,212.97852372000403,215.35354274763483,493400
2018-01-22,213.66648864746094,214.73146552551236,209.70811965634067,214.29793918744284,480600
2018-01-23,218.10552978515625,218.53907057171992,211.8192818557884,214.14717455768945,523800
2018-01-24,218.89718627929688,221.05544185018553,215.7210799055167,217.91702779540813,552300
2018-01-25,224.43887329101562,225.46615787401095,218.09608055475314,219.83021470270896,653500
2018-01-26,226.15419006347656,227.44536412352693,222.35603814137505,225.40963373066617,591200
2018-01-29,223.27967834472656,225.96569847582893,221.56438290065492,225.96569847582893,515800
2018-01-30,222.27122497558594,224.42004675936465,220.0281652004197,221.88481038248628,503400
2018-01-31,215.04249572753906,224.79702595130354,212.07373316251088,222.42200727074584,888300
2018-02-01,211.18777465820312,216.23939279376617,209.8966008911234,213.5439395650723,803100
2018-02-02,204.7884521484375,210.05684856680543,203.17684317382924,209.30287281207396,1261400
2018-02-05,197.06968688964844,204.18529514861925,192.6777909748206,202.82815590940282,988200
2018-02-06,198.3514404296875,200.6604797161533,191.68819757179952,193.17729587586507,1265800
2018-02-07,206.25869750976562,206.4283344932363,196.87172947368035,197.29583631324746,1215300
2018-02-08,196.42884826660156,205.97603764164876,196.20265115013456,204.5434846658168,897800
2018-02-09,202.04592895507812,203.7517906483475,194.0255315796215,198.09699287747733,939200
2018-02-12,200.5191192626953,204.47748911788636,198.28547879538436,203.54444232958093,1073400
2018-02-13,205.84405517578125,216.44680038845067,203.26169249797385,209.24635888148248,1498000
2018-02-14,203.28994750976562,203.90255914131848,198.8603594410487,203.15800282281296,1401300
2018-02-15,209.78347778320312,212.14907635710892,204.16638916477976,205.48583565074816,1153500
2018-02-16,203.80836486816406,210.6600998200939,201.53701732735112,208.8788388480427,720200
2018-02-20,201.7725830078125,203.940258119295,199.43527088509126,202.87526672354258,826000
2018-02-21,200.09498596191406,204.95811474626746,200.03844029386914,202.78102024118508,336000
2018-02-22,199.9159393310547,202.53599439467698,198.7661293384269,200.7641675972473,537400
2018-02-23,199.40696716308594,201.97047595128132,198.38910211063566,200.66044872635644,495900
2018-02-26,199.0299835205078,200.9149157150654,196.04236771784102,199.7933931392524,759200
2018-02-27,194.33651733398438,199.97246088665938,192.86627244032067,198.83208489798858,745400
2018-02-28,192.19712829589844,195.5428862348706,192.12174365389473,194.996254104538,630500
2018-03-01,192.31021118164062,195.8727319002928,191.01902284160292,192.72489856787806,661100
2018-03-02,192.97134399414062,193.72694903521477,185.69867609923284,190.62898133758148,853400
2018-03-05,194.0197296142578,194.97367208760468,190.16615713279054,191.6868069521051,474200
2018-03-06,197.05165100097656,198.91232292700914,192.9902855174544,194.80372941456804,465900
2018-03-07,196.5982208251953,197.81663731435006,193.85916890508673,196.22986536818806,630800
2018-03-08,195.5215606689453,198.79898722900745,193.28309317275406,196.5888536698334,736600
2018-03-09,197.5711212158203,198.3267264622401,196.47550874108157,197.18388595735547,440100
2018-03-12,198.08111572265625,198.76115884819706,196.0409863460338,198.41169744633817,356200
2018-03-13,198.6478271484375,200.9618560251024,197.8638881291978,199.4412060069566,286200
2018-03-14,195.2570343017578,200.03621553952695,193.72694457746715,200.03621553952695,372000
2018-03-15,194.048095703125,197.5994354241399,192.23465207220985,195.54041184368376,741500
2018-03-16,195.7010040283203,197.44834021195436,193.6703284955313,195.17208469393643,774400
2018-03-19,193.15081787109375,195.8993244106747,190.71399897731803,195.28538895852427,595900
2018-03-20,192.876953125,194.8226268896712,190.80848936540275,193.91589771939263,594500
2018-03-21,195.26651000976562,197.65610089123925,192.48966952945244,193.46250624031472,567500
2018-03-22,190.51564025878906,195.39871734227054,190.35506212206155,194.24642292978527,498200
2018-03-23,194.26527404785156,197.4010293748021,190.78951164454557,191.21453490195478,1234500
2018-03-26,197.6749725341797,198.59114134688764,194.19920936132453,197.20272116317426,605500
2018-03-27,194.02919006347656,198.89338779917068,193.12247550797034,198.89338779917068,437800
2018-03-28,190.59121704101562,195.00205787754658,189.27835870227872,194.58647433228265,581200
2018-03-29,195.79542541503906,196.97605386735844,190.37397437367986,192.0929763180017,674300
2018-04-02,190.1945343017578,194.7564847969122,187.49325557414994,194.454251379122,979400
2018-04-03,190.15672302246094,191.25234957128436,186.96429940715254,190.19449678774555,575100
2018-04-04,193.03753662109375,193.48145420444766,185.8593077264955,187.15327228411667,520100
2018-04-05,196.5038299560547,197.93947839011807,193.84977913014112,193.84977913014112,562200
2018-04-06,190.99734497070312,195.36094301161782,189.64669856015408,194.6242320283976,342900
2018-04-09,188.5321807861328,192.00794373548703,187.65378579832247,191.41291684642036,520400
2018-04-10,193.81198120117188,194.652588157999,189.96786211050278,189.98674179081283,503600
2018-04-11,191.56410217285156,192.95250830060903,190.76126887149425,192.08356728458318,564800
2018-04-12,191.18621826171875,192.7068680536196,190.78952889147934,192.44240847345998,354200
2018-04-13,185.23590087890625,192.45190233153835,184.43308207520565,191.21460586021075,719100
2018-04-16,187.9938507080078,189.59951716616024,185.74594360814137,186.74711437533819,447500
2018-04-17,190.6479034423828,192.6785787774554,188.97612938528576,188.97612938528576,619500
2018-04-18,192.24407958984375,193.81195758269288,191.63015857927857,191.85684442310173,658700
2018-04-19,187.17210388183594,192.64078274776057,186.61485073117777,192.08351518513453,435400
2018-04-20,185.80258178710938,188.6171959415192,184.93364098816298,188.02216901026517,470600
2018-04-23,186.00088500976562,187.06817753038496,184.68802700817469,185.5380879720897,338100
2018-04-24,182.57241821289062,188.39055968746908,179.79557730857042,186.83212121465115,483300
2018-04-25,185.34922790527344,185.71758340737,181.11784513886812,182.50626535722478,561400
2018-04-26,184.99034118652344,186.30319965961044,182.21350031533942,185.87817623099406,844100
2018-04-27,185.43421936035156,185.99147250211215,184.12136116584787,184.99030193231377,465500
2018-04-30,183.9608154296875,189.94895975661402,183.85691954462231,185.59480124755893,620200
2018-05-01,184.30081176757812,184.51804334769304,178.76602551010376,183.99856399353382,721200
2018-05-02,185.96311950683594,190.08115148949696,185.39641217239134,187.54989139610112,745800
2018-05-03,191.17681884765625,193.5758496640772,184.87698678111812,187.30435152912113,1437900
2018-05-04,192.67857360839844,194.02920571153564,188.92889629257158,189.6183793098385,695800
2018-05-07,193.25469970703125,194.1708684869699,191.65848782421094,193.18857759971084,617000
2018-05-08,201.61358642578125,204.0126173440229,189.43894516168388,191.73408018905857,1484500
2018-05-09,200.81072998046875,202.81307119591168,198.05278368366135,202.74696349772518,906900
2018-05-10,199.0256805419922,202.30310722399304,198.66676477712457,202.0008593352682,593900
2018-05-11,203.49313354492188,204.16373690110328,199.29953863869446,199.84735201411755,588800
2018-05-14,201.62294006347656,204.0219699560286,200.68787744545392,203.66306882354579,408400
2018-05-15,205.08935546875,205.97719048481775,200.0173795981135,200.9618824812545,653600
2018-05-16,206.1566619873047,208.46125148066116,204.4848877381123,205.8260801915308,446300
2018-05-17,201.66078186035156,206.73277155113374,200.64071713614902,205.39157934300687,752500
2018-05-18,207.138916015625,207.69616923364669,201.67025090058908,201.94415038355865,752800
2018-05-21,205.7316131591797,208.64066919037174,205.1743455368953,207.76228847702473,434600
2018-05-22,204.1353759765625,207.12944784739568,203.80479426221888,206.72330418657444,407400
2018-05-23,207.15780639648438,207.29003621554378,201.60412517205106,202.62418995278182,593500
2018-05-24,206.2888641357422,207.72449804385872,204.13539886159813,206.1283003859648,434700
2018-05-25,205.6182861328125,207.47895806831477,204.54155336304726,206.65724512643294,381300
2018-05-29,207.5355682373047,210.0573886439811,203.20030442847784,203.96534928745118,585100
2018-05-30,208.52725219726562,209.7267743581467,206.18489012921594,207.94166528324416,416200
2018-05-31,210.9216766357422,215.28452977582447,207.5430759783464,209.18978332166202,841900
2018-06-01,213.07943725585938,215.1141818853051,211.11096121618482,212.08574054648187,792800
2018-06-04,215.1520538330078,215.38865106325633,212.9942882484013,213.3255301470488,725500
2018-06-05,214.56527709960938,216.54322629227957,214.09208268371236,214.95329998642435,604300
2018-06-06,215.37921142578125,216.31614173911854,212.95645788423255,214.30978722941398,682200
2018-06-07,217.24356079101562,217.8587077598129,214.90597920438975,216.26878144250742,933200
2018-06-08,217.25302124023438,218.1710195763804,214.92491276521807,216.72304579684035,520700
2018-06-11,217.39501953125,217.9060632278871,215.51170025734228,217.27198434248095,419600
2018-06-12,217.94390869140625,219.25938877690976,216.60003809217417,217.76410691804213,446300
2018-06-13,217.63160705566406,220.40451971906043,216.92181535047055,218.23729539979922,486500
2018-06-14,217.8587646484375,219.93135905672108,216.61899725664264,218.4455357013052,532900
2018-06-15,216.9691162109375,218.94708000692233,216.4107502200668,217.66944920269398,691200
2018-06-18,218.31297302246094,218.6915372269721,216.2120030606023,216.3918048119038,501600
2018-06-19,215.37921142578125,217.16788606706137,214.30978722941398,216.43916249002126,497000
2018-06-20,216.3256072998047,216.93129570442517,214.30979403471193,216.52434091028528,400600
2018-06-21,212.59681701660156,217.41393339392457,212.46432313882204,215.5400872822571,309000
2018-06-22,215.23721313476562,215.77666172062627,209.38853686705508,213.21194153659667,498700
2018-06-25,212.899658203125,215.63472160951076,211.2907854834578,214.36654947932323,492700
2018-06-26,210.43899536132812,213.33494252030923,208.47050510015075,212.93746099267906,586200
2018-06-27,207.9879150390625,212.8902031384779,207.45793950839598,211.39490678224013,560500
2018-06-28,209.22763061523438,209.56833114943038,204.65657113174896,207.73233462852667,720700
2018-06-29,211.35704040527344,213.85550659025975,209.87120286109743,210.55260404252542,405000
2018-07-02,210.47689819335938,212.04790732725812,208.36645486333245,209.34123433347153,433400
2018-07-03,213.24986267089844,214.6126653175956,211.2151173934054,211.404406770476,210000
2018-07-05,213.88388061523438,214.8681186676763,210.18349673704085,213.79870908430868,471700
2018-07-06,215.303466796875,216.72305009443681,213.06052980776673,213.06052980776673,238400
2018-07-09,215.2183074951172,216.2687997726397,213.505345862569,216.2687997726397,391800
2018-07-10,213.88388061523438,215.2750733833455,211.6598610360777,214.37600686182927,388700
2018-07-11,214.10159301757812,215.6063625980697,210.5999563834472,212.038471798173,614700
2018-07-12,213.59048461914062,216.22144425442528,211.58414504019603,215.98484706103102,335900
2018-07-13,214.65992736816406,215.88076263914996,213.41068714599436,213.91227208469184,275900
2018-07-16,212.86175537109375,216.07001264773433,210.4863248133557,215.31289876152715,380900
2018-07-17,213.26873779296875,214.95330882758984,211.83968135610328,211.99110704119798,428100
2018-07-18,213.6851348876953,215.4927410806616,212.70089682472693,214.13941193898657,370800
2018-07-19,213.76083374023438,214.30974097739434,212.2466203239369,212.98480243304067,444700
2018-07-20,212.19932556152344,214.30031012674635,211.83023445902475,212.95643958839864,387700
2018-07-23,211.68826293945312,212.8239411759094,210.77973767918647,211.36649417813987,348600
2018-07-24,212.18038940429688,214.11103085541848,210.89329991713203,212.5305631185118,488200
2018-07-25,210.99742126464844,212.85235002871286,206.43583386728315,211.3381218767929,953300
2018-07-26,195.7605438232422,212.98481839438364,192.15479009301927,212.98481839438364,2345500
2018-07-27,194.6721954345703,199.24325559185849,193.46081878791927,195.90250390278587,1511400
2018-07-30,190.88662719726562,195.26841217177775,187.09161312651233,194.0097132747155,1529300
2018-07-31,188.72885131835938,192.1074662400541,184.48903357022508,191.7478338777681,1251100
2018-08-01,190.83937072753906,191.2652574074744,188.1989512920048,188.94659238383622,1196100
2018-08-02,193.7825927734375,194.88986609244918,189.08851175134095,190.5459443546151,1112400
2018-08-03,195.8646240234375,197.11384967681096,189.0884770395211,190.54590937524787,702500
2018-08-06,196.18638610839844,197.42615303096412,195.03179070553287,195.8646174068119,542000
2018-08-07,197.3599395751953,199.96250911247878,196.22427575616686,197.08549314155678,843400
2018-08-08,194.42613220214844,198.24953689164886,193.95293776608042,197.4924229057904,555900
2018-08-09,192.6090545654297,196.87726289788446,192.3629842328654,193.91506130291688,594100
2018-08-10,189.4008026123047,191.54909487543793,188.9749160829611,190.90555739769255,861900
2018-08-13,190.22413635253906,190.81089274910514,188.81401193414266,189.2682889257546,590800
2018-08-14,191.88035583496094,193.01601966445332,190.3377372557906,190.47023112855223,506200
2018-08-15,192.1453094482422,192.39136532801953,189.0316967710643,191.1705301773501,847100
2018-08-16,191.65322875976562,194.00974253853784,191.4544951591071,193.04442172737512,476900
2018-08-17,192.116943359375,193.1958261089849,191.27465783065102,192.10748466920896,328200
2018-08-20,192.07907104492188,192.91188334251845,191.49230018802254,192.11692024177992,337600
2018-08-21,193.27154541015625,194.8898623682682,192.16427211230362,192.16427211230362,556300
2018-08-22,194.7952117919922,195.56178442267588,192.62797331584585,193.26206653062474,448700
2018-08-23,192.46710205078125,195.7794631332977,192.3062176739488,194.8330742525787,647600
2018-08-24,194.73843383789062,194.89931820630363,192.29674892052427,192.92136901489073,380900
2018-08-27,197.11386108398438,199.62178566554027,194.87092421516846,195.9024845569596,562600
2018-08-28,194.81417846679688,198.46724052893168,194.3882918706666,197.11389677030084,660900
2018-08-29,195.84573364257812,196.23375658185827,192.94978573624246,194.40721838033804,509400
2018-08-30,192.94029235839844,196.09176899657845,192.47657105885784,195.56179354524753,680600
2018-08-31,188.51022338867188,193.40511789881373,187.627997128496,192.11499100020646,765700
2018-09-04,188.500732421875,189.25961863700311,184.9813375286875,187.31495461720394,907000
2018-09-05,189.3450164794922,190.284143290666,187.59005943817996,188.51022422526876,515000
2018-09-06,188.11181640625,191.09997104274598,186.59401484416503,189.9426506084926,397700
2018-09-07,186.17660522460938,188.91812306077338,185.8066431108996,187.41931258203041,473500
2018-09-10,180.75051879882812,186.08178691526555,178.66355226286595,185.7971972797184,1152500
2018-09-11,182.6097869873047,183.42560271855274,178.83427440540186,179.46984958936545,970200
2018-09-12,182.14501953125,183.02724607285066,180.23829332334782,182.72367989407087,496300
2018-09-13,183.2074737548828,185.89207725035638,181.7655634570854,183.48256791951306,545700
2018-09-14,184.03273010253906,184.87700338844934,182.60031561010166,183.54893793021785,335800
2018-09-17,183.1694793701172,185.20902603271733,182.6003146658873,184.0327291509178,530700
2018-09-18,185.29437255859375,185.96788620195332,183.49198172778588,183.49198172778588,431200
2018-09-19,186.02479553222656,188.254048733586,184.82952244847525,184.82952244847525,422200
2018-09-20,185.44618225097656,189.4873081167717,184.98135210398237,186.62246466200438,590800
2018-09-21,182.3062286376953,185.9679113342889,181.49990835887164,185.9679113342889,1046600
2018-09-24,181.0351104736328,181.92681792013772,180.45645018227304,181.56633674606203,479800
2018-09-25,179.62164306640625,181.47145370557917,178.45482718453508,181.0919960906027,762300
2018-09-26,177.28799438476562,180.34255888901578,176.87059831961463,179.31804522223388,693200
2018-09-27,177.49671936035156,179.8587941013284,176.19711143962436,178.1417755772642,875700
2018-09-28,172.60186767578125,177.04142867491714,171.26430642493386,176.3299617723172,1160700
2018-10-01,174.8880157470703,177.3164866293527,173.18049263458167,173.18049263458167,712900
2018-10-02,175.4477081298828,176.8232077003727,173.42715228213157,174.49908573991337,818200
2018-10-03,175.8271484375,177.11727533966922,174.60341756917217,176.0832660356665,613000
2018-10-04,176.44375610351562,179.0145290264214,174.24294531602732,174.87853502478671,1000200
2018-10-05,173.22793579101562,176.17815201268658,171.29275247792665,176.17815201268658,597000
2018-10-08,173.42715454101562,173.91094675526298,171.89037640636494,172.4310981236083,659500
2018-10-09,171.59628295898438,173.66428704796425,171.43501890901325,173.18997590987487,486200
2018-10-10,166.95755004882812,170.83741236861732,165.7622909810082,170.7330633208436,1384000
2018-10-11,160.18435668945312,167.64052829194625,159.05549387501196,165.78122227848544,1356100
2018-10-12,160.867431640625,162.79313447311128,159.35912509249036,162.15755903096965,895200
2018-10-15,159.92825317382812,162.10060666038066,159.05552226880064,160.38360236544827,689700
2018-10-16,162.8974151611328,163.08713671760367,159.0270346148545,160.43099150253107,698500
2018-10-17,157.57565307617188,158.0120257093108,153.67681478865185,156.89264385245832,1198300
2018-10-18,154.38833618164062,157.04448249478597,153.4491945478447,156.15277488842412,1372300
2018-10-19,153.36378479003906,155.8207133820476,152.41516237074657,154.79619943223216,955100
2018-10-22,152.2254180908203,154.6254312958931,151.4759983853848,153.70526652835466,796700
2018-10-23,155.48870849609375,156.09582628214335,148.1179080425436,149.98669541792736,1797200
2018-10-24,155.45071411132812,159.44441991217425,154.7677049744859,155.41277559253732,2180400
2018-10-25,153.6768341064453,158.23022467863925,152.8135842186784,156.64602695291654,1840000
2018-10-26,148.67758178710938,151.83649605421965,143.00482399916584,151.83649605421965,2663500
2018-10-29,145.54708862304688,153.6198723333203,144.09569790054294,152.83251421672907,1768700
2018-10-30,157.67051696777344,158.0120215706856,145.65145983255198,145.90759190344295,2607600
2018-10-31,162.4800567626953,167.90617849112954,159.7385383821441,161.21838713083883,1921300
2018-11-01,166.2840118408203,166.48322891100605,161.62628692172993,162.8879564333626,1034900
2018-11-02,168.31410217285156,168.98763059259073,165.76231951947557,166.9765552981659,1374500
2018-11-05,165.84762573242188,169.41444009605888,163.77962175004072,167.6594976604859,1112800
2018-11-06,179.81137084960938,180.23824801573357,162.9353709952849,166.70140291444204,2335300
2018-11-07,180.01058959960938,187.24858347272522,179.11889666191328,180.62720287254928,2031300
2018-11-08,178.70147705078125,180.51333467885345,175.36232243559192,178.5876325296402,948700
2018-11-09,174.8215789794922,178.58761027385688,172.42156596996244,177.34491750704416,1188500
2018-11-12,172.15599060058594,174.94494279688374,170.6666609465072,174.04375440398942,780000
2018-11-13,174.62246704101562,177.95212748205927,172.8675092692674,172.8675092692674,753200
2018-11-14,177.81924438476562,179.53624840422304,175.54255669125376,176.71883906047637,1101500
2018-11-15,179.02403259277344,179.91574002504925,175.30543427027675,175.88409455240276,843100
2018-11-16,179.2611541748047,180.551281060105,174.88800486634378,177.95205079087177,775500
2018-11-19,176.18760681152344,179.96313379636982,174.5370133569278,178.6065964490959,853200
2018-11-20,175.68482971191406,178.48326232553572,173.5504297477376,173.5504297477376,920400
2018-11-21,176.85165405273438,180.69357738460735,176.65245146931693,177.72439933427557,529500
2018-11-23,177.1077880859375,178.91017921788162,174.30935507627717,175.77022711180157,309900
2018-11-26,181.8888702392578,182.970299232249,178.59714924374006,179.2517010374928,1139100
2018-11-27,182.5149383544922,182.70467440851772,179.9062268347564,180.61769361286616,585600
2018-11-28,188.07386779785156,188.88968362342777,180.33312017997977,182.68569962880213,1164400
2018-11-29,186.69837951660156,188.59562439066866,185.7118185510117,186.89759659730365,687200
2018-11-30,181.33505249023438,186.60326246702706,180.46969216865372,185.91858336755854,892100
2018-12-03,184.85357666015625,186.03274972054683,183.04679303702554,185.3195433676973,959500
2018-12-04,175.97174072265625,184.75843155750337,175.64842407077157,183.45564624771012,962600
2018-12-06,176.99879455566406,178.1304175724894,172.7290608266035,173.41374005509917,1430300
2018-12-07,172.57688903808594,181.2399681734298,172.35817651833068,176.64691819725996,1419000
2018-12-10,171.15045166015625,175.21097603603644,168.4307583173972,172.70999518123526,859600
2018-12-11,168.9442901611328,174.56435856687108,167.85069860190944,173.2710773949786,585300
2018-12-12,170.28514099121094,172.59592240897132,168.8111784212117,171.54988071149597,616800
2018-12-13,166.89024353027344,172.62441996767575,164.41778967388643,171.6544555150665,687800
2018-12-14,166.1865997314453,167.28969580801586,163.54298243394737,165.04547236371312,1046000
2018-12-17,167.00436401367188,171.43575548121322,164.18958492139728,165.9298098413172,791300
2018-12-18,168.297607421875,171.07435461010698,166.46229745737608,167.91723666028165,723900
2018-12-19,163.23861694335938,169.4007136333051,161.30820691155373,167.80313892155505,993900
2018-12-20,159.7106170654297,162.89627679563094,156.4869260609039,162.0689478493651,1299500
2018-12-21,157.18112182617188,161.9548524521491,155.6691282497881,158.8357653406512,1130000
2018-12-24,155.7547149658203,159.91984372847668,153.81480052758764,155.79276075473257,299700
2018-12-26,161.51744079589844,161.55547207639927,152.72123076543477,156.53450145766553,1043400
2018-12-27,162.0689697265625,162.0975113239278,156.9624179840245,159.44437613742346,681300
2018-12-28,159.9198455810547,163.64753487570508,159.0735081456649,162.61101202420176,733000
2018-12-31,163.43832397460938,163.98987182974923,160.30973257500742,160.50942218018577,603900
2019-01-02,162.55392456054688,164.81716972638833,159.3967921607945,161.23211660046118,647800
2019-01-03,162.14500427246094,165.96779256014315,159.5964884208151,163.09594562191924,717400
2019-01-04,167.73660278320312,168.42128195536932,163.44786101912803,163.7902006052111,820200
2019-01-07,170.3802032470703,172.21552806440093,165.85372649416595,167.50835557721805,689600
2019-01-08,169.72402954101562,172.41519564294836,167.69853407640522,171.8541436579735,663800
2019-01-09,170.52284240722656,171.81610896036318,168.8301531316212,169.89521751393409,541000
2019-01-10,170.72251892089844,171.9777686112953,168.9062172523159,169.40071087370393,486000
2019-01-11,169.2581024169922,171.07438986464257,167.84119419416766,169.09644408449017,560200
2019-01-14,170.41827392578125,172.98581369636432,168.22158633950514,168.31668631665312,638500
2019-01-15,167.7460479736328,170.96973856276205,165.08342380755406,169.33413279369086,517900
2019-01-16,166.12001037597656,167.6700500133996,165.5018895556124,166.74763538980395,679400
2019-01-17,168.53538513183594,169.80965797487502,164.70309143030147,165.69207887534023,579000
2019-01-18,171.61642456054688,174.44072215565907,169.6289601818284,169.75257271772898,627300
2019-01-22,171.39773559570312,172.73855235213887,167.67955010174035,170.85569186697185,731600
2019-01-23,166.2911834716797,170.68454433703417,163.4098310556213,170.53239017065394,814300
2019-01-24,167.40377807617188,170.76061577882396,165.882279993295,166.48137793473734,555000
2019-01-25,167.0804443359375,170.04739213904114,166.12950268973387,168.0884401592785,696400
2019-01-28,170.80809020996094,171.01729847949488,165.82516654342535,165.82516654342535,791000
2019-01-29,171.43572998046875,172.94772346115573,170.3706801591369,170.3706801591369,838500
2019-01-30,169.77162170410156,173.53735724641493,169.16301959233786,172.22505304814803,688400
2019-01-31,168.0123291015625,171.43572413951358,167.13746470524504,168.91573509089338,1316800
2019-02-01,174.79257202148438,175.97174482138513,168.46881622728094,168.75410160744275,941200
2019-02-04,176.8370819091797,177.5217464172659,174.67844071230653,175.0493073047019,666100
2019-02-05,178.69140625,178.83404165934152,176.3140526928776,177.63586069022907,732100
2019-02-06,173.16648864746094,180.0132659566873,172.9572803135213,177.04631799818816,722800
2019-02-07,173.31863403320312,175.35364874967644,171.3501922025611,173.09041730513982,1076100
2019-02-08,175.29660034179688,175.42973160762546,171.87321871611087,172.9763001285963,409400
2019-02-11,176.8656768798828,177.90219999619995,174.84016613075852,175.76258087029825,1244300
2019-02-12,175.5058135986328,180.51728087074787,174.03185092916132,176.62793245076304,1976300
2019-02-13,171.56887817382812,177.0082651738768,171.0173303160367,176.70397141349835,1335800
2019-02-14,178.29205322265625,178.8816323959067,171.93975552515792,174.0793742141424,1709600
2019-02-15,180.73597717285156,183.7029106334582,178.5868541546197,180.69794588934943,1578700
2019-02-19,179.73745727539062,183.2084026415999,179.65187601827898,180.7264446138468,857900
2019-02-20,182.83753967285156,184.27345621945014,179.9656920694376,180.27000033665198,681300
2019-02-21,181.0402374267578,183.70286187170996,180.7264250078424,182.30499129321757,397300
2019-02-22,180.67889404296875,182.50470007312435,179.8991150090373,182.04825219313958,422100
2019-02-25,179.35711669921875,182.75197106230928,179.10035837437727,181.89612932646298,590000
2019-02-26,181.72494506835938,183.05625750064078,178.30154951361115,178.46320784394408,487000
2019-02-27,180.55531311035156,183.474711371953,179.83260257328533,181.3160694447593,766100
2019-02-28,178.58688354492188,180.4412172629714,177.77857716284382,180.02280052449436,695500
2019-03-01,183.48721313476562,185.0984104098074,179.6546278962109,179.7118282725864,693300
2019-03-04,185.9850616455078,186.31873535998832,182.31454895442198,183.52534360629133,511700
2019-03-05,184.9649200439453,187.60578202674935,184.61217472563737,185.66089668195625,574500
2019-03-06,186.49989318847656,188.06343331031007,185.53698616287824,186.3568922357544,503600
2019-03-07,187.77740478515625,188.67356820750823,185.34628710171236,185.35581564807603,885100
2019-03-08,187.27212524414062,188.62593546866148,185.70858514054,186.9193798666054,549500
2019-03-11,189.3695526123047,190.93309257639723,187.00516375156013,187.48185294241028,505300
2019-03-12,186.8717041015625,189.98925569555968,186.09946988731562,189.5030379248044,672200
2019-03-13,181.7901611328125,187.66297475420618,181.6948320344652,187.34835818012462,837700
2019-03-14,182.7626495361328,183.3823542692142,181.16098069150587,181.69487030638152,579900
2019-03-15,184.4787139892578,184.7933305960127,182.52428542769536,182.74355837880353,649900
2019-03-18,185.8706512451172,186.10899583483337,182.86750068625383,184.9554016197514,401400
2019-03-19,188.54965209960938,190.23712141011308,186.24247809455795,187.46280129479342,620500
2019-03-20,186.63333129882812,188.78797557325748,183.94481204987082,188.0252700216205,590300
2019-03-21,189.4267578125,190.69475283814643,186.12806212694016,187.01471160915307,472700
2019-03-22,183.1535186767578,190.01784001007115,183.03911792787906,189.16933384528852,849200
2019-03-25,187.27212524414062,187.75835757252798,182.68637714657913,182.68637714657913,387400
2019-03-26,187.56764221191406,189.0644385003247,184.07827432423917,188.6735499263037,580700
2019-03-27,187.2816162109375,189.73179062389354,185.6704047229851,186.86212747473724,528700
2019-03-28,188.68310546875,189.62694068854273,186.94794995586466,187.5390544023172,404200
2019-03-29,191.80064392089844,194.3080335640201,190.45639154231492,190.70426466907952,1004400
2019-04-01,194.48919677734375,195.49977557026943,192.80171290850356,194.39385311682616,813000
2019-04-02,195.85252380371094,198.0262400067377,194.28898376111295,195.10888979243873,1019800
2019-04-03,193.21168518066406,197.05379927004392,192.17250613458188,195.9955485811948,557100
2019-04-04,194.31761169433594,197.05380331785577,192.6491993292821,193.30701827054335,452900
2019-04-05,196.22434997558594,197.15865673767,194.66079542846578,195.1088844418673,446100
2019-04-08,196.22434997558594,197.18725692598073,195.3281719487829,195.3281719487829,320100
2019-04-09,195.4234619140625,196.75820013992615,194.06966659807577,196.10036684575437,357400
2019-04-10,195.2900390625,195.55698386587787,193.31655322699936,195.08029463878873,289300
2019-04-11,197.54953002929688,198.2073488567461,195.10886928629856,196.08131925552607,528000
2019-04-12,202.26878356933594,204.38528497715646,198.71267133384399,201.1533324837118,736300
2019-04-15,201.7825469970703,203.11728558113307,199.8376613225915,202.0208916141457,450600
2019-04-16,202.125732421875,202.24014771252635,198.66497901189422,199.82810172629175,566400
2019-04-17,199.837646484375,202.68825312999965,198.05483353619562,202.68825312999965,469500
2019-04-18,201.70623779296875,203.23163422261686,200.2761704572627,200.61937265233084,465400
2019-04-22,202.25924682617188,202.5643349347623,199.1798382855213,200.7243068299055,279200
2019-04-23,202.2305908203125,203.77507348583296,200.91493872048108,202.2687340970599,351100
2019-04-24,204.06109619140625,205.88205233626374,202.54522810213498,202.74544395703836,496900
2019-04-25,202.44993591308594,204.4329504464125,200.66710817636945,203.27937057593897,374700
2019-04-26,204.28990173339844,204.8809916264681,202.1448005502797,202.84076263864222,799000
2019-04-29,204.23268127441406,205.54834785915193,203.4032468870256,203.97526508448775,922700
2019-04-30,211.55465698242188,216.58849367167767,209.43815581223484,215.75905913515018,1415800
2019-05-01,208.94241333007812,216.7124414597649,208.32270864254366,213.08007208865638,935200
2019-05-02,212.54617309570312,213.88089697565508,209.5144223578133,210.2675994058856,726500
2019-05-03,211.11611938476562,214.51967277520305,210.02926856923938,212.95613275028106,419500
2019-05-06,210.5154571533203,212.20294079400813,206.62567199799489,208.08433961281716,659600
2019-05-07,209.97207641601562,210.2771499573301,207.58863027568063,208.20832045320742,488300
2019-05-08,206.0631866455078,210.4868614070705,205.78671333739698,209.5239545542863,463100
2019-05-09,206.82589721679688,207.35978675395887,202.92658333886826,204.37570792619405,506900
2019-05-10,205.80580139160156,208.47526396166887,203.52722747749638,206.16808985784945,606000
2019-05-13,202.5833740234375,204.47105911293576,200.82914677574882,202.49755891456078,699300
2019-05-14,205.62460327148438,206.7591256574995,202.63099630424125,203.56531741472247,652000
2019-05-15,207.1786651611328,207.53141052653817,202.8407903770328,203.86091228414617,624300
2019-05-16,209.37142944335938,210.3534080242389,207.27399988849243,207.58861650383244,767500
2019-05-17,207.38836669921875,209.9529564839416,206.84494866885822,207.75065508439073,395100
2019-05-20,207.5600128173828,209.32375408605196,205.40536837544383,206.42549022138832,493400
2019-05-21,210.04833984375,212.31737058427558,208.23691212277225,208.23691212277225,412700
2019-05-22,205.36721801757812,209.90529337633083,205.1670021786723,209.29513186131032,452800
2019-05-23,202.81219482421875,204.07066136859706,200.36201975751965,203.55582885593293,451000
2019-05-24,202.2305908203125,204.318491526603,200.48590686776015,203.2221123521772,426300
2019-05-28,198.8365936279297,204.55686393735184,198.8175219869597,203.30794058071194,602100
2019-05-29,200.57176208496094,200.79103505422538,197.37793847253266,199.27516681676147,434400
2019-05-30,202.6501007080078,203.51767850199178,200.62894325160494,200.62894325160494,549200
2019-05-31,201.14035034179688,201.97166208843225,195.9040165626579,199.36305260116947,647800
2019-06-03,206.6347198486328,206.9118189535486,201.1117213354053,201.1117213354053,715900
2019-06-04,213.71524047851562,213.80123524145742,207.71447401447756,207.86734873293204,722800
2019-06-05,215.80787658691406,215.90342146756674,212.34882530796907,213.5814752851002,642000
2019-06-06,219.19041442871094,219.7159621734802,215.95114779499886,217.11690294509683,688900
2019-06-07,220.37530517578125,221.39772126632656,218.58844267496696,219.77331274039722,574200
2019-06-10,219.3146514892578,222.10481517368902,217.7762377728761,221.47415784342283,510800
2019-06-11,211.1161651611328,221.04418545139603,206.51047379201327,220.38486315678287,980200
2019-06-12,209.7593231201172,211.6703956332151,207.98202509972307,211.6703956332151,729100
2019-06-13,212.67367553710938,215.76005303964604,209.30061970985355,210.5523842410362,452400
2019-06-14,214.02096557617188,214.4222889772458,210.6670392084176,212.5398817467626,306000
2019-06-17,214.45091247558594,216.2377745018496,213.97314453129565,214.04003904205015,429900
2019-06-18,211.5078887939453,217.53731831783236,211.4314441681516,216.72510692655516,471900
2019-06-19,212.3392333984375,212.81700144864,204.6662796786108,212.40611334369748,513700
2019-06-20,214.0496368408203,216.61048117452162,211.13526339560346,214.09741656195845,470900
2019-06-21,214.92872619628906,217.1933566491734,213.4476569178013,214.76628681027182,636300
2019-06-24,214.93833923339844,215.75053634616725,212.94127185101004,214.7090052707965,355200
2019-06-25,214.6612091064453,215.67408976181972,213.8585621692739,214.94787289267106,331800
2019-06-26,214.19297790527344,215.60716726550612,212.81700357409616,214.65163115555788,511900
2019-06-27,216.63914489746094,217.4991215519137,213.95409079998365,215.64537919242903,409700
2019-06-28,219.87838745117188,220.56637453105176,215.95113394532498,216.49579645869744,924800
2019-07-01,217.9482421875,222.4583740902213,215.37784754942888,221.58883267356435,503700
2019-07-02,216.62960815429688,218.8942241763497,215.30141348182133,218.61711052636812,467800
2019-07-03,220.74795532226562,220.98683934879986,216.1995941256461,216.40981323542215,290000
2019-07-05,220.575927734375,220.77659671062077,218.06287795767332,219.69683636005354,195600
2019-07-08,218.81776428222656,219.64907601357774,217.07868160247622,219.46752182389793,436200
2019-07-09,218.76040649414062,219.52483818337276,217.1455483779722,218.87506614441284,345800
2019-07-10,215.96072387695312,220.38486099632183,214.97652279126794,219.84021296284476,388900
2019-07-11,214.99566650390625,215.97031760788212,213.1419237576425,215.0816612712294,363100
2019-07-12,216.428955078125,217.48005075831682,214.12610927536656,215.44475393227526,386500
2019-07-15,214.98606872558594,217.2315697741391,212.8265478449666,217.2315697741391,675300
2019-07-16,219.89749145507812,220.96768704663899,214.97647259536012,214.99558739672983,426200
2019-07-17,218.2635498046875,221.09194301891262,216.38114255927545,219.89752291803308,362800
2019-07-18,215.50205993652344,218.62666713082479,212.95078024624357,217.69024581589215,587400
2019-07-19,214.3458709716797,218.4164496231085,214.24076141451414,216.0276093060043,461700
2019-07-22,211.23089599609375,215.79835929186027,210.8009074878947,213.54329257250163,492500
2019-07-23,213.5909881591797,215.00517753708306,211.68946602770606,212.98899573668658,548600
2019-07-24,216.66783142089844,217.2124940486052,212.3488037528618,212.81702173561015,1912000
2019-07-25,212.01438903808594,217.7380418771773,211.6226156740489,217.0691694143861,522400
2019-07-26,213.86805725097656,216.02756318770335,211.4314377316433,211.67987182266887,608400
2019-07-29,214.03053283691406,215.06251355791338,212.67367334643075,213.74386909547144,760300
2019-07-30,235.38673400878906,235.5205084651602,220.7288153136451,222.85010639347473,1347900
2019-07-31,236.7340545654297,240.87152737972357,234.899427113189,236.63849512903596,1417600
2019-08-01,233.6190643310547,237.88074786514494,230.64734599355538,237.0781009098893,686300
2019-08-02,235.10968017578125,238.80760052936236,230.19822479022798,232.00418758852632,723500
2019-08-05,235.0428009033203,237.6227458426161,231.81309831752714,232.59663045479317,754000
2019-08-06,236.1798858642578,236.34232527209886,231.56464416974225,234.93768586157995,789500
2019-08-07,234.1828155517578,235.8836688351758,231.9850793578044,234.95679754720555,725800
2019-08-08,239.8204803466797,240.0975940200073,235.62567685528893,235.91234064205597,575200
2019-08-09,238.32025146484375,241.66462766419212,236.88694737940872,239.5911161702349,317800
2019-08-12,237.4507598876953,239.59116635250183,236.10345026591543,237.62274941541554,358800
2019-08-13,240.25047302246094,241.63601225316367,236.15122891364197,237.50808864286313,421900
2019-08-14,237.77560424804688,240.27911879334553,236.33274995790848,237.7469393309154,485800
2019-08-15,238.96047973632812,240.55622334112684,236.71496397430104,238.38715221996924,422900
2019-08-16,243.50881958007812,244.30191630364524,236.71495723225124,240.4606570462251,406200
2019-08-19,244.02484130859375,246.11746793562676,242.7061966766934,244.61726909147052,456000
2019-08-20,241.4735565185547,244.91347804764015,241.01488865041654,244.06305142341435,819600
2019-08-21,241.98956298828125,245.07595567151478,240.26959476765956,243.6617514788222,715900
2019-08-22,243.76683044433594,244.4834825645815,240.42245388319003,241.76019867551852,302200
2019-08-23,241.1104278564453,246.88185953282837,240.14534163638132,243.2699342113863,544100
2019-08-26,239.61024475097656,242.33352866772805,237.60362754208194,241.75065102078904,366200
2019-08-27,239.08468627929688,242.93549547157664,238.7980225424849,241.60730091866034,439900
2019-08-28,240.95753479003906,243.13615591536265,237.5271637159042,239.4860156223577,506700
2019-08-29,241.99903869628906,244.98988558011126,241.28238670640158,242.78258520378728,605600
2019-08-30,243.01417541503906,243.74195819192076,241.14682745247157,243.62704896716525,444300
2019-09-03,249.97604370117188,250.42612430889554,239.20285103371165,242.15230953477095,887600
2019-09-04,249.65045166015625,253.18405631297298,249.43977501442328,251.891269133435,554600
2019-09-05,244.88150024414062,251.91039632746987,243.81854617939302,251.3454065430513,617900
2019-09-06,247.09361267089844,248.48216732092854,244.08669953427403,244.32610349296087,263400
2019-09-09,242.37254333496094,246.63391573265912,241.7596698617834,246.50945023795137,533000
2019-09-10,245.93492126464844,246.33710357520098,236.79925743999368,241.44370037739833,489300
2019-09-11,247.50540161132812,247.50540161132812,243.50257409389604,245.71466452322002,423300
2019-09-12,250.19625854492188,253.44258999176537,248.2235724215843,248.55874378167078,480400
2019-09-13,252.848876953125,253.14573550490508,249.59298916887926,250.98151450563117,327400
2019-09-16,252.03492736816406,252.15942210919985,249.20039252842565,251.98705826351227,368400
2019-09-17,255.94204711914062,257.8477230498505,250.52193643133722,252.0158444486655,512600
2019-09-18,256.8708801269531,256.96664756194923,252.5328812611043,255.17591050158268,541000
2019-09-19,257.3019104003906,259.9928097024749,255.5877691444581,257.3497795228391,401100
2019-09-20,255.11842346191406,258.25940205141376,252.46583827194095,257.9050888886648,800100
2019-09-23,255.539794921875,258.5371372024223,254.63963368669093,255.03225969132367,341300
2019-09-24,256.8133544921875,258.9105350749447,255.9227789636495,255.9227789636495,353900
2019-09-25,259.1404113769531,259.37981533967115,254.73540184223418,256.09519998496745,403100
2019-09-26,261.99407958984375,263.1336446270129,257.57948517750407,258.958454143085,404800
2019-09-27,259.24578857421875,263.0475250268672,256.99538526927984,262.48253512888164,345300
2019-09-30,262.4824523925781,264.2923307530466,259.76282748576966,259.76282748576966,399000
2019-10-01,256.6793212890625,264.2157521979929,256.4399173632433,262.77932864307775,622500
2019-10-02,249.95684814453125,255.03222906466152,248.1086567933507,254.88859254951254,890200
2019-10-03,248.77902221679688,250.44526439292636,245.6475997799962,249.46850677659452,612600
2019-10-04,250.82826232910156,252.81053375528754,248.32889948886674,250.02386868313712,636100
2019-10-07,251.00064086914062,252.90631601315758,248.25228844472173,250.5122767272021,732700
2019-10-08,251.80508422851562,255.9228204450007,247.98417734554488,249.391873728931,608200
2019-10-09,254.821533203125,256.34413859701976,252.8488472796555,254.06500864828433,448800
2019-10-10,256.5165710449219,258.4318028791757,253.80653085806495,254.84074318994982,376700
2019-10-11,254.17987060546875,258.85303883775083,253.7010628640317,257.81882697485327,491200
2019-10-14,254.4576873779297,255.90369667762064,253.92142483449135,254.2470107198563,399200
2019-10-15,254.56298828125,258.6615826239982,253.58623071269116,257.5795013479,475900
2019-10-16,255.34823608398438,256.4590738704108,253.82563053531155,255.0322357423825,452400
2019-10-17,255.70254516601562,259.3510588087858,255.66426157765855,256.64101911480276,316100
2019-10-18,254.5151824951172,255.28126361505272,252.02537501914455,254.67799007576727,480600
2019-10-21,257.2251281738281,259.81070214314843,255.57805729525484,255.76956289261628,424800
2019-10-22,256.36322021484375,260.8448826660978,255.94186708503264,256.83247165092206,425100
2019-10-23,252.86805725097656,258.4030760942207,251.0581783604811,257.22519799308526,559800
2019-10-24,253.67245483398438,254.936514879468,253.03086852431247,254.3044848567262,572100
2019-10-25,256.9570617675781,260.5577069058068,252.34137533668905,253.24153662124624,605400
2019-10-28,257.6465759277344,259.5139388378026,256.3442321810713,258.1924240674923,698400
2019-10-29,256.794189453125,263.76562948974157,252.4082938676303,262.39624626671684,1088200
2019-10-30,255.539794921875,257.2634917588864,248.50131259319812,255.50148210519666,743500
2019-10-31,250.80914306640625,258.508381832406,249.55466877945287,256.54525202235857,735600
2019-11-01,252.1880645751953,256.01852683045064,250.30156074551775,252.45619576409888,1010200
2019-11-04,249.80364990234375,255.29079909633077,248.6545284476393,253.36598193774748,1344900
2019-11-05,242.5640869140625,252.45625995702284,240.8116482332381,249.93772570793882,1541300
2019-11-06,245.7241973876953,246.27960164169255,236.7704846413691,240.1317105280105,720700
2019-11-07,246.63389587402344,247.15101650128747,243.45461955417372,245.82950224500718,614300
2019-11-08,246.011474609375,248.00333168855948,244.61336382963873,247.38085808624382,605900
2019-11-11,245.1687469482422,246.35621022061164,243.82809088986727,244.72825193422835,503900
2019-11-12,244.42189025878906,247.37134901660545,243.86647127724643,245.48484450393698,458500
2019-11-13,246.4807891845703,247.007466279787,241.84591677259453,243.923941679432,594400
2019-11-14,250.359130859375,251.2592922426312,245.8679094548695,246.6723033927348,464600
2019-11-15,249.39187622070312,252.52329859566763,249.027977540202,251.44118806389793,420200
2019-11-18,249.65045166015625,252.2551678146206,248.83647238236455,248.83647238236455,459700
2019-11-19,250.56976318359375,250.9049345710557,246.54776498228279,250.3495010206065,428100
2019-11-20,251.9295654296875,254.9556350282305,249.90901000999148,249.90901000999148,496500
2019-11-21,249.4397430419922,253.04994363773312,248.73108756584276,251.94869144969488,525500
2019-11-22,248.3385009765625,251.27838859604185,247.8214094683907,248.7981670968312,423700
2019-11-25,250.65591430664062,251.30708598140575,247.67774344980717,248.7023700582328,740600
2019-11-26,257.6561584472656,257.7423403803126,250.53149307416962,251.747684096782,1025700
2019-11-27,260.36614990234375,262.3196649130059,256.8421018726828,257.5698991653485,724200
2019-11-29,257.5450134277344,260.1837943630254,255.32843978475765,259.8767291898247,242600
2019-12-02,257.1708679199219,257.8425402159012,253.4285723827125,257.22843899433855,433100
2019-12-03,259.7040100097656,260.5388196373946,255.20368683054306,255.74103622955357,609400
2019-12-04,258.62933349609375,262.8225918705163,258.57176243290684,259.4353576640592,608000
2019-12-05,261.6615905761719,263.02414506491704,258.0824325622695,258.0824325622695,592500
2019-12-06,262.2660827636719,263.37917221303684,260.6923954887022,261.28731604468067,469600
2019-12-09,259.8863525390625,262.4387770658437,258.456622319869,261.863037146141,452800
2019-12-10,257.96728515625,260.03993166804946,256.50876914425214,259.87679410299154,439400
2019-12-11,261.22027587890625,261.9207339171005,257.7178685544837,258.67742578673915,382900
2019-12-12,263.9068908691406,264.0892089936784,261.1817532225601,261.70949771989706,401000
2019-12-13,265.1255187988281,267.3996928985193,262.8609789206741,263.83971626546725,449400
2019-12-16,263.4847106933594,268.08099618266914,262.9761467365755,265.63410865661945,419000
2019-12-17,263.1296691894531,266.75679275412847,263.0145270577729,266.03712514777743,558200
2019-12-18,263.4367370605469,264.7897156881728,262.56353684200747,263.4175271828393,589500
2019-12-19,261.920654296875,265.11599530762965,260.06871642959237,263.1105248158544,532700
2019-12-20,262.1893310546875,264.58822342426515,261.8439046094783,261.99743723513376,954100
2019-12-23,260.1358642578125,262.42918986993425,258.7157095976443,262.42918986993425,625200
2019-12-24,263.4367370605469,265.096751614642,260.27018199056596,261.12420161474796,314000
2019-12-26,267.41888427734375,267.61080734877646,263.2735919145313,263.8589367840566,254100
2019-12-27,267.4380798339844,268.39763667813537,266.27702425189995,267.61082232127825,233000
2019-12-30,266.7088623046875,269.7986368126078,266.1139124058369,267.27499738341356,297800
2019-12-31,268.3305358886719,268.9926032837895,266.0947516603898,266.0947516603898,230500
2020-01-02,265.4230041503906,270.4223163838749,264.39630058425274,270.32635484295383,553500
2020-01-03,264.63623046875,268.14821256611697,263.5423214441505,263.5423214441505,442400
2020-01-06,265.45184326171875,266.843183240681,264.58821859774145,265.6821275543241,571500
2020-01-07,264.8568420410156,268.24407617733357,263.6478204557768,264.7033094479135,533700
2020-01-08,265.7588195800781,267.8698560663614,262.8513639050384,265.10632804189856,506500
2020-01-09,266.3825988769531,268.4456698084312,265.5669988715093,266.53613150759156,481600
2020-01-10,265.6724853515625,266.13308315552416,261.28730376702083,266.13308315552416,335600
2020-01-13,261.1434020996094,265.2982998374405,260.8075513309981,264.99123460423283,647900
2020-01-14,250.2043914794922,259.0802903143352,249.5806855261451,258.4853698885781,1076900
2020-01-15,251.58624267578125,252.15237777040807,248.30454497498238,250.1852977080038,703100
2020-01-16,252.37303161621094,253.37094955784698,250.7225928255381,251.8452578307157,728900
2020-01-17,255.95213317871094,256.1536611605802,252.07554537054173,252.52653817042096,541700
2020-01-21,256.93096923828125,258.1495959797812,254.6184335563638,254.99264552631763,590800
2020-01-22,254.5033416748047,257.62190226818245,254.19627637298902,257.1996947990257,400900
2020-01-23,257.0364990234375,257.12285562939564,251.80693155140307,253.20787640919963,385700
2020-01-24,253.2174072265625,256.78692969469756,251.66290092429705,256.66221193372274,305800
2020-01-27,249.04336547851562,254.34971310025352,248.81305194733324,250.92408849697583,545100
2020-01-28,254.81031799316406,255.26131089849196,248.22777184662505,250.20445667848296,434500
2020-01-29,250.10845947265625,257.35313046003085,250.01249794158448,255.17491790975834,504900
2020-01-30,255.91380310058594,256.08651629174125,248.74591283415364,248.74591283415364,737800
2020-01-31,253.1310577392578,254.944634044186,249.42718275778557,254.73353038885068,387900
2020-02-03,261.3544616699219,263.5038593728483,253.80275489578736,254.97341527684853,607100
2020-02-04,261.4120178222656,263.39830716660697,255.6451021208376,263.31195057989805,482600
2020-02-05,265.98907470703125,267.1309492898229,262.2372052611929,263.4462265439472,559600
2020-02-06,263.0913391113281,266.55535521241706,260.6060899209,265.4230556631554,534000
2020-02-07,263.01446533203125,264.5593373750975,260.9706051243231,262.6498291450523,310900
2020-02-10,265.5957946777344,265.65336575603015,261.6616050551705,262.80348024696394,744000
2020-02-11,252.1331787109375,261.33532580575366,250.98169872537733,261.2393642597316,901400
2020-02-12,249.4847869873047,251.38472013790698,244.97487261240784,251.05847431507965,636500
2020-02-13,252.05633544921875,254.33048003931756,249.03373783853877,249.48473063833418,616100
2020-02-14,252.823974609375,253.13101045522478,250.90486147693707,252.04673613340503,545000
2020-02-18,246.79803466796875,252.88162161093527,245.89604888215388,251.40389585580328,700400
2020-02-19,248.2086181640625,250.28123548205465,245.3587181059516,246.48139802126204,753600
2020-02-20,247.6424560546875,250.54033691707068,245.09963587799953,248.6404035274963,506300
2020-02-21,241.25181579589844,246.8364298438197,240.6952709867108,246.81724924609705,725200
2020-02-24,239.39022827148438,240.35939001787727,231.233995406506,235.1969697074138,853400
2020-02-25,229.45884704589844,239.45742822452667,229.2189578199956,238.58422792823808,802200
2020-02-26,225.1984405517578,232.50067009805883,223.3177023403205,230.65832236696338,1021100
2020-02-27,221.63845825195312,228.78715453792023,220.6597207136131,222.52124888114764,819000
2020-02-28,218.84909057617188,220.7150764782293,214.7900942489357,217.1466169356751,1117700
2020-03-02,227.861572265625,228.10203404077936,218.9837276363801,219.34923423113378,891300
2020-03-03,229.82374572753906,236.31621357641382,227.96737321446187,234.01739962143267,879900
2020-03-04,243.10684204101562,243.50120285415375,230.23732380737005,232.8246947217633,816100
2020-03-05,234.32518005371094,239.76923802846983,228.94845841907778,236.95103313942434,720600
2020-03-06,229.64100646972656,231.13187248370275,224.0815311312071,227.72692536258322,629400
2020-03-09,205.08505249023438,217.88723583289183,203.2864029987736,207.75898641909097,1032600
2020-03-10,209.07669067382812,211.59673995038514,198.97729654681592,209.6826590179677,880400
2020-03-11,198.63104248046875,205.51787134783228,196.6111723444804,204.23861292339518,801300
2020-03-12,178.63424682617188,193.69677612344265,178.62463363863526,182.75095129166488,875100
2020-03-13,190.68618774414062,190.84008680266643,178.0667584774661,186.15588144140852,850000
2020-03-16,164.85101318359375,182.04884812819944,164.456652256186,174.39253692916648,1073200
2020-03-17,166.07254028320312,170.56436492460878,155.67497444899794,168.16936012443438,1072600
2020-03-18,144.1039581298828,163.3312747426586,129.92632476597234,159.4550316044606,1507300
2020-03-19,161.8211669921875,165.01449184294344,135.84166652836106,144.19050727736285,971400
2020-03-20,147.75894165039062,166.21678920368322,144.27705996638736,163.51400129523898,1372300
2020-03-23,138.62144470214844,148.12450185536377,135.7359024582128,148.12450185536377,1052600
2020-03-24,154.29953002929688,157.78141228628414,143.63264782947894,145.62366395281666,992500
2020-03-25,175.12353515625,183.95328583137643,151.78911157095328,153.38578152199713,1620500
2020-03-26,187.48326110839844,187.48326110839844,177.00874531618024,177.8840298215955,1004600
2020-03-27,174.30593872070312,184.38609257112128,172.05521995052558,181.45245587839113,911200
2020-03-30,172.67079162597656,176.11420592788613,168.80416226130626,176.11420592788613,885800
2020-03-31,182.01034545898438,188.58939160263944,168.37135891458416,170.05459155076642,2338700
2020-04-01,179.01895141601562,188.03146740715542,174.10391286562046,175.2388999097387,1463100
2020-04-02,173.4691619873047,182.10654641085537,169.29473365787567,179.38451686030564,1267500
2020-04-03,163.04269409179688,172.65155175435572,155.848082005582,172.45918527268358,1325000
2020-04-06,170.20848083496094,172.35339590419807,166.0917614648445,168.77532327503116,1348300
2020-04-07,178.34568786621094,188.29118337708329,174.4405909809074,176.72016391580323,945700
2020-04-08,189.2626953125,190.45537655874335,176.9125649579444,179.0574949812448,778100
2020-04-09,200.24693298339844,206.31618531743763,192.18665027774168,192.18665027774168,1024800
2020-04-13,190.03216552734375,198.8330618691528,189.2434437487701,198.8330618691528,516400
2020-04-14,195.4376983642578,196.2456463387606,190.81121654579167,193.71598397935463,368300
2020-04-15,186.7425994873047,190.33991274945515,181.98145950981993,189.16645817055232,690700
2020-04-16,180.2886199951172,186.32901851594193,177.26842073470482,186.0597025062202,683000
2020-04-17,191.2825164794922,191.85963057513993,184.81890318537057,185.88655398868408,666100
2020-04-20,181.44281005859375,187.9160359939095,181.34661949188683,187.61786578438586,621000
2020-04-21,172.41110229492188,179.75000077392517,171.4396419533018,178.26874793836822,834700
2020-04-22,170.29507446289062,175.08507010608878,170.26622021682397,173.13252118024167,956100
2020-04-23,170.958740234375,173.25755463849032,167.97700780612723,169.96803871356116,593900
2020-04-24,170.58358764648438,175.89297302745652,168.86187313279885,174.81570898087466,582000
2020-04-27,175.0657958984375,179.9327548450142,171.6993308463136,172.34376668081111,721000
2020-04-28,181.9044952392578,186.800307496879,179.05743641179293,180.42325735527703,769200
2020-04-29,190.29177856445312,191.8307394054752,186.57904911135924,186.6271443895071,761300
2020-04-30,182.97215270996094,187.80062881244137,180.43287718913925,187.80062881244137,584300
2020-05-01,179.47108459472656,181.58714572423705,174.97925945465713,180.39446446255164,455200
2020-05-04,183.37615966796875,184.84778468462875,173.65188405548852,177.27805204682392,740600
2020-05-05,174.58486938476562,182.44315877028689,168.7176106270957,180.87535790961343,1391300
2020-05-06,167.83270263671875,177.52812298533726,167.59224086619733,176.537406988297,1061700
2020-05-07,172.8343048095703,177.1626166860014,169.16966976911817,169.4678400167906,534500
2020-05-08,169.8525848388672,177.0087299891414,169.02539570210703,176.71055972065042,558700
2020-05-11,164.02377319335938,167.64031275010748,162.31168665052354,167.64031275010748,774100
2020-05-12,162.97543334960938,165.76478506809863,162.30214307376306,164.9375956787368,621400
2020-05-13,154.50148010253906,162.61947069973561,153.68390432530387,161.59990060551326,743400
2020-05-14,162.561767578125,164.0526334679233,146.14304576940629,151.86603288512728,758000
2020-05-15,161.65765380859375,166.89971771959992,160.17640101292386,161.55185003747448,498900
2020-05-18,173.96929931640625,175.8160441892846,167.6018755141943,167.6018755141943,667900
2020-05-19,168.1790008544922,174.13282312120893,167.86158949452874,173.7577032733657,480100
2020-05-20,172.26681518554688,174.4309710814627,169.66981636915074,169.66981636915074,468800
2020-05-21,171.81475830078125,176.43161280423752,169.81411450019303,171.45886488097813,468300
2020-05-22,172.8343048095703,175.97954888256433,170.5547319178356,175.24853570595138,434900
2020-05-26,181.77951049804688,182.51050909806986,176.82598853341617,178.80739144861894,663200
2020-05-27,194.64898681640625,195.5050301214524,186.25206600661417,186.9253560201412,1223000
2020-05-28,189.91671752929688,198.96770276640953,189.3780854715794,198.91960747340843,697300
2020-05-29,185.27732849121094,188.89433091240883,184.30315447077837,188.00696141785608,702800
2020-06-01,189.01004028320312,190.44718615262542,184.44778504521835,184.44778504521835,743800
2020-06-02,197.51724243164062,197.92234488623058,189.06793112672483,190.72693054130383,796600
2020-06-03,202.47494506835938,205.0599034528301,201.03778432611725,201.03778432611725,676200
2020-06-04,203.99893188476562,204.73197239366783,199.88036776786058,200.49766891157302,498000
2020-06-05,217.43484497070312,220.89753245829817,213.5092001029793,215.30323353906633,1350000
2020-06-08,214.27122497558594,222.2865149817299,211.9852840757516,220.04878900842053,549000
2020-06-09,201.44288635253906,211.6765903730794,200.99919433685855,209.99829629326734,800300
2020-06-10,197.33399963378906,201.33682440423595,196.2826611480749,199.89002346211257,508100
2020-06-11,182.19081115722656,192.71387973338616,181.56386999766073,189.43445558206602,798800
2020-06-12,190.0614013671875,192.5209656706724,185.65347453213346,190.0614013671875,599800
2020-06-15,192.12547302246094,193.28291053679783,181.64099625131468,183.62793334915602,353600
2020-06-16,206.53562927246094,213.88537218888547,201.10529921705802,210.97247596418498,1167300
2020-06-17,203.25619506835938,208.62865517454844,201.905853691775,208.62865517454844,506500
2020-06-18,204.4908447265625,207.42303628089508,200.2854759660328,201.67440725833555,463300
2020-06-19,203.53594970703125,210.07548843614117,202.37851195913575,207.1722319492211,587400
2020-06-22,202.3013153076172,203.51662254199022,197.24715312718956,201.4910957670847,467400
2020-06-23,204.44261169433594,205.76401842624077,201.9058828304947,205.19494695809686,554000
2020-06-24,199.16659545898438,202.8318122316012,197.47866125984095,202.08913178066322,629800
2020-06-25,198.530029296875,199.53313815237593,195.0673558683332,197.82592361798626,661900
2020-06-26,195.5977783203125,197.86443835337568,191.75893839820372,197.86443835337568,1007000
2020-06-29,199.17625427246094,202.41708882898882,196.6105905157056,196.6105905157056,433800
2020-06-30,199.24378967285156,200.4301623375514,195.26025965860603,198.31783058392116,556800
2020-07-01,201.5586395263672,202.2723998726987,197.83553828193686,200.74843462574344,585300
2020-07-02,205.91836547851562,209.68968216939206,202.04093474310673,206.15949897444068,803800
2020-07-06,208.66725158691406,210.9242572854279,205.92797895875444,208.99518956684472,691500
2020-07-07,205.03094482421875,207.26865545492984,203.75775321893897,206.28482691608792,466700
2020-07-08,201.4815216064453,205.18532890876713,199.28238510084037,204.4522883127728,572000
2020-07-09,199.37879943847656,202.31097587891944,195.3277454775332,201.13424339961585,473700
2020-07-10,202.69677734375,203.69990076315617,198.6264434267071,199.73566615551937,370000
2020-07-13,202.9475555419922,208.95659685150855,202.5231583253118,204.53903038692616,551600
2020-07-14,207.15293884277344,207.4519419811042,200.91240366317413,203.1404744992452,387400
2020-07-15,214.1650848388672,215.72763964926915,210.90497050599274,211.20397363805697,578700
2020-07-16,215.17784118652344,216.00734084044007,211.686233551897,213.2584283502503,366900
2020-07-17,215.6215362548828,218.34151394700456,214.53160833951108,217.30947042305496,397900
2020-07-20,213.58636474609375,215.390038223196,211.53190306439407,214.6184082479121,419300
2020-07-21,217.6856689453125,219.12281510767346,214.04937184265103,214.04937184265103,427700
2020-07-22,216.37388610839844,220.00052818279661,215.74693025860324,217.63742313078438,693900
2020-07-23,215.50579833984375,219.32535899095768,214.39659026182426,215.80481620627054,501500
2020-07-24,215.71798706054688,217.35770635984127,212.0913451266831,216.04593975097677,541200
2020-07-27,219.91371154785156,220.27058435256774,214.10721381499715,214.78238454727833,802000
2020-07-28,204.8669891357422,221.84279122053505,203.77707586511784,217.86891636570093,1379500
2020-07-29,206.53562927246094,208.1367442103342,202.15663753685175,206.43917000449431,791100
2020-07-30,201.7804718017578,205.88939528611417,200.31437627732174,205.24314467648722,634600
2020-07-31,199.83213806152344,201.73227113341215,194.55615085919555,201.03780550725892,514600
2020-08-03,200.70021057128906,201.89623787519906,197.05427369946963,201.5297102928872,546300
2020-08-04,204.751220703125,205.18525794165478,199.97678164406383,200.97989025572411,456900
2020-08-05,209.15919494628906,212.14924138933299,205.25282946787948,206.23665822722876,594800
2020-08-06,205.52285766601562,209.6510610279885,204.60655352719957,204.60655352719957,502200
2020-08-07,212.19741821289062,212.698979867781,205.1949087102072,205.8122097017582,387200
2020-08-10,215.48651123046875,216.518554798099,212.2553169418766,213.94325118148953,380700
2020-08-11,217.55062866210938,222.25754418508214,216.76935854150378,220.41529558274306,527500
2020-08-12,213.2777099609375,218.86236892613306,212.27460128085815,218.41867690068662,607600
2020-08-13,211.84054565429688,214.43514371617346,210.2972858150968,211.65728189266,411800
2020-08-14,211.55123901367188,213.69250562075177,209.50643169137305,210.95323265736647,365900
2020-08-17,208.74440002441406,213.28736062840434,208.49362653860734,213.03657242498005,674200
2020-08-18,207.26870727539062,210.39380268253237,206.22700880634338,209.8826008483176,408800
2020-08-19,204.66444396972656,208.72512331539363,204.0471428824167,208.06924734908515,425300
2020-08-20,201.7707977294922,203.5358960850016,200.70016478328537,202.5520676355537,385300
2020-08-21,202.2241668701172,203.82529656442176,200.57480754066015,201.3175027126768,377400
2020-08-24,204.51976013183594,206.5935168317072,202.96685997588813,204.33651105502355,521900
2020-08-25,203.80601501464844,205.6289834880091,200.89311852999145,204.6162199544489,322000
2020-08-26,201.07635498046875,202.90896324522217,198.4238871291788,202.90896324522217,468300
2020-08-27,201.66470336914062,205.01163641264185,201.08597727470084,201.93477162184828,434200
2020-08-28,199.9671630859375,202.29167845858225,197.31469502178993,202.29167845858225,579300
2020-08-31,196.21446228027344,200.2573371703488,195.9920119963871,200.2573371703488,612000
2020-09-01,201.0407257080078,201.0697403156403,194.68626098901711,196.36918202266693,529400
2020-09-02,205.59620666503906,207.21141707498668,198.32291175394317,199.7253385402385,563200
2020-09-03,204.11642456054688,208.8750275818113,201.6404125951967,205.71230202444514,717900
2020-09-04,208.05287170410156,209.86151776007105,205.04490110232,206.64076353309392,985000
2020-09-08,200.1412811279297,205.20937879206295,198.4100117992813,204.70643419743672,842900
2020-09-09,196.77542114257812,199.88978391371478,194.44448237295322,198.54538617771686,641700
2020-09-10,200.5281219482422,202.40447868732716,195.5857652391386,196.8721336711731,453800
2020-09-11,203.03317260742188,209.23288388455254,199.41586512138065,201.14714902496277,558600
2020-09-14,209.37799072265625,210.44190920141784,203.25565567639606,203.63286045373923,545800
2020-09-15,210.94479370117188,215.46158312237648,210.40315323841665,211.06085213552265,460500
2020-09-16,217.57009887695312,220.4426637492333,210.04533725597983,212.53103076667333,713400
2020-09-17,219.53347778320312,220.61674405168327,213.01460596970063,214.9199774885954,657100
2020-09-18,217.83123779296875,222.20295487032914,216.74798621061947,219.98807433932348,765800
2020-09-21,211.14793395996094,213.11133487143195,208.6622552417276,211.8733288215841,1296700
2020-09-22,214.20423889160156,214.600791570975,210.10333518205428,212.0570692108408,443000
2020-09-23,212.78245544433594,218.03430623796092,211.77658123947703,214.378317956891,861900
2020-09-24,213.6722869873047,216.61256212598934,209.55204990431824,211.04152070877413,631600
2020-09-25,218.65335083007812,219.44644149647132,210.83842882434948,211.47676505303824,477700
2020-09-28,224.27272033691406,226.60364427952058,221.0809804457929,221.76767921969886,528900
2020-09-29,223.4796142578125,224.64024291676378,219.78494463836162,223.54732485236343,466000
2020-09-30,227.6385498046875,230.80127511275924,224.205011631639,225.08516082191062,655100
2020-10-01,227.16464233398438,233.32567251581108,225.481735758118,229.49558128450255,673900
2020-10-02,232.65823364257812,236.75912171606203,223.0249867512116,223.0249867512116,804300
2020-10-05,241.00515747070312,244.467710365796,234.85382383149292,235.75330628538677,1105800
2020-10-06,241.4500732421875,253.0564046403045,240.57960539747123,243.51986578597916,1102400
2020-10-07,256.07403564453125,259.55590693366156,244.35164610474632,245.14475147196796,1370400
2020-10-08,266.77117919921875,267.2257610879237,260.51343933541517,261.14210887944,934300
2020-10-09,264.1404724121094,268.3284060377967,258.13421082309367,267.3321982089172,993600
2020-10-12,261.3065490722656,266.0844553970721,260.3393560601434,265.63955487608456,647800
2020-10-13,252.45669555664062,255.03911374462996,249.071520199814,251.963447218646,789000
2020-10-14,251.3057403564453,255.90958841122554,250.0193866733442,253.65604174292775,434200
2020-10-15,248.4332275390625,250.77384803593378,245.85083826213256,248.35586507141096,775500
2020-10-16,250.47396850585938,253.907491796051,248.16236310384565,250.1451264329262,498400
2020-10-19,248.2784881591797,250.83186267263847,245.70573613444336,250.51270192710308,340100
2020-10-20,248.65570068359375,252.61151740022277,246.36345748130893,251.62499094451888,376000
2020-10-21,247.82388305664062,252.15688898170683,246.21833906962445,247.77550569484782,320400
2020-10-22,250.59971618652344,253.2401342280042,245.66702590484144,245.6863738974433,512500
2020-10-23,253.80113220214844,254.30406196306006,250.0000705934463,253.34655028725908,255100
2020-10-26,245.90884399414062,250.52234442370522,243.80037013448649,249.68089115507937,391900
2020-10-27,247.14683532714844,250.1548210178586,245.41556628618287,246.51816575697862,368500
2020-10-28,239.3319549560547,243.897108051539,235.75334305920566,240.96651382924338,553800
2020-10-29,254.95208740234375,260.20393844640716,241.79825635343894,242.67840554853208,1114300
2020-10-30,257.61187744140625,260.9293425533645,250.78349679892847,252.2052717778234,604600
2020-11-02,262.09967041015625,266.4520397202758,259.59464361585464,260.98740415640435,858900
2020-11-03,267.0999450683594,268.8795761310019,262.69920048300634,266.4615943312627,481900
2020-11-04,245.43492126464844,257.65058987328484,231.83618833402628,244.35166969090088,1817500
2020-11-05,251.6732635498047,257.3313480823205,246.67287788264014,247.71744801594426,941200
2020-11-06,247.77549743652344,256.98319375317607,245.03835421406566,248.4912403328104,525900
2020-11-09,252.853271484375,266.90658529280836,248.57829474089147,262.0803014279667,646500
2020-11-10,257.2926330566406,268.31865523369356,254.61351947007108,254.8069698479218,597700
2020-11-11,257.2636413574219,257.9406882237976,249.84528801684198,257.9406882237976,464600
2020-11-12,252.021484375,255.32926787013676,250.33854850201257,255.2228908091506,485600
2020-11-13,255.47439575195312,261.1421330646745,252.04084258886104,253.84948893598278,446800
2020-11-16,262.3123474121094,265.69752216550506,257.93096526908397,261.9351575738208,472400
2020-11-17,260.4940490722656,261.79011352423845,257.24429511730756,259.9911193934415,294000
2020-11-18,260.5230407714844,265.6201657635815,259.31404976066545,261.85777157004964,305100
2020-11-19,260.7068786621094,265.23336463525703,257.66990778888623,259.25608906573393,282500
2020-11-20,256.886474609375,258.0567699108041,250.6190531505853,257.81497165336236,412200
2020-11-23,258.1341857910156,262.2834230212224,257.26368837048796,260.1749491049748,319000
2020-11-24,265.9007568359375,268.4541314327087,258.5597347687873,261.2872265670145,585400
2020-11-25,263.7341613769531,265.0979069518146,256.54792498258007,263.61810294783913,259300
2020-11-27,262.1190490722656,263.9663917001989,259.3722238162524,263.5118096973421,158000
2020-11-30,257.4569396972656,260.99462836657517,253.76417045561934,260.99462836657517,500200
2020-12-01,266.9942626953125,270.31872039111374,259.91888298125457,262.1384023201653,723100
2020-12-02,265.0459899902344,266.9844526412418,261.70215966440225,265.0459899902344,374800
2020-12-03,272.4995422363281,274.13754651041336,259.83167422923725,263.5729247367975,545900
2020-12-04,276.1728820800781,278.31487584821105,272.7224196054136,273.323338524913,438900
2020-12-07,276.1728820800781,277.6073556397829,272.43163234918217,274.30227200393216,378000
2020-12-08,274.12774658203125,278.6637727208984,271.78222279239355,273.5849792797052,405500
2020-12-09,268.6517028808594,272.94539328978607,266.1026181380114,272.3541760022478,590000
2020-12-10,258.5328369140625,266.21886626111353,256.4392930325499,266.21886626111353,728600
2020-12-11,258.97869873046875,260.64577828736407,256.0516003299727,258.5037551268232,434600
2020-12-14,251.70947265625,262.09963718187373,250.23622161021953,261.8476274863995,575400
2020-12-15,258.3584289550781,258.6395144620402,251.28304857221298,254.04533556833772,599200
2020-12-16,254.16162109375,259.09500654316366,253.5897779812335,258.46501189911004,493100
2020-12-17,257.55389404296875,258.1644850345964,254.37481594438108,255.7414063137644,452200
2020-12-18,267.84710693359375,268.8454141059716,258.84293882362954,259.3663320687253,1249500
2020-12-21,267.1880798339844,270.27022912676864,260.8008177604884,262.3903717325257,453500
2020-12-22,264.8909912109375,270.1926893814281,264.58085957075696,268.85517458530774,576500
2020-12-23,265.36590576171875,267.12988464585055,262.42913544348016,264.7068058493303,285200
2020-12-24,266.58709716796875,267.26557101104004,262.7295749464157,266.4804959067242,79500
2020-12-28,270.11517333984375,273.2942519973587,265.811782408761,267.83747302609004,286600
2020-12-29,265.64697265625,272.5285226403548,264.8037459325591,270.90022072022066,359400
2020-12-30,272.2958679199219,273.7109374613236,267.0232468143598,267.53693826574096,334700
2020-12-31,275.2326354980469,275.852928198882,269.5529242440739,271.045548847681,299000
2021-01-04,269.2525634765625,279.9625918686264,267.8277916465401,275.26181204993986,703600
2021-01-05,272.2280578613281,274.6705402720199,266.1897642984497,269.00052984825595,730700
2021-01-06,293.3476257324219,297.94177383400284,287.8908473499079,290.76946624891616,2489100
2021-01-07,298.3489074707031,300.3358206141244,292.7661234420329,299.93843206971934,754300
2021-01-08,300.87860107421875,301.8672363764507,295.4703009953353,297.75767369735183,497800
2021-01-11,300.5198974609375,301.876815559145,294.4428269897175,296.332810547672,369700
2021-01-12,305.1237487792969,309.19453267900343,298.77529464712694,300.5198994163747,442800
2021-01-13,295.6446838378906,304.1545352413273,293.677145072201,302.5359351971885,597200
2021-01-14,293.51239013671875,298.87223965999976,291.91316392484373,297.64132618584404,669600
2021-01-15,294.2393798828125,295.0632328370833,287.3190801398745,291.5739924051531,531900
2021-01-19,297.5540771484375,299.9577819704403,293.2700608081339,295.6156141051252,617700
2021-01-20,300.4617919921875,301.46009934372717,297.08885542088217,297.9514857311042,616600
2021-01-21,300.4617919921875,304.9977887208183,297.63162274335417,298.9013433347306,601800
2021-01-22,300.0740966796875,302.33239319830784,296.2068426445722,298.1259317803121,643500
2021-01-25,298.5232849121094,300.53927330212827,294.1520416321741,299.4925163566292,926800
2021-01-26,284.0720520019531,300.46175994039135,283.9169714151328,300.4036084176584,671600
2021-01-27,276.2213439941406,283.73288997578743,271.75319987246576,278.87705907400675,682300
2021-01-28,280.010986328125,282.6085197595952,277.4813062034005,280.0497638717796,429300
2021-01-29,278.5668640136719,283.08348692138446,273.8563829501289,277.7623852034376,713000
2021-02-01,286.7568359375,287.9199256441589,278.7994530898851,280.66039070481935,509100
2021-02-02,285.5744323730469,289.61611185773626,285.52595304256715,289.0830462726814,344000
2021-02-03,285.8069763183594,288.104050135222,284.0526697502661,286.4272690689829,472000
2021-02-04,286.1073913574219,288.9181562268733,283.89754516463887,286.8343148363451,401000
2021-02-05,288.44329833984375,290.1103776915679,285.6228311447326,290.0716001498261,345600
2021-02-08,291.6514587402344,293.98731024091353,288.41422902943134,290.76945451211583,463200
2021-02-09,296.50732421875,302.1482292730375,290.86638958586343,292.9599332510151,539600
2021-02-10,306.2771911621094,307.4693567000559,295.9839561157565,299.5119438229535,657100
2021-02-11,308.7583923339844,311.7145366547166,305.41453174025224,307.9733171647775,523100
2021-02-12,320.65087890625,322.08535233011946,307.42087341212414,307.42087341212414,578600
2021-02-16,315.6302490234375,323.713636618463,311.7242470516458,321.99810741955383,470200
2021-02-17,315.29107666015625,315.7466167661134,306.08337502883074,312.80984574474013,359000
2021-02-18,315.1456298828125,315.9113310827992,309.7470030964265,312.89700560709923,283300
2021-02-19,325.9913330078125,328.3465585539927,316.7545576036028,318.04365211737496,628200
2021-02-22,318.0049133300781,325.3323023080524,317.1326107524341,323.9559803372697,492600
2021-02-23,325.4777526855469,327.09638292694945,311.34636500135963,320.33113380968905,538800
2021-02-24,336.8758544921875,337.61245043886623,323.7136720116601,326.0010741055647,560300
2021-02-25,325.9622497558594,336.67224620829415,323.800852820411,336.67224620829415,394800
2021-02-26,327.0593566894531,329.66130014888336,319.84574710720756,326.50594964379917,471800
2021-03-01,337.4380798339844,343.26334307839033,333.6516646508847,334.3021357877036,725100
2021-03-02,326.78753662109375,339.43806471043064,324.8360640668306,338.1759362659617,591100
2021-03-03,327.3797607421875,331.5933636819414,326.35063341550557,326.35063341550557,410500
2021-03-04,320.1175842285156,329.09819700041635,313.15638269729277,325.6710021764004,465500
2021-03-05,320.185546875,325.99137260373107,307.1563639795343,325.23408969873066,1037900
2021-03-08,324.3700866699219,330.7196320149796,318.6904489801548,320.38948412323253,473900
2021-03-09,323.1078796386719,327.3020757256627,320.81662395690773,326.18557301196176,296400
2021-03-10,330.9331970214844,332.7681692003975,320.3992028227931,323.4088985202354,360100
2021-03-11,330.8554992675781,339.42833108387555,328.1564620958478,335.7875419334039,366300
2021-03-12,333.816650390625,334.4186190630412,328.3991693694143,331.24383207742625,267100
2021-03-15,333.7001647949219,335.2147307235369,328.4185909206887,332.67103742365316,302900
2021-03-16,327.8457946777344,334.89437239215266,327.18560531501845,333.7001828102361,403100
2021-03-17,330.0981750488281,330.4768312949797,323.96222538994624,328.7972034437993,332800
2021-03-18,329.89434814453125,335.0885467133665,327.8263751179871,331.0302577939617,370500
2021-03-19,322.3894348144531,327.93313454200967,321.83602777823654,327.62247640009235,649700
2021-03-22,312.44769287109375,322.52540247215677,309.3797175084073,321.9817136361181,1013400
2021-03-23,307.16607666015625,312.9913387864515,303.3214119528697,311.71949225918223,655400
2021-03-24,312.8651428222656,318.3214673373914,310.67095111364813,311.3602951815521,382700
2021-03-25,323.5253601074219,325.31177026913093,308.00101640683897,313.46705877117205,490000
2021-03-26,331.3020935058594,334.8555072621519,325.72926840981626,333.0108466902146,706900
2021-03-29,330.77783203125,336.91375264083905,328.5059535973963,333.44774399336984,555500
2021-03-30,333.62249755859375,337.99144444239585,328.2244233346903,328.2244233346903,503000
2021-03-31,326.0399475097656,342.0982330503333,322.01081356102713,337.865223211243,883300
2021-04-01,324.156494140625,329.2730064739439,320.20501670546537,324.46718196499614,751600
2021-04-05,333.991455078125,335.51570967305975,328.30209961940267,328.56425541016915,454100
2021-04-06,334.0399475097656,335.13704329078905,330.3603152816928,333.7389780017275,366800
2021-04-07,327.3700866699219,334.8555416140135,325.797270340616,334.2244773574035,444700
2021-04-08,331.729248046875,332.2826550507897,322.10785336927455,326.4476747679466,357600
2021-04-09,335.96240234375,336.88471803757193,331.13714078864854,332.525488271096,337700
2021-04-12,338.4962463378906,339.25352918189526,333.7972054047319,337.3894620099516,329700
2021-04-13,333.48651123046875,336.72923666035877,331.22438099293686,336.2049844445748,471300
2021-04-14,337.0982360839844,340.01086744005175,331.48656752311393,331.98172433486724,489700
2021-04-15,337.8069763183594,338.7487282787308,334.30209462422,338.7487282787308,355600
2021-04-16,341.3313293457031,342.8070521315465,339.37013829543815,340.6808285373189,408300
2021-04-19,340.4089050292969,341.7875634708966,337.9525872887811,339.9914350105537,319200
2021-04-20,334.5739440917969,341.3798020619729,332.23415634798397,339.50601636494594,302700
2021-04-21,341.68072509765625,342.71957056694725,331.55448540683426,333.52536447168427,435800
2021-04-22,338.4089050292969,343.4574775833651,335.4088984749753,340.7098789165754,253600
2021-04-23,340.6031494140625,342.2148091357123,337.6905177884156,340.166242818687,210900
2021-04-26,347.0594787597656,347.5837607512234,342.1371241754849,342.17596756010215,360000
2021-04-27,347.1856689453125,350.79733306791695,346.6225436156143,347.20507582161224,238200
2021-04-28,344.826416015625,349.96233429421443,343.52541469100163,349.3215518836558,179100
2021-04-29,348.6128234863281,348.88466787052164,344.7098788497023,347.08853943300727,204000
2021-04-30,342.8361511230469,347.3895675480664,340.70992769094516,347.2245350166876,320900
2021-05-03,344.2341613769531,346.8069796105148,340.80696660647675,346.36038446760614,443300
2021-05-04,362.5546875,363.04984438301625,344.17598810907054,344.17598810907054,696700
2021-05-05,363.5255432128906,365.7294534213233,359.2925328389075,365.7294534213233,328500
2021-05-06,361.7099609375,364.11774675151037,358.2051089162004,363.82646585152224,355000
2021-05-07,367.26336669921875,367.70027322016455,359.0885689591813,361.1468531788737,245400
2021-05-10,364.45758056640625,372.53525578149333,363.92358036686215,370.4090324934899,300800
2021-05-11,366.1566467285156,366.2731472535902,356.9527200729494,360.2342897970486,295200
2021-05-12,357.25360107421875,367.2633402993053,356.1953487287087,366.20508795379527,287700
2021-05-13,363.5643615722656,365.10805265994435,356.87500389683896,357.1177231803511,282500
2021-05-14,366.9624328613281,370.13719043471065,364.4284281253616,366.2245567555753,182600
2021-05-17,365.09832763671875,367.5740820599212,361.3216310622941,365.5352341904657,510000
2021-05-18,361.7002258300781,368.5449266718026,361.5060682012842,366.0497655927169,446900
2021-05-19,353.14678955078125,355.04972979841955,347.80696606511566,353.1856329267451,318700
2021-05-20,351.4186706542969,355.6517102634692,347.4769119555933,353.1662672306557,374000
2021-05-21,351.9817810058594,359.7682044353989,351.2730300788847,353.94294201950345,264200
2021-05-24,355.7875671386719,358.0108837023421,350.8264000297392,356.25359875196585,380900
2021-05-25,351.7196350097656,360.1080273436191,351.5254773677965,357.65170947513604,318100
2021-05-26,357.4381103515625,358.9526762303932,351.9817858869524,352.3798490463501,508500
2021-05-27,359.9915466308594,365.2342773134395,359.3701710332224,361.5546446200324,757900
2021-05-28,353.60302734375,362.0529413337954,353.03906471151015,360.22487745605264,483800
2021-06-01,353.6419372558594,358.8052296500392,352.7181720848182,357.76478459937925,436100
2021-06-02,347.0201110839844,354.6046005295574,346.1060790643336,354.468483885374,511900
2021-06-03,349.62603759765625,351.8333111253823,343.714029509043,345.71711324684003,501400
2021-06-04,342.05126953125,351.16241961229736,338.38543796937904,350.5206505655609,607800
2021-06-07,343.9959716796875,348.0507752682853,342.16793756547463,345.1919997136039,384400
2021-06-08,351.9111633300781,352.74738902832587,342.96532882518284,343.81128773950667,419400
2021-06-09,349.1787414550781,352.5042366042539,347.47709069718246,350.7539791230492,315300
2021-06-10,340.3787536621094,351.7166129753675,340.2134670655646,351.2012570826937,323900
2021-06-11,342.93609619140625,345.1628360319121,340.96218252717017,343.1208492164597,237100
2021-06-14,337.7144470214844,343.2861481106486,335.4780037543205,342.60547598180796,252800
2021-06-15,336.7031555175781,339.4258142248879,334.2819593535383,337.90891666736525,426100
2021-06-16,333.5138854980469,336.6935611462384,331.4913646570566,335.8767721715438,288200
2021-06-17,327.2225036621094,335.41961939168533,321.8550227272171,333.9707654249666,496200
2021-06-18,326.0556640625,328.87553587164365,320.5812070046316,322.17588105675964,569800
2021-06-21,332.7748718261719,334.4181828385639,328.98259738253626,329.6632696350959,249600
2021-06-22,335.1766052246094,336.4504100374687,331.66632724092665,334.3695199313105,299500
2021-06-23,340.1745300292969,342.2359533948435,333.1345680433138,335.4682543123395,472800
2021-06-24,349.04266357421875,352.8154718849392,340.33995151106075,343.71408371941743,589500
2021-06-25,349.34405517578125,357.8912128121401,349.2371085064247,357.8912128121401,406500
2021-06-28,348.2550048828125,350.50118169352567,345.19203920224334,349.57744615384365,292200
2021-06-29,342.5860595703125,352.7959640625602,339.6981139698137,351.2304299430432,454000
2021-06-30,342.09014892578125,343.2667105924168,336.2656508570473,341.39977319942557,412700
2021-07-01,342.77081298828125,344.10295768516676,340.06762041136807,342.8388564657373,340000
2021-07-02,339.93145751953125,343.88901790835774,337.8311308488599,342.6443831784525,325700
2021-07-06,338.9104309082031,340.33008524065275,332.3760920846055,338.8131878061058,260600
2021-07-07,346.2032470703125,346.85471952680876,339.2021585825124,339.2313285481103,252200
2021-07-08,341.5553283691406,344.7349734761182,336.868489165715,339.2896854547699,414300
2021-07-09,348.0313415527344,352.4750583028768,345.6684554322021,347.1367464044092,304200
2021-07-12,345.4351501464844,347.31182096911664,341.8081919336475,343.9279854287099,315700
2021-07-13,342.29437255859375,345.6588009636049,341.24422388049976,344.2099465396896,272100
2021-07-14,345.8726806640625,346.6505662782232,340.58297539935455,342.1095766590057,334300
2021-07-15,346.7770080566406,351.89169393247295,343.65570245296556,343.65570245296556,399400
2021-07-16,341.7789611816406,347.0686662512207,341.5164314732933,347.0686662512207,299400
2021-07-19,330.3536376953125,336.6837886028421,326.2016201403217,335.71141665019854,462800
2021-07-20,337.4032897949219,340.7482512442394,330.7036633566591,331.0926061514659,339100
2021-07-21,342.77081298828125,343.69454844825964,337.8797837319603,339.5814344826108,257900
2021-07-22,341.0497131347656,342.21657129283517,336.1781500597489,342.21657129283517,230400
2021-07-23,346.3880310058594,346.54361406108353,341.36085553979376,343.8015183523205,213400
2021-07-26,342.9166259765625,348.57583670092964,342.7221397561886,346.9325260643925,223800
2021-07-27,343.529296875,344.21967265538166,335.9642442392123,339.63007583299907,225000
2021-07-28,357.30780029296875,360.26381942788635,339.6106480204722,345.1531505147,803600
2021-07-29,357.2300109863281,368.5192350583152,350.4623105374281,362.20855061192987,497400
2021-07-30,353.2626953125,358.57186719065925,348.7995119040773,355.14909915062657,405300
2021-08-02,352.8056945800781,362.32522409103854,351.75554595161174,353.66138662705475,414200
2021-08-03,352.5140075683594,354.41014477141135,347.48683144850844,352.9710235792549,288800
2021-08-04,356.0825500488281,359.3594381290552,347.5062240117837,349.36345763257884,321500
2021-08-05,352.5625,359.33022805342233,349.538438410512,358.6884592031274,231900
2021-08-06,356.5007019042969,358.27042582190785,354.5364917437531,356.8604747467315,210300
2021-08-09,359.096923828125,363.1517276291499,355.50886921283455,357.2980595875994,214500
2021-08-10,367.7218933105469,371.81557068768876,359.680358731477,359.680358731477,480600
2021-08-11,379.6333923339844,380.93636692025694,368.5094571212113,369.9485483220101,508900
2021-08-12,378.19427490234375,380.6835442352661,375.11184336481296,379.2444233469327,213600
2021-08-13,374.791015625,380.1974008436039,373.604720757641,380.1974008436039,210200
2021-08-16,370.3083190917969,374.93681810006666,368.5386250660738,372.4183788380466,305100
2021-08-17,366.9537048339844,371.7863942647155,364.1727058263898,368.7428655323091,225800
2021-08-18,364.89227294921875,370.65843094561563,363.8323911848718,365.36872566384636,271300
2021-08-19,362.6265869140625,364.84359330062966,357.68695151747625,359.7775448295728,174000
2021-08-20,364.6394348144531,365.26176702693107,360.4874177994952,362.7238611299172,197400
2021-08-23,368.0038757324219,369.8611096968813,363.462915394886,366.652294167892,240400
2021-08-24,368.80120849609375,370.1819896338143,365.60209667571087,368.29558579712705,189300
2021-08-25,375.423095703125,380.6738984812989,369.151314211631,369.66667017612065,247900
2021-08-26,373.9547119140625,376.31759780242226,372.1655514676451,375.1896430194662,169400
2021-08-27,373.7311096191406,377.9317629434657,372.8365145007551,376.6968317580497,206100
2021-08-30,372.16558837890625,376.871864521464,372.12671487091586,375.4230399763324,157700
2021-08-31,371.30859375,375.2919400809241,370.0425042042967,373.0129610655738,229300
2021-09-01,371.2500915527344,373.100541206455,367.6952749007813,372.81809492464345,143400
2021-09-02,369.5360107421875,375.28215693515097,365.7669292652279,373.3927715425316,272900
2021-09-03,364.715087890625,369.15617916805576,362.4653257193661,368.9808502509916,248700
2021-09-07,360.2545166015625,364.2476113332667,357.6736236955674,364.2476113332667,278300
2021-09-08,358.4527893066406,359.7481251346319,354.0896279200791,359.5143928380112,279400
2021-09-09,358.19952392578125,362.00757041365796,356.2321783818466,358.9104694389991,205200
2021-09-10,359.8551940917969,367.44207089766496,359.69936267442273,361.05313139434566,232000
2021-09-13,358.4235534667969,365.8059151367765,357.6541747912524,363.4587543785897,297500
2021-09-14,352.2489013671875,358.2677458556429,351.20679532858014,358.2677458556429,334200
2021-09-15,351.8690185546875,353.63181865838754,350.193868046432,351.9079541159056,242700
2021-09-16,344.8567810058594,351.3139025444132,344.1847709991082,351.1093868055165,347400
2021-09-17,333.7929992675781,345.6651357760977,331.98148508514925,343.20110912650705,1000400
2021-09-20,333.60797119140625,334.14361756034214,326.7223206370078,327.34561660876193,392500
2021-09-21,335.2149658203125,338.38996815741234,331.8354477275624,334.8838351658001,275900
2021-09-22,341.1266784667969,343.2887912444372,337.1725488398573,338.96456568915653,310400
2021-09-23,346.7072448730469,352.034611104422,342.4804176746796,343.4640905664487,243300
2021-09-24,341.8473205566406,347.0967851302287,340.24035191718764,345.24630577142676,387100
2021-09-27,346.9312744140625,349.5706006336449,342.2272336775045,342.2272336775045,292500
2021-09-28,348.0804748535156,351.732690306767,345.7528116599822,346.4150729289385,808900
2021-09-29,344.5743408203125,350.9438128697133,343.63938198978747,347.7298751712681,533200
2021-09-30,332.7704162597656,345.67491201590366,332.69251540072037,345.06133500936784,426400
2021-10-01,344.7789306640625,345.5093738460766,329.0305625822424,332.3808643548252,511400
2021-10-04,339.7436828613281,347.1649798217576,338.89637364137747,342.4999047359916,490100
2021-10-05,339.03271484375,341.82790206494695,334.27999005263996,339.92873812151515,318100
2021-10-06,347.9928283691406,348.1876250837826,340.2890849373988,340.2890849373988,354800
2021-10-07,351.206787109375,356.63155196886,349.4439867071349,349.4439867071349,342000
2021-10-08,348.4700012207031,353.42730061995553,348.2654854993394,350.81716166712295,243700
2021-10-11,341.3507385253906,350.44718845718876,341.2046558161383,348.13899248556476,228100
2021-10-12,340.0650329589844,343.9607286932272,339.5488544630692,340.0747519874962,252600
2021-10-13,339.87030029296875,341.8765815962125,334.7571986787999,339.4612390862409,257800
2021-10-14,353.7876892089844,353.99220495431416,342.8310427392311,343.8926164750172,290200
2021-10-15,356.232177734375,358.46247206001846,353.2519726139408,356.47565873912816,227000
2021-10-18,364.12103271484375,365.92279841345174,357.4107104908551,359.26116051031426,297600
2021-10-19,360.8973388671875,367.26681127538444,359.3877682890233,366.54608717713865,220900
2021-10-20,371.8442077636719,372.1850871414491,361.83226925106004,361.9881006729526,328800
2021-10-21,371.7370910644531,371.9123902687285,368.2991401899648,371.1429819097804,206700
2021-10-22,371.386474609375,374.5614767772629,370.90926129768843,371.5228382537458,192400
2021-10-25,383.5215759277344,385.5473249584207,371.6396901346761,373.3538060449676,382600
2021-10-26,380.6290283203125,384.05723049231807,378.8856958389397,384.05723049231807,175900
2021-10-27,373.2077331542969,383.1807065915433,372.6233727403133,380.44398220322233,277000
2021-10-28,383.36578369140625,385.5571131190561,375.4867405603843,375.4867405603843,367600
2021-10-29,382.59637451171875,384.70005432476984,379.5674845529964,379.5674845529964,331400
2021-11-01,380.2297668457031,386.37522643432976,374.56152062462724,383.83326870763733,486400
2021-11-02,396.86431884765625,400.33148623838895,373.2174430762407,378.26239246276486,756000
2021-11-03,397.4778747558594,402.71759085058886,395.568991958092,402.71759085058886,460000
2021-11-04,402.3572692871094,406.7983608174912,392.86150928618156,397.3512851329744,466700
2021-11-05,401.568359375,411.59001614897267,399.9808584656649,405.81465383906965,339600
2021-11-08,413.91778564453125,424.26085590914766,405.90237876619926,421.23196590889904,648700
2021-11-09,410.9667053222656,417.62834181601494,405.94125399081236,416.8102492348669,340100
2021-11-10,402.4643859863281,410.68430777651383,400.10750630611847,408.24949752401346,368400
2021-11-11,403.2045593261719,406.7788736905457,400.2827871571416,402.75656258235887,194400
2021-11-12,408.6098327636719,409.19419315158274,403.9252603522897,404.801815795058,209500
2021-11-15,407.7138977050781,411.366113500795,406.25301138679134,410.3824405355033,195000
2021-11-16,410.9472351074219,413.0314169685636,407.85013426352543,408.9604218668055,206600
2021-11-17,412.5152893066406,413.9274911399805,409.4766508709516,410.42135843656814,231300
2021-11-18,409.2916259765625,414.0930649255763,407.2269115242697,411.7459041463396,291700
2021-11-19,406.545166015625,412.2815937402695,405.6881079760619,410.0805155679193,179800
2021-11-22,406.4087829589844,414.3852234595594,406.2919168262264,408.15208564229744,259000
2021-11-23,410.42132568359375,411.22966954427244,403.3701252751882,406.6132791909022,178800
2021-11-24,411.93096923828125,413.49900264773567,409.22346116476973,409.22346116476973,149400
2021-11-26,404.1005859375,406.0873696294677,398.1498944478084,401.7631444051554,189700
2021-11-29,407.4314270019531,410.6843301095703,404.87975047406104,406.9054996367077,217100
2021-11-30,393.5621032714844,405.9489868288804,392.7330527354456,403.7739830314644,571000
2021-12-01,391.3576965332031,405.8806169921643,391.30894112507593,400.8673228041034,350900
2021-12-02,403.70556640625,406.2024504033674,393.2596164936502,393.2888756902881,358300
2021-12-03,398.3021545410156,407.5874701516331,393.5132007471375,403.02282695182595,361100
2021-12-06,405.15887451171875,411.3523298892941,400.7503196525654,402.3108797913164,246600
2021-12-07,412.4349365234375,416.95079481246046,409.01149113131027,409.01149113131027,217900
2021-12-08,418.76495361328125,419.7890553558373,411.48887831054077,412.3764172793118,306200
2021-12-09,416.7557678222656,419.5355109901752,415.2634890343661,416.8825676155528,206600
2021-12-10,428.53790283203125,429.132879558164,422.72484716723835,424.44146619518006,550600
2021-12-13,424.2073669433594,428.17703360126234,422.10061532465807,427.5723236465365,347700
2021-12-14,425.0949401855469,429.2206658700325,420.76440010636145,422.3249601847972,364900
2021-12-15,429.87408447265625,430.0204102181584,420.5790361651558,427.05534936824006,278400
2021-12-16,429.51324462890625,432.03938796973114,426.9968642759307,431.8443365691912,257900
2021-12-17,425.5923767089844,431.7955650755355,424.79258557537264,430.9470185315457,710100
2021-12-20,411.7522277832031,418.15049759932066,405.48075775781984,417.19464743973145,381400
2021-12-21,419.5257873535156,421.4276951355957,411.9570891231242,415.2635279866793,279300
2021-12-22,424.9681701660156,425.73870215365673,419.00881796956185,419.00881796956185,157900
2021-12-23,426.2848815917969,431.0153174337993,426.031282011027,426.0703042000398,163300
2021-12-27,427.7771911621094,428.1185683688438,424.187923409796,427.5235915630704,358800
2021-12-28,428.6256408691406,430.99575480176924,427.34793970405826,427.7965906303334,206100
2021-12-29,430.8299560546875,432.20519786874337,429.5815140183057,430.4788159191894,111700
2021-12-30,427.2016906738281,434.0291149540035,425.6216343885637,432.449058668739,220200
2021-12-31,429.65960693359375,430.9958565713011,422.9785075711145,427.42608499667085,287100
2022-01-03,428.186767578125,434.7508288037823,426.2750674934235,431.0542879399719,324300
2022-01-04,430.6251525878906,435.4530988930255,427.757632096993,430.9079815827266,385600
2022-01-05,426.3921813964844,435.25807623910936,425.05593188020003,431.4932238107303,358000
2022-01-06,426.3141174316406,430.71293883901546,419.945107182608,426.948086583617,288400
2022-01-07,418.61865234375,428.79150731511623,417.9261350257765,426.9773476824691,309600
2022-01-10,405.9878845214844,416.1412427548554,402.7985129369339,416.1412427548554,586200
2022-01-11,408.991943359375,409.41136488221747,396.20516788887227,404.76870705474755,476000
2022-01-12,412.15216064453125,417.48730697002816,408.2897672329282,412.81538909351735,335600
2022-01-13,400.7601013183594,413.01044986588283,399.87253251204737,411.4011044747001,417200
2022-01-14,392.7037658691406,399.62873196886284,385.9446217710326,397.66827597993466,471400
2022-01-18,386.70526123046875,388.07073991907714,381.68220462938325,387.16367512220194,572000
2022-01-19,380.7362060546875,390.98710623380794,380.5216584214931,388.49998482225675,520300
2022-01-20,381.7992858886719,389.153374882629,380.83367290023557,383.2623052039711,485200
2022-01-21,372.8749084472656,383.04779379256377,371.9190880464469,381.2531600286573,728600
2022-01-24,374.25006103515625,375.43025130177716,356.61581582687796,365.0623170160151,1107100
2022-01-25,358.8396911621094,369.7342935862601,352.6169764792442,366.2620628457313,1252800
2022-01-26,359.2784729003906,370.1828648529192,354.5480681566268,363.48224194953684,719100
2022-01-27,363.79443359375,370.72916177326834,358.1179403329787,365.42327513090447,524400
2022-01-28,373.3918151855469,374.0843324973842,360.55628392472175,364.1845733926592,466800
2022-01-31,379.5267333984375,380.63864242644195,370.46575827369236,372.15311802550053,439400
2022-02-01,380.9312744140625,384.5205418981434,374.7866042128892,380.7459562232619,300900
2022-02-02,377.42974853515625,382.7453976302399,375.0596642349024,380.1412099840752,388600
2022-02-03,363.7066345214844,376.47391419935525,363.0921615812584,372.5822919315336,636500
2022-02-04,362.8775634765625,367.2958808358357,358.829882457858,362.4386755194725,406000
2022-02-07,363.7554016113281,368.0176600289781,361.3950505522118,363.7163794264519,421000
2022-02-08,370.04638671875,370.8754370412459,363.40428068116086,364.3893899862025,300200
2022-02-09,373.7038879394531,381.36036150845644,372.2993870401494,374.786537691718,779400
2022-02-10,377.4005432128906,389.66065476098146,356.4403583343035,365.23797225908646,1011900
2022-02-11,369.78302001953125,381.0482570418367,369.56844265885854,372.8651176704644,873800
2022-02-14,359.9515380859375,373.6941935690839,356.84994401301856,366.7009475406959,534900
2022-02-15,375.51806640625,376.88354519291426,366.4473284905131,366.6814318290878,553200
2022-02-16,381.41888427734375,382.3649712861353,370.855897981326,373.2357451010655,534600
2022-02-17,375.5278625488281,383.7207961719675,375.44984793303513,378.3466279496655,529900
2022-02-18,374.2110595703125,378.7659092896638,370.3584304839186,376.40558834390873,437000
2022-02-22,370.7095947265625,378.84400875736185,368.0078962921986,371.3533268322836,571400
2022-02-23,356.3818359375,374.10386338454146,355.14312695783934,371.1388019896718,412800
2022-02-24,359.9710388183594,360.7513038931748,341.6930303005008,344.0826404605807,568200
2022-02-25,376.20086669921875,377.3030129378596,357.53275133234683,359.8540806198893,714900
2022-02-28,370.63250732421875,374.40332277731864,362.82715634450733,370.2417568151166,601000
2022-03-01,356.61419677734375,368.95234003769224,353.79099610897345,368.95234003769224,515100
2022-03-02,367.5260314941406,370.31992619134076,359.984429764916,363.20815900204775,431400
2022-03-03,367.04736328125,374.14935199795383,363.67707651455083,372.30301320949553,359800
2022-03-04,366.2657775878906,366.7249176031759,357.6007581915714,363.3839666939515,376600
2022-03-07,351.67108154296875,368.9815961774736,351.43663717625884,368.9815961774736,483900
2022-03-08,352.43304443359375,367.04735895302264,351.8566821753695,353.1852697736607,682900
2022-03-09,364.790771484375,367.5651392682603,359.90631486224794,363.6673226113999,279900
2022-03-10,362.3973693847656,364.04831807874126,353.3025137007188,353.3025137007188,396800
2022-03-11,362.3094787597656,367.9266041788804,361.3325873825283,366.1681818124378,263300
2022-03-14,366.9106140136719,371.43362567799414,361.694017846921,368.03403308975254,358100
2022-03-15,371.6777648925781,373.1333231185814,364.8395270659411,370.525040528195,324300
2022-03-16,370.3395080566406,383.84990199265195,362.42668234486086,375.0188258607904,372100
2022-03-17,374.2274475097656,375.79047930757986,366.4318752358934,367.9851285822841,395500
2022-03-18,376.8162841796875,377.79317545972077,368.4638458479893,375.91753108462024,799300
2022-03-21,373.7292785644531,378.33042783086523,372.0685515771802,374.8820030409888,351400
2022-03-22,375.1262512207031,378.7895935177803,373.7097469408909,374.92111239952646,404200
2022-03-23,366.9300842285156,373.6022677268134,366.5491121682279,372.31276420574886,362100
2022-03-24,375.028564453125,375.49748301000545,365.73834845396635,367.5553519637096,248600
2022-03-25,384.8365173339844,385.7645758883655,373.6120471136593,375.6439676691028,422400
2022-03-28,388.197021484375,388.9199114168884,380.0301957254404,383.11717542858963,438700
2022-03-29,395.1916198730469,397.4482364197439,388.39243487372045,391.3231088109745,339700
2022-03-30,381.2416076660156,394.10724937144505,380.6945509238823,392.7200804225913,353800
2022-03-31,375.99566650390625,384.69974081996753,375.98588805199927,379.0142567201815,375300
2022-04-01,376.1617126464844,379.5319991178821,372.51789783917275,379.5319991178821,374900
2022-04-04,376.07379150390625,377.39260053394145,372.13692131692926,375.6634840987844,332500
2022-04-05,372.4006652832031,378.54531893675767,371.01349655130673,375.1457270174725,285300
2022-04-06,364.8982238769531,370.3395158380573,361.90893873828236,368.82531636186076,454300
2022-04-07,361.04925537109375,365.43548780922094,357.5422191487297,365.2010434349793,419200
2022-04-08,363.3742980957031,368.6299786388324,356.565363791895,363.10076969405577,337100
2022-04-11,361.34234619140625,367.25252677743396,360.5022041502309,360.9906498122946,268800
2022-04-12,358.17718505859375,368.3075429529791,356.1550129359108,362.670890949326,285100
2022-04-13,358.48980712890625,361.89914827897593,356.76072023346296,357.77666573636674,481500
2022-04-14,356.3894348144531,362.2116976934914,355.41254366906776,358.5288288078352,263300
2022-04-18,354.09381103515625,358.58751723565103,352.4233351636993,356.0475937473402,270000
2022-04-19,361.15673828125,362.2117678050483,355.16838963092613,355.2660847268454,296200
2022-04-20,370.2417907714844,372.43979612566864,365.46477815845986,366.48075342518683,304000
2022-04-21,366.13885498046875,375.64401826091535,361.7330953976331,375.0481288653711,256200
2022-04-22,346.63031005859375,364.29252060133445,345.7413652535593,364.29252060133445,497200
2022-04-25,352.46240234375,352.98993204294317,340.44665014589737,347.7635571327509,655700
2022-04-26,342.14642333984375,351.40736424503297,340.9936986800595,350.2546395852487,394900
2022-04-27,343.99267578125,347.7244070246562,338.9323869209972,343.2209234469149,308900
2022-04-28,357.4053955078125,358.74376147691055,343.46516899623407,347.1871220351938,387200
2022-04-29,346.03436279296875,357.5323601798767,345.00863907429607,354.7775499658458,475100
2022-05-02,347.1480712890625,351.31941613863404,338.2876900282212,346.688961006877,490700
2022-05-03,358.01116943359375,364.12648929835683,340.661568705764,342.60557304327915,822100
2022-05-04,368.8448181152344,370.3882930962103,354.83620186283025,363.7747503943248,714700
2022-05-05,347.9100341796875,365.943436757134,343.1525491587476,364.6246277205236,450300
2022-05-06,338.0044250488281,348.4571749738369,331.74254758532476,348.4571749738369,587300
2022-05-09,325.09967041015625,336.07991929619044,322.42296792358894,334.6341094115654,641900
2022-05-10,320.55712890625,332.7780189270147,311.7455502064879,332.7780189270147,605800
2022-05-11,314.1291198730469,327.4050671958218,313.0057009984831,322.40338921308904,560500
2022-05-12,320.0002746582031,323.4389211337151,309.4107770611731,311.77483719672665,481900
2022-05-13,325.14849853515625,333.0124914316039,322.37413080510424,323.39985475090504,376000
2022-05-16,315.9364013671875,322.8137240847638,314.06075705790124,322.5401957284465,513200
2022-05-17,327.1120300292969,329.1048964597673,316.5811439007805,323.83943848933205,776000
2022-05-18,316.4834289550781,325.70528385134446,315.05717621498735,323.15558243213786,331600
2022-05-19,317.14776611328125,322.33505671989053,313.69934089139883,313.8068144407317,452700
2022-05-20,320.1858825683594,322.8527765753682,312.5075019145947,322.2275816837904,658300
2022-05-23,325.705322265625,329.2318854442645,320.26403073078814,324.52329217508736,533400
2022-05-24,317.83160400390625,325.3048168058944,313.1718132238047,324.3767581062798,506400
2022-05-25,318.7107849121094,319.88306639075165,312.995964875352,315.75080548151186,588600
2022-05-26,326.3304748535156,329.3100107312704,321.4264920412,323.21418971797135,287500
2022-05-27,341.3746643066406,341.6384142156093,329.73010731629006,329.73010731629006,568500
2022-05-31,332.1170959472656,336.02169831167464,326.93050079009373,336.02169831167464,981400
2022-06-01,329.85650634765625,333.1641770921795,323.5445282829197,332.27364805600143,316200
2022-06-02,339.89697265625,340.12206130667767,329.2008866133593,332.70428976868214,246800
2022-06-03,338.24310302734375,341.9519731640324,335.4834456165148,340.76787627982617,270500
2022-06-06,340.3275451660156,342.9012666883377,337.57768289713215,340.6015518377179,301700
2022-06-07,343.9288330078125,344.8389234462184,336.0902408456652,337.4309174867665,311500
2022-06-08,329.59234619140625,340.9734647616953,328.04617190346636,338.6052703614277,503100
2022-06-09,325.74639892578125,332.78253146374436,325.54090140031997,327.35131638229745,302500
2022-06-10,314.8643798828125,319.3561478722276,314.5512208845278,317.03687190362297,498300
2022-06-13,309.8245849609375,314.1402120233151,305.401296431919,307.162793321483,722900
2022-06-14,309.6973876953125,312.251518077921,306.9083731227782,310.2062486885923,567600
2022-06-15,311.6350402832031,315.80385408028854,306.047215320867,312.17325809274007,519900
2022-06-16,296.5841064453125,306.20372472969774,295.04769832800287,304.28567840278777,682200
2022-06-17,297.0636291503906,303.0232958660196,293.6678880643821,295.44894612592185,692100
2022-06-21,296.07525634765625,301.4967057486999,293.4624124988265,300.70404257078656,651600
2022-06-22,295.8404541015625,298.1303736701781,290.644092414225,292.4838645115292,521800
2022-06-23,290.9376220703125,296.8092191241189,289.23486848134445,293.97128652100986,438100
2022-06-24,303.05267333984375,303.34627109627786,293.04161998608436,293.38410590519595,528000
2022-06-27,302.1524353027344,303.3658893033105,297.91508212480215,303.3658893033105,311000
2022-06-28,296.3297424316406,305.7536613562035,295.9383085646115,303.36587594348913,309300
2022-06-29,293.8538513183594,296.9853816071717,287.75716579308147,296.9853816071717,404300
2022-06-30,292.836181640625,295.6349924743467,285.33033823079256,290.0667574695193,382500
2022-07-01,289.7143859863281,295.68384923801636,286.7394648449034,290.1645632835538,562200
2022-07-05,294.2061462402344,294.4018482070581,278.89104130714315,283.5687453763585,451100
2022-07-06,301.3304138183594,302.53407226040446,293.53097350516606,295.4196636399372,697200
2022-07-07,303.56158447265625,306.65393268960196,301.92731012622164,303.434361756142,540000
2022-07-08,300.8606872558594,304.79464720840275,300.06802390620135,304.79464720840275,383900
2022-07-11,306.8692321777344,307.0845252722118,296.63308929919083,296.63308929919083,480000
2022-07-12,306.8692321777344,312.0068797889343,305.79279656983533,306.00808966431276,439900
2022-07-13,303.0625,306.3995280819561,297.49426611674784,302.2893979858635,411200
2022-07-14,305.53839111328125,306.1255568900078,296.61356687341225,300.36159048080543,255600
2022-07-15,308.2196960449219,310.4313405137999,304.6869661174006,310.4313405137999,306500
2022-07-18,307.671630859375,311.6447418466128,306.37010685920353,310.196433916269,380500
2022-07-19,316.205078125,316.3910144264877,310.46070361190164,311.8992461281817,409300
2022-07-20,318.3970947265625,320.4521594928857,313.04418453930475,313.81725658297444,290100
2022-07-21,322.644287109375,322.83998910282236,315.2754336118655,316.9586260508532,316800
2022-07-22,319.22894287109375,325.87364201170726,316.22466502463294,324.0240745734436,269700
2022-07-25,323.2607727050781,323.68159320402503,315.9604285033135,320.31520839937735,311200
2022-07-26,321.50909423828125,322.11582116156205,317.41852555307275,320.72619670462274,421400
2022-07-27,328.8388366699219,329.9348634911874,320.6186056459394,322.6051617256059,393300
2022-07-28,336.1000061035156,336.9905053568586,326.3629292520017,326.61737467552047,662200
2022-07-29,344.5452880859375,346.82544157401594,337.068803668387,337.29389229759,544900
2022-08-01,346.5905456542969,347.6865721502706,341.0418741878272,343.43945454613134,356800
2022-08-02,344.89764404296875,349.0566923264459,341.06152048583317,344.12454199998297,470900
2022-08-03,347.7844543457031,349.369780591943,345.19114204974784,347.4125817961933,397700
2022-08-04,352.2762145996094,358.1771676502821,346.63947262959977,347.3929833989239,498000
2022-08-05,348.31292724609375,351.6597508146268,344.7801972402141,348.01935932976977,586900
2022-08-08,345.66094970703125,354.4781416035614,343.87989127888716,351.40532454415967,665500
2022-08-09,346.23828125,346.4633698826684,340.7287613734983,344.46701857206955,286200
2022-08-10,357.52154541015625,357.9032135582913,353.7050132512417,355.2511873540116,327800
2022-08-11,357.07135009765625,363.7551707890395,356.4254709167061,360.74109780908884,332400
2022-08-12,362.1796875,363.4910072700749,356.8169513913987,360.5356474776214,277100
2022-08-15,360.8585205078125,364.3325363526708,359.0872580234277,360.065857401076,400100
2022-08-16,363.61822509765625,366.1625897825553,358.7154320228941,358.7154320228941,235500
2022-08-17,361.02490234375,361.37718379138823,357.2964111693444,359.2144874880976,284400
2022-08-18,359.6842041015625,362.0817846211993,358.0108074590174,360.83897411168675,311600
2022-08-19,357.33563232421875,360.2714310778579,354.1454179864502,360.2714310778579,512200
2022-08-22,348.67498779296875,355.4567049839152,348.3912154421174,351.55207269470685,461700
2022-08-23,348.1172180175781,352.66769981289974,346.82545948363895,348.03891333186147,186300
2022-08-24,347.48114013671875,351.2879069957473,345.30864778444186,349.1643326787035,228300
2022-08-25,354.5172424316406,354.97718540720103,349.17409733804703,350.7692193567881,190100
2022-08-26,344.21258544921875,356.3374478313738,342.08904121591223,356.3374478313738,238400
2022-08-29,346.6297302246094,349.9667581966501,340.82664219483354,341.00278294228156,461200
2022-08-30,337.783203125,349.2132381367984,334.5440112992098,349.1349334525538,426600
2022-08-31,340.9206848144531,342.12667888449255,334.7437091580631,339.83237278578486,711300
2022-09-01,335.9104919433594,339.0578059818871,332.8121896498058,338.4205036887217,423100
2022-09-02,333.9495849609375,344.6465642022603,332.76321932092395,340.77367837286954,342900
2022-09-06,332.9298400878906,337.3909860391405,331.0277176140087,333.2730120660714,342200
2022-09-07,344.76416015625,344.9994643977853,332.9298289546198,333.0671097099814,316700
2022-09-08,345.7152404785156,346.9898450862461,338.695040974757,342.2835804651021,353600
2022-09-09,349.3429870605469,350.64703465786977,346.5878566244426,347.77425209123743,346500
2022-09-12,348.3723449707031,351.8824599609755,346.5878744414229,351.8824599609755,272200
2022-09-13,332.9690856933594,342.1953526528148,332.2337299519525,341.1266392325744,330100
2022-09-14,325.89007568359375,332.1847043788904,321.5563658053635,331.59644369462205,517800
2022-09-15,330.8511962890625,333.75339136620977,325.9194125603332,326.16453109540265,381900
2022-09-16,323.7330017089844,326.76266374764515,318.7816183935912,326.76266374764515,457100
2022-09-19,329.2334899902344,329.47860857745565,320.9092424214414,321.40929391431763,406400
2022-09-20,328.037353515625,329.0178279943123,321.1152060898291,326.77253306004053,367300
2022-09-21,322.7034606933594,335.4005829402056,322.68383206053954,330.8021867201074,311800
2022-09-22,321.3014221191406,324.9683862212268,320.9288371184946,324.08596538489104,515100
2022-09-23,313.8008117675781,317.95804346456833,308.67294993593214,317.67369751772554,561800
2022-09-26,309.7807922363281,316.3499505067436,307.8296285038108,312.64375974472,414300
2022-09-27,305.01580810546875,313.2910152653979,301.3194300184508,312.83019105429855,476400
2022-09-28,313.3889465332031,315.07536320985275,305.5059262612646,307.4766888096731,584300
2022-09-29,316.1147155761719,317.13441720341825,302.01549067036456,308.58468030196866,516200
2022-09-30,315.80096435546875,324.8213399029746,312.91836751371676,316.104908995367,712100
2022-10-03,320.2131042480469,323.1741259195814,315.5558512328486,318.68356670416,665500
2022-10-04,329.3805236816406,330.51787740826285,324.92916218501057,326.94893675696215,471300
2022-10-05,327.76275634765625,331.1257759561686,324.39970681744336,324.772291832348,278800
2022-10-06,323.8702697753906,329.3609317010222,323.09568671988234,325.9880978004928,301500
2022-10-07,313.99688720703125,320.37978432520026,311.7810057660828,319.6052012682996,318400
2022-10-10,312.75164794921875,316.21272042228713,309.51606537558104,316.21272042228713,214700
2022-10-11,311.22216796875,315.4970215886343,308.58468968685116,311.2025393327038,243400
2022-10-12,305.3981018066406,310.4671364523463,303.82933716795515,310.4671364523463,350400
2022-10-13,308.2120666503906,310.87895763574795,292.7597838891997,298.14257760058257,445300
2022-10-14,292.9951171875,311.04565235056873,292.49509564930486,310.39853573238037,405000
2022-10-17,304.9765319824219,305.88839586059294,298.21126500980165,299.5741387070268,391700
2022-10-18,314.0262756347656,317.76187994369155,310.24165958451016,312.0260998883358,367600
2022-10-19,307.2218017578125,312.4673450454461,303.5057959256276,312.09476003830093,260200
2022-10-20,298.2897644042969,309.55540670206943,297.2210508024506,306.9081136144711,244700
2022-10-21,309.1533508300781,309.48670850329717,297.4758982626079,298.5054142362592,373300
2022-10-24,310.75152587890625,312.996820395624,307.4473322876789,312.39871551556604,358400
2022-10-25,326.29205322265625,327.0862350181209,309.38865581192346,309.38865581192346,542200
2022-10-26,324.4683532714844,327.88041461101614,320.87002934271453,327.2038849495426,398700
2022-10-27,324.007568359375,328.4295175672138,322.7427779015762,324.929216707639,348300
2022-10-28,331.55718994140625,332.3121443739059,323.4682770380643,324.64482823462083,241400
2022-10-31,329.4197692871094,332.47884434536525,327.3607672527598,330.56690747310466,524500
2022-11-01,327.8019714355469,333.8416969330776,323.7820505971945,332.7239717498471,503400
2022-11-02,316.5853576660156,333.0279007274016,315.66370944024584,326.8411103550386,870100
2022-11-03,325.0664978027344,329.85121776301384,311.05550995346704,312.25168994353686,481500
2022-11-04,330.5766906738281,332.64547690978037,323.3701991928053,331.8415107921379,428300
2022-11-07,336.1457824707031,336.7046599647535,327.26268831294146,333.3612392394248,408600
2022-11-08,337.2048034667969,343.28372741848216,335.3516922979417,338.5382344254105,314900
2022-11-09,329.95904541015625,337.0086586709906,329.68451377770765,335.361468876299,297000
2022-11-10,355.75531005859375,358.2849506412684,345.3622759497865,346.0486199644229,558500
2022-11-11,355.1179504394531,364.216749755753,353.76489126532505,358.37313194218183,323300
2022-11-14,346.0877685546875,356.8239423057963,345.5877171743472,352.84321973891525,371900
2022-11-15,347.2349853515625,355.9220036589379,342.9013054771789,353.5394282459994,324500
2022-11-16,348.9017639160156,349.52925186966246,344.19546961601833,346.7447086216378,279300
2022-11-17,343.79351806640625,345.8524901300108,340.81286785836164,343.0777610656871,257100
2022-11-18,349.36260986328125,351.3823845281584,345.5779635048476,349.83321837753545,315500
2022-11-21,350.7646789550781,351.7843805997184,346.313317278732,346.9996612537535,307400
2022-11-22,357.5299072265625,357.6573736586726,351.30389013872855,352.96089391276445,266300
2022-11-23,358.1868896484375,363.2755538181644,357.2456127474034,358.82419197900924,263400
2022-11-25,360.41253662109375,361.2459457425702,356.6377046626656,356.6377046626656,103900
2022-11-28,352.3922424316406,359.8536368713741,350.362653618311,357.74562328611853,252700
2022-11-29,350.558837890625,354.57878905872576,348.921432418519,350.9117943248293,213700
2022-11-30,359.9887390136719,360.0280089307759,346.38405094591735,349.1639114213459,673200
2022-12-01,358.908203125,363.21062707037476,356.2854823716432,360.67630859269946,348600
2022-12-02,359.2520751953125,359.81195637664246,351.90455273721545,354.8808831356042,298600
2022-12-05,347.0127258300781,353.51549485101555,345.93223346363504,353.2699229537261,426200
2022-12-06,343.7908020019531,348.2405633004389,340.2938608037939,348.2405633004389,258300
2022-12-07,346.25634765625,348.9674707794866,342.6218718744339,342.6218718744339,227500
2022-12-08,351.3740539550781,353.0832545929823,346.2465119954366,348.9085327093846,312800
2022-12-09,350.61767578125,356.56050271005256,348.87903783121004,350.6569756718085,230400
2022-12-12,353.4761657714844,353.5252681560732,345.5097984930437,351.25618641061305,389400
2022-12-13,362.1988525390625,366.91382018209293,354.4191229533258,365.9315327583755,862300
2022-12-14,359.2225341796875,360.1655217426433,353.06357265332946,355.5094887999503,659600
2022-12-15,345.8143310546875,353.3779574225809,343.8399534003815,353.3779574225809,383600
2022-12-16,342.05218505859375,344.62577374257296,337.3175516904131,340.8243255737152,557000
2022-12-19,334.8127136230469,343.55506672368176,333.69289143974476,341.90483085285024,407100
2022-12-20,335.6771240234375,337.06215301984696,331.65957167558577,334.36086234771636,304400
2022-12-21,336.07000732421875,339.15437430400846,334.40010668202297,337.4157363234191,369900
2022-12-22,330.2451171875,333.9090309063695,326.1685994921077,332.90710830339646,489600
2022-12-23,332.5926818847656,333.03472319855575,326.0113743955441,329.6851196205279,221200
2022-12-27,333.4178466796875,335.49048894091754,330.7558558863884,333.4375116154473,272500
2022-12-28,331.9149475097656,335.6967604628376,331.40416879033353,333.9188224471373,133800
2022-12-29,334.6260681152344,337.0817869002252,332.00334726296836,333.6241456426911,183100
2022-12-30,331.98370361328125,332.65165191082366,326.964198960109,332.06227342244824,211500
2023-01-03,332.1997985839844,337.0621335030923,330.47096306127327,335.8440766679848,405300
2023-01-04,341.5806884765625,342.04236485851783,334.41000081848745,337.5631356951821,358900
2023-01-05,331.98370361328125,337.97566328720006,331.75776669924403,337.7398939056288,242400
2023-01-06,344.94989013671875,346.04021479552864,333.59461986198767,336.3352101864783,285400
2023-01-09,339.0169372558594,346.31532721077537,338.2016217292815,345.7357811016743,372900
2023-01-10,337.86761474609375,338.8302673295379,335.13685657685255,337.90691464136654,329300
2023-01-11,348.69244384765625,351.16779767167856,340.2349324890987,341.06988289855065,542100
2023-01-12,345.3526611328125,349.93012494492666,343.3291510754753,349.93012494492666,305800
2023-01-13,349.0755310058594,349.7336768715234,342.1012832224688,343.6140144827287,382800
2023-01-17,346.83587646484375,348.3486075503492,343.84971418589436,348.0244359006523,309100
2023-01-18,345.5687255859375,352.14023126547744,345.4213884584437,348.71205753196926,406200
2023-01-19,337.0228576660156,345.1954971131988,335.4118917272282,343.8792054427083,330400
2023-01-20,341.53155517578125,343.72206716885495,335.0582839224274,337.4747028630714,317600
2023-01-23,342.74957275390625,345.0972542855099,337.0228497758051,341.3940111974029,274400
2023-01-24,340.2840270996094,340.74570339405926,335.81460127524707,338.6730613140282,345900
2023-01-25,341.2663879394531,342.6415846515731,334.3903744018131,335.9129082657602,213900
2023-01-26,342.818359375,342.818359375,331.92479390213344,342.78889194720114,502100
2023-01-27,341.6592712402344,345.66699135292714,341.3449320220128,342.56295902132416,246000
2023-01-30,341.21722412109375,343.93817984122,339.50805336335185,339.50805336335185,240600
2023-01-31,353.2698974609375,353.5449367669727,340.6376643878787,343.9185011016686,343100
2023-02-01,355.5979309082031,358.564428562018,346.226899146907,352.10098957585217,377900
2023-02-02,363.6723327636719,367.7684550863357,356.9731244351619,357.28746364766937,392200
2023-02-03,354.24237060546875,363.66250478963366,353.37795274890914,359.2716781595928,272800
2023-02-06,350.5784606933594,354.026299980822,347.1502863444494,351.0696045245288,263300
2023-02-07,352.1108093261719,353.77087779013414,345.63753755441275,348.8594397256396,305400
2023-02-08,349.89080810546875,351.9143178914615,348.28967473624346,349.62557130379673,317900
2023-02-09,346.9832458496094,356.5507470062957,346.452832154119,353.53511702218003,253600
2023-02-10,345.0186462402344,346.6885469536196,339.03651906073827,344.3408654782044,364800
2023-02-13,350.1364440917969,350.6079229774927,343.1130634275389,346.31533075241,361600
2023-02-14,349.89080810546875,353.5056187933553,345.54908430685157,348.4959467109615,455000
2023-02-15,376.0196228027344,379.8800352528315,360.9022345781674,363.0043141271479,1036400
2023-02-16,362.39532470703125,374.96862285030005,361.4621695565969,367.45409939981107,997300
2023-02-17,365.0966491699219,369.93931985930186,360.75495475083585,360.75495475083585,522900
2023-02-21,353.32879638671875,364.4089972671087,353.31896391988425,360.9906262593697,486200
2023-02-22,354.8415222167969,359.34041569446714,352.95554702886693,355.5586028740508,378300
2023-02-23,356.5408630371094,358.02412662148214,350.8436080398503,355.81397994507483,354600
2023-02-24,355.6666564941406,356.52127182792555,351.18742774515596,352.1991827043118,251800
2023-02-27,353.5645751953125,359.32076571990757,352.0715089446172,359.32076571990757,278800
2023-02-28,353.4958190917969,357.09099515529454,352.79840331841655,354.3700694083609,299100
2023-03-01,351.2071228027344,355.29344288468604,350.21500271740064,351.87507118747595,277300
2023-03-02,357.03204345703125,357.3463826555987,345.3428280507557,348.4370277204998,333600
2023-03-03,359.7973327636719,360.74203592440114,354.1782754826772,359.0494264943264,246600
2023-03-06,354.2668151855469,360.5944069269786,353.3024113772877,359.13799590697613,256900
2023-03-07,351.2358703613281,357.8685226283237,351.0685644888165,355.0048623387261,325400
2023-03-08,357.57330322265625,362.68065238470484,351.59999370940477,352.57421787423993,425900
2023-03-09,348.54931640625,360.17123274333886,347.762068893755,358.9017683502407,397600
2023-03-10,335.5890197753906,348.58866339697715,334.48686132240005,348.15566828593575,497400
2023-03-13,328.4742736816406,334.2212658212627,326.0239074723119,328.05109877379743,331700
2023-03-14,332.0070495605469,339.25967360085707,326.42733410063204,338.019730158305,446100
2023-03-15,320.0307922363281,325.8761959359606,312.87658294163555,323.2487343928155,596200
2023-03-16,325.94512939453125,328.07073373769947,314.9136635957544,318.4661578237323,392800
2023-03-17,315.4942932128906,323.7113213594883,314.9628845698289,323.33736824146604,579200
2023-03-20,319.6765441894531,323.15032528705615,316.6750995383501,318.62357747485606,434700
2023-03-21,329.8223571777344,330.39310707720307,323.6620422407063,324.4886610769534,577100
2023-03-22,323.1307067871094,331.67249675702834,322.9240595391933,328.77931515991537,489000
2023-03-23,328.1396484375,331.54453774055145,322.471369804134,322.471369804134,572700
2023-03-24,331.46575927734375,331.90860475973574,321.4085179405219,324.4591545163297,352900
2023-03-27,333.6603088378906,336.7503172874191,330.79664834237315,334.0539326448724,313300
2023-03-28,340.5882263183594,341.20819812369024,331.9086811068746,332.7943422438157,443200
2023-03-29,345.6463317871094,345.73489489191246,341.84781847821966,343.9930937676415,311800
2023-03-30,344.9181213378906,351.1472998731258,343.225511952031,349.58262498068825,292100
2023-03-31,349.4054870605469,349.7991108514086,345.2428411440478,347.57512291883324,305800
2023-04-03,350.3304748535156,355.1130618647348,347.7226837857789,353.2826979562138,441100
2023-04-04,342.0151062011719,351.0784546509769,341.3164216624312,351.0784546509769,425600
2023-04-05,331.692138671875,339.97805892856644,329.61575595397494,338.0689520529965,505200
2023-04-06,333.1977233886719,334.62464317807536,326.8406116333845,328.99573681600805,287100
2023-04-10,335.0577087402344,336.573161902543,329.7633829328999,330.91473332203606,223700
2023-04-11,340.6865539550781,340.87353048518594,335.9629790287908,336.5435792948644,385100
2023-04-12,340.548828125,344.8787500338482,340.28313881429887,343.28455410649883,234600
2023-04-13,343.1763610839844,344.82959927673903,338.23628715563973,340.4307844210196,306400
2023-04-14,343.6388244628906,346.8665875939212,340.8735775441527,341.9068437476551,181100
2023-04-17,347.9588928222656,348.4509300637403,341.92651143673504,342.8220228200073,225400
2023-04-18,347.8211364746094,351.1472829857665,344.8098709726119,349.23820612632227,208000
2023-04-19,351.1177062988281,353.69600625061184,345.95131610506377,346.5319463831878,236700
2023-04-20,350.8225402832031,353.1154205303503,346.57133146546266,348.65756448762176,224100
2023-04-21,348.9429931640625,351.02922641746676,344.25878866799263,351.02922641746676,278400
2023-04-24,350.4486389160156,351.43271350806623,347.4767444593891,350.17309923150435,208200
2023-04-25,346.9059753417969,349.0906222064549,346.1482486933374,347.45705472823545,220300
2023-04-26,339.0333557128906,345.1543006613406,338.31500050617615,343.85534506953366,326200
2023-04-27,352.3478698730469,352.4561336866637,339.53523043402424,340.0863097626981,319900
2023-04-28,357.4158020019531,358.41954698846735,350.6256652263535,350.6256652263535,342900
2023-05-01,361.5194091796875,363.98944554510854,355.47720795241287,355.66418449179514,318200
2023-05-02,365.9281005859375,366.8334322878584,355.5756178590026,361.02739887499854,461200
2023-05-03,362.6806335449219,371.5963458317231,360.80107773687365,368.6244517466459,546000
2023-05-04,383.08050537109375,395.49952027664466,378.49471477432564,393.5805930946612,771300
2023-05-05,391.3270263671875,393.9446678539677,385.0092555560012,388.9455531244104,511000
2023-05-08,390.0476989746094,395.8439113710551,389.6934466201065,390.4708737734649,463600
2023-05-09,392.3406677246094,392.92126808013774,388.4142200505185,389.27036006683267,283100
2023-05-10,394.5450134277344,398.4222696683445,389.2211663559162,396.76903158455605,293700
2023-05-11,394.1907043457031,396.0505894147883,389.3588952573599,392.0060578948045,264700
2023-05-12,396.1588439941406,397.703848031473,391.3565560494658,395.3518957672013,309200
2023-05-15,398.1171569824219,398.56982282046084,393.29519818503223,395.25349672990365,473700
2023-05-16,396.0604553222656,399.5047159862244,391.7698749930321,398.05812530609893,367900
2023-05-17,400.8824462890625,401.2859204600225,395.54877902364865,398.55019440095293,303400
2023-05-18,401.32525634765625,402.2502887491806,395.64712745274664,400.7643266938782,265000
2023-05-19,401.89599609375,403.94288775072357,396.0899628924477,403.6083060442424,246800
2023-05-22,399.5244140625,402.5652007962772,396.9559939206814,402.5652007962772,228600
2023-05-23,390.9334411621094,396.8772294537275,388.8668787286212,395.31255461979833,387900
2023-05-24,388.9357604980469,389.13255737154094,384.6944019685845,388.96528153064946,292700
2023-05-25,392.8031921386719,393.1574445535421,387.2136560280855,389.9395316588524,294700
2023-05-26,392.8031921386719,394.20056115053285,386.35748596233987,393.1968159434959,340300
2023-05-30,391.88800048828125,396.08013745330766,388.3453262680282,393.2263273983932,292700
2023-05-31,392.35125732421875,393.504518946149,386.68343579577146,389.8869870944591,498000
2023-06-01,398.6203308105469,399.2413316972661,391.03039684761353,391.74994447454264,327300
2023-06-02,409.147705078125,410.60656389602934,400.31576892134143,402.78003917234093,441300
2023-06-05,411.10931396484375,414.3720056032788,407.1270445324992,407.8564589527457,440000
2023-06-06,412.12457275390625,422.47450805824735,409.8771594339349,412.2822896635529,578200
2023-06-07,417.2897033691406,418.4626985268829,408.93088705208385,410.09404558325326,431400
2023-06-08,419.3201904296875,420.08904149071805,414.105786522171,416.0377959218246,316400
2023-06-09,421.1536560058594,421.93234375284186,416.4419724511342,420.1482144832161,365800
2023-06-12,417.1121826171875,420.5522937604306,416.27432483760765,420.5325904306053,378800
2023-06-13,421.2029113769531,422.70117680832016,416.5503681010605,417.61494965819264,318200
2023-06-14,419.724365234375,422.4744992665255,415.4562623811359,422.4744992665255,302100
2023-06-15,423.3123779296875,424.1206357524837,419.06397820087363,419.06397820087363,263400
2023-06-16,420.4439392089844,425.1950293643795,418.6203732171886,423.6967638894884,614900
2023-06-20,424.0220642089844,424.5543249213417,417.2009509598277,417.47694802300606,426800
2023-06-21,425.7371826171875,431.7795779914791,423.4108958941649,424.15017695794114,346700
2023-06-22,432.94268798828125,434.2142597869564,423.2334577453393,427.59030053261955,502900
2023-06-23,436.05755615234375,436.9249840974721,429.3448863661258,430.2320176440346,541200
2023-06-26,436.45184326171875,439.32025752100657,435.62385204482507,435.62385204482507,287400
2023-06-27,445.6287536621094,446.96933226733216,436.51095409838337,437.65437905884835,418800
2023-06-28,447.29461669921875,449.17732276435066,444.4755059957197,445.9737714659615,273000
2023-06-29,451.2867431640625,452.45973825370316,444.64307994619116,446.6144962203536,275600
2023-06-30,455.091552734375,456.08712749251265,450.734709910624,453.2384167844019,382100
2023-07-03,449.6997375488281,452.88358544884363,446.8411901579799,451.4838667515938,206300
2023-07-05,442.9772033691406,444.85004269738715,437.23053852148433,444.83033936517813,633800
2023-07-06,434.4705810546875,438.393710416792,432.27247107862837,435.2098621852386,560500
2023-07-07,433.879150390625,437.06296832189724,431.5134268703399,431.5134268703399,610600
2023-07-10,437.5952453613281,438.91609057247786,431.7500036942588,433.2679724716174,368600
2023-07-11,442.9969482421875,445.1556213097097,438.15711785372133,440.1975107620833,322200
2023-07-12,438.8668212890625,444.3769258716192,438.4626773646487,442.3759396633511,400100
2023-07-13,447.6396179199219,447.8564749021045,438.3345311813245,441.8239462286544,387600
2023-07-14,451.0205383300781,451.40497887915035,445.254140663936,449.44339955485856,398600
2023-07-17,451.5726318359375,453.46520479927335,449.315351654808,451.78948884130483,244300
2023-07-18,455.3872985839844,456.00829953150094,450.02504384157,450.02504384157,283400
2023-07-19,447.7677001953125,455.4266400896469,446.7425555109204,454.4310654403133,342200
2023-07-20,451.5233154296875,451.8485858660276,445.1063460890728,449.92647312480665,337000
2023-07-21,451.3459167480469,453.603166740445,448.5267758122867,450.12361819343306,222400
2023-07-24,451.95703125,453.79043387972746,449.07875035776044,450.5573125100274,268400
2023-07-25,451.7105712890625,454.36212829530893,449.7095851921494,451.1782805302586,366900
2023-07-26,451.8387145996094,454.007254198945,449.9855787054026,451.3655639197837,525700
2023-07-27,438.5612487792969,456.78698141072323,433.8396986900118,453.41584656750996,706700
2023-07-28,442.3167419433594,449.0983874125255,437.43747552839113,445.1949923294026,685800
2023-07-31,440.0791931152344,446.14129140719473,437.9993636371791,444.5346126068995,458100
2023-08-01,446.8017578125,447.0087480867393,439.9609413229263,440.74952583668636,439900
2023-08-02,444.1009521484375,451.77959687153725,442.78010685557535,445.4809375229633,489800
2023-08-03,446.9988708496094,448.20143580259,425.0471346250824,439.52718742786084,650100
2023-08-04,449.33502197265625,456.2645483819326,446.4469045969313,447.0186020318407,614500
2023-08-07,455.6336975097656,456.4124153230049,447.6001825993522,452.9131636390371,512700
2023-08-08,450.75445556640625,453.3764426645586,447.807167956805,451.69086019197425,351500
2023-08-09,445.0866394042969,453.0708809499924,444.4755052014932,450.6558840967987,369800
2023-08-10,452.2132873535156,452.4794477885928,442.7800838413764,444.30791934064945,477000
2023-08-11,448.9309387207031,455.7126158546553,447.88609044986555,451.66133956711036,295800
2023-08-14,452.6864318847656,453.06100576500336,445.6090551501806,447.7480248199673,280600
2023-08-15,449.7983093261719,453.2285541241382,446.7918816931992,451.5725718022632,195200
2023-08-16,445.5597839355469,452.44003760247494,444.91907965893085,450.61647152177903,372200
2023-08-17,425.90472412109375,449.7490044313844,425.81601400571606,447.2650309565412,465200
2023-08-18,425.00775146484375,428.85200682827764,420.21719471854743,422.3463277078544,588400
2023-08-21,426.3680114746094,427.5508731851547,418.1965132745481,425.96389763961963,294900
2023-08-22,430.0841979980469,432.8343021467908,426.8116396385508,426.8116396385508,316500
2023-08-23,435.92938232421875,437.4572177593775,428.1915681649267,429.94612727944735,268000
2023-08-24,431.20782470703125,438.6203683159653,430.8234142191629,433.78053829768317,204100
2023-08-25,430.99102783203125,435.98857544109063,425.8160599730637,431.6514655374792,327800
2023-08-28,432.8145446777344,437.69381156471394,431.10925891950706,432.5188442948845,213200
2023-08-29,439.4188232421875,440.0200907453634,428.38874717357044,431.9373023572879,241400
2023-08-30,439.6553649902344,445.1063293611541,438.2063729381457,439.1428076281231,283500
2023-08-31,440.7612609863281,443.5752039394414,439.45795665183516,440.38606457505733,308500
2023-09-01,451.602294921875,455.5121774547477,441.76830503081646,443.1900859757547,387100
2023-09-05,436.0910949707031,450.9012890773723,432.2305674244613,448.96609881756433,407000
2023-09-06,433.10931396484375,437.98680689905297,426.09914949357244,435.84425225733895,412000
2023-09-07,432.1712646484375,433.1092555212967,425.8029002105508,430.2360746770471,349600
2023-09-08,432.5464782714844,436.959916839009,430.39407086102267,431.0950782021262,266800
2023-09-11,433.51409912109375,436.2293011451361,429.0019197986912,436.12067739583887,228900
2023-09-12,431.82574462890625,433.73134580536856,427.1259969335296,430.57182572944737,233000
2023-09-13,428.5477600097656,431.23334292241896,423.4431668154572,430.2558496792614,326400
2023-09-14,430.2854309082031,432.59584736539784,423.6208445383427,431.6085012365296,340200
2023-09-15,419.75054931640625,427.8862734184821,415.72215942387373,427.8862734184821,998400
2023-09-18,422.6236877441406,425.04266792317134,416.1565518738159,420.2639157968434,390800
2023-09-19,417.3808898925781,421.52772605163466,412.4935139167649,421.52772605163466,439900
2023-09-20,415.5838623046875,420.6983080156031,413.38206959219093,419.75046416962715,388600
2023-09-21,401.41546630859375,413.54995947226365,399.6184890035872,413.54995947226365,557500
2023-09-22,401.23773193359375,403.00508997305565,398.8878432833243,400.28988806951816,623700
2023-09-25,404.96990966796875,405.71041929723333,398.05848646149957,400.6354455082615,440700
2023-09-26,402.1065979003906,408.8896610490517,401.3858243721691,403.09394403862746,635100
2023-09-27,404.7625732421875,406.8458591916228,400.1022981283689,404.8119284979754,408000
2023-09-28,409.2747497558594,415.16920797356636,404.2491610444313,404.2491610444313,221400
2023-09-29,405.285888671875,413.2043945370801,402.9656190203538,412.69098534816675,392000
2023-10-02,400.56634521484375,410.4200405103782,398.4632930937544,404.18000560916784,474000
2023-10-03,399.2334289550781,404.9205223919437,396.9032763308583,397.32785808286434,437600
2023-10-04,413.6191101074219,416.35404841096016,400.2010478661329,404.11096076557584,607900
2023-10-05,414.9322204589844,419.0593201436107,412.1972824647194,412.1972824647194,438400
2023-10-06,427.2247314453125,431.12473102673863,412.64160815050394,414.1127745420975,627400
2023-10-09,421.07354736328125,424.5193760594267,419.1284740874656,423.0877421066464,358100
2023-10-10,422.34722900390625,427.8072523990589,419.8985995292884,422.041154086006,334300
2023-10-11,431.1642150878906,431.9244608156381,422.3274545330404,422.39657599867604,258600
2023-10-12,424.8846435546875,432.3588609320929,419.21728645469545,431.3221595562352,322200
2023-10-13,420.7970886230469,430.21638001455256,418.91125372389183,427.30369660806684,236800
2023-10-16,426.1978454589844,429.20923918323825,423.3937859907649,425.8423851743691,256700
2023-10-17,431.54925537109375,432.66496137622977,424.0651845797553,424.73657275104296,260000
2023-10-18,409.0673828125,426.9087350537659,408.7020695564039,426.9087350537659,313600
2023-10-19,405.5227966308594,415.9195499927815,404.66381033379935,410.46941029775127,317800
2023-10-20,404.5650939941406,406.80635895736657,400.1812745797618,404.3873789147125,343400
2023-10-23,407.477783203125,412.3453926708156,400.9612923462298,402.4521645984172,400300
2023-10-24,411.1507263183594,415.8011185792124,408.4256411082572,415.42592219446897,276500
2023-10-25,405.1476135253906,412.3651114348607,404.6539404528884,408.2281286767787,306800
2023-10-26,392.8255615234375,404.7231018227605,386.8323927321707,404.7231018227605,680500
2023-10-27,393.98077392578125,395.90611117070307,384.96629781952197,393.57595834649044,410400
2023-10-30,399.973876953125,402.11640093342686,393.546244749401,394.7705441667164,369600
2023-10-31,403.765380859375,407.52716768906845,399.80611272566045,399.80611272566045,387800
2023-11-01,433.6128845214844,434.9655441211403,409.87707121372995,411.7234039596204,822800
2023-11-02,435.1629333496094,443.5948779236942,432.98090679068974,435.57763199123235,525600
2023-11-03,437.2758483886719,443.90093232529347,435.5183735246762,443.3085186352182,282200
2023-11-06,436.1305847167969,438.3422306644065,433.33640810017994,438.3422306644065,248900
2023-11-07,438.6976623535156,440.07994098057,433.81028670522215,437.42397734328756,241700
2023-11-08,446.1422424316406,447.228329285136,438.5199586431811,441.94602105377453,475400
2023-11-09,445.3424377441406,451.612091384233,444.9475053380568,448.7586768787225,392900
2023-11-10,448.1268310546875,448.77848318584284,443.05188707290114,448.77848318584284,350100
2023-11-13,446.1422424316406,448.98580432755034,445.7374570025975,445.9546743732966,178000
2023-11-14,458.6815490722656,462.57169551765514,450.83213471582485,450.83213471582485,331000
2023-11-15,449.1240234375,461.0807709016233,447.2184525914588,459.1159616968439,433200
2023-11-16,454.1891174316406,454.5840498699909,449.1437628776187,450.13110903920125,305500
2023-11-17,456.2131652832031,459.8071197765919,452.14530391607605,456.08480546109445,282800
2023-11-20,449.44989013671875,453.91271459108185,445.6584840503243,453.91271459108185,353200
2023-11-21,452.3428039550781,466.11626540958883,452.3428039550781,462.7000559836306,493300
2023-11-22,456.9438171386719,459.88611971240726,454.81117582576707,455.16660600077944,389900
2023-11-24,456.1539306640625,457.7534266388713,455.3541826766581,455.98606855729474,107300
2023-11-27,459.72808837890625,461.18937146094646,452.4217332315288,454.17920809236887,336700
2023-11-28,454.17926025390625,460.98209015861477,452.639002564428,459.9354754466928,270200
2023-11-29,456.8747253417969,461.09068283648264,456.57850339817054,457.6645902619699,254300
2023-11-30,459.4459533691406,460.22721476510793,451.9399951457219,456.83519972519014,455400
2023-12-01,462.1753845214844,465.33006642097456,459.7524994908245,460.3755287946901,413700
2023-12-04,459.08990478515625,463.5202814479403,456.6472522241498,460.19749895085226,451700
2023-12-05,454.1650390625,458.2888807855226,451.77182078718425,455.8758948212028,334400
2023-12-06,455.3814392089844,462.42259962044477,454.32327932442564,457.78452628239353,238100
2023-12-07,460.1777038574219,460.612834450809,453.5024420202929,456.40002305800175,222000
2023-12-08,464.19281005859375,464.46970862080997,458.4075766976227,458.4075766976227,254600
2023-12-11,466.5464172363281,469.3747661946336,463.2928667833785,465.22125771980245,321300
2023-12-12,475.3379821777344,476.9598078791177,469.6615469533763,472.95466284793775,319800
2023-12-13,482.4088439941406,484.37680056192124,473.23159566837234,475.58524854544373,322100
2023-12-14,487.59075927734375,489.78617983833925,479.52113631875767,486.8589624835707,434200
2023-12-15,484.5151672363281,493.7814135697261,481.6670510578493,486.1271239748196,912500
2023-12-18,484.96026611328125,486.9084246970317,478.7102358470894,484.37677221598557,317600
2023-12-19,487.39300537109375,491.31904940543023,486.21617903623905,488.4313673467057,214800
2023-12-20,482.6164855957031,488.43138530414325,482.1615873037243,484.4262401884719,254800
2023-12-21,487.0271301269531,488.8170868700364,485.0492747043481,486.374434215932,190300
2023-12-22,490.8839111328125,491.04214317817934,486.35460560075666,488.95549014581036,179800
2023-12-26,492.84197998046875,494.34516935644115,490.96302344018073,491.2794875382462,110600
2023-12-27,494.0880432128906,494.35507300178705,491.0915935462813,491.90252148792314,183100
2023-12-28,492.7232666015625,494.99781813782715,481.924194354884,483.78338302950345,233500
2023-12-29,493.3858947753906,495.3637500645363,491.7047057077462,493.1089962420973,191300
2024-01-02,485.5931701660156,490.23124352053674,481.6077927188761,488.6489531553399,343100
2024-01-03,476.66314697265625,481.6770176082092,474.3589587321165,481.50888662171235,460200
2024-01-04,480.6881103515625,483.9812264229081,476.67306617054885,478.4630229526406,333000
2024-01-05,481.40997314453125,485.5832490797652,479.21455253064653,479.21455253064653,254800
2024-01-08,491.14105224609375,491.1904865576957,479.93648485051006,482.6560359415208,237600
2024-01-09,491.81353759765625,492.21900158165107,482.89339030912794,487.25456514613114,219900
2024-01-10,494.40447998046875,495.3934076069161,490.1026387694875,491.77392887255763,241300
2024-01-11,491.8233947753906,493.8408157132461,486.9677863757381,493.8408157132461,256100
2024-01-12,490.38946533203125,494.59240799384247,488.55994307860135,491.79372574429914,230600
2024-01-16,490.3399963378906,493.3166783003045,486.7304163562357,490.64659168277024,279000
2024-01-17,487.6402587890625,490.9927080253256,484.4756780519913,486.7996642014331,254500
2024-01-18,497.43060302734375,497.7470671153344,487.828124091181,487.828124091181,296700
2024-01-19,499.8831787109375,500.50617780359255,492.7431195947333,500.50617780359255,287600
2024-01-22,502.41485595703125,505.1541749238434,498.0635799501564,501.9994930284313,216100
2024-01-23,494.7901916503906,501.0698886928661,491.5663078133093,501.0698886928661,223800
2024-01-24,489.2027282714844,498.2019760256678,489.1236273376347,498.2019760256678,201500
2024-01-25,499.23052978515625,499.6953270495416,492.85193352407566,495.5615859872647,196100
2024-01-26,496.0461120605469,499.86335827855845,494.76048801607425,498.7063298361774,173600
2024-01-29,507.4584045410156,507.69573754558513,494.84957561869754,496.2142705746524,287500
2024-01-30,511.77008056640625,514.4500963408663,504.91681890455277,504.91681890455277,242700
2024-01-31,502.79058837890625,510.5041814795866,501.6236308634263,509.32741556954454,308600
2024-02-01,509.8021240234375,509.93068945211144,491.6058303517842,506.18264505012866,416200
2024-02-02,514.1532592773438,516.4278407675295,502.2070286047686,503.60141997233904,426900
2024-02-05,502.8993835449219,509.0208180170789,498.83490533391966,509.0208180170789,437600
2024-02-06,508.8131408691406,509.83170489373435,498.90406716309576,502.36531370687675,411000
2024-02-07,518.6726684570312,521.8174506188731,512.7193660366435,514.0444950664332,399300
2024-02-08,519.592529296875,520.6210528397718,512.917266641004,518.9101666999003,374000
2024-02-09,521.303466796875,521.313365733357,516.3192315594397,517.8422191528199,320100
2024-02-12,526.4061889648438,535.8109008050554,522.1538120371696,528.0774791488066,595300
2024-02-13,521.4120483398438,523.7459028608683,513.9456574435467,517.090439794964,644100
2024-02-14,533.4869384765625,539.0150103080249,525.6150525546548,529.7685608085192,483800
2024-02-15,529.7092895507812,537.0174803172291,524.5866509033171,534.0210001770754,430500
2024-02-16,533.892333984375,544.6914063827351,529.076261442608,529.076261442608,648600
2024-02-20,527.2369384765625,532.9529093042443,522.3318352620454,529.2147939141223,339700
2024-02-21,530.3619384765625,531.2420986573605,524.9426337397108,527.3160241161447,334300
2024-02-22,542.0905151367188,543.5937043717634,534.5746896801945,536.6712113188886,286000
2024-02-23,542.6047973632812,544.7409148160998,539.0050863530752,543.9002901264868,344600
2024-02-26,547.18359375,551.0305370629062,542.9608530751495,542.9608530751495,258500
2024-02-27,552.8897094726562,553.008375966632,545.6507515433575,547.7274755472885,358600
2024-02-28,559.8319702148438,561.483523001579,552.6425065798459,552.6425065798459,494000
2024-02-29,571.3134155273438,574.3592692365614,560.7615140224883,563.6887616015762,854100
2024-03-01,584.1661376953125,584.2354586671796,571.5114039051409,571.8777715873196,654300
2024-03-04,595.9990234375,599.0686070011449,588.3348552851768,597.2070336022988,1051200
2024-03-05,596.9891967773438,604.7423879974514,591.3945651632521,592.4342588832177,1040800
2024-03-06,601.3954467773438,606.1087888613717,598.7615523145544,599.3457944790706,722700
2024-03-07,605.9108276367188,611.0301846390643,603.5739795049136,605.5246971160002,554800
2024-03-08,590.99853515625,606.0000306786422,588.5726029906987,603.910731352207,797900
2024-03-11,589.8696899414062,591.929254138442,584.6117515184379,590.5529276093296,452100
2024-03-12,597.2466430664062,597.613071219092,589.9192283113707,591.1767966770454,312600
2024-03-13,598.9893798828125,602.9798989888795,594.9691863222553,597.0683971211607,295100
2024-03-14,600.593505859375,602.2273535586122,594.1275569136662,596.8505961212135,411900
2024-03-15,590.4241943359375,602.5640070907535,590.2657291297169,593.5333638759912,620200
2024-03-18,590.909423828125,596.6822839110597,590.5925538293308,591.4639312168218,437100
2024-03-19,596.3653564453125,598.3259251598566,587.8892812138492,588.5626072326141,352000
2024-03-20,597.7219848632812,600.474698578291,592.5630414547812,595.840588109417,388000
2024-03-21,606.9406127929688,607.5446178108315,598.5338589421875,600.3656972543167,347800
2024-03-22,601.1677856445312,602.1975677186607,597.1871784181413,602.058986211766,362400
2024-03-25,598.8804321289062,602.167890056231,596.1871280554933,601.7322014047357,325500
2024-03-26,604.1184692382812,604.5739810905317,598.0782986747138,599.5140947572283,327600
2024-03-27,605.8612670898438,608.9704968141734,596.444494127762,608.2080266084793,525000
2024-03-28,607.9209594726562,609.0794719176515,603.385844685239,605.8217487019084,309900
2024-04-01,598.4942626953125,610.4558475633752,598.4447649815662,607.9803575083737,302500
2024-04-02,596.1773071289062,597.266498704972,587.6021747372927,596.999126408195,396600
2024-04-03,604.3958740234375,606.8317780805598,596.5633893690534,596.5633893690534,347800
2024-04-04,598.1675415039062,614.6939155280527,598.0486623794425,609.8617541058986,430600
2024-04-05,613.3372802734375,616.1791984068735,598.5933077051485,601.860942431144,397300
2024-04-08,615.4365234375,620.5260847350714,612.1985633116443,614.6641415797944,438500
2024-04-09,604.6434326171875,615.7732268027851,597.4446878299696,615.7732268027851,457500
2024-04-10,600.6033935546875,605.0296012627738,581.9084875598716,589.0577343669862,386000
2024-04-11,601.1282348632812,605.2474238384648,597.9892698707921,599.3260708001477,283600
2024-04-12,596.2069091796875,600.8311680926872,594.2760148595444,595.9098624619967,239100
2024-04-15,593.364990234375,613.4164575063548,591.9787522159005,608.1585196169506,442800
2024-04-16,589.4041748046875,595.9989130854675,586.1662149985046,595.7810385688688,344100
2024-04-17,587.1069946289062,594.1670969346027,584.6513278918875,590.810317994174,494700
2024-04-18,581.373779296875,591.0975112188087,576.1356642413037,591.0975112188087,541600
2024-04-19,570.2440185546875,588.5725571362779,566.9565604115745,584.0176190377026,1077000
2024-04-22,578.5913696289062,583.1561589653935,569.2538280258794,572.105597516565,336800
2024-04-23,588.5626831054688,591.3748062265471,579.1755828413595,579.858820577955,300000
2024-04-24,586.0177612304688,592.7808163394917,579.4032596853178,586.9188129325717,331800
2024-04-25,591.21630859375,594.5235292527877,572.778864668955,578.7398032461551,408300
2024-04-26,599.05859375,600.4548037806746,592.9193672273626,592.9193672273626,386200
2024-04-29,596.7317504882812,602.0292750781949,592.9293711379445,599.9993853024696,517000
2024-04-30,581.3143310546875,600.4745980983616,576.5316677972634,594.3156084321258,821900
2024-05-01,585.0671997070312,597.4644730865568,570.7490040882461,580.9776853525843,649200
2024-05-02,584.176025390625,589.8696521125926,574.8483360116442,586.087096324891,593600
2024-05-03,585.2355346679688,592.7906740785363,582.4728493194269,589.6715931336445,492000
2024-05-06,593.9095458984375,596.7118170704932,588.2060685809905,591.1667444965482,361300
2024-05-07,592.9392700195312,598.5339016478032,589.7409562486752,594.7018479260553,339100
2024-05-08,590.7905883789062,594.078046531798,588.6418194264674,591.8005472573504,284600
2024-05-09,597.2862548828125,598.0783996161423,589.7904637146813,592.2659537793177,269200
2024-05-10,604.4453125,607.5545423186558,599.9201097112145,600.6429938588828,339400
2024-05-13,602.0886840820312,607.2476271566641,599.375556629138,606.7624407717441,321800
2024-05-14,600.1876220703125,602.8017545193122,596.9694844496454,601.514451121622,346300
2024-05-15,606.6732788085938,609.9310018955513,602.2074851729619,604.0591468604042,333800
2024-05-16,575.9871215820312,605.386043643979,574.8087859083487,605.386043643979,722200
2024-05-17,575.0563354492188,580.6509671061269,572.8679804998293,577.759551229171,407100
2024-05-20,577.3832397460938,578.3239379948681,570.0459142791842,575.0563034162313,392900
2024-05-21,575.61083984375,576.2544914246085,562.8769336668738,572.3134702099414,400100
2024-05-22,567.6298828125,573.3730077863104,562.7482235629227,573.3730077863104,359500
2024-05-23,567.8377685546875,572.4124688259514,561.5698115193472,571.5707660400252,473400
2024-05-24,573.48193359375,574.1849945659408,564.3919408556474,568.0854133213478,283400
2024-05-28,564.7285766601562,574.4225735144049,561.0351650069861,574.0166197561522,319500
2024-05-29,558.2922973632812,562.9264072364039,556.8465894942336,561.2034759237159,327600
2024-05-30,561.5698852539062,563.2037328953526,555.0940249066172,557.9160594471844,284800
2024-05-31,566.4713745117188,566.8179189553091,539.5380298022973,560.4311423307367,821300
2024-06-03,558.60888671875,566.4713646411107,545.6403912388789,566.4713646411107,449900
2024-06-04,551.063720703125,558.6187817920812,545.3924929103835,558.0139944498914,394800
2024-06-05,554.1176147460938,554.6034296214671,547.9704347691018,554.246511816914,382500
2024-06-06,546.5823364257812,554.038214139803,544.2027636460629,554.038214139803,452200
2024-06-07,546.1758422851562,550.9052148381901,543.3501523221181,545.3231851647723,430500
2024-06-10,547.6332397460938,550.8158468761063,542.8740947215139,542.8740947215139,323600
2024-06-11,541.27783203125,546.770600951023,539.3543613853657,545.3627184726055,332400
2024-06-12,552.0354614257812,560.8695087646272,547.6332942008387,552.2833310656653,436900
2024-06-13,562.96142578125,564.8650473730337,548.3768171856243,548.3768171856243,421400
2024-06-14,562.0195922851562,562.0989275134295,552.4419361115574,557.1216858238621,372400
2024-06-17,569.0095825195312,570.6554103393291,558.1726683630519,560.0366529387557,310500
2024-06-18,553.8597412109375,567.6413172234169,552.4518586180882,564.3000393604646,679600
2024-06-20,535.8742065429688,551.4999152342309,528.6859884075494,551.4999152342309,542100
2024-06-21,539.4931640625,540.1376492493368,528.715798347521,534.0003953344602,723700
2024-06-24,536.5584106445312,545.0157514188113,535.3587603718465,538.5612166082507,390400
2024-06-25,530.4310302734375,534.4564302383397,522.7470725178574,531.6604538319239,647300
2024-06-26,531.115234375,532.3645070585698,524.5516510672425,526.7329160294239,482400
2024-06-27,533.7030029296875,539.8105450984955,531.1152582630747,532.4240172992478,457500
2024-06-28,537.1829833984375,542.9236820467655,532.9592757447574,535.5767932364802,616200
2024-07-01,527.51611328125,539.969080571815,521.61680422112,539.969080571815,483500
2024-07-02,530.2725219726562,530.2824464411653,521.2103929529236,523.9468835991494,451200
2024-07-03,528.775390625,534.5160301117494,523.8179974711412,531.9580588151965,186600
2024-07-05,532.1661987304688,532.82060847602,522.6083307785673,528.1705715555552,430100
2024-07-08,525.4638061523438,537.5301442183384,524.9482784334344,534.367325081257,819800
2024-07-09,526.1478881835938,529.8262952706558,522.0233641754851,526.4453196359736,853200
2024-07-10,540.4747924804688,541.6942917550455,524.9978265480502,529.0727889414328,512800
2024-07-11,551.01416015625,552.1444601365912,536.7467704375906,536.7467704375906,777900
2024-07-12,549.794677734375,559.9374834346991,548.9419602320883,552.6600046108048,419500
2024-07-15,551.8271484375,557.4587385702331,548.7238161588137,553.2251063753715,368500
2024-07-16,572.5392456054688,574.1156626675373,553.8597624333373,554.4149880204575,492200
2024-07-17,559.5408935546875,568.4741249417535,558.5791884117309,567.9684612005916,402500
2024-07-18,559.25341796875,567.7206234466104,554.2266141934984,558.2718638349234,348900
2024-07-19,554.3158569335938,561.7618706911255,550.7762711700312,561.2165090645295,894300
2024-07-22,562.9020385742188,565.0535301457284,555.8526404034554,557.2208856832302,506600
2024-07-23,560.2548217773438,566.3722278171151,559.6797472430626,561.8114504467444,433200
2024-07-24,533.2470092773438,558.8866340853676,532.9892151314301,556.8342659025827,615900
2024-07-25,542.37841796875,554.5934412764966,534.8531294717324,535.9239432771163,647300
2024-07-26,560.8001098632812,568.0973776921762,542.4379071875372,549.5765650701737,379200
2024-07-29,571.9343872070312,574.5916030200162,558.0239743788959,561.9304023537449,509500
2024-07-30,580.0347290039062,590.7129105175413,574.7897693929585,584.4765329941633,479800
2024-07-31,588.2937622070312,598.1788346296685,577.2586013149684,584.9723333339506,563900
2024-08-01,579.9058837890625,589.8801552401467,574.4130540803932,588.0161707887273,463200
2024-08-02,563.40771484375,573.0746312005059,555.7039067515497,572.0435152412037,402900
2024-08-05,547.653076171875,558.05367645651,537.1830651270842,547.2961584182573,470000
2024-08-06,540.1972045898438,550.4490589991547,527.258360985785,533.9409773045725,653300
2024-08-07,533.7030029296875,550.1715087485769,532.9693184355568,546.2253827029019,588000
2024-08-08,534.3870849609375,545.0454792826226,523.2428758362995,535.7652546573064,829700
2024-08-09,529.00341796875,536.5188430283132,518.8209734534689,532.0373401962963,666000
2024-08-12,520.6353149414062,529.2116290673911,517.5419065398025,527.9623563446181,613900
2024-08-13,522.5587768554688,528.4977239055553,518.2557936789509,523.8576113830417,453300
2024-08-14,520.9724731445312,530.7285892544801,519.3662825591731,526.772599089985,386100
2024-08-15,535.2000732421875,538.164584225179,522.0332704503139,529.1620031666399,435600
2024-08-16,530.37158203125,537.5994384466198,528.5175220939255,537.3912666930981,537200
2024-08-19,529.9551391601562,531.7397882104661,523.6989127599601,531.6208156414481,340100
2024-08-20,531.8291625976562,535.5472074689624,528.9538503578248,532.12659408435,327900
2024-08-21,535.1010131835938,539.7113523702544,533.1378444029353,536.3899232621746,277000
2024-08-22,537.609375,540.8019672812328,531.1945380649998,536.4097247283174,333900
2024-08-23,552.1742553710938,558.7477634541468,540.3459227120468,541.8827024679904,444500
2024-08-26,538.8092041015625,559.402236713315,537.093965261413,555.2280894695599,442100
2024-08-27,514.1510009765625,535.5966852709743,509.1440467717256,535.5966852709743,773900
2024-08-28,509.84796142578125,517.7600008777614,508.6284622553632,515.5688116428634,542100
2024-08-29,519.5247802734375,522.8759822559045,511.9796438369834,511.9796438369834,462200
2024-08-30,529.608154296875,531.7894192043472,518.632540029481,521.9738178932947,538800
2024-09-03,515.7863159179688,528.10876115512,513.8004219770811,524.7724738795505,510000
2024-09-04,507.6541442871094,519.5992663914249,500.18716269801706,519.3113335499716,795800
2024-09-05,502.5007629394531,508.92510180060464,497.47645286996476,506.23422355445774,509900
2024-09-06,498.9360656738281,511.0798195172666,498.4395921278512,506.0256921531618,457800
2024-09-09,502.6099548339844,506.353384787247,499.11479195758255,502.37165722719396,374200
2024-09-10,503.6227722167969,507.92221974972756,497.57569782009125,505.6583016143871,319500
2024-09-11,504.2086181640625,505.3207140715928,486.5937159426203,501.88512557818495,443400
2024-09-12,511.69537353515625,513.6018147278148,503.9205818740764,505.8071750363889,312100
2024-09-13,517.0076904296875,519.6489636628625,509.8187630991563,511.49684612777776,427600
2024-09-16,526.04345703125,528.4661893754663,516.4515556874655,519.0133757525639,353600
2024-09-17,530.2734985351562,533.2722184594509,523.6902537797718,528.1982728349199,366100
2024-09-18,530.2435913085938,539.4382894301377,526.3611349357501,534.205439799205,450300
2024-09-19,544.8400268554688,546.6372586882084,533.6991288422937,544.224404499813,395500
2024-09-20,542.4369506835938,551.9593383049787,540.0340361083864,549.9933227984155,916000
2024-09-23,541.5533447265625,544.2243747123628,532.6565173504939,541.8512167203049,402700
2024-09-24,532.1401977539062,544.3336173442303,527.1059486380717,541.9008848059333,469000
2024-09-25,532.2295532226562,539.855379226114,528.6152114477537,537.0652004646743,401400
2024-09-26,535.8439331054688,551.9197492691197,534.5928100478966,541.4639870919945,491600
2024-09-27,535.3076782226562,540.3618054548111,529.7670772295744,534.463697458402,416300
2024-09-30,534.4537963867188,536.0027914959513,525.4676369195462,532.5671725849107,550000
2024-10-01,531.206787109375,534.3842297525903,523.6008394627262,532.5174844723767,426500
2024-10-02,517.3750610351562,528.71449965637,514.6146996825445,526.1229223371089,624700
2024-10-03,517.5537719726562,520.7212754893707,512.0628062953409,518.4176310586076,427600
2024-10-04,520.4135131835938,525.1796473546526,515.1310271040699,522.6476442579667,303700
2024-10-07,514.9921264648438,518.3085364121215,512.2615214689638,516.3325810391262,363100
2024-10-08,520.2942504882812,521.22762302368,512.6386684694793,518.0601199029336,345600
2024-10-09,527.4137573242188,530.4621122073878,517.3254414092462,520.2943435547497,281600
2024-10-10,530.7500610351562,535.8935193311496,519.3112919602411,522.4589170473637,291800
2024-10-11,541.0568237304688,542.1192236474899,529.0223114017425,529.0223114017425,270700
2024-10-14,548.4542846679688,549.1891164007263,538.177306832866,540.153261786666,330700
2024-10-15,557.9270629882812,568.6111835274521,550.7977100518665,550.7977100518665,414300
2024-10-16,566.87353515625,567.4394616826355,554.3027906760688,558.0958559477425,439700
2024-10-17,569.405517578125,574.8468482062602,565.7812364787784,570.4182823928667,435100
2024-10-18,576.9022827148438,578.540669721742,563.4081045477595,571.4807695656207,354000
2024-10-21,573.4567260742188,576.3163577580729,569.226762038905,576.0284249376853,363200
2024-10-22,556.99365234375,571.3019924761779,556.6858411865679,571.3019924761779,307400
2024-10-23,558.8206787109375,560.3498560377338,552.3864008720301,555.8915332385723,313500
2024-10-24,566.625244140625,567.9160631523775,555.563799735392,558.612154375147,381800
2024-10-25,566.1884155273438,576.1874005881878,563.6365340823999,573.675215211509,248700
2024-10-28,574.1914672851562,575.8198542664715,569.2763676323355,570.4182202920905,430300
2024-10-29,579.7619018554688,580.1392265655655,567.1018275476649,570.179939019849,647900
2024-10-30,600.5840454101562,606.035376044286,571.1531386310179,578.8881749311948,917400
2024-10-31,588.1622314453125,597.2874164705754,588.1026570516469,592.4219521040847,629300
2024-11-01,576.04833984375,592.2134869687162,575.9589479395119,590.3765590924748,496800
2024-11-04,577.8753051757812,578.7094073644319,573.4468001166313,576.8823581250763,326300
2024-11-05,578.4115600585938,582.9890316126018,576.0185236256325,576.0185236256325,569600
2024-11-06,612.9561767578125,628.7638777463792,605.9459726001771,605.9459726001771,1163500
2024-11-07,612.80712890625,618.0598571951168,610.304943738463,618.0598571951168,517000
2024-11-08,615.2101440429688,619.708162619959,612.7972900082106,614.3264066322023,402800
2024-11-11,611.705078125,621.6941240051291,611.0100030007807,620.184885552044,379400
2024-11-12,602.5103149414062,609.6893632798772,601.368462203745,609.2822210532645,312200
2024-11-13,600.9911499023438,605.9459460570075,599.0747693405914,602.7188680976708,507100
2024-11-14,583.8131713867188,602.6890439656031,582.5024740035526,600.0677098039495,469800
2024-11-15,578.91796875,585.3621856426064,575.2539915777818,583.6245282417786,400300
2024-11-18,577.5377807617188,581.7875629454595,574.9560818719797,577.2994831482899,380800
2024-11-19,578.5902709960938,580.0697524366781,567.9756643718457,570.090646483656,325800
2024-11-20,581.1322021484375,581.3704997444962,575.2737902917197,578.5902601160134,443000
2024-11-21,586.4345092773438,589.5424384228992,580.1193805221243,584.5777031238878,347800
2024-11-22,593.5936889648438,595.1228056439039,583.4358597728212,585.8387747269672,448600
2024-11-25,599.739990234375,606.0154225703156,595.1525799256583,595.9668037412528,765400
2024-11-26,592.7595825195312,598.9258056339255,585.7295609084103,598.9258056339255,477800
2024-11-27,591.3992309570312,599.6506184097798,588.4799642442532,596.761169198355,379200
2024-11-29,595.7681884765625,596.4235068178301,588.976404461873,596.0263643883169,184900
2024-12-02,589.8126220703125,598.1146975854591,587.217628004375,596.2156342979738,342700
2024-12-03,585.3682861328125,591.6320875035602,582.4252661938754,591.6320875035602,534700
2024-12-04,579.0946044921875,584.4636124401336,576.9569293110682,582.4750999682402,351000
2024-12-05,579.0448608398438,583.0516816173335,570.1661605939785,576.6685740480019,450400
2024-12-06,577.841796875,582.0375894921734,573.6559565291159,582.0077326783054,397400
2024-12-09,571.3990478515625,584.8016019516077,567.3822139824795,578.2693314631847,360700
2024-12-10,560.2136840820312,566.2587789429601,551.851955217027,565.7317940132577,421000
2024-12-11,556.9624633789062,566.6564618953569,556.5746888739476,566.6564618953569,430400
2024-12-12,553.6217651367188,557.6087423563935,551.8022592314294,555.8488893979373,281000
2024-12-13,547.7556762695312,555.4810673154054,543.8582084765218,553.9399821522529,297300
2024-12-16,544.1564331054688,551.424443860475,543.3709925149718,548.6007900958283,337300
2024-12-17,541.65087890625,547.5468104235821,539.3441974226172,539.3441974226172,524500
2024-12-18,532.5634155273438,555.2721935781714,531.9270769831013,543.3311666825314,724500
2024-12-19,522.7501220703125,538.548807583876,521.7061044719497,534.0150015625277,510400
2024-12-20,530.6245727539062,537.5346652066786,521.0399288018582,521.0399288018582,977400
2024-12-23,528.7255859375,531.1316689260299,525.1462272421369,528.4272605327833,268700
2024-12-24,530.1174926757812,530.3461521737611,526.2697261872167,529.5110109818294,112100
2024-12-26,528.9840087890625,532.255150290133,526.9954965319558,528.5564859359339,526100
2024-12-27,525.802490234375,531.042179289597,523.5256046344778,524.8181255937584,249300
2024-12-30,517.2617797851562,522.1833600334354,515.0446079136487,519.1110817233082,250400
2024-12-31,513.5333862304688,519.9363993206291,511.733784729339,519.6977875147804,267800
2025-01-02,507.62744140625,520.7715398838103,504.7838832477274,516.7547060106418,414700
2025-01-03,513.7023315429688,516.3967876792531,508.1842217947993,508.30352768349405,332400
2025-01-06,514.3983764648438,524.1023276508442,512.9566926946395,515.3230275405941,366400
2025-01-07,505.7283935546875,512.8969720268652,502.9146619511352,510.828962891264,479600
2025-01-08,514.2789916992188,518.9718515813898,504.8236060379034,507.9853636434346,378000
2025-01-10,505.7880554199219,509.755158231178,502.546800889295,508.8603033907668,356800
2025-01-13,510.2523193359375,510.35172068704463,503.1135364050059,503.1135364050059,475800
2025-01-14,514.70654296875,517.0132246377452,510.7891711085345,512.8870371288225,285400
2025-01-15,528.23828125,529.312094788471,524.3805628752841,526.677291950758,320200
2025-01-16,528.1787109375,530.0379652092261,523.0781716875953,528.1091057201337,200700
2025-01-17,539.4436645507812,541.5117345270467,530.8334321911927,531.3902132596583,371400
2025-01-21,549.4657592773438,556.9027762118775,546.3835286558777,552.6473912446774,460100
2025-01-22,546.5227661132812,551.2554355545902,537.8429285032732,545.9262366394127,366600
2025-01-23,545.6179809570312,551.4940082541926,543.3610000191302,548.4416345126491,327600
2025-01-24,545.4091796875,547.3777875481978,543.221803906401,545.6477914664231,293700
2025-01-27,542.9036254882812,545.0512528315529,538.5388869557916,541.2034862498214,318500
2025-01-28,539.0558471679688,553.6316765081046,537.932332848458,545.8366814851237,343300
2025-01-29,536.7392578125,542.0882999809442,536.1128715936256,539.0061302409104,309300
2025-01-30,543.1920166015625,544.7231493309167,537.0673643149781,539.1950871859154,340800
2025-01-31,540.9946899414062,545.1407213899566,538.876919336592,542.4363735983084,391000
2025-02-03,532.8716430664062,537.2662386481124,524.7485865909869,532.9512005571559,395000
2025-02-04,534.2138061523438,538.3399933628965,533.3388559037667,536.6796026185965,408900
2025-02-05,536.8585815429688,538.3698096506274,532.9710059483484,538.2207076363915,463800
2025-02-06,542.30712890625,545.0413335810389,537.0077261267024,538.2903555213744,390800
2025-02-07,535.50634765625,543.9873818954384,534.5319960309573,542.3070865446206,328500
2025-02-10,527.920166015625,538.9763503837814,526.9060659943492,538.9763503837814,443700
2025-02-11,525.9614868164062,530.3262857419979,520.3439154716627,524.0326275186568,623100
2025-02-12,514.169677734375,523.9531249854774,479.9473651875837,498.5498906243562,1329000
2025-02-13,528.6061401367188,529.0535674921509,515.3427985311355,519.8666513814544,665100
2025-02-14,524.350830078125,532.3048795335212,522.4120183864559,532.3048795335212,687800
2025-02-18,530.9228515625,536.6497769088932,526.1106856010042,529.6402829277777,614100
2025-02-19,517.957763671875,527.4329934118488,514.0304396651766,524.301122888467,406200
2025-02-20,503.1334228515625,516.893925207411,497.2275385150949,513.791850675588,566200
2025-02-21,487.0264587402344,508.29361365717233,484.79933453719593,508.29361365717233,730700
2025-02-24,487.8218688964844,492.08720608126987,483.5266748975666,487.04631994402433,566400
2025-02-25,487.4738464355469,493.0019080905329,481.39892570373,489.6611917160029,790300
2025-02-26,488.30908203125,495.4478346988628,486.6089123217864,488.62725131673244,795300
2025-02-27,479.5695495605469,491.3514920336975,479.3707165185857,486.24100041284714,502800
2025-02-28,480.36492919921875,486.0819020417712,472.3711012852695,483.576357133448,860600
2025-03-03,467.8665466308594,487.98342657716057,466.06399803751475,484.44804860263,611400
2025-03-04,460.01904296875,468.6931896109324,449.2335953757014,464.0423950031476,1103200
2025-03-05,475.66436767578125,476.729971494804,464.31128928279077,466.2433078434911,864300
2025-03-06,473.9514465332031,479.3789994012233,470.4060997668676,473.6526629161832,934900
2025-03-07,458.4953308105469,472.1986823962607,446.6542481933652,471.22273492800275,983200
2025-03-10,466.2034606933594,467.9562273073983,452.90839526106674,453.7150593523038,1356500
2025-03-11,462.498779296875,467.27901330859356,457.01144532383347,462.30955878801245,655400
2025-03-12,462.74774169921875,467.5777880856973,461.18419558376314,464.23160002719374,688700
2025-03-13,463.1460876464844,468.2748872359599,458.7044508594031,459.99908867702317,973100
2025-03-14,475.485107421875,476.85940262036036,463.08633217774127,468.17528782061663,786800
2025-03-17,486.71868896484375,489.6167167827925,473.1447770748033,473.1447770748033,706000
2025-03-18,486.180908203125,490.53291906834636,481.67952072541055,484.44807871423245,602400
2025-03-19,488.1826477050781,491.8474957737466,479.56822151981896,483.9302009718911,528900
2025-03-20,481.7890319824219,491.7379090271075,481.5400608420285,483.67126839194884,464800
2025-03-21,475.0668029785156,479.83709845573696,470.3662267134754,478.1241758237651,857500
2025-03-24,488.67059326171875,490.49304861944086,477.8951151147934,481.7193081475094,448900
2025-03-25,486.2904052734375,488.93946177807214,480.06612694261844,486.5393764066702,361100
2025-03-26,480.8827819824219,490.7918457040454,480.06614933325386,486.39999106194205,286800
2025-03-27,482.306884765625,485.2248496516458,472.3978515360668,479.01050927252953,325600
2025-03-28,476.0328369140625,481.6297034811712,471.15300847179253,480.5441929185101,551600
2025-03-31,476.16229248046875,478.69184778826923,466.91051635109295,472.23850485844224,568300
2025-04-01,482.5658264160156,483.37249048904505,467.17939760144554,472.776294432765,483400
2025-04-02,490.4432678222656,494.0284582972425,476.92910712219225,476.92910712219225,340700
2025-04-03,482.9741516113281,484.1592567067092,468.61348242776245,473.5331547417007,561100
2025-04-04,468.7629089355469,481.520188653616,462.4489736170327,478.2935017759682,889700
2025-04-07,457.92767333984375,478.3831215558693,443.0790300060967,455.94584227915794,936100
2025-04-08,450.64776611328125,471.3521858020728,441.06736078296245,471.3521858020728,636200
2025-04-09,479.6479187011719,485.89210438353746,440.13122391873804,444.8218320113094,757800
2025-04-10,473.3140563964844,478.54245047463445,460.8953743894656,471.05340932666576,439600
2025-04-11,489.6664733886719,495.831001141322,471.02351352766533,476.49090994340804,627100
2025-04-14,500.8602294921875,503.240408250144,486.6987494084734,492.5246803376443,522500
2025-04-15,496.9961853027344,505.8496137680844,495.671672189643,502.42376839661785,326500
2025-04-16,489.049072265625,496.58792620444626,483.153421886957,492.3653547091347,316200
2025-04-17,492.20599365234375,496.6376922671973,486.26056139068396,487.80420075171634,251500
2025-04-21,483.0737609863281,489.2581959804555,476.8892956002139,489.1187879371802,433900
2025-04-22,488.9793395996094,492.62428089009893,482.9741566650125,492.62428089009893,701500
2025-04-23,496.28912353515625,505.13258356779386,493.86913127259936,498.04189014111637,324900
2025-04-24,507.15423583984375,508.9766912971919,493.7795128691603,495.6915942940515,324100
2025-04-25,502.364013671875,507.40318715217467,500.5514964649095,504.8138811982219,327900
2025-04-28,500.8303527832031,503.8877257597317,495.01439044147276,501.92583190743,359900
2025-04-29,502.78228759765625,506.70607537666024,493.9388578256333,501.4976183381447,491600
2025-04-30,521.8236083984375,523.8253462279558,488.29218996299727,494.0185265791535,943500
2025-05-01,520.7281494140625,533.913651916786,520.7082122710037,525.8171051798284,489600
2025-05-02,533.5949096679688,537.5386342198983,525.5581143576071,527.948261501316,386400
2025-05-05,539.9586791992188,543.8027792061775,531.4936600130906,533.5949619523171,465900
2025-05-06,532.7982177734375,540.3570080191315,528.6752412757862,531.3840787756806,323200
2025-05-07,532.260498046875,541.4624619018035,531.005673742299,535.2779967366669,363900
2025-05-08,539.3312377929688,544.479943928712,534.5012220092673,536.8215892606204,356800
2025-05-09,539.6199951171875,541.7113890496041,535.0887327729012,539.9088405255883,320100
2025-05-12,550.7838745117188,554.1200632451063,545.8243891942506,553.9707170417405,413900
2025-05-13,541.6516723632812,554.7276416059055,540.2175961537758,553.8113840387422,369700
2025-05-14,538.79345703125,542.3188663142923,533.9435043304458,542.3188663142923,419400
2025-05-15,550.584716796875,551.132441141658,538.5146009339359,538.5146009339359,368100
2025-05-16,561.7586059570312,562.9835245723796,553.1342112241352,553.1342112241352,419300
2025-05-19,565.8516845703125,566.9969761967018,554.568294808171,554.8372031063956,389100
2025-05-20,561.3004760742188,563.0830876345158,557.9144441044331,560.1850901796012,327000
2025-05-21,557.7351684570312,561.499641279295,554.4786672710082,555.9226512593455,622600
2025-05-22,562.3660888671875,564.2582939600152,553.9807573808124,557.1775081113615,463900
2025-05-23,559.4082641601562,562.256540290715,554.4288411973237,555.9027917274228,362900
2025-05-27,565.154541015625,567.4650005779694,559.2688897840803,566.8375884182651,456300
2025-05-28,548.2643432617188,566.6383643398751,546.5513902506314,565.1545061053673,614900
2025-05-29,546.2227783203125,550.664445619075,541.9504551718429,549.5988417788794,689300
2025-05-30,545.296630859375,550.7142458156321,536.2938554575843,544.3406204920196,653600
2025-06-02,540.1603393554688,541.4069936684539,532.3612626688187,541.4069936684539,441800
2025-06-03,544.0798950195312,544.7979996651181,534.236315953849,541.6165349451387,372100
2025-06-04,548.09912109375,550.6821550491286,542.9429752863704,545.9149800428723,432500
2025-06-05,548.5677490234375,550.5325078034256,543.062565167957,549.9340772316233,288400
2025-06-06,549.8444213867188,553.3948907543069,546.4335919239645,552.6169491746306,274800
2025-06-09,552.9959716796875,556.3470252469265,547.9495166855038,553.2952174579032,285300
2025-06-10,552.8463745117188,557.0550506285493,549.2061192450323,553.5145642388586,295200
2025-06-11,544.3890380859375,555.59900597517,542.4741939046596,553.624263943672,442900
2025-06-12,551.160888671875,552.4374311333352,539.5520282062287,542.5539817625383,239500
2025-06-13,541.01806640625,547.9394941432317,538.8538913890308,547.0020075896302,250000
2025-06-16,541.3372192382812,545.336496350086,538.7541853727968,538.9635843570375,328500
2025-06-17,539.9409790039062,543.9701439907315,538.4449937685084,538.9336725392512,329100
2025-06-18,537.347900390625,544.5486076300648,535.1039225417691,536.2508689021245,373100
2025-06-20,536.7794189453125,542.1849560825208,532.9397478619943,540.1005232072542,954300
2025-06-23,550.4827270507812,551.1708827332517,535.1139370995403,537.7967398764991,438400
2025-06-24,550.8916015625,553.9533921496022,547.9894168307703,550.1436089039121,548000
2025-06-25,532.9896240234375,550.0737809673682,532.6306021617578,550.0637979925775,489900
2025-06-26,539.212890625,543.9801261195187,531.3739426129317,534.6750809257062,444200
2025-06-27,548.5777587890625,549.3756053853078,538.4449791859806,540.9382878441181,448700
2025-06-30,547.49072265625,553.2253326993657,545.0672338904703,547.1316399388126,374000
2025-07-01,556.1873779296875,559.1993144639769,538.9635811178397,546.5332934808459,458300
2025-07-02,557.1746826171875,559.3189524136143,551.9088463803316,556.5064929403757,319400
2025-07-03,556.3967895507812,558.8402441575311,553.015848473875,556.9951592671399,310600
2025-07-07,554.8010864257812,560.4858427399525,554.3323735835929,556.945356371096,434200
2025-07-08,557.5936279296875,560.0470048060748,551.5398669200213,554.5018885259414,247700
2025-07-09,565.5023803710938,565.6020883705986,553.8137175060649,558.1021963052804,267700
2025-07-10,562.8694458007812,569.5714305499589,561.4033485920261,565.502394468728,313800
2025-07-11,560.495849609375,561.7225381286544,550.2932489077392,557.9925576945853,269500
2025-07-14,563.3082885742188,565.0336388176265,556.9353765510983,561.7823543411625,400400
2025-07-15,546.9521484375,567.1679156906483,546.7826204830038,564.7144779147162,355000
2025-07-16,544.897705078125,546.0745396163068,531.4538024885284,544.7880140918423,532100
2025-07-17,551.6096801757812,551.829062126833,541.7361531989507,544.8976516428394,308600
2025-07-18,563.5177001953125,563.9664470519897,550.492597454624,553.0756919829876,407600
2025-07-21,561.75244140625,567.1379517549558,561.4133246344367,566.5495649812442,308600
2025-07-22,569.4517822265625,570.4890376785656,558.630846036375,564.3255854319884,267800
2025-07-23,573.211669921875,575.8246525687827,568.4245293939721,572.9124850523425,326000
2025-07-24,579.8837890625,581.8784360996066,572.0248748665563,573.2116922885066,336600
2025-07-25,584.1622924804688,585.408946894532,578.5074851023809,580.4522781626791,233700
2025-07-28,574.3386840820312,583.4542358309452,571.1372536103743,583.4542358309452,325700
2025-07-29,578.3678588867188,580.641785810249,574.3586595890297,578.3279878583722,244300
2025-07-30,573.7801513671875,580.5719218257769,571.1472027728265,578.4476179453033,383800
2025-07-31,573.3413696289062,574.7376469533126,559.3888228470666,562.1114966706803,589800
2025-08-01,576.3133544921875,576.353286390926,560.0071392935969,570.8680070325039,393100
2025-08-04,600.7079467773438,611.5887202654467,593.1881488883888,593.1881488883888,705900
2025-08-05,605.8740234375,607.7589794529808,596.7684550550249,598.832921995057,516600
2025-08-06,596.4393310546875,606.3726951455902,595.5616814946015,605.874033389714,618400
2025-08-07,598.6932983398438,609.3347232800594,588.7699171173145,600.6081424588045,754300
2025-08-08,609.2848510742188,613.9423956124996,599.5609470210635,600.9472412850519,526200
2025-08-11,598.3242797851562,609.2549672541573,596.8681655619553,609.2549672541573,477800
2025-08-12,613.7828369140625,615.7475959988054,597.2073240630025,598.8529323009719,477900
2025-08-13,618.4203491210938,619.1483757690974,608.1279636926323,617.3332397643464,360100
2025-08-14,610.8606567382812,615.9769312718086,606.9810536315612,613.9822842293978,365000
2025-08-15,607.948486328125,614.3712522102705,606.223075251486,614.3712522102705,302900
2025-08-18,601.216552734375,609.5441797517359,599.9898034157715,608.0681604257051,304400
2025-08-19,606.1333618164062,606.6020746597377,601.2564351174418,603.3308851158693,374100
2025-08-20,598.992431640625,606.6219802789162,594.1754032697994,604.8268102674923,379700
2025-08-21,599.132080078125,600.8574301689894,595.3222971915555,596.5689515050223,340100
2025-08-22,606.2630004882812,614.0620776074588,600.9672151078942,601.8747527144895,363800
2025-08-25,602.882080078125,608.2277196446069,602.4432552855452,602.6826031957164,318500
2025-08-26,615.3884887695312,616.0866274145869,602.5130687864256,602.8521246982715,750400
2025-08-27,614.9895629882812,619.6969005775994,613.1644439826881,613.3539378780425,413400
2025-08-28,610.6511840820312,616.3159742590938,607.2703036785946,616.3159742590938,292800
2025-08-29,614.750244140625,614.949660147857,607.9185414826107,612.067441427946,368600
2025-09-02,615.5591430664062,617.2169055477755,607.8893781927728,609.167641861442,551200
2025-09-03,610.3860473632812,615.5591415903637,604.903368416462,615.5591415903637,415500
2025-09-04,618.1456298828125,619.3340474854783,608.0790982584465,614.4406098509901,413600
2025-09-05,621.810791015625,622.9992086277169,615.2994547590674,620.8520475873748,311200
2025-09-08,626.2548828125,626.8440629299321,617.6762959567922,620.1230452940403,321100
2025-09-09,613.4019775390625,621.7708222723587,608.688292700862,621.5910693034991,421600
2025-09-10,615.9086303710938,621.6310407069072,612.3334420386643,612.8327761474934,283100
2025-09-11,630.2794799804688,631.4179763763149,612.4432802610296,617.8660413626703,301300
2025-09-12,615.039794921875,628.601726407333,614.7801314322323,626.8240677190843,331400
2025-09-15,610.2662353515625,617.8560899694266,609.4573164753062,616.1184168984965,296600
2025-09-16,608.9479370117188,613.2322016859152,605.3726877555974,610.7155992472915,296100
2025-09-17,608.8780517578125,623.7781650780548,607.3900458082126,608.9479658502339,463100
2025-09-18,619.5737915039062,624.8567244735966,606.6410257924446,606.8207787585764,325500
2025-09-19,617.7462158203125,621.5411429125978,615.3393912460987,621.1516476730388,630900
2025-09-22,619.0045776367188,623.2788461830899,614.3308173964253,617.1869940509589,285700
2025-09-23,614.5704956054688,626.4346798054618,613.0325074234,619.5937654244473,307800
2025-09-24,605.9918823242188,617.7562235751341,603.5651257895215,613.6616471750064,378800
2025-09-25,607.250244140625,610.0365067546004,599.2009800797093,602.3268167354352,269600
2025-09-26,612.9226684570312,616.8973487583451,605.9719761475076,610.9852495302545,290600
2025-09-29,620.4226684570312,621.2615766312695,612.9026670567466,616.1483389641677,304700
2025-09-30,629.440673828125,630.9086869443184,618.7049898001845,618.7049898001845,434900
2025-10-01,619.2342529296875,633.994599405779,614.6603351278596,629.1110968744706,398700
2025-10-02,627.0338134765625,628.2821487576574,616.897306612523,618.5251406953805,285700
2025-10-03,633.9246826171875,636.5111993242043,617.8460867618118,625.6257516614198,329700
2025-10-06,635.2628784179688,637.4100396469996,627.0937790289963,634.1243819257234,259600
2025-10-07,628.771484375,639.1476618263919,625.2162279442455,637.769494804269,253900
2025-10-08,635.4625854492188,638.0191737058379,627.5431536193247,632.5065055149923,243000
2025-10-09,632.9659423828125,638.878041554569,629.5904387079747,635.6723553747311,232600
2025-10-10,631.537841796875,639.0677785656173,631.2182606378633,637.819443235356,347000
2025-10-13,637.759521484375,643.0125262730198,631.258181373481,632.8161014174931,280900
2025-10-14,655.9752197265625,656.4845502898621,632.0770956693182,637.7595204854516,329800
2025-10-15,638.3087768554688,664.2941444294672,638.3087768554688,655.1263771370446,637700
2025-10-16,623.308837890625,641.9539577003559,621.9106779103851,641.9539577003559,308600
2025-10-17,624.567138671875,630.1396635374698,618.4153082089118,622.6896375134006,321500
2025-10-20,626.2548828125,629.5804041084713,614.2009500458148,629.5804041084713,244000
2025-10-21,631.1883544921875,633.1956265726132,620.8820903284933,625.1663553892835,278100
2025-10-22,621.6709594726562,635.0231485371489,620.2228783802993,631.1283181444469,220200
2025-10-23,618.525146484375,627.4033217155453,617.1569758797995,620.152980582468,189400
2025-10-24,620.4026489257812,629.6903122863845,619.7934759305731,623.6883064336564,293300
2025-10-27,616.0185546875,624.9665832629356,614.14105348736,622.1004102406323,291900
2025-10-28,616.0185546875,619.1443302554627,611.6743111956753,612.7828183324115,293400
2025-10-29,616.098388671875,629.6403274608165,612.5431322038011,615.1796309654393,410100
2025-10-30,612.20361328125,615.3393851750557,603.4152841598795,605.1929428538431,470600
2025-10-31,612.2835083007812,616.9473331329744,606.3114913919937,608.1989891016116,354200
2025-11-03,618.4752197265625,620.7522125380643,609.557119789256,614.5304680459232,712300
2025-11-04,624.4273071289062,632.2868212212677,606.9706059769185,630.8487365321743,725000
2025-11-05,609.7968139648438,631.5877627966702,605.5924595844846,620.5225013660491,708600
2025-11-06,607.5198974609375,612.2136506111442,598.7415641880309,608.4086659134167,479900
2025-11-07,609.8267822265625,614.4606174398834,603.904686940716,605.6922811279389,358500
2025-11-10,615.9486083984375,619.9032954803729,604.6836017864362,609.3473652374245,320700
2025-11-11,619.5737915039062,624.167640959822,615.9586174037767,616.2482092457884,238400
2025-11-12,613.9912109375,624.1277178352127,609.1876191980441,618.3653826532973,382600
2025-11-13,601.328125,615.9186536673803,599.9599543584492,613.7814889594567,453100
2025-11-14,595.6456909179688,601.5078686440607,594.2275990761245,597.9426156923603,342700
2025-11-17,589.1842651367188,598.2721825826294,587.0970826746451,595.5657697417167,350600
2025-11-18,592.3900146484375,595.2961733382414,584.2209158236922,585.3294229324797,318200
2025-11-19,596.0252075195312,598.0924581643545,586.4679448081921,595.755547579897,330700
2025-11-20,596.2049560546875,612.0038953704675,596.0651278682241,602.4266398597003,448100
2025-11-21,602.376708984375,613.6317196907282,598.3021254487418,599.5604571990016,573900
2025-11-24,603.7848510742188,605.8520406677579,598.32210416844,603.8647006457095,722900
2025-11-25,617.1070556640625,620.8420651135204,602.6563555491776,608.4885439123709,675100
2025-11-26,621.6709594726562,625.9852134456297,614.9299490687358,614.9299490687358,445300
2025-11-28,622.4099731445312,626.0151507982843,619.384040126825,624.0877284436141,112700
2025-12-01,615.25,623.8800048828125,614.3900146484375,618.6900024414062,387100
2025-12-02,607.989990234375,618.4000244140625,606.239990234375,618.4000244140625,305600
2025-12-03,615.8699951171875,616.6900024414062,607.2000122070312,609.4099731445312,280800
2025-12-04,618.780029296875,619.530029296875,609.0599975585938,613.719970703125,309800
2025-12-05,624.3699951171875,625.760009765625,611.1900024414062,617.3200073242188,354900
