Date,Close,High,Low,Open,Volume
2015-01-02,39.858463287353516,40.42105055493304,39.670936365938736,39.77322407322567,27913900
2015-01-05,39.49191665649414,39.83287663163892,39.4237227104654,39.5260103778422,39673900
2015-01-06,38.91228103637695,39.84992503054683,38.81851598662671,39.53453616002297,36447900
2015-01-07,39.40668487548828,39.60273764581403,38.775906962556256,39.193583614047185,29114100
2015-01-08,40.56593322753906,40.70231782736519,39.82434216921358,39.849913265535555,29645200
2015-01-09,40.224979400634766,40.761995309191505,39.97778449182773,40.58299109022796,23944200
2015-01-12,39.722068786621094,40.52333150893356,39.51749342255559,40.42104057523402,23651900
2015-01-13,39.51749801635742,40.83872517273108,39.26177715571529,40.037465608941154,35270600
2015-01-14,39.176536560058594,39.41521219276174,38.88671870380052,39.176536560058594,29719600
2015-01-15,38.76738357543945,39.53454946645549,38.7077154785457,39.39816478046013,32750800
2015-01-16,39.41521453857422,39.4493082724175,38.503138060331864,38.62247750961963,35695300
2015-01-20,39.54306411743164,39.76469121980071,38.84409233611397,39.46634754379108,36161900
2015-01-21,39.14243698120117,39.329967126247716,38.767379942775186,39.15948547181151,39081100
2015-01-22,40.1738395690918,40.182362186450845,39.278815169742124,39.53453596217542,35898000
2015-01-23,40.21647262573242,40.3954769152088,39.89255777929846,40.36990580290286,26211600
2015-01-26,40.07155990600586,40.17385085304349,39.41521088001737,40.06303728625299,42525500
2015-01-27,36.36358642578125,36.82388577017918,35.89476446463494,36.61078458314304,169164000
2015-01-28,35.11055374145508,36.47440341907029,35.08498263711428,36.43178382794684,84507100
2015-01-29,35.809532165527344,35.90329723460598,34.7696002898378,34.88893646805897,63585300
2015-01-30,34.43716812133789,35.443006422273065,34.39454526403773,35.41743205755947,78004900
2015-02-02,35.18726348876953,35.263980038594816,34.29223924191839,34.59910544121952,50352500
2015-02-03,35.46004867553711,35.74134390201399,34.991226549742855,35.48562303809596,52082400
2015-02-04,35.66461944580078,35.98000833329835,35.25546550350668,35.74985863107045,41614800
2015-02-05,36.18459701538086,36.346552813198954,35.68167787812034,35.98854423328505,36548200
2015-02-06,36.15049743652344,36.47441226057912,35.928873557959335,36.38064718637875,34616600
2015-02-09,36.107879638671875,36.43179447890723,35.98001757625422,36.005591939738146,31381100
2015-02-10,36.31245422363281,36.45736477457328,35.95444565954563,36.43179366332912,29670700
2015-02-11,36.12491989135742,36.355069600218116,35.98000937022295,36.355069600218116,38262500
2015-02-12,36.73012924194336,36.73012924194336,36.23573281261489,36.36359485514241,33268800
2015-02-13,37.395015716552734,37.395015716552734,36.781286175431234,36.97733898386831,40264900
2015-02-17,37.41217803955078,37.77273438678963,37.07737150664744,37.74698129764625,33695700
2015-02-18,37.36924743652344,37.51518923228707,37.249062001663674,37.45509651485719,27111700
2015-02-19,37.343505859375,37.36925895340826,36.957193074833555,37.06879527365853,27603400
2015-02-20,37.65254592895508,37.66971574528128,37.16321762548502,37.35207905545799,29721100
2015-02-23,37.90150451660156,37.93584087550007,37.47226891969694,37.515191824425855,32518800
2015-02-24,37.84998321533203,38.03026132363362,37.70404145517835,37.901492649763924,25271700
2015-02-25,37.76414108276367,37.8499868736407,37.60102949536749,37.72980145649005,29759800
2015-02-26,37.8242301940918,37.97016867966478,37.67828843371212,37.76413749123155,28957300
2015-02-27,37.64397048950195,37.94443745164591,37.480862098492544,37.88434471417884,33807700
2015-03-02,37.66971969604492,37.93584368999282,37.38642260916211,37.48943824311588,31924000
2015-03-03,37.154632568359375,37.626794349225996,36.991524218937656,37.39500673174813,31748600
2015-03-04,36.965763092041016,37.09453177943192,36.81123804732631,36.92283692143702,25748700
2015-03-05,37.00869369506836,37.12029586722776,36.75973626286958,36.974354061356586,23193500
2015-03-06,36.364837646484375,37.008690994970834,36.184559494861965,36.91425864655696,36248800
2015-03-09,36.78548812866211,37.0258622818511,36.21889729047201,36.21889729047201,32108000
2015-03-10,36.08153533935547,36.665295885502765,36.08153533935547,36.35624579932984,39159700
2015-03-11,36.03862762451172,36.37343093395878,35.918442156998246,36.32192474777208,32215300
2015-03-12,35.21448516845703,35.75532288229614,35.07712992246062,35.480612390303314,59992500
2015-03-13,35.5235481262207,35.600810684686095,34.86252474264094,34.93978730110633,58007700
2015-03-16,35.67805480957031,35.7467307844968,35.43768071031042,35.600792291023716,35273500
2015-03-17,35.798240661621094,35.909842806405535,35.32608227572725,35.51494366520064,31673400
2015-03-18,36.485015869140625,36.76831285838476,35.4806064159445,35.56645220218446,44194800
2015-03-19,36.30474090576172,36.56228156165256,36.24464819521409,36.27898454780765,33879100
2015-03-20,36.811241149902344,36.89708694873165,36.476437949737814,36.536530663879795,71904500
2015-03-23,36.79408645629883,37.025874138163616,36.725407169164676,36.81125627808237,26246100
2015-03-24,36.82841491699219,37.06019925366748,36.69964293012133,36.725396017572436,25513300
2015-03-25,35.592220306396484,36.85417420059066,35.57505048693983,36.84558765345823,43469900
2015-03-26,35.377601623535156,35.720991454783224,35.12864415962071,35.386188170460834,37495600
2015-03-27,35.17156219482422,35.56645811689016,35.051376764178706,35.30033089559839,34401400
2015-03-30,35.16297149658203,35.66088625022451,35.12004860139385,35.28315691303173,35049700
2015-03-31,34.90542984008789,35.22306318505292,34.80241423965729,35.008445440518486,34887200
2015-04-01,34.956947326660156,34.991283684838486,34.604974275573,34.85392842770222,36865300
2015-04-02,34.58779525756836,34.97410783886942,34.44185349360717,34.905428591168445,37487500
2015-04-06,35.669471740722656,35.86691969073033,34.493367310326015,34.63072254836645,39223700
2015-04-07,35.65230178833008,35.97852170546347,35.463440383511525,35.720981044487495,28809400
2015-04-08,35.5578727722168,35.7896603712032,35.231656099398144,35.592212403505336,24753400
2015-04-09,35.60938262939453,35.729568065481544,35.41193465942193,35.41193465942193,25723900
2015-04-10,35.815425872802734,36.01287389089282,35.54929857460741,35.7381633200885,28022000
2015-04-13,35.849754333496094,36.10729830229628,35.532120920065495,35.540707465589556,30276700
2015-04-14,35.75532531738281,36.0815420020864,35.53212098068288,35.88409402719498,24244400
2015-04-15,36.27898406982422,36.450678929758375,35.78107257830296,35.84974855739238,27343600
2015-04-16,36.193153381347656,36.34767849229393,35.90127298009451,36.01287517684648,22509700
2015-04-17,35.72957229614258,35.832591203393285,35.3346763094386,35.772495203426416,42387600
2015-04-20,36.83699417114258,37.06019521259872,35.78107512828571,35.82399802762644,46057700
2015-04-21,36.60520935058594,37.043031471439306,36.510777000017264,36.91425948888066,26013800
2015-04-22,36.90567398071289,37.02585941058348,36.52794460133977,36.63096021625637,25064300
2015-04-23,37.206138610839844,37.437926207082974,36.742563418353576,36.81982595043462,46309500
2015-04-24,41.09501266479492,41.326800266191924,39.18920895576546,39.197792226273116,130933700
2015-04-27,41.23237991333008,41.31822901742247,40.53702018162833,40.54560345463333,59248200
2015-04-28,42.20243453979492,42.24535743514962,40.94906765651855,41.01774363412466,60730800
2015-04-29,42.11659240722656,42.33121017744821,41.635847422999454,41.82471210873283,47804600
2015-04-30,41.75602722167969,42.52865240025135,41.72168759711943,41.80753665852008,64725500
2015-05-01,41.77320098876953,41.96206566692458,41.549999957610325,41.70452500795407,38937300
2015-05-04,41.41265869140625,41.95349327524847,41.361149232312975,41.52425760722929,34039500
2015-05-05,40.86322021484375,41.343965176418635,40.61426610197065,41.052084891678014,50369200
2015-05-06,39.730045318603516,41.009168822745934,39.50684425184169,40.83747393110963,52433000
2015-05-07,40.09060287475586,40.42540609523462,39.62702767341257,39.72146002273889,32971700
2015-05-08,40.992000579833984,41.189448566613315,40.794552593054654,40.8203056816061,35364900
2015-05-11,40.66578674316406,41.129362055959085,40.66578674316406,40.820311847429075,24609400
2015-05-12,40.64860916137695,40.93190622336972,39.85023070006163,40.21937357033894,29928300
2015-05-13,40.88899230957031,41.48133637651186,40.837482848389506,41.369734181357636,34184600
2015-05-14,41.82472610473633,41.910571931629065,41.23237876482796,41.23237876482796,32980900
2015-05-15,41.46416473388672,41.98783277104854,41.24954690061111,41.95349313177046,28642700
2015-05-18,41.21520233154297,41.39548377878511,40.87181580425973,41.189449242568884,24136500
2015-05-19,41.11151123046875,41.310242386411666,40.76588982251323,41.09422983046197,28574800
2015-05-20,41.11151123046875,41.41392749036231,40.84365447449872,40.947339578449366,25047900
2015-05-21,40.9732780456543,41.12880741800884,40.61901742997815,40.852311488509976,22410700
2015-05-22,40.52397155761719,40.91279166291118,40.45484593244149,40.86958979522199,25720600
2015-05-26,40.256103515625,40.50667889310643,39.91048207798921,40.46347703742454,29581900
2015-05-27,41.13743209838867,41.27568000375075,40.28202091789892,40.45483162362403,27335600
2015-05-28,40.999202728271484,41.491711319786695,40.947358504288786,41.04240460021129,19283700
2015-05-29,40.48939895629883,41.102873899008706,40.25610497186893,40.981907380287375,36519600
2015-06-01,40.80908203125,41.27566983290768,40.282010991905864,40.662195110036976,28837300
2015-06-02,40.541236877441406,40.91277875531474,40.28202245699471,40.549879225907404,21498300
2015-06-03,40.48075866699219,41.249766267875444,40.45483821054453,40.930065256598255,28002200
2015-06-04,40.05736541748047,40.748604877159956,39.91911752554457,40.42890724507502,27745500
2015-06-05,39.86729049682617,40.195630617590304,39.60807599984024,40.014180799309266,25438100
2015-06-08,39.51302719116211,40.11786317315933,39.4611829769026,40.00553569030919,22121600
2015-06-09,39.44389724731445,39.69446932759524,39.27972558192429,39.53894001095735,24406100
2015-06-10,40.27338790893555,40.46348004336578,39.47845986175592,39.56486687562901,28417400
2015-06-11,40.126502990722656,40.541246824414635,39.858649452181105,40.31659515053227,27347800
2015-06-12,39.72038650512695,40.15241158072384,39.659903258230564,39.936399042925395,23931000
2015-06-15,39.29700469970703,39.44389495514685,38.89954237854769,39.271084247137104,33254500
2015-06-16,39.59942626953125,39.953686755663576,39.14147737568439,39.18467923085364,27070300
2015-06-17,39.72038650512695,39.80679020181043,39.193315385524386,39.513013018560954,28704100
2015-06-18,40.36842727661133,40.43754958014771,39.893197019404894,39.93640216721639,32658300
2015-06-19,39.832725524902344,40.463485271354756,39.737682741498,40.428922461339916,63837000
2015-06-22,39.9450569152832,40.368443139136794,39.88457363988859,40.03146394876929,20318100
2015-06-23,39.668540954589844,39.98823857670719,39.417965628240474,39.85863303610863,25896500
2015-06-24,39.43526077270508,39.96233205803422,39.35749610280257,39.46118123064232,34890900
2015-06-25,39.44389724731445,39.798157736080704,39.31428838475278,39.77223398591419,20616000
2015-06-26,39.10691833496094,39.98825010877165,38.908187145193416,39.44390074831344,49835300
2015-06-29,38.33790969848633,39.08099346080322,38.32927064603413,38.916825095489806,34081700
2015-06-30,38.14781951904297,38.640327893506296,37.966366463116934,38.63168554527215,35945400
2015-07-01,38.40703582763672,39.080993995190795,38.10461625023124,38.41567488020704,28343900
2015-07-02,38.36383056640625,38.66624682087093,38.07005336374486,38.43295286910248,21752000
2015-07-06,38.35519027709961,38.43295493186285,37.9750093516405,37.983648403907466,23034000
2015-07-07,38.27743148803711,38.44160317107866,37.430662504238185,38.311994294581716,36435800
2015-07-08,38.2255744934082,38.795847377126684,38.0441214834288,38.39838186125257,39785900
2015-07-09,38.4675178527832,39.07235369214671,38.45023645210537,38.66624901644305,32424700
2015-07-10,38.54529571533203,39.00324145389413,38.51073290213342,38.89091395904428,25465800
2015-07-13,39.348846435546875,39.41796873676587,38.83905669170841,38.8649771426543,28178300
2015-07-14,39.4179573059082,39.71173441709846,39.15010393423608,39.271070398357544,22880300
2015-07-15,39.538936614990234,39.65126406648996,39.25380175637096,39.469814311360416,26629600
2015-07-16,40.316585540771484,40.34250599417046,39.72039203996352,39.754951545798754,26271700
2015-07-17,40.28202819824219,40.4202761285904,39.97096953093604,40.22154493472051,29467100
2015-07-20,40.541236877441406,40.72268993823526,40.126493145508654,40.30794620630251,30631900
2015-07-21,40.852294921875,40.89550007141274,40.161055378442875,40.42026979521866,42781900
2015-07-22,39.348846435546875,40.54987567202481,39.05506923916386,39.262439438910754,59152400
2015-07-23,39.84137725830078,39.94506241667271,38.96868422840275,39.11557455751376,33934000
2015-07-24,39.69447326660156,40.0228133338738,39.57350674078827,39.66855280995318,32333200
2015-07-27,39.184696197509766,39.75496950250236,39.09829244975913,39.69448621985858,39701400
2015-07-28,39.176048278808594,39.43526275951297,38.700821181502064,39.383421841026674,34328900
2015-07-29,39.996883392333984,40.4202661322792,39.10690947073127,39.22787926394832,40945900
2015-07-30,40.50667953491211,40.95598609252153,39.68583107958895,39.97096596847952,39777900
2015-07-31,40.35115432739258,40.93006651309938,40.17834358822508,40.8609441950868,31201500
2015-08-03,40.44620132446289,40.61036971757957,40.135142646060096,40.59308831365822,24125900
2015-08-04,41.07695007324219,41.2238370350392,40.333866323682756,40.39434957808037,33403900
2015-08-05,41.11151123046875,41.82867120225492,41.07694843045519,41.45712934233424,26959700
2015-08-06,40.28202819824219,41.2756874636823,40.031456090548375,41.223843253767726,27368000
2015-08-07,40.38571548461914,40.42027499416827,39.970968409124,40.08329587940771,19163000
2015-08-10,40.8955192565918,41.03376723013404,40.47213298356713,40.567179083394606,23079900
2015-08-11,40.1005744934082,40.558520099969,39.659910288465404,40.454834986351344,29237400
2015-08-12,40.38571548461914,40.52396341108734,39.49574136789524,39.91048514729982,30181400
2015-08-13,40.37706756591797,40.6967652337625,40.16969735286373,40.6622057289802,22627200
2015-08-14,40.61035919189453,40.69676289301579,40.195615493550655,40.20425454522681,21473400
2015-08-17,40.886871337890625,40.99919883113018,40.23883343211752,40.446207012245054,21099700
2015-08-18,41.112998962402344,41.25215854558272,40.61724273995812,40.739006960512675,23574100
2015-08-19,40.53895950317383,40.94774217219389,40.26933639754826,40.68681508773173,31485500
2015-08-20,39.712703704833984,40.41720095944442,39.712703704833984,40.06930034332975,36238200
2015-08-21,37.46005630493164,39.55614942354346,37.46005630493164,39.399594475445795,70053100
2015-08-24,36.2511100769043,37.12955441623512,34.546404173794535,35.18132004634583,88753700
2015-08-25,35.19870376586914,37.60790620232144,35.129122331051185,37.025173298110026,70616600
2015-08-26,37.146942138671875,37.26001032548431,35.71185970317521,36.53811777914639,63408000
2015-08-27,38.18194580078125,38.225432545500404,37.33828901836075,37.5992128045016,50943200
2015-08-28,38.20802307128906,38.39936865876784,37.73835843901828,37.74705777544443,28246700
2015-08-31,37.85144805908203,38.2080447448659,37.48615203193729,37.88623878887231,34441700
2015-09-01,36.372859954833984,37.04256629198784,36.23370041190755,36.677270418165186,49688900
2015-09-02,37.7122802734375,37.7296756345575,36.42505341099021,36.84253212439263,37671500
2015-09-03,37.83406066894531,38.25153956094612,37.64271493259304,37.755783169330954,28285200
2015-09-04,37.05996322631836,37.433955135937076,36.70336667503369,37.23391349183352,37138800
2015-09-08,38.173240661621094,38.268913476163576,37.573115712889326,37.66008918911407,32469800
2015-09-09,37.46005630493164,38.616823052783694,37.320896719714405,38.451568764332706,33469500
2015-09-10,37.65140151977539,38.0862756330059,37.181736681208164,37.50354259600741,31366600
2015-09-11,37.816654205322266,37.91232704542887,37.346989345431496,37.520939662186564,27132500
2015-09-14,37.433963775634766,37.78186106913385,37.27740883232103,37.77316504687248,23656000
2015-09-15,38.251522064208984,38.521145176846545,37.46875074394235,37.56442025053073,28882200
2015-09-16,38.52985763549805,38.599439107601945,38.12977412438224,38.24284235763747,23372200
2015-09-17,38.48636245727539,39.13867368536481,38.338506838131835,38.52115318571852,32768200
2015-09-18,37.816654205322266,38.26022767893899,37.68619395612572,37.8340495687804,63143700
2015-09-21,38.36458206176758,38.67769185018317,37.921008755570455,37.938404112463,26177200
2015-09-22,38.18194580078125,38.312406034938704,37.668794250313,37.729676356485,28085900
2015-09-23,38.15584182739258,38.416765550126044,37.842732032982354,38.20802789906933,17145200
2015-09-24,38.19063186645508,38.38197747472747,37.633993716380935,37.790548610817424,27905600
2015-09-25,38.21672439575195,38.90382608452507,38.060169496592884,38.68638909322916,29384600
2015-09-28,37.65140151977539,38.34719943737896,37.581820069101944,38.121066358342624,27613800
2015-09-29,37.7818603515625,37.894928545769666,37.44265908676706,37.72097824341081,32763600
2015-09-30,38.49505615234375,38.529846878682775,37.973208528563454,38.164554205601824,34958900
2015-10-01,38.79945373535156,38.92121790857109,38.05147002234604,38.92121790857109,28657900
2015-10-02,39.63442611694336,39.63442611694336,38.19934022692262,38.503754094595045,41839000
2015-10-05,40.55636215209961,40.782495239071565,39.747496007679494,39.79098275696337,34369300
2015-10-06,40.660736083984375,41.03472814654663,40.19977051200953,40.29544336305941,27017200
2015-10-07,40.704219818115234,41.18258072003977,39.9649350894888,40.96514364481712,27711500
2015-10-08,41.26955032348633,41.33043242847531,40.44328891857394,40.49547500191845,33772700
2015-10-09,40.97383499145508,41.347826953295055,40.808580723119476,41.26954948877446,28600600
2015-10-12,40.87815475463867,40.93903684735786,40.443280767887195,40.86075939702958,19769100
2015-10-13,40.782501220703125,40.99124229283894,40.49548597907151,40.49548597907151,19987800
2015-10-14,40.599849700927734,40.9651423834977,40.46938613268054,40.57375831440884,24697800
2015-10-15,40.886863708496094,40.904259071607946,40.46938494729036,40.886863708496094,27189400
2015-10-16,41.32173538208008,41.347830084113355,40.79119176885247,40.89556062350737,26450300
2015-10-19,41.41741943359375,41.64355588406472,40.89557170113715,41.24346908349923,29387600
2015-10-20,41.54786682128906,41.58265754130442,40.895555751216584,41.26084835790085,30802200
2015-10-21,41.052120208740234,41.73922215842299,40.973842729436804,41.67833672534126,25144300
2015-10-22,41.77400207519531,42.574172088741825,40.956440018546914,41.339128005479516,56637100
2015-10-23,45.98358917236328,47.02728773873969,45.444346184902216,45.48783293395409,135227100
2015-10-26,47.1838493347168,47.244731455529,45.66178967875819,45.68788106829864,64633300
2015-10-27,46.6967658996582,47.28819476675996,46.6010964128308,46.95769293701053,50999900
2015-10-28,46.94900131225586,46.94900131225586,45.9748843843437,46.56631334860393,47000800
2015-10-29,46.40977478027344,46.81855758667869,46.2880105361085,46.56632975643601,30202100
2015-10-30,45.783538818359375,46.95770072777505,45.76614345846148,46.37496778358528,46619800
2015-11-02,46.30539321899414,46.40976206857347,45.766146974211445,45.966188651665966,30285000
2015-11-03,47.09686279296875,47.30560048718945,46.009677625243945,46.03576900756508,36596900
2015-11-04,47.314300537109375,47.73177924964656,47.01858603433397,47.12295488301179,37087800
2015-11-05,47.29689407348633,47.57521314984477,46.966388926126264,47.39256687807675,31468500
2015-11-06,47.76657485961914,47.818760951835834,46.931617291110726,47.04468549866701,32851200
2015-11-09,47.10554885864258,47.723069107118285,46.5837014155582,47.44475002842994,32513100
2015-11-10,46.540225982666016,47.0794722701059,46.3314882669951,47.02728618227509,55283700
2015-11-11,46.661991119384766,47.14035195415582,46.49673684200542,46.705477864759224,36516300
2015-11-12,46.374961853027344,46.94899538494635,46.261893687063306,46.51412139658876,35361100
2015-11-13,45.957489013671875,46.34887631607939,45.68786591249656,46.15753067538557,36848200
2015-11-16,46.76636505126953,46.870733915069216,45.96619491460165,46.166239937138386,32165200
2015-11-17,46.381103515625,46.871443408679085,46.27602781837912,46.556222997321456,31551300
2015-11-18,47.15161895751953,47.26544924538455,46.38983884067527,46.407351449592085,29710000
2015-11-19,47.230430603027344,47.86087125104908,47.090333052376856,47.274213801509255,28149200
2015-11-20,47.4493293762207,47.545647060746056,46.64376936053378,47.5018672060133,37147600
2015-11-23,47.4493293762207,47.68574460000416,47.06406197830811,47.5018672060133,28235900
2015-11-24,47.50188064575195,47.668245476881665,46.91522307793421,47.2129275104222,24600000
2015-11-25,47.01152038574219,47.48435079546405,47.01152038574219,47.36176587594843,21005100
2015-11-27,47.2216796875,47.353022612914565,47.09909473854739,47.107849374820006,9009100
2015-11-30,47.58943176269531,48.123554729328895,47.28296940816251,47.75579990388953,56241400
2015-12-01,48.351219177246094,48.35997381370335,47.545655675412526,47.64197337738942,39952800
2015-12-02,48.34245300292969,48.99916085211337,48.21111343720626,48.438770688573506,47274900
2015-12-03,47.45810317993164,48.83281178621595,47.22168787729684,48.58764184579019,38627800
2015-12-04,48.955379486083984,49.235574559206945,47.37052338982885,47.38803599942263,43963700
2015-12-07,48.867820739746094,49.00791827906391,48.41250290191601,48.850308129807765,30709800
2015-12-08,48.850318908691406,49.12175607215641,48.14983105753884,48.57012376823038,32878000
2015-12-09,48.14106750488281,48.92036035779481,47.72952947866175,48.482555084007025,36373200
2015-12-10,48.39500427246094,48.7364919144362,48.167343617684246,48.50007662225568,31775800
2015-12-11,47.335506439208984,48.246138851575566,47.291723240571635,47.904651279414466,39549500
2015-12-14,48.281158447265625,48.34245090998739,47.00276802451345,47.5719161385741,46768900
2015-12-15,48.333709716796875,48.94663785465602,48.23739200853748,48.73648982389102,39843000
2015-12-16,49.148014068603516,49.25308638430386,47.94842538195217,48.63140378447616,37503300
2015-12-17,48.77150344848633,49.72591898659458,48.622647932904535,49.349406220356265,41280900
2015-12-18,47.39680099487305,49.03419182225611,47.30923793393404,48.832801792380266,84684200
2015-12-21,48.00971984863281,48.46503431739338,47.48435160437365,48.05349970060726,37246300
2015-12-22,48.465049743652344,48.57888006716859,47.72078200262308,48.149832704990665,28322200
2015-12-23,48.8765754699707,48.92911329988818,48.54384256087099,48.77150315032457,27279800
2015-12-24,48.745235443115234,48.99916329242465,48.53509079141635,48.911603577581616,9558500
2015-12-28,48.99040603637695,48.99040603637695,48.14106281903951,48.46503775485519,22458300
2015-12-29,49.51578140258789,49.77846392855861,49.08673405621328,49.28812410413048,27731400
2015-12-30,49.30563735961914,49.717172097593384,49.288124745634555,49.445734931306255,21704500
2015-12-31,48.57887268066406,49.2005553665431,48.52633484544742,49.069215788785236,27334100
2016-01-04,47.98345184326172,47.98345184326172,46.74884124619532,47.563159229386855,53778000
2016-01-05,48.20235824584961,48.500065954947125,47.755798352297866,48.09728591916491,34079700
2016-01-06,47.326759338378906,47.63322509831605,46.96775907230785,47.56317463655104,39518900
2016-01-07,45.68059539794922,46.83640426048848,45.59303568936067,46.144671205997106,56564900
2016-01-08,45.820701599121094,46.65252894791451,45.66309143320064,45.85572348251184,48754000
2016-01-11,45.79445266723633,46.27603802853663,45.05893932518452,45.97833016770159,36943800
2016-01-12,46.214717864990234,46.49491293803342,45.584280620737445,46.19720525540144,36095500
2016-01-13,45.216529846191406,47.34426382419103,44.91882211519012,47.107848566614486,66883600
2016-01-14,46.503658294677734,46.77509531918077,45.15521778392361,45.5317304374483,52381900
2016-01-15,44.64738082885742,45.50547871734619,44.07823266823852,44.92757592141747,71820700
2016-01-19,44.2708625793457,45.251545282188296,43.833057383767404,45.076422535919264,43564500
2016-01-20,44.47225570678711,44.98886600763297,42.99247190358706,43.76301003743265,63273000
2016-01-21,44.20082092285156,45.16399454851902,44.0432107539276,44.65613881749976,40191200
2016-01-22,45.78568649291992,45.82071172423945,44.88380515748651,45.015148104839795,37555800
2016-01-25,45.347862243652344,46.10088770258774,45.22527732525607,45.47920179613899,34707700
2016-01-26,45.68059539794922,45.91701061936483,45.13771785628491,45.34786583316171,28900800
2016-01-27,44.84877014160156,45.7068680166728,44.67364737644257,45.540499886686746,36775200
2016-01-28,45.58428192138672,45.715621486767034,44.8750362436532,45.40915916069079,62513800
2016-01-29,48.23738479614258,48.23738479614258,47.282969173659296,47.92216446722125,83611700
2016-02-01,47.90464782714844,48.23738073971701,47.72077043080351,48.053503343372086,44208500
2016-02-02,46.4073600769043,47.51062792225687,46.10089771435893,47.43182283757531,56313800
2016-02-03,45.67183303833008,46.74883330471384,44.88378243356722,46.62624839734811,57559800
2016-02-04,45.53175354003906,46.24099936495791,44.98011789843552,45.61931326846333,46987100
2016-02-05,43.92062759399414,45.53175123276095,43.39526256969188,45.47921339425498,62009000
2016-02-08,43.263912200927734,43.404009739320294,42.19566638306645,43.38649712949763,59290500
2016-02-09,43.150081634521484,43.990670199754206,42.615958728965815,42.92242438864287,46740500
2016-02-10,43.52660369873047,44.12201919548205,43.360238881181154,43.68421387964644,38237000
2016-02-11,43.50908660888672,43.87684477325074,42.47586590260138,42.62472143156917,48878600
2016-02-12,44.21832275390625,44.37593288440257,43.561614990234375,43.999420166015625,34243300
2016-02-16,45.05613708496094,45.05613708496094,44.209516411203786,44.88857779458343,37291200
2016-02-17,46.22905349731445,46.537719561777465,45.3736154290036,45.408892127371566,40789000
2016-02-18,46.02622604370117,46.69646998001616,45.94685513977365,46.149694510833115,27176000
2016-02-19,45.69992446899414,46.10559647864308,45.44417340736566,45.83221042891831,33559100
2016-02-22,46.43190002441406,46.74056277252624,46.1055955602136,46.1055955602136,25008300
2016-02-23,45.13549041748047,46.18494667563541,44.959110338048745,46.15849084118022,28895300
2016-02-24,45.29425048828125,45.41771558461275,44.27124965045684,44.703377487617075,33014500
2016-02-25,45.946868896484375,45.946868896484375,44.63284320535761,45.620567688940326,26939500
2016-02-26,45.241329193115234,46.45834836539523,45.06494906661259,46.387794969125736,35975900
2016-02-29,44.87093734741211,45.54999869907242,44.67691885717449,45.28542680723154,31654000
2016-03-01,46.37016677856445,46.378984272304564,44.90621386900832,44.95031143022364,33024500
2016-03-02,46.69646453857422,46.70528203168457,45.99976483685894,46.22023917050266,29289900
2016-03-03,46.16733169555664,46.71411055492487,45.6646504014908,46.71411055492487,24427800
2016-03-04,45.88511657714844,46.25551520167698,45.6029097033035,46.21142100842083,33034200
2016-03-07,45.00321960449219,45.68228095125351,44.6063684979366,45.470627476313375,38407800
2016-03-08,45.55000305175781,45.97331340931419,44.62400807017084,44.800388226862246,33835100
2016-03-09,46.59946060180664,46.60827809592143,45.735201519173124,45.76165736568922,28251600
2016-03-10,45.90275955200195,46.6876477092216,45.1178713947823,46.67883021535053,38387800
2016-03-11,46.80229187011719,46.80229187011719,46.19378391264751,46.740559325048004,32275700
2016-03-14,46.890480041503906,47.26087867437215,46.414258033775276,46.48480807173932,24083600
2016-03-15,47.260887145996094,47.260887145996094,46.511275616880134,46.520093111641934,21104800
2016-03-16,47.931121826171875,48.15159617378844,47.093321996566196,47.13741619325519,31691700
2016-03-17,48.20450973510742,48.50435497314463,47.622457609996545,47.80765524885649,28223900
2016-03-18,47.17268371582031,48.477891195998396,47.13740701966582,48.43379364371983,67625500
2016-03-21,47.49898147583008,47.56071400776641,46.678816849623765,46.96102367109576,23925700
2016-03-22,47.68418884277344,47.8429306329011,47.14623092780427,47.27851687430112,23124100
2016-03-23,47.596004486083984,47.83411719144436,47.393168484666994,47.71946958571419,20129000
2016-03-24,47.80766296386719,47.91349308672685,47.38435256494453,47.48136182881322,19950000
2016-03-28,47.216793060302734,47.8782161867442,47.031595392300396,47.80766277178789,17025100
2016-03-29,48.24860382080078,48.380889770641,47.13741462599447,47.32261226443361,23924300
2016-03-30,48.548439025878906,49.0687584959996,48.416156467545626,48.44261230637813,23008300
2016-03-31,48.70718765258789,49.02467122001089,48.380886592368135,48.46025748422388,26360500
2016-04-01,49.00703048706055,49.04230718487455,48.125133226736736,48.548443507991635,24399200
2016-04-04,48.88356399536133,49.08639995567005,48.504347915253845,48.88356399536133,18928800
2016-04-05,48.1163215637207,48.76892373148809,48.02812980850114,48.67191448283231,19272300
2016-04-06,48.61018753051758,48.6807409428128,47.807660968604736,47.93994693457233,21188700
2016-04-07,48.028133392333984,48.424987910006394,47.82529738645069,48.38971120528624,19225100
2016-04-08,47.99285125732422,48.75128350213387,47.90466286967389,48.21332559062138,22167200
2016-04-11,47.89584732055664,48.636641245069036,47.88702646293078,48.05458911610726,21414200
2016-04-12,48.19568634033203,48.31033056130008,47.41079495733319,47.94875282125005,24944300
2016-04-13,48.81301498413086,48.89238587695755,48.4073430270928,48.61017900561183,20818000
2016-04-14,48.82183837890625,49.0158568746055,48.56608733715204,48.69837328679634,20877100
2016-04-15,49.07759475708008,49.31570410965616,48.60136932358429,48.76892862907126,28793800
2016-04-18,49.791927337646484,49.90657494378132,48.689555566812096,48.93648913111573,23786000
2016-04-19,49.73018264770508,50.065304526198354,49.10403644212434,49.941839456272106,29596800
2016-04-20,49.02467346191406,49.82719990996793,48.936485073228695,49.64200227522582,36195700
2016-04-21,49.19223403930664,49.58908852716655,48.87475044901872,49.209872390341694,38909100
2016-04-22,45.66464614868164,46.23788080250769,44.77393125778024,45.77929375228117,126834100
2016-04-25,45.9556770324707,45.97331538531513,45.53236665671982,45.66464925679533,33226900
2016-04-26,45.36481475830078,46.16734150033101,45.05615192066324,46.08797057577099,33532600
2016-04-27,44.923851013183594,45.41771475364536,44.579911575646726,45.40007640246764,43369300
2016-04-28,44.006683349609375,44.77393317604667,43.706838087159944,44.64164721513567,43134800
2016-04-29,43.980220794677734,44.31534273644373,43.52163375967466,43.52163375967466,48411700
2016-05-02,44.632816314697266,44.7562813802375,43.90084004875055,44.09485850269705,33114500
2016-05-03,43.900848388671875,44.45644465332126,43.742106598772054,44.394712108823704,26460200
2016-05-04,43.980220794677734,44.147783447646475,43.61864300840993,43.95376495017592,24257600
2016-05-05,44.041969299316406,44.35945300506002,43.85677159235686,43.98023673032989,25390700
2016-05-06,44.43880844116211,44.43880844116211,43.79502375744488,44.024315596015754,24787300
2016-05-09,44.1566047668457,44.61519184158106,44.09487221487861,44.52700344282,17951600
2016-05-10,44.99440383911133,45.06495387874321,44.26242741342328,44.38589587007912,22891000
2016-05-11,45.0208625793457,45.66464729168999,44.97676838121806,45.09141598768727,24039100
2016-05-12,45.426536560058594,45.69110848867208,44.90621692551553,45.15315050127666,24102800
2016-05-13,45.04731750488281,45.77047305074257,45.012040804067375,45.36479771970772,22592300
2016-05-16,45.708744049072266,45.82338828935096,44.756293238263495,44.80038743561465,20032000
2016-05-17,44.8561897277832,45.93963078980075,44.722981927049055,45.930751624832304,27803500
2016-05-18,45.12261199951172,45.41567187060497,44.669696670047735,44.82954874071723,24907500
2016-05-19,44.687461853027344,44.953880862236105,44.243429041778896,44.82067305148247,23842400
2016-05-20,44.95388412475586,45.48672556954576,44.75851197726447,44.829555470615404,23905800
2016-05-23,44.42992401123047,45.00716804694159,44.38552140564538,44.93612116784412,26118700
2016-05-24,45.815311431884766,45.92187837159272,44.758514426167906,45.02493346928875,34757900
2016-05-25,46.28597640991211,46.614563108892675,45.99291653436608,46.10836261894718,24040200
2016-05-26,46.08172607421875,46.16165211829229,45.611052363397675,46.11724951329624,24335200
2016-05-27,46.463592529296875,46.463592529296875,45.97515712044244,46.108364929565575,17721400
2016-05-31,47.06747817993164,47.06747817993164,46.250459430074834,46.410308126076,37653100
2016-06-01,46.93427276611328,47.02308137228447,46.57016595006621,46.57016595006621,25324800
2016-06-02,46.605690002441406,46.83658899380625,46.03732846631561,46.747780386472854,22840800
2016-06-03,45.992919921875,46.55239883122498,45.82418528356495,46.516878780576874,23368300
2016-06-06,46.294857025146484,46.490229138099956,46.081719807368614,46.17052839298488,18243300
2016-06-07,46.268211364746094,46.82769358035595,46.268211364746094,46.392543380871324,20866800
2016-06-08,46.214927673339844,46.570151827193484,46.06395478248385,46.197165957492025,21149400
2016-06-09,45.841949462890625,46.179415369919596,45.726503363611066,46.179415369919596,20305700
2016-06-10,45.71761703491211,46.22381415980933,45.3268693874638,45.335748552943826,25833200
2016-06-13,44.52761459350586,45.04269433644784,43.568505378916555,44.03029995916395,83217800
2016-06-14,44.2523193359375,44.492094114776854,44.02142033658554,44.31448366937023,42577100
2016-06-15,44.127986907958984,44.50985546021562,44.127986907958984,44.20791296279647,33757600
2016-06-16,44.74962615966797,44.820673035539166,43.968127463592275,43.977010016926926,31188600
2016-06-17,44.51873779296875,44.78515684519741,44.24343618596797,44.76739512335523,45710500
2016-06-20,44.4654426574707,45.140374385333374,44.42991922175134,44.97163975951706,35607900
2016-06-21,45.460086822509766,45.673224103880116,44.54538013780429,44.580903582649704,34097800
2016-06-22,45.282466888427734,45.699855420974,45.24694345102336,45.36239292873684,28816800
2016-06-23,46.099491119384766,46.23270233168442,45.42456266673107,45.5400087705088,29028800
2016-06-24,44.2523193359375,45.238069503671774,43.97701772523389,44.23455761385642,133503000
2016-06-27,43.0090217590332,43.64843014170137,42.66267668098854,43.6040241469147,50216300
2016-06-28,43.90597152709961,43.932615804491114,43.2221604608881,43.44417690883851,38140700
2016-06-29,44.88282775878906,45.0426798076095,44.22565784833827,44.323345587917515,31304000
2016-06-30,45.44233703613281,45.55778656835373,44.847334423346275,45.04271003361197,28527800
2016-07-01,45.43343734741211,45.93075531816596,45.353511305464195,45.40679646266331,21400400
2016-07-05,45.44233703613281,45.540024841265655,45.06047176070003,45.14039783874481,24806400
2016-07-06,45.628814697265625,45.77090506778701,44.74962820061964,45.09597326703417,28167500
2016-07-07,45.628814697265625,45.83306939315877,45.353513122260956,45.66433474911973,19585200
2016-07-08,46.44584274291992,46.49912791287952,45.7797933630854,45.93964548526187,28391000
2016-07-11,46.703372955322266,46.916510203217605,46.596806025225405,46.623446910824214,22269200
2016-07-12,47.25398254394531,47.42271722171263,46.88099651715881,47.01420436056728,27317600
2016-07-13,47.52039337158203,47.83121839433127,47.22733345678035,47.56479936604745,25356800
2016-07-14,47.72465515136719,47.94667159005707,47.58256476611374,47.81346037176234,24545500
2016-07-15,47.68913269042969,47.95555174480486,47.25397897104533,47.911149133692675,32024400
2016-07-18,47.920021057128906,48.257486948433076,47.55591428072495,47.689125481627045,31433900
2016-07-19,47.147403717041016,47.866738086002165,47.005313353904405,47.69800345073268,53336500
2016-07-20,49.65175247192383,50.477653832636115,49.314286561986115,49.864889727595475,89893300
2016-07-21,49.55405807495117,49.93592654065493,49.518534639141215,49.71391014839467,32776700
2016-07-22,50.23787307739258,50.29115823546443,49.536300407436954,49.802722810094636,32157200
2016-07-25,50.37996292114258,50.388845474579725,49.962570989836706,50.149067347299855,25610600
2016-07-26,50.406612396240234,50.877289565276186,50.18459595029754,50.193478505248436,28079000
2016-07-27,49.90039825439453,50.44211874088513,49.82935477738153,50.27338751874091,32327500
2016-07-28,49.918182373046875,50.060272778541716,49.483031988338766,49.73168935102912,37550400
2016-07-29,50.33556365966797,50.40660715337519,49.77608132552837,49.962574307674316,30558700
2016-08-01,50.24675750732422,50.39772704594654,49.85600644227502,50.264515839643096,26003400
2016-08-02,50.24675750732422,50.53093825224999,50.00697936859904,50.4865322583477,35122000
2016-08-03,50.593101501464844,50.717430151260494,50.16683039315049,50.33556164820149,22075600
2016-08-04,50.966087341308594,51.08153682488569,50.326678986360555,50.44212846993764,26587700
2016-08-05,51.47228240966797,51.69429881418279,51.01937043504638,51.19698423619854,29335200
2016-08-08,51.56108856201172,51.58772944522723,51.312427897095404,51.56108856201172,19473500
2016-08-09,51.6854248046875,51.95184383914274,51.525572706473994,51.6587805298507,16920700
2016-08-10,51.52558517456055,51.79200427348349,51.34797131271103,51.64991386154441,15756900
2016-08-11,51.77422332763672,51.907434521495595,51.53444521131156,51.53444521131156,18162300
2016-08-12,51.45452880859375,51.676545248135376,51.170348036996636,51.534454862336815,21655200
2016-08-15,51.61438751220703,51.95185349199377,51.47229710824985,51.51669972429226,19283900
2016-08-16,51.328433990478516,51.48928242368487,51.17652347512634,51.480347914647574,20523500
2016-08-17,51.435665130615234,51.54289627601476,51.14077521974572,51.417792704912536,18856400
2016-08-18,51.47140121459961,51.560763333809746,51.176514743246905,51.31055280883766,14214300
2016-08-19,51.489261627197266,51.58755823098996,51.1139510405148,51.31947875352884,17271000
2016-08-22,51.53395462036133,51.605444317986084,51.167578442075474,51.471402839347874,15221900
2016-08-23,51.73054885864258,51.98969390421017,51.694804009153984,51.73948677542296,18732400
2016-08-24,51.78416442871094,51.864588633005354,51.57863666413994,51.65012295194812,18151500
2016-08-25,51.98074722290039,52.08798175328524,51.632243521189366,51.72160562984341,18552600
2016-08-26,51.85564422607422,52.45435842951013,51.55181987108046,52.079044386839755,20971200
2016-08-29,51.9182014465332,52.36500181495024,51.9182014465332,51.98969114171175,16417200
2016-08-30,51.73054885864258,51.998628412174085,51.48034172985537,51.810973065583674,16930200
2016-08-31,51.34629821777344,51.65012260877632,51.20332223429069,51.51608454172043,20860300
2016-09-01,51.46245193481445,51.66797963677669,50.94416201861943,50.94416201861943,26075400
2016-09-02,51.53395462036133,51.99862742847303,51.310554428508574,51.53395462036133,18900500
2016-09-06,51.480342864990234,51.650125790580034,51.1229011798557,51.632253365441656,16278400
2016-09-07,51.52500915527344,51.68585753190676,51.30160901092889,51.35522627274523,17493400
2016-09-08,51.31949234008789,51.64118916173494,51.09609214825704,51.498213175315854,20146100
2016-09-09,50.229286193847656,51.39990414376939,50.229286193847656,50.74757615007449,35113900
2016-09-12,50.97991943359375,51.122895409746924,49.69313564821517,50.04163937703753,29303000
2016-09-13,50.515235900878906,50.622470416768635,50.0863080637663,50.48842897631419,30130200
2016-09-14,50.27397918701172,50.6046139352478,50.06845141338245,50.390148244738356,24062500
2016-09-15,51.10502243041992,51.247998405017,50.02376640947846,50.17568029994693,26847000
2016-09-16,51.158634185791016,51.49820336716948,50.711833887225154,51.49820336716948,44607000
2016-09-19,50.8726806640625,51.60543285791113,50.801190982313535,51.1765049938643,20937100
2016-09-20,50.765445709228516,51.24798738926126,50.711828451973595,51.24798738926126,17384000
2016-09-21,51.614383697509766,51.69480791052042,51.00673825442751,51.390983484570924,33707300
2016-09-22,51.66799545288086,51.82884386170871,51.49821253636984,51.757354164977954,19822200
2016-09-23,51.31949234008789,51.748420299345156,51.274812983485006,51.71267545053628,19955300
2016-09-26,50.84587478637695,51.06033701841527,50.78332301796446,51.00672316481354,21688700
2016-09-27,51.78416442871094,51.882461057161485,50.649291060919175,50.8726912496463,28065100
2016-09-28,51.85564422607422,51.882454563360916,51.5339474491613,51.72160617490446,20536400
2016-09-29,51.292686462402344,51.98075606762877,51.122900131477806,51.659062648184516,25463500
2016-09-30,51.47140121459961,51.623315112848694,51.23906652228585,51.44459428324472,29910800
2016-10-03,51.310543060302734,51.426712088796705,50.98884971871394,51.301608554487345,19189500
2016-10-04,51.14970397949219,51.47139735809686,50.90843138892665,51.176510908838566,20085900
2016-10-05,51.50714111328125,51.79309304964574,51.16757191054243,51.19438224813758,16726400
2016-10-06,51.59650421142578,51.7037353374108,51.185445312320475,51.59650421142578,16212600
2016-10-07,51.65011215209961,51.81096052705564,51.310542981768464,51.69479149873948,20089000
2016-10-10,51.864585876464844,52.177344760533515,51.712671983619934,51.748416830032404,18196500
2016-10-11,51.10502243041992,51.84671264220338,50.8369429041524,51.73054359758821,26497400
2016-10-12,51.033538818359375,51.17651480043908,50.39908311093171,51.033538818359375,22177500
2016-10-13,50.86375427246094,51.203323520065574,50.32759517314113,50.66716442074576,25313700
2016-10-14,51.310543060302734,51.596498378629974,51.042463571237576,51.042463571237576,27402500
2016-10-17,51.131832122802734,51.346294377579035,50.819069838764506,51.25693567289159,23830000
2016-10-18,51.52500915527344,51.784154140828875,51.30160901092889,51.40884012574588,19149500
2016-10-19,51.408851623535156,51.68586909165207,51.292685976842385,51.35523775854355,22878400
2016-10-20,51.158634185791016,51.39990675607447,50.63140969713067,51.382034335073946,49455600
2016-10-21,53.31221008300781,54.01815535424618,53.16029962173194,53.866241484154635,80032200
2016-10-24,54.5096435546875,54.5096435546875,53.553491063400735,53.56242557066172,54067000
2016-10-25,54.50071334838867,54.84027919216236,54.330927017685354,54.37560637514858,35137200
2016-10-26,54.179019927978516,54.688372134489754,54.036043929814255,54.3398683520154,29911600
2016-10-27,53.70539474487305,54.3577261832188,53.69646023874393,54.161132960220584,28479900
2016-10-28,53.499874114990234,54.08071594611565,53.240732497069494,53.624977670293255,33574700
2016-10-31,53.5445556640625,53.99135604206896,53.5445556640625,53.7590213453848,26434700
2016-11-01,53.43731689453125,53.63391012359288,52.94583723069306,53.58923077393775,24533000
2016-11-02,53.106689453125,53.55348979958655,52.99052040857649,53.45519317795443,22147000
2016-11-03,52.91010284423828,53.294351463081284,52.82074412726776,53.19605482912379,21600400
2016-11-04,52.463294982910156,52.9726470966226,52.29351208127803,52.40968112387689,28697000
2016-11-07,53.99134826660156,54.080710374623344,53.41944441052562,53.41944441052562,31664800
2016-11-08,54.036033630371094,54.313047656555206,53.75008168854593,54.10751991141937,22935400
2016-11-09,53.767940521240234,54.14325450433011,52.901150353066384,53.61603007226687,49632500
2016-11-10,52.4543571472168,54.05390307731151,51.49820475521959,54.04496516216246,57822400
2016-11-11,52.74031066894531,52.829669370244225,51.83777210527293,52.03436533870968,38767800
2016-11-14,51.93608474731445,52.79394422503726,51.18545983481762,52.74032694242427,41328400
2016-11-15,52.9616584777832,53.51943619674933,52.46685854089268,52.47585683769406,35904100
2016-11-16,53.66336441040039,53.672359273069354,52.907668967986034,53.02461934190167,27332500
2016-11-17,54.55400848388672,54.832897298509984,53.95125310524681,54.3470923047188,32132700
2016-11-18,54.29310607910156,55.003820322577575,54.248124903455526,54.679950366976165,27686300
2016-11-21,54.75193786621094,54.85089853861996,54.35609517657484,54.428067822634006,19652600
2016-11-22,54.985836029052734,55.11178471390065,54.70695063598787,54.85988734420483,23206700
2016-11-23,54.338104248046875,54.967847727947316,54.203157255585594,54.88688021883946,21848900
2016-11-25,54.45505905151367,54.45505905151367,54.09520609558867,54.24814282969171,8409600
2016-11-28,54.52703094482422,54.89588219283749,54.167174562050135,54.28412840122843,20732600
2016-11-29,54.95885467529297,55.246738398980234,54.44606157798474,54.56301541318416,22366700
2016-11-30,54.212158203125,55.039826548190284,54.17617530869648,54.75194280169235,34655400
2016-12-01,53.258548736572266,54.113205177125316,53.02464102938331,54.07721884804313,34542100
2016-12-02,53.303504943847656,53.50142622917089,52.89866751106996,53.150568264711424,25515700
2016-12-05,54.176170349121094,54.509035257066174,53.58240974734449,53.708358445926706,23552700
2016-12-06,53.93326187133789,54.39207542728695,53.798314890964726,54.36508740395002,19907000
2016-12-07,55.21075439453125,55.21975269168706,53.79832374341397,53.98724680154803,30809000
2016-12-08,54.88686752319336,55.39966391682674,54.73393083683398,55.147763151288075,21220800
2016-12-09,55.75053405761719,55.76852721849757,54.99483845986384,55.03981964614253,27349400
2016-12-12,55.930450439453125,56.04740425176523,55.52561639163523,55.61557875074054,20198100
2016-12-13,56.6591682434082,57.05500750029569,55.9934384281045,56.227342663573324,35718900
2016-12-14,56.3892822265625,57.08200355579058,56.25433522056348,56.677165969638466,30352700
2016-12-15,56.29930877685547,56.81210180789846,56.04740797729726,56.407264301326556,27669900
2016-12-16,56.04742431640625,56.63219015546544,55.885489266569714,56.63219015546544,42453100
2016-12-19,57.23493957519531,57.36988657950222,56.15537383627472,56.28132597515544,34338200
2016-12-20,57.162967681884766,57.39687192231601,56.70415063418292,57.297911248033465,26028400
2016-12-21,57.162967681884766,57.30690954488354,56.78511814661003,57.06400700760222,17096300
2016-12-22,57.171958923339844,57.6667588315475,57.046010230179114,57.432854605941074,22176600
2016-12-23,56.8930778503418,57.16296841795923,56.49723514811445,57.082000904489526,12403800
2016-12-27,56.9290657043457,57.639780225428524,56.86609134747457,56.86609134747457,11763200
2016-12-28,56.66815948486328,57.03701066954044,56.524217642839126,57.03701066954044,14653300
2016-12-29,56.58719253540039,56.85708306284392,56.434252396347695,56.551206216582784,10250600
2016-12-30,55.903465270996094,56.66815908979166,55.80450461182362,56.6411676352074,25579900
2017-01-03,56.29930877685547,56.53321298518354,55.894471270283574,56.48823180264094,20694100
2017-01-04,56.04742431640625,56.452261940997595,55.885489266569714,56.209359366242786,21340000
2017-01-05,56.04742431640625,56.37129441607932,55.80452174165144,55.94846362685667,24876000
2017-01-06,56.53321838378906,56.8121072331363,55.81350909884652,56.04741332951113,19922900
2017-01-09,56.35328674316406,56.74912939945177,56.26332437501378,56.46124227131327,20382700
2017-01-10,56.33529281616211,56.74013033101525,56.029415964033554,56.43425347888669,18593000
2017-01-11,56.84807586669922,56.88406217988256,56.16435307543424,56.32628805291558,21517300
2017-01-12,56.3263053894043,57.03701985022711,55.73254476650233,56.73114295771126,20968200
2017-01-13,56.40727233886719,56.560209067673014,56.09239715251354,56.33529969106816,19422300
2017-01-17,56.25433349609375,56.40727366032726,55.80451473234607,56.38928049795597,20664000
2017-01-18,56.227333068847656,56.40726122103678,55.88546992287272,56.38026976750977,19670100
2017-01-19,56.04742431640625,56.65917818648978,55.95746192509495,55.99344825435757,18451700
2017-01-20,56.443260192871094,56.515229410776385,56.110391835544064,56.38028240841733,30213500
2017-01-23,56.641178131103516,56.785119998797306,56.29032004309019,56.407273883042905,23097600
2017-01-24,57.14497375488281,57.34289510079782,56.623182363595866,56.857090032739904,24672900
2017-01-25,57.28892135620117,57.6667674924315,57.08200512466861,57.531823914568534,23672700
2017-01-26,57.819705963134766,58.06261196061261,57.171969219959294,57.68476581308067,43554600
2017-01-27,59.17816162109375,59.29511890460514,58.37748468736497,58.82730349794026,44818000
2017-01-30,58.5933952331543,59.18715935199547,58.29652003742399,59.09719696348052,31651400
2017-01-31,58.161563873291016,58.61138260879413,57.81070580869372,58.35048691855962,25270500
2017-02-01,57.19895553588867,58.13457938633462,57.099994858958546,57.90067170780073,39671500
2017-02-02,56.83009719848633,57.04601170078836,56.452251109263514,56.90206984320187,45827000
2017-02-03,57.28892135620117,57.30691451961857,56.74014188342807,57.12698631728961,30301800
2017-02-06,57.25292205810547,57.26192035369802,56.80310337011678,57.12697337456372,19796400
2017-02-07,57.06399917602539,57.37887088567012,56.88407101400944,57.34288799874233,20277200
2017-02-08,56.9830436706543,57.40587442562853,56.87508812345586,57.18995989938669,18096400
2017-02-09,57.63078689575195,57.97265360282888,56.96505694234061,57.14498516255961,22644400
2017-02-10,57.57680130004883,57.84669530161864,57.55880813782119,57.801710680127144,18170700
2017-02-13,58.22453689575195,58.35048558972943,57.6937472308277,57.792707899479865,22920100
2017-02-14,58.44175720214844,58.577522306636574,57.94395412079196,58.296946154581136,23108400
2017-02-15,58.405555725097656,58.44176021518106,58.070676276101885,58.378404083860204,17005200
2017-02-16,58.3964958190918,59.04816275123894,58.32409375297512,58.59561703783671,20546300
2017-02-17,58.48702621459961,58.550382355301956,58.19739715634585,58.351261083008474,21248800
2017-02-21,58.369354248046875,58.78569554754699,58.33314975609459,58.47796772390373,20655900
2017-02-22,58.25168991088867,58.27884155123569,57.97111375356913,58.22453827054164,19292700
2017-02-23,58.48702621459961,58.58658685074635,58.09783652019911,58.306003737377615,20273100
2017-02-24,58.48702621459961,58.64994299144869,58.05257917456825,58.405564373524356,21796800
2017-02-27,58.134037017822266,58.414613206594616,57.97112025217681,58.414613206594616,15871500
2017-02-28,57.90776062011719,58.10687842591873,57.708639361665156,57.9982718524365,23239800
2017-03-01,58.77663803100586,58.82188845806129,57.943948690653,58.04350929759411,26937500
2017-03-02,57.93490219116211,58.604667890715035,57.81723934294077,58.55036461665109,24539600
2017-03-03,58.15213394165039,58.17928558416803,57.581925280227516,57.91681165031338,18135900
2017-03-06,58.17023849487305,58.432715907368404,57.75390060865916,57.898715137509924,18750300
2017-03-07,58.28789138793945,58.63182365673049,58.09782301003126,58.09782301003126,18521000
2017-03-08,58.8218879699707,58.903349786473576,58.15212226953305,58.16117511698879,21510900
2017-03-09,58.58658981323242,59.011977119285994,58.360316884239296,59.00293117394355,19846800
2017-03-10,58.76758575439453,59.06626757811951,58.60466902375358,58.930502485035476,19538200
2017-03-13,58.56847381591797,59.002920801544086,58.44176155038131,58.84000404509686,20100000
2017-03-14,58.29696273803711,58.423675030191255,58.06163695033568,58.40556932828237,14280200
2017-03-15,58.60466766357422,58.75853154302528,58.1521219673304,58.42365214719642,24833800
2017-03-16,58.50511169433594,58.61372515594951,58.19738391104729,58.604672307823414,20674300
2017-03-17,58.71330261230469,59.04818213073741,58.541332975075875,58.749507109895056,49219700
2017-03-20,58.76758575439453,58.9938586077681,58.57751738619667,58.749486964456416,14598100
2017-03-21,58.11592102050781,59.283489816522625,58.04351204742944,59.002913677468584,26640500
2017-03-22,58.85810089111328,58.957661511499104,58.03447119236731,58.03447119236731,20680000
2017-03-23,58.71330261230469,59.04818213073741,58.622787915677826,58.77665875676238,19269200
2017-03-24,58.8128547668457,59.23824201521418,58.61373351148551,59.156787086367295,22617100
2017-03-27,58.921451568603516,59.03006502769051,58.24263298623412,58.49605748547074,18614700
2017-03-28,59.09342575073242,59.256342499390094,58.51416773446075,58.794743893976644,20080400
2017-03-29,59.256343841552734,59.28349548272729,58.78569237685904,58.93956318568221,13618400
2017-03-30,59.47355651855469,59.717935069493535,59.15677590187427,59.211079177505326,15122800
2017-03-31,59.60934066772461,59.90802258977154,59.23824975149022,59.41927223695886,21040300
2017-04-03,59.328739166259766,59.68172423088566,59.00290573655912,59.56405793914449,20400900
2017-04-04,59.491676330566406,59.56407841348804,59.08438095078893,59.18394158327001,12997400
2017-04-05,59.33780288696289,60.05282607719693,59.229196314720326,60.007575640529495,21448600
2017-04-06,59.491676330566406,59.79035132270847,59.26540342134599,59.37400999837903,18103500
2017-04-07,59.4463996887207,59.69982415993107,59.22917969986881,59.600263559770006,14108500
2017-04-10,59.310638427734375,59.57311576277117,59.15677454677123,59.38304739711681,17952700
2017-04-11,59.265411376953125,59.38307081963356,58.69519914978135,59.374017968565184,18791500
2017-04-12,59.03913497924805,59.29255955190179,58.93052148869572,59.21109770766211,17108500
2017-04-13,58.78569412231445,59.6093307573335,58.78569412231445,59.0934288437976,17896500
2017-04-17,59.265411376953125,59.274457322719385,58.84001714566692,58.86716879356994,16689300
2017-04-18,59.183929443359375,59.47355843154027,58.97576227654486,59.129626165981634,15155600
2017-04-19,58.86714553833008,59.5097596042803,58.731380447146364,59.41925184525762,26992800
2017-04-20,59.28350067138672,59.50977357471262,58.957667138173335,59.24729617821845,22299500
2017-04-21,60.09807586669922,60.36959916848445,59.23823481446262,59.437356045618465,32522600
2017-04-24,61.120819091796875,61.238485389250876,60.73162952660879,61.07556866649077,29770000
2017-04-25,61.47380065917969,61.582414103243515,61.184171713641575,61.45570187115176,30242700
2017-04-26,61.39235305786133,61.82679307519672,61.20228468711465,61.61862591426922,26190800
2017-04-27,61.79060363769531,61.89016427118523,61.1660950975237,61.68199705956177,34971000
2017-04-28,61.96257781982422,62.578040460642676,61.26566023941153,62.36987323370068,39548800
2017-05-01,62.82241439819336,62.949126676077725,61.99877768664371,62.16169445896665,31954400
2017-05-02,62.72284698486328,63.093930928469575,62.56897617380653,63.093930928469575,23906100
2017-05-03,62.52372741699219,62.79525074526394,62.18884104962626,62.79525074526394,28928000
2017-05-04,62.27934646606445,62.52372504808073,62.12548256201001,62.47846770909981,21749400
2017-05-05,62.45130920410156,62.47846084238583,61.989710637369946,62.36080144138743,19128800
2017-05-08,62.39700698852539,62.496567600793746,61.926355565929555,62.424158627271346,18566100
2017-05-09,62.487510681152344,62.70473068226592,62.16167722683231,62.32459395399233,22858400
2017-05-10,62.73188400268555,62.95815685729665,62.378898901916195,62.44225502499532,17977800
2017-05-11,61.96257781982422,62.20695644921045,61.654849952065874,61.87207002961893,28789400
2017-05-12,61.89015197753906,62.09832605311279,61.58242419355168,62.09832605311279,18714100
2017-05-15,61.93540573120117,61.980663064017286,61.15702656280044,61.67292839252655,31530300
2017-05-16,63.18252182006836,63.209829101836085,62.04467211385664,62.108391419609156,34956000
2017-05-17,61.425655364990234,62.90030350978914,61.380138618225615,62.709145674162635,30548800
2017-05-18,61.635013580322266,62.017329238226196,61.11615463177257,61.35282920589987,25201300
2017-05-19,61.6168212890625,61.990032270977935,61.38014667560308,61.44386596250968,26961100
2017-05-22,62.30862808227539,62.35414483455972,61.44386534792381,61.798873792121306,16237600
2017-05-23,62.51799011230469,62.58170939316432,62.24490351154585,62.55440212206458,15425800
2017-05-24,62.599910736083984,62.700042024800815,62.30862160842064,62.69094423119428,14593900
2017-05-25,63.373661041259766,63.61032871001563,62.72736343218385,62.78197797960729,21854100
2017-05-26,63.683162689208984,63.9198373398349,63.28263742582398,63.537521558357845,19827900
2017-05-30,64.09278106689453,64.09278106689453,63.51019581452547,63.528405293130156,17072800
2017-05-31,63.57392120361328,64.39317419744994,63.546613927965716,64.20201632303502,30436400
2017-06-01,63.81058120727539,64.27482562151503,63.218898239304124,63.938019761007006,21603600
2017-06-02,65.32166290283203,65.41268946948311,63.93803408816079,64.12009416634483,34770300
2017-06-05,65.79498291015625,66.3502538068232,65.36715055257226,65.51279856574106,33316800
2017-06-06,66.0134506225586,66.10448410686605,65.78588080154954,65.81319501376966,31511100
2017-06-07,65.89512634277344,66.24103002056052,65.49460117752886,66.12269619668407,22301800
2017-06-08,65.49461364746094,66.0134727353708,65.0849906103834,66.00437493979636,24588300
2017-06-09,64.01083374023438,65.61292709367046,62.43604765190516,65.57651509190156,49187400
2017-06-12,63.519283294677734,63.66493130441554,62.0173211824335,63.03683641596011,47761700
2017-06-13,64.3112564086914,64.46600227699894,63.68316124983078,63.73777580455524,25258600
2017-06-14,63.96534729003906,64.72088105851861,63.200715725468804,64.54793264932249,25510700
2017-06-15,63.628536224365234,63.910720637181655,62.62723019819229,63.05505571460128,26068700
2017-06-16,63.719566345214844,63.74687361961031,63.00954943140636,63.47379393077406,48345100
2017-06-19,64.51150512695312,64.57522440868767,64.03815593845574,64.17469924071003,23798300
2017-06-20,63.637630462646484,64.51149777464694,63.60121845653646,64.46598103078941,21512200
2017-06-21,63.96534729003906,64.28395072015918,63.6649602867479,63.910732733964764,19891100
2017-06-22,63.956241607666016,64.25662857391723,63.45558508911124,64.21111876442784,22965700
2017-06-23,64.82098388671875,64.85739588972659,63.64672283301395,63.801468637137674,27617300
2017-06-26,64.20201110839844,65.27614118087827,64.1200892881096,64.99395676226385,19607000
2017-06-27,63.00041198730469,63.88338377376431,62.97310472708478,63.81966451829186,25215100
2017-06-28,63.53750991821289,63.57391498559436,62.618125707003415,63.00044141843979,25806200
2017-06-29,62.345027923583984,63.255307232507185,61.9809148110387,63.15517595293524,28918700
2017-06-30,62.74557113647461,63.15519416566538,62.57261579554065,62.60902781178369,24161100
2017-07-03,62.053733825683594,63.35543341042039,61.91719055136418,63.10966107254899,16165500
2017-07-05,62.882110595703125,63.20981177686422,62.09926965680511,62.13568167080985,21176300
2017-07-06,62.41787338256836,62.60903126974068,62.00825033075372,62.14478671810369,21117600
2017-07-07,63.22801971435547,63.573923459636156,62.53620527891194,62.53620527891194,16878300
2017-07-10,63.701351165771484,63.947123531426115,62.99132744802211,63.22800202060524,15014500
2017-07-11,63.7104606628418,64.33855574417103,63.491995526028724,63.7195654024661,17460000
2017-07-12,64.7663803100586,64.88471413119096,64.22021406231443,64.34765262195872,17750900
2017-07-13,65.33075714111328,65.57653649705969,64.91202940141063,65.08498473004836,20269800
2017-07-14,66.25013732910156,66.69617231550131,65.5037084571162,65.75858559220178,25868100
2017-07-17,66.76899719238281,66.8600237496661,66.19552363110505,66.26834765488414,21803900
2017-07-18,66.72350311279297,66.80542495019242,66.14092467500981,66.53233826909535,26435300
2017-07-19,67.23324584960938,67.39709644087503,66.86002791316142,66.90554466707806,22416200
2017-07-20,67.5609359741211,67.63375999051561,66.70527114368655,67.52452396592383,42361000
2017-07-21,67.16951751708984,67.62465721544805,66.60514179096863,66.86001891086832,46717100
2017-07-24,66.99656677246094,67.13311008024444,66.56873431568383,66.93284748814612,21394800
2017-07-25,67.53364562988281,67.6428747369698,66.90555048460382,67.17863714208569,22018700
2017-07-26,67.40618133544922,67.70656821026412,67.18770931482806,67.67015620682726,16252200
2017-07-27,66.5960464477539,67.74299352950507,65.83140811503888,67.14221271690411,36844200
2017-07-28,66.4867935180664,66.73256584601158,66.03165391863678,66.14998771433198,18306700
2017-07-31,66.17731475830078,66.85092656709982,65.91333982322797,66.7234879967608,23600100
2017-08-01,66.06808471679688,66.83271612783952,65.98615595425309,66.54142697912597,22132300
2017-08-02,65.77680206298828,66.04988176037592,65.03037311165117,66.04078396521359,26499200
2017-08-03,65.67666625976562,65.94064814391409,65.40357963619651,65.71307827256693,18214400
2017-08-04,66.15911865234375,66.4868198493052,65.75859342386156,65.90424148690305,22579000
2017-08-07,65.90424346923828,66.35938326261025,65.7768048826847,66.26835669291228,18705700
2017-08-08,66.25924682617188,66.56873852817684,65.31255529581539,65.62204699782035,22044600
2017-08-09,65.96794891357422,66.0043609227857,65.58563323417467,65.76768633535141,22213400
2017-08-10,65.00305938720703,65.71307625280602,64.94843789724325,65.44909437677133,24734500
2017-08-11,65.9952392578125,66.1772923122963,64.88469756877628,65.18509135906552,21443700
2017-08-14,66.98744201660156,67.10578275559674,66.40486389269614,66.5049951588248,20096600
2017-08-15,67.00576782226562,67.34436119162257,66.84104427056573,67.34436119162257,19181400
2017-08-16,67.3992919921875,67.81109749227987,66.96002674112258,67.1155970872122,18150400
2017-08-17,66.25536346435547,67.60060466764354,66.25536346435547,67.33521632982159,22977500
2017-08-18,66.33773040771484,66.65802431175096,65.82526016125705,66.13640081606829,18761500
2017-08-21,66.02658081054688,66.32857515711589,65.614768433803,66.31942190913068,17734800
2017-08-22,66.95086669921875,67.02407174109922,66.20960717691004,66.20960717691004,14343700
2017-08-23,66.5482177734375,66.9417237342616,66.37434093575962,66.7678468965837,13766500
2017-08-24,66.52075958251953,66.6763299078197,65.95337683027475,66.5665118642578,17098300
2017-08-25,66.63970184326172,67.12471915687958,66.32856129561293,66.67630784567,12794300
2017-08-28,66.64888000488281,66.8868086366606,66.39264487411677,66.85935587006192,14569700
2017-08-29,66.85021209716797,66.9508768997089,65.93508260634778,66.11810571175825,11478400
2017-08-30,67.7287368774414,67.91175998638354,66.64888377816109,66.81360736896264,16897800
2017-08-31,68.42420196533203,68.59807873420164,67.5365325741775,67.74700836418485,27652800
2017-09-01,67.66465759277344,68.39675678864369,67.39011603064587,68.36930402880732,21736200
2017-09-05,67.3626708984375,67.61890599510026,66.78614193094627,67.11558206816787,21556000
2017-09-06,67.17049407958984,67.7561762910291,67.12473482043131,67.48163469984327,16535800
2017-09-07,68.03070068359375,68.26863622809651,67.35350703741994,67.42671904832567,17471200
2017-09-08,67.70126342773438,68.12222203521301,67.57313891235381,68.02155726148095,14703800
2017-09-11,68.41506958007812,68.57979313613951,68.00325719898338,68.00325719898338,17910400
2017-09-12,68.34184265136719,68.85431272204436,68.05815485965391,68.41505465628708,14394900
2017-09-13,68.82686614990234,68.84517264371773,68.22288450974688,68.57063109154053,13380800
2017-09-14,68.42420196533203,69.08309605591033,68.19541968287463,68.63468473722057,15733900
2017-09-15,68.91838836669922,68.99160038955692,67.7836299399358,68.47913019331851,38578400
2017-09-18,68.78111267089844,69.52236507412145,68.67129465558031,68.8451714343636,23307000
2017-09-19,69.037353515625,69.28443534346408,68.64384765507968,68.82687071408031,16093300
2017-09-20,68.57979583740234,69.13802530038254,68.00325987753726,68.95499524094804,21587900
2017-09-21,67.91173553466797,68.8543174719217,67.82022401314576,68.73535319213099,19186100
2017-09-22,68.09477233886719,68.18628386949996,67.5822951999356,67.71041273919793,14111400
2017-09-25,67.04239654541016,67.9483728957592,66.73124885039158,67.80194880824817,24149200
2017-09-26,67.04239654541016,67.54571363698862,66.79530764320647,67.41759605135884,18019600
2017-09-27,67.5822982788086,67.8751393793039,66.96001006752076,67.30776367440319,19565100
2017-09-28,67.60061645507812,67.69212800569149,67.0881392042525,67.29862205435863,10883800
2017-09-29,68.16801452636719,68.21377380756388,67.60978480882059,67.66469734263384,17079100
2017-10-02,68.27777862548828,68.64383163996887,67.99409085565908,68.3692901336383,15304800
2017-10-03,67.95748901367188,68.52486458804239,67.89343025585968,68.33268831460583,12190400
2017-10-04,68.35102844238281,68.37848121182898,67.45419840979649,67.80194512592192,13317700
2017-10-05,69.52237701416016,69.65964781141284,68.5980944266671,68.83603000977956,21195300
2017-10-06,69.54981994628906,69.57727270548256,69.12886134759786,69.24782563139696,13959800
2017-10-09,69.81521606445312,70.05315164054846,69.42171018093809,69.5223749638291,11386500
2017-10-10,69.81521606445312,70.12635667929254,69.6779452712488,69.85182207476646,13944500
2017-10-11,69.93421173095703,69.9708177576902,69.50409964419939,69.87930618180012,15388900
2017-10-12,70.57476806640625,70.73033835838942,69.88842115037025,69.9982321885316,16876500
2017-10-13,70.91337585449219,71.26112949785659,70.7303527656881,71.00488739889423,15335700
2017-10-16,71.05978393554688,71.20620097729635,70.78524238217923,70.84930114704746,12380100
2017-10-17,71.0048599243164,71.03231966070673,70.69371939736531,70.89504890627748,16824000
2017-10-18,71.023193359375,71.24282246065434,70.80356425809566,71.07809888922402,13300700
2017-10-19,71.2977294921875,71.31602900676953,70.78525231941555,70.98658188923139,15092800
2017-10-20,72.12133026123047,72.26775428502792,71.58140738271128,71.67291890664382,22866400
2017-10-23,72.13964080810547,72.60635170094675,72.07558203956556,72.2860578582472,20627200
2017-10-24,72.1670913696289,72.47823195537563,71.80103828260542,72.20369737651944,17517200
2017-10-25,71.95661926269531,72.3867311801883,71.38924352632834,71.91086698369831,20410800
2017-10-26,72.07557678222656,72.67955841556405,72.06642353542219,72.47822887715768,32120700
2017-10-27,76.69698333740234,78.88414177558407,76.51396027268817,77.20946048599035,71066700
2017-10-30,76.77020263671875,77.17286179553592,76.05640284200325,76.5963258214326,31756700
2017-10-31,76.12046813964844,77.20032117289396,76.05640935724759,77.20032117289396,27086600
2017-11-01,76.12046813964844,76.65124489776044,75.84592651113985,76.57803286590699,22307400
2017-11-02,76.91661071777344,77.29181005268292,76.06554029726951,76.27601609976269,23992900
2017-11-03,76.99897766113281,77.36503077236397,76.32178394357871,76.94407213810696,17633500
2017-11-06,77.30097198486328,77.5114478110052,76.94407212150755,77.05388316753555,19860900
2017-11-07,77.11792755126953,77.69446336288782,76.80678700305991,77.5754921093762,17939700
2017-11-08,77.38333129882812,77.42909055653678,76.71529082032951,76.99897866885227,18034200
2017-11-09,76.95320892333984,77.11793245400571,75.86420995349252,76.97151541668134,21178400
2017-11-10,76.75189971923828,76.96237555610297,76.16621750430986,76.67868769690155,19397800
2017-11-13,76.80679321289062,76.8159464597195,76.37668137639484,76.55971140356412,14196900
2017-11-14,76.91661071777344,76.96236298785033,75.93742277004368,76.41328687375653,18801300
2017-11-15,76.31880187988281,76.97180594436432,76.05208072392053,76.76946527315523,19383100
2017-11-16,76.52113342285156,76.72347408847787,76.28200992433536,76.42916230673407,20962800
2017-11-17,75.78534698486328,76.44755015634472,75.63818760589167,76.44755015634472,22079000
2017-11-20,75.9049301147461,75.96011138894303,75.64740814589717,75.78536834833692,16315000
2017-11-21,76.9994125366211,77.10977509510151,76.09807854632555,76.09807854632555,21237500
2017-11-22,76.43836975097656,77.16495357532041,76.37398926107,77.10057308541384,20553100
2017-11-24,76.57633972167969,76.73269135755785,76.13486843672882,76.34640836881837,7425600
2017-11-27,77.13736724853516,77.23853759788986,76.61312408230967,76.6223162835619,18265200
2017-11-28,78.06625366210938,78.231804438945,77.27528961911078,77.3212786748214,21926000
2017-11-29,76.64989471435547,78.10306221280146,76.50274233133176,77.9099207630505,27381100
2017-11-30,77.41328430175781,77.73518678449203,76.6499105448825,76.80626919388013,33054600
2017-12-01,77.49603271484375,78.00187726936403,76.53951784503793,76.88901082908531,29532100
2017-12-04,74.57131958007812,77.6523975421506,74.22181951941894,77.64319832556843,39094900
2017-12-05,75.04037475585938,76.04287886006003,74.47934884650778,74.8104434587519,26152300
2017-12-06,76.13484954833984,76.46595117567259,74.89322195431525,75.00359150240826,26162100
2017-12-07,75.86812591552734,76.15324548451561,75.41746255524698,75.9141149799614,23184500
2017-12-08,77.4040756225586,77.79035851960909,76.64070202818762,76.91661537596096,24489100
2017-12-11,78.38817596435547,78.516936921277,77.3672805080877,77.52363209621443,22857900
2017-12-12,78.71006774902344,79.14233962483733,78.2502052457227,78.46173806775187,23924100
2017-12-13,78.4985580444336,79.09638093160854,78.33300719901511,78.85725037334903,22062700
2017-12-14,77.89154052734375,78.9768166985951,77.74438110624988,78.57213530753437,19306000
2017-12-15,79.87812805175781,80.09886012350383,78.06626837951691,78.41576842813966,53936700
2017-12-18,79.44585418701172,80.47594885850104,79.3079010310967,80.1264558352732,22283800
2017-12-19,78.94002532958984,79.41827940507923,78.42497438258518,79.41827940507923,23524800
2017-12-20,78.6549072265625,79.37229887904125,77.90993195381033,79.28032073237526,23674900
2017-12-21,78.6364974975586,79.18833116432774,78.5445263892547,79.14234911864868,17990700
2017-12-22,78.64569854736328,78.75606107312312,78.10305706690896,78.54452822078613,14145800
2017-12-26,78.54452514648438,78.6640868836931,78.20422433250401,78.46174623845859,9891200
2017-12-27,78.82966613769531,79.07799593446582,78.37900263960022,78.77448485705662,14678000
2017-12-28,78.83882904052734,79.03197045074245,78.68247747277393,79.00437982313242,10594300
2017-12-29,78.67327880859375,79.14234053208216,78.63648896587456,78.75605069200317,18717400
2018-01-02,79.0503921508789,79.38149384294742,78.63651854426709,79.21594299691317,22483800
2018-01-03,79.41825866699219,79.5654180468372,79.06876566527848,79.15153755373221,26061400
2018-01-04,80.11725616455078,80.62310778985463,79.62060375523768,79.63899517027336,21912000
2018-01-05,81.11054229736328,81.31288290087068,80.41154939895891,80.62308921633777,23407100
2018-01-08,81.19334411621094,81.4692644985637,80.5679306642319,81.11976441199062,22113000
2018-01-09,81.13816833496094,81.60723020991075,80.80706666051958,81.53365050071328,19484300
2018-01-10,80.770263671875,81.11056450886657,80.39318000321322,80.80705352049134,18652200
2018-01-11,81.00938415527344,81.05536619764442,80.23681146382096,81.05536619764442,17808900
2018-01-12,82.40739440917969,82.5729452618025,81.34970879614217,81.55204950678649,24271500
2018-01-16,81.2577133178711,83.50184486629178,80.94501014378406,82.86723228518525,36599700
2018-01-17,82.90402221679688,83.03278317295775,81.62560485423828,81.92911582959427,25621200
2018-01-18,82.86724090576172,83.39148400040257,82.46256658054813,82.59132754997243,24159700
2018-01-19,82.7752685546875,83.33630149180276,82.46256535272632,82.90402952219463,36875000
2018-01-22,84.25605010986328,84.26524932922608,82.53616097033856,82.77529155513227,23601600
2018-01-23,84.52274322509766,84.89063469082292,84.19164160763953,84.52274322509766,23412800
2018-01-24,84.44918060302734,85.92993896467463,84.22844848574161,85.12058318999529,33277500
2018-01-25,84.91822052001953,85.75516671568646,84.5503290751013,85.04698147319905,26383200
2018-01-26,86.50933074951172,86.50933074951172,85.14814168694787,85.64479402608166,29172200
2018-01-29,86.3805923461914,87.78777083236298,86.19665010605726,87.50265825507105,31569900
2018-01-30,85.2953109741211,86.14146347007718,84.70668742203196,85.81036184490877,38635100
2018-01-31,87.38308715820312,87.74177939997817,86.00349945385425,86.22423152180521,48756300
2018-02-01,86.69331359863281,88.35801423945335,86.06790007892411,87.18076691222463,47227900
2018-02-02,84.41238403320312,86.42658461695098,84.15486208069503,86.12307359423203,47867800
2018-02-05,80.93582153320312,85.7551798506624,80.93582153320312,83.29031591420062,51031500
2018-02-06,83.99848937988281,84.13644953893123,78.4065594664219,79.91490796694231,67998600
2018-02-07,82.41656494140625,84.40316746446057,82.03947429064971,83.22592048532535,41107600
2018-02-08,78.18585968017578,82.66491797105053,77.95592832587796,82.50856633419555,55628700
2018-02-09,81.10140228271484,81.79119647075666,77.10059739546216,79.37232071079178,63499100
2018-02-12,81.97511291503906,82.57293575943311,80.87144536919402,81.61642061179207,35720300
2018-02-13,82.61890411376953,82.77525569045127,80.7518633581295,81.79115015347594,26407700
2018-02-14,83.9125747680664,84.07890325030858,81.69487107138141,81.78727421709193,34960900
2018-02-15,85.62208557128906,85.67752606225554,83.73703132942077,84.28221495701733,27823900
2018-02-16,85.0121841430664,86.39825236279032,84.82737786706623,85.42800178902057,30596900
2018-02-20,85.67750549316406,85.99167759976208,84.09738843077885,84.53169097217695,30911700
2018-02-21,84.54093933105469,86.26890733235575,84.54093933105469,85.91777250344242,26922500
2018-02-22,84.7626953125,85.68674079609904,84.42079594560164,85.0583895852554,24392800
2018-02-23,86.91571044921875,86.9249528774459,85.344836046145,86.49065039956241,26329200
2018-02-26,88.17239379882812,88.20011402763137,87.09126257606808,87.22987076998989,30199800
2018-02-27,87.04509735107422,88.56053165205499,87.04509735107422,88.46812849709934,25869100
2018-02-28,86.6477279663086,88.44037817228866,86.51836218339317,87.63645619282302,31167300
2018-03-01,85.79762268066406,87.38698205782441,84.8643347580464,86.85103397949682,37135600
2018-03-02,85.982421875,86.0748249991993,83.95876032047504,84.62407409456031,32830400
2018-03-05,86.52762603759766,87.10977220487422,85.25244569741216,85.32636398459223,23901600
2018-03-06,86.23193359375,87.31306523476196,85.8807988098912,87.17445698721748,22175800
2018-03-07,86.73091125488281,86.80483658691256,85.40952590695882,86.08408222439178,26716100
2018-03-08,87.25761413574219,87.8767229095275,86.64774074073638,87.1097634763805,25887800
2018-03-09,89.20736694335938,89.20736694335938,87.78433581158257,88.05230989320697,36937300
2018-03-12,89.41987609863281,89.82645835716865,88.74532686050642,89.17038692629052,26073700
2018-03-13,87.23916625976562,89.85421048279524,86.83258385693125,89.63244146757188,35387800
2018-03-14,86.72167205810547,88.16318788678146,86.39825753080598,87.89521383561674,32132000
2018-03-15,87.02660369873047,87.39622330118058,85.77914370913042,86.42597272598748,27611000
2018-03-16,87.41473388671875,88.13548850430846,86.78638244191308,87.48865924491005,49081300
2018-03-19,85.83456420898438,86.76785190177283,85.11381002936977,86.62000127523348,33344100
2018-03-20,86.0563735961914,86.64776228083888,85.93625019302868,85.9824552980424,23075200
2018-03-21,85.45575714111328,86.90650873889057,85.20626083167402,85.87157492363224,24457100
2018-03-22,82.97003936767578,84.78116755055993,82.84991600066606,84.33762264561149,38604700
2018-03-23,80.55830383300781,83.58917257938937,80.46590067364919,82.70208955971007,44068900
2018-03-26,86.65699005126953,86.86028119908245,83.53371864824813,83.7277673666401,56396800
2018-03-27,82.67436218261719,87.91369912012122,81.78727923948756,87.72889281735159,56569000
2018-03-28,82.60043334960938,84.3006808728279,82.11993275277638,82.99777322868422,52501100
2018-03-29,84.337646484375,85.28017703008963,81.6856398829961,83.33044007267993,45867500
2018-04-02,81.79649353027344,83.97724118025862,80.86321277703146,83.59838624228767,48515400
2018-04-03,82.8961181640625,83.21029728942155,81.21435569276157,82.77599479107937,37213800
2018-04-04,85.31713104248047,85.71447092829698,81.06652273717663,81.17740369606881,35560000
2018-04-05,85.36331176757812,86.0009053514421,84.45775122083631,85.41875928567951,29771900
2018-04-06,83.37662506103516,85.43724249143943,82.68359096517672,84.540917266144,38026000
2018-04-09,83.8756103515625,86.09332105193137,83.73700916083968,84.12510659467954,31533900
2018-04-10,85.82537078857422,86.1949905160693,84.67955597825838,85.37259032359545,26812000
2018-04-11,84.88282775878906,86.20421322354785,84.53169297546253,85.02143600612344,24872100
2018-04-12,86.47218322753906,87.00813133211182,85.40952944775734,85.40952944775734,26758900
2018-04-13,86.01016235351562,87.02661105878639,85.41877375954326,86.90648767404167,23346100
2018-04-16,87.01734924316406,87.47013654229121,86.32431522807055,86.92494611779958,20288100
2018-04-17,88.7730484008789,89.20735090162304,87.67343203090184,87.78432002574316,26771000
2018-04-18,89.1149673461914,89.37369900776694,88.26483996541728,88.91167616926518,21043300
2018-04-19,88.81002807617188,89.69711105508857,88.09850897699643,89.11496483296135,23552500
2018-04-20,87.78433990478516,88.81003117713907,86.90649932570095,88.62522486046105,31154400
2018-04-23,88.10774230957031,88.97634738773681,87.44242838160518,88.4681195122334,22331800
2018-04-24,86.04712677001953,89.14267804665059,85.39105525556225,88.93014446172948,34524800
2018-04-25,85.29864501953125,86.21345521736691,83.42283362482922,86.21345521736691,33729300
2018-04-26,87.1005630493164,87.92296328478311,86.02866648853583,86.44449134742221,42529000
2018-04-27,88.54205322265625,90.46406985190922,86.77712971063046,90.18685333906953,48272800
2018-04-30,86.416748046875,89.07800409120175,86.07485566055897,89.01332117623042,41523600
2018-05-01,87.78433990478516,88.05231399890465,85.74219979088399,86.13029728585327,31408900
2018-05-02,86.40751647949219,87.94142869504036,86.11182213372933,87.77510018492943,27471000
2018-05-03,86.92494201660156,87.71962154707428,85.42798607666096,85.89925115866367,31142500
2018-05-04,87.93218231201172,88.12623104121072,85.86231510073881,86.23193474917386,22531300
2018-05-07,88.91165161132812,89.36443189402466,87.8767182009718,87.94140109849987,24242000
2018-05-08,88.53278350830078,88.85620502357827,87.83974948968891,88.56974616861554,23484600
2018-05-09,89.57698059082031,89.60470083017609,87.83053501232416,88.71761792125012,27327400
2018-05-10,90.47331237792969,90.51026799976584,89.6786325601854,90.05748760823069,22388100
2018-05-11,90.27925109863281,90.4363442064727,89.66938467670109,90.37166129732981,16778300
2018-05-14,90.58418273925781,91.19405617679294,89.91886882554965,90.48253716633529,19454100
2018-05-15,89.9281005859375,90.41784353378472,89.02253296640156,89.85417525987188,24594000
2018-05-16,90.1601333618164,90.39214605339058,89.66826758855363,90.35502317308286,17384700
2018-05-17,89.2599105834961,90.5220600167286,88.93509427651665,89.79818165247029,17246700
2018-05-18,89.42696380615234,89.9559524088474,89.10214748528078,89.10214748528078,17865800
2018-05-21,90.5777587890625,90.95826302461352,89.83532237992272,90.02092971209119,19422500
2018-05-22,90.48493194580078,91.10672413780927,90.20651393839731,90.65198133415005,15441200
2018-05-23,91.56147766113281,91.62644092138045,89.38983552627826,89.75177470200997,21251200
2018-05-24,91.23666381835938,91.82134030218118,89.84458774139709,91.62645050106227,26649300
2018-05-25,91.28306579589844,91.8584597686383,90.81904045414639,91.22738502063693,18363900
2018-05-29,90.95825958251953,91.76565923541081,90.23438110180366,90.80048556763445,28671000
2018-05-30,91.83060455322266,92.10902256697098,90.86543815461404,91.23665273232618,22158500
2018-05-31,91.72854614257812,92.79580607721027,91.5150984039315,92.14617328941662,34140900
2018-06-01,93.53822326660156,93.60318652707964,92.03477870636887,92.13686484147219,28655600
2018-06-04,94.35488891601562,94.53122076981253,93.59388781923447,93.97439190785661,27281600
2018-06-05,94.8375015258789,94.9674280550129,94.22498467670599,94.66116963042644,23514400
2018-06-06,95.11590576171875,95.21799189603439,94.56835929626602,95.10663035348227,21122900
2018-06-07,93.62174224853516,95.30151865408624,93.15771694719939,95.26439578032368,28232200
2018-06-08,94.31776428222656,94.61474014174131,93.30619269466362,93.81661619170862,22165100
2018-06-11,93.77952575683594,94.28066690236834,93.42686196050546,93.742402879303,23490900
2018-06-12,94.02082824707031,94.150754798112,93.50112204290355,93.82593842050777,18325200
2018-06-13,93.59391021728516,94.67045241109635,93.32477466883235,94.40131686264355,29492900
2018-06-14,94.1229019165039,94.68901341969567,93.73312231509927,94.33635669658648,25691800
2018-06-15,92.92570495605469,94.22497722510899,92.87002418524776,94.2064193283281,65738600
2018-06-18,93.60318756103516,93.8352002196575,92.26679238162184,92.81434593781208,23586000
2018-06-19,93.60318756103516,93.73311408342651,92.34103813169246,92.48024714295875,28653100
2018-06-20,94.54054260253906,95.14376999043695,93.84450446530359,94.07651717771542,26180800
2018-06-21,93.8630599975586,95.08808680495173,93.62176480021067,94.73543003995546,23198200
2018-06-22,93.18558502197266,93.51967679879573,92.46169944420303,93.18558502197266,38923100
2018-06-25,91.31089782714844,92.90714598956806,90.2993260733268,92.80505985728792,35433300
2018-06-26,91.95126342773438,92.87931411130748,91.64500500284369,91.70996826747522,26897200
2018-06-27,90.5220718383789,92.8236337545161,90.39214529861948,92.41529623547164,31298400
2018-06-28,91.53363800048828,91.979105451934,90.26221307286839,90.37357462538111,26650700
2018-06-29,91.51507568359375,92.72154436764353,91.2552226329897,91.81205161006476,28053200
2018-07-02,92.81436157226562,92.86075986352716,90.94897750019052,91.04178116317922,19564500
2018-07-03,91.92343139648438,93.38974622867329,91.82134524557391,93.2505442778549,14670300
2018-07-05,92.58231353759766,92.7307979256127,91.90483360347706,92.34101844155242,18977400
2018-07-06,93.88162994384766,94.13220056477317,92.49882904171677,92.7030013671571,19234600
2018-07-09,94.52195739746094,94.89317907399,93.96512842289962,94.33635009942869,18212000
2018-07-10,94.77253723144531,95.13447642730901,94.53124207404792,94.66116860177004,19293100
2018-07-11,94.64260864257812,94.97670036339856,93.82591953700832,93.8723249018119,19644600
2018-07-12,96.69361114501953,96.89778344550548,95.33865788234469,95.37577368200995,24335900
2018-07-13,97.84440612792969,98.00217308074333,96.60081424697955,96.86067444513115,24635200
2018-07-16,97.36180114746094,98.20632359231298,96.99985486485024,97.81654400238126,21786900
2018-07-17,98.32699584960938,98.83742670704378,96.81427534193445,97.08341096853923,25901700
2018-07-18,97.55670166015625,98.41978917866221,97.1854799278105,98.3177030252555,29493900
2018-07-19,96.88851165771484,97.73303426246127,96.41520373434881,97.38037748296342,40171600
2018-07-20,98.62394714355469,100.4150853208148,98.4476223210337,100.3037237656363,56004000
2018-07-23,100.20164489746094,100.35941183239926,98.49402776255927,98.6518017779632,29707000
2018-07-24,99.9139633178711,100.99049868030056,99.542741541684,100.75848595524194,26316600
2018-07-25,102.85584259033203,103.15281847859347,99.85823624405192,100.192335003404,30702100
2018-07-26,101.7329330444336,103.01364062211927,101.62156439749603,102.77234542732081,31372100
2018-07-27,99.9325180053711,102.2526451813126,98.50331881533518,102.2526451813126,37005300
2018-07-30,97.78870391845703,99.79328973038106,97.22259243016933,99.4777558938744,34668300
2018-07-31,98.44761657714844,99.04156843833019,97.79797686116142,98.82811366925017,27655200
2018-08-01,98.63321685791016,98.7909837609551,97.83509277367028,98.4012042073861,23628700
2018-08-02,99.83041381835938,100.31299706841747,97.29683228427572,97.81654549256709,26104300
2018-08-03,100.2666244506836,100.2759069426183,99.13440117051852,100.04389420751782,18659600
2018-08-06,100.35012817382812,100.6192637493659,99.82113951307196,100.34085276397428,20265900
2018-08-07,101.04618072509766,101.25035305856281,100.38726542739337,100.7492047165483,16080200
2018-08-08,101.61227416992188,101.85356934634783,100.93480109058304,101.4637897324434,15487500
2018-08-09,101.77931213378906,102.23406204596823,101.71434887211554,101.81643500909743,13677200
2018-08-10,101.15751647949219,101.79787366607422,100.58212255238482,101.54729603634027,18183700
2018-08-13,100.42436981201172,101.6958018758714,100.3222836640868,101.38026094215842,18472500
2018-08-14,101.67723083496094,101.85356273095005,100.26659690844251,100.74918014948531,16788300
2018-08-15,100.2984619140625,101.53751419200779,99.51589547290916,101.0717030341852,29982800
2018-08-16,100.2798080444336,101.41638820905453,99.96305992391325,100.89468207750905,21384300
2018-08-17,100.22392272949219,100.52204156330565,99.39477950083246,100.01896469854913,18061500
2018-08-20,99.56246185302734,100.52203153148596,99.19912978269278,100.1586994611514,17914200
2018-08-21,98.73332214355469,100.0096399861274,98.61220671075242,99.60904216287804,22881900
2018-08-22,99.73947143554688,100.00032451687059,98.54699614508795,98.61220941541887,18000600
2018-08-23,100.20526885986328,100.78287710944753,99.56245445656357,99.82330750227504,18167700
2018-08-24,100.98784637451172,101.13690222824692,100.20528004233392,100.30775905140142,17234000
2018-08-27,102.10578918457031,102.14305492457841,101.09032442327387,101.79835216028835,19662300
2018-08-28,102.72065734863281,102.94424466815975,102.28279381326271,102.42253855335933,19151500
2018-08-29,104.36029815673828,104.36961636733011,102.72995958106225,102.89765183315454,20818000
2018-08-30,104.29508209228516,104.90995603598638,103.81995998056541,104.03422906442837,22798700
2018-08-31,104.64910125732422,105.06832831540716,103.8944826019784,104.0528637442805,23222700
2018-09-04,104.07150268554688,104.30440820774379,102.68338776341271,103.27030712057247,22634600
2018-09-05,101.0716552734375,103.80130765270711,100.70832331064315,103.41934637979728,32872400
2018-09-06,101.3045883178711,101.5374938501224,100.15869707951379,100.8480954648181,23477600
2018-09-07,100.81082153320312,101.28595077053863,99.89783590130122,100.82945795458768,22498600
2018-09-10,101.90082550048828,102.14304924321148,100.9505740601323,101.39774869993062,20727900
2018-09-11,103.6336669921875,103.95973338926942,101.44435591724965,101.45367413079894,24301800
2018-09-12,104.07150268554688,104.20192920936016,102.95355902208664,103.81064963792032,18891100
2018-09-13,105.18946075439453,105.95339063589071,104.4534784002669,104.4534784002669,26055600
2018-09-14,105.6180191040039,105.95340368917108,104.75161011027434,105.60870089116209,19122300
2018-09-17,104.47209167480469,105.92541973652146,104.21123864913366,105.91610863397027,20736500
2018-09-18,105.46894073486328,105.92543358948787,104.08082574802609,104.51868928740005,22170900
2018-09-19,104.06219482421875,105.5714253169349,103.44732788047651,105.31989045533881,21728400
2018-09-20,105.80435180664062,106.0186280781833,104.27649169524408,104.60255810175286,23714500
2018-09-21,106.4471664428711,107.40673627873583,105.74844971488638,106.20494265367644,71229700
2018-09-24,106.82909393310547,107.04337012230178,104.54662285698342,105.30123440886562,27334500
2018-09-25,106.62415313720703,107.22970896143369,105.9720204697094,106.95022657866885,22668000
2018-09-26,106.186279296875,107.19242566078907,105.96268489803914,106.64277208933585,19352000
2018-09-27,106.5868911743164,107.05270223874527,106.39124427246904,106.93158681305759,19091300
2018-09-28,106.54962158203125,106.7359431579779,105.90680006190402,106.38192932059425,21647800
2018-10-01,107.70482635498047,107.77003961452671,106.88500150529738,106.90363081900537,18883100
2018-10-02,107.27628326416016,107.91909766210469,106.61483244441297,107.41602799683066,20787200
2018-10-03,107.294921875,108.23586224161757,107.07133454798152,107.52782741372722,16648000
2018-10-04,105.07767486572266,106.91297184305978,103.9969896395432,106.77322708343813,34821700
2018-10-05,104.46280670166016,105.43169475364815,103.07469145470202,104.92861785505549,29068900
2018-10-08,103.27029418945312,104.36960840087909,101.86354302137234,104.02491282012511,29640600
2018-10-09,104.58389282226562,105.34782261529837,103.22372548870547,103.54047357248659,26198600
2018-10-10,98.90098571777344,103.87584332259833,98.55628305111078,103.63361963500536,61376300
2018-10-11,98.66810607910156,101.48160186640472,97.07502593552881,98.14639283783346,63904300
2018-10-12,102.07783508300781,103.63364231266301,99.79536373927236,101.55612897191689,47742100
2018-10-15,100.24251556396484,101.99396929443108,99.63695990412728,101.46294509284976,32068100
2018-10-16,103.41004943847656,103.79201789765392,101.50022135801437,102.04988207356263,31610200
2018-10-17,103.13986206054688,104.16464475249772,102.05918432778218,104.0435364614973,26548200
2018-10-18,101.08099365234375,102.97218529957298,100.4568085771157,102.57158752890037,32506200
2018-10-19,101.23006439208984,103.279630241779,100.81083016757651,101.4815992406276,32785500
2018-10-22,102.13373565673828,102.98151524080322,100.83878141262555,101.8449350593027,26545600
2018-10-23,100.7083511352539,101.5188649495755,97.92280294831062,100.40091412557543,43770400
2018-10-24,95.3235855102539,101.0716929165259,94.64349816051799,100.99716854059726,63897800
2018-10-25,100.8946762084961,101.79834367443905,98.89168727323583,99.26433753453978,61646800
2018-10-26,99.64628601074219,101.31389020590736,97.59672050023607,98.46312922492609,55523100
2018-10-29,96.74896240234375,101.26732857392436,94.68076001629859,100.7176748969787,55162000
2018-10-30,96.63717651367188,97.24272527366979,93.26470150084772,96.57196324223918,65350900
2018-10-31,99.50654602050781,100.74560501717713,98.18364445345479,98.23022839769816,51062400
2018-11-01,98.67741394042969,99.98168633917005,98.31408187968445,99.73015149238981,33384200
2018-11-02,98.90098571777344,99.98166344108395,97.80167157588055,99.19910444569129,37680200
2018-11-05,100.15869903564453,100.37296814918133,98.65878681003531,99.09665035645342,27922100
2018-11-06,100.35432434082031,101.39773644606235,99.0127863681241,100.03756916050621,24340200
2018-11-07,104.30443572998047,104.5652888464369,101.91948482784814,101.95675057415824,37901700
2018-11-08,104.10877990722656,104.5373252624202,103.32622067801555,104.15536385989004,25644100
2018-11-09,102.07783508300781,103.8292821043221,101.32322344264949,103.27031025562287,32039200
2018-11-12,99.56246185302734,102.44117088840322,98.84510881631647,101.93809407385237,33621800
2018-11-13,99.62767791748047,101.3045935720355,99.34818842119805,100.19596801426506,35374600
2018-11-14,98.21484375,101.29312251629713,97.74702035947007,101.14341560488671,39495100
2018-11-15,100.37618255615234,100.86272286540327,97.2230575659847,98.2335506343939,38505200
2018-11-16,101.32118225097656,101.87321037890553,99.92707066327492,100.189050597778,33502100
2018-11-19,97.88736724853516,101.57381065319579,96.88622549424954,101.30247223439075,44773900
2018-11-20,95.16461181640625,96.34352849383762,92.95648533924384,95.2488237197169,64052500
2018-11-21,96.47452545166016,97.70957872874953,95.66051030646273,96.93299030569631,28130600
2018-11-23,96.43714141845703,97.12951823856953,95.43599935778958,95.59505764349832,13823100
2018-11-26,99.61830139160156,99.76800114576433,97.84992976889767,98.04641471159616,32336200
2018-11-27,100.24518585205078,100.4229610075447,98.57973588505854,99.43117066146141,29124500
2018-11-28,103.96907806396484,104.1655630411718,100.91886740690235,100.94693566958638,46788500
2018-11-29,103.09893798828125,103.96908992283072,102.01358411791004,103.2299279880268,28123200
2018-11-30,103.75386810302734,103.82872155665649,102.32232970985662,103.5760929352627,33665600
2018-12-03,104.87665557861328,106.12106764491375,103.60418238641863,105.72809766768809,34732800
2018-12-04,101.53639221191406,105.391259773024,101.24634397501964,104.73630983861113,45197000
2018-12-06,102.16329193115234,102.21006999522339,98.24292895796405,99.01015916524184,49107400
2018-12-07,98.07450866699219,102.4065512836734,97.58797541545907,101.40540937707884,45044900
2018-12-10,100.66626739501953,101.03117632894694,97.2043760033444,98.05581828514032,40801500
2018-12-11,101.60189056396484,103.81001775643406,100.5259023702065,102.73402956267572,42381900
2018-12-12,102.06035614013672,104.10941780778454,102.02292941098268,103.75387458844925,36183000
2018-12-13,102.40653228759766,103.73515607645926,101.63930225045524,102.52817093173192,31333400
2018-12-14,99.20661926269531,102.22876126908669,98.71072764982411,101.2837560956726,47043100
2018-12-17,96.26868438720703,98.99141959738343,95.16462104159869,98.62651797063654,56957300
2018-12-18,97.27920532226562,97.78445548403378,95.92251309017917,97.07336187060982,49319200
2018-12-19,97.01721954345703,100.00192799878101,94.82780230668003,96.979792814628,68198200
2018-12-20,94.9775161743164,97.5973231383496,92.42319706750443,96.41841321682328,70334200
2018-12-21,91.90857696533203,96.37160850978428,91.18812502070615,95.08976998210532,111242100
2018-12-24,88.07244110107422,91.66532894878243,87.9320997752578,91.39399048817165,43935200
2018-12-26,94.08865356445312,94.21029223467589,87.91338521686126,89.0174488864625,51634800
2018-12-27,94.6687240600586,94.67808252489311,90.19633441704804,92.90971100727458,49498500
2018-12-28,93.9295883178711,95.81959898493123,93.11557297452313,95.5201851348932,38196300
2018-12-31,95.03363800048828,95.81022649895426,93.97635976630964,94.77165805845591,33173800
2019-01-02,94.61261749267578,95.20207247230478,92.57290695662672,93.14365213908215,35329300
2019-01-03,91.13201141357422,93.74246717635123,90.94487774656791,93.65825524159352,42579100
2019-01-04,95.37047576904297,95.91315261010045,92.56353545264427,93.30269725923947,44060600
2019-01-07,95.49211883544922,96.62425071012335,94.48162562446007,95.09914885681903,35656100
2019-01-08,96.18450164794922,97.27920677896326,95.16464284176976,96.40905489929126,31514400
2019-01-09,97.55989837646484,98.13064355217631,96.59618321897742,97.17628686237477,32280800
2019-01-10,96.93302154541016,97.0733700140783,95.79153113659144,96.57747827808123,30067600
2019-01-11,96.18450164794922,96.78331507714078,95.09914784602752,96.54940335828722,28314200
2019-01-14,95.48275756835938,96.24998764896328,94.7435957492478,95.34240912247922,28437100
2019-01-15,98.25228118896484,98.28970792089758,95.32370187639646,95.91316398131302,31587600
2019-01-16,98.59843444824219,99.42180801071689,98.20546459619759,98.4861614267534,29853900
2019-01-17,99.29084014892578,99.76801487324238,98.01835994057781,98.24291317192788,28393000
2019-01-18,100.7785415649414,100.95631678638286,99.09438118028596,100.54462980553757,37427600
2019-01-22,98.87914276123047,100.2077593515254,98.11191275882179,99.88028443679323,32371300
2019-01-23,99.8428726196289,100.15163778751308,98.56103388952779,99.29084441500461,25874300
2019-01-24,99.36570739746094,100.11422784418735,98.56105041567704,99.98323783677324,23164800
2019-01-25,100.2732925415039,100.93760108977219,99.3657137617054,100.33878754940584,31225600
2019-01-28,98.3177719116211,99.62767891865167,97.9248019510376,99.42183547117871,29476700
2019-01-29,96.31549835205078,98.21486049936881,95.59504621025587,98.1306485627345,31490500
2019-01-30,99.53409576416016,99.53409576416016,97.61602426619308,97.88736267231309,49471900
2019-01-31,97.7095947265625,98.44875654849314,96.54003623713147,97.12013981771993,55636400
2019-02-01,96.165771484375,97.40082490449122,95.76344309775436,97.10141823108177,35535700
2019-02-04,98.93529510498047,98.99143876964271,96.15642284123234,96.24999323619645,31315100
2019-02-05,100.32005310058594,100.36683115849648,99.14113610959186,99.23469936383167,27325400
2019-02-06,99.20661926269531,100.11419771119601,98.73879590890468,100.11419771119601,20609800
2019-02-07,98.49552154541016,98.79492819346916,97.57859180878714,98.42067523720858,29760700
2019-02-08,98.86979675292969,98.97271847315882,97.55053846209418,97.67216997762922,21461100
2019-02-11,98.47684478759766,99.72125698602039,98.21486477496549,99.36570656451678,18914100
2019-02-12,100.01128387451172,100.24519556981902,98.69202562495619,99.30954878858985,25056600
2019-02-13,99.93643951416016,100.8440181166995,99.8428762552056,100.58203813625909,18394900
2019-02-14,100.0206298828125,100.38553151096735,98.8604300173565,99.46859463866956,21784700
2019-02-15,101.25570678710938,101.33056025094537,100.45104989692045,100.9656585377689,26606900
2019-02-19,101.20893096923828,101.66740312391774,100.844029222237,100.85338769068879,18038500
2019-02-20,100.68273162841797,101.42505033146561,99.87463821339931,101.34987718381134,21607700
2019-02-21,102.80632781982422,102.87210253267051,100.41963411683524,100.44782225535421,29063200
2019-02-22,104.27214813232422,104.48826193162081,103.19155762912727,103.40767859732853,27763200
2019-02-25,104.85472869873047,105.40912163672766,104.54465204649671,105.01447341104463,23750600
2019-02-26,105.57826232910156,106.40514538682282,104.46008513749797,104.54465671472362,21536700
2019-02-27,105.39973449707031,105.57826892878039,104.18759438637177,104.94870995335812,21487100
2019-02-28,105.26817321777344,106.06686809935508,104.98628470192965,105.2775716523064,29083900
2019-03-01,105.73800659179688,106.1984295715469,104.92991318388125,106.07627858436183,23501200
2019-03-04,105.48429870605469,106.41454303522808,104.11242113072569,106.19842204516489,26608000
2019-03-05,104.95807647705078,105.60643217081169,104.5164504730398,105.47488277916516,19538300
2019-03-06,105.00507354736328,105.86015186027751,104.70438816490108,105.11783325412598,17687000
2019-03-07,103.7271499633789,104.81713886167553,103.23853894721778,104.67619103256415,25339000
2019-03-08,103.83991241455078,104.02783807908062,102.23312432543547,102.57139625671286,22818400
2019-03-11,106.01988220214844,106.13263473234959,104.28154472880374,104.2909359937175,26491600
2019-03-12,106.76219177246094,107.10985493652677,105.85073732922169,106.01047484616566,26132700
2019-03-13,107.58908081054688,108.05890212413006,106.91253697196241,107.24141045768977,35513800
2019-03-14,107.67366027832031,108.24684293463953,107.42935832267023,107.62668244172852,30763400
2019-03-15,108.91397857666016,110.1730962354195,107.67364344691507,108.37837540577702,54681100
2019-03-18,110.47379302978516,110.51137959842035,109.04553926617237,109.15829180317301,31207600
2019-03-19,110.54895782470703,111.29127636919853,109.92879024238336,110.96239571068507,37588700
2019-03-20,110.42681884765625,111.58258264750255,109.66571047269993,110.30466786430081,28113300
2019-03-21,112.96385192871094,113.52763614181903,110.02276554933995,110.0697505541428,29854400
2019-03-22,109.98519134521484,112.37187772118484,109.97579291002913,112.28731331123014,33624500
2019-03-25,110.55836486816406,110.88723838338427,109.2992399070146,109.52475215046488,27067100
2019-03-26,110.79328918457031,111.54499914490772,109.79726291298714,111.46043473154343,26097700
2019-03-27,109.72209167480469,111.07517966341602,108.5475381204979,110.7650958045416,22733400
2019-03-28,109.87242126464844,110.48319045380126,109.12070423662882,110.35164104923355,18334800
2019-03-29,110.82147216796875,111.17853384485387,109.90061908592064,110.94362314900447,25399800
2019-04-01,111.83626556396484,111.92083713068484,110.9717960425189,111.77049086491796,22789100
2019-04-02,111.99602508544922,112.26852235153636,111.36645897536248,111.87386693612073,18142300
2019-04-03,112.72892761230469,113.16116236238899,111.95842094147538,112.62556634936014,22860700
2019-04-04,112.1557388305664,112.97323045530311,111.23488594860194,112.8510723319045,20112800
2019-04-05,112.65375518798828,112.97323741243139,112.16514417101602,112.18393386944003,15826200
2019-04-08,112.69136047363281,112.77592488394492,111.47922041015335,112.5786007576444,15116200
2019-04-09,112.08056640625,112.32487548567467,111.42281946422666,111.46979729214033,17612000
2019-04-10,112.93563842773438,113.08597750530753,112.32486934700385,112.53159185145759,16477200
2019-04-11,113.06721496582031,113.55582604641883,112.68195799336898,113.26453908503733,14209100
2019-04-12,113.64978790283203,113.67798320725163,113.10480055544288,113.35850094397703,19745100
2019-04-15,113.7437515258789,114.24176100908055,113.29271987626137,113.64039025552707,15792600
2019-04-16,113.48062896728516,114.30751900927952,112.85107017178767,114.29812057637399,14071800
2019-04-17,114.4202880859375,114.49546122225212,113.26453158294588,113.92227860343665,19300900
2019-04-18,115.92371368408203,116.06465434326424,113.97865372941985,114.81493509545452,27991000
2019-04-22,116.29019165039062,116.51570390872689,115.17201445592649,115.21899946216153,15648700
2019-04-23,117.86878204345703,118.00033144734353,116.35595672985738,116.60965710337997,24025500
2019-04-24,117.4647445678711,118.2540410528095,117.00431444941829,118.19766478071544,31257000
2019-04-25,121.35482788085938,123.44083545937819,121.05414972477223,122.20990603033842,38033900
2019-04-26,122.05018615722656,122.64216562899917,121.23270162025247,121.87165175540248,23654900
2019-04-29,121.93745422363281,122.32269688770121,121.54280595505256,122.05959804198105,16324200
2019-04-30,122.71733856201172,122.81129422642175,121.58036462151854,121.97501282278304,24166500
2019-05-01,120.16150665283203,122.76431379392501,119.99237067900941,122.6515612573132,26821700
2019-05-02,118.59229278564453,120.27425391551279,117.94393709158189,120.25546421765632,27350200
2019-05-03,121.11993408203125,121.6179435486845,119.56952941608199,119.67289068299922,24911100
2019-05-06,120.41519927978516,120.80045620549538,118.49833459169527,118.76143338539762,24239800
2019-05-07,117.94393920898438,119.50374940852787,116.72240809706778,118.82720557108271,36017700
2019-05-08,117.93455505371094,118.74264833393927,117.22042460792444,117.86878035271118,28419000
2019-05-09,117.92515563964844,118.19765287549865,116.1116449912626,116.7881888638694,27235800
2019-05-10,119.45679473876953,120.20851189765315,116.34657915247814,117.37079360223443,30915100
2019-05-13,115.9049301147461,117.97214843641152,115.6136431604776,116.61906060178725,33944900
2019-05-14,117.20164489746094,118.28222833899515,116.23380683039936,116.39355154836042,25266300
2019-05-15,118.85209655761719,119.50285230254299,116.66405628553342,117.19220889978928,24722700
2019-05-16,121.5965805053711,122.02099645719915,119.26707773925698,119.54058368569899,30112200
2019-05-17,120.7854995727539,123.03955792949668,120.64402280439299,121.01183937671897,25770500
2019-05-20,119.04071807861328,120.33278907320177,118.60688333925702,119.32365002405018,23706900
2019-05-21,119.6820297241211,120.27619323163142,119.38023135905289,120.18188259169273,15293300
2019-05-22,120.40824890136719,120.94583474576667,119.32365837931091,119.41797622983545,15396500
2019-05-23,119.00300598144531,119.10674986526185,117.6449094627141,119.0218652351201,23603800
2019-05-24,119.05957794189453,120.17246086872368,118.80493847014878,119.69147440037712,14123400
2019-05-28,118.984130859375,120.71946978370401,118.88038698939434,119.75748967485922,23128400
2019-05-29,117.83353424072266,118.25793579164933,116.98472394342744,118.24850256738999,22763100
2019-05-30,118.57859802246094,118.60689049916843,117.68262881922088,118.13533003286577,16829600
2019-05-31,116.64518737792969,117.53172328222298,116.3056632952404,117.16390672521642,26646800
2019-06-03,113.02359771728516,117.29594115552322,112.24081289065998,116.80551429055417,37983600
2019-06-04,116.15476989746094,116.26793979687059,113.78753449711253,114.38169805533683,29382600
2019-06-05,118.67290496826172,118.71063066784006,117.14504651482567,117.84295396842124,24926100
2019-06-06,120.5497055053711,120.69117507048792,118.45597608887695,119.24820133626655,21459000
2019-06-07,123.92607116699219,124.72772962794798,120.96467233974083,121.84178219391802,33885600
2019-06-10,125.05783081054688,126.45364564294155,124.49195254263658,124.86919512732202,26477100
2019-06-11,124.58627319335938,126.60455128778611,123.81290716916996,126.26502719756093,23913700
2019-06-12,124.0109634399414,124.46365741007185,123.27533034189874,123.92607162795045,17092500
2019-06-13,124.79378509521484,125.43510050596629,124.07700388215704,124.47311299895387,17200800
2019-06-14,124.9163818359375,126.18016060573328,124.15245607793983,124.73718653154094,17821700
2019-06-17,125.29363250732422,126.12356921411472,124.99182687512067,125.08614473290542,14517800
2019-06-18,127.47219848632812,127.54764986995613,125.97264001278135,126.55737024729846,25934500
2019-06-19,127.97210693359375,128.19844679197587,126.19903462487409,127.32135105897277,23744400
2019-06-20,129.16041564941406,129.83003787884442,128.00038087061822,129.63197614056992,33042600
2019-06-21,129.17926025390625,129.89602689853749,128.6982738149818,128.81144370863893,36727900
2019-06-24,129.94314575195312,130.52787587673157,129.20751288823917,129.20751288823917,20628800
2019-06-25,125.84059143066406,129.76397710052322,125.18040980133205,129.44331950783055,33327400
2019-06-26,126.31217956542969,128.0192405413714,126.00096232172312,126.70830302100477,23657700
2019-06-27,126.51966094970703,127.04782073357877,125.91606415902196,126.51023492157603,16557500
2019-06-28,126.3404769897461,126.94407376571549,125.58597742206376,126.9157812911296,30043000
2019-07-01,127.9626235961914,128.92461084434316,127.29301588520211,128.85859987141586,22613500
2019-07-02,128.81146240234375,128.82088843122256,127.6419872316011,128.37762042889418,15237800
2019-07-03,129.64141845703125,129.9054911846708,128.53795422760638,129.01895514578754,13629300
2019-07-05,129.26412963867188,129.51877627445242,128.00035126845566,128.20783898785004,18141100
2019-07-08,129.16986083984375,129.30189720660832,127.67028748551462,128.64170098190075,16779700
2019-07-09,128.6983184814453,129.17930508730254,128.07585506853357,128.26447642038622,19953100
2019-07-10,130.00921630859375,130.69769050695328,129.22642426788042,129.33016813811668,24204400
2019-07-11,130.5278778076172,131.30124356294397,130.0280250695167,130.3392565765962,22327900
2019-07-12,130.99949645996094,131.21642464364177,130.16011937560694,130.95235192435405,18936800
2019-07-15,130.99949645996094,131.6030933027449,130.58453532314013,131.5087898406472,16651500
2019-07-16,129.28302001953125,131.14096942026552,128.75487459633675,131.0560919895843,22726100
2019-07-17,128.51907348632812,130.08464305339308,128.47191456887074,129.86772930214644,20211000
2019-07-18,128.66050720214844,128.8491284391012,127.0100461947753,127.839996906421,30381800
2019-07-19,128.8491668701172,132.6688092189023,128.6888380513432,132.24440771145558,48992400
2019-07-22,130.55624389648438,131.27302512580252,129.5188193454019,129.59427075853463,25074900
2019-07-23,131.36727905273438,132.02747507092565,130.17895212357436,131.8105469434033,18034600
2019-07-24,132.7159423828125,132.7348088257368,130.95231132769646,130.99945584868806,20738300
2019-07-25,132.2161865234375,132.6122957700151,131.39567554059033,132.44252644097327,18356900
2019-07-26,133.30068969726562,133.62134731371992,132.31985040255805,132.38586137494275,19037600
2019-07-29,133.00833129882812,133.46102527389118,131.442747246086,133.45159924618142,16605900
2019-07-30,132.36705017089844,133.18756091060058,131.84833069544305,132.16898841085703,16846500
2019-07-31,128.51907348632812,132.49904435292876,127.39675744889547,132.34814157341756,38598800
2019-08-01,130.20729064941406,132.92348389495535,129.1415592513733,129.20758463289823,40557500
2019-08-02,129.11326599121094,130.4525105462165,127.56654804481562,130.23558234327487,30791600
2019-08-05,124.69003295898438,126.31218782918423,123.34136245419361,125.7180313887167,42749600
2019-08-06,127.0289535522461,127.96263401271166,125.63313868014475,126.18957654519347,32696700
2019-08-07,127.58538055419922,127.934330644793,124.33161667539832,126.18012538278745,33414500
2019-08-08,130.99008178710938,131.08439964826775,128.1984371529115,128.8303409190795,27496500
2019-08-09,129.87721252441406,131.45222302858284,128.6983111538489,130.72601575486664,23466700
2019-08-12,128.06637573242188,130.01864282763896,127.54767077016326,129.27358367740547,20484300
2019-08-13,130.716552734375,130.90517402211208,127.32131199158015,128.31159174080213,25154600
2019-08-14,126.78009796142578,129.56210877956542,126.48675923848506,129.03220470731083,32527300
2019-08-15,126.49624633789062,127.34789045854782,125.14309915291345,127.16809844067109,28074400
2019-08-16,128.81455993652344,129.12682790920258,127.48032799111316,127.6317332697701,24449100
2019-08-19,130.9720458984375,131.10452191896815,129.53372450495954,130.44214181631492,24355700
2019-08-20,129.8838653564453,131.2559562627572,129.86495051989957,130.78282545059628,21170800
2019-08-21,131.33160400390625,131.99399848779527,130.58406390419427,131.1045105249062,14970300
2019-08-22,130.37586975097656,131.71955895086975,128.96593533505185,131.20858424508518,18697000
2019-08-23,126.2217788696289,130.9152406995583,125.66348823587919,129.81757425982,38508600
2019-08-26,128.17112731933594,128.27521667003532,126.70441899177412,127.73585508099728,20312600
2019-08-27,128.44554138183594,129.3728736102259,127.42357722779603,129.06060558214665,23102100
2019-08-28,128.27520751953125,128.464456933083,126.37322708930843,127.63175662569438,17393300
2019-08-29,130.69764709472656,131.0004577362487,129.55267864863546,129.87440412614816,20168700
2019-08-30,130.45162963867188,131.70068748926707,128.94707710364324,131.67230079530856,23940100
2019-09-03,128.72943115234375,129.82709815416356,128.40770565006088,129.26880723453024,18869300
2019-09-04,130.23394775390625,130.29072112187868,129.1457385921619,129.92167979125622,17995900
2019-09-05,132.52386474609375,132.8361326295046,131.30317988923335,131.6343770367655,26101800
2019-09-06,131.6249542236328,132.6469037340506,130.7733103798823,132.5049703128264,20824500
2019-09-09,130.1298828125,132.240041870684,129.1268479536001,132.08863656852438,25773900
2019-09-10,128.7672882080078,129.53375784110435,127.28165047368921,129.44859775716185,28903400
2019-09-11,128.80511474609375,128.9470626387698,127.83046652603281,128.60640791067436,24726100
2019-09-12,130.1298828125,130.98151236924028,129.51480418702818,130.4421508336526,27010000
2019-09-13,129.94064331054688,130.64086761851087,129.23094714622312,130.3759155389344,23363100
2019-09-16,129.00384521484375,129.35395738521586,128.36985167769146,128.53071441647882,16731400
2019-09-17,130.00682067871094,130.1298392503846,129.0984036086582,129.5999353090203,17814200
2019-09-18,131.0761260986328,131.21805952545353,129.19306081626476,129.97845946854483,23982100
2019-09-19,133.4890899658203,134.7192181180876,132.54282865558287,132.760464714073,35772100
2019-09-20,131.94671630859375,134.03794630330162,130.82066272430222,133.4323394729439,39167300
2019-09-23,131.6627960205078,132.12646925306777,131.00041600170894,131.74795607175307,17139300
2019-09-24,129.9974365234375,133.1295604295552,129.52430567504973,132.81729233696237,29773200
2019-09-25,131.87103271484375,132.4387955173644,128.71997948235057,130.11098535359912,21382000
2019-09-26,132.04129028320312,132.6468969139585,131.00041155720535,131.9466728201857,17456600
2019-09-27,130.32858276367188,132.81725494599414,129.3066186862027,132.61853369254032,22477700
2019-09-30,131.55873107910156,131.7385230686924,130.37590424106116,130.63139888094307,17280900
2019-10-01,129.70408630371094,132.7131913042607,129.63784106013344,132.15490041756343,21466600
2019-10-02,127.4140625,129.0416328896669,126.4015705424885,128.92808616813656,30521700
2019-10-03,128.95654296875,129.40128712164014,126.06098448486621,127.69801317852978,24132900
2019-10-04,130.69764709472656,130.82066572269568,129.089005268357,129.4012733278744,22897700
2019-10-07,129.75135803222656,130.75439280203412,129.65674055588423,129.77028730301623,15303700
2019-10-08,128.37928771972656,130.3569706622819,128.33197176000724,129.7135198142711,25550500
2019-10-09,130.81117248535156,131.24644461484368,129.60941654394114,130.07308979725434,19749900
2019-10-10,131.6249542236328,132.16431566308654,130.82062633322428,131.04773424598477,17654600
2019-10-11,132.17381286621094,133.45127179698633,132.0034927094708,132.59017027887273,25446000
2019-10-14,132.05078125,132.75100544512486,132.02239456310593,132.1832572684401,13304300
2019-10-15,133.96224975585938,134.17041400568684,132.29682024680068,132.53338562580973,19695700
2019-10-16,132.86459350585938,133.41342696149533,132.03187868505913,133.2241630921818,20751600
2019-10-17,132.18331909179688,133.82034803648932,131.54932538996582,133.37560381540024,21460600
2019-10-18,130.02578735351562,132.47660100682907,129.22145935759556,132.24949306427663,32273500
2019-10-21,130.99099731445312,131.05724256262133,129.64730746271346,131.00992659090224,20078200
2019-10-22,129.0416717529297,132.48606291842205,128.93758241391188,131.50195734491172,27431000
2019-10-23,129.86488342285156,130.06359017556204,128.32247315170312,129.52422883654882,29844600
2019-10-24,132.4198455810547,132.87404708892518,131.21808935186658,131.89939883307514,37029300
2019-10-25,133.16738891601562,133.5553596314757,131.719609844963,131.85208588941208,25959700
2019-10-28,136.44146728515625,137.84193046028693,135.7980018660054,136.64017414251862,35280100
2019-10-29,135.1544952392578,136.73474978438668,134.98416070712858,136.3373217944861,20589500
2019-10-30,136.83888244628906,137.2079238708723,135.11667950569708,135.80746082871093,18496600
2019-10-31,135.66551208496094,137.14167777405734,135.30594251890233,137.11329108302127,24605100
2019-11-01,135.99671936035156,136.65909959772023,135.2870231548552,136.50769427523417,33128400
2019-11-04,136.78207397460938,137.20788867238403,136.41303264469778,137.04702598383813,16912000
2019-11-05,136.6969451904297,137.22684933009575,136.17649846797022,137.1795333664531,18250200
2019-11-06,136.3184051513672,136.75369171707595,135.50461982845238,136.61174385402217,16575800
2019-11-07,136.50767517089844,137.09436710372245,136.04401628903287,136.11024708409755,17786700
2019-11-08,138.11630249023438,138.14468917347034,136.03451612758914,136.24269476385365,16732700
2019-11-11,138.25823974609375,138.5515784402127,136.95239452576902,137.5296144989327,14362600
2019-11-12,139.16668701171875,139.63981776605712,138.21095364712016,138.41913233413342,18641600
2019-11-13,139.39381408691406,139.53576201066718,138.41916565347051,138.85445240531524,16919200
2019-11-14,140.103515625,140.43471302065942,139.1004804570835,139.11940973538628,19729800
2019-11-15,141.91082763671875,141.92975690816033,140.3021860954687,140.92670766500572,23485700
2019-11-18,142.26092529296875,142.45964652590888,140.9740093029432,142.00544512907695,21534000
2019-11-19,142.30828857421875,143.19777683297937,142.12849655100456,142.7719619794129,23935700
2019-11-20,142.06141662597656,143.2197852087503,140.96002910276272,142.71656117550538,25696800
2019-11-21,141.92848205566406,142.23232307166091,140.99799429806353,141.85252180166486,18576100
2019-11-22,142.0328826904297,142.70702068607702,141.30179263140764,142.48864407675435,15901800
2019-11-25,143.59005737304688,143.7040049843586,142.34623914973673,142.42219939463277,22420900
2019-11-26,144.349609375,144.71990642166358,143.67548591237409,143.713458781395,24620100
2019-11-27,144.62496948242188,144.79586912784083,143.86538169760746,144.63445907785672,15184400
2019-11-29,143.73248291015625,144.60600396201295,143.63752898559005,144.41611060081536,11977300
2019-12-02,141.9949188232422,144.15973483779825,140.8270609835844,144.1407411568471,27418400
2019-12-03,141.76712036132812,141.88105353726576,139.2414953831357,140.0390710785252,24066000
2019-12-04,142.2798309326172,142.59314712747644,141.66265916785215,142.55517423620083,17574700
2019-12-05,142.355712890625,142.72602447622063,141.9284492376203,142.46966048924432,17869100
2019-12-06,144.08384704589844,144.19778021302264,142.6786181955833,143.3622461742103,16403500
2019-12-09,143.71351623535156,144.52058128202933,143.28625247037877,143.43817298306075,16687400
2019-12-10,143.4951171875,144.2167177783611,143.1437992456888,143.6470231885677,16476100
2019-12-11,144.0363006591797,144.1977107308099,142.7355160014967,143.88438018425694,18856600
2019-12-12,145.49853515625,145.68842853892974,143.39068528625114,143.9888487172955,24612100
2019-12-13,146.72337341308594,147.0651873288227,145.10925777852694,145.27066789318906,23845400
2019-12-16,147.6728515625,148.02415506952832,146.998727833449,147.27407108448304,24144200
2019-12-17,146.8752899169922,147.84376506645128,146.64740915007906,147.5968906136444,25425600
2019-12-18,146.5714569091797,147.62538197088486,146.39105310316756,146.50500073682363,24129200
2019-12-19,147.84371948242188,147.90068603460156,145.9827300129324,146.22010030563635,24958900
2019-12-20,149.45785522460938,150.4832967693194,148.3944263145759,149.4008886645591,53477500
2019-12-23,149.45785522460938,150.1319788357844,149.32492842184706,150.1319788357844,17718200
2019-12-24,149.4293975830078,149.7427282049792,149.1825231298524,149.52433703673594,8989200
2019-12-26,150.6541748046875,150.7111413565533,149.44832966777443,149.60025013137175,14520600
2019-12-27,150.9295654296875,151.48975596266368,150.22694399799698,151.39480203018746,18412800
2019-12-30,149.62875366210938,150.98651944641657,148.8121991696551,150.95803616662798,16348400
2019-12-31,149.73321533203125,149.79968598488423,148.54636357054093,148.850204575692,18369400
2020-01-02,152.5056915283203,152.61013505752078,150.33138558688324,150.7586493016358,22622100
2020-01-03,150.6067352294922,151.86954723170166,150.07502796286428,150.32190239946755,21116200
2020-01-06,150.99603271484375,151.0625033700607,148.60333542196298,149.14454679865977,20813700
2020-01-07,149.6192626953125,151.60367510473966,149.37240277675932,151.27136534760285,21634100
2020-01-08,152.00250244140625,152.67664073690742,149.97061244271396,150.9011003331217,27746500
2020-01-09,153.9014129638672,154.02485016301017,152.89496515282673,153.66404265039787,21385000
2020-01-10,153.18936157226562,154.97439165958286,153.03744103548547,154.59460480557232,20725900
2020-01-13,155.03128051757812,155.0597637929525,153.11332454408566,153.58806511756865,21626500
2020-01-14,153.9394073486328,155.33514601452856,153.55011653968288,155.13574856742852,23477400
2020-01-15,154.93638610839844,155.65800132949352,154.35721629474406,154.4046787799735,21417900
2020-01-16,157.77529907226562,157.84176971460525,155.7434097574871,156.0472507145809,23865400
2020-01-17,158.6583709716797,159.0096745049906,157.0727240520678,158.96219753045006,34371700
2020-01-21,158.08863830566406,159.69326403956893,158.02216765967506,158.25953798746136,29517200
2020-01-22,157.32904052734375,159.02862008132692,157.31004684568597,158.94315575783406,24138800
2020-01-23,158.2975311279297,158.37349137414458,156.92078607413185,157.7943071736997,19680800
2020-01-24,156.702392578125,159.06660630924776,156.14220206963714,159.0476126259956,24918100
2020-01-27,154.0818328857422,155.1262681697583,152.10690993192532,153.00891432015612,32078100
2020-01-28,157.10118103027344,157.38601382767297,154.83192132073702,155.50604492516229,24899900
2020-01-29,159.5508575439453,160.2249957526191,157.3195848143749,159.3609641502704,34754500
2020-01-30,164.05140686035156,165.25725238117488,162.16193352362347,165.25725238117488,51597500
2020-01-31,161.63021850585938,163.69059145426337,161.01306137636973,163.51020215384372,36142700
2020-02-03,165.57052612304688,165.6844592239106,161.79158074783197,161.8200640230479,30107000
2020-02-04,171.02056884765625,171.51430318526613,167.40304737617856,168.1911186016925,36433300
2020-02-05,170.81170654296875,174.8944796632022,169.3969884590293,174.73306955574307,39186300
2020-02-06,174.35325622558594,174.5336599911423,170.9636010212311,171.82763248366683,27751400
2020-02-07,174.6001434326172,176.2522463728986,173.26137110969623,173.61268909833885,33529100
2020-02-10,179.1671142578125,179.30004105721275,173.99244419039184,174.30577475067838,35844300
2020-02-11,175.12229919433594,181.06604575945155,174.22978462803601,181.0185688061082,53159900
2020-02-12,175.3787078857422,176.46111605357248,172.6631906242822,176.20475203047337,47062900
2020-02-13,174.42922973632812,176.82191236947082,173.6316543706779,173.83105183407446,35295800
2020-02-14,175.98635864257812,176.0433252005315,173.42274763120017,173.99244218660291,23149500
2020-02-18,177.77139282226562,178.2176502251347,176.12879410902988,176.23323763923193,27792200
2020-02-19,178.3045654296875,179.16142692930302,177.53338717453187,179.0471826033565,29997500
2020-02-20,175.58160400390625,178.2759769882036,172.4207237419166,177.99035168966387,36862400
2020-02-21,170.03102111816406,174.70571148986244,168.75524447726494,174.3915250882964,48572600
2020-02-24,162.70004272460938,166.18463956657936,155.40714713360293,159.72957434916313,68311100
2020-02-25,160.01519775390625,166.46073285003268,159.61531360581694,165.8514056385486,68073300
2020-02-26,162.01454162597656,164.95644881112133,160.14848344532092,161.5765954218968,56206100
2020-02-27,150.59918212890625,159.0250497653848,150.4087700779,155.49286045756762,93174900
2020-02-28,154.24559020996094,155.86412854172175,144.71532934299802,145.10568338901115,97012700
2020-03-02,164.50900268554688,164.6327770616493,154.53126258325238,157.38748705939656,71030800
2020-03-03,156.62579345703125,166.6130616388873,154.48362552167413,165.47057497886473,71677000
2020-03-04,162.37631225585938,162.51911762282631,157.68257731898743,160.41504106949054,49814400
2020-03-05,158.30148315429688,162.68101857562968,157.7492780197032,158.09202553333,47817300
2020-03-06,153.82672119140625,155.29290988438083,148.5236579689275,154.8168725190958,72821100
2020-03-09,143.4014892578125,150.1897866403432,142.8112075819428,143.76328229915575,70419300
2020-03-10,153.20782470703125,153.31255348170296,145.2675269719334,150.5801043527733,65354400
2020-03-11,146.2672576904297,150.14219461233048,143.90610170212486,149.5995195250043,56371600
2020-03-12,132.39552307128906,146.11492481009816,131.93853122219355,138.33647521956644,93226400
2020-03-13,151.21803283691406,154.15042478211845,133.9854742160237,140.43102427946823,92727400
2020-03-16,128.929931640625,142.1923374524822,128.53006207967763,133.29043474929534,87905900
2020-03-17,139.5456085205078,140.43103109931985,128.53009626039446,133.29047019596462,81059800
2020-03-18,133.67124938964844,139.00287221719995,128.5490986345937,131.38627647927117,81593200
2020-03-19,135.87054443359375,142.9539657882571,132.3383420066392,135.9276665733689,85922700
2020-03-20,130.7674560546875,140.05018368392615,129.34885962811197,139.00289578141994,84866200
2020-03-23,129.46311950683594,133.83315361883407,126.16894903091577,130.4437553300874,78975200
2020-03-24,141.2307586669922,142.43038209641236,134.49959803721939,136.86073924483702,82516700
2020-03-25,139.87881469726562,146.9336917873563,137.5176734833681,141.77344860070977,75638200
2020-03-26,148.62841796875,149.15206208598235,141.25935277740615,141.28791386311786,64568100
2020-03-27,142.5255584716797,147.46682775364604,142.0495211925308,144.47731422169113,57042300
2020-03-30,152.55093383789062,152.90321137574261,142.82072868520657,145.13427789282522,63420300
2020-03-31,150.15167236328125,156.8828313704925,149.0567779967451,151.760666028489,77927200
2020-04-01,144.82009887695312,150.18980018520003,143.5919287730892,145.6674448705902,57969900
2020-04-02,147.819091796875,148.0285493634673,143.15393223732946,144.58204408545626,49630700
2020-04-03,146.45770263671875,149.8375718763018,144.89630017897633,147.66684198450167,41243300
2020-04-06,157.34938049316406,158.52042823766854,150.02792415586416,152.63661391051838,67111700
2020-04-07,155.65469360351562,161.8526944982216,155.4357059688015,161.46234039547727,62769000
2020-04-08,157.21607971191406,158.68226816991287,155.6641935009924,157.73019359192514,48318200
2020-04-09,157.2256622314453,159.34878537745158,155.5024088353027,158.3871948737922,51385100
2020-04-13,157.57789611816406,157.6350328097064,154.5217441222941,156.4735003826598,41905300
2020-04-14,165.3753662109375,165.42297284963294,159.94854353230696,160.90061819618973,52874300
2020-04-15,163.64260864257812,165.2516172547934,161.12913194567304,162.99519027424256,40940800
2020-04-16,168.55531311035156,168.78381628806628,164.6137240916995,165.9466375037729,50479600
2020-04-17,170.04055786132812,171.37345671365338,167.44138330803202,170.89741933389323,52765600
2020-04-20,166.670166015625,170.18332337929624,166.6035283523802,168.16493001095583,36669600
2020-04-21,159.7771759033203,165.34680393000076,158.14912184782517,165.18495298161926,56203700
2020-04-22,165.2040252685547,165.66101711012155,162.6334261844166,163.17610127236938,34620200
2020-04-23,163.20465087890625,166.67020236608755,162.71909798935198,165.76573426475736,32790800
2020-04-24,166.1846466064453,166.19416212381853,162.5286831390991,163.81397530484196,34277600
2020-04-27,165.7085723876953,168.42197604134077,164.99451650081429,168.1268352658306,33194400
2020-04-28,161.67178344726562,167.25094111347252,161.27191386364734,167.1747734031397,34392700
2020-04-29,168.92662048339844,169.1646391773293,163.64261710014011,164.9183938130075,51286600
2020-04-30,170.62132263183594,171.7542793831699,167.78412941217093,171.37345529352075,53875900
2020-05-01,166.2036590576172,170.07859487264273,165.67048511327908,167.37470667155554,39370500
2020-05-04,170.26904296875,170.42137841371047,165.4705926725567,166.1275265673795,30372900
2020-05-05,172.09701538085938,174.84851064820512,171.2782305680416,171.96372550563353,36839200
2020-05-06,173.79168701171875,175.37213429721527,172.92531018696323,173.35374084140366,32139300
2020-05-07,174.80093383789062,175.70540196520787,173.8298135033723,175.34360890327773,28316000
2020-05-08,175.8291778564453,176.13384878430378,174.57244659780275,176.11480321943526,30877800
2020-05-11,177.7904510498047,178.52353817638254,174.0868807074852,174.37249152173197,30892700
2020-05-12,173.76318359375,178.07608169937646,173.56325600150797,177.8475930225284,32038200
2020-05-13,171.1354217529297,175.2293457351353,168.0792556733336,173.8012337316338,44711500
2020-05-14,171.8780517578125,172.03038720290988,167.26048345491301,169.03134305352413,41873900
2020-05-15,174.38201904296875,178.09510484951207,168.51723495019067,170.47850665967295,46610400
2020-05-18,176.04812622070312,177.27629612153746,175.1436582128011,176.84786543647925,35264500
2020-05-19,174.8294677734375,177.65713056761624,174.6961779072391,176.16236643542155,26799100
2020-05-20,177.25448608398438,177.4358864095357,175.61235570357988,176.44296291219172,31261300
2020-05-21,175.12545776367188,178.21877656541264,174.99179664947147,177.00626995004328,29119500
2020-05-22,175.20179748535156,176.10879901816836,174.2757119177132,174.89629268058604,20826900
2020-05-26,173.3496551513672,178.05644865123975,172.9009326408034,177.9036889523315,36073600
2020-05-27,173.57879638671875,173.75065470607606,168.60468023193414,172.04168637143127,39517100
2020-05-28,173.1873779296875,175.81287575400617,172.21356740742405,172.5572695235082,33810200
2020-05-29,174.95359802246094,175.9274229472376,172.24217877179476,174.45713625736357,42130400
2020-06-01,174.55262756347656,174.71492930155677,173.24465707143892,174.27574875242263,22622400
2020-06-02,176.53846740722656,176.62438928948723,173.13964365231473,175.90834446804334,30794600
2020-06-03,176.96810913085938,177.521852263122,175.26869708300563,176.45256321763313,27311000
2020-06-04,174.6385040283203,177.42630261291825,174.04657848242957,175.95603076513757,28761800
2020-06-05,178.72476196289062,179.2307657407467,173.7697300929723,174.35211372363253,39893600
2020-06-08,179.83224487304688,180.0136451993302,176.0897195580362,177.52180899547244,33211600
2020-06-09,181.20701599121094,182.0662636506947,178.78200354855065,179.48850610427925,29783900
2020-06-10,187.92835998535156,189.5323080740531,182.36230276524785,182.4768798509931,43872300
2020-06-11,177.83689880371094,186.89724343381124,177.64595642850398,184.38632279229915,52854700
2020-06-12,179.24032592773438,183.04013263127186,176.79621429280857,181.91354798974007,43373600
2020-06-15,180.385986328125,182.1808764027824,175.67917817531608,176.2233791495134,32770200
2020-06-16,184.80636596679688,186.7253604719704,182.79189301007654,184.15714454580453,42556700
2020-06-17,185.446044921875,187.43187740792754,184.9209425343185,186.20027230184343,25687800
2020-06-18,187.43186950683594,187.59417122560848,185.21689755377494,185.21689755377494,23061600
2020-06-19,186.3148193359375,190.2673853746656,185.57013403646454,189.59907992231373,44441100
2020-06-22,191.48947143554688,191.67085720535485,186.39122164361794,186.92586606992526,32818900
2020-06-23,192.768798828125,194.7164341520456,192.3105196959349,192.94064257672042,30917400
2020-06-24,188.88307189941406,194.04814534058553,187.6610232442565,192.47285257091232,36740600
2020-06-25,191.26983642578125,191.5276165693965,186.62032466334824,188.84483837625638,27803900
2020-06-26,187.44142150878906,190.8402449016847,186.05707124837497,190.68748519306817,54675800
2020-06-29,189.45590209960938,189.5418239761008,184.7872907599883,186.91632647376247,26701600
2020-06-30,194.29632568359375,195.1460314274732,188.78756594278659,188.92122702942044,34310300
2020-07-01,195.43247985839844,197.0077870680301,192.63513866088167,193.9431090914506,32061200
2020-07-02,196.921875,198.6022028982619,195.7189249011741,196.36813190334274,29315800
2020-07-06,201.1608428955078,201.57138280923724,198.66900649142337,199.37550924846306,31897600
2020-07-07,198.82176208496094,204.951103494478,198.5735384788071,200.92215713817126,33600700
2020-07-08,203.1944122314453,203.604937572175,199.24184569768227,200.55937273159265,33600000
2020-07-09,204.616943359375,206.58367716565738,201.8959676336942,206.53593793805533,33121700
2020-07-10,203.996337890625,204.3877791145161,201.52360062003234,203.94859866879057,26177600
2020-07-13,197.69517517089844,206.02993140575356,197.1509742058901,204.7696857402396,38135600
2020-07-14,198.917236328125,199.39459949227412,192.88335894065565,196.7977427138655,37591800
2020-07-15,198.62127685546875,201.76233491712242,195.74755559239682,200.07246508448742,32179400
2020-07-16,194.6877899169922,196.38720160543846,193.1506799551989,196.100780795123,29940700
2020-07-17,193.69488525390625,195.7570830844542,192.2723377574548,195.21289664393825,31635300
2020-07-20,202.02008056640625,202.68838602860433,193.8189709975405,195.71888148175816,36884800
2020-07-21,199.29910278320312,204.2541343042326,198.61169872433393,203.98681212222417,37990400
2020-07-22,202.1632843017578,202.68838665509594,198.9554035053253,199.7287294402567,49605700
2020-07-23,193.37025451660156,201.37086541200424,192.99791184978267,197.80974046340648,67457000
2020-07-24,192.18638610839844,193.675756642819,188.56796566862724,191.34622239443172,39827000
2020-07-27,194.6209716796875,194.73553417958752,191.7663346574463,192.34871831188454,30160900
2020-07-28,192.87384033203125,195.43250020980508,192.60651809309874,194.39185188196288,23251400
2020-07-29,194.82147216796875,195.384757263023,192.86428008098164,193.33210127421285,19632600
2020-07-30,194.66871643066406,195.20337547729443,190.5347637410289,191.90001556561165,25079600
2020-07-31,195.72845458984375,195.8143910377504,190.00009617315249,195.14607090142806,51044000
2020-08-03,206.73643493652344,207.78663973609935,200.91261301223892,201.94371920601316,78983000
2020-08-04,203.63357543945312,205.04658091707702,200.788495014236,204.4737392836654,49280100
2020-08-05,203.29942321777344,205.2661570897117,201.9914528320211,205.17067863132021,28806400
2020-08-06,206.55506896972656,206.57415300938985,201.97237919186563,202.72660666170313,32656800
2020-08-07,202.8602294921875,205.93444918218864,201.38040089130416,205.12294061058364,27820400
2020-08-10,198.82176208496094,202.28742339193712,197.00778784990837,202.0869244488363,36716500
2020-08-11,194.1722412109375,198.24891205775197,193.94310165251605,197.78110549026326,36446500
2020-08-12,199.7191925048828,200.75984065200336,195.48020549800736,195.99575127842633,28013100
2020-08-13,199.25135803222656,201.78139124117297,198.72625570071196,199.9578606753522,22588900
2020-08-14,199.4423370361328,200.10110057608242,198.11526793680267,199.3086759242567,17958900
2020-08-17,200.75987243652344,201.62867698371005,199.46144390964133,200.110665457067,20184800
2020-08-18,201.91510009765625,202.74570743894296,199.73832497927296,200.99855630508833,21336200
2020-08-19,200.6900634765625,202.98695425732413,200.25940101866428,202.4031628267386,27627600
2020-08-20,205.36036682128906,205.76231936720612,199.93398554663793,200.5369070639232,26981500
2020-08-21,203.867431640625,206.95864805211912,203.70473757719722,204.67133687280338,36249300
2020-08-24,204.50863647460938,206.2600107782231,203.3027640605112,205.56136531180084,25460100
2020-08-25,207.16917419433594,207.30315838511353,203.94397392857317,203.94397392857317,23043700
2020-08-26,211.64810180664062,212.5477162669981,208.0209487114188,208.5186105709494,39600800
2020-08-27,216.84481811523438,221.21845696335774,209.97330473340136,213.31335946140254,57602200
2020-08-28,219.07467651367188,220.730341396453,216.84478533701528,218.3760311153811,26292900
2020-08-31,215.83990478515625,218.8737012054003,214.6723219857965,217.24674611548022,28774200
2020-09-01,217.505126953125,217.67738606810042,214.78713922367692,215.82073772307035,25725500
2020-09-02,221.69692993164062,222.85494754756553,217.58169523463175,218.17505166750306,34080800
2020-09-03,207.96353149414062,219.4575068084066,205.72407500414147,219.41923186637518,58400300
2020-09-04,205.04458618164062,208.97799749718706,196.37385829268598,205.8580711279521,59664100
2020-09-08,193.9525146484375,201.00585058100995,193.5122725814411,197.6275217170075,52924300
2020-09-09,202.21173095703125,205.60920497288095,197.81894789080067,198.68028735290457,45679000
2020-09-10,196.54611206054688,205.51353258521655,195.34025420679887,204.23109563870372,35461500
2020-09-11,195.26368713378906,199.666050305795,192.59356813467994,198.29748380280336,33620100
2020-09-14,196.5844268798828,200.211580595622,195.26371482037965,195.46469845676776,30375800
2020-09-15,199.80960083007812,200.76663503832762,198.03908170354327,199.46506793098098,21823900
2020-09-16,196.23988342285156,201.5992666668537,195.84749586051157,201.57055680650535,26328100
2020-09-17,194.1918182373047,195.55080508538697,191.36857019218812,191.4546997677352,34011300
2020-09-18,191.7800750732422,194.9000011831459,187.8179542280491,194.08653090763448,55225300
2020-09-21,193.8376922607422,194.0004009186753,187.94237293600173,188.71756826877157,39839700
2020-09-22,198.50799560546875,199.1587863357696,193.39743741950346,196.24939472356635,33517100
2020-09-23,191.9714813232422,199.15881731097764,191.4355445226873,198.96739879376585,30803800
2020-09-24,194.4597930908203,196.73753929637155,190.64122114678156,191.26330217598013,31202500
2020-09-25,198.8908233642578,200.0583914708231,193.83767014320424,194.8042838801468,29437300
2020-09-28,200.44126892089844,203.43679099464873,199.1205568954803,201.81940066860702,32004900
2020-09-29,198.3549346923828,201.04421349026651,197.9242721542855,200.3551475880367,24221900
2020-09-30,201.2930145263672,202.8721151895252,197.66584655961745,198.80471964780773,33829100
2020-10-01,203.3314666748047,204.79572764616043,202.2404484098106,204.31721060707213,27158400
2020-10-02,197.33090209960938,201.92466960079273,196.70882105074978,199.06313182368098,33154800
2020-10-05,201.3408660888672,201.36957594752798,198.08694094320444,198.3166344156742,21331600
2020-10-06,197.06289672851562,201.14942185632785,196.01973305531848,199.84786948820184,28554300
2020-10-07,200.814453125,201.08242148629012,197.8380766948601,198.1634647616866,25681100
2020-10-08,201.53225708007812,202.11604850735242,199.36936511507264,201.46525767871398,19925800
2020-10-09,206.53756713867188,206.58542177365823,202.15434835187833,202.15434835187833,26458000
2020-10-12,211.88735961914062,214.2416701052122,207.4945762789934,209.38949984869137,40461400
2020-10-13,213.2846221923828,215.53365819061227,210.95902171302407,213.150638001202,28950800
2020-10-14,211.37057495117188,214.58621046182856,209.71490986658227,213.41862756429836,23421700
2020-10-15,210.22215270996094,210.89207378296717,206.7289688383401,207.77214729829,22733100
2020-10-16,210.22215270996094,212.7391429273404,209.8967645606699,210.69109015947322,26057900
2020-10-19,205.015869140625,212.74870729118058,204.5373520367776,210.94947830769584,27625800
2020-10-20,205.42738342285156,208.03051759272938,203.93441242019458,206.5279815053005,22753500
2020-10-21,205.57093811035156,207.59984583306044,203.96311314649793,203.96311314649793,22724900
2020-10-22,205.65707397460938,206.77680221075053,202.6041326095629,204.73831473811316,22351500
2020-10-23,206.93954467773438,206.98739931847672,204.00145665693643,205.7911063158486,18879600
2020-10-26,201.05372619628906,207.04475442647643,199.15880276043248,204.6617488550272,37111600
2020-10-27,204.08753967285156,205.4465264613158,201.29300160884554,202.49885942315484,36700300
2020-10-28,193.9716796875,199.86701371354707,193.41661271649156,198.74728548055538,51195600
2020-10-29,195.92404174804688,198.45061144103295,194.63203974234074,195.30197536200046,31432600
2020-10-30,193.77072143554688,195.51251613796734,191.04316804272622,194.7564655227637,36953700
2020-11-02,193.63673400878906,196.45998201562932,191.52168197331255,195.51251288790638,30842200
2020-11-03,197.560546875,199.17793687834458,194.39276626640526,195.12968662953483,27512000
2020-11-04,207.09262084960938,208.93970436806254,203.2931940743862,204.8244545683417,42311800
2020-11-05,213.69613647460938,214.4904765251998,211.64808409709025,212.4998438568253,36080100
2020-11-06,214.10768127441406,214.72018254648174,208.66215462267135,212.71040498956907,25231900
2020-11-09,209.0067138671875,218.3186532354657,208.51863164610597,214.79677412758556,44395000
2020-11-10,201.94381713867188,207.19794108665346,200.70924922688286,205.28387234682293,44045100
2020-11-11,207.24575805664062,208.6717296625899,203.08265346292407,203.2644922966665,29440800
2020-11-12,206.1834259033203,209.69573924790384,205.24553658757185,207.87738032507988,21593900
2020-11-13,207.20748901367188,208.0783937229368,204.95846719253126,207.0639397113466,18621100
2020-11-16,207.8965301513672,208.38462692760493,205.3029757098469,205.63792890983984,24953300
2020-11-17,205.2455596923828,208.327196362461,204.88188202560576,206.81509518658177,24154100
2020-11-18,202.53964233398438,206.46415620662827,202.39570259363785,205.0056517579843,28372800
2020-11-19,203.82542419433594,204.41074400525517,201.4361650366989,202.82750933447096,24792700
2020-11-20,201.8775634765625,204.6602228406842,201.50334356702317,203.6143280475377,22843100
2020-11-23,201.60888671875,203.70067623444444,199.73778723420364,202.41489655187553,25683500
2020-11-24,205.20718383789062,205.581403777196,200.40948479991638,201.10994475986428,33979700
2020-11-25,205.2167510986328,206.57929571662513,203.86381124815216,206.40658559838184,21012900
2020-11-27,206.5217742919922,207.51970401479903,205.37991943676963,206.15715907606656,14512200
2020-11-30,205.40870666503906,206.0707768754735,202.30938234815488,205.437491689779,33064800
2020-12-01,207.4621124267578,208.5272022203273,204.71782793602847,205.83088300781273,30904500
2020-12-02,206.6560821533203,206.75204198993873,204.190072479513,206.18591702157005,23724500
2020-12-03,205.57180786132812,207.62522240610232,205.0056682633133,205.9268328948881,25120900
2020-12-04,205.6869354248047,206.66567004098926,204.5546709391374,205.55260044936085,24666000
2020-12-07,205.61978149414062,206.81920626860725,204.3723914418279,205.69654643667639,24620000
2020-12-08,207.27017211914062,208.17214180932788,204.27641284227593,205.31271750920934,23284100
2020-12-09,203.2305145263672,206.5217287203082,202.66438960856496,206.45456855380638,32440600
2020-12-10,202.0023193359375,204.45873883924034,201.84878945662726,203.20174406539516,26733300
2020-12-11,204.6314239501953,204.6890086289566,200.64934019188877,201.55130982077503,30979400
2020-12-14,205.53343200683594,207.46211646706954,204.26684702413348,204.47794696148657,28798400
2020-12-15,205.4662628173828,206.70406272172727,203.65273317434787,206.46417777084216,27000600
2020-12-16,210.4078826904297,211.20430246821877,206.0323836174708,206.06116863968117,35023300
2020-12-17,210.54220581054688,211.95273038503314,209.10289621547224,210.97399576078638,32515800
2020-12-18,209.7458038330078,210.8013034819783,207.2797941315631,209.7458038330078,63354900
2020-12-21,213.58395385742188,214.9369084468528,208.48880002213403,208.74787985959026,37181900
2020-12-22,214.87933349609375,216.50095801273704,212.87389893684067,213.67990881116995,22612200
2020-12-23,212.0774688720703,214.5146932710485,211.86636896648002,214.08290333376428,18699600
2020-12-24,213.7374725341797,214.56267727866629,212.2501830405636,212.4612829501821,10550600
2020-12-28,215.8580780029297,216.8847779666073,213.99656846423386,215.36870333861185,17933500
2020-12-29,215.08084106445312,217.98824549729198,214.53391099007936,217.15345055362997,17403200
2020-12-30,212.71078491210938,216.50097899696252,212.50928974470457,216.11715427573614,20272300
2020-12-31,213.42083740234375,213.97737223508196,210.79169311832163,212.7299675852491,20942100
2021-01-04,208.88223266601562,213.9773869360823,206.11875320777628,213.5264020344553,37130100
2021-01-05,209.0836944580078,209.67861902727174,206.97271004947524,208.4695896365908,23823000
2021-01-06,203.662353515625,207.7308081571184,203.36489847502523,203.5855885629835,35930700
2021-01-07,209.45794677734375,210.46546654506324,205.0632671621536,205.37990242724453,27694500
2021-01-08,210.73410034179688,211.6552648790283,208.24889607857534,209.83213069780732,22956200
2021-01-11,208.69033813476562,210.05288303587952,207.96107844021387,209.6306831372268,23031300
2021-01-12,206.23388671875,208.31610101495866,204.68904166255604,207.74037126573907,23249300
2021-01-13,207.58685302734375,207.9898580178423,205.27435841483444,205.36072813105426,20087100
2021-01-14,204.4011688232422,208.66152780549393,204.13249885511956,207.17423821247684,29480800
2021-01-15,204.04612731933594,205.83087188668628,203.45121734402414,204.88093687983877,31746500
2021-01-19,207.68276977539062,208.2009147581072,204.0269259531728,205.10160570482998,30480900
2021-01-20,215.26312255859375,216.65445212921978,208.49836506665167,208.89177983890295,37777300
2021-01-21,215.86769104003906,217.1438808555298,213.42086138301298,215.6086111691637,30709400
2021-01-22,216.80804443359375,220.76135890461012,216.6641193005423,217.8923292406394,30172700
2021-01-25,220.2431640625,220.48304900698852,215.14801018418993,219.8497492395992,33152100
2021-01-26,222.92990112304688,224.70504110859784,220.770936402289,222.4789162100641,49169600
2021-01-27,223.47679138183594,230.7117289549116,220.82846706760978,228.37044973267308,69870600
2021-01-28,229.26283264160156,232.8227316681534,225.57820339979344,226.07716818506384,49111200
2021-01-29,222.57485961914062,228.38966849505235,221.98953975241002,226.4418038621358,42503100
2021-02-01,229.95370483398438,232.68839909225326,223.02582637835746,225.54942071149748,33314200
2021-02-02,229.81936645507812,232.50608075588323,229.03255145237534,231.53695085313288,25916300
2021-02-03,233.16815185546875,235.17358635543027,229.57946803336847,229.87693764522302,27158100
2021-02-04,232.21820068359375,233.39844507245968,230.64455613985325,232.84191028192274,25296100
2021-02-05,232.4005126953125,233.43681732954676,230.69253319854138,232.4292977150345,18054800
2021-02-08,232.6596221923828,233.82065717970994,231.06678257131648,233.312102244531,22211900
2021-02-09,233.90701293945312,234.85694793762076,231.61371348356542,232.08387859856478,23565000
2021-02-10,232.99546813964844,235.97003282257953,231.1435486574617,235.0872579374984,22186700
2021-02-11,234.5978546142578,235.23113965663376,232.35252070277042,234.8761146709095,15751100
2021-02-12,235.07762145996094,235.37507640546337,232.90905250503582,234.06049714370232,16561100
2021-02-16,233.83987426757812,236.17156387367126,233.0914343054784,235.116064111009,26728500
2021-02-17,234.85926818847656,234.96506123995204,231.72396952450393,232.08943909780746,21653500
2021-02-18,234.4649658203125,234.5996101987233,231.64704608816618,232.55109320398296,16925600
2021-02-19,231.75283813476562,234.53229432170122,230.993047615162,234.42650126233121,25262600
2021-02-22,225.53993225097656,228.82911468835837,223.51063965852657,228.33862759094472,36446900
2021-02-23,224.34738159179688,225.84770894272074,219.9810292498646,221.51983481114613,30228700
2021-02-24,225.57838439941406,226.20351580478894,220.24067088187863,221.21203274988108,26339700
2021-02-25,220.2310791015625,225.61686886141217,219.16353629900811,223.20288228767947,39542200
2021-02-26,223.4914093017578,226.36703163258593,220.76002888675455,222.6739161526136,37819200
2021-03-01,227.87698364257812,228.3867098260675,224.2319439435093,226.87675570412392,25324000
2021-03-02,224.92442321777344,228.22323269493202,224.5204900588609,227.94431703214215,22812500
2021-03-03,218.85574340820312,224.64548028860872,218.56721558423757,223.2797975753155,34029500
2021-03-04,218.0574951171875,223.59718252075484,215.68197229589236,218.0671220058217,44727800
2021-03-05,222.74122619628906,224.3473463607686,217.79783355152915,220.74078515082306,41872800
2021-03-08,218.6922607421875,224.44351976146905,218.44221110661374,222.52002038744914,35267400
2021-03-09,224.8378448486328,226.37665024660328,222.808552384188,223.97227598423436,33080500
2021-03-10,223.52987670898438,227.9346923560373,223.16440710536557,227.9346923560373,29746800
2021-03-11,228.05970764160156,230.02167054315927,225.34756648415365,225.97271258487288,29907600
2021-03-12,226.73251342773438,226.79984295722946,224.3088998432436,225.05906350687266,22653700
2021-03-15,225.8284912109375,226.1939608682374,222.9432415168151,225.9727625007269,26034900
2021-03-16,228.61753845214844,230.87764154891525,226.91523729363269,227.24222868505888,28092200
2021-03-17,227.97314453125,229.42539598371647,224.30888048851298,227.11718787736953,29562100
2021-03-18,221.89488220214844,225.2321546884323,221.51980042264478,223.66449805031266,34833000
2021-03-19,221.5390625,223.57796728976257,220.5773127425442,222.183433076479,46430700
2021-03-22,226.9633331298828,227.83851426603098,221.3370911146356,221.46212328057254,30127000
2021-03-23,228.49253845214844,231.82981171269134,228.00205129596742,228.40598448490564,31638400
2021-03-24,226.45361328125,228.8964513044981,226.3189688968999,228.75219470524345,25620100
2021-03-25,223.4529266357422,227.87698122201323,222.71238991673437,226.29971226671537,34061900
2021-03-26,227.4345703125,227.65578331481655,222.69315122370767,222.69315122370767,25479900
2021-03-29,226.2419891357422,227.74231621643258,223.01050977920332,227.54034233627743,25227500
2021-03-30,222.981689453125,224.90518898802316,222.2603771275382,224.59742201837378,24792000
2021-03-31,226.7517547607422,229.9543833600764,223.50103573631569,224.00114974202836,43623500
2021-04-01,233.080078125,233.55132615154153,228.94455090403778,229.34848407327533,30338000
2021-04-05,239.54306030273438,240.39901714697388,233.41670331573945,233.47440596308203,36910600
2021-04-06,238.3793182373047,239.86040654818333,237.43680749401827,238.13888077497685,22931900
2021-04-07,240.3412628173828,241.33186391127126,237.73492914613195,238.3312093103771,22719800
2021-04-08,243.56314086914062,244.41909761825963,242.3609535993028,243.1015050665614,23625200
2021-04-09,246.0636749267578,246.1983193023005,242.7841048169457,243.19765015784952,24326800
2021-04-12,246.12136840820312,247.81405726650726,244.8807030813656,244.96727170717304,27148700
2021-04-13,248.6027069091797,249.27594353772244,247.0061986517212,247.41977338939648,23837500
2021-04-14,245.8135986328125,248.92965822222618,245.40005331204884,247.63131962681794,23070900
2021-04-15,249.57408142089844,249.98762680462028,247.8717947842424,248.06412714049006,25627500
2021-04-16,250.76661682128906,251.0166811447849,247.74673791180396,249.54520522242984,24878600
2021-04-19,248.84312438964844,251.4783386995464,247.95833104347497,250.23767328668572,23209300
2021-04-20,248.3815155029297,250.24731248370563,247.01581785761766,247.9583432382006,19722900
2021-04-21,250.6127471923828,250.7089280413718,247.41013330799765,249.03549280000607,24030400
2021-04-22,247.3332061767578,251.76685861637338,245.86171549830988,250.25690440342183,25606200
2021-04-23,251.1609649658203,251.50721017052902,247.42937088879512,248.0160535536186,21462600
2021-04-26,251.54568481445312,252.401656348328,250.21849455281932,251.65149256989199,19763300
2021-04-27,251.9495391845703,253.1228748486863,250.1702965877177,251.57444275944079,31014200
2021-04-28,244.82301330566406,246.72728837126857,243.2745956256258,246.2848623553483,46903100
2021-04-29,242.85140991210938,246.30410246614957,239.47567376972953,245.68858324908823,40589000
2021-04-30,242.53404235839844,243.39962592937061,240.05274094363295,240.18738532021044,30945100
2021-05-03,242.22630310058594,244.62106536473124,241.514602971749,243.70739132259695,19626600
2021-05-04,238.31198120117188,241.60117849638647,236.3596302425455,241.37035325676896,32756100
2021-05-05,237.0424346923828,239.95653492446877,236.41730329710248,239.53336273529783,21901300
2021-05-06,240.17776489257812,240.30279705816986,235.3305525302408,237.02322683491766,26491100
2021-05-07,242.80335998535156,244.57297608817822,241.56269453028074,242.50520522143927,27032900
2021-05-10,237.7252655029297,242.10122923611513,237.66756287339308,241.2741239707765,29299900
2021-05-11,236.81161499023438,237.16747234400336,233.29162238301817,235.1958826033332,33641600
2021-05-12,229.85818481445312,235.03240304314005,228.96376461216937,232.90692968884187,36684400
2021-05-13,233.73406982421875,236.20577403515946,232.1856519459029,232.55112159269123,29624300
2021-05-14,238.658203125,239.64880422890522,236.09995985164096,236.18651381020268,23901100
2021-05-17,235.8018035888672,237.15787429824175,234.20531011006548,237.11941076417176,24970200
2021-05-18,233.78216552734375,236.98479442898022,233.60904291569756,236.85015003109484,20168000
2021-05-19,234.3604736328125,234.4665109627716,230.00333811399742,230.68774884544365,25739800
2021-05-20,237.59945678710938,239.01649467079037,235.07385865574315,235.17026159424762,21800700
2021-05-21,236.336669921875,239.3828205439802,235.92216962475908,238.65020818420544,21863100
2021-05-24,241.74449157714844,242.1108050297344,238.5923043048418,238.86221483547754,21411500
2021-05-25,242.65066528320312,243.64355376177159,241.78309768160725,242.6988667519636,17704300
2021-05-26,242.428955078125,243.8267094116998,241.71561158716582,242.37110449046097,17771600
2021-05-27,240.3274688720703,242.41928296900434,240.26963299891423,242.12045448501686,24426200
2021-05-28,240.68417358398438,242.9977118612827,240.56850181827792,241.9566218428521,18270200
2021-06-01,238.4862823486328,242.23612679351132,238.0621477081634,242.17829092022103,23213300
2021-06-02,238.38992309570312,240.28894628092957,236.98251960220148,239.19002042782085,19406700
2021-06-03,236.85719299316406,237.4644843931223,234.24482652171346,236.38484216295458,25307700
2021-06-04,241.754150390625,242.5831655924148,238.59232839054823,238.83332101073105,25281100
2021-06-07,244.66537475585938,244.9352853461703,240.80949236967595,240.97336560600587,23079200
2021-06-08,243.47006225585938,246.78612348356629,243.41221166410014,245.96674258742073,22455000
2021-06-09,244.45327758789062,246.3233827268109,244.0869787969945,244.6653522763675,17937600
2021-06-10,247.9718017578125,248.18387647853132,244.53043416982928,245.12809126875064,24563600
2021-06-11,248.598388671875,249.17674748933388,247.36447807983552,248.69476219608634,18999700
2021-06-14,250.5262908935547,250.5841267663084,247.54759635652425,248.6079697204137,19150500
2021-06-15,249.05140686035156,250.62268349864868,248.39591397383663,250.41060880971204,18038900
2021-06-16,248.1067352294922,251.19142321885585,245.25337604034561,250.05394507436637,27220000
2021-06-17,251.49996948242188,252.31935052533163,246.78616768690088,246.84400357999536,27565500
2021-06-18,250.0828399658203,252.8494303750151,249.42734713801974,250.27564581778176,37202200
2021-06-21,253.1676025390625,254.02552107281122,248.62730926528494,250.45884751555622,26696100
2021-06-22,255.94390869140625,256.2138193515178,252.94594406347076,253.25442179447126,24694100
2021-06-23,255.71238708496094,257.2161783771382,254.90265557517614,256.4064468673534,19518700
2021-06-24,257.0813293457031,258.1995388052665,255.90528400185622,256.5704260891659,21446900
2021-06-25,255.47146606445312,257.62113099402075,255.22085372425926,256.6378916177677,25611100
2021-06-28,259.0381164550781,259.21162405964157,256.32936209546625,256.5992726196896,19590000
2021-06-29,261.6215515136719,261.8625441052316,258.32478933523726,259.1827076638087,19937800
2021-06-30,261.1396179199219,261.58303613893975,259.88646796346177,260.937192340073,21656500
2021-07-01,261.8144226074219,262.04576613920506,259.8864813944336,259.89610109622566,16725300
2021-07-02,267.6464538574219,267.98384947958544,262.6820107308886,262.99048840932676,26458000
2021-07-06,267.656005859375,269.30438688971185,264.4170502471266,268.0126701752568,31565600
2021-07-07,269.8443298339844,270.5769570309203,267.1644922775725,269.3334265040299,23260000
2021-07-08,267.4247131347656,268.687512155592,264.96657067142803,266.92342963956736,24618600
2021-07-09,267.926025390625,268.0320480496035,265.40042680055205,265.78600920655407,23916700
2021-07-12,267.32830810546875,269.6900181971794,266.6149499259008,269.1020103084746,18931700
2021-07-13,270.8564147949219,272.6590347441042,267.3957645735961,267.52105601500165,26120100
2021-07-14,272.3313293457031,273.43988959398905,270.44192588774035,272.1770905276217,23113700
2021-07-15,270.9046325683594,272.33131952060614,269.7478561835057,271.83968514433656,22604200
2021-07-16,270.634765625,273.86407325337854,269.39123522354254,271.90721396983787,26186800
2021-07-19,267.0294494628906,270.268375880713,264.5616875965378,268.88025615363426,32935600
2021-07-20,269.25628662109375,270.8468322958229,266.30653881179984,268.0127562566112,26259700
2021-07-21,271.2613220214844,271.3769937870509,267.29941696059126,268.85139551202195,24364300
2021-07-22,275.8305358886719,276.1004464547859,273.20853492440204,273.6133860645504,23384100
2021-07-23,279.2333068847656,279.5417550419891,276.1775079022582,277.01615740784973,22768100
2021-07-26,278.63568115234375,279.2526364370559,276.3125379693512,278.58749439112125,23176100
2021-07-27,276.2161560058594,279.14660557665127,272.7555049311184,279.0020158639558,33604100
2021-07-28,275.9076232910156,279.69602009802213,273.6037197955621,278.5778108462002,33566900
2021-07-29,276.17755126953125,278.22116404498746,275.7726707111648,275.9269095230165,18168300
2021-07-30,274.64483642578125,276.3317847869034,273.6808659337114,274.8954781674937,20944800
2021-08-02,274.5581359863281,276.4378611604599,273.5170311783947,276.04262965171205,16267400
2021-08-03,276.7752380371094,276.88129010205466,273.76765442774865,275.13650564382874,17879000
2021-08-04,276.187255859375,277.22833127591286,274.39425505227206,275.90769611811754,16191300
2021-08-05,279.0887145996094,279.19476664668434,275.7919521287353,276.5438479043771,13900200
2021-08-06,279.03094482421875,279.0695118884768,277.2572423030038,278.11519032895563,16589300
2021-08-09,277.9416198730469,281.04560626695286,277.44036577008546,279.31047101835446,16117600
2021-08-10,276.1197509765625,278.82850610681834,274.9244368032252,278.3947075539528,18616600
2021-08-11,276.61138916015625,278.25977073088046,275.5606352661451,276.86200152431667,13955900
2021-08-12,279.3682861328125,279.5225249418082,276.0233073464592,276.3028670263916,14561300
2021-08-13,282.2987976074219,282.34698437046103,278.87668430824215,279.05022137488925,18249000
2021-08-16,283.9856872558594,284.1977619217253,279.5706863259346,282.6264854543607,22507600
2021-08-17,282.5204162597656,282.85781176471016,280.5924755664143,281.85530378515654,20075300
2021-08-18,280.7916564941406,284.7418398373569,280.3473599755678,282.0568729168721,21813000
2021-08-19,286.6252136230469,287.30129663617737,278.77315402992593,278.82143304184973,29850500
2021-08-20,293.9557800292969,295.3851984971532,287.8711502652428,289.4744085607878,40817600
2021-08-23,294.2357482910156,294.9601100689228,291.5314761099047,292.88361220046016,22830200
2021-08-24,292.2752685546875,295.2016902096625,291.67646727816117,294.59322134017,18175800
2021-08-25,291.68609619140625,294.177888473637,290.1504523062321,293.89779358408,20006100
2021-08-26,288.8658752441406,292.09169682717686,288.73067634422387,290.7009195672093,17666100
2021-08-27,289.4743347167969,290.58501707619024,286.68311269534024,288.76927851853645,22605700
2021-08-30,293.2120666503906,293.82053542708803,290.76855342647343,290.82650002669567,16348100
2021-08-31,291.56048583984375,294.09091858434346,291.1934711106061,294.0136662870955,26285300
2021-09-01,291.51220703125,294.7573638587632,291.18383315439763,292.5166638438568,18983800
2021-09-02,290.85546875,292.98991375623564,289.9186260953305,291.8695931866592,16285600
2021-09-03,290.8458557128906,292.25593887497536,289.9959328838972,290.70095972775636,14747900
2021-09-07,289.9186096191406,290.7975056245517,288.0063130018472,290.72025332131614,17180400
2021-09-08,289.947509765625,290.33383013306167,287.30118430061117,289.53221610748943,15046800
2021-09-09,287.0887451171875,291.8115985033089,286.84729116839253,290.53671457982546,19927000
2021-09-10,285.6014404296875,289.66754700158504,285.2827341191642,288.21882300502165,19633400
2021-09-13,286.83770751953125,288.3347401247705,284.02717919615515,287.3785621651602,23652900
2021-09-14,289.5420227050781,291.08733439108437,287.9097911052449,289.31987438683,21853400
2021-09-15,294.4000549316406,294.88296295581523,291.5026067865931,292.89338425416526,28356300
2021-09-16,294.7863464355469,294.8732663344174,290.4788155367918,293.3762633965969,19550800
2021-09-17,289.6192321777344,294.0909648651454,289.2908582826248,293.77225856159816,41372500
2021-09-20,284.2395935058594,288.5085125411991,279.62299491142915,286.20019850680364,38278700
2021-09-21,284.7225341796875,287.3688899615911,284.0175073900998,285.58212453468485,22364100
2021-09-22,288.3733215332031,289.9572738836684,284.44247290611344,286.5865855546917,26626300
2021-09-23,289.31982421875,290.6140140574866,287.3592190151945,288.6341031456623,18604600
2021-09-24,289.1170654296875,289.55166500509824,286.7797774181247,288.0353560761729,14999000
2021-09-27,284.1140441894531,286.3354087188709,282.92608015582806,286.0167024765787,23571700
2021-09-28,273.828125,280.83995816392877,273.0844573361507,279.89344793091414,43186200
2021-09-29,274.2917175292969,276.9670169803439,273.3355692133675,275.354120921642,26353700
2021-09-30,272.2828674316406,277.99081421651636,271.99310493878147,275.9432889541892,32343600
2021-10-01,279.2173767089844,280.06729939899645,271.6743570466697,272.475971258081,30086300
2021-10-04,273.43212890625,277.91352888902685,270.6699095435266,277.57548742469766,31350700
2021-10-05,278.8890380859375,280.472961002074,274.3400234963345,274.3400234963345,24993000
2021-10-06,283.0903015136719,283.5925446758009,275.7501238068665,276.01088350495075,28002600
2021-10-07,284.77081298828125,286.4996316351916,283.8726113098916,285.0895192542269,20430500
2021-10-08,284.77081298828125,286.4996316351916,283.71807723494913,286.0939760041724,17685700
2021-10-11,284.1719970703125,287.7841387766023,282.74257905730633,282.90678071411924,19298600
2021-10-12,282.8681335449219,285.3406196115918,282.3562523547369,285.2440321376334,17974100
2021-10-13,286.1809387207031,287.11778142661336,283.4573305066921,284.82880220556603,23416300
2021-10-14,292.4008483886719,292.90306219131577,287.6490198160767,288.9818508598913,27262900
2021-10-15,293.8108215332031,294.0426373719238,290.2469588093544,292.0047506707178,25384800
2021-10-18,296.7855224609375,297.67405642251583,292.34276422997533,293.1926867840811,22729300
2021-10-19,297.6934509277344,298.72685155917264,296.7179674190472,297.809344121962,17682100
2021-10-20,296.90142822265625,299.11315458006106,295.64585004198904,298.6398848120624,16537100
2021-10-21,300.136962890625,300.38805498571867,295.8873492891924,296.66968729600904,16918100
2021-10-22,298.5916748046875,300.4556925902874,297.27814973250037,299.789277199686,17449300
2021-10-25,297.5968933105469,298.82346903838294,295.98396759735755,298.7848281449745,17554500
2021-10-26,299.5091857910156,301.7209126851576,298.0508236727138,300.36877617922386,28107300
2021-10-27,312.1227111816406,314.95254445734366,305.1977987909876,305.1977987909876,52588700
2021-10-28,313.26239013671875,313.764603789262,310.3745805800996,313.24305495530734,26297900
2021-10-29,320.28387451171875,320.65088928161384,312.82777434101513,313.0499226160472,34766000
2021-11-01,318.11077880859375,320.1583038041811,315.2133311036617,320.03274302106945,27073200
2021-11-02,321.7423400878906,322.0514083310098,318.7193308100657,319.0187314598467,26487100
2021-11-03,322.58258056640625,323.45180917006473,319.3470907047737,322.4859930605845,21500100
2021-11-04,324.93914794921875,325.03573544722815,318.2460499257313,321.5105128276318,23992200
2021-11-05,324.5721130371094,327.2088012501793,322.98819017045656,326.93837395712325,22570100
2021-11-08,325.47039794921875,326.10784019017456,323.00757838248336,325.76979861892,20897000
2021-11-09,324.4659729003906,327.14127323552077,323.09450089080633,325.58629378505464,21307400
2021-11-10,319.4919128417969,323.19100453286666,318.6420195419929,323.1330579322974,25500900
2021-11-11,321.06622314453125,322.36041311749693,319.2118728300362,319.92656727683465,16849800
2021-11-12,325.2095947265625,325.70217036384037,322.379760659123,322.5053214666148,23831000
2021-11-15,324.58184814453125,326.3299730586914,322.6115748999374,326.0015990969875,16723000
2021-11-16,327.9041748046875,329.0245248169212,324.0409110967214,324.2050832986667,20886800
2021-11-17,328.126708984375,331.0971955801469,327.04302085871814,327.95255114881303,19053400
2021-11-18,330.20697021484375,331.34874035580634,326.1915075164425,327.21714291810787,22463500
2021-11-19,331.9873352050781,333.91284514256006,331.10686080252884,331.53259961586156,21963400
2021-11-22,328.813720703125,338.33476348925745,328.542798641945,333.44845158059155,31031100
2021-11-23,326.7333984375,328.44603913072973,322.74696146941744,326.1238164638615,30427600
2021-11-24,326.9559326171875,327.1978283357766,323.08560111976163,325.3787678074607,21661300
2021-11-26,318.9927673339844,326.9753273587702,317.4833401642881,323.51139309197777,24217200
2021-11-29,325.7174987792969,328.03969227871653,323.8887525742175,324.0822810026243,28563500
2021-11-30,319.8733215332031,326.83024699447384,318.32518253179836,324.4500006276876,42885600
2021-12-01,319.3797302246094,328.2815041469173,318.7121252323069,324.2660412742455,33337600
2021-12-02,318.80889892578125,322.6792307522383,317.17368136684007,319.59263875837576,30766000
2021-12-03,312.5389709472656,321.9148518795967,307.7203973367994,321.2278467405146,41779300
2021-12-06,315.61590576171875,316.83506980865417,308.8815362508601,313.4485292589804,30032600
2021-12-07,324.0628967285156,324.914344926329,319.39913979218665,320.88922581286494,31021900
2021-12-08,324.1111755371094,324.62399318276465,320.0763427188176,324.44015010901273,24761000
2021-12-09,322.3018798828125,325.5819706607434,321.35363798124615,323.5694111588265,22214200
2021-12-10,331.43585205078125,331.8809319131235,323.93708463875004,324.1209277504692,38095700
2021-12-13,328.3976745605469,332.6453782369156,328.08804090407773,329.63617965813285,28899400
2021-12-14,317.6961975097656,323.79198810435076,313.6033108046137,322.41800725694964,44438700
2021-12-15,323.8016052246094,324.32410824827537,313.9806448880069,317.957396355384,35381100
2021-12-16,314.36767578125,325.84322423785716,312.5486152193238,324.82724448403934,35034800
2021-12-17,313.3033752441406,314.3870930482203,306.9657181696841,310.4780493148756,47750300
2021-12-20,309.5393981933594,312.3356969599319,307.275258122984,309.6748444223826,28326500
2021-12-21,316.68023681640625,317.10597568318013,309.4330203308387,312.8099049572173,24740600
2021-12-22,322.39862060546875,322.79530359298326,315.1901164906838,317.6574409711616,24831500
2021-12-23,323.84033203125,325.48523481760844,321.9438777632381,321.9632187915845,19617800
2021-12-27,331.3487854003906,331.37781170708996,324.55633434986925,324.5853606565686,19947000
2021-12-28,330.1876525878906,332.6646623593274,329.28780761048364,332.0260541252137,15661500
2021-12-29,330.864990234375,333.13878646638534,328.6685581149805,330.2360377157809,15042000
2021-12-30,328.3202209472656,332.0067092569597,327.8364295204996,330.82625699451927,15994500
2021-12-31,325.41748046875,328.35891115617534,324.962715335164,327.5364893328757,18000800
2022-01-03,323.89837646484375,327.0430208965413,319.08948826047026,324.4789321117376,28865100
2022-01-04,318.34442138671875,324.3337611852118,315.5480929658559,323.97573075117845,32674300
2022-01-05,306.1238708496094,315.49975115217205,305.7368436101561,315.29653749062345,40054300
2022-01-06,303.7048645019531,308.36862023193925,301.39232766090015,302.99851849634985,39646100
2022-01-07,303.8597717285156,306.24001762602904,300.0378070905874,303.9661916842853,32720000
2022-01-10,304.082275390625,304.51769951844926,294.81284395605223,299.4572301875026,44289500
2022-01-11,304.769287109375,306.3464225083594,299.84429345523614,303.221148489365,29386800
2022-01-12,307.95263671875,312.92602760824207,306.80121056428135,309.3072765675064,34372200
2022-01-13,294.91925048828125,310.477999759612,294.14519599434743,310.0812872347779,45366000
2022-01-14,300.14422607421875,300.7441227450604,293.9033045852905,294.38709603316755,39846400
2022-01-18,292.8389587402344,299.7571705686531,291.95845475795755,294.21293945049706,42333200
2022-01-19,293.4969177246094,303.73396167938847,292.8873652813076,296.36098446324274,45933900
2022-01-20,291.822998046875,301.5471940307173,291.3779181968077,299.05084323097356,35380700
2022-01-21,286.4335021972656,294.2515573306793,286.02710447550794,292.8776064483582,57984400
2022-01-24,286.7625427246094,287.4785446299873,267.1012508783427,282.7277385199471,85731500
2022-01-25,279.1379699707031,285.42725856382043,275.9256173154079,282.06974485682485,72848600
2022-01-26,287.09149169921875,298.49930147235415,283.5307939904859,298.00582478261947,90428900
2022-01-27,290.12005615234375,297.3382163920615,288.2719692510956,292.848647044969,53481300
2022-01-28,298.2671203613281,298.4799897848547,284.9048025987013,290.49743069503995,49743700
2022-01-31,300.8989562988281,302.2535665226197,296.4383835464321,298.9347640922584,46444500
2022-02-01,298.7509460449219,300.56032158802805,295.2386149185201,300.3474521401161,40950400
2022-02-02,303.29852294921875,304.9047140821634,298.8670063271222,299.5926934910757,36636000
2022-02-03,291.4843444824219,301.140832317367,290.2361542912409,299.4572180160596,43730000
2022-02-04,296.02227783203125,298.78955040697974,290.2458074590502,290.4780178770086,35096500
2022-02-07,291.1941223144531,297.8607539820601,290.17814242426635,296.24490687098387,28533300
2022-02-08,294.68707275390625,295.65465574286134,290.2265293484021,291.48437542272796,32421200
2022-02-09,301.1214599609375,301.81812081600225,297.4253157990667,299.82490244451157,31284700
2022-02-10,292.57769775390625,299.0991965098226,290.95216570355126,294.183888778049,45386200
2022-02-11,285.4756774902344,294.4258196414898,284.6822523965232,293.3614725070343,39175600
2022-02-14,285.43695068359375,287.13990600791016,281.9052790638438,284.24681310649265,36359500
2022-02-15,290.7295837402344,291.04887304833466,287.3914115141419,290.2845039528492,27058300
2022-02-16,290.39031982421875,291.7186447665817,284.7473355562415,289.29468550260657,29982100
2022-02-17,281.88702392578125,287.77237333129176,281.1792173127968,287.34575422063546,32461600
2022-02-18,279.1722106933594,284.92183458390497,277.601489929,284.13647420172526,34264000
2022-02-22,278.9686584472656,282.6724757487211,275.8465973568757,276.33138926787194,41736100
2022-02-23,271.7452087402344,282.8275727475832,271.5803960838196,281.35378660921566,37811200
2022-02-24,285.6296081542969,286.1822778670693,263.2613090468984,264.2212168610139,56989700
2022-02-25,288.26690673828125,288.57718060139933,282.7790598404249,286.16292683070213,32546700
2022-02-28,289.7019348144531,290.041295042324,284.08803665827065,285.35818899427073,34627500
2022-03-01,285.97869873046875,290.84599781965625,283.26384685818056,287.3845772168943,31217800
2022-03-02,291.0593566894531,292.3004227417383,284.76676743872775,286.3762504716057,31873000
2022-03-03,286.9191589355469,293.90984760260005,285.1060129570107,293.67715703394936,27314500
2022-03-04,281.04351806640625,286.6671212997695,278.43536512644255,285.33879636039853,32356500
2022-03-07,270.42657470703125,280.8786850901457,270.0581281920922,279.75396452482715,43157200
2022-03-08,267.45965576171875,275.32296496007893,261.78758549153326,269.35032612555074,48159500
2022-03-09,279.724853515625,280.79140133597923,272.2396673436956,274.8187631313371,35204500
2022-03-10,276.90338134765625,277.88267026842374,272.04575796281966,274.41154435304935,30628000
2022-03-11,271.55133056640625,280.70420362127237,270.93078275757216,279.2013310407606,27209300
2022-03-14,268.03173828125,276.71920052795855,267.4306010814308,271.8131090457165,30660700
2022-03-15,278.4158935546875,279.0655275130415,270.2520171295623,271.8227376508679,34245100
2022-03-16,285.4357604980469,285.61027846312476,274.58611649550784,280.3163301409905,37826300
2022-03-17,286.2405090332031,286.61863130022596,280.5684383130834,284.3692195417673,30816600
2022-03-18,291.29205322265625,291.8447230887532,283.8262757344605,286.3859615737607,43390600
2022-03-21,290.0606689453125,291.0108716421582,285.9302328335173,289.79889199333064,28351200
2022-03-22,294.8115539550781,295.72296480391606,289.6824490018245,290.6811188141461,27599700
2022-03-23,290.380615234375,294.0068784229763,288.66446272341494,291.36960955369653,25715400
2022-03-24,294.8504638671875,294.94742817307144,289.24627022357623,290.0413361067321,24484500
2022-03-25,294.443115234375,296.20776433611707,290.18665898274526,295.9459874387846,22566500
2022-03-28,301.2496337890625,301.346568476762,295.0733614546366,295.0733614546366,29578200
2022-03-29,305.81646728515625,306.21400024246407,299.64989817702565,304.3620914074046,30393400
2022-03-30,304.31353759765625,306.339993647316,302.10288786010216,304.21660289540057,28163600
2022-03-31,298.93231201171875,305.55458445151703,298.5251034770213,304.3522806882295,33422100
2022-04-01,300.0086669921875,300.69706328450934,296.2466766803112,299.96017004298847,27110500
2022-04-04,305.3897399902344,305.52546630436024,300.28972091399,300.6581674070127,24289600
2022-04-05,301.4241638183594,305.29279303590346,300.444874882853,303.7414533090585,23156700
2022-04-06,290.39031982421875,297.6621976161441,287.6851730006055,295.9072534761738,40110400
2022-04-07,292.2034606933594,294.4141105406613,287.33616074245623,287.6367293488046,31411200
2022-04-08,287.937255859375,291.9610220629479,287.26824077806,291.30171228666035,24361900
2022-04-11,276.5834045410156,283.7098197455941,276.33130335708324,282.91478374664115,34569300
2022-04-12,273.4807434082031,281.89672181810613,271.95849007947834,280.44234644172155,30966700
2022-04-13,278.87158203125,279.80237384113457,272.7438076383888,274.1303344343128,21907200
2022-04-14,271.3185729980469,279.54065279729,270.82410546962507,279.3273432160326,28221600
2022-04-18,271.98760986328125,273.8686046152855,269.8739244910196,270.42659430347726,20778000
2022-04-19,276.6221923828125,277.4657549794319,269.94177668947515,270.8822739757197,22297700
2022-04-20,277.6499938964844,280.8884297236705,276.69011543373637,280.59753683935253,22906700
2022-04-21,272.2687683105469,284.37885800425323,271.5415806106492,279.8024222293234,29454600
2022-04-22,265.69500732421875,274.5861024440905,265.064783867457,273.1123163539271,29405800
2022-04-25,272.1815185546875,272.5596407849809,262.5341495736,264.9775192651805,35678900
2022-04-26,262.0008850097656,269.89328023075717,261.7875754313959,269.0594525267125,46518400
2022-04-27,274.60552978515625,282.1198043655611,270.66902185598894,273.5196006446066,63477700
2022-04-28,280.820556640625,282.12950066944165,272.89904409061813,276.5156022641407,33646600
2022-04-29,269.0788269042969,281.0628954479974,268.08986229591125,279.8315053530754,37073900
2022-05-02,275.8174133300781,276.27311874857577,267.8183496319424,269.263019546411,35151100
2022-05-03,273.209228515625,275.4877555840114,271.6288027279923,275.32291337509014,25978600
2022-05-04,281.15985107421875,282.0324703593983,268.31286891823476,273.99461437075183,33599300
2022-05-05,268.9140319824219,277.64028485633924,265.99557571933246,276.85492446483426,43260400
2022-05-06,266.37371826171875,270.7562255668046,263.0189376361337,266.4512719319163,37780300
2022-05-09,256.5324401855469,264.07580012501256,255.31078485449888,261.845769469364,47726000
2022-05-10,261.3027038574219,265.42343295350366,257.0074568657699,263.42609368819666,39336400
2022-05-11,252.62503051757812,263.1062283340395,251.4130508478731,257.59899981634317,48975900
2022-05-12,247.5831756591797,251.97538813892353,242.41529334839248,249.85199770937754,51033800
2022-05-13,253.1776885986328,255.0393023042166,247.58320135507512,249.52236873660797,34925100
2022-05-16,253.54611206054688,257.73472032490156,248.00009267052445,252.0529450276407,32550900
2022-05-17,258.7042541503906,260.16830498775477,254.47685507030857,258.0158286207293,28828800
2022-05-18,246.9255828857422,256.1775215944614,245.65247241501044,255.59441054369825,31356000
2022-05-19,246.01205444335938,250.4145118299985,244.7875390054142,246.75064893827593,32692300
2022-05-20,245.44837951660156,251.260004557282,239.5007120368587,249.99659233543315,39199300
2022-05-23,253.31057739257812,254.1366489134325,246.29387790737587,248.2958846153238,33175400
2022-05-24,252.30958557128906,253.9714268912015,246.36191797727767,250.62831809064022,29043900
2022-05-25,255.12789916992188,257.1298909092702,249.8896872797265,250.8712569903347,28547900
2022-05-26,258.41278076171875,259.588701272369,254.06864585399154,254.88498957150392,25002100
2022-05-27,265.5460510253906,265.643241139635,260.0259965721128,260.92010410159867,26910800
2022-05-31,264.21466064453125,267.03299630860687,261.3574429989598,264.8560798770332,37827700
2022-06-01,264.7491455078125,269.8707409098893,262.436157371953,267.4508644163128,25292200
2022-06-02,266.8482666015625,266.9163026348889,254.2337809944825,257.0035356223452,44008200
2022-06-03,262.416748046875,265.75018841702905,260.85209677085874,262.69859051173177,28059000
2022-06-06,261.1825256347656,266.4596203370496,259.6956086286452,264.39932013596905,22400300
2022-06-07,264.826904296875,265.4391694080939,258.45162412939817,259.1319252881435,22860700
2022-06-08,262.7957763671875,265.3128433735348,262.01828503853517,264.0591589961378,17372300
2022-06-09,257.333984375,265.0309543991037,257.1784861365602,260.2397817065618,26439700
2022-06-10,245.8662872314453,253.24254885268172,245.41923343333343,253.24254885268172,31422800
2022-06-13,235.4384307861328,242.00809200715943,234.72899029876612,238.20818633784313,46135800
2022-06-14,237.60560607910156,238.82040832428856,234.7095068496029,236.99334100220605,28651500
2022-06-15,244.67092895507812,248.11125783215647,239.48129639583155,241.3180771254135,33111700
2022-06-16,238.07208251953125,240.4530919195721,236.17699401048355,239.05363738085111,33169200
2022-06-17,240.6766357421875,243.44639103289649,237.1585728805667,237.80970516091955,43084800
2022-06-21,246.5951690673828,247.57672404798697,242.48426715302713,243.2131485780948,29928300
2022-06-22,246.0023193359375,249.9285685083653,243.32002647994867,244.7972301666433,25939900
2022-06-23,251.57098388671875,252.06663275402386,246.4882696524393,248.37364534024357,25861400
2022-06-24,260.16204833984375,260.43416284351514,254.350423997837,254.4378861963467,33923200
2022-06-27,257.4311828613281,260.7451372256975,255.86650217614465,260.65767502465104,24615100
2022-06-28,249.2580108642578,259.39431434341117,249.1025126077075,256.546824812342,27295500
2022-06-29,252.93154907226562,254.59339019807956,248.5582462691214,250.3367184913832,20069800
2022-06-30,249.59812927246094,252.22211413062385,245.77879792014835,249.81193566577983,31730900
2022-07-01,252.2707061767578,252.4553585095582,247.4406655990664,249.17055781580504,22837700
2022-07-05,255.4486541748047,255.57499836951445,247.56701562367115,248.94702936825868,22941000
2022-07-06,258.7140808105469,260.44395858678126,255.01136472962796,256.3233575149123,23824400
2022-07-07,260.84234619140625,261.4837653703721,257.5575159983353,257.65470611483187,20859900
2022-07-08,260.1231994628906,260.55081225996196,255.87625522031703,257.3340180308074,19658800
2022-07-11,257.0618896484375,259.02499945053415,254.79748159613314,258.16977390244966,19455200
2022-07-12,246.52713012695312,258.45163425345476,244.9430231030509,258.3933261127936,35868500
2022-07-13,245.60386657714844,246.41049706934726,241.12367518210107,243.14510795246753,29497400
2022-07-14,246.9255828857422,247.95573289017767,239.01479069630014,243.51442327742907,25102800
2022-07-15,249.4912567138672,253.03847375929305,247.5961679522132,248.5194148023389,29774100
2022-07-18,247.0907745361328,253.49520835843242,246.1675278035935,252.43590436877287,20975000
2022-07-19,252.2220916748047,252.4067439825156,246.53681142712958,250.32698837282734,25012600
2022-07-20,254.88502502441406,257.41182049670755,251.61964970017127,252.58176391923064,22788300
2022-07-21,257.38262939453125,257.4312392890504,249.79254581579903,252.47483920219835,22404700
2022-07-22,253.0287322998047,257.8587875277804,251.77507765501488,257.7713253194178,21881300
2022-07-25,251.5418243408203,254.13665524708887,249.57871439217618,253.65073430015372,21056000
2022-07-26,244.8069610595703,252.56226985718692,242.5425825526762,252.5428140385053,39348000
2022-07-27,261.1727600097656,262.4458704154243,251.56125987665692,253.80621209782652,45994000
2022-07-28,268.6268005371094,270.01652721920226,260.32726310507684,262.1543304686785,33459300
2022-07-29,272.8348388671875,274.059368942466,268.840583577074,269.88046135026275,32152800
2022-08-01,270.1817321777344,273.35964399702766,268.072822548011,269.9970798740982,21539600
2022-08-02,267.0815734863281,270.0651349626204,264.71027709598764,268.22833970476506,22754200
2022-08-03,274.51617431640625,275.5171702565812,268.8211655336045,268.96696554077175,23518900
2022-08-04,275.66290283203125,275.8086731609637,272.2809125677745,273.864989686515,18098700
2022-08-05,274.9437255859375,275.6628789184555,270.8328247171243,271.2895914803258,16774600
2022-08-08,272.42669677734375,277.8690167147474,271.4548549906023,276.05164766060443,18739200
2022-08-09,274.3508605957031,275.1088958263693,269.79292130546344,271.76578814469474,23405200
2022-08-10,281.0177917480469,281.6494830162943,278.8603016635988,280.05567781115093,24687800
2022-08-11,278.93798828125,283.0100072925939,278.44236919212585,282.66015852380036,20065900
2022-08-12,283.6903991699219,283.6903991699219,278.8603432880128,280.3569882585623,22619700
2022-08-15,285.2064514160156,285.89645087966176,281.9410471199956,282.8060006707274,18085700
2022-08-16,284.46783447265625,285.7604008093183,282.24233787382076,283.76810711776506,18102900
2022-08-17,283.7178955078125,285.69492065907355,281.91616605164813,282.1791095942932,18253400
2022-08-18,282.5979309082031,284.2925155216381,281.53634866422476,282.61739830194875,17186200
2022-08-19,278.68280029296875,281.7019105508063,278.10820013531355,281.3610379905131,20570000
2022-08-22,270.5020446777344,275.0891277344879,269.985876348386,274.7190391735939,25061100
2022-08-23,269.22625732421875,271.5830904016893,268.21338796500265,269.22625732421875,17527400
2022-08-24,268.5931701660156,269.99559523146576,267.93089241978953,268.22308164579806,18137000
2022-08-25,271.5733337402344,271.7388808966969,267.35630971117797,270.09297956266056,16583400
2022-08-26,261.0940856933594,273.024417273925,260.9869704514699,271.79728794342236,27549300
2022-08-29,258.3088073730469,260.422164362544,256.9648138554104,258.91262365576034,20338500
2022-08-30,256.1076965332031,260.08121426548763,253.8579792613374,259.711155479428,22767100
2022-08-31,254.64686584472656,260.13967295694687,254.51050491907353,258.464585387242,24791800
2022-09-01,253.6048126220703,254.0820462007677,248.7450370151719,252.11473941611692,23263400
2022-09-02,249.37802124023438,257.83150643317526,247.82951641986838,254.87085770904451,22855400
2022-09-06,246.64137268066406,251.10184326326072,245.36555986305348,249.5144035204149,21328200
2022-09-07,251.35507202148438,252.0757520218553,246.6121606696536,248.05353553100252,24126700
2022-09-08,251.77383422851562,253.63399578598168,248.14117383130036,250.79021068457934,20319900
2022-09-09,257.558837890625,258.30876355813575,253.49767178964203,253.70218346204774,22084700
2022-09-12,259.691650390625,260.4707918875841,258.2405420767768,258.8443581611644,18747700
2022-09-13,245.41427612304688,253.6048042043682,245.02470528633097,252.0855150926959,33353300
2022-09-14,245.6382293701172,247.59577234574667,243.33981382641142,246.91404207019949,23913000
2022-09-15,238.97674560546875,244.83964133633745,237.65223458820603,243.25218674358922,31530900
2022-09-16,238.35340881347656,238.89879299269597,235.74333684929235,237.88592392219905,39791800
2022-09-19,238.13917541503906,238.7429915584572,234.56494703921464,236.14266785813606,26826900
2022-09-20,236.1231689453125,237.15550545081834,233.3864993779155,235.7530952999418,26660300
2022-09-21,232.7145233154297,241.1972397263064,232.66582510868037,237.89570341294743,28625600
2022-09-22,234.69155883789062,237.49640922958957,231.37055498618827,231.66271451815115,31061200
2022-09-23,231.71141052246094,234.83765123018225,229.0623884800835,233.28913142247737,34176000
2022-09-26,231.253662109375,235.14928080942127,230.71801156599744,230.8641061836128,27694200
2022-09-27,230.24082946777344,235.49017556599165,228.38066779678476,233.71766175746237,27018700
2022-09-28,234.7792205810547,236.0063351920129,228.60465329387907,230.6303769171642,29029700
2022-09-29,231.30238342285156,233.68844714288159,228.29302124296953,232.65611046193365,27484200
2022-09-30,226.8223876953125,234.26301864836014,226.6568256876074,232.07173317953664,35694800
2022-10-03,234.4578094482422,235.30510173349654,228.5364674268769,229.26689591019425,28880400
2022-10-04,242.3854217529297,243.8267966387145,238.58718426741393,238.6943143855835,34888400
2022-10-05,242.69705200195312,244.04104526402548,237.73014687189743,239.57082618879338,20347100
2022-10-06,240.3499298095703,243.8072944010288,239.65846580764227,241.46018055206,20239900
2022-10-07,228.12742614746094,235.02267271918691,227.08534105905326,234.61361969677648,37769600
2022-10-10,223.26763916015625,228.43907043105446,220.81339530154835,226.96847977157327,29743600
2022-10-11,219.5278778076172,223.08262427444694,218.2617986342917,221.6801990277238,30474000
2022-10-12,219.8590087890625,221.91394851325393,218.1157257342309,219.51813616452623,21903900
2022-10-13,228.12742614746094,229.93888935580085,213.41172657654943,214.11293909981683,42551800
2022-10-14,222.59564208984375,231.0491420906271,222.38138188024428,229.393492314521,30198600
2022-10-17,231.33160400390625,232.72429558367523,229.00397214596376,229.66623513189379,28142300
2022-10-18,232.2762908935547,237.56458673552382,229.2279641654272,236.89260491773592,26329600
2022-10-19,230.3089599609375,233.35728617142914,228.17610646929035,230.85434416945628,19985700
2022-10-20,229.9875946044922,235.01294654635635,228.74099774675008,229.61752091462319,21811000
2022-10-21,235.8018035888672,236.65884448891248,228.3806544553497,228.61439693552748,26299700
2022-10-24,240.79795837402344,241.37255863130235,235.0032278685901,237.39902532056323,24911200
2022-10-25,244.1189422607422,244.48901592120419,239.4149810348262,240.80765754624483,34775500
2022-10-26,225.2836456298828,232.0814963742718,224.05651617915876,225.13755100638363,82543200
2022-10-27,220.8328857421875,227.59178658537854,219.8881970156547,225.01093027224846,40424600
2022-10-28,229.71490478515625,230.42586594040267,220.15116802762412,220.33621230472642,40647700
2022-10-31,226.072509765625,228.78969742408265,225.1180724304389,227.65996437056043,28357300
2022-11-01,222.2158203125,229.58828558322924,221.3977439800207,228.47803488612004,30592300
2022-11-02,214.35641479492188,225.2641436679967,214.2979680342713,223.47216271711693,38407000
2022-11-03,208.65908813476562,214.6583448304135,208.3961296970331,214.34668818412212,36633900
2022-11-04,215.61273193359375,215.80750987527026,207.86044502579182,211.87294195522898,36789100
2022-11-07,221.92364501953125,222.44956184578618,215.50561702414757,216.1970958555256,33498000
2022-11-08,222.89755249023438,225.60500622838748,219.94662258958112,222.73199048300697,28192500
2022-11-09,218.6513671875,222.663865176789,218.47607145187024,221.43673558494748,27852900
2022-11-10,236.63938903808594,236.9802616693803,228.8676327342918,229.2864046738626,46268000
2022-11-11,240.66159057617188,241.5186314660159,235.61675651178047,236.64910797482275,34620200
2022-11-14,235.24668884277344,237.54510458377084,232.9677553572084,235.67520929864517,31123300
2022-11-15,235.6557159423828,240.55445528008838,233.76633849082606,239.2494265791224,31390100
2022-11-16,236.08543395996094,238.10710518850516,234.80602574594815,237.12067984603283,24093300
2022-11-17,236.03660583496094,237.5699524551827,232.08118792162216,232.22767936193608,23123500
2022-11-18,235.5873565673828,238.0485170933891,233.44849211403692,237.82387701389203,27613500
2022-11-21,236.39796447753906,238.95678085777178,235.55804548901057,235.79243178186513,26394700
2022-11-22,239.30836486816406,239.58182546634563,235.0892478515877,237.9019875618103,19665700
2022-11-23,241.798828125,242.48247963370116,238.5661214247604,239.38650323520181,19508500
2022-11-25,241.71095275878906,242.89269012573502,240.9686897159274,241.53514812666896,9200800
2022-11-28,236.11473083496094,240.89054534482318,235.17715584666723,240.33386298973988,24778200
2022-11-29,234.71817016601562,237.12071952964385,232.6476780473623,235.76317735519862,17956300
2022-11-30,249.18231201171875,249.36787777071672,234.2591112887046,234.95253887719915,47594200
2022-12-01,248.74281311035156,250.13941445901602,245.06084106912186,247.9419535295198,26041500
2022-12-02,249.0651397705078,250.08084861229074,243.85959656296245,243.98656575661812,21528500
2022-12-05,244.357666015625,247.89314681984325,242.26763698881598,246.12539896649085,23435300
2022-12-06,239.3962860107422,245.97890805258777,238.08757944681767,244.96319927673994,22463700
2022-12-07,238.66380310058594,240.41201382796567,236.55425177558644,239.11306837036958,20481500
2022-12-08,241.62303161621094,242.93175300820135,237.38437721752427,239.12281178477338,22611800
2022-12-09,239.6892852783203,242.51180134599122,238.4587124437862,238.98609654359035,20609700
2022-12-12,246.6137237548828,246.64302204339194,241.39841976544412,241.67188039318714,30665100
2022-12-13,250.9207763671875,257.7573221509762,247.16067022510887,255.57938326434993,42196900
2022-12-14,251.21372985839844,256.4583317412534,248.3716768672205,251.1258349994924,35410900
2022-12-15,243.1954345703125,248.26424677465207,241.56443204275277,247.7954592877002,35560400
2022-12-16,238.976318359375,244.00605626723987,237.82386444207205,242.74618523388142,86102000
2022-12-19,234.83534240722656,239.48420303255193,233.13598200938617,239.14236978569437,29696400
2022-12-20,236.15380859375,237.23788993522047,232.85272912283375,233.8098412838887,25150800
2022-12-21,238.72235107421875,239.8845659787267,234.50323438075608,236.04634186802443,23690600
2022-12-22,232.62811279296875,236.3393833310989,228.408980416361,235.6264185705002,28651700
2022-12-23,233.155517578125,233.29224790417652,228.47737329876662,230.596700803809,21207000
2022-12-27,231.4268341064453,233.35081959548367,230.32321558372178,233.1261944200352,16688600
2022-12-28,229.05357360839844,234.12238618004355,228.7019792420853,231.35846669812094,17457100
2022-12-29,235.38223266601562,236.27098706875256,230.14739203902258,230.14739203902258,19770700
2022-12-30,234.22003173828125,234.35676203802836,231.13381651257768,232.64762583994687,21938500
2023-01-03,233.98565673828125,240.01158153417768,231.85655337253039,237.40392951699792,25740000
2023-01-04,223.75038146972656,227.43233894450995,220.6837029776662,226.85611938033796,50623400
2023-01-05,217.11892700195312,222.23657525283872,216.58176684830784,221.89474199984065,39585600
2023-01-06,219.67770385742188,220.48832450553778,214.22801427548404,217.792777999231,43613600
2023-01-09,221.81658935546875,225.8403946978241,221.12317668189198,221.1622360976978,27369800
2023-01-10,223.5062255859375,225.90877481221747,222.02171429578453,222.44166639292362,27033900
2023-01-11,230.2646026611328,230.44039237661667,225.71341348434925,225.8892031998331,28669300
2023-01-12,232.9406280517578,234.29817003437267,228.10621681309263,229.76651770584309,27269500
2023-01-13,233.64381408691406,233.78054439645499,229.4344578762405,231.46589026262427,21333300
2023-01-17,234.73764038085938,235.28456154659764,231.5537544621222,232.41321052398757,29831300
2023-01-18,230.30368041992188,236.72027379093637,230.0204586660314,235.9291902032741,30028700
2023-01-19,226.51426696777344,230.02044931118633,225.2934553321454,228.32107414949724,28623000
2023-01-20,234.61068725585938,235.11854904554423,229.03401340452106,229.37584660771927,35389800
2023-01-23,236.91558837890625,239.44510648286737,234.0539981879018,235.47015159128358,31934000
2023-01-24,236.38821411132812,238.25361804107612,234.82558401353157,236.83747939221803,40234400
2023-01-25,234.9916229248047,237.6188123091787,225.50835028229494,229.00475707427898,66526600
2023-01-26,242.20901489257812,242.51177377679628,236.3491193709835,237.96058467842803,33454500
2023-01-27,242.36532592773438,243.9963286862057,241.06638039859524,243.1759467422718,26498900
2023-01-30,237.04254150390625,239.86505718647808,236.5444408583153,238.800498198392,25867400
2023-01-31,242.0234375,242.16016779282285,237.27692175988636,237.76524636318,26541100
2023-02-01,246.84811401367188,249.22136469253888,239.7381082028261,242.20902977404796,31259900
2023-02-02,258.4214782714844,258.50937315485646,251.24309807964167,252.77644503452774,39940400
2023-02-03,252.31735229492188,258.0307566536459,251.09654067147537,253.4795673448407,29077300
2023-02-06,250.7742462158203,252.26851854905965,248.83072352097895,251.42861440323966,22518000
2023-02-07,261.3122863769531,262.49402369384705,254.00693882575916,254.44644293620124,50841400
2023-02-08,260.5017395019531,270.2975330819385,259.9938626718781,266.8206631444049,54686000
2023-02-09,257.46429443359375,267.58239710210876,256.6634348210044,267.4065775689988,42375100
2023-02-10,256.9564208984375,257.9232941080463,254.57339436942814,255.4230744390807,25818500
2023-02-13,264.9844970703125,268.187905604371,260.9118563468283,261.39043477453396,44630900
2023-02-14,265.8146667480469,268.5492730065141,262.9921358196889,266.3029914231284,37047900
2023-02-15,263.6900329589844,265.07056133423544,260.6156584468026,262.71093736345534,28922400
2023-02-16,256.6698913574219,261.16393632712175,256.42511747097006,258.5007952473413,29603600
2023-02-17,252.66537475585938,254.6529373660176,250.6484404767677,253.96758846436245,30000100
2023-02-21,247.3880615234375,250.14911804172624,246.33063657642128,249.16022201193073,28397400
2023-02-22,246.25233459472656,249.02317699870756,245.10679450937417,248.7784030931242,22491100
2023-02-23,249.44418334960938,251.47090341728688,245.24385497458428,250.21766227886485,29219100
2023-02-24,244.01019287109375,245.75298174565887,242.9136106416539,244.73472895258075,24990900
2023-02-27,244.93052673339844,247.53492427311554,244.1766190372043,247.18244930578683,21190000
2023-02-28,244.2060089111328,246.23274385931393,243.53043059507243,243.86333443445264,22491000
2023-03-01,241.12188720703125,245.68446153065187,240.65191054363095,245.51801706479446,27565300
2023-03-02,245.86068725585938,246.14461839541934,240.47566166300976,241.3960138819759,24808200
2023-03-03,249.9532928466797,250.27639616638209,246.1348262316736,246.91810564854498,30760100
2023-03-06,251.500244140625,254.68230436172686,250.62884978536187,251.0694397510907,24109800
2023-03-07,248.83712768554688,252.30313429367388,248.09302044698885,250.94217713898314,21473200
2023-03-08,248.39654541015625,249.21898211098042,245.56695978437247,248.72943432146894,17340200
2023-03-09,247.04541015625,254.1340527730051,246.32087403041797,250.47224477280037,26653400
2023-03-10,243.39334106445312,247.5055390802723,242.42404610361248,245.83129418074137,28333900
2023-03-13,248.6119384765625,252.51853507132006,240.5931435893199,242.2282313532918,33339700
2023-03-14,255.33831787109375,255.61246340953107,250.51136939968598,251.38276377682135,33620300
2023-03-15,259.89111328125,260.9093809729157,253.79133752741032,254.5452601893461,46028000
2023-03-16,270.42620849609375,270.7786685592172,257.7762805795016,259.6659278592618,54768800
2023-03-17,273.588623046875,277.40708916718296,270.5436506662001,272.4430981505929,69527400
2023-03-20,266.5391540527344,271.67940495199,264.2089021976658,271.189857247299,43466600
2023-03-21,268.0567626953125,269.2512603911417,263.8858063365012,269.1337737128017,34558700
2023-03-22,266.5979309082031,275.16501681749725,266.49021486222443,267.68471260704814,34873300
2023-03-23,271.85565185546875,275.1845704783979,269.4470853649454,272.1297973919541,36610900
2023-03-24,274.704833984375,274.76357732451373,269.5254103782394,271.44442920855886,28172000
2023-03-27,270.6024169921875,275.5762089469485,269.7603793312512,274.6362856404628,26840200
2023-03-28,269.4764404296875,270.36742083827164,266.3628943176216,270.02473146887456,21878600
2023-03-29,274.6461181640625,275.26295317695,272.590011414313,273.12850204608293,25087000
2023-03-30,278.11212158203125,278.513554404513,275.5958683420122,278.2883815165173,25053400
2023-03-31,282.2732238769531,283.22294771783334,277.0840296203647,277.79878010007826,32766000
2023-04-03,281.22564697265625,282.2438849087716,278.0142145195858,280.5304675659523,24883300
2023-04-04,281.17669677734375,284.3783588486716,279.6982825841674,281.2256694902647,25824300
2023-04-05,278.39599609375,281.1472519122107,277.0056972902033,279.8744397816824,22064800
2023-04-06,285.50433349609375,285.97428034435603,276.1343797736515,277.28970561513864,29770300
2023-04-10,283.34051513671875,283.5461168646444,278.758324614115,283.16425520458193,23103000
2023-04-11,276.9175720214844,280.00174680479614,275.75247584510697,279.77654407914395,27276600
2023-04-12,277.5638122558594,281.01024801713993,276.0657971281388,278.83665451028776,27403400
2023-04-13,283.78106689453125,283.8398102405288,277.2505159342496,277.66171935623237,24222700
2023-04-14,280.15838623046875,282.44946599648506,277.7595904276163,281.00039397472506,20987900
2023-04-17,282.7627258300781,285.50421074465487,280.17792963706347,283.8691083590636,23836200
2023-04-18,282.34173583984375,285.6608835895026,281.0101804374834,285.4748530730522,20161800
2023-04-19,282.42010498046875,283.00753836856154,278.591838043408,280.01150857079625,17150300
2023-04-20,280.1290588378906,282.98803145396386,279.1205914532446,279.2870508707393,23244400
2023-04-21,279.7863464355469,280.28566483452795,277.14277656950355,279.0520247927153,21676400
2023-04-24,275.87969970703125,278.9932457830926,272.8934706931475,276.19301740569233,26611000
2023-04-25,269.6625061035156,275.7133093545648,269.6135333988626,273.6670032666064,45772200
2023-04-26,289.1954650878906,293.307678595242,286.61066821898174,290.4976789797235,64599200
2023-04-27,298.45770263671875,298.8199931125039,289.0779798089215,289.78292984563893,46462600
2023-04-28,300.8369140625,302.4719869299771,296.9694746134844,297.65485346356644,36469600
2023-05-01,299.17242431640625,302.14888305967634,298.7709915681672,300.5529525833872,21294100
2023-05-02,299.025634765625,302.7168149639,297.5569911496003,301.3265157399899,26404400
2023-05-03,298.0367431640625,302.1587279445442,297.7332258690408,300.2103369449599,22360800
2023-05-04,299.025634765625,301.3265157399899,297.05764275867006,299.8382710861211,22519900
2023-05-05,304.15594482421875,305.4483577737147,297.9093121146054,299.32901223210547,28197100
2023-05-08,302.1978759765625,303.71549220994933,299.69139342347466,303.6469483411657,21318600
2023-05-09,300.5823059082031,303.55876446980983,299.90672765113413,301.5614013671875,21340800
2023-05-10,305.78131103515625,306.4568893157109,301.23832348494085,302.1684462755373,30078000
2023-05-11,303.6273193359375,304.6162154441753,299.8578252148701,303.61754869817486,31680200
2023-05-12,302.5111389160156,304.1560121908101,300.19068735342637,304.05809666453393,19774700
2023-05-15,302.9909362792969,303.4217407624871,301.16003216555265,302.6384761819386,16336500
2023-05-16,305.2232666015625,307.15208621607525,303.35319033533926,303.35319033533926,26730300
2023-05-17,308.1080627441406,308.5299869808576,304.90922423008425,306.4301577933981,24315000
2023-05-18,312.5432434082031,313.0535052333268,307.83332313670064,308.6281218082049,27276000
2023-05-19,312.3666687011719,312.76897905978745,310.4336325582829,310.79668509180397,27546700
2023-05-22,315.1533508300781,316.53689709363704,312.04284968121516,312.62177529023154,24115700
2023-05-23,309.3444519042969,316.664463629214,309.33462996251853,314.0249365560636,30797200
2023-05-24,307.96087646484375,310.56114546951807,306.7441236524187,308.82436880109975,23384900
2023-05-25,319.8044128417969,320.76600484441417,313.99548322633484,317.1746779116198,43301700
2023-05-26,326.6436767578125,327.14408677109617,317.80273053545227,317.9400880084301,36630600
2023-05-30,324.99517822265625,329.44017625595285,324.31812296404604,328.93976624150633,29503100
2023-05-31,322.22802734375,329.6363453938655,321.1878898831773,326.0548408394715,45950600
2023-06-01,326.3394470214844,327.2716331746607,318.62694664026094,319.81423378408647,26773900
2023-06-02,329.1064453125,331.16704625596896,326.30991759957334,327.9780302549856,25873800
2023-06-05,329.63641357421875,332.20724701987933,328.3804327326386,328.92992247927083,21307100
2023-06-06,327.4188232421875,329.0771144876542,325.9371772359314,329.0378566628356,20396200
2023-06-07,317.31207275390625,328.2135893193703,316.4485803635837,325.42688293374783,40717100
2023-06-08,319.15673828125,320.5108483593011,317.2825744719845,317.86149995051085,23277700
2023-06-09,320.6580810546875,323.79801789828633,318.32273487313944,318.8918385067795,22529000
2023-06-12,325.62310791015625,325.8684168614303,319.0586379784676,322.4144476627299,24260300
2023-06-13,328.0173645019531,330.65689152573293,324.1905503980353,328.19397978099306,22951300
2023-06-14,331.0101318359375,332.6782449291993,326.5651341794789,328.0664239854366,26003800
2023-06-15,341.5682373046875,343.2755782609129,330.87277152883553,331.1475163947217,38899100
2023-06-16,335.906494140625,344.87500521875836,335.53364962832507,344.7278258132524,46552000
2023-06-20,331.7067565917969,335.66113574405455,329.55784775287134,332.943123305957,26375400
2023-06-21,327.3010559082031,331.39282293074336,325.83902394821615,330.058326488485,25117800
2023-06-22,333.33563232421875,333.7379426283081,327.0851645614221,327.85052734982696,23556800
2023-06-23,328.7336120605469,331.61844775311465,327.1930945886858,328.0859928290581,23146900
2023-06-26,322.4341735839844,329.803235992687,322.32622204658753,327.4580973931773,21520600
2023-06-27,328.2921142578125,329.8424538607447,323.120981710903,325.63294331118817,24354100
2023-06-28,329.5480651855469,331.63810233073093,327.54633567319496,328.38039213208674,20259500
2023-06-29,328.7630615234375,329.8031691350396,326.37866558051627,328.4294449258427,16997000
2023-06-30,334.15008544921875,336.2989944894714,330.8727611005321,331.41242887349597,26832800
2023-07-03,331.6478576660156,334.50325725838104,330.2545196865414,332.8253525301653,12508700
2023-07-05,331.8049621582031,335.239288310843,328.44915165822283,328.80238226034805,18172400
2023-07-06,334.8663330078125,336.55405979331294,329.20461318273215,330.9708256570031,28161200
2023-07-07,330.8923645019531,335.3766196583141,330.6764914106529,332.952965838011,21214800
2023-07-10,325.6034851074219,328.9397110166737,321.4430546068671,328.32152762825416,32791400
2023-07-11,326.23150634765625,326.61417278371005,320.86414468674985,324.8479601120357,26698200
2023-07-12,330.8726806640625,335.2391614386579,329.37139128330205,330.2839332717192,29995300
2023-07-13,336.2303161621094,337.2900378184535,332.6586029099094,333.18847871055397,20567200
2023-07-14,338.7618713378906,344.8357239330472,337.84932914089796,341.06778168374007,28352700
2023-07-17,339.2427062988281,340.4790431987355,335.77894468986676,339.19362653573205,20363900
2023-07-18,352.7445068359375,359.8977253924033,335.74952271110794,339.3408199849451,64738600
2023-07-19,348.417236328125,355.6587621887617,345.82678907790546,354.96209307208494,39732900
2023-07-20,340.3612976074219,351.25302227091294,338.88944373248916,346.9355902267656,33778400
2023-07-21,337.3194580078125,343.72692730245325,333.45338612673345,342.5985119949176,69405400
2023-07-24,338.63427734375,340.4103417161615,335.88682904294996,339.36041220855765,26678100
2023-07-25,344.3941955566406,345.2871238413171,338.595087649529,340.59678737512286,41637700
2023-07-26,331.4320373535156,338.20258898250944,326.8594744910843,335.0331862626318,58383700
2023-07-27,324.5143127441406,334.9252104578534,322.8756357431296,334.09118396383514,39635300
2023-07-28,332.0208435058594,333.63008503079897,326.91843391972185,327.4090519536744,28484900
2023-07-31,329.61676025390625,331.3633588709427,327.10476892592203,330.59799610493667,25446000
2023-08-01,330.02886962890625,332.1876005255044,327.43842249793084,328.9004543649791,18311900
2023-08-02,321.354736328125,327.3697167947092,320.23611310138045,327.3697167947092,27761300
2023-08-03,320.5305480957031,323.6901291419594,319.8338789360626,319.88292875697346,18253700
2023-08-04,321.6294860839844,328.85139751963476,321.0996103397931,325.6525590625856,23741500
2023-08-07,323.915771484375,324.89700739318704,321.374374073945,322.20843058542397,17741500
2023-08-08,319.931884765625,322.5812331067579,316.93912788892106,320.8248128369707,22327600
2023-08-09,316.18359375,320.97199886312006,315.0257128535476,320.3440235798164,22373300
2023-08-10,316.8705139160156,322.1005182288563,315.15335102644235,319.9025293676403,20113700
2023-08-11,314.9865417480469,316.3602660012063,313.22029918403376,314.25061483261044,24355500
2023-08-14,317.959716796875,317.9793307363842,314.0740007379562,315.3594474269808,18836100
2023-08-15,315.820556640625,318.9899592196478,314.87857860821487,316.9391798843772,16966300
2023-08-16,315.0536193847656,319.0065586089997,314.46362532057526,315.44693875811095,20698900
2023-08-17,311.59234619140625,316.4990703161301,310.93351302834594,315.19127673474406,21257200
2023-08-18,311.19903564453125,313.0673251029197,306.35127777604174,309.24222157279775,24755000
2023-08-21,316.5089111328125,317.384044424445,311.7496780411196,312.6248113327521,24040000
2023-08-22,317.0792236328125,320.638813261693,316.09591025429995,320.06850470582657,16084600
2023-08-23,321.5434875488281,323.7067890708429,318.0625496482568,318.41655808292467,21166400
2023-08-24,314.6308288574219,327.42374738223793,314.6209861195301,327.2959118230331,23281400
2023-08-25,317.590576171875,319.93083688219207,313.4803033090538,316.1057633191369,21684100
2023-08-28,318.2985534667969,320.70765324549666,316.35158216920695,320.2258392914253,14808500
2023-08-29,322.929931640625,323.4904274361002,316.5088968490621,316.5088968490621,19284600
2023-08-30,323.3035888671875,324.30655763191555,321.0026393422181,323.1855960723184,15222100
2023-08-31,322.290771484375,325.3882023265176,321.3271136632982,323.70674501364135,26411000
2023-09-01,323.1758117675781,326.4502324505812,321.3271776248165,325.7815864865364,14942000
2023-09-05,327.984130859375,329.26245612182606,323.17574454916013,323.5100674616456,18553900
2023-09-06,327.32537841796875,328.87900042913225,324.67042016143193,327.81703513152416,17535800
2023-09-07,324.4049072265625,327.52199370609907,323.539586687025,325.76188443553343,18381000
2023-09-08,328.6921691894531,330.5506459747243,323.9624339954705,324.58192625722756,19530100
2023-09-11,332.3009338378906,332.7729350743732,329.83280759348713,331.6126024523964,16583300
2023-09-12,326.23388671875,331.1701393555617,325.9487474293145,330.2163241256409,17565500
2023-09-13,330.45233154296875,331.22915760826913,325.64394414491534,325.7815924302143,16544400
2023-09-14,333.04827880859375,335.1722094614784,330.95381635064444,333.4907518578009,20267000
2023-09-15,324.7097473144531,331.7699302193474,324.1492514827947,331.29795899971333,37679800
2023-09-18,323.56915283203125,324.8867893817978,320.9141942562485,322.3301681622196,16834200
2023-09-19,323.1659851074219,323.8936575241151,319.0950827041811,320.72738676232893,16505900
2023-09-20,315.4174499511719,324.0902819305911,315.16180885547175,324.011630056917,21436500
2023-09-21,314.1980895996094,319.9209800628248,309.74368166363735,313.93260581832857,35560400
2023-09-22,311.7202453613281,316.08616002586285,310.8745800842558,315.9583244600445,21447900
2023-09-25,312.2413330078125,312.36916854605823,309.7437086689083,311.3071733116646,17836000
2023-09-26,306.9314270019531,310.6090091309313,304.84677760481566,309.87152415800745,26297600
2023-09-27,307.5705871582031,309.055369891766,304.52230981108517,307.08874321728234,19410100
2023-09-28,308.40643310546875,310.2157261834966,304.2863475063599,305.8006285556267,19683600
2023-09-29,310.481201171875,314.1391281627372,309.7240606687745,312.4478279409763,24147300
2023-10-02,316.4302673339844,316.518791954941,309.9207368674109,311.0023877021163,20570000
2023-10-03,308.1606140136719,316.02712155021527,306.0169679036218,315.47643841498,21033500
2023-10-04,313.6376647949219,314.69966017701324,308.76043824911994,308.7899364537143,20720100
2023-10-05,314.0309143066406,314.6405937464886,309.6453454856245,313.7654305243728,16965600
2023-10-06,321.79913330078125,323.6969208452724,311.0219974867104,311.2678258217484,25673600
2023-10-09,324.3164367675781,324.7884080000268,317.78722130749577,319.3310305664322,19891200
2023-10-10,322.9102478027344,325.5750182685459,322.20226107285646,325.43734001157645,20557100
2023-10-11,326.8730773925781,327.26639677950044,323.64781040646227,325.6832464860802,20063200
2023-10-12,325.6340637207031,328.062848978579,323.23477666400214,325.0539124253683,19313100
2023-10-13,322.26129150390625,328.25947886718836,320.9141270220076,326.8336925301548,21072400
2023-10-16,327.0893859863281,330.5309829095428,325.083418234461,325.52589126243953,22158000
2023-10-17,326.5190734863281,327.895706363903,321.9466717819366,324.0902879776136,18338500
2023-10-18,324.6015625,329.9901305761364,322.8217676991399,326.94185312433785,23153600
2023-10-19,325.7913513183594,331.25857055625,325.3881892871773,326.6074881074966,25052100
2023-10-20,321.218994140625,326.381389371038,320.019350620081,326.18471469225653,25027700
2023-10-23,323.82476806640625,327.1778702783257,318.9770403265237,320.0390055685396,24374700
2023-10-24,325.0145568847656,326.3026949587647,322.13345600220845,325.77169735313146,31153600
2023-10-25,334.98541259765625,340.4231348794275,331.98628851300685,339.2628021799774,55053800
2023-10-26,322.4186706542969,335.9293882372037,321.4845108470067,334.8575801473551,37828500
2023-10-27,324.30657958984375,331.1012785656195,322.92010413957604,324.91622907683893,29856500
2023-10-30,331.6814270019531,333.78573199598327,326.2928589871081,327.84651090030354,22828100
2023-10-31,332.46807861328125,333.34324194155744,329.10516359659624,333.1957509335175,20265300
2023-11-01,340.2952575683594,341.6227365899214,333.98237267008375,334.12005094281756,28158800
2023-11-02,342.5077209472656,343.00919036132757,339.0169404715558,341.44572570080203,24348100
2023-11-03,346.9129333496094,348.47642796304746,341.5342081949656,343.7958468754574,23637700
2023-11-06,350.5807189941406,351.57387511294206,347.4537896404017,347.5521269803011,23828300
2023-11-07,354.51397705078125,356.41176470087066,351.6623742073379,353.4028281132475,25833900
2023-11-08,357.1394348144531,357.798237980275,354.5336303274662,355.64477925814185,26767800
2023-11-09,354.6713562011719,358.7029476379298,354.34684593464885,356.25447656557805,24847300
2023-11-10,363.5014343261719,363.9242518356229,355.0449340954523,355.45790886941,28042100
2023-11-13,360.56134033203125,362.3214796716584,359.79435710159004,362.0756513284613,19986500
2023-11-14,364.0914306640625,365.7434199318085,361.22017242867213,364.81910296344984,27683900
2023-11-15,364.2392272949219,367.64838835280426,361.7168083416723,365.82556050862166,26860100
2023-11-16,370.64373779296875,370.8210862145482,364.7417158302642,365.5102557263558,27182300
2023-11-17,364.4166259765625,368.87021288647435,361.6084886476014,368.12136824695096,40157000
2023-11-20,371.8951416015625,373.30412667259094,365.5497473551406,365.7665166021644,52465100
2023-11-21,367.58929443359375,370.6930122644204,365.66792954966576,370.151104255748,28423100
2023-11-22,372.299072265625,374.2105744423134,369.46137707263404,372.44686262583303,23345300
2023-11-24,371.88525390625,372.41732930761407,369.6289174288519,371.786716969812,10176600
2023-11-27,373.0478820800781,375.04808851693826,370.6733134944069,371.2447795697606,22179200
2023-11-28,377.0778503417969,377.3734310799554,372.60453806574077,372.79174922299154,20453100
2023-11-29,373.28436279296875,378.65427940747446,371.89507333786327,378.12223413728344,28963400
2023-11-30,373.34356689453125,374.5062247030552,369.9541003478898,372.9297237398549,30554400
2023-12-01,369.0081481933594,372.6045206628206,365.85514681042775,371.22509383375666,33040500
2023-12-04,363.7170715332031,364.0914637906027,357.5687213567305,363.6776507437524,32063300
2023-12-05,367.0473327636719,367.59910345060933,360.24870603092694,361.0665294174841,23065000
2023-12-06,363.3819885253906,368.68295635972305,362.62331133398067,368.0523741639695,21182100
2023-12-07,365.50048828125,365.9931429196831,360.93850151827866,362.8204458454036,23118900
2023-12-08,368.7322998046875,368.958901692999,362.8204441707764,363.7761953676955,20154400
2023-12-11,365.84527587890625,366.140886665869,360.7216863332907,363.06672692464986,27708800
2023-12-12,368.8800354003906,368.9194561848198,365.01761039602826,365.40189538840474,24838300
2023-12-13,368.8702087402344,372.0921891414662,365.32308952611504,370.4959629431741,30955500
2023-12-14,360.5541687011719,368.269156155742,358.78062426547126,367.8257550121924,43277500
2023-12-15,365.28369140625,366.9291409353676,360.89905342816303,361.4606868901136,78502300
2023-12-18,367.17547607421875,367.52034031624777,363.2637972546779,364.02250460099197,21802900
2023-12-19,367.77655029296875,367.77655029296875,364.40677933572755,366.03253362865195,20603700
2023-12-20,365.1752624511719,370.50578841631284,365.08658823838834,369.490921222126,26316700
2023-12-21,368.0523986816406,368.90961285521604,364.60381655946395,367.08678486250125,17708000
2023-12-22,369.07708740234375,369.66827890495347,367.2345641067885,368.19031518305366,17107500
2023-12-26,369.1559753417969,371.4024792784928,368.01301297831964,369.49097688586306,12673100
2023-12-27,368.5745849609375,369.55003135494337,367.33308586365905,368.20016268910763,14905400
2023-12-28,369.7668151855469,370.92947276145065,368.66327375287557,369.8554894003956,14327000
2023-12-29,370.51568603515625,371.6192275460888,367.9932968475244,370.4762652471226,18730800
2024-01-02,365.4216003417969,370.37770417291745,361.3818268052928,368.3676650837192,25258600
2024-01-03,365.1556091308594,367.7765353087628,363.09631643448915,363.58897105283376,23083500
2024-01-04,362.53466796875,367.61886702823733,361.7759907127874,365.22457289866344,20901500
2024-01-05,362.347412109375,366.5940918144849,361.11577576637916,363.5494903829088,21004600
2024-01-08,369.18548583984375,369.6880031258094,363.5889371144665,363.8746551165755,23134000
2024-01-09,370.2693176269531,370.46636140674497,365.73688972227416,366.5448504063893,20830000
2024-01-10,377.14678955078125,378.52624647847034,370.7915632878579,370.84081671988235,25514200
2024-01-11,378.9795227050781,384.94063197124007,374.7919581598022,380.32939164153356,27850800
2024-01-12,382.7630615234375,382.969968033559,378.99917320808413,379.82682931782017,21661200
2024-01-16,384.53662109375,388.24139340844187,381.925557656747,387.8768338056293,27202300
2024-01-17,383.7483825683594,384.37896483224864,379.1568380014038,382.28028145481545,22234100
2024-01-18,388.0837097167969,388.2019420036005,384.3888004079398,385.9653010602353,23392100
2024-01-19,392.8132019042969,392.8132019042969,387.7191405000406,389.9459487436234,29331100
2024-01-22,390.6849670410156,394.73457348742886,387.8078508984798,394.14338194370225,27016900
2024-01-23,393.039794921875,393.5127541159421,388.14280748032206,389.9360772632564,20525900
2024-01-24,396.6461181640625,399.6710249985012,394.567129928381,395.64111348079405,24867000
2024-01-25,398.922119140625,401.03069519921775,396.6164992894369,398.3802111244257,21021200
2024-01-26,397.99591064453125,400.20302354825617,396.517946945891,398.4294490683389,17803300
2024-01-29,403.70086669921875,403.9570567007328,398.39003594013263,400.0946315969203,24510200
2024-01-30,402.58746337890625,406.9819337836752,400.47891742664234,406.2035612023494,33477600
2024-01-31,391.7392272949219,409.21863334219495,391.3746676938224,400.98143260936786,47871100
2024-02-01,397.84814453125,402.00615052622754,395.89722150523676,395.9267795782407,30657700
2024-02-02,405.1788330078125,406.587817886619,397.6313612519742,397.87768854138443,28256700
2024-02-05,399.6907043457031,405.1197681132632,398.0550873287971,403.87826879542115,25352300
2024-02-06,399.53302001953125,401.97659767351126,396.99093550042556,399.9173050428237,18382600
2024-02-07,407.9672546386719,408.2135819340869,401.4149545944821,401.45437538113845,22340500
2024-02-08,408.0263671875,409.45507751601383,406.46959192466915,407.9672510426615,21225300
2024-02-09,414.37176513671875,414.6378178606117,408.9919854136341,409.1496384913206,22032800
2024-02-12,409.1595153808594,414.55899064975375,408.65699805765166,414.3816422071808,21202900
2024-02-13,400.3508605957031,404.04577027322716,397.46391171761815,398.991129023294,27824900
2024-02-14,404.2203369140625,404.5658388517389,399.36366838251547,402.8186275095737,20401200
2024-02-15,401.32806396484375,403.8649984148582,399.0872869539498,402.88774815292464,21825500
2024-02-16,398.8602600097656,403.0358361421353,398.24824344009687,402.71006595192074,22296500
2024-02-20,397.6065979003906,399.284702922107,392.8881118101571,398.05078888046796,24307900
2024-02-21,397.0044250488281,397.1130251474651,392.10826265454955,395.0203117904289,18518900
2024-02-22,406.3525695800781,407.51737721520215,403.3122186108832,404.9113664023,27009900
2024-02-23,405.0594482421875,410.50840209542025,403.7070832004783,410.32087486596646,16295900
2024-02-26,402.2954406738281,406.855981805031,402.1177341704529,406.16497794430535,16193500
2024-02-27,402.23626708984375,403.0654537547415,398.65297570324026,402.73968356058333,14835800
2024-02-28,402.4731750488281,404.0328292486966,400.10406595257604,402.9272470121027,13183100
2024-02-29,408.3169860839844,408.8697771758562,400.6963316033454,403.3813298173751,31947300
2024-03-01,410.1530456542969,410.51827940686405,405.5925039738578,405.9774695070198,17823400
2024-03-04,409.58050537109375,411.97922704270553,407.0139581345592,408.11954029802524,17596000
2024-03-05,397.4683837890625,408.9191120836045,395.4842705013913,408.632835591906,26919200
2024-03-06,396.9156188964844,399.94611920290095,393.26325117893276,397.784299256291,22344100
2024-03-07,403.8748779296875,404.50662623949256,397.06364847725683,400.8937223940283,18718500
2024-03-08,400.9924621582031,405.1384255054804,399.12676961447175,402.71006091285966,18002200
2024-03-11,399.3143615722656,400.4594375495643,396.0963338665231,398.56416223358286,16120800
2024-03-12,409.9359130859375,410.2221896174698,401.5551774159086,402.37448319598684,22457000
2024-03-13,409.7581787109375,412.7985296378199,406.1551557542081,412.7195723945268,17115900
2024-03-14,419.7479248046875,422.31447191746963,412.6109554732492,414.83200064539375,34157300
2024-03-15,411.06121826171875,417.16168230340674,407.4779269181007,413.8942801973478,45079900
2024-03-18,411.9496154785156,415.3157366151304,408.45516246098214,408.9191153478435,20106000
2024-03-19,415.9870300292969,416.24369382284954,410.2024245948162,412.4530828906041,19837900
2024-03-20,419.7578125,420.4783989986328,415.2466156701396,416.569367867818,17860100
2024-03-21,423.84454345703125,425.27589583117316,421.6629918116586,424.29861540078343,21296200
2024-03-22,423.2226867675781,424.32826906328035,420.58706292422704,424.1703545566299,17648500
2024-03-25,417.4183044433594,421.90976968993664,416.18439038520984,419.7676816300529,18060500
2024-03-26,416.2239074707031,420.50805370647623,415.92778013004056,420.13293899173254,16725600
2024-03-27,416.0067443847656,418.987900246969,413.61790346357526,418.9780192938283,16705000
2024-03-28,415.3058776855469,416.4410726444904,413.7264615959985,415.5427795552794,21871200
2024-04-01,419.1063537597656,422.3836369877504,416.78658912173853,418.494337158426,16316000
2024-04-02,416.0166015625,416.94450735898084,412.4629229935154,414.7037001138204,17912000
2024-04-03,415.0393371582031,417.8131735008708,413.6968230222425,414.3286014685427,16502300
2024-04-04,412.5024108886719,423.1535654935394,412.1964026116657,419.52089960464946,19370900
2024-04-05,420.04412841796875,421.0214089561493,412.93680065087176,414.6050550709994,16554800
2024-04-08,419.1260681152344,421.7814536782747,417.85266032435015,419.698621129678,14272400
2024-04-09,420.79425048828125,422.2354534811924,416.1942158774967,420.95219508166,12496900
2024-04-10,417.8132019042969,418.5732821571219,414.29901690120346,416.75696418781513,16216600
2024-04-11,422.4230651855469,423.8445365841043,416.92473693729744,420.3402327247268,17966400
2024-04-12,416.4706726074219,419.70846193552615,414.36807820345115,418.59299879164644,19253800
2024-04-15,408.3169860839844,421.32736877280126,408.10966683089106,421.1101986920762,20273500
2024-04-16,409.244873046875,413.0157217686464,408.4058355582689,409.23502221897127,16765600
2024-04-17,406.5401306152344,413.4895430541291,405.04955278693666,411.88051429574114,15855500
2024-04-18,399.0675354003906,406.5895007512514,398.7516762985985,405.34570574936373,21029900
2024-04-19,393.9838562011719,400.2620271980646,392.65122286516964,398.83067470294037,30565800
2024-04-22,395.8001403808594,397.6658329165628,390.65719496673063,394.93146005470254,20286900
2024-04-23,402.3251037597656,402.94700128728675,397.8731320388209,399.0379397213986,15734500
2024-04-24,403.7958679199219,407.16198877400103,401.54521009115024,404.28943349750205,15065300
2024-04-25,393.9049072265625,394.74397490944534,383.0365812882529,388.9593694617433,40586500
2024-04-26,401.0912170410156,407.6852472237732,400.5384258954466,406.86594145886636,29694700
2024-04-29,397.0735168457031,401.0911479751383,394.05289784724425,400.0349103833964,19582100
2024-04-30,384.3197937011719,396.9847044226994,384.16187921211525,396.32331323474864,28781400
2024-05-01,389.85760498046875,396.55035342207367,385.28718262896496,387.5575723765422,23562500
2024-05-02,392.7203063964844,394.7834071649824,389.5713551906569,392.5426299953367,17709400
2024-05-03,401.4267883300781,401.9104729912864,396.68854036623503,397.1031487364524,17446700
2024-05-06,408.21832275390625,408.6032883304177,401.1405774448335,403.49983592281086,16996600
2024-05-07,404.0722961425781,409.33372249534176,403.8255133338143,409.32384154303776,20018200
2024-05-08,405.2568664550781,406.92512065552296,401.4761369476161,402.917370243468,11792300
2024-05-09,407.01397705078125,407.40882353824776,403.83541312066325,405.28649730886616,14689700
2024-05-10,409.4028015136719,410.0345799682454,406.5006332532913,407.6259773286798,13402300
2024-05-13,408.39593505859375,412.96635748889184,405.53326050690544,412.63073648454196,15440200
2024-05-14,411.19940185546875,412.117426712038,406.25386452353786,406.71781742817865,15109300
2024-05-15,418.3887634277344,419.1106798585564,412.64318866360406,413.2662078851203,22239500
2024-05-16,416.3219299316406,420.70283173045664,415.6890421322498,417.12294600008903,17530100
2024-05-17,415.5506286621094,418.23060143126196,413.39480813113437,417.85481010987854,15352200
2024-05-20,420.623779296875,422.03791605530984,415.33309465424287,415.5506564770171,16272100
2024-05-21,424.28271484375,428.1691308622737,420.1391721073256,422.09719809997813,21453300
2024-05-22,425.7463073730469,427.61536520540614,422.393911984686,425.32108253196407,18073700
2024-05-23,422.26531982421875,428.792143449846,420.7028525285379,428.1691242148773,17211700
2024-05-24,425.3902893066406,426.28030386108634,419.704046646492,422.45322015153533,11855300
2024-05-28,425.54852294921875,426.0429788375184,421.8697699331016,424.86617140902985,15718000
2024-05-29,424.41131591796875,426.1616790443509,420.9698917832297,420.9698917832297,15517100
2024-05-30,410.0720520019531,419.5952468817441,409.64679700979286,419.5952468817441,28394500
2024-05-31,410.5269470214844,412.1289792567511,400.024708875454,412.1289792567511,47995300
2024-06-03,408.93475341796875,411.81249007309026,404.38578376247324,410.9224755830668,17484700
2024-06-04,411.4565124511719,411.82240496411936,405.1373519842431,407.85685925302585,14348900
2024-06-05,419.3085021972656,419.3777030871155,411.6839704862112,413.17723696234333,16988000
2024-06-06,419.8128356933594,420.5940844826949,415.91652070143505,419.3085111861324,14861300
2024-06-07,419.1502685546875,421.55331696325794,418.30968749669245,421.47421729884104,13621700
2024-06-10,423.1257019042969,423.33336493941925,419.18985211669025,419.99086828849937,13982900
2024-06-11,427.8823547363281,428.0208168757502,420.53474723054455,420.76220781136936,14551100
2024-06-12,436.16943359375,438.4834835709838,428.4460348943523,430.4930895516259,22366200
2024-06-13,436.6836242675781,438.4735822465715,434.4981378154063,435.9617380262819,15960600
2024-06-14,437.6626892089844,438.2263761607837,431.877549319742,433.42024926631433,13582000
2024-06-17,443.39837646484375,445.9398870196781,435.8332072728674,437.68246749988464,20790000
2024-06-18,441.3908996582031,445.1487826948382,439.95699562171353,444.7235276745664,17112500
2024-06-20,440.7580261230469,441.5788096843686,436.37712366644695,441.3513490930651,19877400
2024-06-21,444.792724609375,445.58384193574466,441.55899405937,442.4193424510746,34187100
2024-06-24,442.7061767578125,447.72983562691786,441.4601381818841,444.8125336268041,15913700
2024-06-25,445.94976806640625,446.4145577985047,441.79632662300793,443.27969425576566,16413400
2024-06-26,447.1463317871094,448.5703670936918,443.2203510089548,444.0213670965085,16507000
2024-06-27,447.8287353515625,451.1119299222234,446.76069365788027,447.16615113611203,14806300
2024-06-28,441.9941101074219,450.33062875420535,441.46008932267114,448.04624507062687,28362300
2024-07-01,451.66571044921875,452.29859832649356,440.718449260987,443.6851847474979,17662800
2024-07-02,454.1874084472656,454.4939686896818,448.08580938726794,448.17483800659534,13979800
2024-07-03,455.6608581542969,455.9080860928665,452.80291887761234,453.10947910710325,9932800
2024-07-05,462.3755798339844,463.15682857412344,453.88083144181417,454.5137192746822,16000300
2024-07-08,461.0702209472656,462.5140538822785,459.30995917726233,461.37678118625774,12962300
2024-07-09,454.44451904296875,462.14811993117183,452.9215864810465,461.8217923289273,17207200
2024-07-10,461.0801086425781,461.28777166224876,453.7720362415662,456.10588369109234,18196100
2024-07-11,449.6582336425781,459.6264518865709,446.5431371483352,457.84642261488483,23111200
2024-07-12,448.52093505859375,451.2997748037469,445.65309687289607,449.2922850558392,16324300
2024-07-15,448.9263916015625,452.18981864416236,446.4244459584992,448.2737061930426,14429400
2024-07-16,444.5356140136719,449.26261113120097,441.70734079913353,449.18351146737297,17175700
2024-07-17,438.6021423339844,439.9174119033302,434.3102688250729,437.6824616204732,21778000
2024-07-18,435.487060546875,439.7196016105417,429.5832562189407,439.4130413837652,20794800
2024-07-19,432.2632141113281,436.2485575608238,427.20988939637874,428.2976983913284,20940400
2024-07-22,438.0285949707031,439.670192179698,434.04328162510484,436.8913524368939,15808800
2024-07-23,439.9173889160156,443.4181448887154,438.186793389343,438.9779107012884,13107100
2024-07-24,424.14422607421875,436.5847522773038,422.8487541493976,435.5661744239133,26805800
2024-07-25,413.76068115234375,425.0342693658965,412.88056536465024,424.0453575896341,29943800
2024-07-26,420.55450439453125,424.1640565570156,412.64321010602674,413.5629210032518,23583800
2024-07-29,421.9983215332031,427.3582063126635,419.9908318898155,426.7945193727036,15125800
2024-07-30,418.2305603027344,424.2925638306224,412.7321833431071,422.97732451431415,32687600
2024-07-31,413.71124267578125,417.10320278469345,407.6393099563061,415.8373969334193,42891400
2024-08-01,412.4849548339844,422.7201972162586,408.50954056683383,416.12417291556886,30296400
2024-08-02,403.9605712890625,410.3983967606497,399.8565933572946,407.91621848675555,29437900
2024-08-05,390.7684631347656,396.5931676964823,381.3045706583986,384.85479031825656,40709200
2024-08-06,395.17901611328125,401.1718491768835,394.0813385396222,395.5647061878266,24946500
2024-08-07,394.01214599609375,405.53296315438047,393.0627990585979,404.10895783773424,20650900
2024-08-08,398.22491455078125,401.3597482091065,395.50540696833514,397.97768658874065,20203000
2024-08-09,401.5179748535156,403.52546468375385,397.7996868528818,399.55004994709526,19276700
2024-08-12,402.2991638183594,404.2275536933188,399.75765352179553,402.54639174185724,16762900
2024-08-13,409.4194030761719,410.3489826258754,405.02863206499177,405.0483994374045,19414300
2024-08-14,412.2377624511719,413.0882423005823,407.87668792866015,410.200606537794,18267000
2024-08-15,417.1119689941406,417.191211225686,413.77333444813155,415.89340426982346,20752100
2024-08-16,414.5758056640625,417.4190931983878,413.4166801400684,416.6859891605723,22775600
2024-08-19,417.6072998046875,417.8252537249248,412.58447325666395,415.06120860773046,15234000
2024-08-20,420.8468933105469,421.8970267669262,417.7163261753405,417.7757654099591,16387600
2024-08-21,420.1930847167969,422.43203322162,417.7955912661998,420.1336152453366,16067300
2024-08-22,411.6829833984375,422.8184073246916,410.75172838496667,420.410997320223,19361900
2024-08-23,412.91143798828125,415.3584538355035,408.255163223579,413.0996723021897,18493800
2024-08-26,409.6421203613281,413.396859709793,407.51213395459416,412.4953243921623,13152800
2024-08-27,409.9888916015625,410.5040417108967,406.43230298651787,409.01800038370646,13492900
2024-08-28,406.779052734375,411.13810125518216,403.5196602855256,411.0192227861693,14882700
2024-08-29,409.27557373046875,418.1224654785976,406.7790352875099,411.0786443893992,17045200
2024-08-30,413.2581787109375,413.60489748199507,408.29479126700903,411.7325012306554,24308300
2024-09-03,405.6298522949219,415.97270258559973,403.24227554701594,414.02103372225025,20313600
2024-09-04,405.0948791503906,407.41310010382534,400.60703533664076,402.13271297104455,15135800
2024-09-05,404.589599609375,409.25576060406553,402.35062114910426,403.8267457621573,14195500
2024-09-06,397.96185302734375,406.8285475492744,397.0702041035056,405.2533474753259,19609500
2024-09-09,401.9444580078125,404.84718480089737,398.40767240518096,403.4503023301037,15295100
2024-09-10,410.3455505371094,412.45570379102855,403.90603822449737,404.4013853254675,19594300
2024-09-11,419.1033020019531,420.0444433948456,405.76853569187716,411.6334589269,19266900
2024-09-12,423.02642822265625,423.39298024346107,415.84389519077274,419.37076416429335,17395700
2024-09-13,426.5830078125,427.8114589338371,421.5007417784194,421.8672937914901,15874600
2024-09-16,427.3260192871094,429.49564193620427,424.2350583167788,426.5929152766965,13834700
2024-09-17,431.1005859375,437.73824933805764,428.24738173228826,436.13332953102315,18874200
2024-09-18,426.80096435546875,431.9723892702998,426.40469272360485,430.95197545729616,18898000
2024-09-19,434.607666015625,437.3915144590669,432.83431483021604,437.12403789377305,21706600
2024-09-20,431.2194519042969,435.1525090726311,430.17923509170157,433.15131768035957,55167100
2024-09-23,429.4758605957031,432.3983904018878,426.38489946949306,430.23868426031646,15128900
2024-09-24,425.17626953125,429.3173642884583,422.1348308922367,428.97061525019865,17015800
2024-09-25,428.0888671875,429.08947802981356,424.58183139807875,425.8300855631319,13396400
2024-09-26,427.2962951660156,431.2491551844422,425.1365891561316,431.0411178765214,14492000
2024-09-27,424.03692626953125,427.8313020370733,423.49205654568107,427.5043560158928,14896100
2024-09-30,426.29571533203125,426.4146240359172,421.4116000312542,424.2251680181162,16807300
2024-10-01,416.775146484375,424.49266278755016,414.91263654622963,424.4629431708175,19092900
2024-10-02,413.248291015625,418.88534363054407,412.8321861342137,418.6475564553425,16582300
2024-10-03,412.66375732421875,415.64572621192764,410.43469544557,413.7436103396226,13686400
2024-10-04,412.1882629394531,415.84392727991013,411.10840979384466,414.34796923067006,19169700
2024-10-07,405.7288818359375,413.2284134108737,405.19389854116383,412.1287574404014,20919800
2024-10-08,410.8507995605469,411.79197118142247,404.37168100298584,407.0762569270798,19229300
2024-10-09,413.5752258300781,416.4680664316237,410.4446282759856,411.99010893472126,14974300
2024-10-10,411.97027587890625,413.46623380792397,409.3053060403614,411.3659669240718,13848400
2024-10-11,412.4458312988281,413.24829121073924,409.4043927403761,412.26751359253427,14144900
2024-10-14,415.23956298828125,420.0939583051494,413.63461305961806,413.8822865985765,16653100
2024-10-15,414.8432922363281,418.5485092157335,411.3956956650851,418.25128280655105,18900200
2024-10-16,412.2476806640625,412.48543760596397,406.66018089425665,411.3065392799767,15508900
2024-10-17,412.84210205078125,418.5683135090887,411.722612729939,418.429601804324,14820000
2024-10-18,414.2687072753906,415.7448320191293,412.38639426497724,413.2582100340754,17145300
2024-10-21,414.8829040527344,415.0612217475957,409.89971357797583,412.24765392774344,14206100
2024-10-22,423.53167724609375,426.57308539168537,414.14980218140033,414.59559642085827,25482200
2024-10-23,420.6487731933594,427.06845240983137,418.59802889539156,426.8504984713963,19654400
2024-10-24,420.77752685546875,422.0158945124843,418.4691926119839,421.3719191439679,13581600
2024-10-25,424.16571044921875,428.4950392124222,422.6004269353124,422.78866124967664,16899100
2024-10-28,422.6202392578125,427.9204593260478,422.33292947161533,427.64306615669506,14882400
2024-10-29,427.9303894042969,429.13903758740884,421.83759563654417,424.017135059726,17644100
2024-10-30,428.5049743652344,434.4194201314416,428.0789831021246,433.3692866656604,29749100
2024-10-31,402.568603515625,412.2873114234298,402.5190506643278,411.4947379049696,53971000
2024-11-01,406.5511779785156,411.63344411141696,403.7078904341815,405.20384836550784,24230400
2024-11-04,404.6589050292969,406.6006872402375,401.7958147917939,405.9864314998881,19672300
2024-11-05,407.63104248046875,411.0390330760231,404.28249112047496,404.5698009147436,17626000
2024-11-06,416.2699279785156,416.53743479175165,406.6998173145334,408.58216069067197,26681800
2024-11-07,421.4710388183594,422.8778379270892,415.9726979378319,417.3596638124742,19901800
2024-11-08,418.6079406738281,422.5310812867246,417.8550033981939,421.3620693729889,16891400
2024-11-11,414.1201171875,420.8568260602772,412.1288120506796,418.58812774007396,24503300
2024-11-12,419.0933532714844,420.49023567836724,413.3176195666668,414.35783635110096,19401200
2024-11-13,421.2431945800781,425.3347363138495,414.31822142109314,417.7163255743709,21502200
2024-11-14,422.9175109863281,424.1855985012155,416.0916126383046,421.045084217332,30246900
2024-11-15,411.13812255859375,418.86552578071695,409.79079286185015,415.91327620196233,28247600
2024-11-18,411.8910217285156,414.5064386408341,408.26507740364855,411.00928939667125,24727000
2024-11-19,413.9021301269531,414.0507282073073,407.72017788193654,409.26565838479394,18133500
2024-11-20,411.6235046386719,413.4067722571845,406.75919271133495,412.9906674094557,19191700
2024-11-21,409.8466491699219,416.70605256605285,407.28555520801666,416.4281041493026,20780200
2024-11-22,413.9463806152344,414.3434454251094,408.04987579157546,408.35760329128635,24814600
2024-11-25,415.7232971191406,417.99650611752486,411.812146489521,415.3162958278843,27691100
2024-11-26,424.8559265136719,425.89825580258685,415.78287220202776,416.5174436728799,23458900
2024-11-27,419.89251708984375,424.10148899734514,418.929618998767,421.9969878965425,18332400
2024-11-29,420.3591003417969,421.76871536801127,414.7405434642979,417.0137828520631,16271900
2024-12-02,427.82403564453125,429.82923270647603,418.22483367708463,418.48293944626425,20207200
2024-12-03,428.0424499511719,429.3031391752765,424.60776479316314,426.69239311416067,18302000
2024-12-04,434.21685791015625,436.45038152660425,429.46192581768037,429.8589906240061,26009400
2024-12-05,439.3787841796875,441.4038541812057,432.9760343176013,434.71321944433936,21697800
2024-12-06,440.32183837890625,442.8333105145372,438.5350012201072,439.0611189309198,18821000
2024-12-09,442.7538757324219,445.0469576507044,437.2743084708553,439.35893665859504,19144400
2024-12-10,440.08355712890625,446.3275050202344,438.3662450103701,441.1358228013123,18469500
2024-12-11,445.7021789550781,447.05223585940473,440.79835058458633,440.79835058458633,19200200
2024-12-12,446.2679748535156,452.8196506561494,445.8212579806136,445.8212579806136,20834800
2024-12-13,443.9947509765625,448.12429204881937,442.3171239692673,445.15619671011535,20177800
2024-12-16,448.2831115722656,448.86878750909034,442.01932060586137,443.99473862109255,23598800
2024-12-17,451.132080078125,451.9560191338881,446.2779042343056,447.70736185197006,22733500
2024-12-18,434.18707275390625,449.33530544806223,433.8197567617204,448.015058169262,24444500
2024-12-19,433.8297424316406,439.9347015317489,433.12495005824394,438.38612742715867,22963700
2024-12-20,433.4029235839844,440.4906238895222,425.49128413888167,429.93845914028344,64263700
2024-12-23,432.0627746582031,434.44519400818086,429.6604823749245,433.54185407205193,19152500
2024-12-24,436.1128845214844,436.3809267682004,431.0105391906017,431.4671622449362,7164500
2024-12-26,434.90179443359375,437.7110878799943,433.43265156283826,435.8646925313124,8194200
2024-12-27,427.3773193359375,432.0329778888151,423.2279358558446,431.4175228637617,18117700
2024-12-30,421.7190246582031,424.4191077458383,418.810487849265,422.9400284711836,13158700
2024-12-31,418.4134521484375,423.6051649635355,417.5796069111211,422.97977346202197,13246500
2025-01-02,415.51483154296875,422.9500047735069,411.81216477472935,422.4139505741353,16896500
2025-01-03,420.2499084472656,420.9249216883709,416.46781065088146,417.99651176266025,16662900
2025-01-06,424.71697998046875,431.13960318889787,422.3643396757335,424.865875513533,20573600
2025-01-07,419.2770690917969,427.49643519355806,417.7185585987197,425.85852385294453,18139100
2025-01-08,421.4510192871094,423.8433749158129,418.4531451224049,420.3590683350305,15054600
2025-01-10,415.8821105957031,421.59991046888086,411.98086631184646,421.52050962504774,20201100
2025-01-13,414.1350402832031,415.4354451072025,409.27092762989713,412.19930745359136,17604800
2025-01-14,412.6261291503906,416.6663021751594,407.7123650821303,414.75044252358344,16935900
2025-01-15,423.1882019042969,425.0147242617403,415.2070689754285,416.06078709453215,19637800
2025-01-16,421.47088623046875,426.34493507947604,421.28230542678756,425.56074187721237,15300000
2025-01-17,425.8883056640625,431.29840862027794,425.0346177976779,430.91124996405387,26197500
2025-01-21,425.3622131347656,427.7446325404098,422.48345509069117,427.0497766230712,26085700
2025-01-22,442.9325866699219,443.9947282693763,432.8072669314077,434.3558409675422,27803800
2025-01-23,443.4388122558594,443.4785278251988,438.266972657695,438.76331124507635,18389300
2025-01-24,440.8082580566406,443.37928850377745,438.16773293128523,441.9002090925553,15549500
2025-01-27,431.3778076171875,432.01313557520695,420.39880005578783,420.90507512895306,35647800
2025-01-28,443.9252624511719,445.0966142937209,428.2211016468738,431.4175234893937,23491700
2025-01-29,439.09088134765625,443.607580668921,437.1750216711049,443.41896958220315,23581400
2025-01-30,411.95111083984375,419.7634757332681,410.1345248522129,415.7034295288443,54586300
2025-01-31,412.0206298828125,417.60940782263856,411.87173434946413,415.9119381542539,34161900
2025-02-03,407.9109802246094,412.368091725276,405.6675197732108,408.5859935358612,25679100
2025-02-04,409.35028076171875,410.8889485554991,406.7395349510832,409.66794472749183,20532100
2025-02-05,410.2635803222656,410.7996042139957,407.39472859021873,409.33046130378085,16316700
2025-02-06,412.7750244140625,415.1376009046221,410.9683447102107,410.9683447102107,16309800
2025-02-07,406.7494812011719,415.58430218979566,405.1115698860282,413.4302096384315,22886800
2025-02-10,409.2013854980469,412.4176498447071,407.91091729068654,410.6804647918203,20817900
2025-02-11,408.4271240234375,409.4694230026259,406.30278019920314,406.64031711794166,18140600
2025-02-12,406.044677734375,407.7421472112012,401.40886202523427,404.22806155020925,19121700
2025-02-13,407.5337219238281,407.99034497113007,403.38430804391083,404.01963601763975,23891700
2025-02-14,405.43914794921875,405.91564391864586,402.9078331667541,404.80385028408716,22758500
2025-02-18,406.6402893066406,407.59325090478893,403.52326846051176,405.01228421128855,21423100
2025-02-19,411.7326965332031,412.4474253032674,404.66483997040297,404.8931666240703,24114200
2025-02-20,413.91107177734375,417.07410775463984,410.3402184035009,413.0755545581438,23508700
2025-02-21,406.03326416015625,415.8207899827264,405.71499358869687,415.11458446579724,27524800
2025-02-24,401.8457336425781,407.1870941067446,397.1906962904959,406.3316944915949,26443700
2025-02-25,395.7782287597656,399.7768119064437,394.5846458623518,398.9611771958944,29387400
2025-02-26,397.5984802246094,401.4478388786511,392.1476909921423,395.8876507833858,19619000
2025-02-27,390.4368896484375,403.5764407452776,390.0788238664077,399.13027515598884,21127400
2025-02-28,394.87310791015625,395.50970978817173,384.50868780557136,390.5662102627109,32845700
2025-03-03,386.4184265136719,396.693360360252,384.1008642400347,396.693360360252,23007700
2025-03-04,386.53778076171875,390.48661254503907,378.9683745181786,381.3555708063787,29342900
2025-03-05,398.8816223144531,399.52818059067016,386.73673843465946,387.2639110911412,23433100
2025-03-06,394.7736511230469,400.00558222724027,390.5860785359009,392.1775528184261,23304600
2025-03-07,391.2127380371094,392.6947831487431,383.4841811851977,390.2280267594304,22034100
2025-03-10,378.13287353515625,384.3395902213564,375.20854809150063,383.7825787420743,32840100
2025-03-11,378.4212951660156,383.9416881253617,374.9001634128666,376.97901502464265,30380200
2025-03-12,381.22625732421875,383.1658713736677,376.92931616803475,380.9079867475423,24253600
2025-03-13,376.750244140625,383.2653352756173,375.43730594967485,381.1168495701804,20473000
2025-03-14,386.4880676269531,388.1491759928466,377.48633735073093,377.7548866940246,19952800
2025-03-17,386.6273193359375,390.61591588488574,383.5140048019888,384.6379840789578,22474300
2025-03-18,381.4749450683594,385.3044217812384,379.06786623501773,385.0060336134189,19486900
2025-03-19,385.75201416015625,387.6020814133235,381.9523764633006,383.47421674907764,19185500
2025-03-20,384.7772216796875,389.7008385815923,381.2362073514129,383.68308121761453,18470500
2025-03-21,389.1736755371094,389.65109658333733,380.7587653391681,381.1765391094654,39675900
2025-03-24,390.9839782714844,393.2916146921325,387.7314257194749,393.2916146921325,21004500
2025-03-25,393.0528869628906,394.2464699747621,390.54633531859656,391.8195087441688,15775000
2025-03-26,387.89056396484375,393.2020858372719,386.49803525659746,392.89374127883343,16108400
2025-03-27,388.497314453125,390.1484665522675,385.3342783094565,388.0497321808232,13766800
2025-03-28,376.78009033203125,387.05502406399853,374.920066699825,386.01060482786494,21632000
2025-03-31,373.3883056640625,375.0593400396717,365.28173999012597,370.5534967757106,35184700
2025-04-01,380.15203857421875,380.80852287787553,371.2398247656492,372.65223585591366,19689500
2025-04-02,380.1023254394531,383.0266205201498,374.6117403662579,375.95454781806535,16092600
2025-04-03,371.1204528808594,375.4671762502354,367.3805229509676,372.7915176951189,30198000
2025-04-04,357.9212341308594,372.5925832225619,357.5631683165765,362.1883672134991,49209900
2025-04-07,355.9517822265625,369.021730877009,342.9514979578054,349.00902084094025,50425000
2025-04-08,352.66937255859375,371.65757505461033,348.38235725741856,366.2963320079612,35868900
2025-04-09,388.4077453613281,391.1331552543464,351.21713920354574,351.6547953803853,50199700
2025-04-10,379.3164978027344,381.852888057324,365.8387335220006,380.02270330397937,38024400
2025-04-11,386.3786926269531,387.9701367142302,376.86967153767677,378.61034006862997,23839200
2025-04-14,385.7420654296875,392.54558862795363,382.1612557582716,391.1232211496066,19251200
2025-04-15,383.67315673828125,389.80031299588615,382.11152127039287,386.4383315419063,17199900
2025-04-16,369.6284484863281,379.5751254610235,366.0377126687907,378.6401657518634,21967800
2025-04-17,365.8188781738281,372.3240133010547,364.9336397230584,371.75704543823275,21120200
2025-04-21,357.2050476074219,362.5364820854384,353.7734623702264,360.88533011613976,20807300
2025-04-22,364.864013671875,365.80892977570767,357.94110461161955,361.44235434917846,19485000
2025-04-23,372.3936462402344,378.3616523034824,371.0309260243866,374.05472426245655,20545500
2025-04-24,385.2347717285156,386.3786638188774,373.1893609627435,373.69665118177875,22232300
2025-04-25,389.7605285644531,390.068873110604,382.54918803088736,384.93638434344297,18973200
2025-04-28,389.0741882324219,390.6457497092271,384.5783015368256,389.86991018310994,16579400
2025-04-29,391.9388427734375,392.99318803647833,388.2983555925269,389.2134328165618,14974000
2025-04-30,393.1523742675781,394.54490301008695,382.3900622096707,388.21880050147547,36461100
2025-05-01,423.1316223144531,434.65981700987567,422.6342884776108,428.81116623183453,58938100
2025-05-02,432.95892333984375,437.0967443095362,427.69712309519423,429.43779144193553,30757400
2025-05-05,433.8442077636719,437.15643772408293,429.80582912695047,430.5617862640975,20136100
2025-05-06,430.99945068359375,435.39589519237757,428.8708776295015,429.8953841273505,15104200
2025-05-07,431.03924560546875,435.7837995157977,428.8111693588705,431.5266230555768,23295300
2025-05-08,435.83355712890625,441.30422944958144,433.3369315017373,435.5948162408885,23491300
2025-05-09,436.39056396484375,438.38982536855053,433.55575499424157,437.6537809958818,15324200
2025-05-12,446.8643798828125,446.97377874951286,437.4349200185842,443.5620761346614,22821900
2025-05-13,446.74505615234375,448.2668964878236,442.9851831830833,445.392292323668,23618800
2025-05-14,450.5247497558594,451.47962216221697,445.75035736922496,445.75035736922496,19902800
2025-05-15,451.5412292480469,454.5904977674882,448.85068389062144,449.1894881249397,21992300
2025-05-16,452.67718505859375,452.7668658429008,447.15663182075053,450.4649678139624,23849800
2025-05-19,457.26104736328125,457.9785240250479,449.2193361148497,449.29907263869796,21336500
2025-05-20,456.56353759765625,456.73292449884485,452.72703072274504,453.9925667897047,15441800
2025-05-21,450.9831848144531,456.1749087494066,450.2258398312579,452.97617231921885,19216900
2025-05-22,453.26513671875,458.63625267798704,452.30851122486644,453.3548479183862,18025600
2025-05-23,448.6015319824219,452.09923464302557,447.33599591595265,448.402251486361,16883500
2025-05-27,459.07470703125,459.33380513701957,454.5207233060155,454.87947686866386,20974300
2025-05-28,455.75634765625,460.8982588383752,455.3278626603832,459.60282918231184,17086300
2025-05-29,457.0717468261719,460.10109634693043,453.71356774793736,459.93167902845283,13974800
2025-05-30,458.7458190917969,460.06119805700706,453.942742633105,458.1080789456966,34770500
2025-06-02,460.3502197265625,460.48971303831235,455.2880448481698,455.53716828611505,16626500
2025-06-03,461.3466796875,462.51259067234093,459.2440622117471,459.85193916930956,15743800
2025-06-04,462.2435302734375,464.05715611586317,461.3965045417047,462.3730793208357,14162700
2025-06-05,466.0401611328125,468.00325491639626,462.4029652503908,463.3296970825432,20131700
2025-06-06,468.7307434082031,471.6803564462113,467.13634729745564,468.4417517005521,15285600
2025-06-09,471.0924072265625,471.77001565920176,466.9768832876908,468.05311353771793,16469900
2025-06-10,469.26885986328125,471.14224260725143,465.3227226358238,469.53790223355384,15375900
2025-06-11,470.9628601074219,473.80287330978865,468.01324719222674,468.37197033665615,16399200
2025-06-12,477.1909484863281,478.73553201697933,471.8597009390277,473.3544415367432,18950600
2025-06-13,473.2946472167969,477.4998519181197,471.1023792861798,474.7395752703882,16814500
2025-06-16,477.46002197265625,479.00457509504827,473.3345233196989,473.5437784887318,15626100
2025-06-17,476.3638610839844,477.06138843382047,472.4177241014044,473.7331030955977,15414100
2025-06-18,478.5561218261719,479.313466764918,472.7963894918646,476.3239856832242,17526500
2025-06-20,475.7261047363281,481.76485435953526,475.1979642712812,480.53918652379775,37576200
2025-06-23,484.29595947265625,486.0398235242553,470.853268600571,476.53326469371973,24864000
2025-06-24,488.3915100097656,490.1254297173699,485.0931183138473,487.23560408546166,22305600
2025-06-25,490.5439758300781,492.8259550719198,487.67409932543603,490.3148017263918,17495100
2025-06-26,495.705810546875,496.29373818928514,491.08206511354325,491.2514824256969,21578900
2025-06-27,494.20111083984375,497.54931522943417,491.30131038962224,495.80545117387857,34539200
2025-06-30,495.66595458984375,499.0042146991214,493.5932305818623,495.2972567719388,28369000
2025-07-01,490.32470703125,496.30366915943387,489.2584818970934,494.729222512998,19945400
2025-07-02,489.36810302734375,491.76965656989233,486.98649882219644,488.2719538404123,16319600
2025-07-03,497.0909423828125,498.3764278450543,491.7098821739863,492.07857999859937,13984800
2025-07-07,495.974853515625,497.0012408266234,493.4935938943106,495.6360493014733,13981600
2025-07-08,494.8786926269531,496.4531696907806,492.3774837277821,495.4965138505155,11846600
2025-07-09,501.74456787109375,505.003091421344,497.98776704512187,498.54580110123976,18659500
2025-07-10,499.7216796875,502.67129257213526,496.0047471787155,501.2861517097084,16492100
2025-07-11,501.5552062988281,503.25920197660867,496.05454172265075,496.72220586888017,16459500
2025-07-14,501.2562561035156,502.2029372942231,499.273243347857,499.7615155353931,12058800
2025-07-15,504.04644775390625,506.51773265302506,501.027073076573,501.2562471634966,14927200
2025-07-16,503.84716796875,504.9433171823036,500.1302657221866,503.40870828332856,15154400
2025-07-17,509.9058532714844,511.5699807689203,503.84715436950415,503.9069415603956,17503100
2025-07-18,508.2615966796875,512.8355294984256,505.6507880659733,512.6760564474737,21209700
2025-07-21,508.2716064453125,510.29451797884275,503.777409841716,504.93334625634344,14066800
2025-07-22,503.4983825683594,509.40761357627605,503.4983825683594,509.1784090675831,13868600
2025-07-23,504.09625244140625,505.01304000657746,498.94439715180334,504.97317174446385,16396600
2025-07-24,509.0887451171875,511.86894085644093,505.5212803694045,506.98612743645725,16107000
2025-07-25,511.9088439941406,516.4727417364818,508.57055332296227,510.67314061143924,19125700
2025-07-28,510.7030334472656,513.1942677567645,508.3313735189307,512.2775105607909,14308000
2025-07-29,510.7727966308594,515.8050777848653,509.7663282358281,513.7224399565682,16469200
2025-07-30,511.4404296875,514.1409495778635,507.6537656967309,513.3636552782116,26380400
2025-07-31,531.62939453125,553.5024436401114,530.0350289229713,553.2831833968122,51617300
2025-08-01,522.2722778320312,533.9212911566675,519.0336734352546,533.1241083924594,28977600
2025-08-04,533.7619018554688,536.3627358241171,526.2782244119826,526.4177481275262,25349000
2025-08-05,525.8995361328125,535.41603854948,525.3913146279989,535.2964641743647,19171600
2025-08-06,523.0994262695312,529.8357336828143,522.1926437275052,529.0385508551038,21355700
2025-08-07,519.0137939453125,526.2383731099006,515.735290819572,524.9528573399085,16079100
2025-08-08,520.2095947265625,522.8204035830947,517.5888112007746,520.7676288144971,15531000
2025-08-11,519.9405517578125,525.7401525514866,517.8976909591346,520.4686618064882,20194400
2025-08-12,527.3843383789062,529.1182277589118,520.8672912006765,521.9135974657331,18667000
2025-08-13,518.7546997070312,530.8321983067945,517.5489204522431,530.244240271181,19619200
2025-08-14,520.6480102539062,524.1058750288076,518.3162490497452,520.7277467800332,20269100
2025-08-15,518.3461303710938,524.255330935539,517.2599862571353,520.9370505811125,25213300
2025-08-18,515.286865234375,520.9868407954262,512.2177084457264,519.7611730136332,23760600
2025-08-19,507.98260498046875,513.3536904476517,506.7668813962475,513.1942782099028,21481000
2025-08-20,503.9468078613281,509.2082935133009,502.6712971096552,508.0822507382742,27723000
2025-08-21,503.2980041503906,506.68168580920974,501.7808546744913,502.74904380636957,18443300
2025-08-22,506.2824401855469,509.77590173606455,501.471437254012,503.3079962424447,24324200
2025-08-25,503.3179931640625,507.2406441544574,503.1782400793436,505.6835608535286,21638600
2025-08-26,501.1021423339844,504.0366525259624,497.5787379824689,503.4177851675948,30835700
2025-08-27,505.7933349609375,506.34232576675964,498.96611661319633,501.06219963605827,17277900
2025-08-28,508.68792724609375,510.1352001425548,504.5556467937143,506.1426727693108,18015600
2025-08-29,505.7434387207031,508.64800611235046,503.5475364264987,507.7097597194238,20961600
2025-09-02,504.1763610839844,505.0547219959289,495.88188775050133,499.53505401941584,18128000
2025-09-03,504.40594482421875,506.8413890153064,501.3816064871684,502.8488615493355,16345100
2025-09-04,507.02105712890625,507.20071355848035,502.2100541109688,503.3578996917829,15509500
2025-09-05,494.0752868652344,511.0135863020471,491.4501951138555,508.11900990545524,31994800
2025-09-08,497.2693176269531,500.26371328397477,494.10522614671714,497.1794589519428,16771000
2025-09-09,497.4789123535156,501.3117351050236,496.77024724997165,500.4932596555404,14410500
2025-09-10,499.43524169921875,502.2899147028095,495.7920664455459,502.04038173392,21611800
2025-09-11,500.0740661621094,502.2300346920423,496.9499084839274,501.31173995388707,18881600
2025-09-12,508.94744873046875,511.59249216822343,502.9087629314118,505.70352006176233,23624900
2025-09-15,514.397216796875,514.5069966795595,506.05284913244947,507.8395136770829,17143800
2025-09-16,508.08905029296875,516.2637221986186,507.64986983793983,515.9144004162443,19711900
2025-09-17,509.06719970703125,510.33484666258875,504.9848440594251,509.6660849144807,15816600
2025-09-18,507.5001525878906,512.1115168727503,506.71161989545686,510.5344514878828,18913700
2025-09-19,516.96240234375,518.3298380532008,509.35664280609984,509.6061757592278,52474100
2025-09-22,513.4889526367188,516.772784556969,511.5824866494396,514.6268375894382,20009300
2025-09-23,508.2787170410156,513.6287198501773,506.3622903955001,512.8401566617626,19799600
2025-09-24,509.19696044921875,511.5225942719762,505.9730140478167,509.4265417419943,13533700
2025-09-25,506.0827941894531,509.0572380888419,504.09652154158834,507.3504106819217,15786500
2025-09-26,510.5045166015625,512.9798945996346,505.67356201643696,509.1071380786861,16213100
2025-09-29,513.6386108398438,515.8844074376258,507.9293260645142,510.5444265624633,17617800
2025-09-30,516.982421875,517.1919905812645,508.70790002171145,512.2811987663596,19728200
2025-10-01,518.7391357421875,519.5376290534263,510.7340986553811,513.8382741479315,22632300
2025-10-02,514.7765502929688,520.625588764222,509.7260051791023,516.6730253227585,21222900
2025-10-03,516.3834838867188,519.5176324904353,514.0378984273964,516.1339509263171,15112300
2025-10-06,527.5825805664062,530.0380069481532,517.2319577376861,517.6411650074094,21388600
2025-10-07,523.0010986328125,528.8102332144322,520.4658657072805,527.3030443984364,14615200
2025-10-08,523.8695068359375,525.9656203925812,522.1128458539913,522.3024933531,13363400
2025-10-09,521.4241333007812,523.3505205733983,516.4334737589328,521.3642478231245,18343600
2025-10-10,510.0054626464844,522.6019127014883,508.6779606337136,518.6692706129455,24133800
2025-10-13,513.0896606445312,515.4452371680482,510.7240930552238,515.4452371680482,14284200
2025-10-14,512.610595703125,514.3174231454748,505.05473007895694,509.2768388871209,14684300
2025-10-15,512.4708251953125,516.2238106749688,509.04724028199115,513.9979961583023,14694700
2025-10-16,510.65423583984375,515.884437136842,507.1807563967364,511.62245544117155,15559600
2025-10-17,512.62060546875,514.5170195527368,506.3622988729776,508.0890780500653,19867800
2025-10-20,515.8245239257812,517.730989827423,512.4708156147512,513.6486038577511,14665600
2025-10-21,516.6929321289062,517.7210372272165,512.0815676283437,516.533257830336,15586200
2025-10-22,519.5675659179688,524.2488070435115,516.7428964573043,520.1764726871388,18962700
2025-10-23,519.5875244140625,522.9712060783663,517.6411550810741,521.4839993377199,14023500
2025-10-24,522.6318359375,524.3685757173844,519.7372899447384,521.8133604589415,15532400
2025-10-27,530.527099609375,533.5813808592218,528.0217787333662,530.7866236569336,18734700
2025-10-28,541.057373046875,552.6855732732587,539.7598137450263,548.9725518014023,29986700
2025-10-29,540.538330078125,545.2495444281135,535.7273269044096,543.9220119141725,36023000
2025-10-30,524.77783203125,533.9705877450752,521.1446173319796,529.4889853080866,41023100
2025-10-31,516.8426513671875,528.3311587204174,514.137692119172,527.8919782690999,34006400
2025-11-03,516.0641479492188,523.9793263365088,513.628703759196,518.8389228578652,22374700
2025-11-04,513.3692016601562,514.5868933466259,506.8913048594995,510.80399534425794,20958700
2025-11-05,506.2125549316406,513.8682396575209,505.6336213981725,512.3410686781482,23024300
2025-11-06,496.1713562011719,504.75529633258907,494.88375756631746,504.7153625290288,27406500
2025-11-07,495.8918762207031,498.4470913363115,492.32853818272196,496.02163823572937,24019800
2025-11-10,505.0547180175781,505.9031361854127,497.8681564860657,499.10586069795033,26101500
2025-11-11,507.7297058105469,508.64800052182136,501.411544557113,503.85694933091565,17980000
2025-11-12,510.1851501464844,510.7141588310794,498.18758530403636,508.4084461357136,26574900
2025-11-13,502.34979248046875,512.54071024479,500.3535287599438,509.3566671737073,25273100
2025-11-14,509.2268981933594,510.644258818196,496.51070821491913,497.2992409027003,28505700
2025-11-17,506.54193115234375,511.16328656765256,503.9667643395777,507.5001596757347,19092800
2025-11-18,492.8675537109375,502.0403882023454,485.87063942574486,494.44458869198826,33815100
2025-11-19,486.2099914550781,494.264922953439,481.9279972054541,489.18443539234676,23245300
2025-11-20,478.42999267578125,493.57000732421875,475.5,492.7099914550781,26802500
2025-11-21,472.1199951171875,478.9200134277344,468.2699890136719,478.5,31769200
2025-11-24,474.0,476.8999938964844,468.0199890136719,475.0,34421000
2025-11-25,476.989990234375,479.1499938964844,464.8900146484375,474.07000732421875,28019800
2025-11-26,485.5,488.30999755859375,481.20001220703125,486.30999755859375,25709100
2025-11-28,492.010009765625,492.6300048828125,486.6499938964844,487.6000061035156,14386700
2025-12-01,486.739990234375,489.8599853515625,484.6499938964844,488.44000244140625,23964000
2025-12-02,490.0,493.5,486.32000732421875,486.7200012207031,19562700
2025-12-03,477.7300109863281,484.239990234375,475.20001220703125,476.32000732421875,34615100
2025-12-04,480.8399963378906,481.32000732421875,476.489990234375,479.760009765625,22318200
2025-12-05,483.1600036621094,483.3999938964844,478.8800048828125,482.5199890136719,22587400
