Date,Close,High,Low,Open,Volume
2015-01-02,53.138545989990234,54.62919470004415,52.92159854552939,54.58720624997425,1188500
2015-01-05,52.186798095703125,53.20855855906778,51.99784462438908,53.05459370279007,1627600
2015-01-06,51.8438606262207,52.354737999612,51.21400705551666,52.29175531220451,2210200
2015-01-07,52.018821716308594,52.277757671679986,51.5639271561433,52.277757671679986,1577900
2015-01-08,52.837623596191406,52.96359430310633,52.40372330807874,52.44571710326739,1169700
2015-01-09,52.375736236572266,52.97759576804127,52.26376522617113,52.956601537298944,825700
2015-01-12,52.06781005859375,52.62068125176819,51.836862850180495,52.57169293537684,830500
2015-01-13,52.088809967041016,52.99859918700528,51.43796207013159,52.5157104875583,1168700
2015-01-14,52.263755798339844,52.305744252250214,51.28398427227081,51.56391975676557,1304000
2015-01-15,51.1930046081543,52.10978806208267,51.12302207582751,51.71088175456251,1812800
2015-01-16,51.49394607543945,51.528934679939695,50.73812173912864,50.73812173912864,1918700
2015-01-20,51.60591506958008,51.724891270347946,51.0180552794018,51.507938437883695,1438900
2015-01-21,52.2287712097168,52.26376515378969,51.33298177044341,51.40296431926298,1292800
2015-01-22,52.7956428527832,52.984596271095405,52.032818644106904,52.508707457601155,1299500
2015-01-23,52.03981018066406,52.96359357218308,51.98382201406886,52.85161723899268,1129500
2015-01-26,52.200782775878906,52.38274169397764,51.58492880451055,52.123805701368816,748900
2015-01-27,51.633914947509766,52.13779787522704,51.31899078734977,51.77388539372377,1118200
2015-01-28,51.339988708496094,52.10280767270028,51.09504708417948,52.025825256582635,1735000
2015-01-29,51.92085266113281,52.07481748913532,50.794115880925574,51.311993206575686,1081400
2015-01-30,50.94807434082031,51.710893188706784,50.850097706033544,51.40296357119056,1361600
2015-02-02,51.1930046081543,51.45894036672609,50.37419776734843,51.18600475312413,1737800
2015-02-03,51.95582962036133,51.976823848685896,51.332975929879666,51.570922975984516,1042200
2015-02-04,51.8438606262207,52.3897319410556,51.73188428506184,51.941837255071796,1062200
2015-02-05,52.655662536621094,52.809627320830195,51.68989071657123,51.885843954900885,1572400
2015-02-06,52.396728515625,52.872617257093815,52.22176949801625,52.59268176105472,1114000
2015-02-09,53.0545768737793,53.159553364245156,51.94183995708904,51.94183995708904,2551900
2015-02-10,52.620670318603516,53.05456521953919,50.570150633992384,53.03357099392294,4407800
2015-02-11,52.92860412597656,53.110563013193484,52.046814454217575,52.389732659901625,2693000
2015-02-12,53.516483306884766,53.82441299087346,53.01960016911129,53.201553764807066,1506600
2015-02-13,54.27928161621094,54.33526978091336,53.53745712154228,53.63543374010889,1814500
2015-02-17,54.0273323059082,54.33526182737184,53.88736725396536,54.174302551570015,1318900
2015-02-18,54.11832809448242,54.363269667048726,54.0203514654559,54.083334152976164,1020800
2015-02-19,54.517250061035156,54.53124443804516,54.104343858320874,54.23031460872029,888100
2015-02-20,54.54523468017578,54.566228911707874,53.94337512606574,54.44725804014172,1257600
2015-02-23,54.468238830566406,54.70618051498193,54.223297290925395,54.58720967277417,951200
2015-02-24,54.67820358276367,54.7901799441915,54.25830290606289,54.3492850345547,943000
2015-02-25,55.39202880859375,55.42701741026723,54.531228049674546,54.531228049674546,1689300
2015-02-26,56.12685775756836,56.35780497123592,55.24506804246229,55.39203299497997,2486200
2015-02-27,55.66496276855469,56.2458279997804,55.538992059847004,56.12685180759911,1310300
2015-03-02,56.35078811645508,56.67271735075676,55.66495187825474,55.67894624789525,1596200
2015-03-03,55.944915771484375,56.57476417273472,55.75595697964746,56.322828015830936,1235900
2015-03-04,55.34304428100586,55.8819157697103,55.05610889529393,55.87491591316641,1069200
2015-03-05,55.14584732055664,55.793792104496355,54.88525837833512,55.67406422832711,844300
2015-03-06,54.307735443115234,55.08949681014311,54.13166315997021,54.87820792104922,1176500
2015-03-09,54.70918655395508,54.80074221771415,54.25844188524837,54.51903082974768,744800
2015-03-10,53.920372009277344,54.35703318754987,53.81473294246091,54.23730532962495,961000
2015-03-11,53.779537200927734,54.15280971061625,53.61754828013572,54.09646527092325,913100
2015-03-12,54.7232666015625,54.83595544844457,53.82177731970582,53.94854958579816,878800
2015-03-13,54.27251052856445,54.69508824205964,53.871065999383106,54.65987164150209,803600
2015-03-16,54.9275016784668,55.07540173463806,54.34294584882772,54.62465717107829,902900
2015-03-17,54.328861236572266,54.779605834793855,54.19504458690354,54.596489162610254,712700
2015-03-18,55.026123046875,55.32192864718606,53.86404995886436,54.32183372163164,809700
2015-03-19,55.096553802490234,55.14585383811011,54.659892506070626,54.962737117250164,645200
2015-03-20,55.152896881103516,55.60364163198719,55.13176906048417,55.35009703795246,1431500
2015-03-23,55.26556396484375,55.59658068616719,55.159919530100225,55.18104734238909,822400
2015-03-24,54.9275016784668,55.46980725772715,54.9275016784668,55.1951349572235,759600
2015-03-25,54.40632247924805,55.17399487096943,54.36406686085557,55.05426703665849,1171600
2015-03-26,54.12462615966797,54.41338732266575,53.92038163851596,54.23027061865009,1226700
2015-03-27,54.244346618652344,54.46971892611103,54.07531873138325,54.1457465699704,666500
2015-03-30,54.96272277832031,55.06836721945931,54.448589363870276,54.448589363870276,816000
2015-03-31,54.92047882080078,55.39235133507997,54.659889860394046,54.86413439044787,1030400
2015-04-01,54.70918655395508,54.80074221771415,54.082369581119174,54.48381421960172,1297100
2015-04-02,55.441650390625,55.561378273038116,54.6105888641272,54.80074459658917,996100
2015-04-06,55.65293502807617,55.71632385566896,55.230362546226594,55.58955157378402,886500
2015-04-07,55.12471008300781,55.667015744213515,55.12471008300781,55.54728787683558,1267000
2015-04-08,55.57545852661133,55.83604206907765,55.04724167246647,55.16696953648071,1399400
2015-04-09,55.019073486328125,55.62476261991293,54.8711734011458,55.48390155785827,2002300
2015-04-10,55.3712158203125,55.39938803157296,54.78665452658268,55.004982447226396,913100
2015-04-13,54.526058197021484,55.033147184240455,54.392246928332526,54.92046372780243,1606600
2015-04-14,54.89934539794922,54.906389795038784,54.20914493558865,54.50494513374318,1662300
2015-04-15,54.50493240356445,55.08244924411007,54.399287965097706,55.012021409565364,1591900
2015-04-16,54.50493240356445,54.850032554143105,54.25843229600827,54.51197679900873,1507700
2015-04-17,54.188026428222656,54.35000997601051,53.849965162745555,54.230282071419225,1612800
2015-04-20,54.850032806396484,55.18809393638494,54.35703258901684,54.47676044562341,2419000
2015-04-21,53.97671127319336,54.84298915146837,53.842894636937324,54.75142813790418,1815200
2015-04-22,54.83595657348633,55.00498447397732,53.65275052344919,53.97672290493197,2102600
2015-04-23,54.79369354248047,55.131749297812235,54.46267680929775,54.80073256462951,1024900
2015-04-24,54.58240509033203,54.927505243798684,54.17391612393511,54.9063774305884,1517500
2015-04-27,54.41337585449219,54.94159266477534,54.39928706383706,54.66692035329204,1638300
2015-04-28,53.77248764038086,54.589465817593464,53.72318760370775,54.39930469521077,1488800
2015-04-29,53.69500732421875,53.83586838877794,53.24426266422973,53.67387950785992,1819300
2015-04-30,53.3569450378418,53.8288174568999,53.082272711924425,53.66682859564885,1509500
2015-05-01,54.054176330566406,54.1386929380439,53.504831815208235,53.680904050812686,1031600
2015-05-04,54.27956771850586,54.50494004462355,54.09645102437895,54.22322329365141,819400
2015-05-05,53.71611785888672,54.39927902563485,53.70203444361185,54.10347894517642,1225900
2015-05-06,53.342864990234375,54.1175820716904,53.103409230255416,53.77248185212643,1348900
2015-05-07,53.73021697998047,53.96967269879072,53.3710280284656,53.71612818869781,1250400
2015-05-08,54.29364013671875,54.941590144652615,54.15278447642387,54.30772892672764,931000
2015-05-11,54.15278244018555,54.800727050456565,54.15278244018555,54.32885469558303,1020100
2015-05-12,53.82177734375,53.96967742537382,53.3992049143534,53.82177734375,773500
2015-05-13,54.06122589111328,54.251381559487946,53.80768141774792,53.84993703887591,809100
2015-05-14,54.78665542602539,54.82186666070413,54.13871067629702,54.420422046926774,1091400
2015-05-15,55.026123046875,55.02612304687499,54.76553943544768,54.843011691088535,1836300
2015-05-18,54.94864273071289,55.18105946354182,54.89934270010982,54.934559310526446,1246300
2015-05-19,54.78665542602539,55.35712793684059,54.74439979509093,55.13880001261255,1210500
2015-05-20,54.63172149658203,55.131766261289265,54.462693566907994,54.91343829490609,1090600
2015-05-21,54.64578628540039,54.88524736297978,54.49788622570392,54.68100288817062,864200
2015-05-22,54.20914840698242,54.92048210616339,54.15280397325897,54.59650429890402,1124000
2015-05-26,53.18086242675781,54.11052366616767,53.03296238563562,54.082351462149376,1665700
2015-05-27,53.265384674072266,53.50484577106888,53.040012368645826,53.371029117650195,1780500
2015-05-28,53.082275390625,53.244258886750714,52.88506991423312,53.21608667583759,1103200
2015-05-29,52.490657806396484,53.03296334023795,52.15260209868883,52.948446726661736,2347900
2015-06-01,52.60336685180664,52.89916705311804,52.08923332479339,52.65970590922262,1260800
2015-06-02,52.547019958496094,52.87803675681761,52.2934754054541,52.4202476819751,958500
2015-06-03,52.800567626953125,53.0400234004546,52.525895240501086,52.75831199005303,665000
2015-06-04,52.103309631347656,52.66673768357345,52.07513742274146,52.55405422244804,906700
2015-06-05,51.81455993652344,52.152621140964605,51.610315409113234,52.03288788468927,1451200
2015-06-08,51.67369842529297,51.892026348908814,51.61735400200502,51.67369842529296,1285400
2015-06-09,51.27931594848633,51.596249442356154,50.9905600522608,51.58216064353401,1176200
2015-06-10,51.91755294799805,52.03102103573634,51.463691417957314,51.527518569924155,1242700
2015-06-11,51.85370635986328,52.07354391144688,51.75442453589304,51.94589507913462,624300
2015-06-12,51.41402053833008,51.6622250726314,51.258004713782654,51.60549106180451,1117300
2015-06-15,50.86088180541992,51.14454647334301,50.75450687864207,50.89633650737685,1274400
2015-06-16,51.293479919433594,51.32893462879534,50.74033667720752,50.89634713721758,1152500
2015-06-17,51.49911880493164,51.718956322081965,51.29346208450437,51.41401779323501,814400
2015-06-18,51.59132766723633,52.080649207384546,51.506226622289496,51.54877984999036,1641600
2015-06-19,51.165828704833984,51.421126406474045,51.01690594728635,51.3927593940191,1720000
2015-06-22,51.605499267578125,51.78988212685765,51.39275480882844,51.39275480882844,1088800
2015-06-23,50.95307922363281,51.669331415091456,50.95307922363281,51.66223830930746,1011100
2015-06-24,50.307743072509766,51.04526910934264,50.307743072509766,50.818338437275145,905400
2015-06-25,50.08081817626953,50.57013428189091,49.91061609474898,50.513405665172016,1303900
2015-06-26,50.23683166503906,50.52049640755951,50.130462120741974,50.24392477147718,1261400
2015-06-29,49.07379913330078,50.12335680176561,49.07379913330078,49.93897395248389,1602900
2015-06-30,49.27943801879883,49.59146958745577,48.94613255417922,49.279438018798835,1652300
2015-07-01,49.57022476196289,50.704878299153684,49.5347646409284,49.988626055804716,1343700
2015-07-02,49.187278747558594,49.89643789281122,49.002895854865535,49.683687985053474,1702700
2015-07-06,49.1163444519043,49.1801661526682,48.75467191621722,49.095070551649655,1906900
2015-07-07,50.01698303222656,50.066623945439105,48.910696731801984,49.20854221107725,1747200
2015-07-08,49.470947265625,49.91062250656651,49.236923431311105,49.67660408270794,1996200
2015-07-09,50.34320068359375,50.62686539266599,50.194277928683036,50.229738046237436,2288900
2015-07-10,51.54877853393555,51.68351508859289,50.967268267782224,51.02399688584359,2403000
2015-07-13,51.52040100097656,51.85370658739073,51.34311125590125,51.85370658739073,1884400
2015-07-14,51.52040100097656,51.69059764132184,51.378565958644124,51.47784778305,1492100
2015-07-15,51.76861572265625,52.10192137448857,51.48495099276993,51.88208377879266,2843000
2015-07-16,52.087738037109375,52.22248000859446,51.754437777336,52.00264240076511,1623900
2015-07-17,52.3359489440918,52.36431054970969,52.031010284376016,52.19411386372685,2250400
2015-07-20,52.52030944824219,52.60541046894018,52.05936046487476,52.265011796601556,3645300
2015-07-21,51.882083892822266,52.874902333924396,50.76869887874183,52.690524857979554,4082300
2015-07-22,52.26502227783203,52.29338929042008,51.42112664776877,51.818254003092655,2064000
2015-07-23,51.79697799682617,52.83944267275255,51.683509951073056,52.569958769315996,1795300
2015-07-24,50.945980072021484,51.84661503380323,50.938892377533044,51.782787910230645,1255600
2015-07-27,50.683597564697266,51.059450991042,50.33611114926871,50.7686931869917,1662200
2015-07-28,51.35020065307617,51.428203157660064,50.49920669188542,50.91761327348952,1479300
2015-07-29,51.910423278808594,51.98843118157277,51.11616886586769,51.45656206842739,1329000
2015-07-30,51.68352127075195,51.8749972872837,51.172931184396575,51.74025530605435,964800
2015-07-31,51.82534408569336,52.066455562945265,51.626780419614356,51.93171902407972,983200
2015-08-03,51.57005310058594,51.88917254676858,51.30766227318912,51.86789863841704,1181700
2015-08-04,51.61259460449219,51.98136033899732,51.42112404229256,51.59132069874269,962200
2015-08-05,52.43523025512695,52.52741899857346,51.761525803855385,51.78279971307727,1982800
2015-08-06,51.25092315673828,52.39976278777964,50.48503547983166,52.385581987104494,2155200
2015-08-07,51.38566207885742,51.49913011938206,50.83251890743473,51.101997387999795,1386800
2015-08-10,52.470672607421875,52.548680529830534,51.86788854281718,51.88916244702794,1655400
2015-08-11,51.67642593383789,52.491954576298774,51.5416839725301,51.924630538519665,1222400
2015-08-12,51.76861572265625,51.83243744639195,50.56304738370778,51.39276225500013,1210900
2015-08-13,51.846622467041016,52.09482707106652,51.534590730292045,51.89626338784612,948300
2015-08-14,52.17284393310547,52.29339970276821,51.70480165834489,51.76862339153499,1099300
2015-08-17,52.385589599609375,52.413956615536165,51.73315905420342,51.76861917672567,635200
2015-08-18,51.953006744384766,52.39268200462883,51.91754661867548,52.229578411459435,858300
2015-08-19,51.44949722290039,51.9104463306243,51.07363833792372,51.740249653765396,1189200
2015-08-20,49.924800872802734,50.99563261051372,49.86806684725876,50.98144639890049,1839900
2015-08-21,48.868167877197266,49.96026839144924,48.804340729480494,49.392944221902944,1965000
2015-08-24,47.37183380126953,48.37174539813673,45.60602360669482,46.55629968949814,3091100
2015-08-25,46.91796112060547,48.63412456857606,46.87540790232805,48.584483655963815,2143000
2015-08-26,47.811500549316406,47.94624249648915,46.63429937183897,47.8611414650452,1882200
2015-08-27,48.07389450073242,48.591577597321084,47.208719560730124,48.28663897765559,1871500
2015-08-28,48.03843688964844,48.222819774301016,47.648402623040866,47.87533332320762,1379100
2015-08-31,47.499481201171875,48.18736101673552,47.47820188235852,47.93206329552341,1234600
2015-09-01,46.21590042114258,47.10234935699596,45.953514998821134,46.51374596508013,1708900
2015-09-02,47.130706787109375,47.13779989208104,46.10242839482495,46.81158739928423,1301300
2015-09-03,47.40018081665039,47.88240911088561,47.180343277225894,47.30799210247797,1228400
2015-09-04,46.83287048339844,47.17326384240483,46.55629885028516,46.761955651143346,1712800
2015-09-08,48.25826644897461,48.27244724671021,47.563288329960855,47.71221105322384,816300
2015-09-09,47.55619812011719,48.634122769032025,47.471102507618404,48.612848865907324,835400
2015-09-10,47.79733657836914,48.1731901312871,47.2300069898986,47.47112395865816,922300
2015-09-11,47.98170471191406,48.0029786180925,47.43564920454755,47.64130598169624,743100
2015-09-14,47.620033264160156,48.0384345239912,47.393102575168626,48.01006751156046,808000
2015-09-15,48.371742248535156,48.520665012395035,47.549120494291806,47.86823992964089,1137400
2015-09-16,49.414207458496094,49.634045053284986,48.49229844278292,48.612859604544106,1890800
2015-09-17,48.974525451660156,49.61986282621287,48.79014798217755,49.42129914495189,1828700
2015-09-18,48.11732864379883,48.93881024801784,47.988748867052266,48.431635975826445,2360200
2015-09-21,48.32447814941406,48.6530696528133,48.11017673637001,48.37448108580283,1318000
2015-09-22,47.7030143737793,47.92445519833377,47.431570606586334,47.653011431140804,1241600
2015-09-23,47.73159408569336,47.83874481868028,47.32442566027318,47.66016208033963,1102300
2015-09-24,47.41726303100586,47.64584860387646,47.0315238549286,47.44583690885343,1023200
2015-09-25,46.960105895996094,48.06017599674295,46.74580992306821,47.66729732141937,1170700
2015-09-28,46.281497955322266,46.94582588577807,46.01719357011741,46.795817056308955,1479100
2015-09-29,46.3243522644043,46.495790134035104,45.80289382138638,46.3743552034596,1408500
2015-09-30,47.074405670166016,47.17441155649818,46.631518566472124,46.845820008562214,2323800
2015-10-01,47.08155822753906,47.24585130349956,46.03149079889962,47.07441339165423,3472000
2015-10-02,48.574501037597656,48.60307492749159,46.338647290041344,46.338647290041344,1552800
2015-10-05,49.11024856567383,49.26740223306993,48.788801845936106,48.788801845936106,1293200
2015-10-06,49.06024169921875,49.31740123441437,48.71022111794595,49.21739535405071,1528000
2015-10-07,49.95315933227539,50.02459133125946,49.281686552018314,49.36740822074651,1195500
2015-10-08,50.68178176879883,50.83893545923068,49.59600105749878,49.59600105749878,1192200
2015-10-09,50.67462921142578,50.87464096547443,50.338892860024885,50.63176565704996,1106600
2015-10-12,50.78891372680664,50.99607029214432,50.5103251785724,50.803203393332524,607200
2015-10-13,50.66034698486328,51.046086331437856,50.41747709067504,50.58177014852888,843500
2015-10-14,50.6246452331543,51.13181964227376,50.44606246445391,50.7175063109096,927300
2015-10-15,51.22467041015625,51.581835875671146,50.58177148224695,50.710351267828806,2380000
2015-10-16,51.560394287109375,51.96041776728165,51.29608994490345,51.45324358351718,1882500
2015-10-19,51.59611892700195,51.86041784963219,51.00322302233055,51.43182043598137,1657200
2015-10-20,51.6889762878418,52.717614367173624,50.788917968426446,51.96756485934227,3965900
2015-10-21,52.01043701171875,52.431895124699096,51.76756709400113,52.046155740753875,1822600
2015-10-22,53.11048889160156,53.381938057997885,52.160427709036426,52.160427709036426,2570900
2015-10-23,52.67475509643555,53.660535152577225,52.53189110709622,53.4890918254758,2000000
2015-10-26,53.25337219238281,53.30337513871722,52.4533196011198,52.74619244396067,1042700
2015-10-27,53.517677307128906,53.56054087314594,52.73905913170345,53.05336106632115,1610600
2015-10-28,53.46052169799805,53.760544816573,52.903344470506646,53.624820202215574,1498700
2015-10-29,53.810546875,53.89626309325618,53.13907409912847,53.46766565223884,1002200
2015-10-30,53.517677307128906,53.98913838392501,53.43910046099622,53.839129527647984,1223800
2015-11-02,53.5748176574707,53.79625849314965,53.43195365701569,53.52481471232022,3229800
2015-11-03,53.43907928466797,53.72481266193066,53.05334004284995,53.39622118554737,1365900
2015-11-04,52.52475357055664,53.567676097392805,52.43903734500819,53.49624409279823,1506500
2015-11-05,52.32474136352539,52.77476789383019,52.14615862849629,52.63904872114862,2178400
2015-11-06,52.50333786010742,52.517622084692235,51.7390037718412,52.23189399368407,1141400
2015-11-09,51.803287506103516,52.56762154344826,51.546133331311104,52.4747604650486,1530800
2015-11-10,52.231868743896484,52.31044556591253,51.78183686327522,51.803265914750256,1257700
2015-11-11,52.19614791870117,52.446162592340734,52.024710063907065,52.31044345517134,2913900
2015-11-12,51.88185119628906,52.25330631546137,51.746132031513866,51.86042214131994,1202400
2015-11-13,51.096092224121094,51.9032896893978,51.03894443987072,51.81756801302224,966600
2015-11-16,52.13898849487305,52.196136250332835,50.853196696487366,51.0246345129568,1620100
2015-11-17,51.45327377319336,52.43905428474467,51.30326488011259,52.17474978746081,1596200
2015-11-18,52.067588806152344,52.14616565614782,51.42468978342266,51.581843483413614,1655600
2015-11-19,52.253299713134766,52.49616957198066,51.77469937958911,52.03899829069651,1266400
2015-11-20,52.68190383911133,52.68190383911133,52.3033093343552,52.3033093343552,1302800
2015-11-23,52.774757385253906,53.01763269048637,52.36044966441743,52.68189634349791,1360500
2015-11-24,52.15330505371094,52.331887794183935,51.53183515489631,52.331887794183935,1429900
2015-11-25,52.88906478881836,53.1462243697133,51.924719085418694,52.18901805195709,1215400
2015-11-27,52.63904571533203,53.0747879999141,52.2247324857438,52.71047771528222,545700
2015-11-30,52.80333709716797,52.9319168729692,52.29616282870539,52.82476615148283,1727400
2015-12-01,53.5748176574707,53.689113217764536,52.996211370741946,53.16050442627398,1956700
2015-12-02,52.96049118041992,53.73196984132203,52.90334340185411,53.61053489930377,1202300
2015-12-03,52.93191909790039,53.27480033108696,52.48903742367845,52.98192204337423,2056100
2015-12-04,53.746253967285156,54.046277079276436,52.996209812087244,53.05335214064129,2373800
2015-12-07,54.66774368286133,55.0677672485812,53.303374478402596,53.58196309737355,3788900
2015-12-08,54.51058578491211,54.746316274971065,54.04627508922935,54.37486662844247,2424000
2015-12-09,53.581966400146484,54.71060516584103,53.34623587728307,54.182001785712245,2398300
2015-12-10,53.88911819458008,54.41057663532503,53.62481383220463,53.71053549160219,1540300
2015-12-11,53.00334167480469,53.860541880408135,52.746182158114784,53.2033588710501,1985900
2015-12-14,52.92476272583008,53.71767029543592,52.62474511838762,53.18192223218392,2141700
2015-12-15,52.846187591552734,53.389074999695,52.69617334860973,53.13906034464122,1995400
2015-12-16,53.74518585205078,53.860253644471165,52.90372758555764,53.205792200527576,1906800
2015-12-17,52.98284912109375,53.752383990098075,52.88216272604623,53.72361566479921,2057000
2015-12-18,52.946876525878906,53.36400339677476,52.70954203049304,52.87495299128054,2078100
2015-12-21,53.50065994262695,53.579771453531464,53.162639030034285,53.40716701473808,1281500
2015-12-22,54.2342414855957,54.356502741383466,53.34243994609364,53.64449910286217,1580200
2015-12-23,54.895896911621094,54.960621522766814,54.19828017195791,54.39245949239161,1827700
2015-12-24,54.71609878540039,55.11165087711003,54.51472601333053,54.802398266575175,900000
2015-12-28,55.02534866333008,55.03973008047951,54.457186663493225,54.52910472323288,1251700
2015-12-29,55.485652923583984,55.55037755702314,55.03255854151619,55.34181125983292,1474900
2015-12-30,55.11163330078125,55.78767495169374,55.075677024091185,55.442460676101575,1632800
2015-12-31,54.414031982421875,54.99657534649359,53.5366174671067,53.86744490145581,2015300
2016-01-04,52.91093063354492,53.53662935811123,52.36434343117654,53.500667580022366,2150700
2016-01-05,53.19138717651367,53.392759859895136,52.62322539869075,53.24892379662097,1820400
2016-01-06,51.7386360168457,52.81742321995261,51.472533198094304,52.63043190172202,2415200
2016-01-07,50.7101936340332,51.573221229579715,50.321829569938586,50.645463546519615,1721700
2016-01-08,50.271484375,51.35746502078901,50.13483624115368,51.177667154989294,1502600
2016-01-11,50.09169006347656,50.74615148818749,49.51633465729472,50.508822458608606,1714600
2016-01-12,50.91875457763672,51.14170216132768,50.39374242833809,50.55196541818138,1556100
2016-01-13,49.804019927978516,51.2352097224018,49.724908410432825,51.019455527547166,1113500
2016-01-14,50.88280487060547,51.12732737686142,49.63141304336228,50.02696512471687,1364100
2016-01-15,50.1060676574707,50.37217047275616,49.501949465357185,49.58106096484758,1472300
2016-01-19,49.54509735107422,50.861218989563774,49.40126125935746,50.65265281567785,1748700
2016-01-20,48.861881256103516,49.40846294603406,47.81186213134639,48.912224450886505,2177300
2016-01-21,49.37250518798828,49.78963763920891,48.25056254377427,49.09202089868391,1198700
2016-01-22,50.78212356567383,51.06260787419203,49.80402246884223,50.12765652113341,1601200
2016-01-25,50.257102966308594,50.86842016644323,50.1779914577499,50.52320581209656,1353600
2016-01-26,51.77459716796875,51.83213380775855,50.50882401456895,50.55197375091331,1796300
2016-01-27,51.43656921386719,52.32837054731834,51.06978553124935,51.68109715594096,2266800
2016-01-28,51.70267868041992,51.788983639384654,50.78930785110914,51.6667169091023,1921300
2016-01-29,52.7526969909668,52.83900194884296,51.91124422790868,51.96158741492081,2020300
2016-02-01,53.1842155456543,53.59415452985339,52.24926977682995,52.43626112539336,1739600
2016-02-02,52.04789352416992,52.659205233410546,51.93282024445612,52.55851885715896,1580300
2016-02-03,52.11981201171875,52.67358708568426,51.623568091090156,52.40029627459682,1750200
2016-02-04,52.249267578125,53.06195206011156,51.83213515926629,52.148581199365466,1960500
2016-02-05,51.2136344909668,52.32838369435384,50.98349339254454,52.19892898355403,2649200
2016-02-08,50.14204406738281,50.638288075096916,48.940995296390554,50.5160213211839,3711200
2016-02-09,51.50851058959961,52.37873187228366,50.14204528712991,50.14204528712991,4780400
2016-02-10,52.83900833129883,53.7739541297419,51.889675627974,52.06228007757946,3863200
2016-02-11,51.70267868041992,52.77427252433475,51.242396539933175,52.14138595291446,2923300
2016-02-12,52.7526969909668,52.79585221340281,51.242395893607025,52.234878217701535,1772700
2016-02-16,54.478759765625,54.62978933227829,52.60886283806547,53.256136328719634,2114200
2016-02-17,54.27019500732422,55.03972976481716,54.01128560414937,54.802395230740856,2073200
2016-02-18,54.66575241088867,55.03253615852809,54.11916528494096,54.21985166511604,2036300
2016-02-19,55.03254318237305,55.03254318237305,54.227052038166974,54.65137248206169,1466200
2016-02-22,55.46406555175781,55.80927449300062,54.87432858072059,55.03254614470851,1341600
2016-02-23,55.2483024597168,55.83803939458398,55.17638439195189,55.4065255009977,1350900
2016-02-24,55.305843353271484,55.39214284641383,54.227055793013896,54.60103306629106,1911500
2016-02-25,55.888370513916016,55.98905688442914,54.87431335746362,55.43528184660694,1997000
2016-02-26,55.81645965576172,56.276741833716756,55.62946830628112,56.09694393648443,1226700
2016-02-29,55.96030044555664,56.59319260827212,55.823657763422304,55.89557583091356,2051400
2016-03-01,56.81614303588867,56.98155953748707,56.29832414549015,56.550040137490235,1961100
2016-03-02,56.39181137084961,56.91681812312964,56.08255878869984,56.60756554097986,2231300
2016-03-03,56.3774299621582,56.6291459286751,55.55035851189137,56.478116348764964,4042000
2016-03-04,56.64352798461914,56.79455755160031,56.01782936112906,56.434961776789116,2098900
2016-03-07,56.8172492980957,56.9041056798665,56.07174996790405,56.339547481436796,1446500
2016-03-08,56.35400390625,56.73760977633309,56.03553615506338,56.40466872829774,1322600
2016-03-09,56.18754577636719,56.65800812059227,55.8401313377769,56.63629540843699,1323200
2016-03-10,56.15135955810547,56.84619395479787,55.84013113356121,56.46982187197308,1569300
2016-03-11,57.14292526245117,57.374536653865604,56.621803773307064,56.6579897744977,1606300
2016-03-14,57.15740966796875,57.31664355051661,56.26715001647467,56.867894019886435,745300
2016-03-15,57.09952163696289,57.31665981515443,56.60734655217488,56.686963516041565,1222400
2016-03-16,57.67853546142578,57.78709899527349,56.629041950468206,56.889605475805844,909000
2016-03-17,58.2358512878418,58.45298940997531,57.72196362231443,57.78710174572339,1591000
2016-03-18,58.61222839355469,58.87278643190063,58.28652118203072,58.322712712884154,2246300
2016-03-21,58.97412109375,59.1623015907817,58.28652066796532,58.387850326998475,1361200
2016-03-22,58.87278366088867,59.29258110199939,58.54708198674707,58.73526799863326,1187300
2016-03-23,58.83658981323242,59.32152531572819,58.61945171137246,59.03924909654102,1711200
2016-03-24,58.87278366088867,58.916214600279055,58.35889597486088,58.60498622456622,1186600
2016-03-28,59.495262145996094,59.719639768997645,58.793193713667826,58.901757296672045,1617500
2016-03-29,59.92951965332031,60.059801433864365,59.29982346034869,59.4952433701386,1158900
2016-03-30,60.305908203125,60.69675368753057,59.9078233054746,60.06705726453476,1743100
2016-03-31,60.240753173828125,60.964539678022824,60.07427984816011,60.371034965465284,1680500
2016-04-01,60.72568893432617,60.86320461541708,59.488014672191156,59.560392218352604,2003300
2016-04-04,60.711185455322266,61.0079404527322,60.40719657167104,60.68947275249726,1722500
2016-04-05,60.305908203125,60.70399310077539,60.182865788234636,60.62437612124531,1299800
2016-04-06,60.79806137084961,60.85596561173346,60.305886367441595,60.41445543858572,1131400
2016-04-07,60.009132385253906,60.55197217901825,59.87885061386839,60.3710255810968,1343200
2016-04-08,60.1828498840332,60.55198255320991,60.009142666442415,60.46512618338807,847400
2016-04-11,60.31312942504883,60.971772258258966,60.25522518066366,60.45064510289777,1253000
2016-04-12,61.04415512084961,61.14549031837827,60.182852879307845,60.32036856913708,1164400
2016-04-13,61.10204315185547,61.3626066830744,60.53025126512792,61.210612210205305,2104700
2016-04-14,60.609886169433594,60.74740738557074,60.269705596075404,60.63883829504422,2371300
2016-04-15,61.01521301269531,61.07311174433685,60.38551667838153,60.530271790565735,1489800
2016-04-18,61.70279312133789,61.912691848561145,60.59540076761526,60.68949101552131,2296300
2016-04-19,61.33366012573242,62.20944103758472,60.84872454613732,61.10204869054878,3071100
2016-04-20,60.371036529541016,61.06587092892316,60.00914326806784,61.06587092892316,2277000
2016-04-21,60.81254196166992,61.05863225390714,60.39274997005843,60.50855294365894,1950800
2016-04-22,60.631587982177734,61.52184773797141,60.428928661392796,60.689492222988385,1802900
2016-04-25,60.45064926147461,60.60264929395538,59.83543180820441,60.436175960408995,1824200
2016-04-26,60.71843719482422,60.99347402321538,60.32035248868416,60.660532960830814,1570300
2016-04-27,60.892154693603516,61.073101313957565,60.20455974507921,60.66778265142135,1066700
2016-04-28,60.20457077026367,60.76912344562566,60.08876226144396,60.53027253772523,1199100
2016-04-29,60.052555084228516,60.211788966722125,59.683422494998034,60.190076259482396,1643600
2016-05-02,60.515785217285156,60.653306409139766,60.05256233341445,60.407216145929006,1129100
2016-05-03,60.39996337890625,60.501293017217435,60.124926578068916,60.2262562163801,1331300
2016-05-04,60.32761001586914,60.52303548377361,59.93676460211355,60.04533369294344,1313800
2016-05-05,60.26244354248047,60.48681550853562,59.95121524018585,60.29139565456028,1441100
2016-05-06,60.76911544799805,60.94282266631293,60.17561072354037,60.22627555896776,1320300
2016-05-09,60.559207916259766,61.130999845797696,60.51578249848923,60.57368673688469,1044900
2016-05-10,61.21784591674805,61.23955862198486,60.436155395915776,60.55919774029183,1460100
2016-05-11,60.88492202758789,60.9934855843388,60.46512453464192,60.8125389603503,2232600
2016-05-12,60.986263275146484,61.116545090037825,60.59541783047244,61.05864083407417,1876000
2016-05-13,60.6026496887207,61.07310652413402,60.32036785659838,60.81978233843767,1289900
2016-05-16,60.986263275146484,61.2540607953843,60.3782796316356,60.48684873105402,1076700
2016-05-17,60.29140090942383,61.159942259315514,60.13940092724412,60.83424063361894,1266600
2016-05-18,60.240753173828125,60.54474218029723,59.87885992173077,60.26246588542552,1807600
2016-05-19,59.64724349975586,60.07427485112452,59.29258416632335,60.00189731113604,1874200
2016-05-20,59.922271728515625,60.298638195470176,59.88608020270873,59.92951113808731,1626400
2016-05-23,59.48800277709961,60.13217219661955,59.44457184044485,60.02360313806021,1549000
2016-05-24,59.98741912841797,60.10322761127407,59.53143565178993,59.705142854021695,1641700
2016-05-25,59.39392852783203,60.226284248854064,59.0320352162619,60.081529133047496,2143500
2016-05-26,59.48800277709961,59.76303960633847,59.21296042580905,59.3287688941528,2193600
2016-05-27,59.81370162963867,59.8933185673836,59.56037751956456,59.65446775414882,651200
2016-05-31,60.31312942504883,60.371033669434006,59.64000776971607,59.9078052364053,1803600
2016-06-01,60.038089752197266,60.190089781125415,59.78476557407191,60.175610958345146,1423700
2016-06-02,60.10322952270508,60.15389435505279,59.72685746350555,60.05256469035736,1942500
2016-06-03,59.307071685791016,59.907810325649486,58.742519060207826,59.85714548802159,2027700
2016-06-06,59.6689567565918,59.813711837895866,58.98859572594742,59.32877624126961,1360000
2016-06-07,60.26968765258789,60.36378341332158,59.63275764494087,59.84989576134755,1474100
2016-06-08,61.78964614868164,62.064682989149674,60.371025485861594,60.407211492157636,2527800
2016-06-09,61.483699798583984,61.66581975914978,61.18502039548322,61.38899386205929,1679600
2016-06-10,60.704219818115234,61.221439781482935,60.63137295358702,61.14859291695472,1540300
2016-06-13,59.84461212158203,60.60951251858291,57.87771347673826,60.310838713428105,1385600
2016-06-14,59.626068115234375,59.83004156175578,59.04328763343888,59.74990834235671,2107600
2016-06-15,59.45851516723633,59.917455377811585,59.38566275088488,59.66248859415866,1695400
2016-06-16,59.524085998535156,59.66978529865437,58.56977920365939,59.29097267620443,1374700
2016-06-17,59.26182556152344,59.43665914240386,58.81017168109404,59.42209199310522,1445000
2016-06-20,60.427391052246094,60.58037668563156,59.88831761117376,59.97573717912843,1252500
2016-06-21,60.66779327392578,60.937332784846184,60.15057331339702,60.66779327392578,1344000
2016-06-22,61.07573318481445,61.25785310326802,60.44924577856433,60.93732582613376,1574100
2016-06-23,61.89162826538086,61.89162826538086,61.42540175006736,61.796927914971654,1328700
2016-06-24,58.78104019165039,59.881040750702894,58.679053458464864,59.85918724471458,3364300
2016-06-27,56.508174896240234,58.190961367355996,56.326054955804004,58.16910786376117,2595500
2016-06-28,57.42606735229492,57.477060718985825,56.72672737002246,57.01811486090755,1634700
2016-06-29,58.3512077331543,58.40948742793373,55.080336284200634,57.63730092460785,2292600
2016-06-30,59.36381912231445,59.36381912231445,58.08897943416374,58.56977878432479,1600600
2016-07-01,59.509517669677734,59.713491127947705,59.25454528898038,59.36381837244212,1489000
2016-07-05,58.817447662353516,59.15983400036893,58.57705359251746,59.15983400036893,1622700
2016-07-06,59.312808990478516,60.60950181747478,58.23466227138745,59.91016205317989,1812300
2016-07-07,59.9611701965332,60.106869490367146,59.130703674188894,59.37110334062008,1879800
2016-07-08,60.55121994018555,60.65320662875604,60.09227428376063,60.37638085304382,1308800
2016-07-11,61.16315841674805,61.367131855068365,60.055871655355155,60.551238101787085,1900800
2016-07-12,61.58568572998047,62.132045604563835,61.24329931931728,61.38899306272883,2482700
2016-07-13,61.89162826538086,62.22672822589628,61.38169475108749,61.60752165629477,2508300
2016-07-14,60.55121994018555,61.119433078751925,59.822740417334764,60.529360885899564,2778500
2016-07-15,60.30355453491211,60.90819407853579,60.00488071898424,60.90819407853579,1909100
2016-07-18,60.492950439453125,60.71877735108141,60.055863763651224,60.2598371751682,1043400
2016-07-19,60.69692611694336,60.74791947172632,60.09957300754635,60.3181191325355,1118200
2016-07-20,60.959171295166016,61.119437691546004,60.57307800817317,61.104864987588854,1653500
2016-07-21,59.61149215698242,60.71877879928097,59.28367297391823,60.71877879928097,1905900
2016-07-22,60.22340774536133,60.47109370169834,58.620754833941405,59.73532774281215,2077400
2016-07-25,60.30355453491211,60.463820973738585,60.019447868941384,60.143288096085634,1027300
2016-07-26,60.18697738647461,60.33995741223307,59.58233807667396,60.296244863546775,980400
2016-07-27,59.99757766723633,60.53665099137519,59.902877324221855,60.17241120736227,1772700
2016-07-28,60.2525634765625,60.46382328510423,59.961170445544255,59.961170445544255,1030300
2016-07-29,59.94660186767578,60.17242882135448,59.62606898540176,60.07772845061882,1113000
2016-08-01,60.17244338989258,60.26714934141745,59.72807017110034,60.06317028467365,1415000
2016-08-02,59.18898010253906,60.34726024538852,58.73732065354259,60.25255987805386,1296500
2016-08-03,59.08698272705078,59.30552883731938,58.91214917355097,59.2035365767645,830200
2016-08-04,59.3929557800293,59.611501937930754,58.9485826680601,59.181695976153804,1059600
2016-08-05,60.055877685546875,60.09229834155572,59.54593848068389,59.6479252100845,790500
2016-08-08,59.691619873046875,60.16512716414673,59.60420032070041,60.16512716414673,829900
2016-08-09,59.640625,59.88101903655949,59.400225405582404,59.65519214608981,650000
2016-08-10,59.90289306640625,60.01216058403866,59.61150005104766,59.735340276270726,718300
2016-08-11,60.57307434082031,60.62406768586676,59.77902875897382,59.917441648896094,1104100
2016-08-12,61.3817024230957,61.49825628756274,60.398255918119844,60.68964335821701,1833500
2016-08-15,62.12474822998047,62.50356078823056,61.483688091680634,61.76779473143867,2255400
2016-08-16,61.228702545166016,61.84062264087454,61.08300331438491,61.84062264087454,1266500
2016-08-17,61.607547760009766,61.622114913222475,61.09761402965253,61.09761402965253,766700
2016-08-18,61.33070373535156,61.6439502083066,61.22871702860887,61.476397442738644,1008600
2016-08-19,61.44724655151367,61.64393913479759,60.90817326158836,61.141286486247225,1058500
2016-08-22,61.505550384521484,61.680383982163306,61.15587763137797,61.36713744254761,892400
2016-08-23,61.68037414550781,61.91348742447379,61.48368707426048,61.73865385471405,1019100
2016-08-24,61.498260498046875,62.85323330713188,61.410846483176584,62.85323330713188,1018000
2016-08-25,61.4691162109375,61.65123613927291,61.2505756316505,61.45454906212869,861400
2016-08-26,61.59294509887695,62.19029807772293,61.25783963170161,61.54195175523855,682200
2016-08-29,62.532691955566406,62.91879084772754,61.64395143031325,61.687658431824076,1796200
2016-08-30,62.9115104675293,63.013497185976114,62.59097760506253,62.67839717424237,1649200
2016-08-31,62.74395751953125,62.99892987284443,62.43071101144241,62.75853022661965,915500
2016-09-01,62.831390380859375,62.99894320066694,62.14661750717872,62.831390380859375,859800
2016-09-02,63.15917205810547,63.253877952580304,62.7512253060836,63.151891264574836,648200
2016-09-06,62.91878128051758,63.15189451622688,62.55454150235566,63.079042114308145,1024800
2016-09-07,63.487003326416016,63.74197009522517,62.73667016769533,62.73667016769533,1019100
2016-09-08,62.692970275878906,63.29760984826338,62.656549620323844,63.23933012994346,1054600
2016-09-09,61.01017761230469,62.26316364177906,61.00289125877724,62.16117692383201,1471300
2016-09-12,62.13932418823242,62.270450764048746,60.565805278436585,60.68236470487747,1429300
2016-09-13,61.01017761230469,61.665810483292354,60.83534403266107,61.622097919986984,1365200
2016-09-14,60.87176513671875,61.374417934519414,60.64593819642423,61.11945113775797,699400
2016-09-15,61.63667678833008,61.89164360868454,60.60951759479658,60.820777405335946,997900
2016-09-16,61.16315841674805,61.439978717631426,60.90090526523353,61.367131855068365,1133000
2016-09-19,61.19956970214844,61.804203516042534,61.12672285735062,61.43996373419544,1091000
2016-09-20,61.6322021484375,61.90351223800873,61.34622332216931,61.56620402226891,1200200
2016-09-21,62.255516052246094,62.34350613245805,61.52956991806603,61.74955071308221,945600
2016-09-22,62.59282302856445,62.73947688866363,62.24084593204581,62.49749857894861,740000
2016-09-23,61.76420211791992,62.350823001108914,61.76420211791992,62.25549857614294,1008300
2016-09-26,61.50022888183594,61.580890173027306,61.12625431308374,61.39757007386247,931000
2016-09-27,62.29949188232422,62.34348690886434,61.33889650630106,61.514882206946126,1039200
2016-09-28,62.534149169921875,62.607476088155494,62.02085514780125,62.34349470692624,777700
2016-09-29,61.6322021484375,62.62946365344387,61.52220900114576,62.4094773588604,826000
2016-09-30,62.32883834838867,62.62215164774886,61.77154363905292,61.9548637518423,1353400
2016-10-03,61.91816329956055,62.29946642757681,61.764175175103084,61.932826437587906,938800
2016-10-04,61.096920013427734,62.21883808089923,61.01625872542133,61.99885732727878,1248000
2016-10-05,60.82560729980469,61.536890187104056,60.77427789528234,61.419568231546755,1252000
2016-10-06,60.90627670288086,61.192255651087855,60.31965565800154,60.75962284028259,1512100
2016-10-07,60.30497360229492,61.10425208212191,60.07765848710318,60.86226822721681,1837900
2016-10-10,60.61297607421875,60.96494762345773,60.48098534463241,60.48098534463241,938600
2016-10-11,60.08498764038086,60.6422766224339,59.93832822840543,60.59094722686363,1649900
2016-10-12,60.627628326416016,60.89160973813731,60.04100172381627,60.21699306128774,1312200
2016-10-13,60.180328369140625,60.5689661258353,59.70369494141683,60.304984707234,2102100
2016-10-14,60.766937255859375,61.17023804280351,60.583617190570834,60.60561470328795,1678600
2016-10-17,60.737606048583984,61.360893158589924,60.62027852014385,60.66427914055114,2699500
2016-10-18,59.30038070678711,59.96766288001464,58.66242482282437,59.021730608408426,3826600
2016-10-19,58.91175079345703,59.29305977412851,58.59644555928577,59.117074026234164,4122000
2016-10-20,58.391117095947266,58.81642107687293,57.929152451174225,58.80175793023108,2835800
2016-10-21,58.4791145324707,58.57443897474702,57.76783161733422,58.09781116887972,2150000
2016-10-24,58.992408752441406,59.36638334071245,58.47178031497835,58.66976916532187,1578300
2016-10-25,58.721099853515625,59.07307133705213,58.69176796413994,58.94108063210447,1512800
2016-10-26,58.36911392211914,58.933742916608416,58.295787007045014,58.339782037192485,1220500
2016-10-27,58.01715850830078,58.55245017115206,57.80450647974117,58.515789500736894,1616800
2016-10-28,58.40577697753906,58.86774155223699,58.10512936937356,58.10512936937356,1168800
2016-10-31,58.53044509887695,58.735762729070466,58.21513428265524,58.691767692453524,1324200
2016-11-01,58.08313751220703,58.73575659480041,57.76049235875044,58.662429676601704,1291000
2016-11-02,57.92914962768555,58.713759405192505,57.68716576124786,58.13446723757742,1577400
2016-11-03,58.09782028198242,58.46446055599736,57.86317073039232,58.11248343136891,1407500
2016-11-04,58.31045150756836,58.66976291040752,57.70916183880883,58.10513390279464,1693200
2016-11-07,59.09507369995117,59.447050806827875,58.904424795109016,59.05107865952395,1337500
2016-11-08,59.6596794128418,59.87233134892832,59.00706046168983,59.00706046168983,1234900
2016-11-09,59.25636672973633,59.64500431148549,58.09778835239452,59.05838355215066,2153100
2016-11-10,58.93374252319336,59.4690340346976,58.523101731446495,59.15372326694723,1809100
2016-11-11,59.63770294189453,59.76969365242989,58.7357654874885,58.831095530616665,1420200
2016-11-14,61.00892639160156,61.18491771375432,59.88700828668347,59.89434265706118,2358000
2016-11-15,61.544212341308594,61.705534893352784,60.86226147688461,61.126242817596115,1662300
2016-11-16,62.270164489746094,62.36549451343615,61.4268909885212,61.4268909885212,1822500
2016-11-17,64.00068664550781,64.19867540669487,62.10882263263463,62.24081327526493,2446000
2016-11-18,62.21883010864258,63.94203763305408,62.182169451645876,63.64872999914238,2195100
2016-11-21,63.31143569946289,63.33343881383648,62.31417936615685,62.46816759985454,1404600
2016-11-22,64.33067321777344,64.6826445743527,63.38474110593043,63.38474110593043,1884000
2016-11-23,64.3453598022461,64.82199321597473,64.21336909682103,64.3453598022461,1221300
2016-11-25,64.87332153320312,65.10797105062622,64.38935375661974,64.5580107196828,396200
2016-11-28,64.67533111572266,65.06397443955052,64.48468223363992,64.66066796882616,1237900
2016-11-29,64.77796936035156,65.01262439207743,64.52132241250624,64.63131556000677,1002800
2016-11-30,63.75139617919922,64.83664797722457,63.70739555342483,64.68265977322713,1967400
2016-12-01,64.24271392822266,64.36003591529882,63.41410886275904,63.64875843139838,1804500
2016-12-02,63.31143569946289,64.85132922541224,63.04745986632845,64.16204376501534,2003800
2016-12-05,63.09878158569336,63.74406633316783,62.61481382922335,63.62673878208944,1903200
2016-12-06,61.78620910644531,64.16937044640456,59.7843511193059,63.08411297463408,8100300
2016-12-07,62.60015869140625,62.68081999447075,61.22158776229388,61.79354566076124,2305000
2016-12-08,62.644161224365234,62.80548384979017,62.1455301978186,62.490172971319694,1731400
2016-12-09,63.700050354003906,63.722047863976876,62.53413197508322,62.60745887315435,1590400
2016-12-12,64.0300521850586,64.1033791151866,63.23810791290934,63.44342555506223,1471300
2016-12-13,64.7633285522461,65.74592725576134,64.03738247956868,64.286695145029,2673500
2016-12-14,64.44800567626953,65.03463215913185,64.08136552310178,64.70465266459001,2426000
2016-12-15,64.94976806640625,65.3113420762455,64.13808153502312,64.13808153502312,1276400
2016-12-16,63.592041015625,65.0014230720415,63.245228103133606,64.88336233592278,2226100
2016-12-19,63.37067413330078,64.06430001015177,63.193580201022826,63.378054689145785,1949500
2016-12-20,63.64371109008789,63.754396930970316,63.016498831375095,63.4444810802721,1395300
2016-12-21,63.41496658325195,63.820807173655574,63.16407829361917,63.503510755121,1368500
2016-12-22,63.569915771484375,63.70273764073795,63.097661487408345,63.28213599305414,1842600
2016-12-23,63.73223876953125,63.87243553159031,63.385425882333465,63.50348660984182,760300
2016-12-27,64.08642578125,64.46275525305248,63.68796027517331,63.783890596646444,873600
2016-12-28,63.42971420288086,64.29305354983882,63.400197606012824,64.04217092103335,1087300
2016-12-29,63.22309875488281,63.79127771884314,63.16406556572167,63.621564337148335,1348600
2016-12-30,62.802490234375,63.30426102768856,62.278583404986655,63.19357521760051,1736900
2017-01-03,62.77296829223633,63.39280539806568,62.404019376535,63.39280539806568,2368600
2017-01-04,63.23784637451172,63.56252324481387,62.67704803635321,63.11978564058354,1622200
2017-01-05,62.76560974121094,63.22310858376192,62.26383881476379,63.016498019292335,1439800
2017-01-06,63.31902313232422,63.717488712496326,62.66229438807244,62.93531866422224,982100
2017-01-09,63.00911331176758,63.437095526958785,62.861535955357304,63.19358782213807,1184400
2017-01-10,62.89842987060547,63.38544529876017,62.558997434186516,63.02387682100973,970900
2017-01-11,63.341182708740234,63.34856326751797,62.691834279221105,62.86155335280783,755900
2017-01-12,63.05337142944336,63.23047097357496,62.67704756502029,62.94269125150365,1252600
2017-01-13,62.950069427490234,63.547770567798764,62.736078356233385,63.082891277590534,743700
2017-01-17,62.58849334716797,63.119780682396296,62.33023023413021,62.595873901744376,1630000
2017-01-18,62.846763610839844,62.97220490434309,62.588500468417195,62.66228913343591,1138400
2017-01-19,62.39663314819336,62.94268154717316,62.30808901949309,62.758207106096705,1206500
2017-01-20,62.81726837158203,63.0607761156592,62.35239455720249,62.610657787413345,950400
2017-01-23,62.67707061767578,62.86154515504383,62.41880176158764,62.7803759082246,1151900
2017-01-24,63.385433197021484,63.62894086460761,62.80249315782185,62.809873713428395,988800
2017-01-25,63.73963165283203,64.1233417921982,63.39282429763712,63.577298810485956,1220600
2017-01-26,64.21927642822266,64.34471776519746,63.3116648375035,63.503514307094534,988300
2017-01-27,64.1823959350586,64.37424543764146,63.798685670458454,64.32997334161729,1423000
2017-01-30,64.26353454589844,64.32994829379271,63.80604138586793,64.32994829379271,1274600
2017-01-31,63.20096969604492,64.32257226539811,63.009114624940885,64.07168962832893,1865200
2017-02-01,62.74345397949219,63.34114944310193,62.33023298042509,63.215708158344256,1747900
2017-02-02,62.87629318237305,63.16407297615255,62.46307206919538,62.699199223827684,1256300
2017-02-03,63.23784637451172,63.614175871478835,62.86889743270077,63.06813301391857,1407400
2017-02-06,64.48492431640625,64.51444092046144,63.09767770411174,63.11981374972399,3227600
2017-02-07,62.17527770996094,63.61417634177574,61.85060083725847,62.55898213520684,3898500
2017-02-08,62.699195861816406,62.898425850782544,62.15315290158038,62.167908384953186,1861500
2017-02-09,62.46308135986328,62.832030445710416,62.241709656468494,62.27122625890222,1921200
2017-02-10,62.964805603027344,63.24520467343307,62.49992649692131,62.846739280933086,1447300
2017-02-13,63.4075813293457,63.56253924835535,62.9574630566301,63.289514935977124,1103800
2017-02-14,62.74345397949219,63.36329110780671,62.6918013546088,62.898411854142346,1771400
2017-02-15,63.1936149597168,63.252648179517976,62.72136046074274,62.72136046074274,1484200
2017-02-16,62.95746994018555,63.32641901522876,62.83940916362409,63.082911274568374,1113900
2017-02-17,62.97220993041992,63.32640343237943,62.54423338726705,62.920557297812785,1090300
2017-02-21,62.964805603027344,63.407543051456635,62.78033119703913,62.942669575062695,1098300
2017-02-22,62.920562744140625,63.10503725223613,62.16052867154157,62.48520560729853,1762800
2017-02-23,62.97220993041992,63.14192894025181,62.66229413477706,62.94269896582847,765200
2017-02-24,63.577301025390625,63.584675952766446,62.63278675773872,62.63278675773872,1218300
2017-02-27,63.592041015625,63.64369364324834,63.245228103133606,63.62155760708322,996100
2017-02-28,62.79513168334961,63.49613830640641,62.73609847998808,63.49613830640641,1486600
2017-03-01,63.70274353027344,63.983142778081465,63.245244687277086,63.326413927642825,1185200
2017-03-02,63.680599212646484,63.879829194197704,63.36330284964645,63.569913387466954,1112000
2017-03-03,63.00911331176758,63.333790251528534,62.322867908000745,63.333790251528534,1752800
2017-03-06,62.359771728515625,62.63279043003316,62.10888344013866,62.63279043003316,2595100
2017-03-07,62.456321716308594,62.83511656567954,62.28549655543172,62.389478566381456,1682000
2017-03-08,63.20648193359375,63.6892587895154,62.87968375927003,63.13220987881993,1627300
2017-03-09,63.16935348510742,63.61499151382348,62.86483067108454,63.25105445147478,1138200
2017-03-10,62.75341033935547,63.41444121061241,62.56030414470553,63.280749255381,1805900
2017-03-13,62.61970520019531,62.9836477979529,62.389460196114634,62.89451795769928,2672900
2017-03-14,62.64943313598633,62.91681706693037,62.3969070159806,62.59001322542219,1316100
2017-03-15,63.02823257446289,63.22134446456806,62.60487559739057,62.81283963292154,1429200
2017-03-16,63.01334762573242,63.407000142426625,62.87223247187623,63.065344278817776,1688500
2017-03-17,63.087642669677734,63.459008580063696,62.864820856808514,63.25846781516258,1595000
2017-03-20,62.85737609863281,63.28816180601422,62.597421160244956,63.132188842981506,958500
2017-03-21,62.64943313598633,63.49614702844428,62.38947811051144,63.19162990334357,2155300
2017-03-22,62.879669189453125,62.96879336789297,62.4191734900054,62.57514646886836,1111500
2017-03-23,62.77568054199219,63.42928806202233,62.56771657347101,62.87223928922926,1383200
2017-03-24,62.63457107543945,63.11734785580013,62.35975828253417,62.90195496405172,1785500
2017-03-27,62.53801727294922,62.77569122980882,62.14437031314369,62.389473174884756,1955000
2017-03-28,63.362449645996094,63.81551650877359,62.61229458898569,62.61229458898569,1549600
2017-03-29,63.213897705078125,63.39215173281831,62.92423278502782,63.12476785791135,1036600
2017-03-30,63.80065155029297,63.95662452091374,63.19903504464948,63.19903504464948,1475300
2017-03-31,64.03089904785156,64.23143977973922,63.607542206369246,63.607542206369246,1453200
2017-04-03,63.652099609375,64.38740801671095,63.23617170214131,64.07545641969294,1731800
2017-04-04,63.72638702392578,63.822940112372216,63.36987328722718,63.62982826888574,1348400
2017-04-05,63.570411682128906,64.1868804326213,63.48871639785784,63.986345341057955,1106200
2017-04-06,63.54814529418945,63.58528415918395,62.80541332706112,63.45902108475498,1844500
2017-04-07,63.66697692871094,63.84523099121629,63.332744186594596,63.47386505548335,1889300
2017-04-10,63.1322021484375,63.94177707955241,63.11735000593916,63.62983108774265,1559400
2017-04-11,62.96137237548828,63.26589513433746,62.48602447543577,63.11735104054379,2133900
2017-04-12,62.887107849121094,63.31046480031475,62.53059971474467,62.61972391504146,2032600
2017-04-13,62.731136322021484,63.2881852534862,62.71628417715078,62.88710934284023,1504300
2017-04-17,64.00118255615234,64.40225831232672,62.998495999012675,63.04305808305675,3318600
2017-04-18,62.01809310913086,63.132190590133206,61.423905519292475,62.93907877344681,4970900
2017-04-19,62.05522918701172,62.27061637045105,61.74327759965262,61.89182732377423,2072900
2017-04-20,62.44888687133789,62.55286886296271,62.025530000695824,62.337475975570285,1425600
2017-04-21,61.832435607910156,62.248363691782046,61.76559245154295,62.248363691782046,1913100
2017-04-24,61.832435607910156,62.745998411094654,61.7433057328254,62.552886515041926,2211900
2017-04-25,62.04782485961914,62.30035099075578,61.876994025865976,62.04782485961914,1461200
2017-04-26,61.631900787353516,62.493466917864296,61.579909776603685,62.09239097782482,2210300
2017-04-27,61.713592529296875,61.89927550934641,61.045138334394444,61.735879246842494,2747900
2017-04-28,60.9931640625,61.78788720851153,60.7034989874694,61.691328405770385,2701400
2017-05-01,61.4090576171875,61.68387038810558,60.9857007718556,61.20109364637087,2279000
2017-05-02,61.61704635620117,61.75816725023589,61.43879226193318,61.59476530274211,1968600
2017-05-03,61.61704635620117,61.98098345142202,61.40165339510441,61.60219420942696,2340300
2017-05-04,61.594749450683594,61.91412435679181,61.37192764024753,61.57989730773174,1857400
2017-05-05,62.15921401977539,62.196347202569406,61.55759752594695,61.832410278268235,1416300
2017-05-08,62.18893051147461,62.4266044394247,61.921546634206585,62.18150160749677,1489700
2017-05-09,62.38948440551758,62.560315248977396,61.87699754173324,62.292931291054714,1473400
2017-05-10,62.44145965576172,62.76083454341563,62.09980372167046,62.17407576532618,1772100
2017-05-11,62.36720275878906,62.49346583032778,61.71359501605677,62.17409086510952,2161400
2017-05-12,61.73585891723633,62.28547877054667,61.42390730686663,62.28547877054667,1735600
2017-05-15,61.12681198120117,61.75070379538308,60.98569116612046,61.631869687888,2055500
2017-05-16,60.83714294433594,61.35705275384445,60.8148562382782,61.29763287087435,1690400
2017-05-17,60.66633224487305,61.22338108196483,60.36923839843866,60.8371630482158,2032900
2017-05-18,61.1788330078125,61.55019898430782,60.599497324539925,60.66634614693854,1740200
2017-05-19,61.91413116455078,62.11466628271783,61.09712721410837,61.31994338245013,1396900
2017-05-22,62.17408752441406,62.33748945131733,61.93641353980787,62.03296664816219,1202600
2017-05-23,61.58731460571289,62.248345401896614,61.498190423409866,62.248345401896614,1081700
2017-05-24,61.758140563964844,61.88440359007043,61.50560884516064,61.63187753785926,1130900
2017-05-25,62.092369079589844,62.32261976021772,61.75814208072701,61.75814208072701,1047800
2017-05-26,61.83984375,62.37461148775767,61.70615181556059,62.084940907644565,1201000
2017-05-30,61.94383239746094,62.2186395330439,61.60959969212256,61.89926463679284,2215300
2017-05-31,62.181514739990234,62.33005885135844,61.81014879497509,62.06267491761997,1766800
2017-06-01,63.32530975341797,63.32530975341797,61.9586804048792,62.15922114801706,1522000
2017-06-02,63.2213249206543,63.458998840158536,62.8945211563635,63.37729789908584,1273700
2017-06-05,62.701412200927734,62.931662893868754,62.404318371276844,62.81282309537101,1402900
2017-06-06,61.4090576171875,62.01809738883327,61.40162871348885,62.01809738883327,2118500
2017-06-07,59.97559356689453,61.52047708934323,59.94588361454814,61.327365232388644,2884500
2017-06-08,59.62651443481445,59.9755993251578,59.32199731056665,59.9755993251578,2576400
2017-06-09,60.53265380859375,60.89659087674726,59.314573866263764,59.641377736945735,3213200
2017-06-12,60.906532287597656,61.34772439354825,60.71958773704629,60.71958773704629,1901300
2017-06-13,61.145809173583984,61.28040945196614,60.65227862291193,60.98130279342251,1479100
2017-06-14,61.624412536621094,61.72162166193679,61.07853186653592,61.15330855563227,1644000
2017-06-15,61.960906982421875,62.147851547127445,61.392593908290245,61.59449723302566,2249000
2017-06-16,62.297386169433594,62.708666370055674,61.92349715253849,62.09548861055144,2317600
2017-06-19,62.56660461425781,62.933020063290165,62.3946188121445,62.59651642877649,2304100
2017-06-20,61.624412536621094,62.64886515794207,61.519718325771386,62.52922359640704,1874000
2017-06-21,61.7889289855957,62.028217852546355,61.40756609786275,61.50477523893449,1345400
2017-06-22,61.5047492980957,62.23757435316553,61.49726991959965,61.781429251507674,1134700
2017-06-23,61.59446716308594,62.12538878304651,61.3925639369181,61.61689958708401,1472900
2017-06-26,61.86369705200195,61.94594741070694,61.27295155066152,61.66927310982902,1401900
2017-06-27,62.10297775268555,62.319828396097456,61.84873021457317,61.84873021457317,1191700
2017-06-28,62.626407623291016,62.775960941548085,62.31981590424262,62.37216584123532,1142500
2017-06-29,62.31237030029297,62.73860372492376,62.0581226986189,62.61148277663471,1496000
2017-06-30,61.99081802368164,62.581563525389626,61.624408278858574,62.581563525389626,1754000
2017-07-03,62.17028045654297,62.54416956475171,61.497278920748215,61.83378254119311,1096900
2017-07-05,62.245052337646484,62.49182049925955,62.00576355504749,62.37965263442683,1543000
2017-07-06,60.973819732666016,62.33477548517677,60.801828279807125,62.02071008961894,2521500
2017-07-07,60.94393539428711,61.13087998138615,60.30084555825873,60.94393539428711,1660100
2017-07-10,60.64479446411133,61.115898253857296,60.472808719516266,60.8541713906236,1474100
2017-07-11,60.33823013305664,60.77193719163582,59.89703798929237,60.62986320050446,2605600
2017-07-12,60.121360778808594,61.018692222708076,60.03162535238097,60.689673735995164,2238500
2017-07-13,60.47283172607422,60.622385100453066,59.956862885804775,60.10641626018362,1425900
2017-07-14,60.77940368652344,60.86165973478539,60.27839372354185,60.51768248982367,1428400
2017-07-17,60.95887756347656,61.13086906313147,60.48029996238687,60.48029996238687,1609800
2017-07-18,60.63731002807617,60.95138109673674,60.278379814025364,60.92146929471702,1555900
2017-07-19,60.375614166259766,61.22060723804298,60.151284114842,61.003750861439116,2563900
2017-07-20,61.84125900268555,62.23010688760005,59.21656145244146,59.31377057112244,3819900
2017-07-21,61.86369705200195,61.93099435596839,61.20564854159981,61.37764004911727,2126700
2017-07-24,61.40755081176758,62.03568179174205,61.14582386501636,61.766481170297226,1694200
2017-07-25,59.44837951660156,60.7794240822711,58.89502512859092,60.51022341673163,4808600
2017-07-26,58.947364807128906,59.76991979679221,58.85762935722001,59.612887038273406,2174900
2017-07-27,58.97726058959961,59.216549352538806,57.95280254243494,58.760404256765014,3836000
2017-07-28,58.99969482421875,59.23898359447663,58.820229672798924,58.92491815321835,1273600
2017-07-31,58.880062103271484,59.291342452815286,58.58842902090251,59.09691849620406,1525900
2017-08-01,59.186641693115234,59.381065609474675,58.60337564913143,58.89500867112333,1535200
2017-08-02,58.93986129760742,59.20158245466074,58.48371626456021,59.09689399183941,1285400
2017-08-03,59.5306282043457,60.016685218196834,58.7903293185359,59.08943606081776,2081600
2017-08-04,59.22401809692383,59.68764253251204,59.111855955735564,59.53060982975482,1404400
2017-08-07,59.11935043334961,59.32872744404195,58.70059641196493,59.20908588297304,1163600
2017-08-08,58.76787567138672,59.26141193509568,58.67066657630491,59.059514366819954,1436200
2017-08-09,58.93986129760742,59.00716428376018,58.35659537471907,58.53606049597087,1426500
2017-08-10,58.27434158325195,58.94734294523234,58.21451797216624,58.82769572306091,1714300
2017-08-11,58.13975524902344,58.68563584713385,58.11732281576183,58.43886767106634,1020600
2017-08-14,58.62580490112305,58.8127494284193,58.25191584653055,58.4388603738268,796700
2017-08-15,58.543540954589844,58.68562060179716,58.349117075005104,58.588405809458074,895700
2017-08-16,58.82023620605469,59.096910489996255,58.49869135045358,58.67815652180689,1090100
2017-08-17,58.06496810913086,58.9847319377268,58.050009352921386,58.72301075500006,1204000
2017-08-18,57.399444580078125,58.12479019968276,57.384485824260885,57.97523116697916,1402600
2017-08-21,57.511619567871094,57.82568501789636,57.32467503260446,57.504140189033976,1533800
2017-08-22,58.42389678955078,58.52858525977933,57.519086036807686,57.63873326283673,1360400
2017-08-23,54.333560943603516,56.352559585787205,54.31860218634907,55.103771494472895,6994000
2017-08-24,54.59527587890625,55.18602121058459,54.400851992571866,54.513019838729925,2574700
2017-08-25,54.68500900268555,55.4477458400604,54.617711713849296,54.71492081053299,2677100
2017-08-28,54.729888916015625,55.10377802033578,54.59528861025657,54.9093540886627,1373500
2017-08-29,54.460670471191406,54.70743856846057,54.29615840634529,54.58779135581136,2101300
2017-08-30,54.071834564208984,54.49059419499814,53.8400251703557,54.44572362789201,1613200
2017-08-31,54.124183654785156,54.2288721455896,53.690476637921705,54.07183940938294,3040000
2017-09-01,53.795162200927734,54.303651573629736,53.63065009430436,54.12418070907993,1476000
2017-09-05,53.638118743896484,54.09425807770782,53.56333637941236,53.81758386745286,1451400
2017-09-06,54.662559509277344,54.81211850182733,54.06434065435406,54.35597355846126,2657100
2017-09-07,54.191497802734375,54.804675820007745,54.06437685277312,54.722419745304336,2380700
2017-09-08,54.460670471191406,54.84951250211512,53.60072467182781,54.16155814466149,1331500
2017-09-11,54.842041015625,55.23836818572852,54.58031983166527,54.655096497783205,1347700
2017-09-12,54.542938232421875,55.05890125891723,54.213914031976934,55.04394820666716,1526300
2017-09-13,55.073856353759766,55.35800996836914,54.48311099001658,54.51302279762187,1633300
2017-09-14,54.80463790893555,55.028967835140726,54.43822836923596,54.99158236665258,1401100
2017-09-15,54.61771774291992,54.931783202345756,53.91480444364766,54.80466228378215,2918200
2017-09-18,54.36345672607422,54.98411381712235,54.11669432917097,54.62518358248495,1754300
2017-09-19,54.40085983276367,54.48311588479466,54.08679438233328,54.38590678016462,1251300
2017-09-20,55.604774475097656,55.65711870871893,54.54293104729833,54.54293104729833,2297200
2017-09-21,55.92119598388672,56.65947606828287,55.49931590233933,55.49931590233933,2043500
2017-09-22,56.50127410888672,56.569072878966104,55.815722557514285,55.98146054785078,1482900
2017-09-25,57.156673431396484,57.179273014493106,56.343053954287875,56.425922924045516,2427100
2017-09-26,56.599205017089844,57.7593651492729,56.53140625008234,57.216952022786636,1734200
2017-09-27,56.8252067565918,56.98340961149798,56.10952635378674,56.70466796374556,1737200
2017-09-28,55.928733825683594,56.67455488315104,55.77806604004179,56.51634623633726,2019600
2017-09-29,55.80065155029297,55.966389521234966,55.19043970055759,55.92871971052773,2541500
2017-10-02,56.9080696105957,56.945733668599125,55.356170179283765,55.90611255649773,1836400
2017-10-03,56.275264739990234,56.86288279810624,56.10953250307234,56.80261339507794,1993200
2017-10-04,57.1190071105957,57.6237503225465,56.55399450830904,56.7423320424046,1816000
2017-10-05,57.53334426879883,57.593607903447285,56.95326152292092,57.028595376934966,1638800
2017-10-06,56.81766128540039,57.6312807459448,56.682058041976326,57.39774406189416,1571400
2017-10-09,56.25267028808594,56.98342106062241,56.1472016969577,56.8327532868984,1142400
2017-10-10,56.08692932128906,56.825215167736744,56.00406032584268,56.42594041564429,1307700
2017-10-11,56.01158905029297,56.147192323048145,55.672583742208126,55.94379028771848,2758500
2017-10-12,56.01911926269531,56.38072412667983,55.702713569807436,55.97392009159867,2138100
2017-10-13,56.60673904418945,56.92314477937235,55.78559000560432,56.23006390775082,1637300
2017-10-16,55.695186614990234,56.478671598501066,54.99457062236272,55.87598907345996,3901500
2017-10-17,56.945743560791016,59.28866333603923,56.471134964743776,57.56349629349653,5737400
2017-10-18,56.84028625488281,57.49570318209859,56.23760937418104,57.11149286286123,2558500
2017-10-19,54.96442794799805,56.28279075112297,54.55761816474968,56.162257712163644,3467300
2017-10-20,55.514381408691406,55.936255706774496,54.783630751221594,55.16030587382614,3496300
2017-10-23,55.00210952758789,55.92119785523506,54.87403560254998,55.69519045585703,1891700
2017-10-24,53.4276008605957,54.241220548244954,53.081060419028034,53.32966739263306,3699700
2017-10-25,52.59138488769531,53.69127568374838,52.297578717744486,53.4803385102049,3710100
2017-10-26,53.00572204589844,53.78167185444623,52.546177950963255,52.81738449051864,2754700
2017-10-27,51.64969253540039,53.16392818342644,51.22781822454992,52.94545591599133,3712300
2017-10-30,50.86620330810547,51.56681922859707,50.66280128172027,51.483950246246,2215000
2017-10-31,50.61760711669922,52.16950685316953,50.60253689245021,52.16950685316953,3081000
2017-11-01,50.94907760620117,51.77023240400759,50.75321067075929,50.98674741942044,2368200
2017-11-02,49.86425018310547,51.12234360250568,49.6759126383711,50.9641407546415,2618800
2017-11-03,49.87931823730469,50.50460031012126,49.38211007227901,49.849183538271895,1820600
2017-11-06,50.135459899902344,50.421730916989944,49.78138437363767,49.78138437363767,1924900
2017-11-07,49.3595085144043,50.34640130352754,49.306774223963096,50.097794328187646,1489500
2017-11-08,49.41978454589844,49.67592666783174,49.20884735584004,49.43485477239253,1377600
2017-11-09,50.68540573120117,51.273018027809435,49.20883987757858,49.29924397998235,3915900
2017-11-10,50.88881301879883,51.12988487520578,50.47446807140887,50.53473747241222,2340300
2017-11-13,51.16754150390625,51.17507661483819,50.579929298537884,50.73813214247509,2348800
2017-11-14,50.971675872802734,51.54421787059819,50.68539912629927,50.80593791379667,1895800
2017-11-15,50.587467193603516,50.78333985537489,50.29366107474941,50.715535348466915,1875500
2017-11-16,50.813480377197266,50.94908367428796,50.40667623353239,50.54227378301587,2517200
2017-11-17,52.31264877319336,52.403047134357365,50.70047952622379,50.730608481540536,4790300
2017-11-20,52.4482421875,52.65917932064293,51.619552382144484,51.95856341550059,2908600
2017-11-21,52.387969970703125,53.01325197283799,52.32770057945038,52.553707922845426,2501900
2017-11-22,51.88323211669922,52.46330926158181,51.82296271921357,52.30510640388656,1196700
2017-11-24,51.958560943603516,52.282501739120534,51.76268829460112,51.92089113693191,512100
2017-11-27,51.86064529418945,52.22979117485532,51.72504772285278,51.98118413218847,1652100
2017-11-28,53.22419357299805,53.29199233315797,51.83049683174171,51.83802619557772,2462900
2017-11-29,54.941837310791016,56.47867260416498,53.1262603387911,53.22419955572794,5611200
2017-11-30,53.81934356689453,55.567115912692586,53.533066794130455,54.88156442802731,3573100
2017-12-01,55.280853271484375,55.33358757243103,53.21667467321973,53.91729081300111,2642100
2017-12-04,56.275264739990234,57.32242119027883,55.76298630946291,55.76298630946291,4181200
2017-12-05,56.73480987548828,57.616234104328335,55.86092650666738,56.817678869204926,3735600
2017-12-06,56.10199737548828,57.16421830244089,55.98145856946456,56.117061852437935,2495600
2017-12-07,55.0623893737793,56.33555365252899,54.95692075575834,56.04174739552654,3133600
2017-12-08,55.35617446899414,55.4842426218198,54.858960584933335,55.235635679789404,3272000
2017-12-11,56.07938766479492,56.63686517302199,55.3561722020017,55.71024194867736,2570600
2017-12-12,56.13212966918945,56.41086558785126,55.52191204818141,56.079395380717784,1922000
2017-12-13,55.529449462890625,56.24513569052084,55.303447823328405,55.62738293194026,2019400
2017-12-14,55.069881439208984,55.996504427582124,54.68567134670264,55.25821893096251,3311500
2017-12-15,56.05678939819336,56.37319509293173,55.38630245323961,55.38630245323961,4030900
2017-12-18,55.798583984375,56.57324530744959,55.22897819571349,56.36059340677538,1791000
2017-12-19,56.10237503051758,56.21629155305683,55.41125055735426,55.874530396779626,1937900
2017-12-20,56.201080322265625,56.61119700912575,55.89728954003658,56.11753771229446,2247900
2017-12-21,56.261837005615234,56.8162497974948,56.19348133050599,56.36816290527233,1368600
2017-12-22,55.90488052368164,56.45170272021145,55.616282495213866,56.45170272021145,1751500
2017-12-26,55.70743942260742,56.40615439645317,55.45681150992499,55.82895809336102,722700
2017-12-27,55.8061637878418,55.84413401921883,55.396047046405094,55.73780810043835,1196100
2017-12-28,55.74540328979492,55.980838420086684,55.17579768219006,55.980838420086684,925100
2017-12-29,55.312503814697266,56.07197796578966,55.312503814697266,55.75300021296956,1418100
2018-01-02,55.266944885253906,55.715037756577914,54.18849271869414,55.183408039070805,3065200
2018-01-03,53.43660354614258,55.30490932585428,53.31508489657037,55.13022771567627,3588300
2018-01-04,53.968238830566406,54.09735385790398,52.897383141597935,53.47458519914102,2032700
2018-01-05,54.81125259399414,54.849228622397966,53.80874686401426,54.21886363459627,1841600
2018-01-08,54.9935302734375,55.15301916206166,54.12013377392849,54.47708757937092,1875400
2018-01-09,54.74290466308594,55.55554186890323,54.69733226849815,55.259347378561415,1626100
2018-01-10,55.213768005371094,55.29731062483948,54.07455678825069,54.606192166170274,1906100
2018-01-11,56.44413757324219,56.52008385491041,55.183413073426046,55.282142660161746,1911000
2018-01-12,57.65927505493164,57.803576995057774,56.59601010492015,56.61879919625151,2678700
2018-01-16,56.44413757324219,58.21371432832815,56.34540798650649,57.90992340732539,2368900
2018-01-17,57.34030532836914,57.71244608490945,56.36058285988949,56.58083108560929,1387700
2018-01-18,57.73523712158203,57.8643521638423,56.451729419472194,56.892225929938014,2166700
2018-01-19,56.93019485473633,57.79599512394164,56.32261886975379,57.720048850109976,3044300
2018-01-22,57.99345779418945,58.023837461395075,56.79348701404791,56.846649983075494,1787800
2018-01-23,57.34030532836914,57.91750737527865,56.27704022963962,57.91750737527865,2599900
2018-01-24,58.1605339050293,58.66178384914108,57.317517104437165,57.454222688163675,2375200
2018-01-25,58.23646926879883,58.85923774608106,57.87191918228694,58.388361758154666,3591000
2018-01-26,58.97315979003906,59.04910603443338,58.16052280693313,58.380770971705566,1854000
2018-01-29,58.78330612182617,59.26936916184959,58.4111653743176,58.63140780036354,1715700
2018-01-30,58.32762145996094,59.42126037873446,58.28964543185054,58.92760098494106,2310300
2018-01-31,58.213706970214844,58.7681199712129,57.87194005441179,58.50230512180772,3227400
2018-02-01,57.864349365234375,58.43395509608209,57.62890838967352,57.887132667375624,2208300
2018-02-02,56.89222717285156,57.75802748098313,56.702358582571314,57.59853276613773,2955400
2018-02-05,55.35808181762695,57.46182889451122,55.35808181762695,56.709945158067406,3160300
2018-02-06,56.03401565551758,56.61121777403692,54.22646881945646,54.659368959763626,2899900
2018-02-07,57.24915313720703,57.95546425194037,55.927669881822084,56.19348464665134,2143500
2018-02-08,57.651695251464844,60.142769957387806,57.41625428503008,57.674478552722974,5477800
2018-02-09,58.441524505615234,58.92758742305597,56.47448954196088,57.909895000391636,4310900
2018-02-12,59.83137130737305,60.22630110159903,58.874432276793875,59.01873421633734,5116700
2018-02-13,60.42376708984375,61.44906192232058,59.48961704405487,59.504803978950555,4294400
2018-02-14,62.86927795410156,63.294581683070135,61.562981307322396,61.98069446565134,6895800
2018-02-15,58.692176818847656,60.16555891147931,57.758026613523256,59.74025512982458,6217900
2018-02-16,59.78581237792969,60.211116093008634,58.93519915344324,59.14785101098271,4270800
2018-02-20,59.51241683959961,60.42378383849933,58.942811016704766,59.67950214140824,4665600
2018-02-21,58.502288818359375,60.49970940366705,58.44912586329382,59.49719803215512,3348200
2018-02-22,58.320030212402344,59.261776690018685,58.107378342714355,58.74533395177833,2112800
2018-02-23,58.714962005615234,59.07951225467666,58.023843338257656,58.616232422944044,1655200
2018-02-26,59.31494140625,59.360513804190255,58.722552381988095,59.02634325949727,1569500
2018-02-27,58.43394470214844,59.451637312296356,58.42634833800951,59.238985471031306,2038300
2018-02-28,57.89472579956055,58.95039456489497,57.871936704362895,58.76811656928659,2027300
2018-03-01,56.846641540527344,57.33270455497189,55.821352550506134,56.77829164521241,4389100
2018-03-02,57.4542236328125,58.145342132667196,56.87702162599611,57.4542236328125,2155300
2018-03-05,57.62891387939453,58.001060497582635,57.340315700898365,57.340315700898365,1912500
2018-03-06,57.218772888183594,57.84913774850161,56.3150026970989,57.81875809078815,3460000
2018-03-07,56.284629821777344,57.18080955217025,55.88970001823989,56.95296498902727,3338200
2018-03-08,56.28465270996094,56.68280030368701,55.55725948221946,56.63686176946364,2261700
2018-03-09,56.45310592651367,56.721090465155605,56.00135555426742,56.34590626943208,1995000
2018-03-12,56.23870086669922,56.87421109998609,56.13150707332838,56.644512617744404,2146100
2018-03-13,56.445438385009766,56.621539978236214,55.67976506094099,56.29230021522169,1829900
2018-03-14,56.62918472290039,56.81294464081201,56.20806800095199,56.76700612173972,1732000
2018-03-15,56.567935943603516,56.74404335623923,55.93243160442459,56.567935943603516,2267100
2018-03-16,56.64448165893555,57.17279196848212,56.56790969841479,56.56790969841479,2407500
2018-03-19,56.32292938232422,56.96609802969385,56.039633983346576,56.53731698423942,1849900
2018-03-20,55.26628494262695,56.76700352716243,55.04423904122222,56.55261599246053,2093100
2018-03-21,55.46537780761719,55.664448667136064,54.99065824077636,55.25099021021292,1982500
2018-03-22,54.209659576416016,55.3811385227853,54.18668447570757,55.15143424867972,2273700
2018-03-23,53.742610931396484,54.615478028260455,53.66603892790508,54.186697006878646,1735600
2018-03-26,54.944705963134766,55.136124247441764,53.796196257292785,54.16371609185365,1871300
2018-03-27,55.679744720458984,56.23103024705707,54.929382566673425,55.14377008443452,2688600
2018-03-28,55.61848831176758,56.78996711047842,55.5189529210663,55.733340434343894,1901000
2018-03-29,55.64146041870117,56.35353660521099,55.58786353763578,55.817567794557114,1559500
2018-04-02,54.56953048706055,55.84820926661033,54.171382963508755,55.53428042708288,2212300
2018-04-03,54.56953048706055,54.967683852235695,54.14075533221656,54.699699380458206,1781700
2018-04-04,55.136131286621094,55.21269744179453,53.83448328217984,54.12544285011138,2162400
2018-04-05,55.511314392089844,55.64147745143333,54.745641090129986,55.381151332746356,1887200
2018-04-06,54.92940139770508,55.66444707128544,54.37046315501448,55.36583494894416,1278700
2018-04-09,54.83750534057617,55.725683031159726,54.76093336312131,55.197366763154115,1969900
2018-04-10,55.44239807128906,55.75632103916374,54.96767859410609,55.41942296880016,1451800
2018-04-11,55.15144729614258,55.404120889110544,54.98299823416393,55.258641091651945,1070700
2018-04-12,54.860477447509766,55.51895676480602,54.4240440248015,55.34284938578036,1118100
2018-04-13,55.021278381347656,55.38879825780839,54.79923244524204,55.22035505537737,1832500
2018-04-16,56.682777404785156,57.019675430653656,54.40107488855405,54.92173281870444,4584600
2018-04-17,57.34892272949219,58.76541695353291,56.820606362479886,57.60924880843442,4286600
2018-04-18,57.234073638916016,58.04568538909162,57.234073638916016,57.325956529012984,1886100
2018-04-19,57.448448181152344,58.336631725825754,57.3335960549795,57.64752481041049,2580800
2018-04-20,56.46073913574219,57.73175942928608,56.10853017095387,57.35658120356286,2815900
2018-04-23,56.567935943603516,56.75170172416856,56.17744680355485,56.52199741927382,1531800
2018-04-24,56.12384796142578,56.996714943103385,55.87117440314465,56.84357679795288,1942900
2018-04-25,56.95078659057617,57.2264294877217,55.9400979149174,56.16980227641354,1561800
2018-04-26,57.02734375,57.27235894567852,56.74404255683734,57.06562390586108,1627900
2018-04-27,56.59089279174805,57.46375952217315,56.48369320018836,57.3948459162863,1439800
2018-04-30,56.39949035644531,57.40252037273189,56.39183198883971,56.97374525278457,1640700
2018-05-01,56.828285217285156,56.90485139506988,55.940101198432586,56.16980557341168,1519700
2018-05-02,56.29228973388672,56.96608587224914,56.276978840570656,56.73638158114872,1342600
2018-05-03,56.75934600830078,56.97373938782737,55.79460208773141,56.28463241483333,1485100
2018-05-04,57.103904724121094,57.39485841709315,56.19275180957077,56.51433312942765,1223000
2018-05-07,56.69810485839844,57.341267565807165,56.001339417082505,57.341267565807165,1727700
2018-05-08,56.5602912902832,56.92015285032911,56.208082257608694,56.606229821007375,1001500
2018-05-09,56.88186264038086,56.9124902693279,56.345887896242075,56.705755234341126,1096500
2018-05-10,57.13454055786133,57.35658650345429,56.80530082358534,57.042657664008715,1154600
2018-05-11,57.48675537109375,57.93084730720817,57.080949438363795,57.27236777203822,1128400
2018-05-14,57.41016387939453,57.77768364660828,57.1651487540449,57.448444024267715,972000
2018-05-15,57.02734375,57.37189436086499,56.69810403315483,57.111562429543596,1765700
2018-05-16,57.26469421386719,58.053336604762606,57.03498993773619,57.18812806903099,1429900
2018-05-17,56.8895263671875,57.6092552695633,56.85124036699131,57.264704634291526,1182100
2018-05-18,57.39487075805664,57.777707414000155,57.0043757333396,57.0043757333396,1219500
2018-05-21,57.64753723144531,58.02271547226742,57.00436869127006,57.5020574508391,1371200
2018-05-22,57.62455749511719,58.11458779778552,57.61689912868181,57.80831739821231,1452400
2018-05-23,55.31990051269531,57.1422010148347,54.84518092434216,57.1422010148347,3876500
2018-05-24,55.189727783203125,55.610844554445485,54.89111569103418,54.89111569103418,1780500
2018-05-25,55.097843170166016,55.41942451450623,54.92174160419907,55.08253227636918,1731800
2018-05-29,53.76557159423828,54.875795367762755,52.93864315846436,54.67672454707934,2474300
2018-05-30,54.55421829223633,54.56952918670589,53.42867769596837,53.77323415857747,1685400
2018-05-31,55.189727783203125,55.235666307652764,54.0641872012018,54.554217600741765,3347600
2018-06-01,55.335208892822266,55.94009152346814,55.1820765637374,55.30458710030442,1908500
2018-06-04,55.77164077758789,55.90180967917781,55.26629943352116,55.46537612863774,1265000
2018-06-05,55.871177673339844,56.047279248541656,54.99065227246096,55.779294780871545,1487500
2018-06-06,56.23870086669922,56.35355302863187,55.702731899845006,55.894150222524885,1325600
2018-06-07,56.276973724365234,56.62918265484278,55.8252293923252,56.37650912592772,1528100
2018-06-08,56.583251953125,56.606221214995,56.14681845272584,56.254012235867876,906500
2018-06-11,57.4943962097168,57.777697388943736,56.48370784705625,56.59855999223597,1781600
2018-06-12,57.869590759277344,57.946156922729884,57.21876960749501,57.47909573155842,1487700
2018-06-13,57.42966842651367,58.49475081856911,57.31389719320189,58.44844468059221,1701100
2018-06-14,58.17057800292969,58.81888728666071,57.37561892163898,57.65346743991447,2751200
2018-06-15,58.209171295166016,58.22461059708307,57.599448413547016,57.90816967983578,3186300
2018-06-18,58.317230224609375,58.502466540811824,57.59945569234002,57.86959051470964,1070900
2018-06-19,57.93904113769531,58.33266089087891,57.52998797129804,57.62260611568485,1785400
2018-06-20,58.00849533081055,58.309496883114164,57.722927188824,57.95446367378293,1796500
2018-06-21,58.2631950378418,58.55648288032646,57.70749795562684,58.077964639892876,1408500
2018-06-22,58.58735275268555,59.0272786067039,57.931317908447184,58.50245426433395,2306600
2018-06-25,57.82326126098633,59.667863002828376,57.66890359851642,58.77257796144164,2367900
2018-06-26,57.946754455566406,58.27090909294143,57.668905941139926,57.7846771368789,1576200
2018-06-27,57.91588592529297,58.934661922283155,57.67662975496262,57.96219205158451,1277900
2018-06-28,58.89605712890625,58.99639489918704,57.69977064134666,58.023925233715055,2214200
2018-06-29,58.86520004272461,59.41318337933158,58.795740849513464,58.88835899549669,1394700
2018-07-02,58.27092361450195,58.703129905377764,57.78469153726666,58.49474641181095,1381200
2018-07-03,58.054813385009766,58.63366354895756,57.730658706407404,58.59507118268036,828300
2018-07-05,58.67224884033203,58.718560856601776,58.0007864322874,58.43299266168332,1198000
2018-07-06,59.490352630615234,59.79907384574283,58.61821475625223,58.803451018349236,1100300
2018-07-09,59.55982971191406,59.73734637768025,59.004132535356334,59.59842208354081,1289600
2018-07-10,60.07693099975586,60.11552336912329,59.27426388990662,59.613852009190886,1330700
2018-07-11,59.1430549621582,60.308475065733525,59.119901895260845,59.72962483982359,2301300
2018-07-12,60.308467864990234,60.49369826642185,59.02728257989978,59.17392061553101,2528300
2018-07-13,59.822235107421875,60.42423832084701,59.567539628397945,60.100083650290124,1920900
2018-07-16,60.27759552001953,60.33162129945072,59.413183049120505,59.598413451689105,4253600
2018-07-17,54.55856704711914,57.298454677318524,54.22669267068719,57.11322424742161,10867500
2018-07-18,54.48909378051758,54.85184082223654,53.786758649665224,54.56627262403116,4023900
2018-07-19,53.72501754760742,54.57399667138736,53.686425178557464,54.0028661173345,4115200
2018-07-20,52.621337890625,53.68642004719883,52.52100598440116,53.67870628482115,5357000
2018-07-23,52.69852066040039,53.725016416482,52.25859474898951,52.443825162118124,4250100
2018-07-24,52.17369842529297,53.068989588092315,51.232101129372595,52.89919258215666,3545400
2018-07-25,52.32804870605469,52.91461253761803,52.08107291161554,52.497839780433075,1796900
2018-07-26,53.13843536376953,53.46258999046558,52.36663526875947,52.59045800291648,2712100
2018-07-27,53.23878479003906,53.470321336167544,52.9069104410564,53.285090921591014,2122400
2018-07-30,52.76026916503906,53.532069467759506,52.62906452678515,53.28509360642373,1333600
2018-07-31,53.123016357421875,53.56294229533186,52.6985238347153,52.93778004476681,2448600
2018-08-01,52.073368072509766,53.07670494662455,52.034775701503044,52.876041104823045,1588900
2018-08-02,51.97303009033203,52.443828750876115,51.054591724792296,51.988469394030986,1410000
2018-08-03,52.05792999267578,52.521014902167515,51.85726614615653,52.23544665976351,1249300
2018-08-06,52.25859832763672,52.61362576393231,51.98846939658237,52.0733679018236,833500
2018-08-07,52.68308639526367,52.82201067495859,52.266313556178915,52.59818789720741,1119500
2018-08-08,52.32034683227539,52.744833494992335,52.08880437016112,52.65994087314448,918300
2018-08-09,52.42839050292969,52.76026484143778,52.13510853174265,52.30489963819713,1825800
2018-08-10,52.36665344238281,52.466991258111086,51.8341151961006,52.26632151502401,1417100
2018-08-13,51.94986343383789,52.443815032350926,51.880404250469276,52.39750891010518,1517700
2018-08-14,52.575035095214844,52.72167313847191,51.9575925405086,52.05792445309171,1158200
2018-08-15,52.59046173095703,52.61361479330983,51.99617820655329,52.297179793875266,1660100
2018-08-16,53.508914947509766,53.755890802137664,52.97637086881853,52.97637086881853,1777900
2018-08-17,52.93778991699219,53.48577341699409,52.92235649891064,53.43946138600921,1324100
2018-08-20,53.246498107910156,53.72501638729854,53.05354804356513,53.18475856247993,1410300
2018-08-21,53.7172966003418,53.74044966586575,53.038114495375,53.32367682132863,1522000
2018-08-22,53.32368850708008,53.70958871936476,53.231076224688515,53.671002231158255,1007800
2018-08-23,52.92234420776367,53.431735211701124,52.837445707107435,53.31596399368181,1205400
2018-08-24,53.23106384277344,53.3777077736096,52.74482591984029,53.07670026074364,716300
2018-08-27,53.586090087890625,53.67098858407545,53.2464961031513,53.42401274654734,1174300
2018-08-28,53.578372955322266,53.72501688987425,53.38542288917227,53.640118389698756,910200
2018-08-29,53.62468719482422,53.93340260274702,53.36227203204708,53.71729946185347,1298000
2018-08-30,53.20790481567383,53.732729159032004,53.0535412509403,53.3699821423681,2000500
2018-08-31,53.50118637084961,53.62467722174716,53.0689801694439,53.1615924192492,2399700
2018-09-04,52.474700927734375,52.860601079054256,51.332439777314164,52.698523722104184,2405900
2018-09-05,53.02267074584961,53.03811004714981,51.94215518956195,52.38208106272711,3330400
2018-09-06,53.44716262817383,53.67870503822795,53.03810947366388,53.13072172699106,1875100
2018-09-07,53.925682067871094,54.064606339338994,53.15388186824238,53.30051990208145,1313400
2018-09-10,53.72501754760742,54.11863733611558,53.65555246099126,54.11863733611558,2551100
2018-09-11,53.107582092285156,53.948847565724826,52.79886665197623,53.70958544460496,2112700
2018-09-12,53.25422668457031,53.30825247610683,52.77570832498284,53.08442965734993,1832700
2018-09-13,53.493473052978516,53.748168546828936,53.03039408403047,53.431733508589055,2165400
2018-09-14,53.23878479003906,53.92568655378037,53.12301357279046,53.562939487640165,1563200
2018-09-17,53.84078598022461,54.09547558232071,53.16159800565239,53.77132089720314,1712000
2018-09-18,53.48575973510742,53.67870979780496,53.30052343529238,53.51662656337465,1317800
2018-09-19,53.23878479003906,54.11863661973847,53.09986050701448,53.68642446790162,3288500
2018-09-20,54.21979522705078,54.52343806494196,53.48793508442203,53.57357854536954,3836600
2018-09-21,55.200782775878906,55.44992569918183,54.14971125382082,54.19642369567892,4678300
2018-09-24,54.63241958618164,55.294204886132654,54.359920455617754,55.122923961232175,2127000
2018-09-25,54.71027374267578,54.772560953235214,54.28984992148796,54.772560953235214,2137700
2018-09-26,54.74921417236328,55.26307483800873,54.60128350679207,54.764783007669344,1394500
2018-09-27,53.10641860961914,54.92049358780422,51.75949178755946,54.710275729540676,3364300
2018-09-28,52.95849609375,53.11421414970768,51.268995281855304,52.226642020876525,4590900
2018-10-01,53.00520706176758,53.192062762727375,51.9697044097182,51.9697044097182,2342500
2018-10-02,53.75263595581055,54.07963491841263,53.02856343002842,53.137563084229114,2724000
2018-10-03,54.6246452331543,54.69471390152601,53.76042934968528,53.93171029682824,2086300
2018-10-04,54.42999267578125,55.0139219043383,54.10298779336249,54.71027324065617,2550800
2018-10-05,54.663570404052734,55.2319308999548,54.328784016611536,54.850426126799626,2347000
2018-10-08,56.3297004699707,56.33748785559344,54.19641419202138,54.258701396933645,3382400
2018-10-09,55.82363510131836,56.92921235239554,55.61342318050057,56.74235071162902,3499200
2018-10-10,54.165287017822266,55.893718868142464,54.0874309580857,55.488857853453744,2384800
2018-10-11,52.99741744995117,54.63241812978397,52.98184861720636,54.43777505027922,2412600
2018-10-12,53.41006851196289,53.783785898989755,52.62370867970068,53.46456834548386,2023000
2018-10-15,54.110782623291016,54.63242471361911,53.16092333043322,53.223210548989556,2954000
2018-10-16,57.89463424682617,58.229420559223136,55.971559797013505,57.45084829225671,9158900
2018-10-17,58.93016052246094,59.257159580681964,57.91801379173408,58.39294354107112,4753700
2018-10-18,59.30385971069336,59.67757708530999,58.7432866187865,59.000216942583165,4431100
2018-10-19,60.00455856323242,60.51841906085546,59.40506058937329,59.68534705352506,4976400
2018-10-22,60.378292083740234,60.611860240057986,59.37393297347664,60.24593026112055,2881900
2018-10-23,59.19484329223633,59.778772441019456,58.82891340859338,59.638629207710125,4512500
2018-10-24,57.0070686340332,59.55299761459209,56.82799437923705,58.984643123352285,4662500
2018-10-25,55.9715690612793,56.67228540553679,55.247496495552554,56.67228540553679,5224400
2018-10-26,55.30978775024414,55.815861032484754,54.196428905329356,55.21635691751103,3162300
2018-10-29,56.391998291015625,57.27178295089564,55.83142522134358,55.940424880442485,4567900
2018-10-30,58.237213134765625,58.28392557413507,56.477637991411584,56.55549403703917,3387200
2018-10-31,57.86349868774414,58.626502229062254,57.396356450627415,58.501927797812016,3877400
2018-11-01,58.15934371948242,58.47077380224438,57.956919214716706,58.19827470734071,1996200
2018-11-02,58.15156555175781,58.657632782232284,57.93356626354695,58.39292105798626,1683900
2018-11-05,58.75886154174805,58.836717595812296,58.21385728322603,58.39293155360633,2447900
2018-11-06,58.937923431396484,59.05471046974853,58.64206808226877,58.782211340284114,2679200
2018-11-07,59.10142517089844,59.35056806519399,58.20606585263671,59.171493825527584,1624100
2018-11-08,59.20264434814453,59.34278761381489,58.45521557791455,59.085857303413256,2282200
2018-11-09,58.83671951293945,59.7242916262719,58.63428901374753,59.01579378915469,2640000
2018-11-12,58.937923431396484,59.38170942510582,58.63428069570249,58.71992412782496,1298600
2018-11-13,59.29608154296875,59.607505775665146,59.00800759368445,59.179294485689354,2720100
2018-11-14,59.568580627441406,59.98122308117938,59.15593817370344,59.56079323962471,2200800
2018-11-15,59.72429275512695,59.825505036617756,59.01579490461835,59.25715046665453,2073700
2018-11-16,60.027915954589844,60.3159898095102,59.49848661637931,59.88777271976839,3607200
2018-11-19,59.83327102661133,60.58069960887596,59.66198419608591,60.00455785713675,2742500
2018-11-20,58.937923431396484,59.630852334906926,58.42406877869724,59.28049715988633,2816100
2018-11-21,59.68537139892578,60.38608190508751,58.89901150152312,59.023580014160174,4041500
2018-11-23,58.29949188232422,59.87999864628739,58.29171043612334,59.3661380753364,1044800
2018-11-26,59.30385971069336,59.31943448548864,58.52528729194186,58.70436156187061,1733000
2018-11-27,60.16807174682617,60.39385844671894,59.373930543785896,59.373930543785896,2503500
2018-11-28,60.347145080566406,60.440569961824266,59.70092859836636,60.238145425741784,2572800
2018-11-29,60.09020233154297,60.59627544700596,59.84105946639672,60.15248953283814,2677000
2018-11-30,59.92672348022461,60.37050954692348,59.73208036430341,60.269297265057595,3236300
2018-12-03,59.70093536376953,60.47950780933772,59.1170060295934,60.440576811044764,2000000
2018-12-04,58.883426666259766,60.1914284957143,58.64207113047929,59.770998699814356,3298500
2018-12-06,58.766632080078125,58.90677531322751,57.97248511222014,58.48634561377936,3410000
2018-12-07,58.782222747802734,59.101440318577936,58.38514911636227,58.80557897199864,2572600
2018-12-10,59.04691696166992,59.2415600253991,58.097063800300795,58.66541821997048,3090800
2018-12-11,59.911136627197266,60.44835341965529,59.35835100222008,59.950067618548104,3667100
2018-12-12,60.409420013427734,60.767568487439576,60.16027712283367,60.42499478535959,2964100
2018-12-13,59.98121643066406,60.7909324127645,59.40507453687492,60.50285849585202,1826000
2018-12-14,59.00022888183594,60.059088060811014,58.76666067296745,59.72430161539923,2232000
2018-12-17,58.36956787109375,59.45178292236493,58.08928136025736,58.91456611992261,2226200
2018-12-18,57.917999267578125,59.031358016164596,57.48978207964644,58.74328409518911,2278300
2018-12-19,57.51314163208008,58.782212424148874,57.357423598060954,57.785640766569,2485000
2018-12-20,56.71248245239258,57.560227572008365,55.990331863983656,57.48957915103529,2101400
2018-12-21,55.12690734863281,57.88207085032232,55.095508706190365,56.681101223122475,4978100
2018-12-24,54.20850372314453,55.18968866449121,54.200658555461644,54.757970883505244,1209200
2018-12-26,56.19442367553711,56.19442367553711,53.831734539755516,54.35764825526747,1930000
2018-12-27,56.63399887084961,56.63399887084961,54.93850833205792,55.66851020481358,2061100
2018-12-28,56.76746368408203,57.31692512636617,56.469185470939294,57.02649807345051,1270600
2018-12-31,57.48958969116211,57.497440847971184,56.75958781354519,56.987223451584654,1258800
2019-01-02,57.073570251464844,57.654430113871356,56.626150116194744,56.97937433242129,2175600
2019-01-03,56.17873764038086,57.17561913429194,56.12379151061693,56.94013828759466,2884800
2019-01-04,57.56808090209961,57.88206128596368,56.48485486588018,56.83023388699842,1681400
2019-01-07,57.897789001464844,58.23531701418983,57.316922940425336,57.49746368667931,2430300
2019-01-08,58.87108612060547,59.28710750433616,58.321625045617104,58.533558320633595,2361500
2019-01-09,59.294986724853516,59.357784017054456,58.62778196408688,58.824019010705264,1655900
2019-01-10,59.61680221557617,60.01712739934008,58.847556477480616,59.07519213143741,2050100
2019-01-11,60.05638122558594,60.18982096623125,59.365623060026586,59.61680621422668,1928000
2019-01-14,59.49120330810547,60.127009204071584,59.318513808293105,59.522601943405654,1146000
2019-01-15,59.74238967895508,59.938626668837685,59.42840929740737,59.51475405204993,1177600
2019-01-16,58.61207962036133,59.67175847388861,58.31380146555999,59.64036581648165,2611400
2019-01-17,58.36088562011719,58.61991991079462,57.889917993498955,58.38443310314636,1949300
2019-01-18,59.65605163574219,59.750247557407036,58.57282548564896,58.82400862141022,2149300
2019-01-22,58.43937301635742,59.499057549488505,58.03905387004505,59.397010482301795,1832100
2019-01-23,59.07518768310547,59.13013380311774,58.31378717102267,58.61991640947358,1349800
2019-01-24,60.19766616821289,60.291856098794625,59.020244126515756,59.020244126515756,1654400
2019-01-25,59.97003936767578,60.7785349973803,59.742403687394464,60.44100705609132,1517600
2019-01-28,59.930763244628906,60.28399334731826,59.45194460823496,59.67958018854327,1294100
2019-01-29,60.82561492919922,60.92766199538666,59.389164733026334,59.61679436834233,1742400
2019-01-30,60.770668029785156,61.123898195714226,59.765935625562726,60.95120869086146,1300700
2019-01-31,61.131752014160156,61.20240045281461,60.66863553895241,60.78637894425758,1527400
2019-02-01,60.91197204589844,61.46143931527253,60.6372414055508,61.3044461003033,1299300
2019-02-04,61.10035705566406,61.32799272265812,60.213367861111024,60.62938939473925,1210900
2019-02-05,61.50853729248047,61.814666590788136,60.75498778982473,61.02971844360353,1213600
2019-02-06,58.447235107421875,61.48498642594179,58.20390311154983,61.30444572699626,3201700
2019-02-07,58.541419982910156,58.58851494388297,57.07356514958846,57.96055418374978,4466200
2019-02-08,58.6356086730957,58.65131098554188,57.86636304620364,58.38442557205457,2022200
2019-02-11,57.991947174072266,59.0673279247726,57.92915589511491,58.596360394868626,3549300
2019-02-12,58.156795501708984,59.67959656574385,56.32002002291392,59.65604908350465,5467100
2019-02-13,57.685813903808594,59.42054787605337,57.37968473156991,58.41581561961084,3420500
2019-02-14,58.30593490600586,58.87894956553758,57.0186206998917,57.69367644074154,3182800
2019-02-15,58.87108612060547,59.06732307434082,58.40796978435479,58.80044369182549,2550900
2019-02-19,58.84755325317383,59.130135015797414,58.282389727926656,58.282389727926656,1842200
2019-02-20,58.910362243652344,59.130146771905906,58.59638177957043,58.87111243988738,1734700
2019-02-21,58.80046081542969,59.53830790404703,58.60422380454708,58.91035306242968,1265800
2019-02-22,59.36561584472656,59.64035243918914,58.98884415355866,59.08303408201161,1607300
2019-02-25,59.13798904418945,59.85229471469465,59.075197745392984,59.59326039536778,1715300
2019-02-26,59.279273986816406,59.656051685109254,58.71411642239466,59.200780379703254,1822300
2019-02-27,59.13798904418945,59.49907045283361,58.65132503795236,59.12229271666007,1255000
2019-02-28,59.420555114746094,59.47550122956776,58.80829669568257,59.310662885102765,1836800
2019-03-01,60.221214294433594,60.857020287367796,59.805192793443155,60.21336313724182,2130300
2019-03-04,60.00926971435547,60.543034571753225,59.45980853262736,60.49593961008445,1471000
2019-03-05,59.9778938293457,60.33896927664055,59.75025813652689,60.04853629159322,1270100
2019-03-06,59.043792724609375,60.299708395077296,58.800460747771986,60.0799239013302,2168200
2019-03-07,58.447235107421875,59.30283165492738,58.35303917901393,59.05164850118498,1599800
2019-03-08,58.58184051513672,58.58975477005592,58.059209702502756,58.13839454160657,1713400
2019-03-11,59.793392181396484,59.793392181396484,58.39971591342522,58.692706493595765,2231500
2019-03-12,59.587501525878906,60.17347659347378,59.51623698207318,59.904246928319616,1522900
2019-03-13,59.46080780029297,60.0784641248651,59.30243810153093,59.714208984579024,2240800
2019-03-14,59.89632034301758,60.189310866760316,59.33410018238861,59.57957497383375,2108100
2019-03-15,59.76171875,60.133894188048245,59.65085875246436,60.062623594537186,2119300
2019-03-18,59.05696105957031,59.928006453198954,58.91442591941897,59.619181323107135,1334100
2019-03-19,59.95176696777344,60.38729272644844,59.041126044172955,59.18366119779231,1606600
2019-03-20,58.835243225097656,59.9438431985853,58.50265719163462,59.9438431985853,1525000
2019-03-21,59.40538024902344,59.57167629341657,58.49474538149943,58.58185053183221,1469900
2019-03-22,57.86125564575195,59.437056598413314,57.821660197922334,59.31828233775871,1537400
2019-03-25,57.20399856567383,58.13047990550273,57.085218287089,57.631603943729644,1215700
2019-03-26,57.48908233642578,57.885012663868686,57.299037470850045,57.36238777318108,1459000
2019-03-27,57.69495391845703,57.96418357646855,57.09313827392743,57.599928487821025,1370400
2019-03-28,58.01170349121094,58.57392373645291,57.67911748073592,57.85332776207609,1193000
2019-03-29,57.79789733886719,58.273012439917785,57.52074736670569,58.233423038989734,1447400
2019-04-01,58.296775817871094,58.494740955207966,57.766224658331716,58.035460386646456,1642400
2019-04-02,58.23341751098633,58.59767258859419,58.0196118088892,58.54224259942377,1475200
2019-04-03,58.20966339111328,58.66893786079522,57.86124285974042,58.36803306460143,1561800
2019-04-04,58.56601333618164,58.882758806558954,58.090898151324346,58.090898151324346,1360900
2019-04-05,59.51625061035156,59.801314892265744,58.19383870545644,58.558093887176305,2302800
2019-04-08,59.6508674621582,59.68254261485285,59.041131345267154,59.357876830795966,1116000
2019-04-09,59.37370681762695,59.57167195552841,59.08863653573554,59.29451592933312,1776800
2019-04-10,59.54000473022461,59.54791898697373,59.04904894799793,59.37371471723268,1319400
2019-04-11,59.912174224853516,60.6090093585078,59.68253393228844,59.840903631304535,1440600
2019-04-12,60.52190399169922,60.53773854497659,59.8250688605771,60.11013915090359,1607100
2019-04-15,60.89408493041992,61.34544525731483,60.339778852962326,60.62484916904514,3292100
2019-04-16,64.33866882324219,65.18595935870391,62.16105233999399,62.55698260967548,6343300
2019-04-17,66.35794067382812,66.60341560047569,64.55249288750232,64.98009846520432,3650700
2019-04-18,65.17013549804688,66.79344624521381,65.00383944105138,66.42919106231659,3979800
2019-04-22,64.76628112792969,65.30474659362369,64.51288597003939,65.16221143972183,2322000
2019-04-23,63.78438186645508,64.87714745865638,63.507225788038966,64.87714745865638,2997500
2019-04-24,63.317176818847656,64.09320291370135,63.19048225644505,63.72894773984506,2249100
2019-04-25,62.952938079833984,63.34094820784826,62.446147615083426,63.285518189560506,1407400
2019-04-26,64.4732894897461,64.76628009069017,63.49138402382369,63.71310402824969,1964400
2019-04-29,64.0140151977539,65.16221682163427,64.00610094068472,64.52872585387837,1486700
2019-04-30,63.372589111328125,63.87937930213572,62.86579892052053,63.87937930213572,2128100
2019-05-01,62.533226013183594,63.30924593688708,62.44612087297373,63.29341138476542,1647900
2019-05-02,62.68368148803711,62.897481169616896,62.04227036046514,62.68368148803711,1723800
2019-05-03,63.38051986694336,63.80020499658414,62.70743960008079,62.80245900065358,1683900
2019-05-06,63.530982971191406,63.56265208092535,62.50948200187721,62.612421712055905,1172900
2019-05-07,62.644081115722656,63.08752103753405,62.24815088798653,62.88955592366599,1668500
2019-05-08,62.897499084472656,63.158814579712356,62.39070869205398,62.69161359960943,2219700
2019-05-09,62.794551849365234,63.04002671717308,62.08979635543788,62.59658668721896,1795200
2019-05-10,62.992515563964844,63.21423557384685,62.24024434024555,62.778709810566355,1633800
2019-05-13,61.95517349243164,62.55698925790192,61.69386407814779,62.05019894216393,2592800
2019-05-14,62.34318923950195,62.897489256656634,61.9710137816622,62.31942834612354,1140200
2019-05-15,62.675777435302734,64.1169637095421,61.82056640450104,63.111297208112916,1556600
2019-05-16,62.588661193847656,63.396356330136605,62.53323119470446,62.79454663698672,1502100
2019-05-17,62.96083068847656,63.27757609998899,61.80471507166001,61.99475990200097,1315400
2019-05-20,62.794551849365234,63.190482173657784,62.485726679730426,62.71536095137288,1248900
2019-05-21,63.41219711303711,63.61016225933798,62.802461079236984,63.10337196812108,1136200
2019-05-22,63.174625396728516,63.38051080422455,63.10336085648897,63.356755957478036,1001900
2019-05-23,62.70745086669922,62.75496057552166,60.96535369905809,62.58075025461578,2290700
2019-05-24,62.40652084350586,63.28548643635094,62.37484570017445,63.135037057296564,1170600
2019-05-28,62.08186340332031,62.80245330511921,61.931407977502666,62.47779364691111,2014200
2019-05-29,61.36918258666992,62.16896330294417,61.02868236420984,61.78886764289421,1689200
2019-05-30,61.40088653564453,62.01061668725045,61.282106208562794,61.40880683516155,1250600
2019-05-31,61.25834274291992,61.51965821749393,60.89408755476414,61.07621212813326,1928600
2019-06-03,61.22666549682617,61.75721068481648,60.751550312933105,61.30585035390546,1957700
2019-06-04,61.788875579833984,62.17688554411035,60.96533991178676,62.0660255543171,2151800
2019-06-05,61.971012115478516,62.319426670572206,61.70969666809556,62.14522241373382,1352700
2019-06-06,62.18482208251953,62.35111211064146,61.65427684402321,62.121471774258445,1707600
2019-06-07,62.80247497558594,63.29343082195632,62.557000073109826,62.557000073109826,1981000
2019-06-10,62.23233413696289,63.475561328095274,61.9155946665634,63.11922036176863,2435300
2019-06-11,62.7232666015625,62.99250230074327,62.26398608269972,62.430276055098474,1506900
2019-06-12,63.19047546386719,63.515135153776555,62.84205488223275,62.88956458284957,2559600
2019-06-13,64.01280212402344,64.15650783459498,63.4379792817373,63.51781443404778,2629100
2019-06-14,63.35814666748047,64.11658978135989,63.31024679238171,64.08465450095007,1475800
2019-06-17,63.70941925048828,64.06069510104574,63.13459647008202,63.34216662553793,1217300
2019-06-18,63.980857849121094,64.61156581844956,63.90900804945332,64.07666367304229,2267100
2019-06-19,64.60357666015625,64.7313177511707,64.26826543278902,64.32415063735021,1909100
2019-06-20,64.45188903808594,65.11452612421535,63.20643781680312,64.98679112956313,2056100
2019-06-21,64.97882843017578,65.05068433866718,63.909023874458676,64.36409099146306,3188200
2019-06-24,65.01870727539062,65.16241290899649,64.19639407404593,64.96282208960103,2163600
2019-06-25,64.10059356689453,64.99476270419461,64.07664364115925,64.80315111625458,2874200
2019-06-26,64.65945434570312,64.93888033601571,64.12455229410048,64.20438742118554,2045600
2019-06-27,64.66744995117188,64.81115563914904,64.33213870956872,64.65148535963252,1391000
2019-06-28,65.4259033203125,65.57759437369862,64.65947489289029,64.81915128883139,2118900
2019-07-01,66.70327758789062,66.72722752002286,65.82507280283846,66.05659896516762,1614300
2019-07-02,66.85494995117188,66.87889987880087,66.16037768581361,66.54358870993623,1482400
2019-07-03,67.67727661132812,67.77308243173825,66.78311331828952,66.97471886807914,1057900
2019-07-05,67.66131591796875,67.67728051010816,66.62344078900935,67.3579399390723,1127500
2019-07-08,67.254150390625,67.7251880989952,67.03060954910603,67.58148240215714,1416600
2019-07-09,67.26214599609375,67.44577233880781,66.87094946374194,67.22222537214617,2800800
2019-07-10,66.87890625,67.58147001287,66.71923598990955,67.2621234016591,1350400
2019-07-11,66.78311157226562,67.09447286666978,66.22425343769706,67.09447286666978,2244300
2019-07-12,67.61338806152344,67.66128790914418,66.78308952026953,66.95873041625015,1183300
2019-07-15,67.05455780029297,67.48567487998585,66.57554085320008,67.01464327446995,4160400
2019-07-16,67.0785140991211,67.90083381071435,67.06254950548319,67.11843471976316,3806500
2019-07-17,65.12252807617188,67.03061687029614,63.88506187985099,66.96674631116294,3315800
2019-07-18,64.94686889648438,65.17040969981893,63.80520885857142,64.65147830251945,3338800
2019-07-19,63.67747116088867,64.72332534248349,63.66948582081464,64.70736075336524,3460100
2019-07-22,64.10857391357422,64.60355524963532,63.765277459034195,63.78922738290445,2609100
2019-07-23,63.909027099609375,64.0367621452157,63.09469258111754,63.89305641201318,1927000
2019-07-24,64.42794799804688,64.59560973474996,63.61361970606673,64.13255732802025,1722300
2019-07-25,65.0826187133789,65.21035985374479,64.35611077340458,64.54771639292059,1033600
2019-07-26,65.21830749511719,65.55361865818526,65.05065191358315,65.22628674350264,1047900
2019-07-29,65.15445709228516,65.33009806750081,64.65149019228403,65.33009806750081,906000
2019-07-30,64.7313232421875,65.09058443183767,64.41197657859234,64.76325851765012,825000
2019-07-31,64.04471588134766,65.12250530293426,63.605613554649956,64.6594530476948,1356900
2019-08-01,63.270320892333984,64.57963682477927,62.97492414145336,64.10860518284058,1598800
2019-08-02,62.7274284362793,63.03080441454507,62.32026129071478,62.88709872146529,1482200
2019-08-05,61.30634689331055,62.25640160885863,60.77942394790463,61.98495479397429,1490900
2019-08-06,61.537864685058594,61.968981738511246,60.93909201487945,61.54584393511896,1628300
2019-08-07,61.266422271728516,61.36222809855318,60.22855322410081,60.986996223945326,1760300
2019-08-08,62.91902160644531,63.11063322017272,61.785346968192,61.929052632972684,1889200
2019-08-09,62.71146774291992,63.27830520891049,62.44002093199086,62.966943869718925,1229000
2019-08-12,62.17656707763672,62.83921045646488,61.841255762217195,62.463978516862625,1301600
2019-08-13,62.75935363769531,63.421996787811715,61.793334558009576,61.9689754981397,1118200
2019-08-14,60.659664154052734,62.12066479595964,60.531923064579786,61.897123980412374,1400200
2019-08-15,60.43611526489258,61.098758439977374,60.2844303399074,60.80336783956454,1288900
2019-08-16,61.5538330078125,61.84124439420479,60.65966966439733,60.81933994971263,1497000
2019-08-19,62.32026290893555,62.84718582758722,62.02487226456819,62.432033329674184,1859800
2019-08-20,61.83324432373047,62.32823183594961,61.2664070275436,62.120655641660356,1361300
2019-08-21,61.705535888671875,62.272373428701584,61.577794763071424,62.24842349040953,1067900
2019-08-22,61.76141357421875,62.28035117436025,61.49795210308103,61.91310461960678,983100
2019-08-23,60.17266082763672,61.8891375265912,59.94911392507917,61.553826309300305,1371900
2019-08-26,60.75546646118164,61.03489249248649,60.49999036241283,60.69958125492067,1176100
2019-08-27,60.19661331176758,61.24246762049677,59.90920194446283,61.21851768839313,1505600
2019-08-28,60.35627746582031,60.476033205224766,59.581863920838785,59.973066408961984,988800
2019-08-29,60.3243522644043,60.98699552081543,60.26048780495517,60.883210444558514,1413800
2019-08-30,60.723541259765625,60.939102870406806,60.49201505512923,60.7395119447925,1915300
2019-09-03,60.11677932739258,60.66764604943298,59.86130322833641,60.25249967260321,1524100
2019-09-04,61.1786003112793,61.32230600253542,60.659668845494664,60.72353330414004,1247200
2019-09-05,62.22446823120117,62.551794178255925,61.56182490363484,61.60174552472933,1300600
2019-09-06,61.90512466430664,62.91904392641659,61.88117472685212,62.448012247059346,1539000
2019-09-09,62.64760208129883,62.75138717212462,61.9051235780773,62.256405563998136,1125000
2019-09-10,65.51373291015625,65.51373291015625,62.38414820763161,62.695509609151365,2893100
2019-09-11,65.45783233642578,65.96878457248548,64.45189854788826,65.681373178323,2007200
2019-09-12,64.51575469970703,65.50572985921939,64.0447231422382,65.47379458719992,1584200
2019-09-13,63.972877502441406,65.40993451830461,63.198469873314835,64.643506140188,3525300
2019-09-16,63.04677963256836,63.67748765917178,62.9908944196304,63.533781955755416,1308500
2019-09-17,63.22242736816406,63.33419780598145,62.25640796072408,62.95896586858078,1587000
2019-09-18,63.270320892333984,63.51781168107931,62.71944801051358,63.206450336841186,1691000
2019-09-19,63.1898078918457,63.608387356556165,62.94027048834914,63.608387356556165,1200000
2019-09-20,62.68269348144531,63.31056586714025,62.36070591043706,63.28641787406,2431700
2019-09-23,62.570003509521484,62.85174035254621,62.40900664107694,62.610248120580685,1543400
2019-09-24,63.350791931152344,63.76937749335571,62.58607704758125,62.86781378671795,2063200
2019-09-25,63.205909729003906,63.76133807705347,62.972475059506294,63.33470720042469,1359600
2019-09-26,61.88578414916992,63.50376753608529,61.73284478463194,63.14153529100722,1585500
2019-09-27,62.610260009765625,62.642459389568934,61.96629083791062,62.07898559652034,1285200
2019-09-30,63.02882385253906,63.68084417759378,62.69878493056219,62.69878493056219,1311900
2019-10-01,62.89197540283203,64.03503150011305,62.84367942034186,63.39105640703646,1291000
2019-10-02,62.119232177734375,62.481470605912904,61.40281284333738,62.328525082366156,1884500
2019-10-03,61.16130447387695,62.13531235948981,60.911760898550135,62.03871425213087,2139500
2019-10-04,61.99845886230469,62.529739200888585,61.700625467705756,61.77306943674834,1392400
2019-10-07,61.98236846923828,62.78733429351411,61.93407248503033,62.05481244555022,1467100
2019-10-08,60.348270416259766,61.57986676901609,60.28387169602937,61.55571878427969,1897000
2019-10-09,60.211456298828125,61.0647182516648,60.17120554424406,60.541489149086445,1949900
2019-10-10,58.89934158325195,61.1210487400158,58.392215379149846,60.13093817992936,3761000
2019-10-11,60.090702056884766,60.621976325470605,58.97984525105624,59.18108671397856,2213400
2019-10-14,60.50123977661133,61.12106081518895,60.11485344376901,60.18729742663809,3099400
2019-10-15,60.9359130859375,61.27400341427299,59.631872324508215,60.122901989940914,3070700
2019-10-16,60.79100799560547,61.13714349814794,59.80895498368128,60.71856402924591,2222800
2019-10-17,61.201541900634766,61.43498269331964,60.50122566398112,61.24179264266356,1238400
2019-10-18,60.67832565307617,61.00031323245231,60.299996849316656,60.83127113509535,1858800
2019-10-21,60.67832565307617,61.01641598919236,60.509283555719215,60.81517451975756,1265200
2019-10-22,61.55573272705078,61.79721877051293,60.49317816817378,60.67831685402128,1998100
2019-10-23,61.75697708129883,61.990417899974744,61.410841542076156,61.595980236659415,1396300
2019-10-24,61.571834564208984,61.877725509843394,60.31608983573644,61.79722401379104,1658100
2019-10-25,61.83747863769531,62.344604931040834,61.47524644836312,61.66843653991347,1118500
2019-10-28,61.98236846923828,62.56194484534117,61.861622367316535,61.974317091403,1094200
2019-10-29,62.135311126708984,62.54583925668564,61.86967094279357,62.070912389747384,1066600
2019-10-30,62.272151947021484,62.28824856007264,61.38669083557477,61.95016441338594,1142500
2019-10-31,62.135311126708984,62.39289993315381,61.28204321547173,62.32850119619221,1217100
2019-11-01,62.022613525390625,62.48948899316148,61.8294173234841,62.32044692254424,1314000
2019-11-04,61.77307891845703,62.35265532536332,61.51549008665448,62.14336248033557,1138900
2019-11-05,63.592288970947266,63.624488335242425,61.837463535966364,62.07090432105566,1814300
2019-11-06,63.358863830566406,63.68085141162306,63.12542298783539,63.61645266713127,1290700
2019-11-07,64.61461639404297,64.76756189521183,63.656711055751416,63.74525780470149,1847600
2019-11-08,65.01708984375,65.07343720832317,64.45361619801821,64.71925640589268,1571900
2019-11-11,63.68085479736328,64.55021947001734,63.39911795198539,64.41337059534582,1454300
2019-11-12,63.664756774902344,63.94649978263818,63.12543103915063,63.552062028369235,1345500
2019-11-13,62.779273986816406,63.656689804014434,62.72292663278725,63.656689804014434,1780900
2019-11-14,63.23810577392578,63.391051227850866,62.634381476517675,62.64243285340877,1380400
2019-11-15,63.42326354980469,63.713051763069174,62.92418248442644,63.64865301758765,3382400
2019-11-18,62.980533599853516,63.254225213738415,62.03872492139048,63.254225213738415,1611600
2019-11-19,63.32665252685547,63.42325062539297,62.891970295538435,63.32665252685547,1108600
2019-11-20,62.38484191894531,63.27030296306307,62.28019858856626,62.97246958375308,1518500
2019-11-21,62.747093200683594,62.95638606679188,61.98237800651498,62.37680960150911,1119100
2019-11-22,62.747093200683594,63.18177554964567,62.62635322158535,63.00468205843118,882200
2019-11-25,63.519866943359375,63.62451030740571,62.83564096324728,63.0529852119473,1275900
2019-11-26,63.80963897705078,63.86598633979067,63.270313342054365,63.73719499984317,1305400
2019-11-27,64.35700988769531,64.56630270434218,63.95452700874437,64.36506126486671,1218600
2019-11-29,63.97870635986328,64.46973001564956,63.96260359917298,64.39728601675452,984000
2019-12-02,63.890132904052734,64.2523650299783,63.59229336977089,63.99477623919982,1465900
2019-12-03,63.09320068359375,63.39104016256315,62.14334104248601,63.37494355299186,978400
2019-12-04,63.30249786376953,63.69692931042854,62.84366769154157,63.07710846567867,1187200
2019-12-05,63.83380126953125,63.95454124697586,63.222025437733485,63.399118926522526,1041700
2019-12-06,64.35700988769531,64.49385873400367,64.16381982539124,64.42140862226378,1247500
2019-12-09,64.445556640625,64.63875284441511,64.04307376149764,64.20407059798939,1439500
2019-12-10,64.71121978759766,65.04930405214995,64.00285187976377,64.43753428050395,1479100
2019-12-11,65.07343292236328,65.51616657299411,64.5502100606745,65.03318831683431,1687400
2019-12-12,66.19233703613281,66.2647810065388,64.8641423060775,65.20222645077482,1205700
2019-12-13,66.03939819335938,66.59482658772684,65.85425334810289,66.280884260309,1352600
2019-12-16,65.82207489013672,66.562648365051,65.29080046093281,66.36140684128814,1460900
2019-12-17,65.21028137207031,65.63691226471839,65.00903992147015,65.52421754369443,1682700
2019-12-18,64.30066680908203,65.35517619825704,64.26846743965514,65.20223072882975,1800100
2019-12-19,64.60906982421875,64.73080652796133,64.27632324677474,64.47110444947727,1834700
2019-12-20,65.59918975830078,66.11859394555412,64.83631214936594,65.0148584996942,2851100
2019-12-23,65.50178527832031,65.78583341559789,65.20961971089622,65.62352196337784,1108700
2019-12-24,65.6072998046875,65.81830968685317,65.34759771578598,65.59918856475566,325100
2019-12-26,65.65599822998047,65.74527140355671,65.43687091600741,65.55860762468286,665100
2019-12-27,65.6072998046875,66.01308470558276,65.5667250296697,65.89946542867499,674300
2019-12-30,65.66410064697266,65.9887235401641,65.50178300859213,65.9238026765967,767100
2019-12-31,65.75336456298828,65.75336456298828,65.33135110631405,65.46120521100427,1148700
2020-01-02,64.82008361816406,65.87512066690668,64.08155211143654,65.85889199492628,1951400
2020-01-03,64.86876678466797,64.93369384711283,64.01661611748904,64.11400671115635,1018300
2020-01-06,64.54414367675781,64.65776295072767,64.08154914937025,64.43052440278795,1436600
2020-01-07,64.20329284667969,64.95805307269451,64.08967356033652,64.76327803779006,1598300
2020-01-08,64.37371826171875,64.88500502234933,64.31690862164868,64.39806436577929,1737400
2020-01-09,64.7226791381836,64.941800217777,64.43051357086905,64.51978672709211,1838700
2020-01-10,64.31688690185547,64.99860235248114,64.26007728097,64.7226716772615,1278600
2020-01-13,64.66587829589844,64.66587829589844,63.959810380334986,64.33313172444649,1622500
2020-01-14,64.62529754638672,64.78761521292233,64.34124936968173,64.47110350291022,1521200
2020-01-15,64.48733520507812,64.89312010281343,64.37371592905514,64.58472580957762,1181500
2020-01-16,64.68212127685547,64.83632154572021,64.42241914559166,64.70647357598192,1572100
2020-01-17,65.32324981689453,65.52614226176532,64.5684896743038,64.77949955066951,2673200
2020-01-21,65.14471435546875,65.73716311783058,65.03921249555755,65.25833984001775,2219000
2020-01-22,64.49544525146484,65.29889752327858,64.29255282583007,65.20962436065645,1806500
2020-01-23,63.911102294921875,64.26819487959146,63.14822493377659,64.17080430419495,1587000
2020-01-24,63.058963775634766,63.99227017731492,62.96157937350898,63.99227017731492,1715000
2020-01-27,62.3853759765625,62.831735674540354,61.736117626320954,62.158131219727395,2306800
2020-01-28,62.29611587524414,62.96160303763081,62.125686915682806,62.79117407806947,2490300
2020-01-29,61.8497200012207,62.49086074407671,61.7604468476721,62.417822450328664,1318500
2020-01-30,61.67119598388672,61.768586602535414,60.737889345144715,61.41961129211143,2364200
2020-01-31,61.11930465698242,61.97145521456565,60.90830101885212,61.752327954942686,3829200
2020-02-03,61.38712692260742,62.34477934311305,61.20046937326812,61.39524435268716,1944000
2020-02-04,62.2717399597168,62.59636285581495,61.85783771787135,62.06073012382512,2086000
2020-02-05,63.11577224731445,63.53779195472049,62.661295200986764,62.77491446256869,1801500
2020-02-06,62.15811538696289,64.06530898308174,62.14188671864451,63.55401615017118,1352800
2020-02-07,61.468292236328125,62.04450602617254,60.83526881063386,61.86596587906297,1867300
2020-02-10,62.49085998535156,62.498977415153284,61.39524224993936,61.41958834755978,3172400
2020-02-11,62.718101501464844,65.12846435035033,62.19057999111123,64.5116696832391,3727800
2020-02-12,63.99228286743164,64.34937559080146,62.85608381362592,63.302449717838186,2650800
2020-02-13,64.54414367675781,64.9418111356523,63.732573895952534,63.732573895952534,2695400
2020-02-14,63.416053771972656,64.72268144123892,62.95345930589477,64.72268144123892,1551900
2020-02-18,63.797489166259766,63.894879750988764,63.39170435089966,63.399821780906635,1902500
2020-02-19,63.80561447143555,64.17081837362075,63.70010644367731,63.92734497764017,1356000
2020-02-20,63.93547058105469,64.10589950331152,63.188827819228635,63.700114585999124,1405000
2020-02-21,63.521549224853516,63.76502257910373,62.87229726649396,63.610822375292955,2300300
2020-02-24,61.87406921386719,62.40970816212282,61.18423624045307,62.36912720236341,1946700
2020-02-25,60.07240295410156,62.03640687280143,59.64227188575483,61.96336236002884,2596900
2020-02-26,58.765769958496094,60.965123289963884,58.765769958496094,60.121089987000715,3233200
2020-02-27,56.42033767700195,58.44115122023617,56.395991570276465,57.40234272136835,4206900
2020-02-28,56.225563049316406,56.57453836247867,54.42387683679436,55.17863710982962,4338700
2020-03-02,57.10205078125,57.191323953276374,54.82154165825261,56.33106195933437,3538400
2020-03-03,56.15251159667969,58.22201069298329,55.357170536942036,56.90727169320552,2445500
2020-03-04,57.605220794677734,57.71072262803475,56.29859306499888,56.93161644871201,2718400
2020-03-05,55.28413391113281,56.22555160671868,54.91892380649964,56.04700527002502,3066500
2020-03-06,53.417518615722656,54.80530209112838,52.565367934715454,53.734030310545776,4352400
2020-03-09,49.483131408691406,51.327376027532246,49.38477257118246,51.31918076056111,3560800
2020-03-10,52.60604476928711,52.64703047771442,48.712640103255,50.83557035148859,2865900
2020-03-11,50.999515533447266,51.54049386533079,49.97493512254883,51.18803795384002,2809900
2020-03-12,46.35200881958008,48.85198394678207,45.368411176826804,48.09789440095934,3116800
2020-03-13,51.56508255004883,51.58967147922696,45.40120645210698,48.67166848396212,4004800
2020-03-16,46.90938186645508,49.786404964087524,43.311056522934095,46.614302253695776,4404900
2020-03-17,48.77822494506836,49.089698279007,43.032379126945195,47.90938272001993,4066400
2020-03-18,45.92578887939453,46.261851111110836,42.08156450910105,45.729071202023135,3439800
2020-03-19,44.950401306152344,47.99135585080024,44.68810891628779,45.28646362608955,2884200
2020-03-20,40.581573486328125,45.5569380962029,39.65535518429708,45.50775711817747,3724200
2020-03-23,39.58978271484375,41.3602573726886,38.00783045959685,39.99141957378441,3214800
2020-03-24,42.19631576538086,42.90122752986217,40.655346079777836,42.33566031561998,3357600
2020-03-25,42.753684997558594,46.45856759582104,40.745507061037976,42.31106557446834,5590100
2020-03-26,46.18808364868164,46.38480446325166,43.024181967953076,43.27008064108715,3272000
2020-03-27,42.606143951416016,45.83561971394547,42.007789471714325,44.46678202615614,3339800
2020-03-30,45.015960693359375,45.49136747594004,41.44222706407954,42.20451509354779,3251600
2020-03-31,44.99956512451172,46.06512794243525,44.29465342329086,45.155300194430225,2484900
2020-04-01,42.35205078125,43.59794083071822,41.647142144671925,42.86024487333995,3258600
2020-04-02,42.71271514892578,44.343845659511,41.13076250438988,41.9094443601455,2678700
2020-04-03,40.647151947021484,43.66351676067958,40.55698837554604,42.45860926327339,2310600
2020-04-06,44.01597595214844,44.30285722219182,41.87665151140072,42.475006108042166,2223700
2020-04-07,44.4749755859375,46.51594070360146,44.41759934534343,46.27004208294535,2827200
2020-04-08,44.81105041503906,45.20449207129208,43.36024720553845,44.622527981752384,2470600
2020-04-09,46.55692672729492,47.261838451579635,45.450381289163886,45.57332904519465,2532400
2020-04-13,45.69628143310547,46.335618540481775,44.212688031343795,46.2044723870002,2116600
2020-04-14,45.56514358520508,46.73726391356216,45.46678473385786,46.688082924502794,1997800
2020-04-15,42.58975601196289,44.540557909292595,41.62255189385319,44.2208893345696,3606500
2020-04-16,43.45859909057617,43.68810408096196,40.638955184511524,42.91762080840182,3334900
2020-04-17,44.72907638549805,46.15529350886772,43.950394748528375,44.85202726961937,2450700
2020-04-20,44.1963005065918,45.39301284085468,42.68812109557545,43.77007779368714,2649700
2020-04-21,42.081565856933594,43.466797417054586,41.6717337013837,42.72090301902464,2785600
2020-04-22,41.54878616333008,43.17991965007906,41.36846212651291,42.95860989297614,2179500
2020-04-23,42.20452117919922,43.753686389315135,41.63895074411011,41.77009692256512,1897700
2020-04-24,42.647132873535156,42.92581886286114,41.98320678629619,42.409432600957764,1593600
2020-04-27,44.54055404663086,44.89300991300865,43.081552728824754,43.081552728824754,3014600
2020-04-28,46.311031341552734,46.70446981667552,44.2946579840093,44.67170279848892,3392600
2020-04-29,50.29459762573242,51.286390593068056,47.401183895972586,47.401183895972586,6059600
2020-04-30,46.745460510253906,49.22084741470863,46.630707992625474,48.917572457151834,3186500
2020-05-01,45.81103515625,46.163491039462166,45.089729729354055,45.917592385929986,2367800
2020-05-04,44.48318099975586,44.99957037338079,43.409419663722986,44.95858465782669,2753900
2020-05-05,44.44220733642578,45.36023064197289,44.31106114991905,44.95859368698693,2330000
2020-05-06,44.54055404663086,44.88481151977891,43.70449616313732,44.671700197368814,1721800
2020-05-07,43.95859909057617,45.63071195493041,43.75368300715701,45.040555760887685,2703300
2020-05-08,45.17169952392578,45.43399184659421,44.52416398437573,44.90120880736521,1833700
2020-05-11,43.93400192260742,44.81924080083025,43.01597885119818,44.81924080083025,1937700
2020-05-12,42.507789611816406,44.43399939874976,42.49959121811125,44.06514985129394,1619100
2020-05-13,40.212730407714844,42.24549743200398,39.72912836098836,42.122546540196666,2630200
2020-05-14,41.179931640625,41.319273056674355,38.220943316772924,39.66355096301065,3047600
2020-05-15,41.720916748046875,42.04058534489434,40.22092948373633,40.7455141684882,4187600
2020-05-18,43.58155059814453,44.24547982609901,43.44220916394058,43.63892997744344,1965400
2020-05-19,42.8602409362793,43.75367502200381,42.335656358747606,43.376627120978526,2297300
2020-05-20,42.98318099975586,43.85202600512074,42.85203487883004,43.30285260085956,2002100
2020-05-21,42.507789611816406,43.66351610933064,42.42582130862008,42.901228086845606,2300300
2020-05-22,42.44221115112305,43.163516520506214,41.95860914946865,42.50778578778096,2026800
2020-05-26,44.33564376831055,44.69629494814572,43.63073194369388,43.96679419417726,3991500
2020-05-27,47.384803771972656,47.58152149226778,45.49137773519429,45.63071919317236,3861700
2020-05-28,45.22087097167969,47.38478701718968,45.11431688035119,47.245442481710654,2083800
2020-05-29,44.90940856933594,45.040554734665264,43.56515959301751,44.67990043493119,3461800
2020-06-01,45.556941986083984,46.237261709618664,44.991371634198224,44.991371634198224,2155000
2020-06-02,45.29465103149414,46.13890744614406,45.09793333663477,46.06513752887895,2492800
2020-06-03,46.827423095703125,47.048732835513185,45.62251555454988,46.19628119923101,2904100
2020-06-04,47.425777435302734,47.46676002541256,45.425794519522654,46.45857330020904,2883500
2020-06-05,49.81919479370117,51.532293293402155,49.09789246618475,49.09789246618475,4737400
2020-06-08,52.37655258178711,52.45851776508653,50.310998069574275,50.310998069574275,3272900
2020-06-09,49.45854187011719,51.62245502921271,49.37657669433397,51.458521550875254,2670400
2020-06-10,47.638893127441406,49.27822189560856,46.983162245528845,49.27822189560856,2521300
2020-06-11,45.135501861572266,46.387192056201634,44.77905963378909,45.73233278542459,2879800
2020-06-12,45.61628341674805,47.39020347553963,44.654719124966846,46.54469271801889,2353600
2020-06-15,46.685604095458984,47.16638776033796,44.23195803492268,44.28169209533424,3217400
2020-06-16,46.718772888183594,48.86571447084373,46.312593383513494,48.16111788717287,2340800
2020-06-17,45.914710998535156,46.9177216301337,45.74892335941185,46.63588359226493,1693700
2020-06-18,45.9395751953125,46.179967099061116,44.92827666728949,45.135510412837746,2130800
2020-06-19,44.207096099853516,47.224418381809535,44.207096099853516,46.89284318421935,9272700
2020-06-22,43.73460388183594,44.24025467619003,42.913960102585605,43.950128726381465,2868100
2020-06-23,44.84537124633789,45.3427340217469,43.95841126664743,44.38945774048111,3605400
2020-06-24,43.47762680053711,44.464057981330576,43.112893499097325,44.24024522693844,2753100
2020-06-25,43.767765045166016,44.09934029242639,42.33370795071633,43.12119679135779,3319200
2020-06-26,43.75117874145508,43.87552022917776,42.48290948007945,43.53565707982254,4731100
2020-06-29,45.00288009643555,45.82352394258817,44.0413156616477,44.1076288146662,2924000
2020-06-30,45.25984191894531,45.632863236953185,44.67129892949708,44.98629506049656,2381400
2020-07-01,45.210113525390625,46.420357809365015,44.928275512205474,45.143797210694856,2206200
2020-07-02,45.268131256103516,46.37061292799371,45.06089755005077,46.01417070061216,1689100
2020-07-06,45.80694580078125,46.36233388408439,45.259848838109974,46.10536290080849,1540000
2020-07-07,46.17996597290039,46.188257093316295,44.861959256869405,45.30129693697035,2534100
2020-07-08,44.430908203125,45.997597778992066,44.02473188363531,45.972727582395834,3267100
2020-07-09,42.8227653503418,44.42260953227651,42.16790619563591,44.298268065689626,2627800
2020-07-10,44.6132698059082,45.02773719775955,42.71500839231657,42.839349874726075,1708300
2020-07-13,45.20182800292969,45.9727378649924,44.820518632614196,44.98630627774938,1953900
2020-07-14,45.47536849975586,45.81523167763543,44.613275456600384,45.019454943400675,1429200
2020-07-15,46.61100769042969,46.93429178607532,45.84009800290444,46.42035304843702,1740100
2020-07-16,46.62758255004883,47.23270457524211,45.94785626629005,46.43692792530042,1352900
2020-07-17,46.16337966918945,46.677321541917024,45.61628280639514,46.61100523751265,1517600
2020-07-20,44.73762130737305,45.7737900190529,43.97499949126597,45.7737900190529,1712100
2020-07-21,45.17694854736328,45.93956707841119,44.77076908651528,44.87853150055829,1283100
2020-07-22,45.57483673095703,45.83180766751109,44.870243387883754,45.06918597697331,1412000
2020-07-23,46.693904876708984,47.854411850409925,46.34575057110369,47.30731493771795,2647300
2020-07-24,46.884559631347656,47.846124000121335,46.130228990000504,46.92600574440581,2397600
2020-07-27,47.2575798034668,47.62231320288215,46.2214111226475,46.519828208665196,3765100
2020-07-28,45.3095817565918,45.80694143447162,43.31184876309522,43.93354994151286,5147800
2020-07-29,44.7790641784668,46.01417542248985,44.55525137350639,45.30958201446079,5704600
2020-07-30,44.14907455444336,44.47236184486314,43.42790202503046,44.25683698458329,2506700
2020-07-31,44.538673400878906,44.59669859299688,43.29527100611801,44.25683539824767,3417000
2020-08-03,44.5138053894043,45.24326899707679,44.099337933566524,44.629855771097155,2273000
2020-08-04,44.04959487915039,44.82050449810043,43.908677480613555,44.306565806178845,1988000
2020-08-05,43.68486785888672,44.663011248996504,43.560526364735175,44.44748641408523,2426300
2020-08-06,44.497230529785156,44.721043356609954,43.46106179196813,43.519086988315,2069200
2020-08-07,44.157352447509766,44.182219476963944,43.48591419303223,44.07445707910422,1817500
2020-08-10,45.599708557128906,45.80694228712559,44.207100800716155,44.31486006357667,2002500
2020-08-11,46.204830169677734,47.555991705439105,46.08877663388276,46.31258942399836,1690100
2020-08-12,44.886817932128906,46.67731686383951,44.82879275265818,46.51152928157952,1753000
2020-08-13,45.02774429321289,45.35102840385828,44.240255492176125,44.46406829850041,1256700
2020-08-14,45.46708297729492,45.89812955193662,44.71275226220597,44.71275226220597,1118400
2020-08-17,44.62156677246094,45.55826092406691,44.35630469774748,45.34273924339833,1962800
2020-08-18,44.861961364746094,45.27642886520936,44.34802254956974,44.61328149689535,1499200
2020-08-19,44.538673400878906,45.3676083307195,44.37288578248362,44.78735324740392,1075900
2020-08-20,43.81748962402344,44.455769735241326,43.79262259440943,44.28169104153827,1251500
2020-08-21,43.56052780151367,43.916970056893554,43.0217220207349,43.75118244660175,1960500
2020-08-24,45.16865921020508,45.35102271824172,43.39473605974872,43.693153097435506,1712200
2020-08-25,44.59669494628906,45.574838336488256,44.107623251189466,45.17694998215672,1083400
2020-08-26,44.480648040771484,44.7624860423383,43.78434257584968,44.40604377088216,1562100
2020-08-27,45.55826187133789,46.105358785172065,44.82051030775772,44.82051030775772,1839300
2020-08-28,45.68259811401367,45.80693643885567,44.994580700440196,45.574835702775644,1051800
2020-08-31,44.837093353271484,45.81523688610199,44.770777036811644,45.63287017797345,1704800
2020-09-01,43.95012664794922,44.63814093730243,43.92525961403752,44.53038168226137,1676800
2020-09-02,44.704463958740234,45.00288105904649,43.734608382744916,43.87552897439443,1719600
2020-09-03,45.00288009643555,46.37891201453084,44.46407110328148,45.21011383808927,1939300
2020-09-04,44.828792572021484,45.84838192992958,44.5552425880745,45.2266808705611,1320700
2020-09-08,44.62156677246094,45.04432217621439,44.21538728387488,44.73761715144676,1728500
2020-09-09,43.93355178833008,44.90340414960574,43.91697271008573,44.54696503482767,1387700
2020-09-10,42.9388313293457,44.447492739896575,42.75646778400764,43.94184189618104,1729100
2020-09-11,43.369873046875,43.5605276914815,42.69843464985029,42.971984680461134,1517500
2020-09-14,44.62156677246094,45.2266888644125,43.55224000243041,43.85065706961434,1594800
2020-09-15,44.5220947265625,45.39247577836078,44.049602065239554,44.654724190054274,1927500
2020-09-16,44.696170806884766,45.740630610491216,44.47236115396211,44.820512313740345,2187600
2020-09-17,44.4226188659668,44.90339943604146,43.89210106638006,44.15735996617342,1799400
2020-09-18,43.256248474121094,44.7918258763277,43.14716295350966,44.12053652056531,3107100
2020-09-21,41.3262939453125,42.668872772796355,41.05777817981573,42.45070491369039,3091300
2020-09-22,41.7122802734375,41.989188926047,41.19203143633609,41.39341983832118,1791700
2020-09-23,40.95708084106445,42.618523148685846,40.8647779571477,41.81297594516518,2032200
2020-09-24,41.03261184692383,41.59481581311253,40.27740914506943,40.96548129522082,1381200
2020-09-25,41.24238204956055,41.326292022013014,40.39487660337339,40.688567908877566,1422900
2020-09-28,41.65355682373047,42.198981397191574,41.46056127337253,41.88850737182515,1692100
2020-09-29,40.99064636230469,41.8968894433737,40.72213060516431,41.56124314646807,1470700
2020-09-30,41.53607177734375,41.93884542258456,41.057777873560255,41.26755601384987,1842500
2020-10-01,41.59481430053711,41.88011273297838,41.15008561504013,41.66194484979895,1618200
2020-10-02,43.07164764404297,43.29820520999644,40.95708368714171,41.09134156372463,1653600
2020-10-05,43.38212203979492,44.011456489499025,42.91221783167006,43.42407702958309,1726000
2020-10-06,42.97934341430664,44.26318451918133,42.828302907737836,43.78489064870016,1750300
2020-10-07,43.75971603393555,44.06179383048443,43.20590193882257,43.39050450322023,1518300
2020-10-08,44.59883499145508,44.649179697735285,44.04502081564953,44.24640604269129,1941100
2020-10-09,44.02824020385742,45.10230333334884,43.95271994000502,44.90930781482839,2161100
2020-10-12,44.85057067871094,45.16943437413123,44.33032174478569,44.64918223924533,2570600
2020-10-13,44.355491638183594,45.21977657414508,44.22962347038161,44.94287108632538,2054700
2020-10-14,44.62400436401367,44.94286801998574,44.07857994203199,44.07857994203199,2147000
2020-10-15,44.2967529296875,44.498138152090945,42.744392768938965,43.726156131277065,1850400
2020-10-16,44.03662872314453,44.3974473960682,43.365339285482065,44.24640687247408,1748300
2020-10-19,42.66048049926758,44.14571003871474,42.50943999010615,44.11214476979882,1563700
2020-10-20,42.92060852050781,43.2646445404352,42.643699840562164,43.172341647119985,1464600
2020-10-21,43.21430206298828,43.768116291485235,42.42553731360194,43.03808917232124,2136400
2020-10-22,43.28143310546875,43.63385889081801,42.56818541456158,43.4660357164304,2141000
2020-10-23,44.23802185058594,44.28836656315415,43.48281915245404,43.82685522583394,2293900
2020-10-26,42.99612808227539,43.91076088155696,42.68565413688674,43.885585328631194,2665200
2020-10-27,40.965476989746094,44.47296792356853,40.68017857691497,44.47296792356853,6550400
2020-10-28,38.67469787597656,40.78086898539571,38.56561234730948,40.36131270694119,3626600
2020-10-29,38.43136215209961,38.926438787724344,37.340516250152525,38.372624517445914,4168400
2020-10-30,39.60612106323242,39.773944247590045,38.339059062245305,38.38940697784089,3068200
2020-11-02,40.88156509399414,41.2927284573296,39.992104624861284,40.24383775357122,2848500
2020-11-03,41.997596740722656,42.7527995724124,41.359872394710216,41.61999532487779,3219500
2020-11-04,40.143150329589844,41.762638041540335,39.95854451756622,41.762638041540335,3756100
2020-11-05,41.38502883911133,41.93884296903773,40.3109658479717,40.57948159575661,2040700
2020-11-06,40.579490661621094,41.67872624939573,40.3193645724196,41.317910733480126,2120800
2020-11-09,46.562355041503906,47.753893280839996,44.019841934805235,44.10375510719806,6214800
2020-11-10,47.82941436767578,48.181840094976664,46.66304845928435,47.14134234688429,5467900
2020-11-11,48.02240753173828,48.49231167959114,47.2672082095349,47.96366991337669,4448300
2020-11-12,47.18329620361328,48.02240871628852,46.79730521601312,47.3679019807091,5381700
2020-11-13,48.97060775756836,49.01256274387169,47.535726099656614,47.602853437549896,2410100
2020-11-16,51.924285888671875,51.99141322868755,50.3047983986691,50.96769808648585,3680200
2020-11-17,51.89072036743164,52.28510429135918,50.950915205031066,51.185865695391115,2070800
2020-11-18,50.095027923583984,51.798425649448795,50.078245285772404,51.69773302354016,2971700
2020-11-19,49.83489990234375,49.96076808055891,48.7692264499272,49.759379635606805,1684600
2020-11-20,50.053062438964844,50.19571002902463,49.37338015437357,49.56637564731574,1693600
2020-11-23,51.269779205322266,51.58025317580294,50.01950320860155,50.57331740332199,1679700
2020-11-24,54.072418212890625,54.643015039291924,52.024981411935194,52.167629018055244,4414700
2020-11-25,53.84585189819336,54.16471877094347,53.15777984919903,53.22491039103283,2841500
2020-11-27,52.86409378051758,53.92976396527956,52.8473111444085,53.401125332165975,1525600
2020-11-30,52.86409378051758,53.661251390415906,52.49488538899944,52.86409378051758,4237900
2020-12-01,53.174560546875,54.391274365109645,52.738221643737596,53.610899450012404,2243100
2020-12-02,53.42629623413086,53.86263835918941,52.98996051099321,53.216518089908334,2093000
2020-12-03,54.5926628112793,54.94509496295436,53.57733735017579,53.88781131177113,2173600
2020-12-04,54.5339241027832,55.213609637428206,54.32414596039468,54.794053352651154,1997200
2020-12-07,53.9549446105957,54.44162507000176,53.70320826110326,54.18150220360186,2142400
2020-12-08,54.24863052368164,54.29058231226088,53.434690282576156,53.51021054413193,1593000
2020-12-09,54.005287170410156,54.73531743334728,53.74516431436269,54.42484346825242,1749500
2020-12-10,53.669647216796875,54.02207301231987,53.19974615609954,53.6025198656805,1516300
2020-12-11,54.19826889038086,54.760479085076824,53.308811761396484,53.32559439414561,1488900
2020-12-14,53.35077667236328,54.525535505283784,53.342383754450246,54.39127442635773,2026300
2020-12-15,53.98849868774414,54.24023501488172,53.09904142852063,54.09758741706676,1678400
2020-12-16,54.32415008544922,54.5255417268177,53.568950636081404,53.73677380292781,1832300
2020-12-17,53.12422180175781,54.83600913564911,52.97318127215554,54.61783805912998,1918800
2020-12-18,52.242488861083984,53.31074021953867,51.92879743926215,52.929221877233424,3142700
2020-12-21,51.326847076416016,51.632061744329775,50.063598197365316,51.53880134755996,2379300
2020-12-22,50.69097900390625,51.77618372464264,50.419677823722154,51.49640579752506,2542100
2020-12-23,51.95423889160156,52.57314508226094,50.775773457731916,50.80968692317886,1668400
2020-12-24,51.971187591552734,52.081404720136874,51.513365581279125,51.996624303789424,346000
2020-12-28,52.886837005615234,53.59052358872618,52.1746704395054,52.39510148498815,1277800
2020-12-29,52.607051849365234,53.10726408143544,52.30183716753722,52.954656740521436,803400
2020-12-30,52.47139358520508,53.115736316002,52.32726624767944,52.64943437891271,666300
2020-12-31,52.87834930419922,53.01399990488812,52.02205549375657,52.318790172086835,978700
2021-01-04,51.61510467529297,53.022480897071986,51.18271615386856,52.759656438281354,1572200
2021-01-05,52.462921142578125,53.030957026487656,51.428583283321416,51.428583283321416,1660700
2021-01-06,56.778316497802734,57.33787246240966,53.33617764828203,53.33617764828203,3442500
2021-01-07,54.2348518371582,57.278511611521715,54.1246347270541,56.71047580207176,2758400
2021-01-08,53.91269302368164,54.76898692732362,52.9885721952302,54.311164887357045,2213500
2021-01-11,54.00595474243164,54.81986168912257,53.17509429829157,53.539655942599516,1273700
2021-01-12,54.20094680786133,54.68420229029816,53.72616807328938,54.18399007796602,1431900
2021-01-13,53.361602783203125,54.438330801003126,52.98008770646839,54.03137901409818,1755300
2021-01-14,53.74312973022461,53.92965054200721,53.03944316296759,53.62443584424144,1774600
2021-01-15,53.51421356201172,53.675300878215424,52.64096299837679,53.59051722911728,1370900
2021-01-19,53.497257232666016,54.26029390943364,53.3700866093151,53.75160494769892,1391400
2021-01-20,53.30226135253906,53.91269071299833,53.07335034236684,53.77704010335912,1456600
2021-01-21,53.505733489990234,54.06529260261167,52.963131106134945,53.25138902682873,1535300
2021-01-22,53.047916412353516,53.454868237808405,52.38662010026002,53.047916412353516,1761900
2021-01-25,54.18399429321289,54.24334123538059,52.10684161484602,52.361186114731275,1443100
2021-01-26,55.591373443603516,55.82028124111886,53.86182558256662,54.60790885693463,1993100
2021-01-27,56.43917465209961,58.075461640259086,54.684193807251255,55.36244996118485,3680300
2021-01-28,54.675724029541016,56.80374680299492,54.658770533277526,56.405271723324496,2456400
2021-01-29,52.886837005615234,55.0996371459394,52.776619865790906,54.675728552639875,2105200
2021-02-01,53.29377746582031,53.48877498892191,52.34422332553617,52.886825691412824,2042800
2021-02-02,53.141178131103516,54.38747035098204,53.12422140035131,53.887258113371985,2010500
2021-02-03,54.4044189453125,54.70115362132374,52.81900195574524,52.988566013822556,1550400
2021-02-04,54.98941421508789,55.540496589596685,54.11616369114708,54.404418382481396,1628300
2021-02-05,55.854190826416016,56.12549205234586,55.13354755144596,55.175940995757145,1259100
2021-02-08,56.59178924560547,56.659616163392876,55.727018682974176,56.066140335249415,1070300
2021-02-09,56.58331298828125,56.87157417368649,56.02375705053075,56.87157417368649,1150300
2021-02-10,55.16745376586914,56.81222087043186,54.44681058557012,56.65961354662366,3132600
2021-02-11,55.9728889465332,55.98984891287439,54.056823489056164,55.16746519028874,1566900
2021-02-12,56.16789245605469,56.34593330122495,55.63376992054389,55.896591196509675,1060700
2021-02-16,55.87113952636719,56.3120015039894,55.108102960934374,56.24417459409978,2213800
2021-02-17,56.88852310180664,57.34634508774636,55.38788976039102,55.548970602390156,2346700
2021-02-18,56.60026550292969,58.0754652919129,56.35439779337741,57.693950224042744,2931100
2021-02-19,57.35481643676758,57.53285721533594,55.98135068567328,56.837647593546684,2055500
2021-02-22,59.83893585205078,61.02588115279432,57.43961177105936,57.50743869529191,2597900
2021-02-23,59.94066619873047,60.37305472953634,58.965681711387276,60.152620473080056,1714300
2021-02-24,60.0932731628418,60.432401293367164,59.330242954573585,59.73719153653916,1363700
2021-02-25,58.5587158203125,60.50869737075154,58.40610851229266,60.07630891997368,2457900
2021-02-26,58.270477294921875,59.30480881522037,57.744828317722266,58.77916630635248,1812500
2021-03-01,60.23740005493164,60.67826204606758,58.73676035219302,58.87241417613045,1359800
2021-03-02,60.737613677978516,61.102175272614055,59.80501620538296,59.889796617740586,1237300
2021-03-03,62.026302337646484,62.65368518250484,60.90717755249692,61.102178332181474,1753100
2021-03-04,61.07675552368164,62.69608310917287,60.279805238065265,61.966959756020074,2047600
2021-03-05,63.170860290527344,63.41672805047463,61.11066427142729,61.695653730843595,1633400
2021-03-08,65.51081085205078,65.95167927466515,63.66256969954391,63.98474427029975,1976000
2021-03-09,64.5611343383789,65.58781943887496,64.09912702227516,65.13436309953121,2172100
2021-03-10,65.51081848144531,66.1781602425779,64.60391880887676,65.15148161429138,1840700
2021-03-11,65.31404876708984,65.99850568145828,64.8691563419758,65.25415927664248,1761100
2021-03-12,66.54605865478516,66.68295262818215,65.69049090344575,65.93860633462985,1348500
2021-03-15,65.58783721923828,66.62307357713902,65.10871476480173,66.26373010444537,1747300
2021-03-16,65.69903564453125,65.82737208779153,64.77502108601243,65.20280487857158,1682100
2021-03-17,65.82737731933594,66.37494009513148,64.83491570854203,66.0412692326143,1647600
2021-03-18,66.09259796142578,66.63160320656438,65.57925870022767,65.93859553032006,1705100
2021-03-19,65.39103698730469,66.20382365919123,65.04025111098815,65.68192686062382,6519400
2021-03-22,66.00706481933594,66.40918277690605,64.81782596001348,65.5621658557611,1599900
2021-03-23,64.56970977783203,65.54505665136982,64.3814837974186,65.25416017414952,1679700
2021-03-24,64.07345581054688,65.61348007193838,63.93656839145799,65.17713877663368,1789300
2021-03-25,65.27127075195312,65.69049716236296,63.59435858284923,63.868140028264875,1772500
2021-03-26,64.61248779296875,65.81884171849488,63.92803735918256,65.43383875745673,2997600
2021-03-29,64.15047454833984,64.98036980581372,62.90989735991459,64.51836895215366,1828600
2021-03-30,64.55259704589844,64.94616403383412,63.91092110497514,64.37292856573575,1620600
2021-03-31,63.44035720825195,64.92048592929486,63.38901869871738,64.57826401220922,1902200
2021-04-01,64.94615936279297,64.94615936279297,63.36335360038146,63.69702454346616,1961500
2021-04-05,65.1343765258789,65.91294638409731,64.92904207443875,65.51938596572678,1560200
2021-04-06,66.37496948242188,66.39207797097507,64.99750442884425,65.1087259231052,2397700
2021-04-07,66.42626190185547,66.62304530404614,65.67336483220082,66.39203841767178,1324100
2021-04-08,66.09259796142578,66.56316275854405,65.57925870022767,65.98992749820101,1684600
2021-04-09,66.44339752197266,66.8626239102305,65.97283262778025,66.32361202643479,1470500
2021-04-12,67.82940673828125,67.93207721296532,66.56317018782887,66.82839408809993,1826400
2021-04-13,67.23905944824219,67.98340566434399,66.67438818539443,67.35884492623263,2462800
2021-04-14,67.26473999023438,68.34275067365587,66.76850912026727,67.49574041454926,1906700
2021-04-15,67.96629333496094,69.13841678839246,67.68395445579134,67.70106293598515,2254000
2021-04-16,68.1459732055664,68.57375708441182,67.76952130339397,68.54809109607532,1642700
2021-04-19,67.85506439208984,68.4539656296697,67.82084090473133,68.14596077090583,2848500
2021-04-20,67.47008514404297,69.29244242190767,66.97385419524656,68.4454320282483,2992000
2021-04-21,68.9502182006836,69.08711220635018,66.95674983102117,67.0508628280506,2451300
2021-04-22,68.99298858642578,69.33521702043367,68.0347502766966,68.71064963880944,3070000
2021-04-23,69.49777221679688,69.76299613437132,68.84753888963654,69.33521225314078,2215200
2021-04-26,69.07853698730469,70.02821769385459,68.81331307866124,69.81432576044179,1608200
2021-04-27,69.51487731933594,69.61754779572527,68.26574923018566,68.64220111614954,1880500
2021-04-28,69.60041809082031,70.45598563103313,69.46353067866666,69.89986542440234,1469500
2021-04-29,70.90945434570312,71.21745926474404,69.96833110528439,70.20788903621307,1468600
2021-04-30,70.37901306152344,70.6870180092516,70.03678461655161,70.62712852094138,1751300
2021-05-03,71.465576171875,71.97036456026147,70.73834485874185,71.1575712464951,1860000
2021-05-04,71.4826889038086,72.06447524125808,71.02923250828886,71.49979738691123,1360400
2021-05-05,71.15758514404297,71.72226312667955,70.49880069176577,71.39714312668923,1925200
2021-05-06,72.1243667602539,72.38959068435118,71.11479651462228,71.6024698901202,1521200
2021-05-07,72.68904113769531,73.0569355610588,71.525468381358,71.84203082435685,1593500
2021-05-10,72.55213165283203,73.90392343590064,72.48368468148458,72.80879800419127,1406100
2021-05-11,71.6452407836914,72.89436890190777,71.20034843057944,72.32114008218878,1684400
2021-05-12,70.27632141113281,72.06446107082198,69.95120807639965,71.69656674554851,1339500
2021-05-13,71.38002014160156,71.82491251508682,70.19078144968029,70.27633692218159,2441200
2021-05-14,71.55970764160156,71.86771264656984,70.90947412806119,71.68804414824932,2164800
2021-05-17,71.10624694824219,72.09870229363331,70.97791046089496,71.7735888494899,1358700
2021-05-18,70.86668395996094,71.59391530005979,70.83246046393148,71.36291486119148,1820400
2021-05-19,70.29345703125,70.48167647341798,69.0871032408582,70.24211852205454,2158000
2021-05-20,70.68701171875,71.02923360580252,70.20788932744112,70.5244517531752,1683500
2021-05-21,70.9179916381836,71.5596672820524,70.30198197567559,70.74688074413679,1535900
2021-05-24,71.18323516845703,71.55968707242525,70.69556180534546,71.32012914352329,1635000
2021-05-25,70.14800262451172,71.77358276229124,69.95122568440442,71.4655778297661,2135900
2021-05-26,70.04534149169922,70.67845986634137,69.80577701315188,70.26778443058197,1941400
2021-05-27,70.68701171875,71.01212512243552,70.19078084407413,70.66133920250338,3344500
2021-05-28,70.36188507080078,70.99500986183034,69.78009877989955,70.72977943898043,2540800
2021-06-01,71.02923583984375,71.60247122636093,70.3618940006521,71.2859087906702,2278800
2021-06-02,70.71268463134766,71.4484735099905,70.30200918822374,71.03779806686659,1734100
2021-06-03,70.26779174804688,70.5073562515417,69.78011828899668,70.30201524854614,2504900
2021-06-04,70.84101867675781,70.96079765032404,70.03678283070074,70.45600923818253,1294800
2021-06-07,70.82389831542969,71.35435267791749,70.61000637486487,71.2944631956579,1878300
2021-06-08,71.59391021728516,71.78213616835197,70.1736646064821,70.66989547248298,1168400
2021-06-09,71.465576171875,72.0131390331139,71.3714631931498,71.53402316139591,1496300
2021-06-10,71.56910705566406,72.50956050347318,71.50871144581414,71.94011053977867,1080400
2021-06-11,72.31110382080078,72.32836346839558,71.75891358505041,71.90558767647198,1297400
2021-06-14,71.24125671386719,72.57859673718897,70.61141104660905,72.22484626784278,1304000
2021-06-15,71.76754760742188,72.22482955603347,71.39654415395124,71.39654415395124,1249900
2021-06-16,71.3102798461914,72.11268251763434,71.01692500519569,71.83658732867701,1046800
2021-06-17,69.73136138916016,71.54323658179271,69.14465825622278,71.33616682388215,1179900
2021-06-18,66.97905731201172,69.032522326681,66.88414893321786,68.91173104142179,2647500
2021-06-21,68.85993194580078,68.98072318422385,67.44494322487722,67.44494322487722,1405300
2021-06-22,68.26459503173828,69.00660200032668,67.9108446148548,68.99797217530744,1225400
2021-06-23,68.2042007446289,68.6183401967957,67.9885011933589,68.35087485966181,1012600
2021-06-24,68.67875671386719,68.80817780055095,68.09205349251341,68.47168692475113,1020700
2021-06-25,69.2309341430664,69.29995958729032,68.50618672660143,68.66149068479088,1233300
2021-06-28,67.76416778564453,69.29131762143052,67.57435113859856,69.16190316446965,1384000
2021-06-29,68.092041015625,68.6701143032416,67.72103747918192,68.07478794578917,957300
2021-06-30,69.01522827148438,69.15327914733962,67.79868619549342,67.86771163342104,1001300
2021-07-01,69.88665771484375,70.27491429131938,69.32583754011257,69.56741999504214,891800
2021-07-02,69.79175567626953,70.41297152076315,69.51566047678668,70.0505978056848,870800
2021-07-06,68.05752563476562,69.73998622238527,67.53984798573975,69.46389103739624,1436100
2021-07-07,68.45442199707031,68.73052380480082,67.49672182768008,67.53985779816591,1003800
2021-07-08,67.56573486328125,68.03164674965501,66.9358957710079,67.48808617353338,1330600
2021-07-09,69.06700897216797,69.10151511266587,68.17832116256872,68.41991022445607,1520800
2021-07-12,68.7046127319336,68.93757191333806,67.83319136000124,68.36812198779589,1307000
2021-07-13,67.2033462524414,68.82540437755519,67.13432082176574,68.65284738349341,1061500
2021-07-14,68.01439666748047,68.41991295210028,67.41043386262766,67.54848476063829,1477500
2021-07-15,67.75555419921875,68.41128279635787,67.28964229461693,67.33278484569507,1375000
2021-07-16,66.82372283935547,68.15243295435165,66.74607415534352,68.04890137566906,1354500
2021-07-19,65.88326263427734,66.39231034737074,65.2361640672167,65.47774647903236,3054500
2021-07-20,63.044673919677734,66.91001334730258,62.483853686784926,66.91001334730258,4855600
2021-07-21,63.588218688964844,64.89967551512028,63.16544945411149,63.25172794942053,3571300
2021-07-22,62.121463775634766,63.97648102434929,61.491618260442515,63.95059813432979,2713600
2021-07-23,62.38032531738281,62.67367360602884,61.44850148998503,62.35443583665296,1657900
2021-07-26,63.21723556518555,63.389799193926656,62.432092447958965,62.46660517370719,2511000
2021-07-27,63.38978958129883,63.45881502232803,62.13010490434348,62.65641237259153,1106200
2021-07-28,62.8289680480957,63.64000050626314,62.2163820829837,63.46743690738272,1004400
2021-07-29,63.182701110839844,64.06275218387893,63.14818840055626,63.441536564027146,1191800
2021-07-30,62.8289680480957,63.872953136466435,62.630521555040275,63.122322874878314,1915100
2021-08-02,63.001529693603516,64.35612277686421,62.880738456825775,63.17409330516365,1004400
2021-08-03,62.87211608886719,63.19997708145465,61.84538397932794,63.19997708145465,2304100
2021-08-04,61.70732879638672,63.01878584078177,61.60379721783808,62.44933582825089,1427600
2021-08-05,63.48469161987305,63.56234029635748,62.10421584936314,62.10421584936314,2052800
2021-08-06,63.91609191894531,64.48553530515561,63.467433170898076,64.01962348955018,1316800
2021-08-09,63.268985748291016,63.83842906678388,62.820327053597666,63.639989191637525,1124600
2021-08-10,64.5890884399414,64.9946047392116,63.39842902341498,63.40705226788033,899500
2021-08-11,65.7883529663086,65.98679941915296,64.26982651699991,64.52003874770503,1200100
2021-08-12,65.68482971191406,66.06446305592155,64.63222135534232,66.06446305592155,1157900
2021-08-13,65.09813690185547,66.00407785845465,64.97734565199283,65.6675870077474,720500
2021-08-16,65.37419891357422,65.62441111334654,64.20079973715647,64.74436008537671,1148300
2021-08-17,64.44239807128906,65.41735764343997,63.92471389798501,64.93419276982574,1271600
2021-08-18,62.94975662231445,64.2698368306169,62.92387372923055,64.25258376277027,1534400
2021-08-19,61.36221694946289,62.552876223698725,61.198283167401016,62.363059546075206,1745900
2021-08-20,61.810855865478516,61.84536857967746,60.68921569320773,61.25866560354965,2275000
2021-08-23,62.64779281616211,62.86349241776503,62.00069401135335,62.26815941089956,1039800
2021-08-24,62.63051223754883,63.23447486983694,62.46658507128502,62.88935430604762,954900
2021-08-25,62.60465621948242,63.00154273427912,61.62969629721858,62.50974785913647,1095300
2021-08-26,61.91441345214844,62.60464820501251,61.69871385763543,62.60464820501251,962600
2021-08-27,63.14820861816406,63.243116956173296,61.94028970201529,62.01793838804365,1305200
2021-08-30,62.2336311340332,63.476062635253555,62.199118416485106,63.46743281020958,1189200
2021-08-31,63.174095153808594,63.251743844311335,62.13873320203642,62.13873320203642,1788400
2021-09-01,63.32076644897461,63.59686164052963,62.78582913543676,63.50195330131116,1022800
2021-09-02,64.14041137695312,64.19218374219278,63.303502700004074,63.66587634354418,1177400
2021-09-03,63.622737884521484,64.21807075326352,63.19133878140474,64.140415491736,1063700
2021-09-07,63.05329895019531,64.07140116885115,62.94113096257112,63.605489314622716,1009600
2021-09-08,62.7685661315918,63.63999411621078,62.71680034843955,63.06191434629127,985700
2021-09-09,62.22500991821289,63.09643137982931,62.009310363483046,62.54424104633114,1237400
2021-09-10,61.83675765991211,62.57013495861973,61.79362169094647,62.54425206071451,1089900
2021-09-13,62.5615119934082,62.87211993491439,62.069717183128276,62.423461093792476,1155500
2021-09-14,62.51835632324219,62.99289796281052,62.00930854863963,62.72542604658663,1378900
2021-09-15,63.77803421020508,63.90745524221354,62.31990989194943,62.46658398966635,1519100
2021-09-16,63.24311828613281,64.25259072150119,63.096437571724884,63.94198280559882,1095900
2021-09-17,63.061920166015625,63.8039271786032,62.75131885581048,63.13957543053804,2135700
2021-09-20,62.2691764831543,63.05319825346821,61.77262626035817,62.38242244755343,1698400
2021-09-21,61.72037124633789,63.410387809233534,61.67681816101205,63.000950258735564,2051900
2021-09-22,63.10548400878906,63.60203433201467,62.01655727835734,62.234342624443684,2571600
2021-09-23,64.60385131835938,64.68225085645504,63.73270989268321,63.758843072048435,2041000
2021-09-24,65.10039520263672,65.49240614676347,64.44703919823816,64.62997808191604,1375600
2021-09-27,66.02379608154297,66.3722539105166,65.50981928839379,65.50981928839379,1214300
2021-09-28,64.38607025146484,66.6074770471645,64.18570478584667,66.11963994309531,1797000
2021-09-29,64.07243347167969,64.85645518024214,63.89820125600402,64.5167106675239,1305200
2021-09-30,63.122901916503906,64.29023479068817,63.05320901285208,64.29023479068817,1453800
2021-10-01,64.57769775390625,65.32687975230296,63.22743281914397,63.375525234894894,1209300
2021-10-04,64.37733459472656,65.30074211962744,64.2553753611087,64.28150853312971,1465500
2021-10-05,65.81473541259766,66.04994066617695,64.36863749873226,65.08297318070827,1393000
2021-10-06,65.54467010498047,65.66662935630873,64.64739562180222,65.0481198256352,1707100
2021-10-07,65.73632049560547,66.30256365948328,65.52724844839601,65.90183946638159,2085500
2021-10-08,65.52725982666016,66.52907380651133,65.42272046176276,66.05865663389561,836700
2021-10-11,65.5708236694336,65.9367081834675,65.12654624985701,65.68407632822522,1133700
2021-10-12,64.26407623291016,65.71017365385579,63.99402461783587,65.51852154782404,1560200
2021-10-13,64.71709442138672,64.9174532184284,63.73270704698741,64.10729146287242,1291200
2021-10-14,66.62488555908203,66.68586518057954,65.29203386701309,65.38785993597779,1658300
2021-10-15,66.70329284667969,67.63541382453235,66.55520041241363,67.05175071563829,1502300
2021-10-18,66.56391143798828,67.41762620949882,65.91926207599612,66.23287348283533,2101900
2021-10-19,66.61618041992188,67.08659754874957,66.13705001659338,66.85138566119518,1929500
2021-10-20,65.10039520263672,65.23106108649165,62.06010714351309,64.02888843105944,4816500
2021-10-21,63.061920166015625,65.23106021053174,62.42599071885798,65.23106021053174,2483600
2021-10-22,61.81617736816406,63.44521376829225,61.32834043391381,63.157735583632025,2539500
2021-10-25,61.13669967651367,61.87716848830995,60.60530292593823,61.67680970147193,2066100
2021-10-26,61.88587951660156,62.2169108220435,61.101851007627744,61.32834960939368,1691400
2021-10-27,60.12617492675781,61.92073068316489,60.1087550235785,61.91201740843461,1300800
2021-10-28,60.12617492675781,60.55303898688545,59.68189760973213,60.195867832037585,1584300
2021-10-29,59.307308197021484,60.2481425055554,59.054676393084705,60.22200268063936,1714400
2021-11-01,60.07392120361328,60.47464552381657,59.74288980334517,59.82128935356025,1249600
2021-11-02,59.124359130859375,59.99550038234307,58.37517712288097,59.847401318417816,2175800
2021-11-03,59.237606048583984,59.70802312946463,57.86991452772525,58.92399466133023,3424100
2021-11-04,58.915283203125,59.55993254472209,58.35775330777875,59.30730077241198,1255000
2021-11-05,59.93452072143555,60.14359276069656,59.44667710145278,59.742868582829495,1367700
2021-11-08,60.12617492675781,60.41365317632591,59.446685715983236,60.28298064049666,1525900
2021-11-09,60.100040435791016,60.27427269518383,59.37699815972445,59.969367902816686,1143600
2021-11-10,60.27427291870117,61.65938449303468,60.08262075579892,60.126173836097806,887600
2021-11-11,60.631439208984375,60.92763073664552,59.69931819069888,60.13488888422073,1550800
2021-11-12,60.04776382446289,60.82307896905767,59.51636715507366,60.79694579618278,1202800
2021-11-15,60.134883880615234,60.8927792169428,59.8996786500478,60.10875070458338,1140300
2021-11-16,59.28987121582031,60.14359256327763,59.24631814118572,60.1348792898386,1179000
2021-11-17,60.230712890625,60.518191133539354,59.29859190449635,59.29859190449635,1738200
2021-11-18,58.9849739074707,60.34395214604037,58.42744403286365,60.15230665174699,1680000
2021-11-19,58.47099685668945,58.889140890177146,57.86990733148637,58.58424281445079,1558800
2021-11-22,59.32472229003906,59.472814718650916,58.375181445818725,58.65394640108606,1451700
2021-11-23,60.20457458496094,60.54431915354457,59.0546683575362,59.0546683575362,1571700
2021-11-24,60.05649185180664,60.54432892206641,59.49024859737991,60.10875821039687,1770100
2021-11-26,59.01983642578125,59.04596960728789,57.28626670759185,58.21838784359423,1539800
2021-11-29,58.77590560913086,59.50766112379839,58.357754853405986,59.37699524352261,2081700
2021-11-30,58.63652038574219,59.01111142087581,57.58244018136174,58.279355899004095,5213000
2021-12-01,57.991878509521484,60.17844512526738,57.983165235197134,59.71674128029096,2497300
2021-12-02,60.187156677246094,60.796959650500916,58.21838188085705,58.30549469238446,2633000
2021-12-03,60.14359664916992,61.42417543421267,59.89967814654859,60.38751515179126,2654100
2021-12-06,60.666282653808594,61.93814821827162,60.63143620250099,61.241239130962555,2151900
2021-12-07,60.87535095214844,61.328348144862666,60.75339170325167,61.11056282236407,2033000
2021-12-08,60.96248245239258,61.99042964369504,60.95376917681118,60.99732226215437,2135800
2021-12-09,60.79697036743164,61.6419787453917,60.32655312672349,60.46593896676264,1557600
2021-12-10,61.77263259887695,61.99912455091565,61.093136803918895,61.2063894262189,2308800
2021-12-13,62.06882095336914,62.48697172415549,60.93633454412859,61.546137474596975,2338100
2021-12-14,62.817996978759766,63.05320219530203,61.589684608260185,61.83360974466748,3684400
2021-12-15,63.21002960205078,63.34941544216473,62.225642029806075,62.98353758128963,2831900
2021-12-16,64.19440460205078,64.7170880534317,63.602028251477556,63.854660026339154,2657200
2021-12-17,63.61946105957031,64.35122335698024,63.201316872149235,64.20312425458167,4007500
2021-12-20,61.97464370727539,63.03013415735296,61.63161115641572,62.7310761811203,2033500
2021-12-21,63.540279388427734,63.6986026168204,62.203332901357726,62.40563070338059,1811300
2021-12-22,62.95097732543945,63.76897967800906,62.78385647268349,63.505105353721,2349100
2021-12-23,63.496307373046875,63.768972556585815,62.82783074727822,63.2852052529502,1324200
2021-12-27,64.16478729248047,64.16478729248047,63.10050576914649,63.39076619658388,958900
2021-12-28,64.67493438720703,64.82446003123002,63.80415990134104,63.92729945648966,944200
2021-12-29,64.68374633789062,65.09714638357978,64.40228347644754,64.79808831858178,1195300
2021-12-30,64.87725067138672,65.501746160076,64.8156808826597,64.99159264742154,865300
2021-12-31,64.44625854492188,65.09714686923063,64.27914437352715,64.73651901030789,1141400
2022-01-03,64.9915771484375,65.32581210601917,64.49901895608514,64.77168413962276,1531500
2022-01-04,66.42529296875,67.10256735512411,65.4577648416764,65.54572072402787,1735100
2022-01-05,66.64517974853516,67.65668907675027,66.44288190925396,66.89146559075168,2861000
2022-01-06,68.41311645507812,68.48348383320183,67.0321885347625,67.1025559128862,2720200
2022-01-07,68.94966125488281,69.6972962505983,68.5626473561394,68.60662864848862,2094500
2022-01-10,68.3955307006836,69.48619826280182,67.93814943519341,69.06400068778034,1941400
2022-01-11,68.18443298339844,69.16075864781418,67.5071653520756,68.53626320031817,2249400
2022-01-12,67.72704315185547,68.50106408634578,67.11134544380657,68.1492406592331,2483800
2022-01-13,69.38943481445312,69.78523953175994,67.51594886294475,67.82379772202803,1861100
2022-01-14,70.0139389038086,70.07550868333945,68.26359227662911,68.89688527214801,1685900
2022-01-18,69.38943481445312,70.20743704607546,68.99363009714632,69.75006255695199,2049600
2022-01-19,67.70066833496094,69.40704042501791,67.67428224459557,69.33667304364172,1619500
2022-01-20,66.44287109375,68.39552204883923,66.3285291471428,67.67427326197404,1424800
2022-01-21,66.49565887451172,67.43680088693145,65.62488425064386,66.22299363212765,1652000
2022-01-24,66.50444030761719,66.7067381122681,64.96518928792607,65.50172875163798,1666100
2022-01-25,66.39012145996094,66.81231241431061,64.49903963571656,65.677663319764,1617400
2022-01-26,66.50444030761719,67.19930300177855,65.80078001437478,66.83867525607629,1599300
2022-01-27,64.46383666992188,67.48076908482909,64.12080410556644,66.97061568275096,1977700
2022-01-28,65.64247131347656,65.66006651553326,63.73380123713182,64.24395472712176,1212300
2022-01-31,66.28455352783203,66.50444655128938,65.08833494337584,65.08833494337584,2155900
2022-02-01,67.19930267333984,67.39280958856583,66.15260983767301,66.43407261147395,1336200
2022-02-02,67.86779022216797,68.25479740442809,66.87386939924292,66.95303438214806,1342900
2022-02-03,68.3251724243164,68.75616094643371,67.41921408348456,68.18443764368823,2093400
2022-02-04,67.49836730957031,68.49228816916022,67.38402534182595,68.21082533958679,1773300
2022-02-07,68.08769226074219,68.43951579829015,67.34884806856306,67.70067831671484,2075900
2022-02-08,69.41584014892578,69.84683538175331,68.3867422300918,68.62422378420591,2904600
2022-02-09,79.26704406738281,79.58369057620801,76.02142070722604,78.54579517741497,5883400
2022-02-10,75.9510498046875,80.57760094864997,75.65199851054902,79.77718711327473,3863600
2022-02-11,74.58770751953125,76.22371195960628,74.09514264137204,75.7135585942922,2130300
2022-02-14,74.53495788574219,74.96595316208713,73.48827136894364,74.79003466849602,1829000
2022-02-15,76.01262664794922,76.43482424958567,75.22101033900788,75.37933360079614,1618000
2022-02-16,75.94225311279297,76.58434370877218,74.89556686018949,75.18582726839664,1682800
2022-02-17,74.28866577148438,75.3177636150576,73.8664748815789,75.08907967911013,1491400
2022-02-18,73.98961639404297,75.46729796873694,73.78731183397149,74.24469313908814,1594400
2022-02-22,73.9720230102539,74.7372532641992,73.50585080325179,73.6993577670497,1513500
2022-02-23,72.82858276367188,74.39422024723842,72.68784798687314,74.24469457984242,1699700
2022-02-24,72.23926544189453,72.45915850124469,70.71760922912951,71.28933252556062,2037900
2022-02-25,74.11273956298828,74.6580699152965,72.27443056956358,72.27443056956358,1739500
2022-02-28,73.78731536865234,74.57893173419603,72.4855521991838,72.78460354249825,2138900
2022-03-01,71.79949188232422,73.47947837071148,71.50044049038783,73.25078767001585,1518400
2022-03-02,73.64656829833984,74.07755670982132,72.51191958555631,72.51191958555631,1514700
2022-03-03,73.18919372558594,73.91924018002688,72.34480531382155,73.52342870817938,1728600
2022-03-04,70.12826538085938,72.36237193718416,69.82920746734625,71.89619993817307,3482100
2022-03-07,66.05587768554688,70.09311798913546,65.96792179860287,69.77647142765385,2778500
2022-03-08,65.87116241455078,67.55114856042574,64.38468322899686,66.51325308192482,2681100
2022-03-09,68.2684097290039,68.82776609479775,66.97211870944423,67.89550548514134,1921900
2022-03-10,68.31278991699219,68.85439171348183,67.14080058788225,67.2207057182246,2523200
2022-03-11,67.70015716552734,69.13851048424458,67.62025203477958,69.13851048424458,1780000
2022-03-14,70.63014221191406,70.77219805239767,67.3094997264116,67.53146748097585,3129500
2022-03-15,71.67782592773438,71.83764297226347,70.337138874958,70.75443931200162,2154400
2022-03-16,74.63444519042969,74.65220640646493,71.91756169408505,72.04186311065511,3049500
2022-03-17,75.23819732666016,75.89522683717534,73.65778780607872,73.65778780607872,2060800
2022-03-18,74.77649688720703,75.83306554745194,73.26711211915456,75.6466066759467,7036500
2022-03-21,74.39471435546875,75.67325080527254,73.81759683165907,74.72322907490955,1517500
2022-03-22,74.69660186767578,75.65550439262951,74.21715060519891,74.9008152248847,1245100
2022-03-23,73.29376220703125,74.5456569388808,73.22273089310418,74.25265784937086,1152000
2022-03-24,74.57229614257812,74.74099382907339,73.23161558058933,73.60451983860267,1252200
2022-03-25,76.07279205322266,76.13494275594424,74.47462144906982,74.52789831848729,1377100
2022-03-28,75.30034637451172,75.78867819265366,74.21714254075611,75.78867819265366,1266800
2022-03-29,77.04945373535156,77.52002433917335,75.60222626666508,75.77979777885176,1464200
2022-03-30,76.6587905883789,77.6976049651032,76.5788854376643,76.95178968883754,1223300
2022-03-31,75.36249542236328,76.99618174480332,75.30034471723299,76.25036650932103,2060300
2022-04-01,73.42693328857422,76.28587915975325,73.00075897702172,76.20597401655661,1944900
2022-04-04,72.8409423828125,73.04514893267853,71.535770844234,72.8764580379889,1651900
2022-04-05,72.2016830444336,73.3736727141595,72.00635030382604,72.87646702819076,1846200
2022-04-06,70.97643280029297,71.96197047008036,70.67455304048765,71.82878842234038,1505400
2022-04-07,70.04414367675781,70.97641095001639,68.9875750035872,70.97641095001639,1946600
2022-04-08,69.17403411865234,71.53576749913714,69.00533645793261,69.83993738075449,2213600
2022-04-11,69.4048843383789,70.58575456246002,68.69459150147293,68.96982938305607,1305600
2022-04-12,69.18292236328125,70.29276136464519,68.85441435418613,69.43152521575962,992300
2022-04-13,69.35162353515625,69.6357420627891,68.8988073032064,69.04974378921634,1709400
2022-04-14,69.86656188964844,70.50583000867454,69.50253157645741,69.5913173098961,1710800
2022-04-18,69.78666687011719,70.4880858496245,69.44039768419722,69.64461101703358,1624600
2022-04-19,71.75773620605469,72.01521961702355,69.93759788923822,70.18620746714905,2639400
2022-04-20,74.95407104492188,77.68871545466655,74.75873833366606,76.35690890401513,4109900
2022-04-21,72.29046630859375,75.49568165329465,71.89980761479607,75.28259447723053,2277900
2022-04-22,70.15068817138672,72.21054857828445,70.08853747361508,72.07736657622577,1577800
2022-04-25,70.2306137084961,70.275009980051,69.00535383626877,69.97313023610167,1527200
2022-04-26,69.6978759765625,71.18949958052083,69.47590821867536,69.66236032243035,1670700
2022-04-27,69.72451782226562,70.55911884095407,68.87216236173914,69.82218418717254,1477000
2022-04-28,69.84880828857422,70.79882996509832,69.00533356813507,70.45256082521969,1277600
2022-04-29,67.59361267089844,69.88432133699771,67.46043744815128,69.7067498573897,1387100
2022-05-02,68.17961883544922,68.7744908140209,66.94547861617785,68.1973732759493,1153800
2022-05-03,69.44037628173828,69.92870794415035,67.95763363247517,68.38380783429224,1426500
2022-05-04,70.69229125976562,70.86098214302679,68.53476446487764,69.43150929513418,1236000
2022-05-05,69.14739990234375,70.71005495928863,68.40159141825218,70.49696778867947,979100
2022-05-06,68.70347595214844,69.50256144432822,67.48709665608824,68.59693573580458,1478700
2022-05-09,68.694580078125,69.29833261475149,67.73567779514447,67.81558293176718,1594900
2022-05-10,67.14968872070312,69.67124616212088,66.21742813191048,69.20067556388474,1396000
2022-05-11,66.38611602783203,68.5436429697839,66.16414826332635,67.03426488071277,1255500
2022-05-12,67.0608901977539,67.07865140973152,65.63141745984758,66.43050265090044,1543500
2022-05-13,68.37495422363281,68.58804138755708,67.38053616878821,67.5581076764053,1187100
2022-05-16,68.36608123779297,68.64131913745969,67.60251147685989,68.36608123779297,970500
2022-05-17,70.71005249023438,71.03856722947164,69.44927717843534,69.60909424429147,1279800
2022-05-18,68.36608123779297,70.23948997985904,68.13523283301983,69.83995065621899,1287700
2022-05-19,66.50154113769531,68.14410117941881,66.27957338141056,67.49595235054326,1594700
2022-05-20,66.4571533203125,67.45157143342051,65.17862348793842,67.0697865731479,1369600
2022-05-23,67.35389709472656,67.86886391952619,66.54593120334249,67.30062700040881,1223600
2022-05-24,61.6804084777832,64.39729196761441,58.963524987952,64.38841135961808,4003600
2022-05-25,63.997745513916016,64.40616537513795,61.405163730202034,61.58273522676169,2088600
2022-05-26,64.85010528564453,65.24964456694157,64.29962277073145,64.29962277073145,1705500
2022-05-27,66.59032440185547,66.62584005440664,65.09870086429719,65.32066861230336,2049000
2022-05-31,66.2440414428711,66.86554829811706,65.61365398285972,66.52815983011449,3955100
2022-06-01,64.74356079101562,66.55481869837553,64.50383856785758,66.31509647521749,1431300
2022-06-02,65.0454330444336,65.3917022015048,64.43279987088377,64.71691832729907,1463200
2022-06-03,63.59819793701172,64.92113061766264,63.4383808844326,64.3617675466766,1349100
2022-06-06,64.57486724853516,64.66365300260333,63.411751516310034,63.820171404158664,1482700
2022-06-07,64.40615844726562,64.47718974781634,63.296319778352,63.98885802392728,1768800
2022-06-08,63.49165344238281,64.25522300022813,63.331836400649664,64.05100970148997,1242800
2022-06-09,62.63088607788086,63.58133798369519,62.55915256784128,63.500636074679655,1185900
2022-06-10,60.963111877441406,61.64456645478891,59.707802974185434,61.04381377624147,2251700
2022-06-13,59.18773651123047,59.84228572161735,58.389720336939895,59.815387376105754,1627600
2022-06-14,58.237300872802734,59.268447724436335,57.67241494023558,58.62285989242632,2198900
2022-06-15,58.66769027709961,59.31327805668584,57.95036900180766,58.82011882481228,1466100
2022-06-16,55.619083404541016,57.77104032322206,55.296289524694735,57.26891613007882,2126900
2022-06-17,56.57849884033203,57.035791327987425,55.87911435384891,56.237774994345635,3406100
2022-06-21,56.95508575439453,57.860698799107396,56.363298165661135,57.43927311212844,1913500
2022-06-22,56.62333297729492,57.349615801726124,56.1750088948791,56.46193603398992,1389800
2022-06-23,56.11224365234375,56.497799215421566,55.29629054082647,55.7984147431968,1351700
2022-06-24,57.9234733581543,58.2104005135039,56.524704330935364,56.71299963530076,2361100
2022-06-27,58.05796813964844,58.39869197643753,57.40341197534439,58.35386367313722,1282600
2022-06-28,57.08061981201172,59.01737963575756,56.981987970453176,58.65871901562489,1273200
2022-06-29,56.77576446533203,57.026824869952335,56.06741155750592,56.93716141699979,1110600
2022-06-30,57.03579330444336,57.51998415976015,55.97774814079917,56.26467529496287,1437500
2022-07-01,57.66343688964844,57.90553570656724,56.36329988623825,56.910255772305675,1764000
2022-07-05,57.3675537109375,57.385487086104895,54.97350456337602,55.825317650957125,1902600
2022-07-06,56.874393463134766,57.77104162945196,55.798414979465875,57.44824774230716,1336900
2022-07-07,57.24201202392578,57.50203736059468,56.28259887777399,57.277878767066625,1333900
2022-07-08,57.797943115234375,58.820121533014934,57.277888929188784,57.824841467141816,2047300
2022-07-11,57.51998519897461,57.573781903576325,56.910264130250546,57.19719128959816,1126600
2022-07-12,57.57377624511719,58.031068711937436,56.990957006416096,57.25995076431207,964400
2022-07-13,57.53791046142578,57.73517415005632,56.38123694107371,56.57849720926298,1184300
2022-07-14,56.67713165283203,57.15235752265058,56.273639280511155,56.44400462684743,1259700
2022-07-15,58.273170471191406,58.300068825359055,57.23306201170211,57.36755720298214,1232700
2022-07-18,58.72149658203125,59.51055148207474,58.52423285702037,58.52423285702037,1908300
2022-07-19,60.44305419921875,60.71204453579121,59.4567357758059,59.788498049215896,1945500
2022-07-20,62.81916809082031,63.527520960272085,60.70307787953928,61.617662836404136,3694300
2022-07-21,62.074954986572266,62.34394532943513,60.963106345248285,62.16461843419322,2334800
2022-07-22,61.832862854003906,62.693644358038654,61.31280522420688,62.25428862846414,1342400
2022-07-25,62.22738265991211,62.28117935955457,61.17830597158945,61.967353876836135,950200
2022-07-26,60.765846252441406,61.823891415108264,60.66722124283892,61.823891415108264,1162900
2022-07-27,61.8956184387207,62.11081207141192,60.99897032147803,61.241069144027605,763400
2022-07-28,62.451541900634766,62.630868785337064,61.09760134622133,61.545925398859225,933900
2022-07-29,62.62189483642578,62.89089198051057,61.92251047086319,62.41566962139145,1830900
2022-08-01,62.87297821044922,63.043336727388855,62.021158262217796,62.21842197319525,1026400
2022-08-02,62.01219177246094,62.8012397127243,61.88665473291998,62.5501793154079,1424900
2022-08-03,63.04332733154297,63.653048328745676,62.2991145886121,62.2991145886121,1272900
2022-08-04,63.03437042236328,63.56338957024375,62.71157652705619,62.93573857430374,1034400
2022-08-05,61.940467834472656,62.52329061297411,61.77010246391031,62.24532498086442,843000
2022-08-08,62.97161102294922,63.984821105505944,62.11082266362337,62.36188992560873,1084400
2022-08-09,63.124046325683594,63.4737386411036,62.60398863166467,63.05231281460151,1121400
2022-08-10,64.41519927978516,64.92629528830655,63.93997685875554,64.11034219492934,908900
2022-08-11,64.72006225585938,65.41944670227325,64.55866531892677,64.9352558914754,864700
2022-08-12,65.05181884765625,65.18631058262413,64.11930405354913,64.96214856983535,660000
2022-08-15,64.7828369140625,65.48222146371451,64.34348118123454,64.54074489336887,1105000
2022-08-16,66.06504821777344,66.18161003617278,64.63041227988856,64.63041227988856,980600
2022-08-17,65.46429443359375,65.58982464858221,64.83663651776781,65.46429443359375,1223200
2022-08-18,65.65258026123047,65.77811045806443,65.0069924827229,65.5808467656446,1009500
2022-08-19,64.99801635742188,65.6167057117445,64.61245741559328,65.15045172763827,967200
2022-08-22,62.55017852783203,63.86825243802988,62.46947663492059,63.86825243802988,1434700
2022-08-23,62.50534439086914,63.07023028682897,62.41568094020798,62.55017953664111,754400
2022-08-24,62.397743225097656,62.693638764709156,61.949419137522426,62.38878166878169,748700
2022-08-25,62.81020736694336,63.410960002112176,62.595006879604306,62.783302175363964,924900
2022-08-26,61.37556838989258,63.007467889080736,61.29487333310211,62.92677283229027,843800
2022-08-29,61.142433166503906,61.45625861812661,60.52374381838931,60.90033436033656,751100
2022-08-30,60.963111877441406,61.545934601190595,60.5596229060906,61.45627114543299,1121000
2022-08-31,59.98575973510742,61.66248731727409,59.98575973510742,61.29486515060992,1380200
2022-09-01,59.75263214111328,59.78849888800261,59.03531088509181,59.6271019474419,1054200
2022-09-02,59.41190719604492,60.72998104583027,59.169808369289626,60.41614872663767,715500
2022-09-06,59.13394546508789,59.77057170072849,58.694589766907995,59.627104706532634,843200
2022-09-07,60.37133026123047,60.469962119181915,58.96359273696759,59.13395125816088,738600
2022-09-08,60.873435974121094,61.133464731264986,59.55536223726972,59.91402282784343,878700
2022-09-09,63.13301467895508,63.16887459358595,61.411444618655544,61.411444618655544,1448600
2022-09-12,64.13725280761719,64.50488189999135,63.46476657209896,63.50063332556598,1815900
2022-09-13,61.77906036376953,63.8772138007509,61.47419642830298,62.73847363331687,1488900
2022-09-14,61.0886344909668,61.904587570977405,60.39821844247363,61.904587570977405,1714200
2022-09-15,61.823883056640625,62.26324554608681,60.99000005947403,61.07070194481636,1868000
2022-09-16,60.06646728515625,61.4742048327621,59.73471179462159,61.4742048327621,2633400
2022-09-19,60.972084045410156,61.05277910831672,59.56434649623235,59.627111603231995,1337100
2022-09-20,59.25978469848633,60.772760182324944,58.65277663957444,60.57344472226752,1836200
2022-09-21,58.87928009033203,60.62781113015564,58.87928009033203,59.73996000189351,1247100
2022-09-22,58.100135803222656,59.11482961989719,58.072957677139286,59.07858981444066,1015100
2022-09-23,57.293827056884766,57.74681429230726,56.43315061837837,57.48408086631781,1373800
2022-09-26,56.097930908203125,57.47501235493399,56.034512979263106,56.96766892341383,1260900
2022-09-27,56.92237854003906,57.755873407183316,56.40596990415557,56.8046008893275,1471200
2022-09-28,58.44440841674805,58.861155796595845,56.9857891312628,57.18510114213639,1417000
2022-09-29,57.493133544921875,58.19073769092618,57.28475985144826,57.84646300150836,1588200
2022-09-30,57.15792465209961,59.18730881517969,57.031088789910484,57.7649258371527,2691900
2022-10-03,57.592796325683594,57.96424571720356,56.40596853520842,57.83740984537015,2460500
2022-10-04,60.59156036376953,60.67310164727278,58.09107620359598,58.5712414898894,2057700
2022-10-05,60.07516098022461,60.33789438885312,59.02423425774678,59.567817521927466,1270600
2022-10-06,59.61311340332031,60.38319019785439,59.28696209306473,59.94831948016842,1335900
2022-10-07,58.87928009033203,59.377568823974826,58.399114717205414,59.01517764605614,1324000
2022-10-10,58.7161979675293,59.36850063384936,58.06389530120923,59.33226082882757,781500
2022-10-11,58.67090606689453,59.776195978262905,58.109199431533256,58.716200641207244,1334900
2022-10-12,59.51346206665039,59.993627404978554,58.31757610461252,58.58936428432695,1544300
2022-10-13,61.488487243652344,61.832755039789866,58.0820214408886,58.77961871286202,1649800
2022-10-14,60.40130615234375,62.44881004741649,60.14763444910272,61.83274723438732,1489700
2022-10-17,61.171382904052734,62.1135970241244,60.73651910219536,61.22574606331154,1978500
2022-10-18,62.765899658203125,64.17921738272648,61.896165142186014,63.535976446256605,2975100
2022-10-19,61.97771453857422,64.32418501208257,61.207630737673675,64.32418501208257,3482400
2022-10-20,61.579078674316406,63.04675272142106,61.08985168793623,62.14077835672501,1537800
2022-10-21,63.581275939941406,63.662810308253256,61.46129250737447,61.61531338980012,2179000
2022-10-24,64.63219451904297,64.89492786001888,63.626569540872296,63.934597443512345,1575700
2022-10-25,64.96742248535156,65.2210942078757,63.94367391601169,64.29700337410404,1325700
2022-10-26,64.6775131225586,65.49289148084439,64.38760158539434,65.23015807028362,1854800
2022-10-27,64.46007537841797,65.61065974365684,64.34229429105413,65.14861780903698,1295000
2022-10-28,65.76468658447266,65.98212544427113,64.38760836593396,64.46008798586678,1483100
2022-10-31,65.9096450805664,66.09083721631677,65.0399103872982,65.4385413803933,1724400
2022-11-01,66.22673034667969,66.80655343676213,65.90057899450376,66.36262789542573,1010900
2022-11-02,64.89495086669922,66.78844116362514,64.840594608618,65.70126761774267,1279400
2022-11-03,64.45101928710938,64.66845121119407,63.18265372454889,63.979915632919834,1149200
2022-11-04,65.42947387695312,65.80998147538692,64.1792247506188,65.26639820447632,939700
2022-11-07,66.00928497314453,66.09988101651324,64.87681715094817,65.62877744377496,1314900
2022-11-08,67.1326904296875,68.09302783325617,66.09081866153275,66.13612013877056,1190500
2022-11-09,66.46228790283203,67.58569431416075,66.04554047463004,66.48946603110049,1212100
2022-11-10,68.04774475097656,68.98995905353954,67.56757937540935,68.64568432235032,1465400
2022-11-11,70.22208404541016,70.62976979755479,68.42825152949291,68.76346457621493,1618500
2022-11-14,69.20738220214844,70.54822732326576,69.20738220214844,69.8325067349978,1178800
2022-11-15,69.76004028320312,70.5301172675583,68.98996329884794,70.11336980440181,1506000
2022-11-16,69.01712799072266,69.72378689552293,68.44636662423842,69.50635498143883,1311300
2022-11-17,69.06243133544922,69.18926719808624,67.3320169191302,68.3104709269325,893700
2022-11-18,69.94123077392578,70.45763597823552,69.56978481182648,69.84157302291538,1184400
2022-11-21,69.3704605102539,69.86874920209863,68.95371310981842,69.85062584310269,943700
2022-11-22,70.756591796875,70.80189327691276,69.57882934828233,69.68754184111633,856600
2022-11-23,70.8381576538086,71.10994589221818,70.39422511394201,70.73849989278041,715900
2022-11-25,71.70787811279297,71.84377566082954,70.64788967977329,70.83814348220992,382500
2022-11-28,70.8019027709961,71.62633590435864,70.62070373858278,71.2548899839749,943800
2022-11-29,71.35455322265625,71.72599917166508,70.77473009832282,70.80190822727019,1215000
2022-11-30,72.2605209350586,72.48701453774066,70.03182471411135,71.11899124217081,2185100
2022-12-01,72.35112762451172,72.85847115721361,71.80754428061151,72.29677136373286,1611300
2022-12-02,71.2548828125,71.92530188486388,70.79283396639451,71.58103412598203,1464000
2022-12-05,69.94123077392578,71.07369893355565,69.52448332062644,70.33080009731994,1015900
2022-12-06,68.97183227539062,70.38515711522354,68.32859124640542,69.95028633865114,1890600
2022-12-07,68.55509185791016,69.31611406660205,68.37389971452681,68.7362909133307,1620500
2022-12-08,68.50072479248047,68.99901347624393,68.28329287230919,68.70004026598585,1147100
2022-12-09,68.5369644165039,69.2255068925999,68.03867573405888,68.41918332136085,1160300
2022-12-12,70.9287338256836,71.12804929179802,68.33764659026774,68.70909248545165,2067800
2022-12-13,73.32957458496094,73.98187729835699,71.75317405690828,72.4779563855787,3792600
2022-12-14,73.28426361083984,74.25365587552876,72.83127644206866,72.88563269046979,2623800
2022-12-15,71.02839660644531,72.75880417134346,70.67506713214578,72.13368651560234,1801800
2022-12-16,69.87779998779297,70.85625395673233,69.30703862859625,70.14053338197311,3678900
2022-12-19,70.04087829589844,71.04651042774637,69.24362331628653,69.9955837233505,1473900
2022-12-20,71.13799285888672,71.31170308564454,70.02260356638793,70.26031119639435,1496100
2022-12-21,72.01567077636719,72.47279705442642,71.5951154375759,71.73225471603236,978700
2022-12-22,72.02481842041016,72.04310737844465,70.47972930060271,71.4945502405102,1254900
2022-12-23,73.59732818603516,73.64304360231495,71.88767345499187,72.02481272863803,1180500
2022-12-27,74.40185546875,74.96869445005123,73.42360571042164,73.60646036980529,1512500
2022-12-28,73.71617889404297,74.90470997168875,73.5333311783405,74.42930172574638,928100
2022-12-29,74.5938491821289,75.18811463090731,74.01787268726551,74.20072735045466,878300
2022-12-30,74.57556915283203,74.58471363002857,73.6887431949613,73.9721661865152,1090900
2023-01-03,75.45323944091797,75.93779203257162,74.72184180311312,75.59952315359374,1217100
2023-01-04,77.19947814941406,77.32747293280592,75.69096023064708,75.88295240573487,1612900
2023-01-05,77.82117462158203,77.9034539977604,76.53207525991067,77.08062536001196,1575900
2023-01-06,78.69886016845703,79.17426841927315,77.94002888764528,77.94002888764528,1330600
2023-01-09,78.35143280029297,79.21997681984092,78.25086447197486,78.71713517825039,1540700
2023-01-10,78.44286346435547,78.4885719020104,77.57431944659925,78.4062925291159,1061300
2023-01-11,77.69318389892578,78.35143986839937,76.81549532257435,78.26001600946081,1458900
2023-01-12,77.11719512939453,78.1777313520377,76.98920034048145,77.95830573516423,1509200
2023-01-13,76.85205841064453,77.14461891447844,76.33093479521561,76.33093479521561,1404900
2023-01-17,76.50464630126953,76.7240649391016,75.75495956141664,76.7240649391016,1267600
2023-01-18,75.49898529052734,76.72408048985587,75.03271448733487,76.5046618075511,1262400
2023-01-19,75.06927490234375,75.7732462729754,74.84985625081084,75.24298511303695,1182100
2023-01-20,76.5960693359375,76.86120338412165,74.58471673099989,75.53554011839358,1651500
2023-01-23,77.29090118408203,77.63831459603004,76.46807260294993,76.65092029867152,1013800
2023-01-24,78.75370788574219,79.0371239218203,76.57778949948002,77.37318469110386,1425700
2023-01-25,79.32054138183594,79.35711231541448,78.22343430005687,78.53428374787826,1223200
2023-01-26,78.65312957763672,80.02450812047644,78.56170573648579,79.32053687090318,1455400
2023-01-27,77.96745300292969,78.94570291045208,77.78460529085177,78.53429207068021,1127100
2023-01-30,77.56517791748047,77.99487770388875,77.26347989687275,77.48289854145825,1105900
2023-01-31,78.61656951904297,78.78113524595135,77.58346671829163,77.92174265004577,2309400
2023-02-01,80.11595916748047,80.28966940729028,77.98575574203883,78.24174537426741,2262600
2023-02-02,83.955810546875,84.19351117982615,81.16733757208546,81.36847424242349,2857100
2023-02-03,83.8460922241211,84.76948916127445,83.5443872384384,83.8735186818754,2528300
2023-02-06,83.2426986694336,84.05638289266608,82.71243050873117,83.6906804723474,1617000
2023-02-07,83.12384796142578,83.78211097514205,82.38330555859201,83.0964214983866,2094200
2023-02-08,84.91577911376953,88.24365802511682,84.81521076959197,85.10777132305567,3402200
2023-02-09,85.25403594970703,87.68595067180703,84.42206292103317,85.2997513595961,2550600
2023-02-10,83.3249740600586,85.03462878240528,82.71242654610727,84.84263659035454,2362200
2023-02-13,85.00719451904297,85.04375847829232,82.84041373591084,83.37068182252938,1960300
2023-02-14,85.19004821777344,85.45518227976163,83.9558087379748,84.78777488576472,1658500
2023-02-15,85.23577117919922,85.27233514426173,83.9649536746773,84.9066396920875,2308900
2023-02-16,85.20834350585938,85.54661949471355,84.13866958799345,84.24838241618255,1275000
2023-02-17,85.68375396728516,85.83003075478322,84.50436728755898,85.20833871373053,1945900
2023-02-21,83.5992431640625,85.46431893001474,83.55352775317846,84.5592040158959,1422900
2023-02-22,83.97408294677734,84.81519349477222,83.37067997980445,83.55352767277991,1954000
2023-02-23,84.04722595214844,84.75119725234818,83.48953141327134,84.04722595214844,1693800
2023-02-24,83.74552154541016,83.86437882593357,82.71241880623157,83.43467906599436,1299900
2023-02-27,83.21526336669922,84.56836019896778,83.01413366646949,83.79124693271864,1829400
2023-02-28,82.80384826660156,83.75467169926824,82.64842701635999,83.17869513797673,1730800
2023-03-01,83.6266860961914,83.6541125580483,82.17302084103277,82.50215233370288,1885800
2023-03-02,83.94667053222656,83.94667053222656,82.62100709842802,83.14213078328876,2032500
2023-03-03,83.83694458007812,84.36721266060948,83.5718175150049,84.36721266060948,1663500
2023-03-06,83.92839050292969,84.44951419991678,83.2518385645864,84.0746672901433,2071200
2023-03-07,83.01411437988281,84.5774850276458,82.89525711282316,84.04721700203494,1499200
2023-03-08,82.33758544921875,83.14213218693283,81.55132766928563,83.04156384471857,1811400
2023-03-09,81.06603240966797,82.44815384607183,81.00153369049578,82.32836548915695,1525900
2023-03-10,80.58689880371094,81.77552416758603,80.10776643129245,80.92782464647367,1932500
2023-03-13,78.90991973876953,80.5961095874325,78.54135261444159,79.27848686309748,2955400
2023-03-14,80.50396728515625,80.98309961233758,79.37062464014771,80.41182023430758,2759600
2023-03-15,78.93756103515625,78.96520233925733,77.269803409281,78.69799837972472,2691300
2023-03-16,80.44869232177734,80.5592645850633,77.76737996305965,77.94244392596958,2113800
2023-03-17,79.39826965332031,79.99719036265604,78.78092375085373,79.63783934302127,9950700
2023-03-20,81.70179748535156,82.12564718445074,79.84054384758278,79.91425867259984,1595600
2023-03-21,82.83515930175781,83.37879044532964,82.27309593273667,82.84437541448246,1459300
2023-03-22,80.75273895263672,83.27741186186425,80.7158815415009,82.98255960261018,1714100
2023-03-23,81.6649398803711,82.53107149769869,80.58688692890969,81.01073662700992,1827700
2023-03-24,80.7435302734375,80.78960379905563,78.96520044400656,80.45789409813761,2344900
2023-03-27,81.56359100341797,82.40208139341637,81.28717093043491,81.75709419328933,1411700
2023-03-28,81.7571029663086,82.43894765529932,81.15818219916105,81.3701035748718,1481600
2023-03-29,83.36956024169922,83.53541507955414,82.41128862629665,82.60478476548863,1646200
2023-03-30,85.45195007324219,85.53488100591422,83.75655133675156,83.75655133675156,1979800
2023-03-31,86.92622375488281,87.02757989267984,85.986384239659,85.99560035123147,1673900
2023-04-03,87.7186279296875,87.81077497239963,86.59450852482256,86.90778597458024,2341300
2023-04-04,87.34085845947266,88.64004890922811,87.27635974253207,87.82920689199892,2463600
2023-04-05,86.29045104980469,86.61294465051549,85.38746193798119,86.61294465051549,1474400
2023-04-06,85.73760986328125,86.29045707881701,85.34140140334443,86.2628157725153,1294300
2023-04-10,85.88501739501953,86.03244704246622,85.2123889605834,85.44274251234447,1212400
2023-04-11,86.21675109863281,87.50673275395053,85.90347355525387,86.15225236735864,1675800
2023-04-12,86.23514556884766,87.07363580648875,85.89422683779831,86.41943261385052,1223500
2023-04-13,86.99073791503906,87.07366183770701,86.16146353918933,86.63137982730912,1241400
2023-04-14,87.54357147216797,87.66335279613283,86.65901461946687,86.72351333696072,1441700
2023-04-17,88.18858337402344,88.28072342058765,86.86174420802709,87.38695020626149,1770400
2023-04-18,88.58476257324219,89.17446711182086,88.0779819401671,88.64004517691124,2372700
2023-04-19,84.91754913330078,88.63084780679881,84.64112201876651,88.40970330323799,3264700
2023-04-20,85.00968170166016,85.5993862664068,83.9316216734466,83.95927000634063,1508800
2023-04-21,86.4747314453125,86.57608758163248,84.6042615238621,85.02811126218502,1647900
2023-04-24,86.41024017333984,87.10130096427164,86.216743995459,86.59452726882199,1488500
2023-04-25,85.77445983886719,86.43787930624983,85.43354102300879,86.15224310272875,1224400
2023-04-26,83.42485809326172,85.6638952986513,83.13922188745839,84.63190867116226,1867900
2023-04-27,83.16685485839844,83.48934845034358,80.64217467040939,82.40207931904774,2227500
2023-04-28,83.45249938964844,84.1343440565652,82.85357864189028,82.85357864189028,2034300
2023-05-01,84.93596649169922,86.01401948523245,83.68284253978896,83.68284253978896,1977700
2023-05-02,83.88555908203125,84.71483336162055,82.5863615390358,84.595045003004,1813700
2023-05-03,80.19990539550781,84.46605128015635,79.83133825171055,84.22648861204665,2531300
2023-05-04,80.82646942138672,80.96468298244343,77.4817307691159,78.85464323782321,2529300
2023-05-05,82.69693756103516,82.74301109027279,80.99232242674655,81.46224571160278,1555800
2023-05-08,84.7516860961914,84.87146741835872,82.42971824159281,83.59991827977663,2246900
2023-05-09,84.46604919433594,85.2123995752991,84.4384078894546,85.00968729972475,1980300
2023-05-10,83.97771453857422,85.15712393968647,83.11158268407979,84.9820599700378,1291000
2023-05-11,83.9684829711914,84.30940879432373,83.0470686674283,83.55384934643132,1428200
2023-05-12,85.54409790039062,85.68231144758091,83.89477253470776,84.26333262077115,1668300
2023-05-15,84.51212310791016,85.59017618220096,83.83948755678422,85.57175098880714,1602500
2023-05-16,84.6595458984375,85.00047173042695,83.28664051851621,84.30941098465112,1101900
2023-05-17,85.62702178955078,85.91265794167867,84.55817794445002,85.31373730639514,1552000
2023-05-18,86.81565856933594,86.85251598580686,85.64545844334252,85.84817071901593,1386400
2023-05-19,85.96796417236328,87.3224374012775,85.80210930333631,86.94466116228115,1186500
2023-05-22,85.50725555419922,86.53002605779189,85.17554582169166,86.29045635546228,934500
2023-05-23,84.8069839477539,85.75603967432008,84.74248521963293,85.35983119305288,1059900
2023-05-24,83.74734497070312,84.6134766602443,83.55384881173114,84.6134766602443,1192300
2023-05-25,82.11643981933594,83.9961257175471,81.84001273466293,83.40641413492251,1637600
2023-05-26,82.8812255859375,83.34193280326863,82.36523575207359,82.52187451880596,1241700
2023-05-30,83.26821899414062,83.82106620915474,82.3468046258392,82.62322471842937,1536000
2023-05-31,81.259521484375,83.46170088537698,80.38417376638377,83.15763250871164,3412100
2023-06-01,82.28231048583984,82.48501575310011,80.9462553594605,81.70181490237242,1368100
2023-06-02,84.1435546875,84.53054701136553,82.49422222550167,82.59557836220455,1368100
2023-06-05,83.894775390625,84.1896276874128,83.24978115839133,83.77498703172687,1063400
2023-06-06,85.5164566040039,85.76524239493364,83.61834544725467,83.98691256318163,1553400
2023-06-07,87.35009002685547,88.21621480334068,85.5164702653992,85.86661224489043,2212200
2023-06-08,87.68424987792969,88.16695350915967,86.73741903532823,87.2572471777661,1061000
2023-06-09,87.71208953857422,88.11124528121239,87.17369918511888,87.66568036234406,1242500
2023-06-12,88.4639892578125,88.50111376485911,87.12728037608663,87.74921855995156,1339000
2023-06-13,88.52897644042969,89.25302479491515,88.03698814728685,88.12982067037652,1071700
2023-06-14,87.83277893066406,89.69859374831526,87.3872068791768,88.69606902619203,1156900
2023-06-15,88.74246978759766,89.02095317862,87.31293540579479,87.74922274673729,990500
2023-06-16,88.32476043701172,89.31800757518775,88.11125553869238,88.61252144236919,2586400
2023-06-20,86.9323501586914,88.96525344477315,86.92306549029894,87.80491777015668,1772600
2023-06-21,87.72138214111328,88.28762655007584,86.76526662234522,87.0808745449133,1207000
2023-06-22,88.32476043701172,88.75176315152288,86.59818024061188,88.21336565326325,1409400
2023-06-23,86.4960708618164,88.03699309840994,86.29185063093746,87.6007127931375,2137000
2023-06-26,87.48001861572266,87.99985377468492,86.45892471531229,86.70027650046883,1068600
2023-06-27,89.80998992919922,90.24627731832643,87.63784473498401,87.63784473498401,1153100
2023-06-28,89.55936431884766,89.81927841307825,88.52898552948504,89.67075202658768,1569700
2023-06-29,87.37793731689453,89.06738620557324,87.27582718498576,88.99313008592674,1303000
2023-06-30,88.32476043701172,88.5661122607363,87.47075500798938,87.94416690413344,1231900
2023-07-03,88.7053451538086,89.08593867924728,87.79564589175799,88.12982315434358,608500
2023-07-05,87.26653289794922,88.15766990234727,86.68171914853396,87.92560275280212,1390400
2023-07-06,85.5399398803711,87.331498288837,85.2521718423459,87.331498288837,1294100
2023-07-07,86.3197021484375,86.97877205816185,84.88088995074447,85.15936630410701,1338400
2023-07-10,86.44965362548828,86.77455330666616,85.6606267186152,85.7627368329064,1294700
2023-07-11,89.35513305664062,89.5500686032685,86.45893261646849,86.70028442368125,1280700
2023-07-12,88.36188507080078,90.28340067579553,88.28762188748529,90.07918046274142,1706000
2023-07-13,89.48509216308594,90.06061414777483,88.42686655277652,88.61251743516767,1149000
2023-07-14,89.38298034667969,89.43867419390831,88.59395348839017,89.15091320705764,1010400
2023-07-17,91.18383026123047,91.46230659979396,88.26906025961388,89.3180083397064,1785300
2023-07-18,90.89605712890625,92.11209377752938,90.56187987546616,90.79394701912582,2935800
2023-07-19,81.48342895507812,84.70452261961671,79.91465251644466,82.35600383793391,8150100
2023-07-20,81.84544372558594,82.50451360559293,80.74080886743813,81.66907750104704,4470500
2023-07-21,77.79818725585938,80.0446025970349,77.51971093173584,79.72898759780891,4334500
2023-07-24,77.12982940673828,77.86316240145891,75.95093147986266,77.09270489749778,2637500
2023-07-25,76.67498016357422,77.8167535865309,76.23869281563246,77.12055217993283,2284800
2023-07-26,76.96275329589844,77.57540689134531,76.33153036239497,76.77709532596954,1719500
2023-07-27,76.43363189697266,77.18553426674292,75.96949760442715,77.18553426674292,2488900
2023-07-28,76.62857818603516,77.15769102148191,76.14587453277954,77.009164641364,2020400
2023-07-31,78.55008697509766,78.72645318313279,77.04628937980561,77.04628937980561,5232400
2023-08-01,76.90705108642578,78.29016929931727,76.42435453688306,77.98384604774559,1782800
2023-08-02,76.73995971679688,78.11380029387907,76.57287109366698,76.80493823234033,1874400
2023-08-03,76.04375457763672,76.6564151931592,75.70029976177716,76.4336256518092,1418800
2023-08-04,75.74671936035156,77.13912231580701,75.13406574265754,75.40326449723425,2134600
2023-08-07,75.6631851196289,76.59145383680021,75.2361823595855,76.17372866479616,1878500
2023-08-08,74.60494232177734,75.42181605688944,74.57708831763149,75.10620816450295,2030900
2023-08-09,74.55852508544922,75.3197049665362,74.12223776053474,74.41928339505341,1350200
2023-08-10,74.09439849853516,75.44038511987667,73.89017827579318,74.87414779608386,1128300
2023-08-11,74.1779556274414,74.60495838195206,73.59314181063894,73.72309886278879,1387600
2023-08-14,74.2150650024414,74.28004351525978,73.61169613289651,74.07583039077826,1589600
2023-08-15,74.31719207763672,74.62352245750607,72.99905218393803,73.73238532871844,1395000
2023-08-16,73.81591033935547,74.72561661427375,73.64882172078381,73.8623265986747,1201900
2023-08-17,72.99903869628906,74.39144153065183,72.98975402773107,74.0665489523926,1230300
2023-08-18,74.1779556274414,74.43786973174109,72.41424367124306,72.6927200335092,1478400
2023-08-21,73.6395492553711,74.35431295655334,72.95262539673874,74.08511421446131,804100
2023-08-22,73.46317291259766,73.7695032356102,73.08258648756478,73.42604132052398,1018000
2023-08-23,74.34503173828125,74.68849368353892,73.4631793659779,73.57457415198441,865900
2023-08-24,73.61170959472656,75.05052180800847,73.53744640017409,74.07584393748743,657400
2023-08-25,74.13153076171875,74.46570802338353,73.5095925011144,74.18722461128709,1557100
2023-08-28,74.66992950439453,75.02266902780829,74.27077371747457,74.65136016614106,586400
2023-08-29,74.9205551147461,75.1247753324139,74.30790154386979,74.6884879732376,952800
2023-08-30,75.08763885498047,75.39396916155341,74.64207393826224,75.16190203514239,1106900
2023-08-31,75.19904327392578,75.31043097633403,74.67920802821949,75.31043097633403,2159500
2023-09-01,74.45640563964844,75.56104727411852,73.79733594209611,75.47749943751646,1461800
2023-09-05,73.95515441894531,74.63279358336312,73.4631732156618,74.07583386421437,1336200
2023-09-06,74.4192886352539,74.67920269849364,73.12899590550873,73.82519732438392,1022800
2023-09-07,73.8623275756836,74.45641887576846,73.5745665940532,74.32646184650783,1466600
2023-09-08,73.24039459228516,74.12224693709028,72.73912869407798,74.0944000119889,1054500
2023-09-11,73.73236846923828,74.32645975258644,73.29608113381425,73.73236846923828,875300
2023-09-12,73.398193359375,73.83448070741414,73.00832227130354,73.24038940688803,778400
2023-09-13,72.19143676757812,73.85303820110114,71.98722365041525,73.51886098083246,1599000
2023-09-14,72.76698303222656,72.98976553786075,72.1264753611341,72.58133212455277,2143500
2023-09-15,71.85726928710938,73.09186103207486,71.58807056737392,73.06401410971029,3101600
2023-09-18,71.8851318359375,72.27500299804562,70.49272875801286,71.38386587802924,1444500
2023-09-19,71.26318359375,72.34926333399673,71.19820506930174,71.8387127260975,1099500
2023-09-20,70.1202621459961,71.38495484916021,69.95163597575444,71.18822550842772,1738700
2023-09-21,69.97038269042969,70.71046388708785,69.81111946401913,70.07343242333762,1733100
2023-09-22,69.08040618896484,70.31699579744608,68.87430672966845,70.14836961686696,1064100
2023-09-25,69.69871520996094,70.26080018195695,68.7712746488026,68.7712746488026,1188800
2023-09-26,68.81810760498047,69.50198250554621,68.80873749749385,69.11788671887143,1311500
2023-09-27,68.75251770019531,69.43639246700528,68.09675325034723,69.08977003077331,1357900
2023-09-28,69.37083435058594,69.9797555803446,68.44338662280595,68.96800546859114,1209100
2023-09-29,69.7736587524414,69.93291484392796,69.29588333068388,69.80176192772751,1325700
2023-10-02,68.72441101074219,69.66122140385777,68.06864659447972,69.30523602750044,1385000
2023-10-03,67.89066314697266,68.85557689044118,67.63772029060284,68.50895440653706,1045700
2023-10-04,68.66822052001953,68.73379697677805,67.63772313196019,67.69393662868016,1357000
2023-10-05,68.30286407470703,68.9117852450681,68.1810741227967,68.66821963584273,1112500
2023-10-06,69.55818939208984,70.06406799079897,68.03119063570152,68.04055359596245,1202200
2023-10-09,70.1671142578125,70.61677933620183,69.11788382940814,69.26777695373629,899000
2023-10-10,70.52310180664062,70.96340393834055,69.96101686827174,70.54184202138832,1579200
2023-10-11,70.11090850830078,71.18824222971467,69.54882352456694,70.55121067553677,1426600
2023-10-12,70.79476928710938,71.49737716298274,70.4200436571842,71.36622426460347,1808600
2023-10-13,69.8392333984375,70.95403315721573,69.67060720379826,70.57930748609546,1371900
2023-10-16,71.2163314819336,71.25380475982851,70.09216173427393,70.2982611890475,1580800
2023-10-17,71.70347595214844,71.99388491768246,70.96339480541306,71.01960114782692,1971800
2023-10-18,70.56993865966797,71.13202354597371,69.90480404368817,70.44814871698203,2458000
2023-10-19,69.53009033203125,71.1414058572233,69.51135011580436,70.56058065826156,1731800
2023-10-20,69.26776885986328,70.12963278214947,68.64947051520359,69.08040247634668,1904800
2023-10-23,70.80413818359375,71.49737594136758,69.1272465574853,69.26776955971836,2007600
2023-10-24,69.78302764892578,71.32876674683466,69.01484315413389,71.18824371115231,1905300
2023-10-25,69.6893310546875,70.37320585008719,69.40828505169108,69.60502154216663,1408700
2023-10-26,69.5863037109375,70.35448826592726,69.12726842921532,69.43641770248291,1367900
2023-10-27,69.31461334228516,70.16711440729819,69.19283053898225,69.71744218065331,1333600
2023-10-30,69.81112670898438,70.05469947998075,68.93052955542501,69.3146182065173,1161200
2023-10-31,70.17647552490234,70.24205197171098,69.40828408043463,69.96100597264734,1079300
2023-11-01,69.7736587524414,70.51373285930192,69.02420739075501,70.33574370005726,1096600
2023-11-02,71.75968933105469,71.77842954522814,70.15774408950743,70.42004990955527,1011100
2023-11-03,72.74333953857422,73.06185169006216,72.1250411542075,72.50913690461056,730000
2023-11-06,72.19062042236328,72.78081565724855,71.80653180427207,72.59344925438916,793900
2023-11-07,71.8158950805664,71.90020459336105,71.25380307274831,71.40369618077895,924800
2023-11-08,70.88845825195312,72.19062444843352,70.75730533628588,71.8065358089217,900900
2023-11-09,70.2420654296875,71.32876206319197,69.82049635032183,71.32876206319197,905800
2023-11-10,70.95402526855469,71.03834193014883,69.70807273550388,70.16710787925945,923600
2023-11-13,70.92591857910156,71.02896830077361,70.10152795302167,70.66361279568054,940500
2023-11-14,73.28668975830078,73.69888152487964,71.71284780667116,71.89083694442,1039100
2023-11-15,73.23047637939453,74.12981361780378,73.11806369165402,73.23047637939453,1345300
2023-11-16,72.10631561279297,73.93309348941997,72.04073915433194,73.22112255392828,1538000
2023-11-17,74.06423950195312,74.07360960865918,72.26556496844222,72.55597395065465,1666900
2023-11-20,74.16728973388672,74.74811484952494,73.33352891385768,73.94245720250628,1152200
2023-11-21,73.69888305664062,74.32654439959914,73.68014999075557,74.0361354209491,745000
2023-11-22,74.34528350830078,74.70126893320575,73.77382851878421,73.99866104255067,787000
2023-11-24,75.0291519165039,75.0291519165039,74.13918477192861,74.65443342234407,387500
2023-11-27,74.19539642333984,74.7762215665059,74.14856018186852,74.49517552848737,942500
2023-11-28,74.1391830444336,74.75748141052536,73.91435052371702,74.1953893877885,1469600
2023-11-29,74.74811553955078,75.10410097979748,74.1579274589924,74.54201607250893,1113800
2023-11-30,75.5350341796875,75.70366036928135,74.65443709829513,75.04789582491497,1742000
2023-12-01,76.6404800415039,76.70605650372352,74.95422509272913,75.63809289197665,825600
2023-12-04,77.18382263183594,77.63349485223533,76.42500835391552,76.47184459424416,957900
2023-12-05,76.25637817382812,76.94024585467577,75.80670597696216,76.85593633811801,1145700
2023-12-06,76.7716293334961,77.34308439749925,76.3406972953999,76.61237323954059,1217600
2023-12-07,76.91214752197266,77.32434646609484,76.2657530791327,76.9308877361405,1235500
2023-12-08,76.76226806640625,77.00583369289991,76.29386273458253,76.86531781119132,1077500
2023-12-11,78.73892974853516,79.49774400846236,77.06203800290692,77.07140096237215,2116200
2023-12-12,78.65460968017578,79.2729080484079,78.34546049605972,78.82323585812118,1219500
2023-12-13,78.62651062011719,78.87944632661387,77.72717333981055,78.67335400705605,1543700
2023-12-14,80.96853637695312,80.97790648372583,78.3642041833328,79.18859489689761,2259400
2023-12-15,81.31515502929688,83.04825304125683,80.38770747945648,80.8373796685273,4376600
2023-12-18,80.86548614501953,81.20273851378117,80.1066718889545,81.09031867509486,1059600
2023-12-19,81.2027359008789,81.42756842371969,80.74370074878401,81.2027359008789,1114400
2023-12-20,80.3127670288086,81.57745976992425,80.25655353884338,81.01537490135027,1143800
2023-12-21,81.6351089477539,81.75789432214027,80.58668802402175,80.87004775708242,850200
2023-12-22,81.30451202392578,82.2490346806922,80.97393053528474,81.78621339045874,1227400
2023-12-26,81.89012145996094,82.17348117405034,81.08727854489011,81.60676895200841,865600
2023-12-27,81.83344268798828,82.42848936959443,81.4178504116142,81.75787914571372,822200
2023-12-28,81.91845703125,82.23014404592712,81.63509733848572,81.78621722346003,718400
2023-12-29,81.71066284179688,82.09791341130769,81.29507053742151,81.91845899398456,763300
2024-01-02,82.40962219238281,82.57018935428745,81.38009570073069,81.4650993019257,1332200
2024-01-03,80.2750015258789,82.23961094297037,80.2466669910588,82.00348021128548,1435200
2024-01-04,80.36943817138672,81.21951009642298,79.91607128212524,80.58668157683806,1196800
2024-01-05,81.11563110351562,81.61623433715395,80.7567149645497,80.7567149645497,1117600
2024-01-08,83.32579803466797,83.33524527987227,81.10617101668014,81.23840362499351,900900
2024-01-09,83.48636627197266,83.52414804715073,82.22070923112263,82.74019242601341,1792900
2024-01-10,83.33524322509766,84.49700214179664,82.99521446749392,83.49581035892817,1959300
2024-01-11,84.20420837402344,84.79925513895782,82.54184624187185,84.22309565916898,1983200
2024-01-12,83.8358383178711,84.63868118551187,83.10855179087184,84.63868118551187,1245200
2024-01-16,83.53358459472656,83.80749702508635,82.90074894920905,83.53358459472656,2272700
2024-01-17,82.78742218017578,83.58081784753604,82.34349532557032,82.99521834242827,1426300
2024-01-18,83.06133270263672,83.38246697776967,82.0223519157085,83.19356531076637,1455800
2024-01-19,83.00465393066406,83.5902606105061,81.83344777711642,83.29746087365332,1578900
2024-01-22,83.85472869873047,84.11919391608515,83.10855486054449,83.21245293966764,1243900
2024-01-23,84.52533721923828,84.97871130103167,83.78861064169352,84.27031925244839,1269700
2024-01-24,84.20420837402344,85.52654172445908,84.12864482116721,85.00705130624388,1623700
2024-01-25,85.93268585205078,85.97046042191927,84.86537049677376,84.95982133371888,1294800
2024-01-26,85.84767150878906,86.69774341845904,85.32818111784168,86.28215110570113,1312300
2024-01-29,86.27272033691406,86.376618434946,85.19596478107228,85.94213875505703,1007900
2024-01-30,86.31048583984375,86.62218007515193,85.61154102629479,86.11213692813945,1009200
2024-01-31,85.365966796875,86.65051836221166,85.365966796875,86.15936968423563,1974000
2024-02-01,84.82758331298828,85.734324260903,84.09085674319111,85.50764082545844,1675300
2024-02-02,84.96926879882812,85.55487551922029,84.23254218016064,84.61979277447743,1818600
2024-02-05,83.87361907958984,84.37421496021706,83.24078339062801,84.16641881215224,1657800
2024-02-06,84.0625228881836,84.49700247882434,83.66582507144247,83.684712355324,1806300
2024-02-07,81.53120422363281,85.81933841186236,81.29507353401314,84.91259742845925,4400800
2024-02-08,81.82400512695312,81.90901592360643,79.90662505317802,81.7578888211725,2633700
2024-02-09,79.89717864990234,82.27738009536738,79.76494603694728,81.85234772603138,1639800
2024-02-12,81.65399169921875,82.1545948273106,80.00107682914438,80.00107682914438,1316600
2024-02-13,80.41666412353516,81.77677915169801,79.8499519305128,81.18172522380851,1914800
2024-02-14,81.0306167602539,81.12506760471881,79.74606509834615,80.936165915789,1286200
2024-02-15,82.20181274414062,83.52414601871244,81.13450464429317,81.31395906435989,1417400
2024-02-16,82.65518188476562,83.05187968156605,81.65398294209422,81.99401168396206,1234000
2024-02-20,83.45804595947266,83.55249681043946,82.37184315800933,82.51352303752854,1423400
2024-02-21,83.70361328125,83.75083509765297,82.96687944276543,83.29746818827164,1114700
2024-02-22,83.41080474853516,83.98696422326238,82.88187429546241,83.49581554628583,1290800
2024-02-23,83.68473052978516,84.05309389763603,82.66464403136513,83.65639599474095,1359000
2024-02-26,84.14752960205078,84.49700561900747,83.45803201963436,83.69416271067992,1484000
2024-02-27,84.21365356445312,84.44978425676332,83.57137779312392,84.15697729812561,753800
2024-02-28,83.21245574951172,84.15697853260751,82.5701799687611,83.76028069318014,1331100
2024-02-29,83.48636627197266,83.7980605125892,82.96687587094509,83.42024996694522,1649500
2024-03-01,83.53358459472656,83.75082076650911,82.81574537054696,83.46746829816632,1157900
2024-03-04,84.25142669677734,84.67646625936807,83.35413296375816,83.95862694927068,1583100
2024-03-05,84.11919403076172,85.3848582662889,83.67526718410973,84.17587029608407,1384200
2024-03-06,85.57376861572266,85.69656119793102,83.81695554137374,84.51590763754263,1261600
2024-03-07,87.59504699707031,87.68005780067037,85.71544854531037,85.86657566009382,1594100
2024-03-08,87.26194763183594,88.20413477812916,87.24290944087271,87.64262431979196,1628500
2024-03-11,89.8505859375,89.94575510542836,87.30952486206611,87.30952486206611,1842300
2024-03-12,90.26933288574219,90.72615506297326,89.53652229626358,90.06947545224801,1941000
2024-03-13,91.04972839355469,91.42089322245367,90.16464135673206,90.26932961728735,1740600
2024-03-14,88.15654754638672,90.6595396372165,87.42373692684913,90.5548513685765,3133600
2024-03-15,87.8044204711914,89.04163423699279,87.47132473658883,87.47132473658883,6518800
2024-03-18,88.270751953125,88.84177423324788,87.4618031178724,87.95668715772763,1797300
2024-03-19,88.84176635742188,89.63168419305242,88.07088671064162,88.39446331168068,1922900
2024-03-20,89.70783233642578,89.7363823619135,88.41351126740513,88.82274524159463,1154100
2024-03-21,89.75540924072266,90.3645006267766,89.29859433165322,89.67927826317246,1130700
2024-03-22,89.43183898925781,90.73567192684203,89.25101247519297,90.0694804449335,1317400
2024-03-25,88.86080932617188,90.44063782147173,88.78467108855834,89.33666241984346,1684700
2024-03-26,88.29930114746094,89.19390730983567,88.26123202768518,88.94646166176436,1525300
2024-03-27,90.56436920166016,90.60243106159639,88.63239943701765,88.63239943701765,1262300
2024-03-28,92.08708953857422,92.78183096520236,91.43040996849575,91.75399383670171,2248300
2024-04-01,91.9157943725586,92.40115934804768,91.17346463504097,92.40115934804768,1217700
2024-04-02,90.70711517333984,91.80157875039833,90.10754288408928,91.64930953480193,1106100
2024-04-03,90.23126220703125,91.18296840395702,89.92671651445268,90.57387701879989,1161200
2024-04-04,88.64191436767578,91.00214892465912,88.58481431951186,91.00214892465912,1278900
2024-04-05,88.14703369140625,88.91791341468455,87.34759668201865,88.46109122918558,963200
2024-04-08,88.5848159790039,89.01308087014024,88.38495854574413,88.72757336303007,1178000
2024-04-09,89.40328216552734,89.65072054802727,88.29929949551097,88.50867601988938,1081600
2024-04-10,87.32856750488281,88.4801311956981,86.88126440577636,88.23268553771406,1148300
2024-04-11,88.10896301269531,88.37543959079787,87.21435684825771,87.576002595548,1108800
2024-04-12,86.21505737304688,88.09943876081225,85.94858081054186,87.59503565879322,1508600
2024-04-15,86.17700958251953,88.08993404456956,85.65356820577374,86.87175112517166,1647800
2024-04-16,86.56720733642578,86.890791265927,85.41564354270636,85.92956583477789,2850600
2024-04-17,87.98524475097656,89.5555616020979,86.75755001053157,88.84178187531028,3503200
2024-04-18,87.08111572265625,88.99404718307015,87.03352750914141,88.57529413915377,1601500
2024-04-19,88.14703369140625,88.34689112851757,86.62429791370458,87.44276585288942,2378400
2024-04-22,89.24148559570312,90.04092256520796,87.76634536844296,88.79418978883119,1893700
2024-04-23,89.66976165771484,90.51677961686714,88.66095538298116,89.19390854533974,1436800
2024-04-24,91.34477996826172,91.44946098818427,88.89889490437815,89.18440245687691,2167700
2024-04-25,92.03951263427734,92.55343489213806,90.48823402586002,90.69761056731542,2094900
2024-04-26,91.25910949707031,92.0299892171931,91.02118294039613,92.0299892171931,1723200
2024-04-29,91.25910949707031,91.79206266051892,90.77373728839116,91.57317429450636,1702700
2024-04-30,88.35639190673828,91.41137491429313,88.29929186354933,90.65000712071372,1483400
2024-05-01,89.1272964477539,90.43112943175876,88.36592850337195,88.36592850337195,1224600
2024-05-02,88.15654754638672,90.01237909514303,88.00427832169191,89.72686431504437,1623000
2024-05-03,88.270751953125,89.04163166824377,88.03282539799528,88.72757413378864,1436600
2024-05-06,88.68949890136719,89.22245202462626,87.93765016766,88.803698992956,1396600
2024-05-07,90.12657928466797,91.8777225664599,89.14632300550308,91.47800768269327,1864600
2024-05-08,90.47871398925781,90.76422877208134,89.73638426704773,89.7934843192354,1594800
2024-05-09,91.06877136230469,91.21152148787857,90.2217533995022,90.47871088647751,1810800
2024-05-10,91.19248962402344,92.06805760297217,90.93553213968018,91.12587047912392,1029200
2024-05-13,91.64930725097656,92.16322219413239,91.19248509368687,91.24958514049489,822000
2024-05-14,91.9157943725586,93.19107730399806,91.47801035455956,92.33454019880746,1153600
2024-05-15,92.94363403320312,93.32431071696597,91.91578956078189,92.26791621935675,1377500
2024-05-16,91.98240661621094,93.25768945190842,91.76351099317368,92.67714808313804,1369700
2024-05-17,91.48751831054688,92.3059862584779,91.1734607694115,92.3059862584779,1042700
2024-05-20,91.56364440917969,91.9157782855007,90.94503398253636,91.68736359013178,905500
2024-05-21,90.383544921875,91.56365865444816,90.01238006033229,91.37332030630309,1287200
2024-05-22,90.65953826904297,90.75470744065879,89.65072471927654,89.86010125339679,1091900
2024-05-23,89.66976165771484,90.65001790745679,89.49845424682212,90.52629871217847,1117000
2024-05-24,90.51678466796875,90.56437288623873,89.42232099624329,90.14561980047947,1002500
2024-05-28,88.70853424072266,90.50725838210614,88.27075025899916,90.41208921406923,1601500
2024-05-29,86.71946716308594,88.1470263907387,86.63380983373708,87.89958075821521,1586300
2024-05-30,86.33879089355469,87.19532795816184,85.96762604238198,87.09063969132417,1621800
2024-05-31,88.47061157226562,88.65143808212993,86.1960342299466,86.1960342299466,2055900
2024-06-03,85.99617004394531,88.88935767010265,85.76776259636343,88.29929723116244,1511200
2024-06-04,86.81464385986328,87.18580871038742,85.65356109219607,85.65356109219607,1241800
2024-06-05,86.90029907226562,87.27146394472882,86.08183108146402,86.90029907226562,1208100
2024-06-06,86.56720733642578,87.11919875319998,86.24363066786766,86.87175307310412,919800
2024-06-07,86.69091796875,87.56649322839547,85.83438816098615,86.1960339184655,1387400
2024-06-10,86.27851867675781,86.71969297650072,85.49207626118604,86.45115273467223,1339500
2024-06-11,85.98120880126953,86.11547892451027,85.07008174536685,85.72225405132458,1391400
2024-06-12,85.52084350585938,87.21841288455374,84.62890213328416,86.54705499325905,1287100
2024-06-13,85.73184204101562,85.77979878969154,83.89041703975178,85.14680482959754,1567600
2024-06-14,84.79194641113281,85.28107009739433,84.26445147437381,84.95498763988665,1233300
2024-06-17,86.39360809326172,86.47992146124027,84.59053969009115,84.93580779635052,1375000
2024-06-18,87.42940521240234,87.67875979969935,85.66470089048855,86.2689163681002,1535700
2024-06-20,86.07710266113281,87.47735325811679,85.63592841691911,87.18963474258884,2010200
2024-06-21,86.76764678955078,86.87314578343646,85.26189706984108,86.11547451697236,5277300
2024-06-24,87.01701354980469,88.66661897362108,86.52788248888972,87.53490841762883,1326000
2024-06-25,86.12506866455078,86.9210965618768,84.76317453615538,86.70051307464196,1474800
2024-06-26,85.06049346923828,85.61675225426991,84.50422736703395,85.31944089354846,1124000
2024-06-27,85.34820556640625,85.47289017961305,84.66726221020686,85.07007253632388,1041700
2024-06-28,86.02914428710938,86.47991133512073,85.35779377975528,85.52083500051674,2234600
2024-07-01,84.10140991210938,87.227993635423,84.01508923317652,85.95242761397958,1398500
2024-07-02,85.43452453613281,85.62633688268119,83.7081841485094,84.09181615877816,981500
2024-07-03,85.57838439941406,86.81558642967443,85.39615755467834,86.11546480431292,633800
2024-07-05,85.26190185546875,85.66471222718361,84.52340885681852,85.1276317315638,1748600
2024-07-08,85.94284057617188,86.2305664357185,85.13721255974487,85.6167507808742,1138700
2024-07-09,86.8060073852539,87.04577648628265,85.6071618801102,85.99079390519064,1263000
2024-07-10,87.42940521240234,88.5035660614897,86.8635463503964,87.50612576078574,1642900
2024-07-11,88.49397277832031,89.19410174273833,87.47735417522068,88.0048491016433,1717400
2024-07-12,89.4818344116211,90.34499735034049,88.66661358722885,89.19410855393295,2047200
2024-07-15,89.91342163085938,90.3162320036441,89.33797719585647,89.69283081690222,1869100
2024-07-16,91.44792938232422,91.63015623205933,89.73118182136994,90.2682695581756,2750400
2024-07-17,87.77466583251953,88.57070097274507,85.0892563969288,86.84436790354503,4684500
2024-07-18,88.32134246826172,90.5464067484184,87.67876303416764,88.16789404866225,2322600
2024-07-19,87.27594757080078,88.86801781895018,86.77723108995181,88.86801781895018,1654500
2024-07-22,87.9952621459961,88.35970855394457,86.10588041472957,87.29513313497888,1727100
2024-07-23,88.49397277832031,88.75292749389939,87.39104081480896,87.85139337134873,1328200
2024-07-24,87.03617858886719,88.6474271463397,86.59500434680793,88.6474271463397,1422800
2024-07-25,89.52977752685547,90.85330759823977,87.00740931214116,87.25677121673375,2262700
2024-07-26,91.524658203125,91.82196953607442,89.8462745570675,90.07645083686151,2018300
2024-07-29,91.57261657714844,92.2631454288121,90.93962264999158,91.89869903622527,1709000
2024-07-30,93.91276550292969,94.04703562237886,91.83157133429481,92.04256932690714,1239200
2024-07-31,94.0278549194336,94.67043437718122,93.52913107373952,94.15253222227085,1393900
2024-08-01,90.96839904785156,94.66084188561317,89.56814832078335,94.12376141966168,2366200
2024-08-02,88.23502349853516,90.37376696158785,87.34308220743918,90.15317618328592,1867800
2024-08-05,86.21138763427734,87.45819003478712,84.47546147785786,87.45819003478712,1582600
2024-08-06,87.63082122802734,89.04065751711651,85.93325174887275,86.2785198694746,1721800
2024-08-07,86.92109680175781,89.4722436936719,86.75805555993034,88.37889711632948,1134100
2024-08-08,89.74078369140625,89.88464662323466,87.24718636934712,87.24718636934712,1236700
2024-08-09,89.50101470947266,90.19155092952971,88.58989500183625,89.62569201474913,756000
2024-08-12,90.22990417480469,91.11225265492057,89.4242762411371,89.50100410475721,1807200
2024-08-13,90.5464096069336,91.26571693212179,89.9421867707851,90.50804567152952,1090700
2024-08-14,90.58476257324219,91.6589307697336,90.25868011121234,90.93003066078685,922900
2024-08-15,92.26314544677734,92.30150938029482,91.16979895163182,91.94665580030943,1185900
2024-08-16,92.62760162353516,92.8961418481373,91.9082943145627,92.12887779169775,2755800
2024-08-19,92.944091796875,93.30853817258027,92.4549608137447,92.78104325771703,638300
2024-08-20,92.33029174804688,92.70433831611246,91.99461643534498,92.68515268843062,1010100
2024-08-21,93.30854797363281,93.36609021869052,92.38783546684668,92.72351075830424,653100
2024-08-22,93.32772827148438,93.8552232529947,92.9920529728745,93.5866830141068,701800
2024-08-23,94.4306640625,95.02529408103256,93.35649583078158,93.95112584931414,735000
2024-08-26,94.81429290771484,95.80214042290712,94.1812989753554,94.81429290771484,1025900
2024-08-27,95.05406951904297,95.59115000070231,94.72797971434068,94.73757252784824,772800
2024-08-28,94.70880126953125,95.41851580745151,94.18130628495842,94.87184251306367,887300
2024-08-29,94.59371185302734,95.46647497373999,94.21008710963619,95.14038516124998,1240400
2024-08-30,96.3200454711914,96.49267952004809,94.62248342174445,94.94856589337795,1426200
2024-09-03,95.26506042480469,96.01313884493172,94.67043042351725,95.93641097692581,958700
2024-09-04,94.70880126953125,97.95047709905555,94.32516921867581,95.21711062711628,1663700
2024-09-05,95.82132720947266,96.02273237661686,94.1908929294156,95.1211982137285,1222900
2024-09-06,94.69920349121094,97.17362240646993,94.65125406060083,95.76377890086486,1063400
2024-09-09,94.8526611328125,95.31301372519893,94.01826199799986,94.958160126312,1364100
2024-09-10,95.45687103271484,95.85968135662422,94.53615858499107,94.996518467439,941900
2024-09-11,94.26763153076172,95.3130214197949,93.19346319985516,95.0828451050196,1038700
2024-09-12,94.51698303222656,94.7663376301983,93.10713954027274,93.95112414599649,1259800
2024-09-13,95.87886047363281,96.128222364581,94.77592124688631,94.77592124688631,723300
2024-09-16,96.95303344726562,97.82579651666693,96.37758904883738,96.70367884215598,1199500
2024-09-17,97.56684112548828,98.54509579115873,96.89548328453976,97.80661021500448,949600
2024-09-18,98.41083526611328,99.34114059474334,97.82579804537009,97.95047534987323,900400
2024-09-19,99.64804077148438,100.51121100659589,99.3507221077851,99.63844795854638,1439400
2024-09-20,98.77901458740234,99.77356259727578,98.0355125249117,99.46457673627816,3964400
2024-09-23,98.78866577148438,99.63838242010075,98.46037151492192,98.962470779901,929800
2024-09-24,98.2286376953125,98.81763580349971,97.58169230410901,98.67280442998076,1088800
2024-09-25,97.18580627441406,98.36381720826702,97.04096753607399,98.34450144752608,919400
2024-09-26,99.44525909423828,99.56113155247112,97.68790066179483,97.77480684717042,1251100
2024-09-27,99.13627624511719,100.60396462668788,99.03971954373061,100.02460968476024,1190200
2024-09-30,99.83150482177734,100.23704742237436,98.51831294353534,99.00110385857123,1440300
2024-10-01,99.15559387207031,99.8604644355851,97.89067674964072,99.8604644355851,1378700
2024-10-02,98.52796173095703,99.10730930216859,98.10310340756,98.61486055157694,1180700
2024-10-03,97.5430679321289,98.6728042106965,97.05062652965016,98.06448297605141,1416100
2024-10-04,98.0548324584961,98.95282380630417,97.65894039362817,98.51830758631709,725500
2024-10-07,97.38858032226562,98.00655208101833,96.789916957997,97.58169373432418,1336400
2024-10-08,97.98724365234375,98.47003454912611,97.14718483989282,97.52376115003871,1199400
2024-10-09,99.24248504638672,99.57078665214433,98.05482369157842,98.20931293143802,1240600
2024-10-10,98.21897888183594,99.15559437798484,97.99689183320922,98.97213148419773,884400
2024-10-11,99.31974792480469,99.62873381667096,98.38313236817118,98.5376289975067,696600
2024-10-14,99.70597076416016,99.9183999218757,98.94316031909246,99.39698490752042,836600
2024-10-15,100.43981170654297,101.73369509919459,100.31428872945163,100.42050331268439,1735000
2024-10-16,101.85922241210938,102.28408076312526,97.34029927601021,99.43561738886211,3031200
2024-10-17,101.59851837158203,102.84411978001249,101.01917076382018,102.84411978001249,2171300
2024-10-18,100.88397979736328,101.86886989524115,100.06322945452733,101.68540701388198,1531400
2024-10-21,100.0439224243164,101.00950414263482,99.71562080935013,100.71982668041775,1251700
2024-10-22,97.55271911621094,99.9473650016841,96.7995665600681,99.93770712186581,2043200
2024-10-23,97.25340270996094,98.4990041497295,96.97338309635671,97.13753023877153,1537300
2024-10-24,97.00234985351562,97.84240869849438,96.56784097630869,97.84240869849438,1144800
2024-10-25,97.06027221679688,97.65893554119089,96.48092465240484,97.65893554119089,1081700
2024-10-28,98.97212982177734,99.07834440410114,97.18580504957438,97.25339547770734,1647600
2024-10-29,98.19966125488281,99.28111546942785,97.9872394575081,98.82729086719195,1359500
2024-10-30,98.81764221191406,99.07835343476422,97.62032279008262,97.62032279008262,1373400
2024-10-31,97.52375030517578,99.03971325782172,97.47546827414483,98.701761141016,1001000
2024-11-01,97.60100555419922,98.58589570281221,97.52375724577354,98.19001101403784,1070800
2024-11-04,98.43140411376953,98.75969836657131,97.66859366150163,98.0258541875737,1439300
2024-11-05,99.62872314453125,99.65768941772764,98.34449767626268,98.62451726183428,1073000
2024-11-06,101.44402313232422,103.31725421090883,100.35291833336147,103.31725421090883,1648200
2024-11-07,101.15435028076172,101.73369788081467,100.74880033060067,101.39574572801749,1238800
2024-11-08,100.86467742919922,101.35712622692024,100.38188651251716,100.88399319127716,1470500
2024-11-11,100.80673217773438,101.90749473975967,100.3722159873746,101.76265600963974,1100300
2024-11-12,100.25636291503906,101.57920530392845,99.75425623934004,100.75846222393338,1349200
2024-11-13,99.7832260131836,100.555694448965,99.39699916209787,100.02462147851466,1344600
2024-11-14,101.42471313476562,101.68541697931703,99.61907251709434,99.7928775357301,1359800
2024-11-15,93.5262451171875,100.82604049500019,92.92758180431566,99.783210479083,9315200
2024-11-18,94.94564819335938,96.11400114006241,93.28484652802825,93.48761779645073,2822900
2024-11-19,94.66563415527344,94.72356670197894,93.31381825331452,93.47796538018275,1348400
2024-11-20,95.66983795166016,95.83398507493946,93.45865494349647,94.12490868325867,1310800
2024-11-21,98.43140411376953,98.67279954676049,95.17739102500201,95.63121561771364,1262000
2024-11-22,98.85626220703125,99.20387224499126,97.77481530387082,98.41209546226115,1549200
2024-11-25,100.9998550415039,101.57920264949023,98.59555841661822,99.45492563127223,2425100
2024-11-26,101.02881622314453,101.46333243232993,100.2563552403774,100.88398485355356,1061200
2024-11-27,100.75845336914062,102.12957767562946,100.67155454837068,101.73369299189297,967300
2024-11-29,101.2122802734375,102.34200917001704,100.9515764383823,101.2895285826406,794200
2024-12-02,101.395751953125,101.69507996872173,100.47844477715313,101.15435649104896,1196000
2024-12-03,100.22738647460938,101.8592145881319,99.78321239622623,101.42470575655341,1165800
2024-12-04,99.71562957763672,100.49775584767593,99.48389200756803,99.95702502844294,949900
2024-12-05,99.59010314941406,100.6329332288477,99.47423068498668,100.08255191472512,1101700
2024-12-06,99.8604736328125,100.44947915345176,99.33905854732176,100.03427866130941,1115200
2024-12-09,89.62529754638672,96.46161808962653,89.55770711870515,95.4670700679673,10938900
2024-12-10,89.27769470214844,91.07367748693156,87.88725451604415,88.26383820545132,4966800
2024-12-11,88.93008422851562,90.20465193738825,88.65972249736153,89.51908972858904,3392000
2024-12-12,87.05685424804688,89.0942249661758,87.01823009397182,88.90111156260468,2304000
2024-12-13,87.21134948730469,87.6265499636227,86.00437221507848,86.95064563789788,2083100
2024-12-16,87.76172637939453,88.69834187384596,86.75752045579733,87.04719793316731,2912400
2024-12-17,85.90780639648438,87.66516482381276,85.18362010994569,86.89269650478329,3356300
2024-12-18,84.72979736328125,87.26927467778941,84.70083108987988,85.82090207328888,2514100
2024-12-19,84.86498260498047,86.0623019572367,84.56565460861752,85.44433020337515,3738000
2024-12-20,86.49044799804688,87.41511220112896,84.6021779201488,85.29324407446401,6003400
2024-12-23,84.38804626464844,86.23738216213975,84.25178011255471,86.08165259943907,1809200
2024-12-24,84.08631134033203,84.4561755327747,83.67751290248256,84.4561755327747,823500
2024-12-26,85.09858703613281,85.30298627329542,83.41471604529512,83.58991645228431,1218300
2024-12-27,84.18363952636719,85.21537841925327,83.92084266390187,84.39777415368218,1164200
2024-12-30,83.5315170288086,83.75538709866062,82.30511420577038,83.50231819925148,1468500
2024-12-31,83.74565124511719,84.43671743619005,83.40498585880641,83.79431348547675,1098000
2025-01-02,84.13497924804688,84.61191074891977,83.45364110656631,84.36857728966554,1614900
2025-01-03,83.59964752197266,84.6800487378766,83.01564867103903,84.60218024416591,1492400
2025-01-06,82.8307113647461,84.24204994055478,82.64578297794561,83.4536444513278,2429400
2025-01-07,82.37324523925781,83.80404725963831,81.79898180302254,83.04484800619927,2380000
2025-01-08,81.89630889892578,81.99364079796844,80.96190930141009,81.73084392795847,2038600
2025-01-10,79.88151550292969,81.40964947914567,79.48245245229931,80.91324709455554,3532400
2025-01-13,80.94245147705078,81.11764445184723,79.24884512786774,79.6673790059833,2604100
2025-01-14,82.49978637695312,83.01565217414554,81.23444929157847,81.49725361245486,3707800
2025-01-15,83.22004699707031,84.02791590219341,82.19804344953403,83.73591276691214,2136400
2025-01-16,83.55097961425781,84.03764657126337,82.97671616944652,83.43418429718348,1880800
2025-01-17,83.10324096679688,84.1252444738608,82.84044409620931,83.66777637881215,2642200
2025-01-21,84.28097534179688,84.43671232379437,83.24924382688155,83.88191232083733,2086600
2025-01-22,83.83324432373047,84.18364511424132,83.1227147506016,84.18364511424132,1971800
2025-01-23,83.85271453857422,84.21284331852404,83.32711335670214,83.52177716067783,1468800
2025-01-24,84.25177764892578,84.88444615140283,83.70671305648925,84.11551150081665,2110100
2025-01-27,85.98431396484375,86.9673832922935,84.12525005996878,84.12525005996878,1764200
2025-01-28,84.88445281982422,86.26658524548017,84.75792207976795,85.91618442968729,1633200
2025-01-29,84.49510955810547,85.5852461488127,84.23231268472901,84.49510955810547,1759800
2025-01-30,84.21284484863281,84.97205152020788,83.71644991169113,84.88444760866342,1608900
2025-01-31,84.47564697265625,85.32245010792798,83.91111154914176,83.91111154914176,4052300
2025-02-03,85.41979217529297,86.07192415975094,83.27845296344215,83.61912579724608,2937400
2025-02-04,84.58271789550781,86.15951407022784,84.49511398249649,85.2153864194398,2675300
2025-02-05,82.66524505615234,85.8188446844052,80.64070884440689,84.80657657853249,6505600
2025-02-06,81.98391723632812,83.68725155243395,81.28311564383571,83.22004801545624,3158900
2025-02-07,81.56538391113281,82.56791664146527,81.39991150416711,82.18831701397916,1542500
2025-02-10,80.37792205810547,81.92551952584475,79.84258539734404,81.92551952584475,2406900
2025-02-11,80.21244812011719,80.35844226045745,79.33644614833496,79.910709569535,1963200
2025-02-12,79.06391143798828,79.9009717121939,78.16843865753359,79.41430479005571,2826900
2025-02-13,79.75497436523438,79.79390860855162,78.31443706628681,79.18070355873955,3358200
2025-02-14,79.97885131835938,80.52392339655923,79.43378666610847,79.60898707946754,3063800
2025-02-18,81.26364135742188,81.28311219302465,79.43377638600363,80.14430594059746,3088600
2025-02-19,81.44857788085938,82.31484442408755,80.7575117298542,81.09817709641337,2690100
2025-02-20,81.37071228027344,81.92551230436366,80.45578346700518,81.39018311673881,2692800
2025-02-21,80.10538482666016,81.30258139332007,79.66738010577724,81.12738099015661,2198600
2025-02-24,81.49725341796875,82.50951417271447,80.34871908082988,80.54338289690823,4521600
2025-02-25,81.63351440429688,82.45111129118317,81.2052451249099,81.72111088819979,3036100
2025-02-26,81.52644348144531,82.07150804861409,81.15657187433982,81.40964074878866,3430200
2025-02-27,79.57977294921875,80.4557748476049,78.8595005961304,79.94963711700511,3291300
2025-02-28,80.55310821533203,80.66017552853505,79.2975067089993,79.86204210117016,4299800
2025-03-03,78.55777740478516,81.11764286325167,77.94457972716114,80.78671290496361,3617900
2025-03-04,78.6745834350586,79.81338235224715,77.44818060257555,78.15871763971414,3717200
2025-03-05,80.01777648925781,80.15404263685879,78.41177412001986,78.80110915285756,5254500
2025-03-06,80.4168472290039,80.90351416531269,79.22937871625878,80.27084566292164,4693300
2025-03-07,82.7333755493164,82.9669735892491,80.11510517033474,80.14430399708286,7341200
2025-03-10,83.22978973388672,86.8895201091235,82.23698492738771,82.5095172504427,7667300
2025-03-11,80.97264099121094,83.64196200245036,80.63897212118579,83.0040715790344,5423900
2025-03-12,78.51921844482422,81.47312932958535,77.84207245085223,81.47312932958535,4568200
2025-03-13,77.99909210205078,79.76554910761577,77.22381087949978,78.20517837833805,3330100
2025-03-14,79.32394409179688,79.61834987643459,77.78319727508052,78.36220055926974,5155900
2025-03-17,78.8038101196289,79.7361062127592,78.28367907597523,79.06877603973514,3415300
2025-03-18,79.93238067626953,80.1482827263784,77.724303779276,78.38182570112753,3726700
2025-03-19,79.97163391113281,80.82542631480487,79.46132611552035,79.96182562713774,2731400
2025-03-20,79.18655395507812,80.34456802132708,79.0884112053908,79.90294810945586,3244000
2025-03-21,79.62815856933594,80.2660489435328,78.20517868533051,78.95101259656266,11642500
2025-03-24,77.95001983642578,79.54964614574321,77.88132441178612,79.2356088492134,3727400
2025-03-25,78.89213562011719,79.46133058793522,78.35238048042076,78.50940288005613,2869400
2025-03-26,79.62815856933594,80.14828214780357,78.38182513530441,78.41126496242676,2743000
2025-03-27,79.1276626586914,79.66741780470684,78.67623448531495,79.60853814777433,2646900
2025-03-28,78.74493408203125,79.92257969369453,78.3131374296046,79.92257969369453,2136900
2025-03-31,81.36518096923828,81.41424485065843,79.31411905254103,79.36319042120083,8640900
2025-04-01,78.28368377685547,81.4338801048605,77.626169335386,81.4338801048605,5537600
2025-04-02,77.9402084350586,78.7253054640216,77.44952466376675,78.01871963540293,2760100
2025-04-03,73.97547912597656,77.18455502957538,73.83808827556608,76.73312688004951,3259900
2025-04-04,71.23746490478516,73.95585713650566,71.18840102097634,72.08144157359283,3701800
2025-04-07,70.21684265136719,73.47498222133234,68.5386977563413,69.05882878381841,3892400
2025-04-08,69.058837890625,72.62119943791627,68.28355661977841,72.2973463461879,4206400
2025-04-09,75.09423828125,75.4867867811843,67.84193300929418,67.84193300929418,4340000
2025-04-10,72.60157012939453,74.44653831327744,70.43274138996972,73.90678319944055,3027400
2025-04-11,74.1913833618164,74.45635678631105,71.9636823753749,72.58194122046235,3018200
2025-04-14,75.11387634277344,76.05598833203037,74.41710625136176,75.47698504699102,2954300
2025-04-15,75.39846801757812,76.4681550156657,75.29051699188709,76.23262890835797,3296300
2025-04-16,69.9126205444336,75.6634348530625,69.31398575383557,73.7595869415324,6648400
2025-04-17,71.87535858154297,71.93424572694448,70.42293877380504,71.05101341832528,3692200
2025-04-21,70.74678039550781,71.47299774570666,70.03038630410292,71.36504672033223,2508700
2025-04-22,71.90479278564453,72.05199940677208,70.9921207193414,71.5122517789574,2664400
2025-04-23,71.88516998291016,74.03436722200199,71.74777913072748,73.0726237694833,3949000
2025-04-24,74.9470443725586,75.25126592478776,71.7183441534425,72.53288103735198,3279100
2025-04-25,73.52405548095703,73.93622805744056,72.89598084424682,73.76939736989821,2748400
2025-04-28,74.04417419433594,74.4759782862535,73.36703571693042,73.53386639344774,1881600
2025-04-29,74.44654083251953,75.02554407673804,73.45535753867767,73.6418197638111,2490800
2025-04-30,74.74095916748047,74.95685374776505,72.69971278554932,73.94604632911621,2872400
2025-05-01,74.33859252929688,75.2021932850558,73.87734857901144,74.7802049355649,3328700
2025-05-02,75.63399505615234,75.90877676593469,75.074615864884,75.20219094807149,2637000
2025-05-05,75.62417602539062,76.00690874569915,74.63300025599663,74.85871058477359,1330000
2025-05-06,74.55448913574219,75.41808982832127,74.19138047038749,74.829270833961,1737500
2025-05-07,74.4661636352539,75.13349383860287,73.77920937617698,74.58393043134133,2757300
2025-05-08,75.03535461425781,76.07560171930234,74.29932902395511,74.79001275082358,1619100
2025-05-09,74.53486633300781,75.56530530939581,74.35821986526246,75.56530530939581,1733800
2025-05-12,76.15412139892578,77.60654868669597,75.70269321836972,76.54666992161289,2121900
2025-05-13,75.98728942871094,76.52704457420849,75.81064297084266,76.15412011468648,1646900
2025-05-14,74.60356140136719,75.84990244194101,74.01474234083777,75.74195140733256,2819700
2025-05-15,74.86852264404297,75.00591348620132,73.65162911896635,74.41709452163131,2015200
2025-05-16,75.53585815429688,75.63399340747425,74.22082180255232,75.05499017265979,1889000
2025-05-19,75.52604675292969,75.55548658186237,74.10306678142082,74.49561530408405,1808900
2025-05-20,74.67225646972656,75.98729293616599,74.5446813781931,75.37884233381455,1756900
2025-05-21,72.15995025634766,74.15212506073176,72.13051042964085,74.11286946270944,2352200
2025-05-22,71.76740264892578,72.33659759641323,71.25709484281832,72.0520001226695,2553300
2025-05-23,71.76740264892578,71.93424081438923,70.63883601262738,70.91361771493446,2302000
2025-05-27,72.86653900146484,73.05300122782312,72.09125775537102,72.76840374604893,1932000
2025-05-28,72.68006896972656,73.3866547124224,72.48379847997295,73.02355355765427,3366900
2025-05-29,72.7291488647461,73.00393057752056,71.59075892640598,72.71933309293554,3021100
2025-05-30,72.0716323852539,72.52306054172922,70.85473128111357,72.12069626844736,6605700
2025-06-02,69.17658996582031,70.49162625191306,68.65646641143091,70.13833336832036,6180200
2025-06-03,70.12852478027344,70.66827993194688,68.39150749739392,69.24529248082611,3247700
2025-06-04,69.8831787109375,70.79585078457043,69.74578786004564,69.92243430936944,2666500
2025-06-05,68.91162872314453,70.14815389963061,68.64665529884893,70.07945847245028,2421700
2025-06-06,70.09908294677734,70.38368042886246,69.4415684988083,69.81448546469223,2310300
2025-06-09,70.21684265136719,70.64863922949027,69.61820791974726,70.28553807201672,3132700
2025-06-10,72.55575561523438,72.58548630949251,70.41506245529177,70.80157660307606,4110100
2025-06-11,72.64495849609375,73.41798682610644,72.29808021772153,72.85308092638836,3784700
2025-06-12,70.5538101196289,72.70441601260836,69.94926080428051,72.47646808993022,10728700
2025-06-13,68.85909271240234,70.34568790638913,68.70051892899428,69.86997411737913,3958700
2025-06-16,70.02854919433594,70.07809783165558,69.02757296142177,69.55283539653867,5504400
2025-06-17,68.6014175415039,70.00872591448979,67.75901506816528,69.40417656699883,5617600
2025-06-18,68.79962158203125,69.45372707603273,68.27435917326795,68.5815864173641,3439100
2025-06-20,69.65193939208984,70.16729663025397,68.83926764995182,69.08703351720384,8876300
2025-06-23,71.05924987792969,72.21879991867618,69.20596597334797,70.12765533017935,10537200
2025-06-24,71.83228302001953,71.92147510217616,70.42496715809692,71.02951647453907,4701800
2025-06-25,70.05828094482422,71.07907513580786,69.60239264405553,70.3952389040476,5299600
2025-06-26,70.58354187011719,70.94032532586684,70.0384539346068,70.20693291059574,5988900
2025-06-27,70.7222900390625,71.79264040460731,70.24657624508228,71.0790734942441,4425800
2025-06-30,71.29711151123047,71.68362567622127,70.55381387683053,70.9601459851376,3081400
2025-07-01,73.17021942138672,73.87387359328729,70.83130897561458,70.83130897561458,3290000
2025-07-02,74.34957885742188,74.61717023099509,72.15932947647877,73.5864633056311,6545300
2025-07-03,74.04235076904297,74.68654353533015,73.90360248845363,74.4486904202076,2280000
2025-07-07,73.18012237548828,73.76485374966626,72.8134337338717,73.7450358073684,3895500
2025-07-08,73.99280548095703,74.31985069359577,72.69450713781008,72.98191646381316,4835100
2025-07-09,71.85210418701172,73.12066426493291,70.98987621473036,71.93139108218541,6501900
2025-07-10,72.77378845214844,73.33869430856313,72.1097777643163,72.3179001786571,4393200
2025-07-11,72.09986877441406,72.78370500093524,72.01067668984922,72.34763464649109,3599300
2025-07-14,72.00076293945312,72.29807744509434,71.55477983916994,72.12959846910955,4001400
2025-07-15,70.14746856689453,73.66574677797583,70.14746856689453,72.7242319800458,7596400
2025-07-16,73.38825225830078,73.39815744882941,71.03942913539748,71.31692569448194,8622600
2025-07-17,70.22676086425781,72.4566537598768,70.14747396883321,72.268349273547,6957400
2025-07-18,70.42496490478516,71.16826247716456,70.12765041256175,70.73219970966078,4789200
2025-07-21,69.7807846069336,70.80157880129889,69.75104635053795,70.74210984972201,4199100
2025-07-22,74.53787994384766,74.90457613636654,70.8213920673422,70.93040964995015,5436600
2025-07-23,77.18402099609375,77.28313339293129,74.13155122834024,74.65681366223637,4808600
2025-07-24,76.37134552001953,78.5913330479856,76.09384896932725,76.80741584894392,4014700
2025-07-25,75.79653930664062,76.58938556467879,74.91448584114531,76.17314071211767,2112500
2025-07-28,73.96306610107422,75.56859168916314,73.94324815805732,75.54877374614624,2648200
2025-07-29,73.65583801269531,74.4387790743597,73.40807214107548,74.21083114553515,1978000
2025-07-30,72.00076293945312,74.0819947237986,71.65389223559792,73.63601918472966,3777200
2025-07-31,71.4061279296875,72.71433144229606,71.08898791333435,71.87192142150742,5288800
2025-08-01,70.47452545166016,71.35657135377495,70.01863715313455,71.29710996390207,2435300
2025-08-04,71.4061279296875,71.66379899463952,69.9789940754911,70.5538127180107,3072000
2025-08-05,71.96112060546875,72.31790406672461,71.18809229315252,71.6538933431929,3863000
2025-08-06,72.29808044433594,73.22968256866335,71.55478280757629,72.14942696595566,3299200
2025-08-07,72.0304946899414,73.1702192146446,71.47550155563627,72.43682678863927,3562900
2025-08-08,72.28816986083984,72.46656158280342,71.15835814214186,71.63406435990207,5059700
2025-08-11,72.28816986083984,73.41798157953782,71.48540333139675,72.8431629686314,4608400
2025-08-12,73.02156066894531,73.70539691932773,71.90166161011747,72.5656723557619,4110700
2025-08-13,75.78662872314453,75.93528976366001,72.84316885355354,72.97200438935249,3429600
2025-08-14,74.73609924316406,75.082969942363,73.89368925211988,74.95412685322187,2246800
2025-08-15,75.6280517578125,76.0343914140953,74.77573655990572,75.26136310929945,3126000
2025-08-18,75.47940063476562,76.03439378139302,75.26136545252928,75.95510688581352,1754300
2025-08-19,76.97589874267578,77.26330805946705,75.85599973135609,76.11367835351626,2595400
2025-08-20,77.01554107666016,77.58044695013339,76.3911738147837,76.85697485384682,3242300
2025-08-21,76.78759765625,77.27321661837398,76.48036285223313,76.7281287090004,3049400
2025-08-22,78.96794128417969,79.32472475495817,77.02545769950494,77.31286702658842,4736900
2025-08-25,78.44267272949219,78.90847375573756,78.13543792169678,78.71025653115763,4316800
2025-08-26,77.21376037597656,78.8787397856009,77.17411692890725,78.60124321733018,5118600
2025-08-27,77.75884246826172,78.04625179491572,76.41099548316029,76.80742240134563,3655900
2025-08-28,77.03536987304688,78.07598202065392,76.34162088009434,77.98678993423668,2047100
2025-08-29,77.6300048828125,77.84804006011588,76.80742037251859,77.04527349266121,1767200
2025-09-02,76.93000030517578,78.19999694824219,76.63999938964844,77.06999969482422,4341800
2025-09-03,77.52999877929688,77.75,76.41000366210938,76.94000244140625,2740400
2025-09-04,78.54000091552734,78.55999755859375,76.58999633789062,77.5999984741211,2828400
2025-09-05,79.43000030517578,80.22000122070312,78.5199966430664,78.5199966430664,2729900
2025-09-08,78.94000244140625,79.37999725341797,77.66000366210938,79.19000244140625,4272000
2025-09-09,77.7300033569336,78.91000366210938,77.44000244140625,78.63999938964844,2789600
2025-09-10,76.0,77.5,75.30999755859375,77.5,2964400
2025-09-11,77.83999633789062,77.86000061035156,75.81999969482422,76.0999984741211,2372400
2025-09-12,77.19999694824219,77.94999694824219,75.6500015258789,77.56999969482422,3292500
2025-09-15,76.8499984741211,77.66000366210938,76.63999938964844,77.5,2132600
2025-09-16,76.9000015258789,77.55999755859375,75.98999786376953,76.80999755859375,2342900
2025-09-17,76.5999984741211,78.44999694824219,76.30000305175781,76.75,2893000
2025-09-18,76.04000091552734,77.20999908447266,75.83000183105469,76.69999694824219,2408900
2025-09-19,75.01000213623047,76.25,74.06999969482422,75.88999938964844,8425700
2025-09-22,74.52999877929688,75.43000030517578,74.47000122070312,74.9000015258789,2450700
2025-09-23,76.27999877929688,77.63999938964844,75.55000305175781,76.05999755859375,3390900
2025-09-24,77.06999969482422,77.26000213623047,76.0,76.0199966430664,2265700
2025-09-25,75.87999725341797,76.8499984741211,75.37000274658203,76.80000305175781,2613000
2025-09-26,77.05000305175781,77.19000244140625,75.70999908447266,75.81999969482422,2556900
2025-09-29,79.12999725341797,79.16999816894531,76.80000305175781,77.33000183105469,2538700
2025-09-30,81.52999877929688,82.95999908447266,79.05999755859375,79.1500015258789,11008700
2025-10-01,77.44999694824219,81.69000244140625,77.33000183105469,80.97000122070312,6287800
2025-10-02,76.8499984741211,77.52999877929688,75.80999755859375,76.77999877929688,4480700
2025-10-03,77.61000061035156,78.48999786376953,76.56999969482422,76.73999786376953,3210300
2025-10-06,78.5,79.52999877929688,77.86000061035156,78.08000183105469,5640400
2025-10-07,79.76000213623047,80.37999725341797,78.54000091552734,78.68000030517578,4009000
2025-10-08,79.62999725341797,80.63999938964844,79.2699966430664,79.9000015258789,5064900
2025-10-09,77.5999984741211,80.01000213623047,77.5999984741211,79.9800033569336,5588400
2025-10-10,76.5,78.69999694824219,76.33000183105469,77.91999816894531,3332800
2025-10-13,76.51000213623047,77.4800033569336,76.16999816894531,76.9800033569336,3414000
2025-10-14,78.55000305175781,78.61000061035156,75.69999694824219,75.76000213623047,3958400
2025-10-15,79.30999755859375,79.93000030517578,78.31999969482422,78.62999725341797,4007200
2025-10-16,77.20999908447266,79.31999969482422,76.97000122070312,79.30999755859375,2481900
2025-10-17,77.5199966430664,78.27999877929688,76.6500015258789,77.27999877929688,2986400
2025-10-20,78.19000244140625,78.45999908447266,77.4800033569336,77.86000061035156,3123700
2025-10-21,78.70999908447266,79.68000030517578,77.94000244140625,78.23999786376953,4062400
2025-10-22,81.2300033569336,82.5,78.4800033569336,78.48999786376953,7381700
2025-10-23,80.33000183105469,81.87999725341797,80.33000183105469,81.51000213623047,3300700
2025-10-24,79.0,81.08000183105469,78.5,81.08000183105469,3301200
2025-10-27,79.19999694824219,79.83999633789062,78.81999969482422,79.0999984741211,3041500
2025-10-28,76.91999816894531,78.93000030517578,76.86000061035156,78.93000030517578,3346900
2025-10-29,75.23999786376953,76.48999786376953,74.94999694824219,76.25,4648700
2025-10-30,75.05000305175781,76.58999633789062,73.81999969482422,74.5199966430664,3958400
2025-10-31,75.0199966430664,75.29000091552734,74.08000183105469,74.48999786376953,3125300
2025-11-03,73.02999877929688,74.66000366210938,72.5199966430664,74.66000366210938,3438600
2025-11-04,73.54000091552734,73.88999938964844,72.81999969482422,73.19000244140625,2507600
2025-11-05,73.4000015258789,74.37000274658203,72.91999816894531,73.5,2419300
2025-11-06,72.98999786376953,75.55000305175781,72.7699966430664,73.75,2956300
2025-11-07,74.27999877929688,74.33000183105469,72.86000061035156,73.12000274658203,3037900
2025-11-10,72.73999786376953,74.08000183105469,71.11000061035156,74.08000183105469,3921500
2025-11-11,73.91000366210938,74.02999877929688,72.37000274658203,73.25,2344500
2025-11-12,74.08999633789062,74.56999969482422,73.31999969482422,73.72000122070312,3032700
2025-11-13,73.05999755859375,74.27999877929688,72.95999908447266,73.9000015258789,2128900
2025-11-14,72.2300033569336,72.91000366210938,71.87999725341797,72.9000015258789,2206800
2025-11-17,73.02999877929688,73.12000274658203,72.0199966430664,72.0199966430664,3384400
2025-11-18,73.54000091552734,73.69000244140625,72.11000061035156,72.81999969482422,2813000
2025-11-19,72.0,73.69999694824219,71.88999938964844,73.69999694824219,2535700
2025-11-20,71.51000213623047,72.11000061035156,71.1500015258789,72.0,2844700
2025-11-21,74.87000274658203,75.0199966430664,71.88999938964844,72.19000244140625,3434400
2025-11-24,74.83000183105469,75.5,73.69999694824219,74.62999725341797,6485300
2025-11-25,72.8499984741211,75.56999969482422,72.5999984741211,75.51000213623047,7564000
2025-11-26,71.5,73.68000030517578,71.20999908447266,72.5999984741211,11208700
2025-11-28,71.62000274658203,72.69000244140625,70.88999938964844,71.05999755859375,9216800
2025-12-01,72.01000213623047,73.38999938964844,71.62000274658203,71.70999908447266,7730600
2025-12-02,72.47000122070312,72.75,71.05000305175781,72.05000305175781,6023700
2025-12-03,71.0,73.04000091552734,70.29000091552734,72.33999633789062,6523900
2025-12-04,70.16999816894531,71.44999694824219,69.86000061035156,70.97000122070312,5546700
2025-12-05,73.44000244140625,74.6500015258789,70.29000091552734,70.30999755859375,8059700
