Date,Close,High,Low,Open,Volume
2015-01-02,64.32987213134766,65.23652438940907,63.66404701505155,65.0523589607173,2083400
2015-01-05,62.360748291015625,64.19530199413087,62.346578806841286,63.89780767536755,3411700
2015-01-06,60.745750427246094,63.26737726760483,60.47658436850703,62.58030344998347,4422100
2015-01-07,61.446983337402344,61.815308698347664,60.979487844281195,61.489480962568855,2249200
2015-01-08,62.62987518310547,62.750288713108695,61.94280148215358,61.971135031108204,2116700
2015-01-09,61.46117401123047,62.658241409515014,61.34784516038074,62.63699258773536,2351600
2015-01-12,61.02908706665039,61.59574199015525,60.80950335257529,61.397412496724876,2544000
2015-01-13,60.20283508300781,61.97644364920074,59.932166449688665,61.363872932534385,3591400
2015-01-14,59.120174407958984,59.818222231842114,58.29391394027492,59.24126261756237,6015400
2015-01-15,58.706993103027344,59.39791589165709,58.45769246649761,58.84945449129169,4737100
2015-01-16,60.145843505859375,60.480621088173976,58.83522546385627,59.0275470442425,4161900
2015-01-20,60.27406692504883,60.86526433032529,59.91792142180678,60.352419370510006,5253300
2015-01-21,60.38801956176758,60.9364865791954,59.59025725910617,59.78969783477152,3550200
2015-01-22,62.01205062866211,62.190123372653765,60.6159609678894,60.765541420720524,3769900
2015-01-23,61.45646667480469,62.13314638612212,61.435098814278184,61.81261217517732,2841300
2015-01-26,61.81261444091797,61.8624745954238,61.071831120867614,61.25702830946752,1860900
2015-01-27,60.900856018066406,61.456441905226946,60.680047635822305,61.086053125235544,2218500
2015-01-28,59.583152770996094,61.420865149299196,59.56178490707279,61.22854350528961,2668200
2015-01-29,60.92936706542969,60.92936706542969,59.53327748876868,59.58313763670841,3586700
2015-01-30,60.21708297729492,61.12169017398552,59.960657777500124,60.15297396017164,4301200
2015-02-02,61.38523864746094,61.5348191054611,60.03900909111041,60.55185948102472,2625700
2015-02-03,62.40380859375,62.46791216873846,61.67014980791221,61.748502244686,2546100
2015-02-04,62.503536224365234,63.00926219012709,62.13314728970484,62.13314728970484,3292900
2015-02-05,63.26567459106445,63.344027021184154,62.51776700695753,62.59611943707723,2571800
2015-02-06,64.41960144042969,65.38119322836017,63.96373562342043,64.19878752937734,3618700
2015-02-09,63.75718307495117,64.34126160714406,63.65033831437986,63.750058641753014,2212800
2015-02-10,64.2486343383789,64.49794049050527,63.71441618556196,64.29849448193457,1485400
2015-02-11,63.95659637451172,64.12754465769855,63.557715235626475,64.00645651687238,1515000
2015-02-12,65.21736907958984,65.21736907958984,64.02071985637032,64.31988623793742,2227800
2015-02-13,65.80144500732422,65.94390647742443,65.05354266810843,65.1461385479115,2737100
2015-02-17,65.80144500732422,65.98664220127979,65.44529948359782,65.56639309177037,2644200
2015-02-18,65.03926849365234,65.69458013239753,64.87544465972653,65.65896342014551,2099800
2015-02-19,65.26010131835938,65.28859360958275,64.49795018976812,64.7686188048668,1455600
2015-02-20,65.72309112548828,65.83706029908548,64.5620586998007,64.91107978383083,2524500
2015-02-23,65.26010131835938,65.58063008451174,65.02504399152824,65.38118948029704,1458800
2015-02-24,65.77295684814453,66.01513864536503,65.00368659864061,65.16039150842745,2317700
2015-02-25,65.72309112548828,65.89404488588407,65.52365050604249,65.63049524770254,1309900
2015-02-26,65.64473724365234,65.79431769258719,65.27434290256238,65.77294439901186,1512900
2015-02-27,65.50228118896484,65.76583082128968,65.29571614217227,65.3242084349384,1638200
2015-03-02,66.20743560791016,66.20743560791016,65.23160057313495,65.50226915315505,1298800
2015-03-03,65.76580047607422,66.08632911168597,65.3028104423654,65.88688858869673,1449300
2015-03-04,65.58061981201172,65.75156809822585,65.18885766199183,65.28145895255001,2112800
2015-03-05,65.91541290283203,65.92965633239064,65.23873316028842,65.63761983447021,2265300
2015-03-06,66.76301574707031,67.81720303528594,66.07209283601624,66.07209283601624,4450900
2015-03-09,67.33285522460938,67.40408322490161,66.60632092667157,66.69891678361668,2431900
2015-03-10,66.1575927734375,66.65619978416422,65.91541641758279,66.4140179939599,3556800
2015-03-11,66.4709701538086,66.59918270151694,66.12194922062635,66.37837431604304,2356200
2015-03-12,68.82865905761719,68.88564362669678,67.31148158771946,67.37558515217329,4031800
2015-03-13,68.15911865234375,68.7218291211815,67.79584876803618,68.7218291211815,3052800
2015-03-16,68.35140991210938,68.84289219809187,68.09498484414863,68.536607002158,2706000
2015-03-17,68.25171661376953,68.39417262586011,67.69613055852837,67.83146757405838,2580100
2015-03-18,68.40129852294922,68.72895170525959,67.86708031463584,67.93118932549473,3212600
2015-03-19,67.57504272460938,68.43691410083765,67.23314068588604,68.32294494314704,3344000
2015-03-20,68.35855865478516,68.54375581070688,67.53942303156994,67.78872376010979,3297200
2015-03-23,67.74600219726562,68.62211714549137,67.73175333303057,68.44404438299921,1909200
2015-03-24,67.27587890625,67.80297812866021,67.23314318770005,67.6676411074537,3938500
2015-03-25,65.88691711425781,67.33286696629649,65.88691711425781,67.23314666162824,3076900
2015-03-26,65.87979888916016,66.27868557976096,65.5094099275482,65.87267989126248,3525700
2015-03-27,65.55927276611328,65.89405044888147,65.19600278754037,65.87980158380422,2720400
2015-03-30,66.84851837158203,67.3542443983679,65.97952236368104,65.97952236368104,2483400
2015-03-31,66.41400146484375,66.82000705723262,66.22880974505111,66.4923538979669,2339000
2015-04-01,65.88691711425781,66.47811994504032,65.67322764176926,66.47099551346429,3079500
2015-04-02,66.44962310791016,66.59920355468118,65.68034758078888,65.92964832540726,2226800
2015-04-06,65.87979888916016,66.32854573679236,65.18887568861811,65.56639451682682,2560000
2015-04-07,66.2573013305664,66.57783551651161,66.05786073540867,66.19319775398655,2074800
2015-04-08,66.12907409667969,66.60631305436303,65.90826569156701,66.2715355147745,2199200
2015-04-09,66.60633087158203,66.64906659126858,65.78719516004688,66.10772392639377,1824700
2015-04-10,66.58497619628906,66.89126159483791,66.20033833990097,66.49237487283361,2178700
2015-04-13,66.83561706542969,67.20803773222083,66.42738430229997,66.46319639863854,2523900
2015-04-14,67.05048370361328,67.20804273241255,66.49184446562643,66.49184446562643,4803700
2015-04-15,66.03347778320312,67.04331995866873,65.91172538966957,66.34144325542039,6130100
2015-04-16,65.71835327148438,66.04064029989753,65.00215501798046,65.92605142069961,4751600
2015-04-17,65.12389373779297,65.63239373532895,64.7586311752234,65.42469562971714,3098600
2015-04-20,65.48201751708984,65.87592880823549,65.31728948693078,65.70403726437559,2090400
2015-04-21,65.3172607421875,65.88305786403775,65.18118682671495,65.48198869985329,1862400
2015-04-22,65.46768188476562,65.81861748244984,64.9162061956745,65.22417164870807,2333100
2015-04-23,65.46052551269531,65.68970874942823,65.16688158779658,65.41039185041497,2498900
2015-04-24,65.1740493774414,65.63241588098515,64.9090540227653,65.31728686073893,1969200
2015-04-27,65.04512786865234,65.6897074164335,64.92337547189346,65.49633082001952,1981300
2015-04-28,65.46768188476562,65.54645866190558,64.93769126799984,64.93769126799984,1954000
2015-04-29,65.78997802734375,66.20537436380542,65.24566577488223,65.27431436334437,2105000
2015-04-30,65.69689178466797,66.20539207151865,65.45338144968876,65.7470254618459,2047900
2015-05-01,65.89022827148438,66.21967875714282,65.66104508736727,66.1265749668996,1418900
2015-05-04,66.7998046875,66.86426536780598,65.99766618882084,66.04779984498829,1686900
2015-05-05,66.68521118164062,67.51599820671186,66.38440926553682,66.47751305933323,2011200
2015-05-06,66.3629379272461,67.00751203394577,65.94037808362087,66.8213044078216,1876300
2015-05-07,66.1552505493164,66.43456749820788,65.997686021396,66.27700297028748,2091200
2015-05-08,67.07197570800781,67.15791601184064,66.24834652326501,66.62076725624661,1767200
2015-05-11,67.07197570800781,67.35845613715658,66.6780644349083,66.92157471214064,1647300
2015-05-12,67.22954559326172,67.37278308721024,66.37726775103563,66.7783371054196,1988100
2015-05-13,67.45872497558594,67.75952697404387,66.90009113154699,67.00751651373923,2181800
2015-05-14,68.01021575927734,68.08899803935094,67.56617067742262,68.01021575927734,2412400
2015-05-15,67.13642120361328,68.09612968251585,66.84278276781818,68.01018392698224,2651900
2015-05-18,67.77384185791016,67.86695113218072,67.16507440745494,67.20804455609716,1195600
2015-05-19,68.43990325927734,68.54017057749302,67.79532920336484,67.8669479357819,2630100
2015-05-20,68.0674819946289,68.49003633721526,67.98869975039095,68.27518014178726,1445300
2015-05-21,68.01021575927734,68.20359243369853,67.74522032046963,67.89562682909121,1514600
2015-05-22,68.19641876220703,68.4685722120113,68.00304211658347,68.03169071090402,2114700
2015-05-26,67.75952911376953,68.10330127596006,67.45872710581281,67.97439081325861,2385400
2015-05-27,68.67623901367188,68.77650631585628,67.81680343376037,68.03882310800324,1881600
2015-05-28,68.75503540039062,68.7980055489849,68.28950542203529,68.6762531518616,1563200
2015-05-29,68.53302001953125,68.73355467788019,68.26802467005035,68.71206960222275,3669700
2015-06-01,67.7667007446289,68.85532000750715,67.7165670706311,68.85532000750715,2359800
2015-06-02,67.781005859375,67.99586753245369,67.24385714083758,67.63776838676208,2836000
2015-06-03,68.76935577392578,69.04151461474625,68.045999452341,68.25369760722428,2627600
2015-06-04,68.00303649902344,68.71207685552359,67.82398689743133,68.46140304196645,2269000
2015-06-05,69.12026977539062,69.36377447000737,68.51866062042251,68.81230442009723,3567700
2015-06-08,68.96272277832031,69.47122282577907,68.88394054210686,68.99852940849834,2558900
2015-06-09,69.87945556640625,69.94391624338047,68.86961898318309,68.9913713612741,2419200
2015-06-10,71.03254699707031,71.34051248196818,69.96541306928165,70.16594771727851,3594800
2015-06-11,70.74606323242188,71.32618207435884,70.60998381452195,70.98957348212913,2287200
2015-06-12,70.48826599121094,70.83204372876108,70.21611248609833,70.55272670757236,1839500
2015-06-15,70.06568145751953,70.56701808512658,69.61447302851376,69.8293347055793,2788800
2015-06-16,70.5741958618164,70.73176039495509,69.90813108528683,70.08001718318334,1733600
2015-06-17,69.80070495605469,70.83919605660174,69.67895252279911,70.76757183547643,2158200
2015-06-18,70.10865020751953,70.28053626724454,69.42110050446018,70.02270444557738,2671500
2015-06-19,69.5643539428711,70.20893364497914,69.50706221925304,69.793537229825,2475000
2015-06-22,70.33782958984375,70.55269125085266,70.00121553753732,70.18026510032507,1990800
2015-06-23,70.90362548828125,71.07551153525804,70.59566002769509,70.86781339075492,1584000
2015-06-24,70.10865020751953,71.0826803195601,70.0656800586281,70.56701667622576,2545800
2015-06-25,69.75769805908203,70.53119334094762,69.62161866759882,70.48105969105771,2250300
2015-06-26,69.915283203125,70.36648618561468,69.78636728467657,70.08716927300301,2240000
2015-06-29,68.51153564453125,69.57150612497573,68.43991143939445,69.06300596063065,2054600
2015-06-30,68.5043716430664,69.64312436971957,68.32532205981958,69.30651027895,2333100
2015-07-01,69.50704956054688,69.90095536042502,69.15610844743706,69.39245520585969,1869000
2015-07-02,69.09164428710938,69.67892661854334,68.73354517125551,69.36379764806111,1752100
2015-07-06,68.88395690917969,69.07017000848897,68.074654747972,68.13910997610229,1731600
2015-07-07,68.54017639160156,68.92692413645142,67.42290877147498,68.67625581964859,2327600
2015-07-08,67.42291259765625,68.28234843665503,67.38710049429804,67.99587346642863,2307500
2015-07-09,67.96720123291016,68.53299839135582,67.7523396158242,68.40408251393582,2896000
2015-07-10,68.96987915039062,69.34946326876613,68.46137369141294,68.94123057071879,3141700
2015-07-13,69.79070281982422,69.96350401176683,69.45949824641303,69.55309774762135,2627300
2015-07-14,70.20112609863281,70.26592450134743,69.04910871771594,69.34431059661392,3002700
2015-07-15,70.79151153564453,71.02911658550623,68.76107986816791,69.31548615792822,3974200
2015-07-16,71.43954467773438,71.88594830935469,71.23794232884107,71.54034585218102,2341900
2015-07-17,71.14435577392578,71.36036148564402,70.63314811566295,71.0363584113201,1746900
2015-07-20,71.66273498535156,71.92914118546574,71.13712973060748,71.36033151057406,2134100
2015-07-21,71.42513275146484,72.17394530931142,71.20913261511092,71.7275417315625,1601100
2015-07-22,71.84994506835938,72.18114968452961,71.28833700210323,71.47553602868757,1980100
2015-07-23,71.29554748535156,72.37556490459589,71.18034848379021,71.85716115769085,2407100
2015-07-24,70.80592346191406,71.52593491298865,70.7339234154569,71.1515313754605,1507800
2015-07-27,70.20831298828125,70.625915424436,69.97790956054892,70.30191249249246,1680600
2015-07-28,70.66193389892578,71.02193967811054,69.92752452641984,70.84193678851817,1771300
2015-07-29,70.95714569091797,71.1587480608886,70.43873645770628,70.8059384201874,1689700
2015-07-30,71.04353332519531,71.23793950624824,70.67633141565409,70.76993093300251,1521200
2015-07-31,70.69072723388672,71.12273302267268,70.3595226127091,71.09393190432006,1480900
2015-08-03,70.43151092529297,70.93551667934737,69.89150240598437,70.72671821927536,1578000
2015-08-04,70.50350189208984,71.26671756993345,70.43150186409517,70.5323030019377,1420800
2015-08-05,70.97872924804688,71.68433738476051,70.74832580641059,71.07953041043454,1175900
2015-08-06,70.94994354248047,71.43234999487116,70.64033833553893,71.13714809611437,1562900
2015-08-07,70.41712951660156,71.42514125949506,69.98511820593063,70.82753586713734,1557600
2015-08-10,71.90034484863281,71.9363476189402,70.89952935850401,70.91392717067606,1919500
2015-08-11,70.50350189208984,71.30271483730579,70.18670067026326,70.8491097170143,2491900
2015-08-12,69.17150115966797,69.99231378955847,68.24268571147577,69.79791311121662,2573300
2015-08-13,69.40910339355469,69.61070571632092,67.47227087665522,68.01227945260105,1682800
2015-08-14,70.26592254638672,70.31632862698747,69.24350749259722,69.39470925464337,1503400
2015-08-17,70.59711456298828,70.94991858387033,69.72589600162043,69.78349822759114,2052800
2015-08-18,71.28112030029297,71.48272258989898,70.52510622102001,70.52510622102001,2716300
2015-08-19,70.53953552246094,71.21634816694996,70.15793026316477,70.87794184470545,2662400
2015-08-20,68.45867156982422,69.92029354124533,68.44426826847774,69.76909183660693,3240400
2015-08-21,66.442626953125,68.35785921746624,66.39942804267338,67.81064921433317,3702200
2015-08-24,63.95861053466797,65.08182650031539,59.59533795032463,63.14499418082015,4890500
2015-08-25,61.81298065185547,65.98184752345597,61.776983376023786,65.9098474785413,3367400
2015-08-26,64.10260009765625,64.13860285711309,61.99296693553191,63.23858880319058,4152900
2015-08-27,65.7586669921875,65.80186593444975,64.53464385997734,64.84424909711397,3062500
2015-08-28,65.6866455078125,66.00344680320228,65.18983586076196,65.47784153286736,2336600
2015-08-31,65.60742950439453,65.85943235256616,65.13942107593287,65.33382170359383,2071700
2015-09-01,62.777793884277344,64.59942179397844,62.33858650368725,64.18901552773453,3271200
2015-09-02,64.0378189086914,64.28982181277105,63.1522024249243,64.08101783703326,2575100
2015-09-03,64.47702026367188,65.22582725305088,64.08821346538808,64.36181580792076,2336400
2015-09-04,63.1161994934082,64.06661428452433,62.684188275695654,63.728208060833225,3143800
2015-09-08,65.50662231445312,65.54261957900975,64.24660269672955,64.46260276381813,2866600
2015-09-09,64.77223205566406,66.55066128947195,64.62823195702241,66.43545681595731,2032200
2015-09-10,65.1826400756836,65.65064864832591,64.3330262877835,64.5130291623958,1859700
2015-09-11,65.05306243896484,65.08906522483176,64.49145413626576,64.75786046922086,1440500
2015-09-14,65.27623748779297,65.79464109200097,64.82262678089063,65.0890329818769,1743300
2015-09-15,66.2194595336914,66.48586027703233,65.44184578357068,65.58584588844406,2272600
2015-09-16,66.07545471191406,66.24105977839089,65.27624697924918,66.19065919176785,1749400
2015-09-17,64.67143249511719,66.7090663517187,64.41942956960592,66.02505213304323,2585700
2015-09-18,62.95059585571289,63.84340843848354,62.70578912736796,63.476206585842554,4116700
2015-09-21,63.987403869628906,64.32580455392906,63.32498932297204,63.47619652450518,1748800
2015-09-22,63.20980453491211,63.59140971652422,62.69139542281591,62.972199442992796,1823700
2015-09-23,63.324989318847656,63.83620215718816,62.95778752443415,63.07298647172562,1332500
2015-09-24,63.21697998046875,63.49058223476247,62.36016497021481,62.58336666468472,3348700
2015-09-25,64.28982543945312,64.82263239431383,63.97301863173786,64.15302150098488,2423800
2015-09-28,62.89300537109375,64.03062489465106,62.749005263941775,63.670619133519146,2748100
2015-09-29,63.253021240234375,63.533825339330384,62.6266146314446,62.87861760585732,2039000
2015-09-30,64.22502136230469,64.44102700207037,63.51941319313979,63.908220048767056,2393200
2015-10-01,64.12421417236328,64.59942433791265,63.38980495399282,64.13861747672901,2391100
2015-10-02,63.4762077331543,63.55540393345367,61.15056849147148,62.54019071478637,3379100
2015-10-05,65.22586059570312,65.48506526039453,63.99464118504572,64.08824622650593,2484800
2015-10-06,64.76502990722656,65.41304133265926,64.7002315113091,65.06023724841042,2036000
2015-10-07,65.20423126220703,65.72264035418412,64.78662882100424,65.33383353520131,2841400
2015-10-08,65.49943542480469,65.5858332738104,64.77942405241946,65.06742970002372,1813300
2015-10-09,64.67143249511719,65.70825080950841,64.49142962071603,65.36984452671396,1693300
2015-10-12,64.59223175048828,64.87303579926551,64.24662930272487,64.53462951144377,1776100
2015-10-13,64.1794662475586,64.70808214803034,64.10705454843249,64.42567265417756,2516400
2015-10-14,62.41984558105469,63.91155335695644,62.18812478936016,63.78844737022852,3348000
2015-10-15,63.158451080322266,63.281551526169636,62.36914861206232,62.8470757895762,3729200
2015-10-16,63.440860748291016,63.88257931361555,63.035350796383405,63.88257931361555,3248400
2015-10-19,62.78913116455078,63.658087981744266,62.6225848370659,63.11499204274494,3313400
2015-10-20,63.73774719238281,63.9187792010832,62.55017765728094,62.55017765728094,2235800
2015-10-21,63.419132232666016,64.4691156338416,63.34672053683637,64.08532867375202,3277200
2015-10-22,64.79499053955078,65.28739791201141,63.752244215596626,63.80293296608554,2420800
2015-10-23,66.0694351196289,66.17081259450539,65.15703784574052,65.24392966725863,2551800
2015-10-26,65.40325927734375,66.1635961027219,65.25843584615733,65.88842384894402,1755400
2015-10-27,64.90359497070312,65.50462257662176,64.65739408615346,64.94704641036256,1621900
2015-10-28,67.28596496582031,67.40182808479626,64.91806909948946,64.92531192558985,2351800
2015-10-29,66.7284164428711,67.80736594158249,66.68496499299032,66.96013725181568,2127000
2015-10-30,65.35980224609375,66.77184979651628,65.18600752861188,66.67771513470771,2934500
2015-11-02,66.56909942626953,66.76461159114912,65.68566222087898,65.77255958563615,2113900
2015-11-03,66.44596862792969,66.82251265394794,65.98976457709877,66.20700512746176,2387400
2015-11-04,66.77909851074219,67.10495396659152,66.51841193619899,66.61978943467031,1738500
2015-11-05,67.08319854736328,67.56112554432974,66.69941169961201,66.69941169961201,2394000
2015-11-06,68.9369888305664,69.57422505663762,68.55320184422368,68.7849226015245,4044600
2015-11-09,68.52423095703125,69.43663378800873,68.0535521746566,69.13974417950561,2495100
2015-11-10,69.00941467285156,69.04561776543423,67.90873679474284,68.23459777594289,2147000
2015-11-11,68.87183380126953,69.55975338397562,68.75597063700002,69.50182732650062,1793200
2015-11-12,67.53217315673828,68.71974253505441,67.488721723619,68.08974923907323,2357000
2015-11-13,66.85149383544922,67.81458535953719,66.46046406947386,67.38734698527118,2208000
2015-11-16,67.59012603759766,67.61185452511597,66.54014231860283,66.75738299650656,1747100
2015-11-17,67.51768493652344,68.41560752473858,67.11941789990348,67.80733720612001,1618800
2015-11-18,68.87183380126953,68.95873117447167,67.48874628226582,67.69150681973748,2098400
2015-11-19,68.86458587646484,69.12527245212111,67.87977115168768,67.87977115168768,1617900
2015-11-20,69.06735229492188,69.38597050111125,68.79218554163305,69.29907311997044,2227200
2015-11-23,68.71974182128906,69.45111257918921,68.62560165438984,69.01663140045554,1714700
2015-11-24,68.9007797241211,69.06008876672348,68.05355129718092,68.20561751294007,2280500
2015-11-25,68.58941650390625,69.15423555433124,68.40114164554487,68.82113728163597,1779300
2015-11-27,69.13976287841797,69.24837768855127,68.30701434455115,68.7704559499856,799900
2015-11-30,69.1614761352539,69.53077748720378,68.87182379133834,69.14699047949571,2203200
2015-12-01,69.76972198486328,69.99420539038836,69.00214817958103,69.63214144077864,1839100
2015-12-02,68.95149230957031,70.0087188833409,68.79218321187089,69.7190664806747,1832900
2015-12-03,67.95941925048828,69.46560698385737,67.80011018883171,69.1759546467235,2395500
2015-12-04,70.37800598144531,70.42145189595827,68.03182715389268,68.29251369028742,2541200
2015-12-07,69.8711166381836,70.46490144063772,69.42216076599803,70.1245603603301,1921300
2015-12-08,68.69078826904297,69.50181368577502,68.43010172525976,69.1252640004621,2904300
2015-12-09,67.74940490722656,69.05283734384469,67.33665222307374,68.1911233704884,1887100
2015-12-10,68.32150268554688,69.08183959578203,67.38737653356041,67.7639263361254,1644100
2015-12-11,66.88771057128906,67.72045341658082,66.51116088808048,67.16287724389639,2179800
2015-12-14,67.17736053466797,67.69149634069805,66.22151167605442,67.14840027274356,2594600
2015-12-15,68.67630767822266,69.30630112626432,67.87253055438892,67.87253055438892,2934400
2015-12-16,70.24044799804688,70.37079131841112,68.3577154452994,69.21942440108349,2881600
2015-12-17,69.28458404541016,70.60249710369271,69.262861084093,70.52284256242346,3637900
2015-12-18,67.88700103759766,68.97319305419921,67.80010368739255,68.72699218227217,6264700
2015-12-21,68.40111541748047,69.01662297937494,67.58285294340021,68.40835824281767,1762300
2015-12-22,68.48078155517578,68.74871089159605,67.37286665063074,68.58215902848984,2001800
2015-12-23,69.63939666748047,69.71180837111,68.69803347097893,69.00216594101825,1665500
2015-12-24,69.69009399414062,70.09560952878718,69.42940740924625,69.45113589520373,775800
2015-12-28,69.47285461425781,69.50905770599053,68.63286333096647,69.32802567334937,961600
2015-12-29,70.2042236328125,70.46491021509844,69.54526987317709,69.90009112836539,1219000
2015-12-30,69.5887222290039,70.23319591572208,69.48010188889927,70.21147295263316,849300
2015-12-31,69.01663970947266,69.84938803609111,68.9369851854256,69.16870593047385,1360300
2016-01-04,67.45977020263672,68.25630993396395,66.80805386803864,68.06803509848929,3040300
2016-01-05,67.55390930175781,67.87252742511086,66.81529556574098,67.51046338481288,1911000
2016-01-06,66.33013153076172,67.16287993406736,66.04772201937284,66.14185668161619,2576200
2016-01-07,64.65016174316406,65.78704274221087,64.36050937198168,65.17877773492138,2658300
2016-01-08,63.694313049316406,65.4539447200621,63.48431521745595,65.13532655797596,2358000
2016-01-11,63.9260139465332,64.33876665320177,63.26706039099395,63.99842563592707,1940700
2016-01-12,64.4474105834961,64.73706297194938,63.477081435536334,64.56327374874132,2108300
2016-01-13,62.571903228759766,65.05565696893522,62.15190766219123,64.67911283920157,2970800
2016-01-14,63.27848815917969,63.482446935283434,62.244117061502365,62.513637191330794,4580400
2016-01-15,62.885135650634766,63.13279828674605,60.342920149602136,61.603101934258234,5749700
2016-01-19,62.15669631958008,63.94134079430182,61.61037590191522,63.4751478158245,3426700
2016-01-20,61.31171417236328,61.99643749733167,60.12437987418847,61.042199673567204,4514000
2016-01-21,61.28260040283203,62.73217505418577,61.093213264004916,61.581258329957144,2534200
2016-01-22,62.455379486083984,62.841445216348426,61.75608967245118,62.491803088262735,2097500
2016-01-25,60.2628173828125,62.50637015186012,60.12441436136751,62.40439073315166,3661600
2016-01-26,61.515689849853516,61.610388965768955,60.40848268056258,60.721706675404725,2783300
2016-01-27,61.95275115966797,63.40232009604247,61.33358343802479,61.51569028381164,2811800
2016-01-28,61.85077667236328,62.77587707699327,61.595822622088406,62.36795948849001,2625900
2016-01-29,63.11823654174805,63.12552237197771,61.85805467010272,62.32424777051877,3191200
2016-02-01,62.71031951904297,63.234788197461555,62.25141220415705,63.118242689735574,2039700
2016-02-02,61.04222106933594,62.19313218906991,60.77270091861265,61.81435236943473,2336200
2016-02-03,61.07863235473633,61.37729023664199,59.279415906072494,61.23888726137257,3747800
2016-02-04,61.83618927001953,62.00372998405351,60.54687547316609,60.648854844331495,2242300
2016-02-05,60.87466812133789,62.43350207012852,60.63428578295992,62.05472232636315,3357200
2016-02-08,59.5634765625,60.10979684201371,58.798631505655166,60.05880717155738,3469300
2016-02-09,59.87672424316406,60.22637180649673,58.47814510475234,58.62383390508241,4125800
2016-02-10,59.37411880493164,60.81640194171378,59.34498104209786,60.270081392865386,2197200
2016-02-11,56.94114685058594,58.434424675180594,56.57693328921728,57.69142589781211,5031200
2016-02-12,58.951629638671875,59.141022318549844,57.86627436996893,58.06294732246757,4390200
2016-02-16,60.65613555908203,61.34085896259322,59.37410758149631,59.99326964165949,3884800
2016-02-17,61.23160171508789,61.66137674464275,61.08591846699521,61.289877237308836,2929100
2016-02-18,60.15352249145508,61.333571057173806,59.90585434130035,61.22431141772486,2721900
2016-02-19,60.328365325927734,60.4521966671335,59.23572407595986,59.607223657037956,2710400
2016-02-22,61.515689849853516,61.55939927160674,60.32835522438483,60.32835522438483,1644600
2016-02-23,60.3210563659668,61.384559441261786,59.57077721786174,61.14418268210659,2555600
2016-02-24,59.94957733154297,60.02970479025814,58.68939548239899,59.40325678073593,1997300
2016-02-25,60.415740966796875,60.430307062434004,59.81843101144269,60.14622095912271,2498300
2016-02-26,61.166053771972656,61.85077735231083,60.51775378706284,61.064074373725745,2114800
2016-02-29,59.228416442871094,61.00578066695791,59.22113617192294,60.9693570823822,3110000
2016-03-01,61.537540435791016,61.537540435791016,59.454237923807256,59.599921160081394,3119900
2016-03-02,62.38249588012695,62.38978170715447,61.35541656755446,61.62493103553805,1749400
2016-03-03,63.06723403930664,63.06723403930664,62.098424441502424,62.37522480196406,1635200
2016-03-04,63.59170913696289,64.0724682924817,63.176505774599555,63.51158168479983,1872300
2016-03-07,63.34404373168945,63.57714026890747,62.81957513358396,63.023533908967245,2009500
2016-03-08,61.96729278564453,62.994377657775765,61.91630311126297,62.70300570811357,2081800
2016-03-09,61.63954162597656,62.60106577504876,61.49385278068611,62.46266276138813,2276100
2016-03-10,62.0182991027832,62.81956801128335,61.18789243575188,62.200405925508655,2367600
2016-03-11,62.936126708984375,63.045391927416446,62.36795424208948,62.819575660667546,3106100
2016-03-14,62.5136604309082,62.73947122304584,62.054753014075025,62.60835402431323,2487700
2016-03-15,62.49179458618164,62.55007011875461,61.82164263397449,61.96004007700946,1882800
2016-03-16,61.69050979614258,62.88513012317318,61.46469355414073,62.35337574905699,2186100
2016-03-17,62.062015533447266,62.2951120914547,61.05678766906402,61.617674351392424,2556400
2016-03-18,62.761268615722656,63.38771067922522,62.25865224234794,62.38248348993237,5251200
2016-03-21,62.79045867919922,63.16924415412876,62.37525515771294,62.75404063264249,1804900
2016-03-22,62.535491943359375,63.00168504046444,62.10572243968382,62.346099260954176,1987100
2016-03-23,62.1712646484375,62.7030189859836,62.032867250070915,62.61560571533717,2179200
2016-03-24,61.770660400390625,61.82165010819145,61.0567989337178,61.71238486077217,2338400
2016-03-28,61.828914642333984,62.23683775835408,61.58125199819671,62.19312833603697,1648500
2016-03-29,61.53026580810547,61.66866879798314,60.79455254883085,61.44285251595217,2162300
2016-03-30,62.1712646484375,62.73943701399212,61.80705102359902,61.91631622254234,1506700
2016-03-31,61.60306167602539,62.331488563790835,61.41366912911866,62.061968614633415,1720000
2016-04-01,62.12757873535156,62.21499203124445,60.96937618397786,61.66138560551046,1844500
2016-04-04,62.14942932128906,62.63747437514747,61.697802305167045,61.98188856382853,1736800
2016-04-05,60.415740966796875,61.68320247060555,60.357465469333704,61.47195796039455,3120300
2016-04-06,61.04222106933594,61.06407300311832,59.949579920534894,60.31379363680191,3040300
2016-04-07,59.344970703125,60.53230515508132,59.046312854205375,60.43761161046387,3834100
2016-04-08,59.59992599487305,60.4376185650517,59.40325305420278,59.70190538002944,1900100
2016-04-11,59.67277908325195,60.51775764541038,59.67277908325195,59.99328895958249,1687400
2016-04-12,60.357513427734375,60.43764091104897,59.323147534442704,59.68736134679569,3281500
2016-04-13,62.42436599731445,62.6735679763053,61.00979457527173,61.06843099290211,3833800
2016-04-14,62.072574615478516,62.952098738289166,60.6066973495421,60.83390653636128,3760800
2016-04-15,61.684104919433594,62.40971244606763,61.317635680868165,61.999263096398124,2052200
2016-04-18,62.30711364746094,62.37307543915482,61.11242011814469,61.185718453641755,1837100
2016-04-19,63.230613708496094,63.34788657443396,62.37307684586803,62.57097340916867,2118900
2016-04-20,64.30803680419922,64.48394610968573,63.128005107982084,63.53845456223907,2281500
2016-04-21,64.13945770263672,64.90903986852207,63.95622305477673,64.25672496949072,2163400
2016-04-22,64.56454467773438,64.82840296422924,64.02950274647506,64.33000459994744,2853900
2016-04-25,64.28604125976562,64.35933399834006,63.721681021677206,64.16877399642203,1545000
2016-04-26,65.14356994628906,65.20220636661075,64.10279864902472,64.40330610926577,1944100
2016-04-27,65.22421264648438,65.79590393164138,64.65985231397458,65.0409779734531,2054700
2016-04-28,64.6378402709961,65.2315185946481,64.26404011557106,64.49858018347227,2047600
2016-04-29,64.33735656738281,64.5938839875322,63.83895804028757,64.27139477014941,2589600
2016-05-02,64.43262481689453,64.90170499933608,64.2273973441841,64.87971214763803,2867500
2016-05-03,63.670372009277344,63.8609320006118,63.032713476152104,63.509124638242646,1829100
2016-05-04,62.57095718383789,63.37718835652312,61.98460418995232,63.03270639200609,2743900
2016-05-05,62.556297302246094,63.106001154799884,62.32175721549821,62.629590030877914,2093400
2016-05-06,62.74686050415039,62.84214048859129,62.07988383743444,62.226474881047224,2162600
2016-05-09,62.29245376586914,63.06204157854901,62.013939094323455,62.197173755258845,2259000
2016-05-10,63.46516418457031,63.780328073259085,62.68091993949066,62.87881653502118,1787100
2016-05-11,63.281944274902344,63.97090865570389,63.20132613745984,63.24530068367943,1390900
2016-05-12,63.16464614868164,64.01485198159932,62.75420233912673,63.50912817107702,2647200
2016-05-13,62.109222412109375,63.589761682754414,61.85269499151594,62.98875218655906,1963100
2016-05-16,62.62960433959961,62.88613733623513,61.90399665417757,61.90399665417757,1968100
2016-05-17,62.468353271484375,63.13532442493155,61.86001295051588,62.38772958596435,1815500
2016-05-18,64.777099609375,64.777099609375,62.49766053285739,62.51965338401294,2674700
2016-05-19,64.41064453125,65.12892684617607,63.78031686464487,64.39598821913549,2321700
2016-05-20,64.6378402709961,65.17288217970372,64.41795651089282,64.7404512012106,1610600
2016-05-23,64.36669158935547,64.85043392953385,63.99289119847943,64.63788098538394,1610700
2016-05-24,65.25352478027344,65.56868861217318,64.58655354041178,64.79177546036922,2133200
2016-05-25,66.1330337524414,66.58745197793024,65.50270628623801,65.5833299569298,2322800
2016-05-26,65.59069061279297,66.22101841821154,65.53205975954504,66.21368746460085,2113400
2016-05-27,66.14037322998047,66.15503513244148,65.55402574471943,65.84719669141126,1924600
2016-05-31,65.77391815185547,66.55083698554124,65.4734161890706,66.5361750799155,2494600
2016-06-01,65.77391815185547,65.9351655624672,64.79911391912933,65.16558327347288,1750400
2016-06-02,65.9718017578125,66.03776354451774,65.37811771807783,65.66396331088889,1553100
2016-06-03,64.9163818359375,65.09961651489091,63.84629198187505,64.94570005559548,2472900
2016-06-06,65.91316223144531,66.27963149647239,65.03363823213121,65.09226906470886,1724300
2016-06-07,65.30481719970703,66.18434672746722,65.28282994009146,65.89117021821382,1831600
2016-06-08,65.5979995727539,65.72992873411722,65.1509066143492,65.15823756550196,1834600
2016-06-09,64.74046325683594,65.55402549208844,64.30070124661556,65.13625074359749,1512800
2016-06-10,63.76564025878906,64.21273312634446,63.60439291745745,63.99284937146023,2065100
2016-06-13,63.281944274902344,64.2201107986688,63.281944274902344,63.56046464597373,2668300
2016-06-14,61.867366790771484,63.5604536293337,61.464248214028444,63.069385975395285,2754300
2016-06-15,61.72806930541992,62.75418412333212,61.676763844118106,62.05788932923504,2097400
2016-06-16,61.47157287597656,61.58150921121851,60.61403031793851,61.149078047590336,2096400
2016-06-17,61.3322868347168,61.95528336953686,60.70929029989673,61.44955407342493,4244800
2016-06-20,61.58149337768555,62.84214855519419,61.4568951685283,62.46102297663164,4684900
2016-06-21,61.955284118652344,62.18249324081157,61.222345694266295,62.072556950654786,3023100
2016-06-22,62.123863220214844,62.87878891239668,61.96261587006407,62.04323954513946,2500500
2016-06-23,63.5237922668457,63.589759653967015,62.87880825966307,62.92278278982514,2228600
2016-06-24,59.42665100097656,61.105080726256084,59.31670911485533,60.17424576122309,4741900
2016-06-27,57.08124542236328,58.46649866855423,56.72943809196253,58.46649866855423,5335300
2016-06-28,57.8801383972168,58.1220093780643,57.132538200392766,58.100016531907336,4975900
2016-06-29,58.884281158447266,59.008884963330544,57.674937009342734,58.56179199489553,4596900
2016-06-30,59.65385818481445,59.84442374174716,58.84029608269467,59.39733085348759,3735800
2016-07-01,59.31671905517578,59.84443572349142,59.089509886492266,59.39001179424683,2140600
2016-07-05,57.777549743652344,58.898944879073085,57.5356786696148,58.657073805035544,2755800
2016-07-06,58.180660247802734,58.47383678699392,57.066596109129065,57.42573443390265,2921700
2016-07-07,58.26128387451172,58.98689706641805,57.7848726978125,58.473836725404524,5437300
2016-07-08,59.089508056640625,59.624550067980195,58.964904253013195,59.060189843544606,3745000
2016-07-11,59.4119987487793,59.70517529542117,59.24342600897754,59.53660255561942,3986900
2016-07-12,60.350154876708984,60.56270771791441,59.8957365744355,60.064309302092724,2958800
2016-07-13,60.174251556396484,60.562708078476035,59.73448956143619,60.29152440405371,3025800
2016-07-14,61.140872955322266,61.67952339831801,60.845719174299454,61.54671010792739,3689000
2016-07-15,60.55057907104492,63.04462317299753,60.31445711880713,62.74208893097242,4066500
2016-07-18,60.57270431518555,60.838342169941384,60.26279536116722,60.26279536116722,2273600
2016-07-19,60.77932357788086,61.05233623054473,60.13736440967689,60.35135079907821,2563000
2016-07-20,60.949031829833984,61.16301821430947,60.52843945471764,61.14088266239666,2463400
2016-07-21,60.838340759277344,61.43602873341455,60.73503777699987,61.08184305875582,2057800
2016-07-22,61.11875534057617,61.30322580414455,60.683402119167084,60.94165964224445,2069500
2016-07-25,61.067100524902344,61.2958420858554,60.88263007133596,60.95641712684422,1819600
2016-07-26,61.015438079833984,61.546713791554346,60.912135094731745,61.02281284334809,2146300
2016-07-27,60.96378707885742,61.56884983773102,60.88261964282396,61.11874155776024,4301000
2016-07-28,61.25893783569336,61.3622464555791,60.49154580195651,60.80145477284148,1825800
2016-07-29,60.98592758178711,61.48030700171289,60.98592758178711,61.03019868518614,2374600
2016-08-01,60.81620788574219,61.554089579952866,60.727665685374866,61.310587269761605,2355900
2016-08-02,60.255401611328125,61.00065781884007,60.02665453483863,60.77929676268759,2121600
2016-08-03,61.87138748168945,61.95255492963383,60.63174583896518,60.63174583896518,3615200
2016-08-04,61.89350891113281,62.24031417692157,61.716418896751975,62.02632782931595,2629800
2016-08-05,63.78251647949219,63.81203243254352,62.45432674014433,62.513358646247,3227200
2016-08-08,63.81939697265625,64.17358272292768,63.620171358472746,63.72347436280368,2511700
2016-08-09,63.642295837402344,63.989101132844986,63.42830947149963,63.76035961014475,2028600
2016-08-10,63.00771713256836,63.657050993876695,62.941310482594,63.51685730073397,1798400
2016-08-11,63.088871002197266,63.25120584001324,62.71993023610255,63.022464366503094,1686500
2016-08-12,62.71992874145508,62.78633537556675,62.424775009695104,62.44691055439899,1085300
2016-08-15,63.18483352661133,63.29551695234293,62.76424101250553,62.779001805052616,1862600
2016-08-16,63.214324951171875,63.42831132332203,62.80849338710009,62.85276448837575,1258600
2016-08-17,63.29548645019531,63.428305371149115,63.11101603940338,63.19956386323597,1510800
2016-08-18,63.05937576293945,63.406181097632505,62.89704087184133,63.25860699459303,1654000
2016-08-19,63.02986145019531,63.1405448451395,62.697816894954066,62.94869400254233,1395300
2016-08-22,63.11104202270508,63.18482909148252,62.78637216457333,62.94870709363921,1131400
2016-08-23,63.24384307861328,63.73822249189474,63.236462684948975,63.443074300413265,1503700
2016-08-24,63.214324951171875,63.51685915546403,63.08888641116373,63.30287278331388,1713400
2016-08-25,63.36190414428711,63.51685862705349,63.11840183011537,63.17743371771894,1191000
2016-08-26,63.96697235107422,64.19571389797716,63.310258027082895,63.68657367593784,1922000
2016-08-29,64.87457275390625,65.06642361667176,63.85629779847435,64.03338787124687,3048500
2016-08-30,65.57555389404297,65.57555389404297,64.85242729380874,64.87456284582564,2364000
2016-08-31,66.48313903808594,66.52741576753758,65.46486433414668,66.01827560077268,4314900
2016-09-01,66.4020004272461,66.88162485911309,65.81169819768078,66.62336728182869,3061200
2016-09-02,66.80780029296875,67.06605772532444,66.06253830566536,66.47575019743445,2020100
2016-09-06,66.02566528320312,66.78568262889641,65.56079615089617,66.67499923408089,2143400
2016-09-07,66.71924591064453,66.72662630215422,65.72310698122774,66.0920477424628,2179000
2016-09-08,66.94063568115234,67.24316428220376,66.58644995132578,66.80043634211395,2186000
2016-09-09,66.35032653808594,67.40549768054647,66.35032653808594,66.80781525614549,2913800
2016-09-12,67.07344818115234,67.25053821425372,65.56816882581403,65.87069739779594,2601900
2016-09-13,66.35032653808594,66.58644847620901,65.53127733374848,66.30605543393507,2719600
2016-09-14,65.88546752929688,66.74140750201398,65.79691968539174,66.26178882890436,3413700
2016-09-15,66.64546966552734,66.88159156573155,65.53864720277195,65.71573722052757,2929300
2016-09-16,65.959228515625,66.33554966650061,65.54601666656266,65.69359071848801,3535000
2016-09-19,66.49052429199219,67.22102564105583,66.27653791103597,66.32818940784672,1922700
2016-09-20,66.67498779296875,67.11771566666955,66.4610014342688,67.08819972447745,1909100
2016-09-21,66.95539093017578,67.43501521158443,66.4610114902337,67.08820987534139,1889300
2016-09-22,66.4093246459961,67.24312858434406,66.25437023070602,67.09555455918824,2909200
2016-09-23,65.9739990234375,66.77828729528802,65.9739990234375,66.30604350400898,2480200
2016-09-26,64.76387786865234,65.69361043770921,64.58678782726706,65.58292705074682,3067900
2016-09-27,65.33942413330078,65.44272711673824,64.22522123526493,64.47609830087292,3116500
2016-09-28,65.9739990234375,66.03302527515484,65.28776888461171,65.57554226899768,3313100
2016-09-29,65.66410064697266,66.73403264843496,65.31729529579493,65.83381594016717,3940800
2016-09-30,66.47575378417969,66.77828795668394,65.87807146139534,66.09205781106148,3380100
2016-10-03,65.96662902832031,66.38722139714528,65.76002304076994,66.07731241581972,1776200
2016-10-04,66.77830505371094,66.97753066911609,65.99615212195445,66.57907943830578,2583700
2016-10-05,67.53092193603516,67.84083648827217,66.66022141793849,66.97751073291244,3382500
2016-10-06,67.7523193359375,67.87775791432117,67.13250121009413,67.70066782545055,3004600
2016-10-07,67.4571533203125,67.87774572434243,66.99228980941355,67.72279122070945,2081700
2016-10-10,67.65638732910156,67.92940000542154,67.44978131580267,67.73017438676665,2392500
2016-10-11,66.78568267822266,67.8039575261767,66.54218033536691,67.61948707787835,2822100
2016-10-12,66.68975830078125,67.2210341233543,66.53480379079606,66.88898954904197,2975900
2016-10-13,65.28663635253906,66.25917822036092,64.8411919677083,66.07357828136831,4091800
2016-10-14,65.35343933105469,66.88278077527313,65.02678167731493,66.51158095568148,4586400
2016-10-17,65.48706817626953,66.20719669605808,65.3088938578254,65.64297141291559,3053800
2016-10-18,66.71202850341797,66.78626733059973,65.80630008524594,66.41506753063149,2630200
2016-10-19,68.0037612915039,68.20421223471334,66.91243363019224,66.98667807674747,3442800
2016-10-20,69.265869140625,69.36237902754209,67.58804484153218,67.69940588893385,4775500
2016-10-21,68.9837646484375,69.17679011687544,68.57544829542763,68.88725474624805,3901000
2016-10-24,69.05799102783203,69.54055177995144,68.9466356469305,69.32525527011177,2778700
2016-10-25,69.14710235595703,69.55542442558561,68.94665694435922,69.49603109471968,3935300
2016-10-26,69.99341583251953,70.08250580124368,68.8649712156371,68.9837521765446,2631700
2016-10-27,70.84718322753906,70.96596420007577,70.12705481934117,70.21614479678765,3482000
2016-10-28,70.60218811035156,71.07732331564564,70.07508516898025,71.04762665730746,2593000
2016-10-31,70.97339630126953,71.06991186838484,70.58735102498564,70.86946081672929,2951500
2016-11-01,70.95112609863281,71.46338361024637,70.2606942776116,71.32232588059993,2588800
2016-11-02,70.35720825195312,70.75068480141019,70.11222068636752,70.59477589959276,3283200
2016-11-03,70.45369720458984,71.53017396219218,70.18643299397485,70.56505823635565,3138800
2016-11-04,70.26811981201172,70.97339713165208,70.00828109762101,70.66901625595416,2753700
2016-11-07,71.56735229492188,71.68613333494103,71.24812010778152,71.27781678380177,2467000
2016-11-08,71.7454833984375,72.00532207676041,70.75067084027023,71.23322595827348,2492000
2016-11-09,75.16795349121094,75.45006327759819,72.2354775712515,72.97045153056237,5235200
2016-11-10,78.67951202392578,78.94677066873204,76.03656559892704,76.03656559892704,6897500
2016-11-11,78.64238739013672,78.86510952878103,77.78862674407922,78.27118760176906,4186800
2016-11-14,80.2533950805664,81.04776242059344,79.05071136175617,79.3699434141442,6834000
2016-11-15,80.75822448730469,80.79534673150604,78.30088371796263,79.34766416854181,3821100
2016-11-16,79.81538391113281,80.29794479198098,79.41448744076939,79.98613265010307,3355200
2016-11-17,82.1093978881836,82.26530113068819,79.77826350472675,79.82280566999674,4154600
2016-11-18,82.58451080322266,82.69587185025914,81.86438245165256,82.33952329661214,5245800
2016-11-21,82.1910629272461,82.66619824061429,81.82728869196163,82.66619824061429,2270600
2016-11-22,82.22816467285156,82.73299652544407,81.8049972128886,82.30982906548111,2878900
2016-11-23,82.51028442382812,83.12647740141239,81.9386392702047,82.63649098625604,3708300
2016-11-25,83.20069122314453,83.20069122314453,82.5176852109315,82.57707851566063,1047900
2016-11-28,81.5154800415039,82.86664711505173,81.37442230207026,82.57711171815288,2183300
2016-11-29,81.11457824707031,81.9831843807725,81.04033942320895,81.66395234051538,3943800
2016-11-30,82.0648422241211,82.57709969670366,81.75303579040073,82.10938438206436,5570200
2016-12-01,83.59419250488281,83.65358583131759,82.16878665480436,82.57710869396925,5430000
2016-12-02,82.46575927734375,83.46057214745046,82.17622385012999,83.46057214745046,2449400
2016-12-05,82.77754211425781,83.53478709253433,82.48058118910797,83.17843851360134,3607500
2016-12-06,82.77011108398438,83.14131079996751,82.2949759006506,82.74784000727469,4162800
2016-12-07,83.64614868164062,83.66099984322516,82.38407182176725,82.92602027437249,4257700
2016-12-08,85.24229431152344,85.88818379395758,83.80203774023832,84.13612085076258,3083400
2016-12-09,85.39080810546875,85.39080810546875,84.31433084260554,85.04930493473931,2565800
2016-12-12,84.68551635742188,85.6060902125666,84.59642637244951,85.14580611702377,3342800
2016-12-13,85.15323638916016,85.56155845652889,84.35144908314665,84.79688773405633,3153900
2016-12-14,84.78199768066406,85.94756435353848,83.60158551399472,84.45534584066105,5157900
2016-12-15,85.84365844726562,86.26682596676575,84.96020682897604,85.95501951325178,2801800
2016-12-16,85.2719955444336,86.2742336017079,85.11609235010718,86.10348491156572,3318300
2016-12-19,85.96986389160156,86.30394139913605,84.91565230272968,84.95277454314848,3657800
2016-12-20,87.65512084960938,87.84814633221585,86.34107604523568,86.70485026456136,1998900
2016-12-21,87.33587646484375,87.81843727120767,87.14285100948645,87.79616619252388,1282000
2016-12-22,87.17996978759766,87.60313725795935,87.01664099832499,87.4175373908874,1457600
2016-12-23,87.57347106933594,87.58832223574164,86.91273576579215,87.22454229158711,912700
2016-12-27,87.83328247070312,87.9891856850189,87.52147604207158,87.52147604207158,1076500
2016-12-28,86.9052734375,88.02629813660468,86.80876355291062,87.8852404356942,1184300
2016-12-29,86.19258117675781,87.31360601237083,85.64320713040243,87.0686128169747,1542300
2016-12-30,86.83106231689453,86.97954564521515,86.05896600180684,86.27426257982685,1624900
2017-01-03,87.58089447021484,88.69449403235731,86.83849476211986,88.18223642127249,2989100
2017-01-04,88.32327270507812,88.54598916492343,87.42496995636658,87.84071187932494,2279700
2017-01-05,87.14285278320312,88.36781311227264,86.5637820694034,87.9075290392825,2405000
2017-01-06,88.3826675415039,88.89491937276914,87.49178469467661,87.7590489823189,3003900
2017-01-09,87.75164794921875,87.97437013924613,86.91273827302867,87.83331237462475,3294300
2017-01-10,88.10055541992188,88.2341875687921,87.25422036509686,87.61057465010386,2914400
2017-01-11,90.07534790039062,90.07534790039062,87.24680147633133,87.55118804146433,4408600
2017-01-12,87.9498519897461,89.71735296691715,87.05491809919292,89.59056601904388,3970800
2017-01-13,88.59124755859375,90.42586651815925,87.39054075211288,88.71802885124018,4034700
2017-01-17,84.96675872802734,87.99462524319792,84.7952267374817,87.95733963819426,4301500
2017-01-18,86.74916076660156,86.80136515790014,84.76538820740365,85.53354097501926,3086200
2017-01-19,86.21963500976562,87.48000515849316,85.79454059419633,87.01016006928208,2589900
2017-01-20,87.51731872558594,87.69630440781933,86.50305704317631,86.72679341335724,2876800
2017-01-23,87.20408630371094,87.89766217528678,86.88340056330809,87.11459062388275,2485800
2017-01-24,88.49427795410156,89.0759855779738,87.19661635793145,87.62917022332148,2566000
2017-01-25,90.24687194824219,90.3811126242613,89.14311464654584,89.49363228336533,2572900
2017-01-26,90.70923614501953,90.9702637452245,90.04549227732595,90.36617796428976,1947000
2017-01-27,90.71671295166016,90.91061741793432,90.15737774074981,90.49297659135522,1609000
2017-01-30,89.77699279785156,90.321414691963,89.22511720056103,90.21700594895803,1995400
2017-01-31,89.8366928100586,90.25432795058762,89.18786191114926,89.61296213756893,2620200
2017-02-01,90.34381866455078,91.41774404096145,90.25432298656598,90.73162757929985,2673200
2017-02-02,89.50108337402344,90.06041852389136,88.74784377904292,89.64277774289104,2090800
2017-02-03,91.10449981689453,91.29839854635057,90.28413715438582,91.11941291537167,1955200
2017-02-06,91.29094696044922,91.59671385005639,90.49295677206413,90.69432059020734,1563900
2017-02-07,90.5899429321289,91.91743108735484,90.44824284032859,91.58928590207105,2680900
2017-02-08,90.58248138427734,91.13435725472495,89.86653292508387,91.13435725472495,2892400
2017-02-09,91.27604675292969,91.67876878134787,90.44823019837875,90.58247087451815,2076700
2017-02-10,91.80553436279297,92.13367944609877,91.49230806864703,91.95469380513694,2099000
2017-02-13,92.78997039794922,93.48354620615785,92.19334965649263,92.47674408194565,1929500
2017-02-14,94.04290008544922,94.13985517151502,92.30523052122827,92.8794845714793,2420200
2017-02-15,95.2808837890625,95.40020566715356,93.4984694943429,94.17712654499915,2589500
2017-02-16,94.68426513671875,95.20631475473877,93.96831673958039,94.93783339458038,1930800
2017-02-17,94.60967254638672,94.6320450410455,93.55811977861471,93.7669430050827,1734000
2017-02-21,95.124267578125,95.34053883085686,94.54255423780539,95.03477190503318,1748600
2017-02-22,95.2808837890625,95.84767835708699,94.48289917046355,94.55001666004262,1541700
2017-02-23,95.56427764892578,95.63139513809803,94.59476107974847,95.34054130531514,1221200
2017-02-24,94.62459564208984,95.02731765804383,94.07271985275366,94.65442753473663,2586300
2017-02-27,95.55683898925781,95.82532036792365,94.5649497675119,94.85580364609116,1895300
2017-02-28,94.88562774658203,95.44496295787093,94.46053321359656,94.98257713485872,2343300
2017-03-01,97.5853271484375,98.3161884339946,96.84700077913847,97.30938078310508,3367200
2017-03-02,95.09444427490234,97.70466954251337,95.00494859372834,97.68229704468285,2092400
2017-03-03,95.33309936523438,95.64632573306466,94.6991872332391,95.0198729974041,2493200
2017-03-06,95.15406799316406,95.40763615328312,94.03539798700027,94.53507491403934,2289900
2017-03-07,95.01239776611328,95.49715602973733,94.26661757279975,95.01239776611328,1764800
2017-03-08,95.124267578125,96.45920914017303,95.05714440084328,96.14598281912885,2258500
2017-03-09,95.07205200195312,96.42190650572209,94.89306067683556,95.48968135767515,3435700
2017-03-10,94.31136322021484,95.82530180265603,93.55066992127391,95.64631045832174,3731100
2017-03-13,94.2666244506836,94.62459578327567,93.7520342589993,94.45306951261539,1815100
2017-03-14,94.13237762451172,94.2815313883654,92.99133483046211,93.893728188435,1660600
2017-03-15,93.39407348632812,94.52019769103197,92.9391470285886,94.52019769103197,2106600
2017-03-16,93.75950622558594,94.17714139955568,93.14796656805062,93.79679182906038,2413600
2017-03-17,92.7377700805664,94.12492175784121,92.7377700805664,93.90864480924981,5739000
2017-03-20,92.32012176513672,93.45370504434071,92.28283048318528,92.59606245796535,2576000
2017-03-21,88.52410125732422,92.7303008352247,88.44206498588795,92.57368768698757,6317000
2017-03-22,88.48681640625,88.97157464429928,86.87592854255105,87.92748129077415,4424000
2017-03-23,88.95667266845703,90.43332015594643,88.11394298353684,88.5017462333637,4002600
2017-03-24,89.04617309570312,89.92619411818939,88.44208715553344,89.41906326303031,2425900
2017-03-27,88.1512451171875,88.3302365182333,85.95119511047453,86.8834206539721,3440300
2017-03-28,89.69499206542969,90.0977141007291,87.7932557591209,88.04681832402126,2657600
2017-03-29,89.00140380859375,89.97092031699309,88.96411821356375,89.54582584266286,1758600
2017-03-30,90.63468170166016,90.98519936368349,88.91193097708413,88.91193097708413,2091300
2017-03-31,89.67259216308594,90.42583161131559,89.61293408301003,90.21701410642426,2189200
2017-04-03,89.37429809570312,90.23940587488862,88.25562777494004,89.9783839380142,2124200
2017-04-04,88.8597412109375,89.48619405396902,88.50922349120896,88.99398191870901,1871700
2017-04-05,88.21834564208984,90.25432251950532,88.10647746765069,90.0753368543137,1872800
2017-04-06,88.94175720214844,89.33701983757763,87.61426922283833,88.18851753113411,2071700
2017-04-07,88.87464141845703,89.37431287881587,88.00207978949862,88.3898830613071,1921000
2017-04-10,88.27801513671875,89.225153603212,87.92003809333067,88.80751846080263,2084300
2017-04-11,88.0244369506836,88.05426884175554,86.56270842726668,87.58442935953806,3339500
2017-04-12,86.91553497314453,88.18929483701679,86.81813169016296,87.65731250721176,3039100
2017-04-13,86.76566314697266,90.39962966492548,86.61580538053268,88.41405856238757,5112400
2017-04-17,88.72124481201172,88.8111537372628,86.50339604768266,86.90051476133144,3241200
2017-04-18,87.22272491455078,88.7362512953067,86.74318574773314,87.97199664524948,2915200
2017-04-19,87.27517700195312,88.69130016911761,86.89304680425307,88.00946012452516,2275100
2017-04-20,89.03594207763672,89.30568030028479,87.43998997422091,87.89704608945856,2053600
2017-04-21,88.54143524169922,89.51549073636602,88.28668560811863,88.82616214568858,1960600
2017-04-24,90.55697631835938,91.26129353162882,90.03997702636464,90.66187389695406,2727700
2017-04-25,90.74427795410156,91.95809992405772,90.71430640609778,91.45608364060462,2955600
2017-04-26,91.4111557006836,92.15293315042442,90.73680996615106,90.87917343135513,2052200
2017-04-27,90.67684936523438,91.75580233240458,90.01749239445749,91.53851287560009,1556000
2017-04-28,89.72527313232422,91.08894720095762,89.71777881578822,90.42959025800461,1865200
2017-05-01,90.77425384521484,91.30623598563623,89.80769281267845,90.42958960141318,1857400
2017-05-02,90.4071273803711,91.23881372029297,89.7852304883717,91.02901855588101,1597300
2017-05-03,91.7408447265625,91.85323092790948,89.74028459523011,89.95757411198495,1675500
2017-05-04,92.49759674072266,93.23937990104288,91.98060311210872,92.67742607949174,2076300
2017-05-05,92.25032806396484,92.80478748710084,91.68837432367471,92.72986146502663,1697000
2017-05-08,92.66991424560547,92.95463540343954,92.22035241663474,92.30277275220305,4159000
2017-05-09,91.38117980957031,93.0070980971351,91.04400981654173,92.63995654882781,2222000
2017-05-10,91.7483139038086,91.98808061006882,90.96158207849652,91.28376912595456,1594300
2017-05-11,91.2163314819336,91.51604129315504,90.12239552999111,91.42612663484185,1570000
2017-05-12,90.51951599121094,90.79674858961224,89.58292632747772,90.32470945702697,1547400
2017-05-15,91.51604461669922,91.8906804652092,90.49703465143293,90.49703465143293,1401700
2017-05-16,91.87568664550781,91.96559557992934,91.12641503738865,91.64340855977855,1167500
2017-05-17,87.80715942382812,91.87570531114814,87.63482440369378,91.87570531114814,2657400
2017-05-18,87.93452453613281,88.55642140046766,86.66076497087111,87.86708711257772,3153300
2017-05-19,88.9835205078125,89.8526728226437,88.03943643984037,88.0469307584525,2229800
2017-05-22,89.5005111694336,89.71780066999798,88.60888164507143,89.32818186254838,1571600
2017-05-23,90.77425384521484,91.1863497878851,89.24573912281929,89.50048871830761,1476100
2017-05-24,90.63190460205078,91.33622183287127,90.3396890948996,91.298755961087,1787400
2017-05-25,90.9990234375,91.4036307425894,90.49701289315293,90.6318819948494,1311100
2017-05-26,90.90164947509766,91.41115449932728,90.39214445086805,90.63191118482963,1173300
2017-05-30,89.05842590332031,90.39212848265721,88.60886407112085,90.2872309123603,2779200
2017-05-31,88.93853759765625,89.35063926871962,87.38754559750028,89.073406715778,2749600
2017-06-01,90.00999450683594,90.00999450683594,87.93451470722853,89.42556357829986,1679800
2017-06-02,89.28323364257812,89.82270455612598,88.21177470138839,89.11089860712521,2253600
2017-06-05,88.8486557006836,90.06996673564485,88.78121826285654,89.50801285854463,1695500
2017-06-06,88.52645111083984,88.92356419097767,87.70974199806548,88.1068550782033,1764100
2017-06-07,89.83767700195312,90.06245507962912,88.59388324948638,88.86362151588906,1434600
2017-06-08,90.66937255859375,91.62843944683296,89.47053894829475,89.83768049096672,3149100
2017-06-09,92.28781127929688,92.7373732405758,91.25381819670629,91.25381819670629,2105400
2017-06-12,92.04052734375,92.98461122953836,91.30624432318388,92.29528267898962,2944500
2017-06-13,92.76732635498047,93.08951341119219,91.97310019075644,92.45263361630559,2242200
2017-06-14,92.88721466064453,92.98461792485868,91.07397849718751,92.00307381554317,1952600
2017-06-15,92.1379165649414,93.33674981247482,91.89065559987543,92.3701888988888,1723300
2017-06-16,91.79326629638672,92.23533380119065,91.33621015818916,92.05551021588809,2255000
2017-06-19,92.75233459472656,93.34425986094523,92.22035243010976,92.57251100640975,1868200
2017-06-20,92.1529312133789,92.85724848980709,92.12295965730857,92.66243623359486,1851300
2017-06-21,91.65841674804688,92.53506334461724,91.23882067076907,92.53506334461724,1793500
2017-06-22,90.48204803466797,91.53851811171279,90.16734959024964,91.30624572440638,1872100
2017-06-23,89.57543182373047,91.04400363371816,89.08090976994937,91.04400363371816,2689500
2017-06-26,90.19729614257812,90.63936927579547,89.47050762947089,89.90508073099697,2315900
2017-06-27,90.75179290771484,92.07800133866243,90.60193513361737,90.90164496532275,1871200
2017-06-28,92.46011352539062,92.72985174978875,91.433609409404,91.55349560535359,2580900
2017-06-29,93.84627532958984,96.09409030754409,93.05204919998918,94.88026816151272,2670700
2017-06-30,93.56156158447266,94.45319104263157,93.2094029619984,94.40823656878024,1669900
2017-07-03,94.408203125,94.81281039579994,93.83875521982,94.14595925961696,1589900
2017-07-05,94.46818542480469,94.79786111391812,93.53908432110256,94.39325939166481,2496000
2017-07-06,94.41572570800781,95.77939993276821,94.25837934166883,94.52062328556713,1763100
2017-07-07,94.8128433227539,95.12753607050122,93.70391867139588,95.12753607050122,1842000
2017-07-10,95.3073501586914,95.67449737753664,94.37076061029039,94.52811268493203,2178700
2017-07-11,95.44973754882812,95.75694174169963,94.66299984417361,95.41976598978039,2663300
2017-07-12,95.32235717773438,95.59958407897751,94.76789765875803,95.1425335503753,1975500
2017-07-13,95.96299743652344,96.46045211675364,94.90779524392944,95.66904903471081,3160100
2017-07-14,95.84993743896484,96.1363528259942,94.16915616939356,94.89272189647586,2437200
2017-07-17,95.99315643310547,96.6639624179238,95.54846153002494,95.75196782901786,2321400
2017-07-18,94.64398193359375,95.865002169737,94.28973500240714,95.18665759410186,2891200
2017-07-19,95.26956939697266,95.57858953162204,94.53092622691275,95.02084208712088,1966100
2017-07-20,95.68412780761719,96.18912128521713,95.13391901540005,95.26204919984626,2158400
2017-07-21,95.14897918701172,96.00068081007397,94.87764132927018,95.2771151062262,1445300
2017-07-24,95.82732391357422,96.04590195196404,95.07360891928757,95.14897926863841,1495400
2017-07-25,97.47795867919922,97.98294633019226,97.13124473184247,97.52317973738101,2977400
2017-07-26,95.99315643310547,97.64379435662403,95.56353905237474,97.35737893587692,2554700
2017-07-27,96.22682189941406,96.62629005069279,95.5183334944708,95.93287342015647,2478700
2017-07-28,96.21173095703125,96.49060760632213,95.55599676834768,96.1514323706349,1568000
2017-07-31,97.0784912109375,97.4402711792071,96.06851015287465,96.40768534231492,2013200
2017-08-01,98.29198455810547,98.29198455810547,97.34229621405201,97.67393268335454,2392700
2017-08-02,98.49546813964844,98.68389688478929,97.83220677728164,98.4577915912426,2055900
2017-08-03,98.36736297607422,98.72915453926495,97.90006324959555,98.35982996463389,2312200
2017-08-04,99.6185302734375,99.99538784948929,98.66885332206797,98.97033478259719,2399600
2017-08-07,98.81959533691406,99.64114210319916,98.36736163946101,99.44518030138585,2516900
2017-08-08,99.76173400878906,100.44007301828273,98.43519953433875,98.43519953433875,2802900
2017-08-09,99.28689575195312,99.63360978919789,98.66885529527431,99.23414167065675,2246800
2017-08-10,97.22169494628906,98.91000906346781,96.9277465776176,98.28442427869984,2652000
2017-08-11,96.51322937011719,97.81715338793866,96.20420339166597,97.0182171515766,2931700
2017-08-14,98.66130065917969,99.05323572611253,97.1991030455533,97.54580554644116,2249600
2017-08-15,98.2392349243164,99.7089772419658,98.1261822463361,99.31705362444669,2615700
2017-08-16,98.0583267211914,98.84218526581219,97.42519737659117,98.67636704470002,3122900
2017-08-17,95.94793701171875,97.86236835488984,95.85748912723909,97.66640656410225,2770600
2017-08-18,95.8047103881836,96.56595836833027,95.08114470633956,95.4580021916993,1511700
2017-08-21,95.42031860351562,95.97806609781155,95.2846496724286,95.97806609781155,1376100
2017-08-22,96.10621643066406,96.35493804962954,95.6389109867589,95.6389109867589,1216500
2017-08-23,96.12129211425781,96.49814968908068,95.30727837254676,95.42033679507168,1082500
2017-08-24,96.22682189941406,96.49815984186581,95.8047432113295,96.33234157143521,889500
2017-08-25,96.38508605957031,96.81470344164367,96.19665728233832,96.61119714201476,990900
2017-08-28,96.1363525390625,96.81469145278496,95.90269697396396,96.81469145278496,1720100
2017-08-29,95.1716079711914,95.58615359736118,94.40282106039221,94.99825670962235,2052800
2017-08-30,94.809814453125,95.62382806681511,94.62892445576809,95.38263948687612,2300500
2017-08-31,94.52342224121094,95.2093000557901,93.950597101833,95.18668952074985,2777100
2017-09-01,95.45047760009766,95.8650231956821,94.29729444378607,94.83997022331852,1582300
2017-09-05,93.30239868164062,94.89273810089523,92.99337271136726,94.71184807583217,2913000
2017-09-06,93.1290283203125,94.1314707016473,92.88783973799933,93.81491176555927,1908900
2017-09-07,90.9809341430664,93.09887138736782,90.27244022487778,93.09887138736782,3151900
2017-09-08,91.58394622802734,92.26982414970195,90.739783035575,90.8226921772619,1953000
2017-09-11,93.28730773925781,93.45312596770886,92.45068933729105,92.70694969006856,2573000
2017-09-12,95.29972839355469,95.60874855968657,93.57372031812871,93.60386960879339,2110500
2017-09-13,95.94793701171875,95.96300878393703,94.75706574282492,94.94549452269837,1775000
2017-09-14,95.8650131225586,96.51320848551364,95.74441596182783,95.85747436241564,1752700
2017-09-15,96.61873626708984,96.62626927747841,95.30726791038903,95.51077419867242,3279000
2017-09-18,97.75685119628906,98.16386381165341,96.89008338703364,97.02574659163488,2305900
2017-09-19,98.94770812988281,99.13613688721436,97.56087523610945,97.86235664752849,1758300
2017-09-20,100.24410247802734,100.76416770694777,98.60100917582912,99.1964390099047,2214500
2017-09-21,100.50791931152344,101.22394640001114,100.11598421541568,100.50791931152344,1911700
2017-09-22,100.5682144165039,100.66620107353422,99.57331632498725,100.16874627738522,1923200
2017-09-25,100.63603210449219,101.15609730538777,99.99536974091214,100.47774689087153,1719500
2017-09-26,99.81448364257812,100.48530111204376,99.67882044703197,100.13858711101543,2436900
2017-09-27,101.239013671875,102.25652211539587,100.47022108064331,101.1410270325749,2235100
2017-09-28,101.34452056884766,101.60831390955289,100.17626005778786,101.38219711696425,1481200
2017-09-29,101.57819366455078,102.30175376582596,101.19379157876666,101.20886910193752,2052900
2017-10-02,101.84197998046875,102.21130451738762,101.19378453858279,101.94749963376276,1745400
2017-10-03,101.13349151611328,102.1284010168736,100.88477564170348,101.92489470975804,2182700
2017-10-04,101.20134735107422,101.90229699597563,100.77926866157034,101.13350423964687,1928000
2017-10-05,102.15853881835938,102.60323946457706,100.32701665963336,100.86215943691515,1358600
2017-10-06,102.27159881591797,103.19866512389072,101.48019569901379,102.67859988990286,1466600
2017-10-09,102.21128845214844,102.66352203848767,101.83443096379169,102.50523683303558,869100
2017-10-10,103.04793548583984,103.18359869148807,102.12086907823576,102.15101262367523,1409900
2017-10-11,102.87454986572266,103.01774603471233,102.15097850824253,102.70873166923298,1733000
2017-10-12,101.9550552368164,103.56800525594183,101.70632784825463,103.56800525594183,2359900
2017-10-13,100.80938720703125,103.25896110178155,99.97276304756231,103.25896110178155,2727900
2017-10-16,102.34805297851562,102.60575840336575,100.98371313279058,101.20352954535237,2281400
2017-10-17,101.76443481445312,102.94687060440977,101.70379619197064,102.7270541522064,2055700
2017-10-18,102.12826538085938,102.65883886446738,101.62042993471782,102.21164204011453,1709300
2017-10-19,102.552734375,102.87107849685016,101.39304808624742,101.44609965707127,1329700
2017-10-20,103.80335235595703,104.37941342388795,103.21971579815512,103.71997570484247,2080200
2017-10-23,103.66690826416016,104.36423489137334,103.34856425384315,103.89430014742419,1301000
2017-10-24,104.47035217285156,104.97061201541077,103.78060101710768,103.90945372219744,1321200
2017-10-25,104.18994903564453,105.53153972472398,103.40165839109655,105.53153972472398,1249300
2017-10-26,104.48553466796875,105.16012340909475,104.26571822594634,104.841779330032,1547300
2017-10-27,104.72806549072266,105.00093346493728,103.81093394241293,104.07621486152287,1198500
2017-10-30,103.96251678466797,104.63710539661207,103.50773300702012,103.9549297301403,1199200
2017-10-31,103.68207550048828,104.75080942348065,103.65933746515937,103.99284407082791,1131600
2017-11-01,103.7957763671875,105.08431514270086,103.65933659073157,104.50826564317215,1207600
2017-11-02,104.90238189697266,104.95544501391379,103.15907114222766,103.9928259454467,1092600
2017-11-03,105.0843276977539,105.13739082983581,104.15960893958578,104.31878677019672,1006200
2017-11-06,105.04641723632812,105.29654719483688,104.31877696215146,104.58405790071507,884300
2017-11-07,101.63558197021484,105.21317973341748,101.48399119698787,104.96304975305739,2508500
2017-11-08,101.02921295166016,101.72655136557569,100.63507923239433,101.25660490701215,2217800
2017-11-09,100.46831512451172,101.2414430635125,99.56633445661647,100.29398632255263,1985600
2017-11-10,100.41523742675781,101.46123321802199,100.32428529382436,100.91549728915653,1925400
2017-11-13,100.22575378417969,100.8700289501681,99.34652277865776,99.69518035870095,2153900
2017-11-14,100.05143737792969,100.49863420863932,99.21767077352641,99.37684860368873,2293800
2017-11-15,100.73359680175781,101.43851063626416,98.8841709451497,99.17977698784357,1923000
2017-11-16,100.42284393310547,101.44609032370276,100.36220531086025,101.0898456465337,1292300
2017-11-17,100.6957015991211,100.93066900764563,99.58906709676563,99.74065785397823,1108800
2017-11-20,101.02921295166016,101.25660490701215,100.30914806440825,100.96858589149257,1402200
2017-11-21,100.89277648925781,101.55978975305426,100.59717044109973,101.41577447422236,1228900
2017-11-22,100.83970642089844,101.43850553214453,100.63506410092339,100.9003450375837,942300
2017-11-24,100.47588348388672,101.27174940293602,100.46830799412494,101.13530962779143,612800
2017-11-27,100.47588348388672,100.94581829304795,100.23334058954433,100.50620857420029,1190700
2017-11-28,102.84074401855469,103.15151262069057,100.33188029508146,100.72602555716516,1923900
2017-11-29,105.91049194335938,106.16820894451789,103.68207203063591,103.78061122418572,2909500
2017-11-30,106.53963470458984,108.51034973951853,105.70587954799412,106.56237274559288,2800600
2017-12-01,106.87310791015625,107.38851876559515,103.82608414838316,106.79730675347044,2576200
2017-12-04,109.02571868896484,110.40522099426252,108.22985286403402,108.70737467211889,1965400
2017-12-05,107.95698547363281,109.96560033421262,107.67654203092022,109.34406327501702,1604300
2017-12-06,108.39662170410156,109.33650291182434,106.58508496077016,107.54770420398648,1554700
2017-12-07,108.7073974609375,109.19249485958142,107.67656404311491,107.85847990471923,1420800
2017-12-08,108.99542236328125,109.35166701192257,108.3814722649605,109.35166701192257,1617000
2017-12-11,108.60887908935547,109.67761329571269,108.29812200225494,108.91964774209251,2231100
2017-12-12,110.54924011230469,110.8448461072698,108.53304970273123,108.73770356559393,2145100
2017-12-13,109.0181884765625,110.57959568816655,108.95754984355578,110.17029937241698,1989700
2017-12-14,108.36632537841797,109.7382410439003,108.14650891291335,109.67760241774853,1568400
2017-12-15,109.86707305908203,110.68567700923457,108.60127233677113,109.11669477900044,3397500
2017-12-18,110.77661895751953,111.63312340877607,110.51891354292924,110.84484462131398,1727600
2017-12-19,109.98078155517578,111.58008897383164,109.91255588091359,111.46638722715056,2716500
2017-12-20,109.84435272216797,111.1480542344273,109.72307547320547,111.04193953299387,1599900
2017-12-21,110.86000061035156,111.38299851783381,110.2157370447545,110.837262576603,1572500
2017-12-22,110.75391387939453,111.43608976089438,110.1172256425031,111.3678640767995,1040500
2017-12-26,109.82917785644531,111.27689449377058,109.54873436960408,110.86001122574056,751900
2017-12-27,109.88982391357422,110.30670720982688,109.48810316417651,110.11721585386063,1093600
2017-12-28,110.41282653808594,110.47346516241493,109.68518617740814,109.90499107067008,1085600
2017-12-29,109.3668212890625,110.81453796308807,109.3668212890625,110.75389934387069,1127500
2018-01-02,109.61695861816406,110.25365837989067,109.11671021588326,110.09448054805031,2824900
2018-01-03,109.5942153930664,110.17785199467791,109.38198600441392,109.60180244914031,2423200
2018-01-04,109.60177612304688,111.51184016212639,109.48807439995763,109.95802070392321,3292500
2018-01-05,109.73822021484375,110.18541698649237,109.10153210955082,110.01108819791689,2079400
2018-01-08,109.94287109375,110.46586901083953,109.3516590741617,109.5259878579806,2564900
2018-01-09,112.04246520996094,112.96717247502413,110.17786500026,110.65538696391275,2438100
2018-01-10,113.40676879882812,114.52856581275518,112.17886866712301,112.54268878658507,1960900
2018-01-11,114.82417297363281,114.82417297363281,113.5735232292063,114.01314451218957,2397000
2018-01-12,115.0894775390625,116.34770303163928,113.69482380941949,115.46088479380208,3275200
2018-01-16,115.98068237304688,117.99164350349737,115.42462427726396,116.39963503002511,2688300
2018-01-17,117.48129272460938,118.01449993890543,115.66076347812643,116.53675755158366,2738500
2018-01-18,117.085205078125,117.98403845526302,116.49867131835522,117.07758036008586,2680000
2018-01-19,118.25823974609375,118.9437901098971,117.38225743422905,117.58030247591712,2735600
2018-01-22,118.61626434326172,118.61626434326172,117.54222526158532,118.1592229739818,1856600
2018-01-23,118.65432739257812,119.21799845329957,117.55743764203368,117.76310737602134,2313100
2018-01-24,120.15497589111328,120.55869079114538,118.5934312056635,118.5934312056635,1828800
2018-01-25,120.20064544677734,120.87858270288685,119.85787027198822,120.61959804842782,2054800
2018-01-26,120.85576629638672,120.92431902630348,119.65223467131207,120.36826084523405,1930100
2018-01-29,121.27471160888672,121.92979810851418,120.657702208189,120.69579093016482,1686600
2018-01-30,120.27682495117188,121.4346545576991,119.69791595943066,120.54343435251225,2372700
2018-01-31,120.36822509765625,121.44225241652225,119.91879688123299,120.65767374569175,1921800
2018-02-01,121.22898864746094,121.75458274952773,119.66745577650849,119.90358956194831,2016400
2018-02-02,120.3301010131836,121.4498414323128,119.87305983772843,120.85569487804504,2782000
2018-02-05,114.50293731689453,120.15495663457409,113.72597164644554,118.96665141145722,5096900
2018-02-06,117.52696228027344,117.88497523082701,111.4712293609544,111.98921024341072,4582200
2018-02-07,118.06782531738281,119.4922527808696,116.84144292497076,117.11566543579102,2495000
2018-02-08,113.78691864013672,118.70006132315191,113.78691864013672,118.10591448463168,2946800
2018-02-09,115.56175994873047,116.54438395420372,112.10350832118316,115.00569014035523,2977700
2018-02-12,115.9959487915039,117.52701801763423,115.15043017455483,116.39205063969976,2429100
2018-02-13,116.7652587890625,116.94807766014033,115.02852019447982,115.05137110048396,2131500
2018-02-14,120.55870056152344,120.88623804079158,116.42251124605714,116.42251124605714,2207100
2018-02-15,121.769775390625,122.12017520303536,120.8633176810599,121.46508899786535,2143300
2018-02-16,121.17570495605469,122.49349128647064,120.58155798058168,121.04621257658474,2168500
2018-02-20,121.21376037597656,122.46299362510509,120.53582303266373,120.8328964387661,1707900
2018-02-21,122.8514633178711,124.34445497668766,120.878591030507,120.878591030507,2554900
2018-02-22,120.0483627319336,124.00934684152496,119.78175322656571,123.19429213080834,2391500
2018-02-23,121.94497680664062,121.99067860599433,120.04828239521252,120.45961021243743,1594400
2018-02-26,123.27045440673828,123.32376932741282,121.44230007315713,122.43254888429927,1649700
2018-02-27,122.05165100097656,124.61105705972123,122.0440379067196,123.21709368974876,2088900
2018-02-28,120.09404754638672,123.43040851265611,120.04072100364897,122.50872407804007,2204600
2018-03-01,118.82192993164062,121.12233963957266,118.60102234916225,120.09401402952268,2604300
2018-03-02,119.91883850097656,120.21592359158767,117.16901146352976,118.26589006627083,1949200
2018-03-05,120.89382934570312,121.6174684615831,118.0373499753524,118.71528728099386,1749100
2018-03-06,121.37370300292969,121.76219161372579,119.7436060008258,121.14518234182204,1330100
2018-03-07,121.60221099853516,121.93737305017835,119.59886340451304,119.82738404181909,1425800
2018-03-08,121.48797607421875,122.17352647359924,119.88072988425003,121.84598908499692,1500000
2018-03-09,123.74270629882812,124.00931573732463,122.02120527235863,122.63820306785732,1750900
2018-03-12,123.59793090820312,124.1540004910023,123.02663514018036,123.78836283087738,1641300
2018-03-13,122.24971008300781,124.16164285307495,121.76220471096048,124.13117885240413,1778600
2018-03-14,120.4215316772461,123.23992189819438,120.01781691813137,122.79813005176291,1923500
2018-03-15,120.25397491455078,120.93953697022056,119.43130742157396,120.83289553352236,2024700
2018-03-16,121.92975616455078,122.60769333954343,120.47485349610342,120.76430211284767,4518000
2018-03-19,121.4422607421875,122.12782275389345,120.38345953749543,121.60984179240157,1913400
2018-03-20,121.00047302246094,122.40966256415514,120.94714649416363,122.00594773549811,1649800
2018-03-21,121.03093719482422,122.59248160642714,120.72625070511637,121.24422006222862,1412500
2018-03-22,116.75765991210938,120.154971702627,116.38440903018386,119.54558701454201,2606900
2018-03-23,112.15679931640625,117.18419554736118,111.90542776140204,117.13849374155008,2984800
2018-03-26,116.55197143554688,116.80334301497038,113.4974470123298,114.25917484462731,2459900
2018-03-27,113.63456726074219,117.45083163693232,112.78143569669695,117.24516184094075,2908900
2018-03-28,113.84021759033203,114.8457038672032,112.6290731756822,114.06112516163427,1815900
2018-03-29,115.20374298095703,115.66077279156445,113.596496490771,114.62482228192256,1865400
2018-04-02,112.97949981689453,115.53889467710258,111.2275231344979,115.20374412853718,2016400
2018-04-03,115.0970687866211,115.37129124419316,112.8804382231672,113.97732805345545,2123700
2018-04-04,116.16352081298828,116.51392080958122,113.16231061229634,113.47462188401335,1934700
2018-04-05,116.36156463623047,117.74791516981874,115.47796899323512,117.33657554253674,2733000
2018-04-06,112.69763946533203,115.54650596996885,111.29606293148682,115.11994020949814,2067700
2018-04-09,113.65742492675781,116.05686315944938,113.42890423244306,113.45175513957,2076200
2018-04-10,115.4322280883789,115.77501490391282,114.27441017699287,115.69883747311772,1794600
2018-04-11,113.83261108398438,114.9523519466419,113.49744897229853,114.06874485638727,1353600
2018-04-12,116.1558837890625,116.5291229960372,114.71621862048039,114.8000091487278,2928400
2018-04-13,111.34859466552734,114.73972237114565,110.88164356163134,114.05843420452629,4676300
2018-04-16,110.10850524902344,112.43561040299814,110.0166498310098,111.71604514723617,3370200
2018-04-17,107.82731628417969,110.84335978530922,107.06182348411608,110.70556500744132,3870600
2018-04-18,108.43970489501953,109.31236615577203,107.82730836385286,108.23301858364617,2724300
2018-04-19,110.42999267578125,110.72853441557312,108.36316434795341,108.45501975081439,2464600
2018-04-20,110.32281494140625,111.45575265780819,109.46546677158231,110.44529658866475,2080400
2018-04-23,111.1572265625,111.4481059149967,109.94008400263915,110.26925201583876,2014100
2018-04-24,111.00411987304688,113.49963417219183,110.36875937212017,112.00692537145778,2588600
2018-04-25,111.53231811523438,112.27484719543786,109.95540454053265,110.62137965516033,2435200
2018-04-26,111.55525970458984,112.33606561174783,110.6060561316653,111.18782644024785,2050400
2018-04-27,112.78771209716797,113.18577164399407,111.52465358499055,111.52465358499055,1988500
2018-04-30,111.46341705322266,113.5914862932841,111.46341705322266,113.11688445255642,1613600
2018-05-01,111.25672149658203,111.57057635001021,110.22331321793106,111.20314307407831,1998900
2018-05-02,109.93241119384766,111.50167362318183,109.70276103922694,110.7897593119068,2084600
2018-05-03,111.01175689697266,112.14468284562625,108.2024000321235,109.58027757593565,3518600
2018-05-04,111.45574188232422,112.44322232670642,109.35063695562195,110.5294905751589,1812400
2018-05-07,111.68539428710938,112.22124858881376,110.3993719962023,111.57057503988307,1745800
2018-05-08,112.93314361572266,113.713949485333,111.44043510065312,111.74662752613169,1935600
2018-05-09,115.04592895507812,115.59708480699754,112.92552191861947,113.43840078739261,1732500
2018-05-10,115.46691131591797,115.97213928045764,113.92827525717387,114.82390027768083,1376800
2018-05-11,115.56649017333984,116.28605553088978,115.04594880980478,115.65834560434712,1559000
2018-05-14,115.09183502197266,116.17883328174815,114.91576328657484,115.880291588433,1737300
2018-05-15,115.42864990234375,116.57688905986508,114.80095190342165,114.86219272681525,2036100
2018-05-16,114.78563690185547,115.42099729362795,114.2115173324759,115.03060019142717,1323000
2018-05-17,115.32147979736328,115.42864831670674,113.23933855255413,114.44881851685449,1528000
2018-05-18,113.87468719482422,115.19133554259815,113.82110878092774,114.91575770979684,1283100
2018-05-21,114.38758850097656,115.22198456665004,114.13498614476106,114.22684154702124,1140300
2018-05-22,115.49755096435547,116.54627230414584,114.24214330954693,114.54068501768761,2035400
2018-05-23,114.61724090576172,115.64301019966213,113.96657899300112,114.7320718413034,1533600
2018-05-24,113.67569732666016,114.53304564954732,111.93037442335708,114.4105756609169,1945900
2018-05-25,113.40777587890625,113.74459464581108,112.90255940904446,113.3082697381356,991800
2018-05-29,108.12586212158203,112.32842195875432,107.13838151135786,111.96097699079283,3992300
2018-05-30,110.46826934814453,110.95818429620365,109.05211460915025,109.51140330267796,2387500
2018-05-31,109.77935028076172,110.75151794845867,109.18226669506747,110.1467836379976,2839700
2018-06-01,111.08831024169922,112.19062173110194,110.71322624911986,111.57057443843617,1785900
2018-06-04,112.17532348632812,112.3820098381342,111.20315592143302,111.55527611140452,1638600
2018-06-05,111.29499053955078,112.06048329013039,110.84335262002699,111.76194158462404,1291500
2018-06-06,113.01737976074219,113.4230900937153,111.38687602375873,111.50935770025889,2258500
2018-06-07,113.30058288574219,114.43352061732581,112.79536652489321,113.58382315888457,2173100
2018-06-08,113.94363403320312,114.2038988414578,112.50450350203707,113.23937021716743,1520300
2018-06-11,112.5504150390625,114.28808711365345,112.42793337730848,114.07375004583098,1512800
2018-06-12,112.67290496826172,113.8670720567508,112.08347214825288,113.14750684176506,1581200
2018-06-13,111.45574188232422,113.43070277108862,111.08829697607311,113.01734185217067,2649900
2018-06-14,108.57750701904297,111.71603249123848,108.08759204431188,111.63947853123591,3539900
2018-06-15,110.20800018310547,110.5601203326897,107.43691996392666,108.7918338202085,5084000
2018-06-18,109.08274841308594,109.84824138440584,108.73061650686064,109.02915829845557,2205900
2018-06-19,108.81477355957031,109.21283300091683,108.164111827119,108.164111827119,3231900
2018-06-20,108.2024154663086,110.03959357377772,108.133512234896,109.77932881664341,2091900
2018-06-21,108.19473266601562,109.05209241096888,107.55937233949784,107.70481781768149,3399300
2018-06-22,106.67906951904297,109.04443930018329,106.41114238582323,108.73058447109555,2684300
2018-06-25,105.9671859741211,106.77095592677588,104.92612675071541,106.40352257260353,3329100
2018-06-26,105.08685302734375,105.97482749875417,104.45149258730837,105.87530969474457,2411700
2018-06-27,103.57117462158203,105.68393047209565,103.38745215090977,104.61989598383256,2309000
2018-06-28,103.77787017822266,104.53570061615258,103.02767878323979,104.11467721702829,2364500
2018-06-29,103.41807556152344,105.2935304695319,103.4104131584813,104.4132067956352,3607600
2018-07-02,104.04576110839844,104.10700192295322,102.19327026995775,102.75973904422118,2239500
2018-07-03,102.87458801269531,104.7041155346637,102.67556406822187,104.32136909341095,1079400
2018-07-05,103.7855224609375,104.18358201522581,103.07360803345082,103.72428163100899,1729500
2018-07-06,104.10700225830078,104.52802555941417,102.89752244805277,103.50226819342231,1408700
2018-07-09,106.24273681640625,106.81685639610843,104.18357106882162,104.45148653105366,2790000
2018-07-10,105.4466323852539,106.83217247366946,104.9337536148759,106.79389549786657,2055000
2018-07-11,105.39308166503906,106.25809258334004,104.91847969312043,105.17109381122154,2205200
2018-07-12,105.63036346435547,106.3652300654558,104.58163030830445,106.27337466044176,2190600
2018-07-13,105.88296508789062,106.74796397145563,103.53289668767803,106.38053071400773,5306100
2018-07-16,108.59612274169922,108.7271550513069,105.96773763385401,106.41479526965844,3238300
2018-07-17,109.05089569091797,109.64440472494005,108.38031504601373,108.52676639634254,2505800
2018-07-18,109.76771545410156,109.82166439676405,108.63465828422625,108.75798695498247,2105300
2018-07-19,108.45738220214844,109.67521461893553,108.04885450434168,109.18191169021495,2120200
2018-07-20,109.83712005615234,109.98357143136428,108.07202344214005,108.49594677719779,2782600
2018-07-23,111.11662292480469,111.40951389799663,109.44401705520876,109.65212101375425,2017400
2018-07-24,110.33810424804688,111.72552257036462,110.09916226833927,111.38637456254573,2794900
2018-07-25,109.99896240234375,110.70808467292807,109.65209901846714,110.60787864991747,3293900
2018-07-26,109.90647888183594,110.99329101237075,109.82940726428518,110.37665926560312,2796800
2018-07-27,111.30160522460938,111.30160522460938,109.89877941477181,110.35354078776011,3297800
2018-07-30,112.04158020019531,112.61967035427696,111.23996702816278,111.42494835025336,2108000
2018-07-31,111.63302612304688,112.64275470021153,111.40949141986476,112.48859973048576,1753200
2018-08-01,111.77947235107422,113.4829040947728,111.54823402642077,112.55796255742875,1490200
2018-08-02,111.87199401855469,112.24968377899862,110.7928972191049,111.67929732141914,1509600
2018-08-03,111.78719329833984,112.35757968600058,111.49429059099087,111.61761928474534,2145100
2018-08-06,112.0724105834961,112.26510730854424,111.17059132162369,111.76410052792893,1555000
2018-08-07,112.47315216064453,112.95875136524758,112.15712690808485,112.2650365356336,1254700
2018-08-08,112.79690551757812,113.03584747604752,111.9182092850911,112.38068593851368,1088900
2018-08-09,111.93366241455078,112.92026859860601,111.78721103763621,112.61966221067158,803600
2018-08-10,110.64644622802734,111.12433027495969,110.02981444281822,110.63102719904701,1540800
2018-08-13,109.38233184814453,111.08576368862629,109.22046148330926,110.50767372478244,1438400
2018-08-14,110.0066909790039,110.45374872599356,109.27444588495668,109.45942718628137,1973400
2018-08-15,109.45940399169922,110.14540361505111,109.11255236394071,109.34379070286988,1681800
2018-08-16,111.34783172607422,111.89508359782289,109.76771692449324,110.15311020481691,1451200
2018-08-17,111.41722106933594,111.64074403984819,110.60789267313183,111.29389237326694,1055800
2018-08-20,111.67159271240234,111.76408336261234,110.5770768935833,111.31702561780914,1722700
2018-08-21,111.85655212402344,113.09751907034997,111.17055249290321,111.32470746684483,1549500
2018-08-22,111.41722106933594,112.10322076947104,111.05495037542812,111.6330404068208,1002000
2018-08-23,110.37664794921875,111.37867296482433,110.10687967354067,111.37867296482433,1171900
2018-08-24,110.16854858398438,110.90080543243404,110.0529352717412,110.80059938764138,1954700
2018-08-27,112.32673645019531,112.78921314980433,110.5539247833888,110.76975586813843,1515400
2018-08-28,112.59650421142578,112.9818974986659,112.05695596154357,112.50401358609447,1411700
2018-08-29,112.48863220214844,113.30566436268784,112.01845176393395,112.57341922416329,1966500
2018-08-30,110.81600189208984,112.42694319591862,110.67725417681447,112.08009154963685,1739900
2018-08-31,110.63872528076172,110.79289204028231,109.83711223310806,110.22250560936457,1731600
2018-09-04,110.93930053710938,111.27844849492375,110.006655414389,110.60016434056416,1948100
2018-09-05,111.13202667236328,111.82574179602912,110.65414265654873,110.80829765249482,1749500
2018-09-06,110.37664794921875,111.02410592437148,109.99125461716054,110.94703431472252,2254500
2018-09-07,110.191650390625,111.0626311946805,109.60584508526551,110.8391082700829,1730100
2018-09-10,109.95272827148438,110.71581140947691,109.79857326940876,110.60019809823838,1201400
2018-09-11,110.39978790283203,110.769774027683,109.76774885510596,109.97585281890255,1581700
2018-09-12,108.91986083984375,110.50767947468177,108.54988653688902,110.03749914250702,1972900
2018-09-13,108.11054229736328,109.65983114874794,107.76369062181833,109.27443778452643,2804100
2018-09-14,108.21842956542969,108.80423488498666,107.92553866692086,108.00261026704648,1965800
2018-09-17,107.64810180664062,108.59616640515087,107.31665732214611,108.52679840651531,1915100
2018-09-18,107.85616302490234,108.22614906009858,107.44764706881786,107.84075576105509,1803600
2018-09-19,109.08943176269531,109.57503110747389,107.7559741742202,107.85616843933764,2194400
2018-09-20,111.34783172607422,111.9952896143133,109.93729090873722,109.93729090873722,1932600
2018-09-21,111.00096893310547,111.58677424940934,110.61557565080854,111.48656823240587,3154400
2018-09-24,108.8813247680664,110.98558092254612,108.83507944797175,110.4460208247175,1940700
2018-09-25,108.58843231201172,109.55191567150565,108.48052264619925,109.45170963851142,1318900
2018-09-26,106.83872985839844,109.10484431794181,106.61520692194749,108.95068935198219,2258400
2018-09-27,105.85981750488281,106.86184233002041,105.69795892249677,106.30687509644478,2031500
2018-09-28,104.97343444824219,106.06024643401845,104.7113698131853,105.32798971654957,2257000
2018-10-01,104.81927490234375,106.09877173118299,104.6034555933217,105.85982976485646,1840900
2018-10-02,105.02740478515625,105.99860367714584,104.2951596798426,104.78075912583739,1671200
2018-10-03,106.43795013427734,107.15478799936109,105.31260795299555,105.80591105190132,2978000
2018-10-04,107.27035522460938,108.49590293040373,106.18354344267014,106.59977473677257,2299600
2018-10-05,106.76936340332031,108.11823995683451,106.54582870242666,107.7636729449519,1598600
2018-10-08,107.71744537353516,108.44969041380209,106.23753626526572,106.53814261911307,1891100
2018-10-09,106.90811157226562,107.94867830848368,106.36856324141131,107.30892394430232,1770500
2018-10-10,104.98114013671875,108.0180414414777,104.86552684289127,107.21642849464156,2589300
2018-10-11,101.44324493408203,104.80387564434321,101.1888838944868,104.510972914881,3436300
2018-10-12,95.77794647216797,99.22335770312802,93.73536076531653,98.89192510392968,7617900
2018-10-15,96.81079864501953,97.72032709512514,95.16131574272151,96.57185667376106,4652800
2018-10-16,96.96612548828125,97.22242504256634,94.88467375358881,97.02049152172476,3598000
2018-10-17,98.89226531982422,99.34273020742195,96.00308490344477,96.76420950963676,5148800
2018-10-18,96.47684478759766,99.13302438248414,96.26714296800164,98.43402819292083,3051800
2018-10-19,97.2069091796875,98.16219904449989,95.68464816137671,96.57004136920708,3019700
2018-10-22,94.33326721191406,97.37001530212937,94.24006573616225,97.11371568790287,2083500
2018-10-23,93.43234252929688,93.86727089490623,91.9566850989664,92.82654183018512,3771400
2018-10-24,90.79167938232422,93.14496145339292,90.51984919556693,93.09836368579272,3425600
2018-10-25,92.91197967529297,93.85173904104381,91.18779674316428,91.56059081074973,2121300
2018-10-26,92.77217102050781,93.74299744778585,91.41301402231856,91.90231433395742,2537400
2018-10-29,94.8769302368164,96.29821565757432,93.66533479679643,93.94493328868916,2397700
2018-10-30,96.89624786376953,97.09041315353517,94.66722820409647,95.38952331904281,3431800
2018-10-31,99.79320526123047,100.79509302903439,97.3622518299476,97.43214849611559,3822700
2018-11-01,100.7640151977539,101.02807712705756,99.49029147009807,100.40674587800177,4090900
2018-11-02,100.87274932861328,102.1154000010844,99.27282340367144,101.6105750170974,2686100
2018-11-05,101.41641235351562,102.27073249082282,100.53878147934033,100.6863489910238,2362700
2018-11-06,102.3328628540039,102.60469898091928,100.79507718547721,101.12904762285632,2303300
2018-11-07,103.51338958740234,103.65319474669602,100.64750825641389,102.44936768166161,2625100
2018-11-08,104.25900268554688,104.66285797275208,102.89984559947987,102.96197991695205,2167100
2018-11-09,104.25120544433594,105.30746490605843,103.90947269923356,104.14247337552216,2323400
2018-11-12,103.1172866821289,104.67060871818938,103.02407930134875,104.22790624947696,3674700
2018-11-13,105.30747985839844,105.50164514105685,102.95419758065115,103.15613705919725,4139000
2018-11-14,104.173583984375,106.50356788489128,102.66685916589537,105.62593682340531,3314600
2018-11-15,106.16181945800781,106.19288069106167,102.67460646497949,103.67650603187714,2752900
2018-11-16,105.92880249023438,106.76759786498945,105.33077015018628,105.5327096122559,2456300
2018-11-19,105.082275390625,106.31716400318766,104.02601555732913,105.39293516768991,3082800
2018-11-20,103.3580551147461,104.9269137715869,102.67458959079421,104.32111909386855,2656600
2018-11-21,103.07069396972656,104.56188177533399,102.29403291362433,103.73084875686914,1330100
2018-11-23,103.00080108642578,103.87843200519043,101.8591082127633,102.45714063489818,568100
2018-11-26,105.27641296386719,106.01423862809361,104.1269578706226,104.32888548739695,1925100
2018-11-27,103.99492645263672,105.4938886808487,103.56777228768695,104.46092789737524,1799600
2018-11-28,104.2356948852539,104.95022169872486,102.34840218749976,103.97939529168688,2326900
2018-11-29,103.80074310302734,104.69391040825838,103.3036805121944,103.61435203828185,2792600
2018-11-30,105.45504760742188,106.19287331300775,103.49009589055566,103.5832914341514,3194300
2018-12-03,105.54824829101562,107.36564443599508,104.56189713750487,106.6588799268869,3493500
2018-12-04,100.58537292480469,105.15214390019956,99.35825291296169,104.91914320434944,3353100
2018-12-06,100.4300537109375,100.58538357431395,97.38554335530497,98.65149892564106,3241300
2018-12-07,98.29421997070312,101.60280360737572,97.5874615009052,100.0417073221602,2754200
2018-12-10,96.50792694091797,98.2088110201481,94.84587236825365,98.2088110201481,3145000
2018-12-11,95.10993194580078,98.47287643833444,95.03226700917294,97.3389517722944,2932100
2018-12-12,95.32738494873047,97.03604298124988,94.60508986451246,96.25938185522855,3138500
2018-12-13,93.12168884277344,95.9642660520047,92.60908955273278,95.67690517012312,2365500
2018-12-14,92.03435516357422,93.9294104487419,91.8712570173769,92.29065478993638,2758300
2018-12-17,91.8945541381836,93.54107803669069,91.36642427831941,91.87902352118235,2666800
2018-12-18,90.55091094970703,92.9041989599005,90.01501884283056,92.06540358550205,2532100
2018-12-19,88.56266784667969,91.8168798827006,88.03453804042157,90.65965645628731,3033300
2018-12-20,88.21318054199219,89.66553319409438,87.49865365990786,88.03454585874375,4100800
2018-12-21,86.58993530273438,89.85967747991602,86.46567262099677,87.86365889917485,7403100
2018-12-24,85.20748901367188,87.50640517058923,85.12205581819066,86.20938254894381,2359600
2018-12-26,89.1917724609375,89.19954073233457,84.22890769463999,85.64243089070594,3046200
2018-12-27,89.89852142333984,89.89852142333984,86.69091324567479,88.0267653468952,2510300
2018-12-28,89.60340881347656,90.96256597470173,89.19954165302916,90.25580140664626,1803100
2018-12-31,90.79944610595703,91.04797740468224,89.43252100024154,89.99948024790208,1887600
2019-01-02,92.2751235961914,92.51589261921046,89.1995456779248,89.43254642911609,1912000
2019-01-03,91.855712890625,93.19933930615535,91.09458827121253,91.69261475789375,2789600
2019-01-04,94.15461730957031,94.55071016027941,92.98962578887777,93.57212154922404,2703800
2019-01-07,93.94493865966797,94.70606924788086,93.04401474297093,93.39350991509082,2145600
2019-01-08,94.09249877929688,94.59732970798025,92.66343919312182,94.17793197917194,3952800
2019-01-09,93.82843780517578,94.49636691213274,92.7721780976836,94.0614385356788,3755800
2019-01-10,92.87313842773438,93.82066594502315,91.93337918079584,93.48670142541242,3531600
2019-01-11,93.23817443847656,93.60320020555217,91.59941892017447,92.2828786064203,2984800
2019-01-14,93.62650299072266,94.34102981889068,92.27510833800206,92.64014002262931,2893900
2019-01-15,94.0691909790039,94.16238651516052,91.88676934189475,93.20709671683284,4171300
2019-01-16,94.88330078125,95.43908872940007,91.72078428162227,94.26488732483867,6131000
2019-01-17,95.41559600830078,95.83830918787312,93.77954508342125,94.80501229523959,4314200
2019-01-18,98.04582977294922,98.39026413997355,95.43910088934685,95.90095660624748,3014100
2019-01-22,97.52135467529297,98.50767968238924,96.8090028645366,97.30999505070237,2614400
2019-01-23,97.37262725830078,98.24153694733198,96.60548553339835,97.79534056423205,1993500
2019-01-24,96.91859436035156,97.77185059522459,96.1279696140108,96.72289410134283,2572900
2019-01-25,97.78749084472656,98.3197957165763,96.78550660884406,97.41957345167346,1890600
2019-01-28,97.74837493896484,98.02235412791293,96.59765637308446,97.270865792956,1644100
2019-01-29,97.32565307617188,98.39026295019342,97.2317148029472,97.56831948329662,1372000
2019-01-30,96.80117797851562,97.88144124700935,96.44108425005317,97.27868111102896,1896100
2019-01-31,96.02618408203125,96.60546104273047,94.32750757808421,96.151435091576,2099300
2019-02-01,96.07318878173828,97.01254778273736,95.79920359850625,96.37848075567793,2390500
2019-02-04,97.56047821044922,97.5683078920289,96.15144011326218,96.55849397094808,2105000
2019-02-05,96.30016326904297,97.7561734084114,95.76003471381051,97.56047318508013,2345500
2019-02-06,95.97924041748047,97.02036728203502,95.3529971676872,95.99489381119109,2199000
2019-02-07,96.15927124023438,98.07713725899227,95.26687858482127,96.33148841448912,2247600
2019-02-08,94.90678405761719,96.46456222440182,93.69344618700934,95.73655711311822,1471400
2019-02-11,95.16513061523438,95.89313588574873,94.71893422184161,95.29820537045887,1700800
2019-02-12,96.40193939208984,96.8246526270499,95.79135559902444,95.91660064699556,1730300
2019-02-13,95.09465026855469,96.88725896664877,95.0085416969244,96.64459261330695,2331600
2019-02-14,94.41362762451172,94.92244946108526,93.44295607179905,94.31968935594045,2110300
2019-02-15,97.18473052978516,97.34128831700069,95.14944943449946,95.52519051273543,2321300
2019-02-19,97.81096649169922,98.1554007862473,96.13577310470086,96.13577310470086,2674500
2019-02-20,99.03997039794922,99.09476622380443,97.50568130170605,97.81097318465612,1787800
2019-02-21,97.7796630859375,99.0947628618457,97.48219492227521,98.78164728032293,2270800
2019-02-22,97.18473052978516,98.20236809127962,96.86377930200753,97.88925251684856,1663600
2019-02-25,96.82463836669922,98.58594026681256,96.76984254647644,97.81879281139719,2553300
2019-02-26,96.44890594482422,97.51351573240137,95.8461518310609,96.44890594482422,2920900
2019-02-27,98.41372680664062,98.45286326695138,96.19056921952352,96.6445951596646,1949500
2019-02-28,98.64857482910156,99.19653908713354,98.22586756427626,98.67988758432888,2189400
2019-03-01,99.11827087402344,100.05762974295287,98.29632738448666,99.1026115085724,1963800
2019-03-04,98.8912582397461,100.70735046749252,98.1084571884804,99.18872048919975,1928800
2019-03-05,100.05763244628906,100.30030483895243,97.58398417271677,98.78166885326489,3160100
2019-03-06,99.7601547241211,101.19268189231052,99.6896995332066,100.3002892893755,2748500
2019-03-07,98.62509155273438,99.31396022172254,97.42740703616754,99.13391337261044,2983900
2019-03-08,99.18087005615234,99.24349556050284,97.47436388253075,97.59178521011373,2997600
2019-03-11,100.63689422607422,100.93436242709502,99.3844138257956,99.53314792630601,2546500
2019-03-12,99.97149658203125,101.13786818498258,99.70534715774966,100.82475262048578,3195900
2019-03-13,100.92652893066406,101.16137162361808,99.6975375507377,100.52730471385911,1741600
2019-03-14,101.45101928710938,101.77979428966754,100.57427400235835,100.98915759686717,1608500
2019-03-15,101.65452575683594,101.95981763126865,100.79343998556733,100.98914021134712,3687600
2019-03-18,103.23580932617188,103.63503357333424,101.86590744846617,102.1085738699529,1913000
2019-03-19,101.3570556640625,103.72111769101565,101.08308251993675,103.72111769101565,2285300
2019-03-20,98.21022033691406,101.62323941088933,98.13194142532109,101.2944524542237,2991800
2019-03-21,96.20623779296875,97.7561803269611,96.12012921082503,97.67007174481739,2804100
2019-03-22,93.29422760009766,95.65828409823757,92.91848047544667,95.11032576259858,3464500
2019-03-25,93.29422760009766,94.64064633600829,92.98110599160484,93.5368940098381,2118500
2019-03-26,95.07901000976562,95.28253994471997,93.6386590172832,94.14747489622243,1976900
2019-03-27,94.9302749633789,95.44692649182984,94.23358254880551,94.94593432791858,1773200
2019-03-28,96.17491149902344,96.2531903884167,94.68758871136575,95.21206383982667,1619200
2019-03-29,96.01837158203125,97.06732203408386,95.63479479974556,96.99687281221355,1951100
2019-04-01,99.34526062011719,99.54878454491498,96.94205623173659,97.05165384732331,1837000
2019-04-02,99.22785186767578,100.22200646413282,98.75817248374096,99.06346438191346,1698200
2019-04-03,99.26699829101562,101.16921103553278,98.70338058483247,100.19070376008291,2081400
2019-04-04,100.52730560302734,101.16137251839467,99.2591717722927,99.2591717722927,1639700
2019-04-05,100.12805938720703,101.1770096573781,99.69751653166128,100.58208531263772,1331900
2019-04-08,100.38639831542969,100.62906469924751,99.68187029235791,100.12807256809616,1460700
2019-04-09,99.25917053222656,99.95586295387132,98.80514451273064,99.69753718702387,1572800
2019-04-10,99.64274597167969,99.830616550683,98.46071471867533,99.0791282623717,1806300
2019-04-11,100.76215362548828,100.91088773835834,99.80713537457173,100.1985359054524,2051700
2019-04-12,103.877685546875,104.55873050796464,101.12222280876378,101.3257587039699,4293600
2019-04-15,103.33364868164062,104.3980547476974,102.8921211975856,104.05901698126267,2006100
2019-04-16,104.98150634765625,105.67534219013305,103.6726960503333,103.6726960503333,2375400
2019-04-17,105.54918670654297,106.06168345856615,104.31921375084347,105.1549639883971,1752300
2019-04-18,105.01305389404297,105.97495832825047,104.67401608654865,105.45458143156974,2392400
2019-04-22,105.56497192382812,105.92766216249817,104.4532608350119,105.08401966750704,1469800
2019-04-23,105.80938720703125,106.23515452837314,103.85404567071089,105.18652053486865,3319000
2019-04-24,105.78571319580078,106.23513282867118,104.75285169239596,105.53341693493438,1681400
2019-04-25,105.84092712402344,106.65302501791801,104.89478290951952,105.12343883928989,1335700
2019-04-26,107.29954528808594,107.30743744275495,105.65957720316936,105.65957720316936,1337100
2019-04-29,108.02491760253906,108.86856009335806,107.37050636975002,107.85935077864637,1151900
2019-04-30,107.96183776855469,108.34818039901066,106.96840075831265,107.96183776855469,1432400
2019-05-01,106.605712890625,108.83700289156198,106.34552445258103,107.79626117010869,1264400
2019-05-02,107.18126678466797,107.79625321805109,106.7554995426509,106.86588141452167,1235900
2019-05-03,108.09587860107422,108.38759957474284,106.99204772615386,107.22070364934528,1055200
2019-05-06,107.44146728515625,107.97760442861022,105.76207458860688,106.71609889833572,1314000
2019-05-07,104.8238296508789,106.30611108075722,104.2798003162651,106.26668639854736,1821500
2019-05-08,104.06693267822266,104.8080613908575,103.90923394333608,104.44538317435683,1694200
2019-05-09,104.0274887084961,104.24825245953994,102.08002759479197,102.52155509687965,1504100
2019-05-10,104.42172241210938,104.8790222390835,102.14311543178599,103.60962452148804,1354300
2019-05-13,101.27581787109375,103.3573134235893,101.03140170114028,102.52944327675883,2367500
2019-05-14,102.30867767333984,103.349431446282,100.92889813027803,101.08659684549195,1088500
2019-05-15,101.4571533203125,102.82905271529404,100.59775067913749,101.58330747793158,1609200
2019-05-16,103.3652114868164,103.84616373060418,101.93023487951645,102.1904233422925,1508900
2019-05-17,102.67139434814453,104.23251337935434,102.04063541682234,102.07217998028773,1351600
2019-05-20,103.55442810058594,104.13788209611333,102.56887123493229,102.67137299879178,1153200
2019-05-21,104.13787841796875,104.38229458710234,103.31788839750179,103.38096547836255,988700
2019-05-22,104.090576171875,104.36652487285583,103.2075090488557,103.76731063604404,1166400
2019-05-23,102.47425079345703,103.27846847942186,101.7015776610638,103.27846847942186,2026800
2019-05-24,104.05113983154297,104.37440533114875,102.68713266560304,102.76596998673877,1162300
2019-05-28,102.21406555175781,104.34286581677239,102.21406555175781,103.86980577494835,1944900
2019-05-29,102.52154541015625,102.59250260256123,100.91311621334467,101.47291167641686,1640400
2019-05-30,101.4019546508789,103.33364330853723,100.51889371332511,102.72653703416884,1185400
2019-05-31,100.33757019042969,101.17332646236609,99.61219580085748,100.43217979510675,1543100
2019-06-03,101.68580627441406,102.32444513652405,99.75411139579913,100.11680158071415,1711300
2019-06-04,105.17863464355469,105.2338316084218,102.84484248428899,103.12079121645047,1502900
2019-06-05,105.84879302978516,105.99859957798303,103.90921208745361,105.18650179317315,1620400
2019-06-06,105.45458984375,106.1090010786168,104.8553755708387,105.56497173693693,1251000
2019-06-07,104.76860809326172,105.53340094401044,104.3191885284895,105.13917832117995,1619800
2019-06-10,105.95130920410156,106.94474619426734,105.55708645758322,105.91188452330503,1015500
2019-06-11,106.58203887939453,107.50453054532684,105.84091034061643,106.26666554505158,1248700
2019-06-12,105.73055267333984,107.03148301370287,105.39939495653631,106.51110606526794,1172900
2019-06-13,105.43881225585938,106.57417568903226,104.77652093008302,105.93553676555338,2019500
2019-06-14,106.605712890625,107.03146813332802,105.20226894370587,105.70688557316518,1757900
2019-06-17,104.50054931640625,107.37049012671292,104.31921024076308,106.6057091475077,1710400
2019-06-18,105.99070739746094,106.79492505926882,103.73576514443575,104.43748105629818,1781100
2019-06-19,105.06035614013672,107.44146476609905,104.85536465433812,106.63724703905059,1521800
2019-06-20,104.784423828125,105.47825986158087,102.54524103198699,105.3048008532169,2128600
2019-06-21,104.99726867675781,106.18781685663797,104.76862481254514,104.76862481254514,2480200
2019-06-24,105.39148712158203,106.10897526813363,104.27977630515211,104.3980503245483,1515300
2019-06-25,105.14707946777344,105.78571831954582,103.73576748935119,105.3284185419345,1446800
2019-06-26,105.36783599853516,106.31396801154472,104.79227426215186,105.54129493783772,1387500
2019-06-27,106.1720962524414,107.13400092725195,105.46248793472934,105.64383910000055,1504300
2019-06-28,108.23779296875,108.32452245152638,106.52686774554633,107.31531321415943,3171700
2019-07-01,110.22467803955078,110.32716776876174,108.97105264182333,109.10508692673227,2128300
2019-07-02,110.05907440185547,110.69771315753536,109.27062911717012,109.80677816673071,1828200
2019-07-03,110.91063690185547,110.98948627115503,109.75951310671968,110.38237981357746,892400
2019-07-05,111.62024688720703,112.81867551046297,111.30486143577797,111.48620055114667,1281000
2019-07-08,110.96581268310547,111.52560219380456,110.53216529619061,110.8633109287286,1568600
2019-07-09,111.0052490234375,111.64390005542538,109.95662697860134,110.31142508700022,1838400
2019-07-10,110.42179107666016,111.79367850221473,110.28775678972225,111.08408238766741,1466200
2019-07-11,111.53350830078125,112.01446054812381,110.48487431786309,110.79236758873955,1505700
2019-07-12,112.10906219482422,112.33770608534347,110.8317843958951,112.03021283631524,1569200
2019-07-15,110.54006958007812,112.40869381380526,110.17739134500405,112.40869381380526,2534900
2019-07-16,109.40469360351562,110.61890641465604,108.77394682605025,110.38237035774472,3338400
2019-07-17,110.13006591796875,112.25887847475255,109.39681734940137,109.42834987710064,2901800
2019-07-18,110.40833282470703,111.25896672394573,109.57359000839408,110.13802671719971,2004800
2019-07-19,110.3685302734375,111.25891573311529,110.14593390851806,110.71037035863804,1853900
2019-07-22,110.95685577392578,111.25099844570671,109.68486582516279,109.91540778644605,1671200
2019-07-23,111.8392562866211,112.18905404304111,110.50367808639069,111.10786649164842,1995600
2019-07-24,112.35601806640625,112.80121084214622,111.08402830949774,111.08402830949774,1981200
2019-07-25,111.96649932861328,113.14309442528942,111.52925197042936,112.92048584518031,1557000
2019-07-26,113.5246810913086,113.82676932634618,112.03009460524224,112.0539433572032,1233100
2019-07-29,112.85688781738281,114.73306639962419,112.79328710418531,113.09537532862883,1273100
2019-07-30,112.82506561279297,113.39745982090461,111.84723056168305,111.96647430062548,1063600
2019-07-31,113.60415649414062,114.3514496293366,112.15727985138204,112.88072423805852,2394600
2019-08-01,109.9154052734375,114.11295502555308,109.71665760664946,113.21462382047572,2973900
2019-08-02,109.67691802978516,110.26520336124877,107.66558047712132,109.97106069551697,1859000
2019-08-05,105.67018127441406,107.82461179393036,104.81158970928936,107.40326761807252,2306100
2019-08-06,106.83085632324219,107.03754954243685,105.00237524988881,106.89445703620878,1380300
2019-08-07,103.15797424316406,104.899005570282,101.85419016518888,104.24711959659125,4324200
2019-08-08,104.61282348632812,105.20906651238066,103.55548439779018,104.3345840191942,2033500
2019-08-09,105.20906829833984,105.86891204737717,103.22159151109331,104.31073703930943,2066300
2019-08-12,102.26762390136719,104.16765157444515,102.10862815524393,104.07225655289076,2657300
2019-08-13,103.94506072998047,105.05804314368349,101.62368874525808,102.45047394820911,2218200
2019-08-14,99.07176971435547,102.00528205752397,98.70607462238566,100.90819678161454,3142000
2019-08-15,99.16712951660156,100.24831725893807,98.05414142122018,99.66797749543662,2354900
2019-08-16,100.96381378173828,101.28976286355751,99.66798118993641,100.07342205936865,1850200
2019-08-19,102.04499053955078,103.08642625034769,101.48849956400205,102.64917900863317,2481400
2019-08-20,100.32782745361328,101.57596265403765,100.24832959386801,101.0274231760867,1888000
2019-08-21,100.16883087158203,101.34541980769359,99.95418604558827,101.31361945100971,1547000
2019-08-22,100.50272369384766,101.44876457579599,99.962129770634,101.09896672392311,1321400
2019-08-23,97.85540008544922,100.9558649567059,97.28301188955507,100.27217248531554,1912900
2019-08-26,98.65833282470703,98.77758262846477,97.99848916717157,98.53908302094929,2431800
2019-08-27,98.68218994140625,99.46923507377663,98.10185014735666,99.10354009245692,1744600
2019-08-28,100.61402130126953,101.14666968122015,97.92695491209562,97.92695491209562,1462800
2019-08-29,101.997314453125,102.76049877102729,101.36131943447576,101.37721658055789,1568900
2019-08-30,102.49813842773438,103.88142652231943,102.34710039430827,102.78433554624871,1457900
2019-09-03,100.77301025390625,101.57594639368622,99.5566756051513,101.44875105151489,2002900
2019-09-04,102.21194458007812,102.5537847064146,101.36129883773536,101.83829803744447,1662500
2019-09-05,104.5889663696289,105.68605733159946,103.88937072656428,104.05632409796631,1185300
2019-09-06,104.71617126464844,105.08981784729063,103.88142864107341,104.50947805895917,1357400
2019-09-09,108.34928131103516,108.85807489327803,105.20907035200821,105.69401518278626,2027800
2019-09-10,109.62126159667969,110.47190742536733,108.68317844078337,109.11246805962182,1893200
2019-09-11,108.1187515258789,109.74848513308697,107.7053529028892,109.70873316596537,3444900
2019-09-12,109.04887390136719,109.21582728741839,106.16305375110647,107.20450176772017,3076900
2019-09-13,110.72628784179688,111.52922396660084,109.72460407050339,110.5036914481761,2902800
2019-09-16,111.69619750976562,111.7121007209246,109.19992710402389,109.66896872314894,2180200
2019-09-17,110.69449615478516,111.33047893400877,109.70870343803824,110.98069325767337,2290300
2019-09-18,112.25270080566406,112.34015028065775,109.77233334125711,110.30497573236516,2073200
2019-09-19,112.09367370605469,112.96021054180153,111.10788100290257,111.10788100290257,2248500
2019-09-20,111.998291015625,113.09536990654698,111.49744300482891,112.31628243577148,4212400
2019-09-23,112.25270080566406,112.68994818063251,111.0443113686414,111.06817225327346,2475700
2019-09-24,111.51333618164062,112.75351959146003,111.02043375498864,111.89492827760182,2842500
2019-09-25,111.54515075683594,112.64224187918599,111.0681635827766,112.0221500614915,1454800
2019-09-26,111.37820434570312,111.81543953574055,110.95686023598277,111.23509970867971,1041600
2019-09-27,111.60870361328125,113.0714830620879,111.12375897605185,112.49908899419121,1368600
2019-09-30,111.4259033203125,112.22883958837977,110.78990831195037,112.22883958837977,1726300
2019-10-01,109.0727310180664,112.53094571346976,108.96939046696131,112.21294212769445,1518100
2019-10-02,107.88024139404297,108.6354801737392,107.14885136618798,108.49238766269185,1776200
2019-10-03,108.69908142089844,108.71498463240245,106.02791202624225,107.1806583136587,2057200
2019-10-04,111.67235565185547,111.84725459361316,108.71498898471211,108.81834166773163,2087400
2019-10-07,111.25894927978516,112.66608625634089,110.58321444345866,111.84724678193624,1778100
2019-10-08,108.26182556152344,110.07441548181195,108.15052735094912,109.85180693006815,2221100
2019-10-09,108.5639419555664,109.45432777181314,108.38109746771508,109.17608826953452,1459400
2019-10-10,110.04259490966797,110.99658118199173,108.81831475079464,109.02500793511015,1283600
2019-10-11,111.61669158935547,113.27027373305056,111.51335104515903,111.98239265589969,2416300
2019-10-14,111.71209716796875,111.91084484404938,110.7899050396117,111.06019896773844,1444200
2019-10-15,112.78531646728516,113.56441601644023,111.33048216295798,111.83133014018705,2297700
2019-10-16,113.37844848632812,114.82913917781445,112.14415065519552,114.34023122153769,2692800
2019-10-17,114.34021759033203,115.49436162688326,113.85130969234102,114.17189982261434,1748700
2019-10-18,115.0295181274414,115.9752677431629,113.8833843569897,114.17192041817675,1901000
2019-10-21,116.6405029296875,117.32978283453633,115.98328938119349,116.2157154309735,1747100
2019-10-22,116.5843734741211,117.72248422085397,115.84699423508958,116.65650441172363,1697700
2019-10-23,117.31372833251953,117.3618156285794,115.9752455966924,116.19966113145807,1106400
2019-10-24,116.69661712646484,117.57023580764566,115.96726036486308,117.17750242146037,1143800
2019-10-25,117.55419921875,118.50797153629469,116.4481422818015,116.4481422818015,1072500
2019-10-28,118.43583679199219,119.02091936860398,117.97097247436523,118.39575996242013,1250700
2019-10-29,118.85257720947266,119.73421836038104,117.91483829244947,117.91483829244947,1411700
2019-10-30,118.41979217529297,119.23731294661437,117.4339658576505,118.49994582669454,1168000
2019-10-31,117.57823181152344,118.41979626135738,116.2477594226226,117.55418816121937,1266900
2019-11-01,119.26935577392578,119.34950941773639,118.06712449514059,118.87663471654916,1109500
2019-11-04,120.23114776611328,120.80821980349805,119.97467809934778,120.53571696076912,1192900
2019-11-05,121.04867553710938,121.93832729380965,120.22314425824787,120.72808537764632,1382700
2019-11-06,121.59368896484375,121.63375356098965,120.1830629642786,120.66396041533132,1650300
2019-11-07,122.68370056152344,124.0301937249068,122.2428799795602,122.58751374290392,1565000
2019-11-08,121.98640441894531,122.56347644162541,121.52956286833253,122.28296313292763,1845800
2019-11-11,122.19478607177734,122.81192262339665,121.32917812942343,121.42535271310885,1354800
2019-11-12,122.06655883789062,122.76384910731205,121.11278667688953,121.93831789210078,1182200
2019-11-13,120.88033294677734,121.62571034252854,120.27921740966435,120.73605885841222,1677500
2019-11-14,119.43770599365234,120.91244049461619,119.00489576701649,120.3514015246552,1973000
2019-11-15,120.91239929199219,120.96048658306923,119.75024491529388,120.31128369407291,1773000
2019-11-18,121.59368896484375,122.17074878448472,120.61587311617208,120.63991676575169,1616600
2019-11-19,121.6017074584961,122.70776433103033,120.82426345819754,121.82612302252753,1647000
2019-11-20,121.6498031616211,122.35511625713028,120.575812569628,121.24104883385019,1456400
2019-11-21,121.5776596069336,123.05239389954119,121.27309039638594,122.3631140539069,1404600
2019-11-22,122.50737762451172,123.20466788356862,120.97653345994055,121.31315676533801,1080600
2019-11-25,122.94819641113281,123.765717210484,122.41120117157514,123.06842689235742,2438300
2019-11-26,122.53946685791016,123.00433124039289,122.09864613057887,122.7398388039941,1570700
2019-11-27,122.86001586914062,123.54929562165545,122.25088976006688,123.16458503854197,1315300
2019-11-29,122.79590606689453,123.7897427464304,122.57950101614159,123.14053982390035,736300
2019-12-02,121.8100814819336,123.78174635024604,121.77802735915745,123.37297984903665,1234300
2019-12-03,120.0147705078125,120.45557895134002,118.69230848803535,120.43955800302625,2358000
2019-12-04,121.30519104003906,121.69791225967325,119.93464143488387,120.01479511181095,1703200
2019-12-05,121.98640441894531,122.3310504298627,121.49749651722273,122.05052489143529,2087100
2019-12-06,123.27680969238281,124.08632002097488,123.02835048529319,123.49321477554146,2701000
2019-12-09,123.1886215209961,123.47715749898224,121.8581493875196,121.98639031767526,1699600
2019-12-10,124.7114486694336,125.69727478139764,122.41919413651846,123.18861521863218,2606500
2019-12-11,124.23057556152344,125.12823774238989,124.15042191120465,124.89581172403338,1795100
2019-12-12,127.43653869628906,127.949490312544,124.32676264351971,124.75957283113773,3113600
2019-12-13,127.14797973632812,128.3021237223633,126.14612033591274,126.76326915089274,2472600
2019-12-16,127.43653869628906,128.9353167158698,127.34837456397659,128.4784751064188,1644400
2019-12-17,128.52651977539062,128.96734029072624,127.01971955196238,127.41245278012087,1527800
2019-12-18,128.278076171875,128.96735590757646,127.74108101715957,128.88720226609055,1621200
2019-12-19,127.86132049560547,128.99943146139236,127.21211747277277,128.45442574385947,1577600
2019-12-20,128.09375,129.33604595643064,127.73307080776677,129.1997945363618,3340300
2019-12-23,127.86132049560547,128.75097225312115,127.37241255265124,128.3021411375692,1253600
2019-12-24,128.5746612548828,128.68686904883242,127.90141449118514,128.10979690002517,1230000
2019-12-26,129.15972900390625,129.25591583745182,128.47044914052907,128.6227337497229,798000
2019-12-27,128.88722229003906,129.61657895979653,128.6868503849231,129.48032753188534,1051800
2019-12-30,128.25404357910156,129.67266776378466,128.1418358091877,129.51237269672626,1401100
2019-12-31,127.94144439697266,128.53453727756923,127.42849292281268,128.11777261275213,1499800
2020-01-02,128.53457641601562,128.53457641601562,127.3563885380648,128.03765796372372,1881300
2020-01-03,127.30029296875,127.90941921857379,126.17820284993975,126.96366960202646,1374400
2020-01-06,127.04376983642578,127.18002123379222,126.19419510594814,126.7151692802963,1335500
2020-01-07,126.04191589355469,126.95561112570431,125.52095392678795,126.17816729671324,1936300
2020-01-08,127.34834289550781,128.1658635345865,126.07398076058361,126.63501954045009,1958400
2020-01-09,128.88722229003906,129.23987879980007,128.10977831981066,128.54258848351026,1652000
2020-01-10,127.09188079833984,129.02345640994912,127.01172715515354,129.02345640994912,2182500
2020-01-13,127.78919982910156,127.86934126062556,126.49079367893532,127.3403686774259,2391100
2020-01-14,128.141845703125,128.9994311044537,127.28424807206568,127.57278410694079,3333900
2020-01-15,123.49320220947266,126.88349109523577,122.89208655165574,126.88349109523577,4078500
2020-01-16,123.24285888671875,124.11497602418734,121.08679665312701,124.0180782272553,3831600
2020-01-17,123.84044647216797,124.3976335487887,123.4286184389549,123.5901189036446,2515600
2020-01-21,122.45957946777344,123.81621035105877,122.30616204987727,122.85526604241801,2036200
2020-01-22,122.95220184326172,123.56592099127981,122.45961731105164,122.70995725504224,2637300
2020-01-23,123.3155517578125,123.75160419116581,121.07064998367159,122.24962664253577,2118100
2020-01-24,121.43404388427734,123.12981707296575,120.73958086747321,123.12981707296575,3152900
2020-01-27,119.94013214111328,121.12717948580973,118.96304646007633,119.46370152567563,2343400
2020-01-28,120.87684631347656,121.91046387779632,120.22276154624066,120.57806989429308,1636200
2020-01-29,119.98860168457031,121.74090703733268,119.77865230648449,121.0545269618429,1091200
2020-01-30,121.90238952636719,122.01544105903388,118.8096076349297,118.8096076349297,2277500
2020-01-31,119.9563217163086,121.68440283366765,119.70599410872863,120.53773333726095,2808400
2020-02-03,120.7557373046875,122.05583640521373,120.52963418474346,121.15949463625843,1969300
2020-02-04,121.66015625,122.92794780282519,121.47441901479685,122.70184469376471,1502500
2020-02-05,124.18767547607422,124.23613670642017,122.98448650561365,123.1621407184608,1451900
2020-02-06,123.4285888671875,125.12436182268921,123.29130056731321,125.0193933227225,1484300
2020-02-07,123.83235931396484,124.06653310840731,122.24155468858788,122.59686305673011,1547200
2020-02-10,124.24417877197266,124.24417877197266,122.99252885974235,123.13788787387473,1206400
2020-02-11,124.99514770507812,125.72191805315465,124.51064646138558,124.63176869188577,1224400
2020-02-12,125.3343505859375,126.71519369694144,125.03556179541465,125.97228171925187,956100
2020-02-13,125.42317199707031,125.60889690264226,124.46222766377606,124.97095347657701,1388000
2020-02-14,124.46221923828125,125.5200613077944,123.69507057257876,125.29395822370124,1832400
2020-02-18,122.24967193603516,124.46226704794942,121.12722679394587,123.94545803982987,2121900
2020-02-19,123.83235931396484,124.27648245244863,122.65338266710147,122.86333201114279,1317400
2020-02-20,124.74486541748047,125.11632759510577,122.96026485907718,123.34786845882374,1426400
2020-02-21,124.19575500488281,124.41378740935257,122.56457197007528,124.03425454004048,1547500
2020-02-24,120.16625213623047,121.30485074085264,119.57676989650871,120.57000945800893,2234700
2020-02-25,114.13410949707031,120.59422623425877,113.8676282030579,120.23891784224223,2828000
2020-02-26,112.0103530883789,115.53918786870142,111.98611631496033,115.11120612598612,2734800
2020-02-27,105.47754669189453,110.47606373326025,105.4048733395227,109.8300496282242,3668800
2020-02-28,102.0698471069336,103.32149104575646,98.96091711586068,101.99716758898333,4900400
2020-03-02,107.1087417602539,107.2056395744764,100.65670148738386,102.40900678418203,2965200
2020-03-03,101.33499908447266,107.91624389459653,100.17218232265182,106.59192052637898,3545500
2020-03-04,104.49238586425781,104.66196935432389,100.62439629431863,102.68356101926034,2598600
2020-03-05,97.45892333984375,100.7858790127583,95.65008649152989,100.66475677095528,3561500
2020-03-06,92.24239349365234,95.68240118018373,90.538537231268,93.17103033509012,3704000
2020-03-09,79.74205017089844,86.57362152725057,78.77303531670448,82.8509795023541,4702300
2020-03-10,87.24386596679688,88.00293155650034,80.99370555872754,84.02188488678296,4757100
2020-03-11,82.31803894042969,85.66114883653078,80.85643334911298,84.21569698702275,5605500
2020-03-12,76.48777770996094,83.98151160599075,73.39499556356012,75.48646141200358,5347700
2020-03-13,86.38790893554688,86.54940938058321,80.31539609296642,83.42432586626889,6420100
2020-03-16,72.652099609375,83.40819532456021,72.07876490327517,73.62919167139145,5318400
2020-03-17,77.52139282226562,77.674822550364,70.68982081910508,73.72607709634758,4486800
2020-03-18,70.68174743652344,73.63725364090777,65.4329028718635,71.69114062203496,5107400
2020-03-19,74.63050842285156,77.92516993605739,68.29151914726941,68.9859822944897,3370800
2020-03-20,72.26446533203125,77.01265417044229,69.93074909906447,75.97095980611428,3939900
2020-03-23,65.11798095703125,71.41659769851837,64.12474138647887,69.7288888744622,3848300
2020-03-24,72.82166290283203,73.47574772168788,68.36418526471014,69.8903872826052,5137300
2020-03-25,74.33171081542969,78.46618103606838,70.17300998512763,73.90372296322916,3793100
2020-03-26,83.10941314697266,83.76350425674127,74.33173212120191,74.75971393522866,3735700
2020-03-27,80.85643005371094,83.40817900091362,78.31276413793053,78.71652141482865,2535500
2020-03-30,81.53474426269531,82.10807884801129,78.99107222412377,80.16196584527165,2707400
2020-03-31,77.29532623291016,81.18754775508648,76.1002014853016,79.72594777610513,3563600
2020-04-01,70.53640747070312,73.29003554155419,69.86616879435046,72.67632264749341,4024600
2020-04-02,73.26578521728516,74.2671013618402,69.33318781799937,70.52023498784774,3063500
2020-04-03,68.79216003417969,73.58072111301011,67.84736341704527,72.1837183617577,3118600
2020-04-06,76.9642105102539,77.64252594225083,72.3210018042428,72.81358617722654,3169700
2020-04-07,76.6492919921875,83.44049341219855,76.25361152379168,81.84161163408272,2962500
2020-04-08,80.34768676757812,81.03407280930276,76.407018518892,77.41641156873595,2900300
2020-04-09,85.1281967163086,86.21834031019789,81.55898328292665,82.01926640749538,4331400
2020-04-13,81.52667999267578,85.00706623391068,81.09062133345259,84.90209154516819,2802100
2020-04-14,80.3234634399414,84.102631317678,78.89415941136194,83.3516426316904,3377000
2020-04-15,75.51158142089844,78.91830169807751,74.42502358011039,77.24353813930702,3934200
2020-04-16,73.96753692626953,76.24685538945505,72.81562068053682,75.83837551217252,3104200
2020-04-17,82.92139434814453,83.21550028485916,76.89223511130812,77.02294539823312,4058200
2020-04-20,83.77920532226562,84.95562284960239,79.48199629395975,80.36431411414243,4165200
2020-04-21,80.87902069091797,81.63879355884598,79.21242194085305,80.20094255690411,4106700
2020-04-22,80.79731750488281,83.19917484182797,80.34798716599599,82.84788814603574,2577200
2020-04-23,81.23031616210938,83.49329214917223,81.03424754808549,81.03424754808549,2034900
2020-04-24,82.29234313964844,83.1501469787489,80.43784135971809,81.67145209927065,2122700
2020-04-27,86.18107604980469,86.6630855085588,82.6191312987663,83.46877012527075,1953400
2020-04-28,86.58956909179688,90.42111262067604,86.05037885472821,89.84107189967256,2400100
2020-04-29,90.67435455322266,92.23475055817288,88.7463291796976,90.39659124948305,2332300
2020-04-30,87.14507293701172,88.61560260725545,85.91963362277751,87.96203247983453,2111000
2020-05-01,84.12232971191406,86.56503713302816,83.10930156875118,84.48179392490061,2350600
2020-05-04,83.01126861572266,83.27269544836157,80.61757664725398,81.69596311100292,2175900
2020-05-05,81.50806427001953,85.10268809708614,81.3610112787743,84.6125135372379,1275200
2020-05-06,80.47052001953125,82.79885361615455,80.21726453988836,82.51291900479853,2457900
2020-05-07,82.74982452392578,85.29056894538667,81.66326694527535,81.66326694527535,1703800
2020-05-08,85.8052749633789,86.17291056242367,84.23671385959634,85.10268913363942,1330900
2020-05-11,83.42791748046875,84.14683969224524,82.26783009915845,84.14683969224524,2527900
2020-05-12,81.69595336914062,84.26937714684988,80.4296635987563,83.56679144924274,9921300
2020-05-13,79.07352447509766,81.41820089083106,77.47228432517268,81.28748435635192,6206100
2020-05-14,79.93132019042969,80.87899626983105,76.19781525840123,77.18634180887936,5234200
2020-05-15,79.44934844970703,80.8055048443468,78.33828251260024,79.22877202425475,2649600
2020-05-18,85.01282501220703,85.65005258562459,81.78583666665587,82.51293030636646,3579100
2020-05-19,82.61913299560547,85.37228945439304,82.51293047745165,84.51447926814744,3238000
2020-05-20,85.29057312011719,86.13204040857768,83.90990956939677,84.13865723232898,2671900
2020-05-21,84.30207824707031,86.16474547207257,83.87725568840526,84.12234610555112,2463200
2020-05-22,85.46214294433594,85.66638284120455,83.8118810872096,84.58799643505454,3242200
2020-05-26,89.506103515625,91.21355254458145,88.99142114399724,89.37539320360071,4167400
2020-05-27,95.25749969482422,96.40124452046211,91.74457672746735,96.40124452046211,4416500
2020-05-28,94.60391998291016,96.11529392938606,93.38664574513326,96.07444345803259,2998500
2020-05-29,93.16608428955078,94.88169840106606,92.5370218344869,92.75760444238487,3666600
2020-06-01,93.68077087402344,94.76732881233872,92.81479555354473,93.77880828560725,1837300
2020-06-02,93.83597564697266,95.17578882797861,92.66772322577647,94.93886980741078,3016600
2020-06-03,97.7982406616211,99.24426275780442,96.71168281224631,97.34891658601803,4601000
2020-06-04,100.25727844238281,100.69843735379614,96.45841523263492,97.69202591642548,3553100
2020-06-05,104.5953598022461,108.31252930031285,102.96144023965121,107.01356623984599,4804700
2020-06-08,107.1279067993164,108.1409286350046,106.00866377021049,106.73575725084379,4019600
2020-06-09,103.0921401977539,104.37476659856092,101.81767890575111,103.0921401977539,3455900
2020-06-10,97.16101837158203,102.68366774570836,96.89142017190588,102.17715048264175,3630800
2020-06-11,87.83132934570312,93.32129891775467,87.65159723438246,91.63835788413078,4163100
2020-06-12,90.48645782470703,92.48800659007367,88.03557873262976,92.32461714376498,3730900
2020-06-15,92.29193115234375,92.57786577859822,86.54870590378967,86.91633524713008,2606600
2020-06-16,93.9013442993164,96.16431979056128,91.79358690341557,96.08262507202639,2629100
2020-06-17,91.33609008789062,94.26080085704491,91.05014922805707,93.8931715128409,1811300
2020-06-18,90.46195220947266,92.7412643350339,89.84923242169839,90.55181204407086,2322700
2020-06-19,88.4195327758789,92.4144643835323,87.5127071979054,91.77723071375928,6735000
2020-06-22,88.68914031982422,89.84922779528637,86.71209940230332,87.76597813095893,2178100
2020-06-23,88.01105499267578,91.36058789838077,87.97837586275345,90.40474672155277,2060800
2020-06-24,84.45729064941406,86.99803578819025,83.55046489336685,86.99803578819025,3971100
2020-06-25,86.9653549194336,87.34116185493058,83.7955536239579,84.13051008253767,2238300
2020-06-26,82.45574188232422,85.47032513738974,81.78583518485497,85.08635308525959,4043300
2020-06-29,84.0079574584961,84.65335629270822,82.96225016409416,83.64849323870526,2907700
2020-06-30,85.95232391357422,86.63040191806496,83.20733899461354,83.32171284682795,3350900
2020-07-01,84.0079574584961,86.42615713502737,83.73018795241032,86.40981445254208,2120800
2020-07-02,83.45244598388672,86.8346591045633,83.17467640688889,86.06671488729079,3087200
2020-07-06,84.43279266357422,86.35264691470772,83.87725975959987,85.16805771779154,2327100
2020-07-07,81.45905303955078,83.83640881964895,81.05057317901773,83.51779502706582,2515900
2020-07-08,81.81034088134766,82.39038149928436,80.27445894510291,81.34467411861495,2911100
2020-07-09,80.75646209716797,81.68779562192306,79.31861133339035,81.26297933619048,3432000
2020-07-10,83.00310516357422,83.33806163596219,80.56856872189375,80.56856872189375,2925200
2020-07-13,83.88541412353516,85.17621182045808,82.93773797149333,83.73836114245651,3573100
2020-07-14,82.725341796875,84.4409559374995,82.02275594919607,83.8690866349273,3445800
2020-07-15,85.0209732055664,86.05034390007536,83.0847769856649,84.85758380201537,3991000
2020-07-16,86.73098754882812,88.11881580404243,83.71576473393702,84.13707142816779,4029200
2020-07-17,85.10359954833984,86.84664607174697,85.07881791192544,86.15273504193404,2953300
2020-07-20,85.03752136230469,85.60751793482007,83.88925926800272,84.26099643714548,2401000
2020-07-21,88.96967315673828,89.44880569899865,85.65706488614602,85.65706488614602,3502400
2020-07-22,88.08576965332031,89.04403485082129,87.60664335712171,88.09403229883033,2529900
2020-07-23,88.67228698730469,89.44881175996036,87.44141757521021,87.57359468653524,2062500
2020-07-24,88.2592544555664,89.93621868537127,88.16839055789356,89.27534564783372,1991200
2020-07-27,86.67316436767578,87.35881902249798,85.78098768206752,87.35881902249798,1884300
2020-07-28,86.59883117675781,87.25969798314276,86.25187563071424,86.25187563071424,1335800
2020-07-29,90.00230407714844,90.29143998022181,85.95447706475242,86.17751809871056,2604900
2020-07-30,87.78837585449219,88.07751171915207,86.19402563766539,87.93707195822662,1736700
2020-07-31,88.11880493164062,88.20967511531288,85.96271476005582,87.93706456429612,2082300
2020-08-03,87.50750732421875,88.88707285409134,86.98707412202025,88.01142153855213,1913200
2020-08-04,86.97881317138672,87.68098676653995,86.59881341756912,87.68098676653995,1645300
2020-08-05,88.02794647216797,88.20968686371798,87.03664326696149,87.72229790688121,2290700
2020-08-06,88.41620635986328,88.70533592789532,87.27620707624328,87.3918589034561,1632600
2020-08-07,90.62186431884766,90.89447491128841,87.40838203356151,87.42490732540456,2797800
2020-08-10,90.58881378173828,92.19968287274769,90.35750384586781,90.99359514004682,2066900
2020-08-11,92.91012573242188,95.23969382496033,92.46403742075897,93.13316673697744,2910700
2020-08-12,92.5218734741211,94.87622345826458,91.20013368500129,94.77709691317588,2005600
2020-08-13,91.70404052734375,92.34838822837469,90.72925633019256,91.2496895573594,1271000
2020-08-14,92.31534576416016,92.92664919734696,90.45664752729787,90.70447647990035,1831000
2020-08-17,91.14232635498047,91.73711095703091,90.489715822317,91.20015228559349,2513600
2020-08-18,88.45750427246094,91.14229026395803,88.23445698373864,90.82011644918248,2431300
2020-08-19,87.88751220703125,89.83708062173936,87.70577181713527,88.2840372670363,1989200
2020-08-20,87.63141632080078,87.92054585952569,86.25185087706245,86.80532832298603,2003900
2020-08-21,87.93707275390625,88.38316106914587,87.15229160643302,87.40012054908343,2208300
2020-08-24,90.70447540283203,90.77055766052953,87.97838216678412,88.30055601981043,1704700
2020-08-25,91.50578308105469,92.52187429509716,90.5144798060568,92.06752328423417,2044200
2020-08-26,91.12579345703125,91.96014435988944,90.4731829788108,91.29101488968067,2058200
2020-08-27,92.9349136352539,93.74448276715508,90.49795619872812,90.90273761340262,1857200
2020-08-28,92.81099700927734,93.51317063554326,92.03447847904833,93.51317063554326,1311800
2020-08-31,91.86099243164062,92.73665008652898,91.77838488374033,92.55490969961721,2158300
2020-09-01,92.19144439697266,92.84405484924149,90.48970467495076,90.71274572196653,1705800
2020-09-02,92.8523178100586,93.34796948486587,91.38188177702405,91.6957930338063,1624900
2020-09-03,92.24925994873047,96.37970059802495,91.64621914336274,93.97578741746274,1869700
2020-09-04,93.43057250976562,95.46274868957671,91.97665553872297,94.1492714999944,1466800
2020-09-08,91.11751556396484,92.61273293615761,89.91142144978915,92.19968890604454,2045300
2020-09-09,90.79531860351562,91.92705492419398,90.67966050618888,91.92705492419398,1074900
2020-09-10,89.39926147460938,92.18317453366751,89.3744798382757,91.37361166818951,2031400
2020-09-11,91.48926544189453,91.91057217613853,89.50665256006981,90.10969970134269,1632000
2020-09-14,94.32275390625,95.06623457023522,91.88579616032658,92.10883720824565,1504300
2020-09-15,91.93534851074219,94.52926472815655,91.44795323795165,93.92621762166365,1998400
2020-09-16,93.87664031982422,95.10750968171845,91.48098384645157,91.81968295349466,2254100
2020-09-17,92.4227294921875,93.83533931249455,91.69577427138701,92.17490685676883,1767400
2020-09-18,92.32361602783203,92.85231195462636,91.42317664146033,91.68752460485749,2233000
2020-09-21,89.91141510009766,91.3405501164838,88.78794121587926,89.97750365286089,2097800
2020-09-22,87.03665161132812,89.911434963569,86.0536046550895,89.36622003920029,2879400
2020-09-23,84.65750885009766,88.67229110340976,84.607939279774,87.34229509863559,2013000
2020-09-24,85.45882415771484,87.06143732732781,83.91404321416908,85.44230516637634,1895800
2020-09-25,86.6566390991211,86.78055356912421,84.26924510043119,84.47576711625247,1381300
2020-09-28,89.32489776611328,90.16751109888752,88.0196834489097,88.24272444726077,1543000
2020-09-29,88.3335952758789,89.01924986872822,86.87142220319517,88.80446521140944,1625300
2020-09-30,90.79531860351562,91.10096707433235,88.68879206534842,88.84575077363817,2501100
2020-10-01,90.3988265991211,91.6131771892723,89.52317517604168,90.91100352156415,1596500
2020-10-02,92.65404510498047,93.34795608962526,89.04403780852489,89.29186045908999,2125200
2020-10-05,94.83492279052734,94.97535626437656,92.9349175114936,93.73622403088999,1852000
2020-10-06,93.4883804321289,96.78447619519808,93.00924786421966,95.81794841440143,1943200
2020-10-07,95.14884185791016,96.68536645819707,94.3805795577667,94.45492447267429,2387000
2020-10-08,96.2723159790039,96.67709741713045,95.08274699873517,95.66101249861138,2514100
2020-10-09,95.39665985107422,96.83405142993107,94.86795765049295,96.74318123159306,1963500
2020-10-12,96.0575180053711,96.5118689565395,95.18186668408472,95.42143297628701,1517300
2020-10-13,92.94318389892578,96.01623297007767,92.43926959948676,95.71057807126216,2314400
2020-10-14,90.72927856445312,94.49623915672633,90.48971220362122,92.6705847888903,2675900
2020-10-15,91.46390533447266,91.46390533447266,89.78590285735748,90.44541246622798,2503100
2020-10-16,93.06678771972656,93.09183158356404,90.9045761826062,91.4806105278407,1982600
2020-10-19,91.82288360595703,93.69290604136303,91.63087641139516,93.425760889054,1949900
2020-10-20,93.55098724365234,95.04533274126906,92.64937626753307,92.64937626753307,1826000
2020-10-21,92.36553192138672,94.11032882323995,92.21526236222827,93.5175942954392,1281700
2020-10-22,96.27250671386719,96.3309445052977,92.34881187383755,92.55751918169533,1825000
2020-10-23,95.84677124023438,97.27432889684712,94.83662832658128,97.02388387261745,1435700
2020-10-26,93.19200897216797,94.66966066166404,91.89802714952418,94.63626671944029,1739900
2020-10-27,91.15501403808594,92.73284091823304,90.9797006479854,92.71614076532319,1793700
2020-10-28,90.76264190673828,91.88966018033597,89.8610247401633,89.91946253600194,3221700
2020-10-29,91.68096923828125,92.38222928288799,89.20152477179421,90.32019953818683,1813100
2020-10-30,93.40071105957031,93.50924295797928,90.654121566894,91.3804254384474,2261500
2020-11-02,95.54621887207031,96.95708254587153,93.65950908126555,94.74478344098426,3411600
2020-11-03,99.6702880859375,100.24632244783166,97.55817058464991,97.91714750493648,3057500
2020-11-04,94.21884155273438,97.24926981967592,93.66785112097635,97.00716854231943,2136100
2020-11-05,97.81697082519531,98.17594776437353,94.419215020564,94.44425888644376,2069300
2020-11-06,95.73822784423828,98.37628521572303,95.28741924161116,98.37628521572303,1682200
2020-11-09,106.84146118164062,108.1604866913766,104.39541097335491,104.82116934869262,3978400
2020-11-10,105.80628204345703,107.69299837196641,105.18851003773463,107.69299837196641,3765800
2020-11-11,104.72099304199219,106.35725776211804,102.70070122568819,106.35725776211804,3130700
2020-11-12,101.01435852050781,102.94281241774159,99.1693862903515,102.94281241774159,2269700
2020-11-13,102.5003433227539,103.3351726462743,101.43176280772659,101.84917746948678,1560900
2020-11-16,105.43058776855469,106.04000956018534,103.93624263226373,104.99647298757225,5431000
2020-11-17,105.9314956665039,106.08176520420913,102.90941112787344,104.28688082863084,3668100
2020-11-18,107.94343566894531,109.6214380480847,105.66434877969593,106.45743410102594,3782400
2020-11-19,108.77826690673828,108.82835462960557,105.39720548986158,106.90824457595467,2205600
2020-11-20,107.60950469970703,108.79497365906279,106.64945598389599,107.53437311084927,2245100
2020-11-23,111.5749282836914,112.00069936952973,109.07879688672541,110.38112852661791,2151100
2020-11-24,116.96795654296875,117.07648844944897,113.66202626533187,114.0710972879609,2933900
2020-11-25,117.41873168945312,118.39549314488062,114.77232443308742,116.12475651218811,3066400
2020-11-27,116.70079803466797,117.4521521494359,115.83258105010906,117.37702055950489,1178200
2020-11-30,115.2649154663086,116.49210311495416,115.0144640679879,115.44022252819198,4297600
2020-12-01,117.4771957397461,118.0448736247758,116.78428579996978,117.07648118922594,3129500
2020-12-02,118.02820587158203,118.28700099395961,116.57559786852616,116.79264896570038,1849400
2020-12-03,117.91963958740234,118.65429345371317,116.74252720755912,117.47718107386994,2609900
2020-12-04,118.98824310302734,119.79802870639341,118.06992559246167,119.21365062625469,1526100
2020-12-07,118.38716125488281,118.50403686734481,116.47540743565024,118.07827843733749,1634300
2020-12-08,118.0699234008789,118.90475285372025,116.70916005491833,116.92621112680193,1364800
2020-12-09,119.61433410644531,120.06514903569526,118.11999535156028,119.09674404695721,2053900
2020-12-10,120.20710754394531,120.34067058630954,118.27029693705674,118.963206969427,1635900
2020-12-11,119.93158721923828,120.01506251096704,116.29173075155934,119.33050906945755,1541100
2020-12-14,118.37047576904297,121.4009110985331,117.73600989968865,121.35916707351906,2210900
2020-12-15,119.50585174560547,119.92326654421183,117.76941739327309,119.08009323688293,2206500
2020-12-16,121.25896453857422,121.45097172459613,119.28042303171271,120.09020852998201,1767700
2020-12-17,121.06694030761719,121.62627437144413,119.86478416032448,121.02519629779776,1565800
2020-12-18,120.97513580322266,121.45933840141986,119.57261573629178,121.03356723933143,4523400
2020-12-21,120.71632385253906,122.9119162853302,119.09675294585554,121.92682380966832,2646500
2020-12-22,119.99004364013672,121.20054389943861,118.96320689476893,120.97514910019116,2197200
2020-12-23,122.46946716308594,123.27925267854826,120.34900614862353,120.8749399944139,1317100
2020-12-24,122.01034545898438,122.46116059321822,120.77480117204611,122.24409673655406,518800
2020-12-28,122.33592224121094,123.87201836464125,121.75990052572423,122.73664961523028,1686800
2020-12-29,120.94171905517578,122.4444143731956,120.74971187907683,122.37762649922978,1015400
2020-12-30,122.62808990478516,123.00376058662336,121.11705073081184,121.44263368686971,1002600
2020-12-31,124.38961791992188,124.64841307340903,121.74320945655303,122.51125120636601,1353900
2021-01-04,124.51483154296875,125.02407811586333,121.92686738868412,124.95729021828006,2229500
2021-01-05,123.85529327392578,125.70027189725606,122.9620196799574,124.5565469295638,2907500
2021-01-06,130.6591339111328,132.11174153183973,127.01927752115853,127.15285327125484,3067000
2021-01-07,132.73788452148438,135.86015129671287,132.69614050066707,132.82971627188778,2520800
2021-01-08,132.06166076660156,132.92153400310335,130.31687043144632,132.30375568022956,1842300
2021-01-11,133.05511474609375,133.53931732997916,129.7825850046309,131.23518001780133,1978600
2021-01-12,135.01695251464844,135.7849940182129,133.22207443700694,134.40753063197502,2025100
2021-01-13,132.82135009765625,134.82493537313252,132.13678393980308,133.62277911245295,1986900
2021-01-14,134.82496643066406,135.3008253678345,133.18869497926457,133.66455391643498,2036900
2021-01-15,130.14158630371094,133.47122553087544,129.79684843448968,132.15954091846106,3289200
2021-01-19,131.1673583984375,131.6045865187875,129.66230268758505,130.96555784369747,2560800
2021-01-20,131.38600158691406,131.5289388739997,130.0407026808969,131.1673938825202,1635900
2021-01-21,129.22511291503906,131.411228505843,128.63654382635505,131.411228505843,2286000
2021-01-22,128.28341674804688,128.69540874136982,127.24079936708682,127.35851319801414,1835400
2021-01-25,126.5176773071289,127.04739588105699,123.49073235588757,126.4251869661231,2043900
2021-01-26,124.4913101196289,127.55188218719667,124.289522336393,127.27441115540351,1775500
2021-01-27,121.44754791259766,122.61628243640999,119.05963192334467,122.61628243640999,2958700
2021-01-28,124.26429748535156,125.09671065744293,122.32201291365001,123.39825728956987,1515900
2021-01-29,120.67402648925781,124.24749776372707,120.21997824849397,124.16341095474245,2686800
2021-02-01,122.64151763916016,123.01147901961532,120.81694703995528,121.6998070924335,1481900
2021-02-02,126.45881652832031,128.56085811176874,124.07090036868537,124.29792445205402,1778100
2021-02-03,127.97230529785156,128.22455288589123,126.03842422934119,126.08046763232201,1784200
2021-02-04,131.73916625976562,131.80643314140386,128.92243775904785,128.97288471281507,1569600
2021-02-05,131.95777893066406,133.26945096944937,131.0665152545584,132.8658625336335,1260300
2021-02-08,133.51324462890625,133.54688447317386,131.74753770009988,131.84843157321984,1310700
2021-02-09,132.96673583984375,133.4039640616647,131.68869102289798,132.83220210546145,1555700
2021-02-10,134.6231689453125,135.35467540459834,132.773374680661,134.05140688978295,1628300
2021-02-11,133.9505157470703,135.62374571526982,132.6052166313454,134.37934050501676,1387500
2021-02-12,136.43934631347656,136.63273058594896,133.9673428581,134.18595060829287,1230800
2021-02-16,142.86317443847656,143.77966159992138,136.84292354027608,137.4903560181996,2947500
2021-02-17,140.87884521484375,143.03973753232825,140.14732593785126,142.4007214383709,2224100
2021-02-18,140.34071350097656,140.794748857749,138.28071522497402,139.75214439781072,1266800
2021-02-19,143.28353881835938,143.96459811144916,140.47521486642614,140.6854189855201,1380600
2021-02-22,143.37608337402344,144.628892186583,142.60253346275385,142.9220351203318,1850600
2021-02-23,145.64627075195312,146.31051030416123,143.0733736859185,145.8985183295701,2449400
2021-02-24,150.0689697265625,150.808892571023,146.02464321779584,146.02464321779584,2008300
2021-02-25,145.6798858642578,152.06169388785824,145.6294389188279,151.59924217167796,1793100
2021-02-26,141.5598907470703,145.1417650330326,141.49262387594527,144.72977308842704,2749400
2021-03-01,145.52012634277344,146.7056679265826,142.6949822239881,144.09072794511803,2142900
2021-03-02,145.53697204589844,149.50562823775084,144.4943674592929,145.64628233185385,1806800
2021-03-03,145.7555389404297,148.71520365163693,145.46124804654937,146.75609975397242,2099200
2021-03-04,145.108154296875,147.03361898326588,142.16529571157815,145.57900961774726,2060900
2021-03-05,148.37049865722656,148.7404471736264,142.63612345015164,147.47922230953174,2086500
2021-03-08,150.3548583984375,152.4821237637705,148.89183262491292,149.44677476278557,2029300
2021-03-09,145.990966796875,148.8076942542773,144.65405886800534,147.36148890934436,2345800
2021-03-10,149.4803466796875,149.98484167900847,145.58736243082015,145.91528033142654,1549300
2021-03-11,148.7656707763672,149.93441813477978,147.1765279593932,148.29481554612937,1298700
2021-03-12,152.53256225585938,152.63345615538705,150.44732758009204,151.30496421561176,1964900
2021-03-15,150.1109619140625,152.23822653624597,148.48819230094685,152.01120249918137,1851100
2021-03-16,148.47140502929688,148.74045968475005,146.08348883158325,148.4882249545889,1632400
2021-03-17,150.02691650390625,152.15419454249997,148.5050403410302,150.71639235109018,1460300
2021-03-18,151.2292938232422,154.98774553958816,150.49778739182076,152.07851408075263,1995300
2021-03-19,147.8071746826172,149.7158323471282,146.44505561773178,148.49665059387993,6435600
2021-03-22,143.964599609375,145.93210710540401,142.59406463307312,145.21742079095316,1971300
2021-03-23,142.434326171875,144.87270199717787,141.62714942475912,142.67817016932682,1341900
2021-03-24,143.1490478515625,145.5790076807535,143.14064430303205,144.08235493224666,1476000
2021-03-25,148.82455444335938,149.0179386901101,142.61091960436997,143.4769597705059,1999800
2021-03-26,151.0779571533203,151.60767584528216,148.9086610897112,150.69959215756737,2130200
2021-03-29,146.714111328125,149.37949874073996,145.62945059504185,148.67321578840588,1935300
2021-03-30,149.34588623046875,150.56508093859384,147.79878629072496,147.9837670258951,1556600
2021-03-31,147.48765563964844,149.53925037384184,146.8402232093035,149.2365558584716,1970100
2021-04-01,149.1692657470703,149.2365326099896,146.62159265202283,146.68044313842577,1501800
2021-04-05,150.3043975830078,151.64970951469314,149.53084771273464,150.95183007274284,1866800
2021-04-06,149.16082763671875,150.3632017877125,147.95006277011578,149.37944811681237,1833800
2021-04-07,149.87554931640625,151.05268734880576,148.49661069423442,149.91759270967245,1951400
2021-04-08,149.75784301757812,150.10258089785657,146.7224946213861,149.10200710525677,1195600
2021-04-09,151.52357482910156,151.6496921952362,149.9176119411527,151.14519707100973,1302300
2021-04-12,152.02806091308594,152.5241396720399,151.1536172164526,151.87672006995192,1326100
2021-04-13,149.34588623046875,151.17887365265088,148.91707425158185,151.10320321458505,1427700
2021-04-14,150.7920684814453,151.96921959512602,148.58072921753654,148.83296397132628,1936300
2021-04-15,147.91482543945312,151.08823705741648,145.65535791698062,150.95284797532685,3215500
2021-04-16,151.35902404785156,152.53530130563058,149.463435072395,150.21659082863272,2503400
2021-04-19,150.39431762695312,152.98381932402626,149.73424907329309,151.77369794653097,1514700
2021-04-20,145.32533264160156,149.10804055791507,144.67373471272384,148.61721798103403,2268000
2021-04-21,148.20254516601562,148.29563241531267,143.9797878208413,144.73294359691954,1590300
2021-04-22,147.11093139648438,148.60032786071778,146.47624892483435,148.11796298419276,2151400
2021-04-23,150.66510009765625,151.59597257543635,146.84854876404506,147.5086172800551,2031300
2021-04-26,152.52688598632812,153.79625084433223,151.4775397218251,151.70602901180703,1620600
2021-04-27,155.353271484375,155.56483220713193,151.90059893946514,151.90059893946514,1831400
2021-04-28,156.77499389648438,157.51123418271936,155.6664174885035,155.72566070426802,1612600
2021-04-29,160.0838165283203,160.30383510068145,158.32362921149348,158.6621342220251,1322900
2021-04-30,158.2051239013672,160.04146963438572,158.0358778864271,159.04290910738897,1347100
2021-05-03,159.19522094726562,160.15993740179124,158.0104859724597,159.66065715616895,1248700
2021-05-04,163.595703125,163.88342264625916,157.46889915019665,158.21359712300242,2734400
2021-05-05,164.6873779296875,166.28677694717743,162.00478872641844,163.88344952952033,1861400
2021-05-06,167.70843505859375,167.7930645254257,163.4349181490975,166.17673726249868,1642700
2021-05-07,168.32623291015625,168.5631799659642,164.120403300596,164.39966509765097,1194000
2021-05-10,168.0299835205078,172.53200182232445,167.91996781449873,171.7957617390475,2007800
2021-05-11,164.20501708984375,169.64636732338556,163.51110441319844,167.3699711568928,2822300
2021-05-12,161.1331329345703,166.97220447696105,160.48152220819898,166.54908297642135,2321000
2021-05-13,165.8721160888672,167.1414808207999,160.54079454486646,160.61695332974742,1302400
2021-05-14,168.72393798828125,169.17244575727497,166.07519319533637,166.22751074134462,1071000
2021-05-17,168.42776489257812,169.19784922053464,167.05685518852218,167.75923851826488,1240500
2021-05-18,164.094970703125,169.3755183559516,163.9764972086742,168.9777831433006,2022200
2021-05-19,163.23182678222656,163.32491403730285,159.66913774264717,162.4532847000635,2594300
2021-05-20,161.6747589111328,163.5788060283239,160.67618526398562,163.31647271375647,1325700
2021-05-21,163.7311248779297,164.42505047523818,161.89477874897486,162.96951119016546,1356500
2021-05-24,164.16273498535156,164.89896249098166,163.23186223242476,164.54354187058618,901300
2021-05-25,162.22479248046875,165.94826970263642,162.01323171486754,164.79737862126015,1741500
2021-05-26,162.39404296875,164.17115861364636,161.1669930771048,163.52801851711405,1687600
2021-05-27,164.272705078125,165.4405246784901,162.93563944169193,164.75506983919576,2515300
2021-05-28,164.7466278076172,165.18667790807186,162.5717893948328,164.44199263727984,857100
2021-06-01,165.7113494873047,167.40383588592826,164.687389534573,167.36152114343338,1494400
2021-06-02,165.37281799316406,166.59986785325563,164.07806713844508,166.44755029982724,1102600
2021-06-03,165.7620849609375,167.87769248632156,164.2049880086457,165.18663299945837,1329500
2021-06-04,164.171142578125,166.05826085923027,163.58723284004583,165.70284034749588,1403900
2021-06-07,163.4180145263672,164.82278124849972,163.07105173729008,164.82278124849972,907800
2021-06-08,164.25579833984375,164.42504438500634,160.4053894773287,161.88631496963097,1524100
2021-06-09,161.45472717285156,163.37570276585205,161.3024096017838,162.9779674467584,1309500
2021-06-10,159.7283477783203,163.83263101874053,159.66064679663234,163.73107308988762,1236100
2021-06-11,160.10919189453125,161.2093105067652,158.91598602481648,160.17689289203048,1317100
2021-06-14,158.34056091308594,159.9992032168366,157.30814320708066,159.87225899306122,1718500
2021-06-15,160.16845703125,160.84545418625552,158.04437829601207,158.41672737689746,1594500
2021-06-16,160.8792724609375,162.08939386731043,157.5112286179601,159.39834707088565,1715600
2021-06-17,154.39706420898438,162.51253313258903,153.78776809189546,162.51253313258903,2544000
2021-06-18,150.91053771972656,152.86535726842425,150.36894263734865,152.86535726842425,3944200
2021-06-21,155.8356475830078,156.00490651779086,152.10372566368758,152.69609319749685,1386300
2021-06-22,155.632568359375,156.67344373502704,153.73697920653734,155.3956213293509,1415300
2021-06-23,156.6649932861328,157.7312549711523,155.79336390360558,156.1318559873004,1017300
2021-06-24,160.09226989746094,160.50693368168734,156.58882383908835,157.82434449633413,1690900
2021-06-25,163.62954711914062,163.88342260185956,159.85529765474882,160.8115563775114,1814700
2021-06-28,162.1401824951172,162.8256373374309,160.71002959565035,162.8256373374309,1681900
2021-06-29,161.1839141845703,164.58581484882842,160.3376711376256,163.30797958384963,1689700
2021-06-30,161.42929077148438,161.97935640344267,160.41380187517,160.43073034869045,1291400
2021-07-01,162.25863647460938,162.85100398845205,161.11620326655017,162.03014725046887,1045400
2021-07-02,163.14720153808594,163.790354558063,161.68320459088991,163.7226535605578,1599200
2021-07-06,159.05982971191406,162.85099449207522,157.12192613571023,161.48008505246108,2147100
2021-07-07,157.89198303222656,159.44906668379951,157.0118832899355,157.40116065914893,1108900
2021-07-08,155.05712890625,156.4534378526638,153.74544943997486,155.37870543560211,2887000
2021-07-09,160.5069122314453,160.80310245383046,157.37581563651025,158.03588415982895,1744000
2021-07-12,162.40249633789062,162.7748453218704,157.2911814148574,158.82287917042962,1778600
2021-07-13,160.17689514160156,161.8609235823531,159.07677651391722,161.3531725503003,1551500
2021-07-14,159.38140869140625,162.0132250232899,156.96962381075238,157.73969515212502,2564700
2021-07-15,161.4344940185547,163.37681828926029,158.2483943118763,158.84473265725308,2042700
2021-07-16,156.26348876953125,162.17565710004,155.73531669353366,161.9712101023217,1445300
2021-07-19,151.46728515625,154.14224114488337,150.3001774581435,152.65993572484464,1653300
2021-07-20,154.70452880859375,156.29757233147754,150.96470081179046,151.51842876390714,1722600
2021-07-21,157.490234375,158.66585669432237,156.35720951631916,156.4679603142031,1440700
2021-07-22,154.80674743652344,157.56689881613974,153.9122528506268,157.17502041698512,1931300
2021-07-23,155.91419982910156,157.76281484518498,155.02821962851363,155.98235315214043,1019500
2021-07-26,157.1920623779297,158.0354322189884,155.8971750980736,156.4509030341004,873800
2021-07-27,156.9790802001953,157.60096143535128,154.08262229878943,155.12193778708735,893200
2021-07-28,156.54458618164062,158.07800336321677,155.2922965665965,157.60094312870785,814500
2021-07-29,157.73724365234375,158.57209903037224,156.30605000537898,158.17170642073373,825300
2021-07-30,155.39456176757812,158.79362306619052,154.79823636421796,157.16650939393324,1020400
2021-08-02,154.85784912109375,159.0491811666376,154.4574564562729,156.34866900106823,1025900
2021-08-03,158.74246215820312,159.57733046328627,153.70774845677073,156.33159241792882,1552800
2021-08-04,157.61801147460938,159.48366827910644,156.32312419039226,156.78314292352644,1008600
2021-08-05,159.03213500976562,160.31850787421075,158.23987699296893,159.26215085289775,1082500
2021-08-06,162.09046936035156,163.58980361839977,160.9830004997971,161.30672556644558,1248000
2021-08-09,161.86895751953125,163.37681897246162,160.32702590333972,161.51116231015953,986900
2021-08-10,163.30865478515625,165.05504626151304,160.8807560975628,160.8807560975628,1618900
2021-08-11,165.18284606933594,165.2254435250425,162.0819410781075,163.99019530306285,3874400
2021-08-12,164.7568817138672,166.40104975429136,164.38205793677403,165.2083861034477,1580700
2021-08-13,162.18418884277344,165.56622167800154,161.72415708744163,165.11471721375472,1560900
2021-08-16,161.56227111816406,161.68153618578702,158.8191615639185,160.97447306989784,1484500
2021-08-17,159.94366455078125,161.5367078090238,157.54983601868946,160.33554289716676,1096500
2021-08-18,158.07803344726562,161.2130217261026,157.95025407403162,158.75955376865792,967000
2021-08-19,157.03868103027344,158.52098640653622,155.93121239276098,156.45087005349828,1412300
2021-08-20,158.2995147705078,158.88731281109014,156.39126071456832,156.86832097882387,1400000
2021-08-23,159.53472900390625,160.7103378343331,159.15989230475887,159.304713211445,1148000
2021-08-24,160.56552124023438,161.1703737480886,159.39842666747253,159.42398253410857,1401400
2021-08-25,163.6750030517578,164.78245894398657,160.54001479061313,161.37487035517475,1637100
2021-08-26,162.7123260498047,165.18282213581102,162.39712832129868,164.51834351960474,1002000
2021-08-27,165.7024688720703,165.89841452719668,162.8145387697443,163.13826376611337,1337200
2021-08-30,162.3800811767578,166.1199083367936,161.94561840379447,166.1199083367936,1714800
2021-08-31,162.79754638671875,163.85389050630187,161.5708124423732,162.71235147433754,2229900
2021-09-01,161.4174346923828,163.35124445944803,160.3099660284677,163.35124445944803,1792500
2021-09-02,163.3171844482422,163.98166308809724,161.19595617552523,161.3833745610143,1719800
2021-09-03,163.15530395507812,164.2883284338048,162.3971162060253,163.36827818794595,1529200
2021-09-07,163.7431182861328,165.88988923838448,163.49606089153096,163.90496778735283,2196800
2021-09-08,163.32569885253906,163.76868894572303,162.21823011903766,163.16383633778432,1822600
2021-09-09,163.80276489257812,165.72804755958438,162.8656729313836,163.11273035702465,1577800
2021-09-10,163.27456665039062,165.14022298322828,162.99343910719034,165.14022298322828,1358300
2021-09-13,165.659912109375,166.73329775194503,164.12649476361935,165.13172707983156,1295000
2021-09-14,160.45481872558594,167.0229378719186,158.4698969877725,166.13697063648058,3781900
2021-09-15,162.01376342773438,162.98493847594767,159.67104670365802,159.67104670365802,1613400
2021-09-16,161.77523803710938,164.2968589224072,161.12780098496657,163.2319876530768,985400
2021-09-17,160.9403839111328,163.02752901621898,160.42072620751475,161.77523935338388,2850400
2021-09-20,157.31982421875,157.635021962698,154.77264739922498,156.5190389243681,2406200
2021-09-21,156.7234649658203,159.15989048348354,156.70642338907737,158.11206099479523,1242700
2021-09-22,159.87551879882812,160.99150186137837,158.3676573713394,158.41025482388537,1309200
2021-09-23,164.93580627441406,166.11994278249665,161.38339675016633,161.38339675016633,1312200
2021-09-24,165.6939697265625,167.18478950559327,164.85058700052932,164.93578190175495,1195400
2021-09-27,170.54977416992188,170.77127570581243,168.03668065846324,168.36040567312395,1696900
2021-09-28,168.4370574951172,172.23651042101605,167.87480241674697,170.94163648157067,1973900
2021-09-29,168.1985626220703,169.5701174495281,167.7385309165579,169.1271273254208,1955400
2021-09-30,166.6651153564453,169.4508219654518,166.50325285944177,169.43378038710523,1455300
2021-10-01,168.939697265625,170.3453351588686,165.2169114190275,165.71952754498264,1501400
2021-10-04,168.7522735595703,171.21425536887412,167.3381214202551,168.5137434395553,1334900
2021-10-05,170.7968292236328,172.21949561223173,168.81190771170753,169.9278906693026,1924900
2021-10-06,171.07797241210938,171.23130764215932,167.65334261956932,169.97050364349602,1428500
2021-10-07,171.91278076171875,173.47175350115404,171.38459589440777,172.74763600506896,1570600
2021-10-08,172.7306671142578,173.67627350169926,170.98428829866933,171.69987880837655,1021400
2021-10-11,171.27389526367188,174.5792468001155,171.17165878392274,173.52290283440243,1420100
2021-10-12,173.19068908691406,173.70181956543934,170.39646754110305,170.7116653194729,1864600
2021-10-13,171.8787384033203,172.84138619740926,168.88858453702892,172.62841194200317,1353700
2021-10-14,173.58457946777344,174.2017701300551,171.66442928734685,173.99603554931022,1875100
2021-10-15,170.69581604003906,173.32743753351193,167.48128636367588,167.6870078917921,3557600
2021-10-18,172.16163635253906,172.2044993647389,169.40142579029242,169.45285617295025,2134400
2021-10-19,177.29629516601562,177.33057772367212,172.52164132523382,173.07025380741067,1955400
2021-10-20,182.41383361816406,182.59383994240522,176.19907668787386,177.28773432287727,2352100
2021-10-21,182.35382080078125,183.0138745023571,180.5193965397403,182.34525343113356,1490400
2021-10-22,185.2254638671875,186.5284233917196,183.322461495816,183.322461495816,1890900
2021-10-25,185.6369171142578,186.01409063506608,184.736846317775,185.94551244219613,2124100
2021-10-26,185.21690368652344,186.20268746745157,184.61684773644174,185.7655161792054,1281400
2021-10-27,182.50811767578125,185.57692320029085,182.3881091057704,184.3339614138068,1512500
2021-10-28,182.62815856933594,184.2911441052149,182.0109677914849,183.42535569408622,1440300
2021-10-29,180.89657592773438,183.87108828579366,180.365111233426,183.40820179074348,1776700
2021-11-01,180.56227111816406,183.02245359992912,179.79935661211417,182.55956709017207,1247400
2021-11-02,180.09938049316406,180.4851214224732,179.07072057506733,179.91936108351086,1627000
2021-11-03,182.328125,183.0824721677298,178.92500845461214,179.31074940903576,1439300
2021-11-04,178.05067443847656,181.60808230666126,176.5848430444321,181.60808230666126,1440800
2021-11-05,177.5277557373047,180.99943715912872,176.34480468693258,179.60219722045227,1157700
2021-11-08,178.4449462890625,179.28500627130018,177.12485203126045,178.49637666430826,943100
2021-11-09,177.47628784179688,178.27349785553005,175.90760916048922,176.6962387255028,1129500
2021-11-10,176.07908630371094,178.52212108763936,175.85620386787494,177.92207814491772,1513600
2021-11-11,176.241943359375,177.28773800750002,175.75332859494347,176.1990803498707,1063600
2021-11-12,174.53611755371094,176.26768133790807,173.32745116117928,176.0962292777247,1490700
2021-11-15,175.57334899902344,175.91622696735473,174.21037833700976,175.37618174127468,1433700
2021-11-16,176.1819610595703,177.03060169734258,174.6818470436824,175.71907448984848,1210000
2021-11-17,173.55030822753906,176.0619209664684,172.675952552301,175.80475599375674,1213800
2021-11-18,172.2216339111328,174.93898125173226,171.93875374836358,173.41315231070107,1283100
2021-11-19,170.8929443359375,171.26153740466833,167.82413889972196,170.49862300013098,1858100
2021-11-22,174.99896240234375,177.01340590981178,172.11874374908768,173.80744411578573,1746500
2021-11-23,179.23361206054688,179.3450532827005,175.72763458771786,176.48198179007045,1658100
2021-11-24,178.83926391601562,180.2193689695593,177.65631299013455,178.5563837780896,1433700
2021-11-26,171.5272674560547,173.04451568035168,168.76705759225968,172.64162701154018,1459000
2021-11-29,172.1959228515625,175.00756364718333,171.07298262330565,174.7332508476329,2668700
2021-11-30,168.86996459960938,171.6644577821693,168.06418704121435,170.33579593583195,3748200
2021-12-01,167.54129028320312,173.48174814536523,167.42986214469013,173.17315276187688,1653700
2021-12-02,173.02743530273438,174.2789516237521,168.87853875536692,169.51287736681311,1578200
2021-12-03,169.4957275390625,173.28458518107158,168.07277225556123,173.03600062598844,1642400
2021-12-06,171.4073028564453,173.7989072178511,169.75288475558168,171.22728343657587,1412300
2021-12-07,174.27035522460938,175.24757163192686,172.3330571490836,172.8473870813364,1339200
2021-12-08,173.23312377929688,175.18755654642007,171.8615991265534,174.44178993474108,1355800
2021-12-09,172.0673370361328,173.73032244459898,171.22727696173658,172.20449343847022,1231000
2021-12-10,172.77879333496094,175.5904337303341,171.09867345672575,174.84466716764467,1237600
2021-12-13,168.1927490234375,171.60443242189191,167.96129925390815,171.57013678494894,1901800
2021-12-14,170.42147827148438,172.53021518553953,168.5784867589195,168.74135833146252,1601000
2021-12-15,169.79574584960938,171.7758940460272,168.08133001479501,171.4244356607011,1397700
2021-12-16,172.97598266601562,175.63333248447717,171.36444064987484,172.35022453868365,1244300
2021-12-17,169.07569885253906,172.79597817422945,167.1898309199263,172.73596734003036,3511700
2021-12-20,165.05538940429688,166.6326488550349,162.2351679920979,166.61550103406134,2411600
2021-12-21,168.75851440429688,170.32720642454152,166.52120127115512,166.64979030360732,2352100
2021-12-22,168.97280883789062,169.58999954224606,167.8413012665416,168.52707016915363,922800
2021-12-23,169.66712951660156,172.1016095511247,169.61569914262444,170.42147654813996,707800
2021-12-27,172.35879516601562,172.57309713658262,169.64143466886614,170.4214969809191,977600
2021-12-28,172.44448852539062,173.73886757185656,171.604428558543,171.69872193808374,669700
2021-12-29,172.50450134277344,173.51600026230952,171.7930173034603,172.9331052401944,684100
2021-12-30,172.2987823486328,174.15892186210564,172.1530585799225,173.06169683185396,689500
2021-12-31,171.88735961914062,173.07029781842817,171.73305537056427,171.81020095487412,925200
2022-01-03,178.48780822753906,178.74497318218272,174.02174985775142,175.38472019337692,2199500
2022-01-04,185.06260681152344,187.5913674158644,180.16794411122686,180.16794411122686,2491200
2022-01-05,182.06239318847656,187.1799256179828,181.92523677938826,185.79125294584014,2771900
2022-01-06,189.07435607910156,189.17721684331016,184.08539973570896,187.16277301119362,2970700
2022-01-07,191.7831268310547,192.46032842164016,188.64575574287488,189.03149669601655,2173600
2022-01-10,190.68588256835938,194.0632835715873,189.33149260320965,194.05471620191776,2420100
2022-01-11,191.87741088867188,192.4688864253496,189.06577005689013,191.53453296477824,2403000
2022-01-12,192.81178283691406,194.17475345297183,190.46304136513052,192.87179367332445,1464500
2022-01-13,194.1147003173828,195.56338356697543,193.47179447856618,193.47179447856618,1925600
2022-01-14,191.52882385253906,193.57169201664098,189.6928453956971,190.81339056414714,3764400
2022-01-18,186.94317626953125,193.14932837360655,185.788131920207,192.23564658653476,3205300
2022-01-19,179.73715209960938,188.77055200124516,179.63370723696568,188.77055200124516,2336800
2022-01-20,178.34072875976562,182.4954104619732,177.90113091203392,179.28889645395762,2401300
2022-01-21,173.2206573486328,177.91836844727305,171.88460769423483,177.72873491425892,3015400
2022-01-24,175.93589782714844,176.58237238976557,167.6265453084118,169.41943634037705,3535500
2022-01-25,176.013427734375,177.8063183193367,171.60016669604178,174.41879876902752,1697100
2022-01-26,177.57357788085938,180.0819016307055,174.76357397868657,178.27178125908065,1641000
2022-01-27,176.6685333251953,181.37485968516359,174.7032390098422,179.8664193885612,1875200
2022-01-28,179.47853088378906,179.64230650019482,174.7377186944042,175.93585070343744,1798400
2022-01-31,177.55636596679688,178.92688863356648,175.33249229771755,177.49602203870396,2235200
2022-02-01,180.78872680664062,180.9955901983749,176.2203050525474,177.41843708904503,2392700
2022-02-02,181.7627716064453,182.236855551029,178.6510737279785,180.35777592847984,1568700
2022-02-03,179.29754638671875,183.2281224707533,179.0820548825583,182.52991894912512,1544300
2022-02-04,181.3145294189453,182.86605749202445,180.09052628632102,180.40083453144797,2020700
2022-02-07,180.75425720214844,182.67643758918382,180.59048156713277,182.01273327709254,2383200
2022-02-08,182.1851043701172,183.7538753931849,181.44381320573976,182.85743668751124,3086100
2022-02-09,181.66793823242188,183.32291127215123,180.99560584604922,182.93502922656032,2129500
2022-02-10,181.5558624267578,184.89166589635005,180.83180115178178,181.56447734992196,1894100
2022-02-11,178.7372589111328,183.38325482935593,177.70290240747147,180.16812553668518,2302000
2022-02-14,176.3323516845703,180.09913805732776,174.10847832126075,179.59919631029965,3427000
2022-02-15,178.59071350097656,179.4785373087483,177.2374207506988,178.44418087909298,3863900
2022-02-16,179.79745483398438,180.93525607768495,177.42704872883004,177.42704872883004,1569900
2022-02-17,173.51373291015625,178.4183208331999,173.35857221364742,177.96147997259652,1884500
2022-02-18,173.40167236328125,175.77207850405455,172.79829888523184,172.8155418853348,1636300
2022-02-22,175.04803466796875,177.3408670939267,172.88450501715386,174.06539407863758,2659400
2022-02-23,171.53982543945312,177.30637929435974,170.7037174817206,175.4100569844979,2035400
2022-02-24,168.60916137695312,169.02290135360235,163.4632235613951,165.49746374604246,2833100
2022-02-25,174.69461059570312,175.54796148966096,169.91932575548213,170.30720774271583,2031400
2022-02-28,171.74668884277344,172.03113914036788,169.19526424021853,169.40214077098392,2555900
2022-03-01,161.3513946533203,171.0140247710523,160.80835194188055,170.31583451494717,3781400
2022-03-02,166.9628143310547,168.17818956777077,163.30808684824217,163.77354270881557,2303800
2022-03-03,165.14404296875,168.3591852328258,164.29932007281926,166.7904009878272,2762400
2022-03-04,159.3516387939453,161.65308627074418,156.97261753931824,160.81699141100154,2823800
2022-03-07,154.03330993652344,159.12753176840937,154.00745201068088,158.32589660962094,3215800
2022-03-08,156.53302001953125,161.1876308361295,155.15386925402842,157.16225147323456,3016500
2022-03-09,160.97213745117188,163.90281635258032,160.19637337508033,162.5667796829289,1699700
2022-03-10,159.42919921875,159.93775588115005,156.9639765191268,158.6706651103877,2314900
2022-03-11,157.00706481933594,162.27367637036804,156.78295844681165,160.4376981646613,2342800
2022-03-14,158.05007934570312,160.7738949427069,157.04158074829584,158.42071839619982,2421300
2022-03-15,159.67054748535156,160.5583711957954,157.29151349013543,159.78259409418197,2114800
2022-03-16,165.83358764648438,166.2214695976966,161.54100195813285,162.394339620289,2057600
2022-03-17,166.41976928710938,166.43699913595879,161.46346516373535,163.12705310409297,2195400
2022-03-18,166.3335418701172,168.08333139603567,162.88567866199338,168.0143725535667,5386000
2022-03-21,166.36802673339844,168.453982546695,164.40274561500152,168.02299961454557,1859600
2022-03-22,170.12620544433594,171.90185309361547,168.4109017212726,169.17805084603577,1958100
2022-03-23,166.07496643066406,169.97967085975216,166.02325058167835,167.98853175846884,1535600
2022-03-24,166.5749053955078,167.79028043624876,165.54916389953024,167.16103587746332,1585500
2022-03-25,169.35044860839844,170.15207061617335,166.58353216491193,166.91969835406857,1607800
2022-03-28,167.8333740234375,168.16954017399374,165.1181737435096,167.8592319463607,1789900
2022-03-29,167.27308654785156,171.5139568450944,166.69557102115445,170.58303217215504,1440600
2022-03-30,164.40274047851562,167.5575385998963,163.09256187555553,167.2558452957955,1980600
2022-03-31,158.98960876464844,165.30782043526483,158.89479198886625,163.91143987606884,3301400
2022-04-01,156.1365203857422,160.23085887713702,155.33489832065453,158.80862024114913,2485100
2022-04-04,157.57598876953125,159.17063099306557,153.02480973413438,155.35211510296475,2663500
2022-04-05,157.21395874023438,159.66193872039602,156.196845299449,156.54162639571894,1710500
2022-04-06,155.98135375976562,157.28291752306995,155.28315033839908,155.8692939848755,1904000
2022-04-07,156.3433837890625,157.35188234367496,152.8438042356493,156.058933455317,2303200
2022-04-08,159.20510864257812,159.60161876747034,156.82608735089468,157.91215971507606,2694700
2022-04-11,158.58447265625,162.55813573220888,158.3172653484125,159.0930425013058,2588600
2022-04-12,156.21197509765625,159.93151369420437,155.17780190297975,158.38460340221337,1825800
2022-04-13,155.07350158691406,156.55957174491994,153.7959952345684,154.4738541243025,2422800
2022-04-14,152.08396911621094,157.05494333903437,151.4408664158213,155.4471932183951,3475000
2022-04-18,152.7357635498047,154.09148143457082,151.17146858250905,151.17146858250905,2962400
2022-04-19,154.73460388183594,155.22995628255686,152.93566112499488,153.65697537575687,3328200
2022-04-20,156.11634826660156,159.2014825054055,156.003367373535,156.76813662998262,2149700
2022-04-21,154.32615661621094,159.13201002820242,153.75257948209835,157.25485573147355,2367600
2022-04-22,150.5631561279297,154.97793886281718,150.40673323993238,154.61293886348466,3203200
2022-04-25,149.91134643554688,150.14599399512932,146.0266861366243,149.33776940575436,3113700
2022-04-26,147.26943969726562,149.94610604213685,146.83491404559985,147.86038821840924,2489400
2022-04-27,148.1124267578125,149.25089525399744,146.04409340088324,146.71326670552003,2405500
2022-04-28,148.67733764648438,149.43340823570855,146.28744593411702,149.30305581021267,2930400
2022-04-29,144.34942626953125,149.60717602727928,143.90620161959387,148.34705429410553,3452800
2022-05-02,145.600830078125,146.95656106920563,142.61130513292716,146.34821462959164,2395000
2022-05-03,147.44325256347656,149.12921427376682,146.02669464511845,146.9739574169674,2250100
2022-05-04,150.97158813476562,151.45825472570746,146.4525241694443,147.32157544203184,2186500
2022-05-05,146.75668334960938,149.29431146029873,144.54929896409763,149.0162219501518,1881600
2022-05-06,144.80130004882812,146.7219089472952,143.0371272547227,146.4003642614801,2342000
2022-05-09,142.23764038085938,143.9322879507918,141.3946594659519,143.01979459360106,2050500
2022-05-10,140.6472625732422,144.46239734106038,138.71796758024638,143.14144888115052,2005600
2022-05-11,138.90048217773438,144.7405084500063,138.74404603545076,141.25560396648203,1756100
2022-05-12,138.43988037109375,139.50012406105685,135.745815927285,138.07488040153333,2030600
2022-05-13,136.82345581054688,140.30834718312417,136.22380821726097,139.96073192415918,2162100
2022-05-16,134.9375762939453,137.09281944127108,133.07780735619886,136.51055675980544,2598500
2022-05-17,139.42190551757812,140.11714926867248,137.02332850000772,137.466539926753,1846300
2022-05-18,135.51116943359375,138.63975957000082,135.0071313244731,138.27475959753187,1905200
2022-05-19,134.4857177734375,135.65894258655428,132.69547382979286,133.95559583530914,2049800
2022-05-20,135.5546417236328,136.58012933219212,132.39999397120872,135.19834070654593,2014500
2022-05-23,140.93405151367188,142.1941732803709,137.7533204877112,138.022737536908,2047500
2022-05-24,141.88133239746094,142.36801233965954,137.92715897972536,140.52561428158901,2218600
2022-05-25,145.67909240722656,147.00874000646127,141.50764297834397,141.53371345984488,2814400
2022-05-26,150.3024444580078,151.51912443496187,146.40909770523473,146.7827834607095,2648800
2022-05-27,152.12742614746094,152.13611188624446,149.96348373007012,150.1372913304301,1651800
2022-05-31,152.4403076171875,153.3614999695733,149.6332620776912,149.93743536868885,2995500
2022-06-01,149.85922241210938,152.95304320987435,147.86040158166418,152.81399180621327,1325900
2022-06-02,152.52719116210938,152.57064637989106,148.57301829672093,149.8331400483651,1418000
2022-06-03,150.60658264160156,152.30122990856438,150.18074275988494,150.84991592810547,1267300
2022-06-06,150.41542053222656,153.23983763159146,150.18947193811937,152.07531191779927,924700
2022-06-07,150.5196990966797,150.6500647624496,148.36445534813745,148.45136579198407,1221100
2022-06-08,147.65184020996094,149.22483451773599,146.774102994578,149.22483451773599,1112800
2022-06-09,141.65536499023438,147.29551282411646,141.60322403280418,147.0000252975608,2103200
2022-06-10,137.59690856933594,140.52560751872107,136.79738287949604,138.06619048660235,2252200
2022-06-13,135.16354370117188,137.90104991236953,133.88603726643427,134.1728257783825,2955300
2022-06-14,135.2764892578125,138.5354306864531,134.07719456865945,135.68494431105546,1932600
2022-06-15,136.0152130126953,138.196540243657,134.32056564448726,136.162950141137,1918100
2022-06-16,131.64389038085938,133.77306346499353,130.93996093261677,133.6079548529811,3403800
2022-06-17,133.912109375,135.1027186531673,129.93185289687662,130.357692800533,6732300
2022-06-21,135.99786376953125,137.91846001395194,135.11142759328266,136.9798828733368,2184600
2022-06-22,136.10211181640625,137.3448486933446,134.52913123312882,134.61602839854964,1868500
2022-06-23,135.398193359375,135.980456131213,133.10389848885754,135.25045623165525,2157500
2022-06-24,141.5163116455078,141.61190781970205,136.02391428096445,136.3628437602585,3039200
2022-06-27,140.30833435058594,142.91548833639058,139.44798202209978,142.52441789065406,1462800
2022-06-28,138.83094787597656,143.3500120717615,138.8135631366506,141.2816789547777,1577500
2022-06-29,136.7626190185547,139.26549137529815,136.50191419862094,139.26549137529815,1132800
2022-06-30,137.1102752685547,138.57897460094222,132.5651258321977,133.86001749592978,2296100
2022-07-01,140.177978515625,140.36047186417727,134.87676023697801,136.67570280815957,2165200
2022-07-05,139.99549865722656,140.04763962391905,135.29392700391418,137.3101327871781,1936100
2022-07-06,139.0742645263672,140.33438613281905,137.77068770714058,139.1264054774292,1692900
2022-07-07,141.0557403564453,141.6032470196822,139.48275933549107,139.99549651434975,1561100
2022-07-08,140.24749755859375,142.24630486197321,139.5174844170024,141.63797162787208,1456700
2022-07-11,139.2394256591797,140.42133617246594,138.08358562877916,139.8738295105202,1776000
2022-07-12,137.80946350097656,140.75707246570994,137.01114967207127,138.60777732988183,1681300
2022-07-13,135.3706512451172,136.75673043779642,132.83535796753065,136.09878221642285,3068700
2022-07-14,132.43182373046875,133.28275778065537,131.15977979519943,132.08969119120087,2120400
2022-07-15,134.5898895263672,135.23028872788464,128.42272246621542,129.83511854802205,4838700
2022-07-18,135.68649291992188,139.6692810790971,134.56359547787972,136.87957312534084,2219900
2022-07-19,140.5289764404297,141.08165725686513,137.14273556044373,137.59891676426335,2018600
2022-07-20,140.49392700195312,140.89747462693924,138.50254590338005,139.4763101910244,1683100
2022-07-21,141.7747039794922,141.88875263803448,139.45872643750909,139.82717588896176,1547500
2022-07-22,141.90628051757812,143.67835830361216,141.1518326194442,141.99401230949755,1457300
2022-07-25,144.48541259765625,145.2574093853737,142.32735013888544,143.2747970912688,1294200
2022-07-26,141.87120056152344,145.7837923092971,141.80978562793425,143.38009640808863,1574100
2022-07-27,142.99407958984375,144.28365916990748,141.69573218581706,142.4413988023905,2153100
2022-07-28,142.90634155273438,143.7397533024214,140.8623276215794,142.79230630224316,1732400
2022-07-29,145.5732421875,146.1259229880041,143.21339904463835,143.4327151228078,2122200
2022-08-01,145.67852783203125,145.8802949010915,142.5467008049935,143.76609781660645,1159000
2022-08-02,143.2660369873047,145.38024725585498,143.20463544432155,145.2135648897713,1597400
2022-08-03,145.05567932128906,145.88907785527007,143.35378417985817,144.47668158298916,1151900
2022-08-04,143.94151306152344,145.4679576045902,143.3537476476387,144.6345458970026,1473400
2022-08-05,146.53823852539062,147.4506009915645,143.57309397530634,144.06435989432657,1556200
2022-08-08,145.66098022460938,148.11732330845967,145.51184687766752,147.63482519424022,927200
2022-08-09,145.55569458007812,146.503141653377,144.97669691539696,145.67851104961736,918900
2022-08-10,148.66123962402344,149.94203822518764,146.95056323730097,147.59097592387627,2324000
2022-08-11,150.83685302734375,151.41585078217412,149.64377282920543,150.2666230981345,1563100
2022-08-12,153.19668579101562,153.20545361602032,150.6877090824588,151.79305740270698,1188000
2022-08-15,152.58261108398438,153.03002455488846,151.19654492618653,151.74044464344882,910200
2022-08-16,153.55633544921875,154.69678170354655,151.89830647636992,151.89830647636992,948300
2022-08-17,152.06500244140625,152.92473116055365,151.26668865333735,151.58250436147495,936400
2022-08-18,152.2053680419922,152.56504964596868,151.15265347624884,152.54750061050856,691900
2022-08-19,149.82798767089844,151.5298828245891,149.0910887546591,150.9070325689557,1240800
2022-08-22,146.02944946289062,148.161195698208,145.67853564354238,148.161195698208,1269000
2022-08-23,146.0557403564453,147.32777093367292,145.9153748536639,146.26627522462633,840400
2022-08-24,146.85406494140625,147.0909300931873,145.0293666481098,145.52063260291987,1383100
2022-08-25,148.16993713378906,149.13493323263197,146.64350579597172,147.09967360088737,1619700
2022-08-26,142.28355407714844,148.99462321751372,142.14318852213523,148.65249054341658,1642000
2022-08-29,140.46754455566406,141.88872171409193,139.6253783890304,141.4676252447852,1572100
2022-08-30,139.7482147216797,141.18692773145625,138.9937668393583,141.18692773145625,1586800
2022-08-31,138.60777282714844,140.7307510324857,138.57268814158573,140.4500333900074,3090600
2022-09-01,139.0025177001953,139.09901730311054,136.63390690299155,138.23053426286359,1704500
2022-09-02,137.94981384277344,142.116819348358,137.43223110840188,140.78337383849342,1433000
2022-09-06,137.17782592773438,138.9762205722735,135.23029794588118,138.9762205722735,1857800
2022-09-07,140.02017211914062,140.5202058689233,135.93211678207385,136.09003133557903,1921900
2022-09-08,142.8625030517578,143.01163638316405,138.58144879118728,139.37098134239477,1657900
2022-09-09,144.1696319580078,144.91531207141094,143.00286866994983,143.57309857607953,1984800
2022-09-12,145.87149047851562,146.71367000250672,144.8538607912733,145.14335958433307,2138700
2022-09-13,141.10800170898438,143.70469716097548,140.39740621204672,142.8362138635974,1945700
2022-09-14,142.4765167236328,142.9151489307352,139.77454072156306,141.87996996125742,1929900
2022-09-15,144.79248046875,146.40664362470616,142.72213611272227,143.10813456001426,1731000
2022-09-16,143.7222137451172,144.02048039835978,141.52028514242724,143.23094787248445,2569100
2022-09-19,145.02056884765625,145.33638455190717,141.3009765375806,141.87996084038082,1159400
2022-09-20,143.7222137451172,144.58192902222447,142.49403567754428,143.91521296450736,1330400
2022-09-21,139.0025177001953,144.3099690885529,138.97620084358118,143.695886790906,1645100
2022-09-22,135.68649291992188,139.91491405791922,135.48472584145944,139.91491405791922,1642100
2022-09-23,133.27398681640625,134.75656558029746,131.5019092359572,133.96703308858747,1630400
2022-09-26,130.4842987060547,133.59857630773107,130.13338494933672,132.30022887285236,1837200
2022-09-27,129.86148071289062,132.4669577068791,129.04563104103352,131.9318257528883,2083000
2022-09-28,132.9844970703125,133.7477261427462,129.9667056220472,129.97548683241456,1762900
2022-09-29,132.23008728027344,133.0020843993585,130.37029064174516,131.30895678790972,1633700
2022-09-30,131.0808563232422,134.82677938171543,130.90540610534043,132.24761968197956,2140700
2022-10-03,134.92324829101562,135.97596274474458,130.77379201468884,133.16871973947053,2236400
2022-10-04,140.9237518310547,141.0114836249228,136.94974519388987,136.99361109082395,2099900
2022-10-05,139.68679809570312,140.34474635534536,138.1866835598741,138.6077666979675,1130800
2022-10-06,136.5988311767578,139.48502485788043,136.28301549069656,138.68671112561572,1756900
2022-10-07,132.76515197753906,135.76539373550222,132.23880152417044,135.55485890855016,1688100
2022-10-10,132.3353271484375,134.5986572993495,131.5457812340809,133.7301741953457,1244200
2022-10-11,129.55438232421875,132.27390694407703,129.1245313944539,131.4931422710453,1777100
2022-10-12,128.18588256835938,130.08077707308695,127.88761585539126,128.95787960050626,1723500
2022-10-13,134.1951446533203,135.16014090750636,125.90499823687925,126.20326493872103,3552800
2022-10-14,132.62701416015625,137.2251072885457,131.83851740625022,132.89280246880486,4731600
2022-10-17,138.07562255859375,138.6249084645057,134.8241668705122,135.85187441971573,2818100
2022-10-18,138.3502655029297,141.6194304971854,137.01246935098885,141.49539775977578,2485100
2022-10-19,134.39889526367188,138.9261098361432,133.74329953521686,137.1364832830242,1673000
2022-10-20,131.10316467285156,135.52406973283848,130.29695867923505,133.36234483005617,1952100
2022-10-21,138.5363006591797,138.8020889451347,130.1374800454561,130.66905661736612,2624600
2022-10-24,142.14215087890625,142.82433775130747,138.67807507474637,139.31596164037114,2154800
2022-10-25,144.6050567626953,145.43785363427983,140.90177113515918,141.01694919739379,2061500
2022-10-26,143.27613830566406,146.0491720003351,143.18753771074347,145.18979760010578,1985900
2022-10-27,142.63824462890625,146.12889700204784,142.45218879644477,144.8797016773049,1753600
2022-10-28,144.2949981689453,144.67596455926667,142.22187372973647,143.45334647116954,2204500
2022-10-31,143.3736114501953,144.63166164750604,143.03694536973381,143.7191321838331,2192000
2022-11-01,143.35589599609375,144.76455648115606,142.47881213713862,144.3393032914034,1495200
2022-11-02,140.6271209716797,144.74680482223877,140.52966573602643,142.76226798645936,2300800
2022-11-03,135.82528686523438,139.61716000617986,135.49748898035395,139.09445161716692,2484900
2022-11-04,138.65145874023438,139.34250007291882,135.75439252641004,137.6503288655664,3575100
2022-11-07,138.8286590576172,141.02581596909172,137.95157533461102,140.21074184900525,2256300
2022-11-08,140.56512451171875,141.89405229377408,138.3325220526711,138.77549798002286,3290400
2022-11-09,137.809814453125,139.69688272130165,136.53404161243782,139.19189719101863,2438100
2022-11-10,145.1632080078125,145.7124937985207,141.46877710115055,142.06237670417275,2781800
2022-11-11,146.8553924560547,148.39695373768083,145.43787742700633,146.12891887636016,2754900
2022-11-14,144.6670684814453,146.97940330022817,144.6050588829457,146.66932827062598,2741600
2022-11-15,145.42015075683594,148.51212789126566,143.06351535415496,146.563022810219,2210400
2022-11-16,143.214111328125,145.81881193342252,143.09894678009343,145.44671377817323,1951200
2022-11-17,140.6891632080078,141.61941539868008,139.43996779534942,140.94608330862437,2031000
2022-11-18,142.7799835205078,143.2761143244955,141.61938892149007,142.93944834241077,1853100
2022-11-21,144.10891723632812,144.7113579471929,141.94719276830537,142.63823406302726,1420700
2022-11-22,146.16433715820312,146.62503592030765,145.12777508238258,145.41128617246315,1547700
2022-11-23,147.510986328125,147.85650701661993,145.73908258844781,145.96057055590745,1278200
2022-11-25,148.52981567382812,149.5663911887941,147.98938452849578,148.8044720907608,597500
2022-11-28,144.0646209716797,147.75018365892586,143.78110991025238,147.1034291195016,1525800
2022-11-29,145.6239013671875,146.06687729251792,143.754542421551,144.3481285392675,975500
2022-11-30,149.0702667236328,149.31833218229642,141.55739815006254,145.10120586646124,3296800
2022-12-01,146.00486755371094,150.8598799055187,145.63276939901368,150.21313884034626,1854200
2022-12-02,145.49989318847656,145.82770462112455,143.7368573601859,144.16211053503056,1569900
2022-12-05,135.64810180664062,144.2595557279429,135.1785483608509,144.20640077461636,3811300
2022-12-06,134.54063415527344,136.25051455479283,132.6181204677173,135.5417639651056,2563100
2022-12-07,137.4111328125,138.50084976688152,133.35347185103933,133.8673255293258,2628200
2022-12-08,136.73782348632812,139.10331361848276,136.0910823349322,138.07561960978165,1927100
2022-12-09,136.50747680664062,138.0844701814664,135.61267021215528,136.09993296527324,1761000
2022-12-12,138.8286590576172,138.8818140082778,134.7887205847742,136.95930002091845,2349400
2022-12-13,136.46316528320312,142.70912866256805,135.577213414316,142.3990401010365,2621000
2022-12-14,132.55613708496094,137.03019749569665,132.18403885828647,135.87845716443474,3205800
2022-12-15,133.05227661132812,133.2560553226685,130.29697862601932,130.6779315307275,3043400
2022-12-16,133.23829650878906,133.6812724282303,131.16517245025668,131.8827912767831,7000000
2022-12-19,133.03456115722656,135.1431178132531,131.95369859030274,133.1320164220658,2070500
2022-12-20,134.3811798095703,136.1619518083586,133.20287566042674,133.31804021661583,2144700
2022-12-21,136.3479766845703,137.75665032141333,135.78096807301299,136.12648873445337,1541600
2022-12-22,136.69349670410156,136.9149846531784,133.85845365962828,135.7012350181738,1522100
2022-12-23,137.34024047851562,138.33250208663003,136.5960307538793,136.64033104393096,1027600
2022-12-27,138.1730499267578,138.77549066730566,136.72894415375077,137.6414734345259,733000
2022-12-28,138.08445739746094,139.12101945111272,137.63262681568017,138.49200120109748,974600
2022-12-29,139.82981872558594,140.02472926511223,137.86300402204319,138.43001281378622,994300
2022-12-30,139.92726135253906,140.4854154397114,138.4034228276834,139.30709765487796,1035000
2023-01-03,141.32704162597656,143.16982307962726,139.68802531079834,141.44220617282505,1650600
2023-01-04,145.05691528320312,147.15663068843915,142.32818153656035,143.16984674042845,2107600
2023-01-05,141.1941680908203,143.20528294702052,139.36910910565254,142.60284206663908,2173900
2023-01-06,145.48219299316406,145.99603328906525,140.7954990488125,143.9672090299765,2250100
2023-01-09,145.54415893554688,147.82991617527938,144.48987414279858,146.13774501244058,2473700
2023-01-10,146.12890625,146.22636149820892,143.9317493577616,144.844278718921,2139900
2023-01-11,146.92625427246094,147.67931876628683,146.2263582462008,146.28836784719851,3197900
2023-01-12,149.56642150878906,149.7879095063899,147.63503914006154,147.9539823973489,2169700
2023-01-13,146.59866333007812,147.72496522340367,144.2387829537691,147.26908404652664,4379400
2023-01-17,144.67681884765625,146.19643664961728,144.06002950903908,145.82100262605607,3608200
2023-01-18,135.93453979492188,138.74136790980563,133.71767166921637,136.3099738388525,6677800
2023-01-19,132.3142547607422,134.870793326147,131.49187353799084,134.53110908466957,5764300
2023-01-20,138.43740844726562,138.65194799355797,131.67956959612187,132.68967453859923,4166500
2023-01-23,142.4331512451172,143.90808540458914,138.15140244464598,138.75031014343224,2433200
2023-01-24,141.61073303222656,142.78173238008068,140.7794178822823,142.78173238008068,1631600
2023-01-25,143.1840057373047,143.66671637614704,140.01069136748418,140.5380858168054,2227500
2023-01-26,144.748291015625,144.80193612862507,142.40629241848129,143.93485760500056,1397200
2023-01-27,145.8567352294922,147.5730106950285,144.76618306288916,144.80194647411105,2046900
2023-01-30,145.5796356201172,146.10703001754703,144.8555833728414,144.98072803731196,1947100
2023-01-31,147.87693786621094,147.88588553927457,144.61422889843445,145.70478111204784,2295100
2023-02-01,147.3048553466797,148.89599996151094,144.96285633296415,146.46460604997188,1844200
2023-02-02,148.53842163085938,149.1105134659116,145.80310711827403,147.9395140566442,1930100
2023-02-03,147.8411865234375,149.3876199352745,146.6880688093499,147.22439723739828,1507700
2023-02-06,145.70477294921875,147.22439055264203,145.33827300752554,146.66124641074816,1567600
2023-02-07,145.65115356445312,146.59867943208164,143.31808866936493,145.21314040462192,3890900
2023-02-08,144.41757202148438,145.8299267607673,143.70245379859173,143.97062483714467,1929500
2023-02-09,142.02191162109375,145.43658029453627,141.4855696574309,145.12372551551854,1637300
2023-02-10,142.4331512451172,142.4331512451172,140.868835816426,141.42305970047673,1863700
2023-02-13,143.8991241455078,144.21199265760993,141.49454590261365,142.1560327031811,1227800
2023-02-14,144.03321838378906,144.54273113218605,142.22754775948073,143.3449158319926,1122100
2023-02-15,143.02308654785156,144.61421729451686,142.20070543697074,142.56720536978827,1813100
2023-02-16,141.50347900390625,142.9694651992676,141.1637947845771,141.70013685301836,1781700
2023-02-17,141.7626953125,141.89678764281197,140.26989345195753,141.23530094327586,1797100
2023-02-21,138.98268127441406,140.80623327587415,138.51786606127243,140.2162597671815,1843200
2023-02-22,139.71568298339844,140.04641951243903,138.38377555498016,138.7681571998537,2630700
2023-02-23,141.32469177246094,141.83420442173215,139.08995606220535,141.1190862665015,3004000
2023-02-24,141.67332458496094,141.89679817899628,138.79498360260592,139.90340389958402,1553400
2023-02-27,140.96713256835938,144.05106526699416,140.6006326209367,143.08567139730005,1488300
2023-02-28,141.16378784179688,142.0219323811482,140.70790665386494,141.73587965478285,2740900
2023-03-01,138.74136352539062,140.6185336857226,137.9189686287726,140.32354688058183,2504800
2023-03-02,134.2987060546875,137.92791531166625,132.7790745894726,137.52566554018156,3523000
2023-03-03,136.66751098632812,137.19490539611593,135.07638008374224,135.52332727300222,2465800
2023-03-06,136.47979736328125,138.85755986135254,136.43511355281302,137.55248160945405,2454200
2023-03-07,130.25830078125,135.55908834041713,129.74877439596574,135.26411517390687,3520400
2023-03-08,129.7308807373047,130.79461710889672,128.9174336719997,129.7666305068839,2574700
2023-03-09,123.24120330810547,128.70289805026414,122.87471700972984,128.70289805026414,4320000
2023-03-10,122.60655212402344,126.6111949865087,118.26222504436133,119.96956652367759,6957800
2023-03-13,116.25989532470703,118.86113111974026,111.03061481557422,115.60735627761885,14700700
2023-03-14,116.6800308227539,123.98314617623063,113.47095331355308,122.91047566203834,8289500
2023-03-15,111.781494140625,113.1849080343067,109.69871861347939,112.71113828763096,7609800
2023-03-16,116.31352233886719,117.63649572789176,108.11651321732208,111.2898407208453,7677700
2023-03-17,110.59260559082031,114.68664318465689,109.33221133486568,114.23075517506985,9095300
2023-03-20,113.83744049072266,116.6085115236823,111.66527701646004,112.72901344151329,5179800
2023-03-21,117.65436553955078,118.51251008463444,115.9470377617274,117.54710258631962,4103900
2023-03-22,111.2004623413086,117.1716770781597,111.19152148793572,116.72472988773634,4249900
2023-03-23,109.17131042480469,112.729012805408,108.6707317898972,112.25524990881736,5851300
2023-03-24,110.97698974609375,110.99486463312768,106.6147807635358,107.267326668178,4137300
2023-03-27,111.75466918945312,115.82189804990806,111.06637353728998,115.06208239274876,3467100
2023-03-28,113.3994369506836,113.4977658740486,110.84289858293891,111.27197086852004,2703800
2023-03-29,115.2408676147461,115.98280162414022,114.11456554974525,115.28556506393782,2575600
2023-03-30,113.5513916015625,117.26999515536419,113.28322740404383,117.18060026965234,3064200
2023-03-31,113.61396026611328,115.17828205728865,112.95248041638348,114.82071616571572,3600500
2023-04-03,111.7367935180664,114.32908849166009,111.42393186019035,113.44413499656133,4845300
2023-04-04,109.79704284667969,112.8541598367758,108.41150389895242,112.52341647754558,3480100
2023-04-05,108.54560089111328,110.11885699723746,107.56231838223815,107.99138388944355,3550000
2023-04-06,108.94783782958984,110.93228432142689,107.07960196467182,107.26731895445742,3507200
2023-04-10,109.23387908935547,109.85960918186889,108.0360640189073,108.35786650765772,3234800
2023-04-11,109.33219909667969,110.13670525299425,108.54557464376745,109.14448213018488,2726500
2023-04-12,106.99913787841797,110.19928089673101,106.7756643182543,109.99368904050866,4446300
2023-04-13,108.5277099609375,108.77799927312233,105.91753342846299,107.26731572759951,4856200
2023-04-14,108.9210205078125,109.31433618728767,105.04152246888873,108.60815886271742,12921100
2023-04-17,113.21088409423828,113.2470863417721,107.43676025761079,108.7671635087699,6292900
2023-04-18,112.9122314453125,113.67245795455507,110.50483368963187,113.21088791401613,4718800
2023-04-19,116.17941284179688,117.33785727798441,111.8985984204203,112.76743174756096,5967200
2023-04-20,113.6724624633789,114.87616138896401,112.4597181539009,114.57749800354097,3720500
2023-04-21,111.66329193115234,113.44621320128557,111.21982641222097,112.89414092256797,3537900
2023-04-24,112.46876525878906,112.8126831884321,110.99355979150569,112.22440869735037,2333600
2023-04-25,111.95288848876953,112.81267635593079,109.61790214854362,110.81254873128928,4996000
2023-04-26,115.70879364013672,117.28355356314087,111.69044049506154,111.72663584075855,6547400
2023-04-27,115.86265563964844,117.11159531515594,115.28342653185591,116.44187784256766,3124400
2023-04-28,117.88086700439453,119.77238777480954,114.39648191345411,114.6770406925426,3942900
2023-05-01,110.41432189941406,114.73133784045226,109.88035431276381,114.46888364337244,9064200
2023-05-02,107.82593536376953,111.54563204353404,106.59508645779584,111.54563204353404,8595100
2023-05-03,105.5723876953125,109.4187883968636,105.49093091345179,108.68570497960756,5764500
2023-05-04,102.84823608398438,104.63115716565298,101.21916938376101,102.61292491509143,6975900
2023-05-05,105.14703369140625,106.75799591490222,104.03383689271182,105.53619926600487,4790800
2023-05-08,105.8801040649414,107.1381028914527,104.56780531652613,106.79419187793908,2867100
2023-05-09,104.71260833740234,105.51808940885367,103.68992067153812,104.66736070370594,3063800
2023-05-10,103.14689636230469,106.47742725662448,102.9749374088748,106.15161392637461,3473300
2023-05-11,101.99750518798828,102.83918853777188,100.6580564214795,101.87080076155834,2511300
2023-05-12,100.98385620117188,102.90252691768073,99.83445732394964,102.90252691768073,2212400
2023-05-15,102.8753890991211,103.31886148921507,101.09246796451914,101.27347921706973,2256100
2023-05-16,100.9928970336914,103.49984895995958,100.82094500289885,102.92967914336334,2243600
2023-05-17,107.92547607421875,107.96167832035454,102.71247001349597,102.71247001349597,4488300
2023-05-18,108.74002075195312,109.029631846534,106.29642066810837,107.49106729636365,3077100
2023-05-19,107.2286148071289,109.19254028988756,105.79865698355997,109.1834880010395,2679800
2023-05-22,108.984375,109.01152496065559,106.62223175474176,108.0974440625101,2452400
2023-05-23,109.95276641845703,112.76742751553505,108.6404676402784,109.12918766311773,3221600
2023-05-24,108.83052825927734,109.35545055171002,107.96169493294403,108.74907837159304,2062400
2023-05-25,107.69017028808594,109.21063017712258,107.27385479410687,108.3960968606971,1776500
2023-05-26,107.50011444091797,108.02503668249985,106.66748344695054,107.9797821460324,1803600
2023-05-30,107.56346893310547,108.60426115010186,105.7986524513655,108.17889335581762,1787200
2023-05-31,104.83027648925781,107.12906777000103,103.32791406051571,106.79420210814467,3715000
2023-06-01,108.36894989013672,108.63141101627296,103.82567467411367,106.09731573456168,2964900
2023-06-02,111.84428405761719,112.39635624185902,109.29208433082405,110.12471529874293,3105500
2023-06-05,111.57276916503906,112.57735906687321,110.31477044199856,112.23344808164637,2829500
2023-06-06,114.37837982177734,115.73593302213577,110.86684469593771,111.27410789409618,2509700
2023-06-07,115.44632720947266,116.00744480540413,112.70407072457165,114.26978519180736,3203800
2023-06-08,116.62286376953125,117.1296813908087,114.08876185339956,114.92139968033395,2942400
2023-06-09,116.68622589111328,118.14333366724365,116.18846739042765,116.42377166001988,2365800
2023-06-12,115.31057739257812,117.96232480243114,113.7629605975568,116.30610816556477,2980200
2023-06-13,116.62286376953125,117.1115768158361,114.34217066403829,114.59558637954923,3344500
2023-06-14,114.50508880615234,117.96232415156044,114.13402784044091,117.20209764334798,2024700
2023-06-15,116.55951690673828,117.00298927681567,114.27883046652826,114.4960439597848,2076900
2023-06-16,116.26990509033203,117.09349066221618,115.27436747866928,117.09349066221618,3465200
2023-06-20,114.45079803466797,115.75405147278262,114.07068475017567,115.48253803821758,1808300
2023-06-21,114.63180541992188,114.75850984380536,113.37379966015317,114.35123970571709,2319300
2023-06-22,111.71758270263672,114.8852069065072,111.3012672072842,114.53224361903716,1688000
2023-06-23,111.34651184082031,111.71757969476492,110.19711984164887,110.6496375728754,2399200
2023-06-26,111.98005676269531,113.28330331900459,111.5637343143602,111.8533454274149,2031000
2023-06-27,112.23345947265625,112.94843837926733,110.93020608289699,111.70853720123952,1715700
2023-06-28,111.82618713378906,112.14295509108159,110.78540180510699,112.11579822526872,1501700
2023-06-29,113.74486541748047,114.48699427412971,112.67692321841224,112.89412981173386,2272100
2023-06-30,113.98922729492188,115.21103083848539,112.98463725969654,114.74946076435857,2257000
2023-07-03,115.41918182373047,116.1432130208935,114.13403300839566,114.44174177902235,1193700
2023-07-05,114.3421859741211,115.8807436189344,113.53670490179408,114.4507927238822,1854400
2023-07-06,112.11579132080078,112.97557915855991,110.0794615172429,112.97557915855991,2515100
2023-07-07,113.6815185546875,114.80376072866191,112.11580397969124,112.4597219155754,2194200
2023-07-10,113.45524597167969,114.76754462850833,112.91222607591861,112.96652599403295,1734400
2023-07-11,114.47795104980469,115.54589333343216,113.80822663952519,114.17024226030755,2264500
2023-07-12,115.14766693115234,118.0618753709043,114.91235577345266,116.2518044144788,2508100
2023-07-13,117.46456146240234,117.63652043159166,115.39203606736346,115.7359471008686,2563400
2023-07-14,115.22042083740234,119.36979074762328,115.0738615787205,119.0766722302596,2507200
2023-07-17,116.47531127929688,117.72103705681141,115.22958550178234,115.65093289883428,2647500
2023-07-18,119.39728546142578,121.20175640192468,113.94723282016456,114.5059778419941,4679300
2023-07-19,121.2475357055664,121.43989649333767,119.22323996073874,119.27819619248447,4648100
2023-07-20,122.73141479492188,122.85965065175864,120.12088216622905,121.14676902092314,3554400
2023-07-21,122.97872924804688,123.63823199496979,120.87199911518577,123.27184779186214,3582200
2023-07-24,124.20613861083984,125.4335409957262,122.21846179328274,122.6214927797614,2910100
2023-07-25,122.3192138671875,124.63664193196603,122.12686707225434,124.53588419001913,2509400
2023-07-26,124.5816879272461,125.51598583981458,122.11772823863467,123.75731645987862,2971400
2023-07-27,121.93450927734375,125.52512729590406,121.64140473330839,125.36941332303209,2462800
2023-07-28,124.11454772949219,124.64581462944517,121.84293482842514,123.25352944255673,1736400
2023-07-31,125.38774871826172,125.68086726699464,123.78479334361548,124.68244443995209,2478300
2023-08-01,124.0504150390625,125.21370652263603,122.94209376376347,124.76488798001954,2442400
2023-08-02,122.85047912597656,123.3084663150554,121.57727529940378,122.85047912597656,2002400
2023-08-03,121.84292602539062,122.85965823040682,121.3024904742,122.5757083853713,2173000
2023-08-04,120.41400146484375,122.48409858912737,119.72702066090083,121.68720532908486,2858600
2023-08-07,121.2750244140625,121.70553356922133,120.41402008040723,121.12847910882776,1698600
2023-08-08,119.12248992919922,119.21407899582317,114.74412582370793,118.23399352064065,2825700
2023-08-09,116.64934539794922,119.07667910035329,116.59438916693789,118.00499066564943,1729500
2023-08-10,117.32716369628906,118.90264086506744,116.55774851432592,117.2813621785544,1657700
2023-08-11,119.021728515625,119.03088322900751,116.50279864592947,116.64935093168882,1203400
2023-08-14,116.58523559570312,118.49046427136878,115.83413677007181,118.03247701212209,1371400
2023-08-15,113.21443939208984,115.17462413472308,112.84804821840514,114.89983599570732,2081000
2023-08-16,112.41754150390625,113.29687609178654,111.84047315774755,112.64653510455206,1612400
2023-08-17,113.12284088134766,114.13041134578269,112.39005854994207,112.80225123198154,1511200
2023-08-18,112.84805297851562,113.38848155487103,111.8038426318825,111.8038426318825,1346500
2023-08-21,112.60073852539062,113.55335278443842,111.30921120673058,113.27855765628468,1191700
2023-08-22,109.01927947998047,113.07704670387572,108.82692567787677,112.56410323159916,1498100
2023-08-23,109.37651062011719,109.65129875757468,108.19490276055802,108.97347963251644,1670200
2023-08-24,107.78269958496094,111.2359267818312,107.75522147272176,109.27574224103336,3178300
2023-08-25,107.8468246459961,109.09255039768787,107.26060158500351,108.31397354996304,1794600
2023-08-28,108.46054077148438,109.96273834909574,108.14910581653388,108.68953438988038,1221700
2023-08-29,110.45735931396484,111.01610430646443,108.47885806885488,108.74449150695557,1311800
2023-08-30,110.35659790039062,110.78709999473521,109.66045540525019,110.25584015813358,1219000
2023-08-31,110.58558654785156,112.13357845005181,109.9077604960437,110.86037466034446,1981300
2023-09-01,111.95039367675781,113.03124376171712,110.70466791821725,111.48324477022257,1235800
2023-09-05,110.36576080322266,112.86637415557732,110.29248815750437,111.50157416598792,1604900
2023-09-06,108.41474914550781,110.06350614374328,107.65448858585862,109.91694686019734,1841600
2023-09-07,106.0423583984375,108.62540605321122,105.99656386919628,107.16901004039421,2009400
2023-09-08,107.10488891601562,107.28808100418047,105.3553744242214,106.54614396228355,2097600
2023-09-11,108.1032943725586,109.38565991550838,107.75522662035179,108.16741230028958,1242000
2023-09-12,114.3593978881836,114.67998751775069,108.09413659608441,108.24985056068418,4910900
2023-09-13,113.2236099243164,115.99901157599744,112.52746733885152,115.41278844771047,2747800
2023-09-14,116.3012924194336,116.6676836455674,114.31362927719687,114.31362927719687,2396600
2023-09-15,115.73336791992188,116.73178368330494,115.12882842959873,115.43109468059515,3619500
2023-09-18,114.20369720458984,115.59597532419089,114.03882152044874,115.41278322551439,1431300
2023-09-19,113.75487518310547,114.94563783792798,112.84805539816665,114.597570044364,1171800
2023-09-20,113.5350341796875,115.10135669268826,113.44343812920921,114.6891639830399,1689200
2023-09-21,111.90458679199219,114.17620629808917,111.85879226661848,112.74728153283066,1501300
2023-09-22,110.69551849365234,112.20687783770393,110.51232638639254,112.14275990132991,1369200
2023-09-25,112.3167953491211,112.3717515826807,109.92610135264661,110.25585273066591,1368500
2023-09-26,111.37332916259766,112.1152732134432,110.52147963946123,111.11685743670749,2059800
2023-09-27,111.57484436035156,111.84963948783202,110.01769060684332,111.63896229165294,2163700
2023-09-28,112.50914764404297,113.09537075524256,111.41913577087618,111.730570729637,1694100
2023-09-29,112.45417022705078,114.3319204791631,112.16105870845242,113.54418196261813,1749500
2023-10-02,109.93526458740234,112.11528853199073,109.74291076670302,111.76721372358412,1993700
2023-10-03,109.71541595458984,111.74888030449299,109.3398700727442,110.49399282134034,2285600
2023-10-04,110.00851440429688,110.60389910980021,109.13834159586627,109.61464516727125,2347500
2023-10-05,110.26499938964844,110.82374435112658,109.10171493818117,109.30323043095432,2692800
2023-10-06,110.21005249023438,111.98704527149154,108.3231472405817,109.55054972653767,2079500
2023-10-09,110.70467376708984,111.12602117998522,108.70784916525403,109.37651359575291,2404900
2023-10-10,111.95955657958984,113.59914464382844,111.22677424728826,111.83131373135636,2192500
2023-10-11,112.42669677734375,113.80982008887865,111.78551748766803,112.72897000890379,1840200
2023-10-12,111.12602233886719,112.78393389207802,110.67719680563096,112.58242537902443,2497600
2023-10-13,108.21321105957031,110.91533264442273,106.4820200665864,110.51230867537477,5576500
2023-10-16,109.64257049560547,110.32012443097817,107.27578763468529,109.4476594657346,2197300
2023-10-17,110.57072448730469,112.71476002070573,109.15065332645612,109.29916101761657,2614100
2023-10-18,107.37789154052734,110.40366152229423,107.09944314849976,109.60545035180101,2537300
2023-10-19,107.35005187988281,110.42223239507098,106.75602815065601,106.830282001964,2867900
2023-10-20,103.78592681884766,107.65631785782134,103.44250812734043,107.47997384325127,2865200
2023-10-23,101.82754516601562,105.02967350330393,101.58622368674114,103.40540766128782,3069000
2023-10-24,103.28473663330078,104.18504505991214,102.20808417060398,102.28233093679103,2669500
2023-10-25,103.29401397705078,103.5817387671201,101.5398076533475,102.63502705323111,2214600
2023-10-26,106.14344024658203,106.96021128004486,102.867065530763,103.24760408591814,3305100
2023-10-27,103.24760437011719,105.64223771641709,102.83922239287979,105.48445360972909,1854600
2023-10-30,104.77906036376953,105.15032251499875,103.0991078039721,104.13863332993004,2306600
2023-10-31,106.24553680419922,106.29194014507539,104.28713595582529,105.22457124885285,2233500
2023-11-01,105.30810546875,106.79314697608456,104.28713987503477,106.50542217563624,1675400
2023-11-02,111.2389907836914,111.30396112584033,106.28266361657988,106.28266361657988,2822400
2023-11-03,114.35758972167969,115.43424927733963,112.7426074694265,113.34590759415066,2824200
2023-11-06,112.81686401367188,114.80310847331623,112.00008582606993,114.36687595607191,1690200
2023-11-07,112.1021728515625,112.90038396307483,111.61025353240086,112.24139703728883,1801800
2023-11-08,111.61954498291016,112.09289733436219,110.37581780473973,112.09289733436219,1599700
2023-11-09,110.78419494628906,112.6683418912988,110.20873830425364,112.22283301075963,1920600
2023-11-10,111.77732849121094,112.34350169083166,110.0416819682973,111.85158233931388,1585700
2023-11-13,111.00695037841797,111.72163120747112,110.34796347085683,111.26683174126056,1046300
2023-11-14,117.55970764160156,117.94024618847192,113.9306307893586,113.9306307893586,2766900
2023-11-15,119.6944580078125,120.49266909329121,117.32766817136627,117.49472869130571,2700000
2023-11-16,120.04714965820312,120.34416503032244,118.97978075990328,119.63876060277529,1838200
2023-11-17,120.90105438232422,121.3280104630461,119.89864868897453,120.98459881195829,2129100
2023-11-20,120.97531127929688,121.41154379098738,118.84984972949566,120.41842865504577,1674500
2023-11-21,118.77558898925781,120.65973604214894,118.66420822212766,120.21422713610107,1248000
2023-11-22,118.75702667236328,119.49955098671715,117.94953909283285,119.30463286624085,1036300
2023-11-24,119.45314025878906,119.92650676625725,118.01450914007582,118.52498840881795,640800
2023-11-27,119.59236907958984,119.78727303309907,118.33007494179732,118.56211289952842,1415800
2023-11-28,120.27919006347656,120.40913075081473,118.64564797087218,119.36032883246841,1592700
2023-11-29,122.86874389648438,123.60197761134728,120.75255885520329,121.09597050061684,2492800
2023-11-30,124.33524322509766,125.02206661390008,122.61815642814157,123.09150883089526,3265200
2023-12-01,129.0131072998047,129.05951772485324,123.71335399866258,124.08462323657767,2580700
2023-12-04,130.6745147705078,130.91584335619493,126.59992802825788,127.27748919002094,2935100
2023-12-05,128.69754028320312,130.20114176413836,128.52118916383944,129.9134169535864,2147600
2023-12-06,129.3472442626953,131.85325146162808,129.0131090253394,129.93198446868658,2000300
2023-12-07,129.72779846191406,131.00863848733087,129.18946864616956,130.0712101420112,2249500
2023-12-08,130.56312561035156,131.37061322849544,129.19874118919356,129.8855786912478,2444400
2023-12-11,130.869384765625,131.5654985143783,130.14542759991917,131.1292660988286,2254300
2023-12-12,130.73019409179688,131.5655250940715,130.0712000450226,130.8044337770216,1317400
2023-12-13,135.8071746826172,135.92782478303414,130.25681686432713,130.5631086499496,2455300
2023-12-14,142.29495239257812,143.05604367833513,137.41287894756758,138.89791335304992,4269900
2023-12-15,141.38536071777344,143.3716049375879,140.8563074112828,141.914399861792,5912600
2023-12-18,140.53147888183594,141.83088584267026,139.19493791499283,141.83088584267026,2648700
2023-12-19,143.49229431152344,143.7521757194118,139.66829872228448,140.56860722906728,2373500
2023-12-20,138.9164581298828,144.21621037343473,138.83292787894825,142.74972904187828,2353000
2023-12-21,140.86561584472656,142.0722161302292,139.6218815527614,140.14165850591976,1683500
2023-12-22,141.5153045654297,142.46202335679644,140.67068303746987,140.8841539836944,1202100
2023-12-26,143.0281982421875,143.47370714130943,141.03266337195265,141.39464200795283,1066700
2023-12-27,143.86354064941406,143.90995107566667,141.6545346545476,142.4713128366778,1245400
2023-12-28,144.44827270507812,144.9866024617643,143.81712210112877,144.2719215927618,1153300
2023-12-29,143.7243194580078,144.893785689057,143.41802764839352,144.1141415350242,1572600
2024-01-02,145.25575256347656,146.10037407641724,142.12788561854165,142.91680612859165,2473200
2024-01-03,140.76351928710938,144.28120872498624,140.52219073129623,143.67791566040128,2098600
2024-01-04,141.57101440429688,143.04677259124867,140.91203445728178,140.9769977286542,2785800
2024-01-05,145.00515747070312,145.849779041027,141.35752755074714,142.165015116621,2116200
2024-01-08,146.20248413085938,146.36026824667562,143.47371541180257,144.79168934609717,1522900
2024-01-09,143.40872192382812,144.99586764925243,142.94464604840803,144.99586764925243,1678400
2024-01-10,144.0305938720703,144.25335540928216,142.20214780037253,143.39945742701286,1515700
2024-01-11,141.5802764892578,143.43658018298729,139.1114033400773,143.427303763009,2239800
2024-01-12,139.6392822265625,143.33374314285066,138.73911757857033,142.33041883068162,3013400
2024-01-16,139.73306274414062,140.53946803068553,134.86650177249206,138.51407601222024,4159000
2024-01-17,139.5455322265625,142.82741193866948,137.31384944381452,138.08273953627804,2878500
2024-01-18,137.17320251464844,140.08001627191248,136.01986010731193,139.66743477781188,2708300
2024-01-19,141.3927459716797,141.53340654154096,137.17318641731853,137.83894544246493,2222600
2024-01-22,140.11749267578125,143.1180796326043,140.01436162815122,141.67404465575788,2767600
2024-01-23,140.56759643554688,141.37400171722973,138.93602826808814,140.4832086789179,1843900
2024-01-24,140.86766052246094,142.11477662283716,140.68012738652448,141.49590439717176,1368700
2024-01-25,141.82408142089844,142.52734132877066,139.9487216665725,142.52734132877066,1368800
2024-01-26,142.15228271484375,142.78989819769325,141.1958451827093,141.65531349795805,999300
2024-01-29,143.91510009765625,143.9432293486694,141.4396258534852,141.5896580641281,1176400
2024-01-30,144.63710021972656,145.0778108431446,143.2868391018379,143.7463073262981,1236800
2024-01-31,141.78659057617188,145.7154575215013,141.4865261264279,142.31168905536336,2041100
2024-02-01,136.37615966796875,142.28354558431147,135.86043288891696,142.0959981680315,5011100
2024-02-02,138.89852905273438,139.62053227868714,133.52561288975562,135.00714885816217,4080500
2024-02-05,136.74185180664062,138.6265831207384,136.36677128860657,137.34196632763633,1665500
2024-02-06,139.9862060546875,140.69885183430412,136.56368062987679,136.71371282641266,3915000
2024-02-07,138.93601989746094,140.5394587161059,137.1825631786893,139.9956026930526,3150200
2024-02-08,138.7109832763672,138.94540325565492,136.7512356834081,137.99835169016208,1492600
2024-02-09,138.56097412109375,139.13295947902154,137.5388920728267,138.6547335340187,1157600
2024-02-12,139.8455810546875,140.80201856805968,138.16714031305096,138.56096415788423,1612700
2024-02-13,136.2073516845703,138.0264526400857,133.90066757377684,137.63262887258088,2121400
2024-02-14,138.6547088623047,138.67346646469642,136.87312294726888,137.49199505546977,1265300
2024-02-15,140.3050537109375,140.89578234257235,138.18588789388363,139.4798907869264,1991800
2024-02-16,139.5736541748047,140.56759254633832,138.48594209326023,139.17044439118936,1466200
2024-02-20,137.5576171875,139.17042751061805,137.26693875272713,138.7953613317868,2044300
2024-02-21,137.43576049804688,137.56703512194065,130.98451770587045,136.49808052513103,2795300
2024-02-22,136.32928466796875,138.77662986148917,135.80418619558833,136.70435091742326,2457300
2024-02-23,137.01377868652344,138.61721756741284,135.6916609374217,136.20737342212084,1837900
2024-02-26,135.82293701171875,137.83894304052822,135.71040569621871,136.3386495019773,1416200
2024-02-27,136.8543701171875,137.61388850016573,135.8416741705969,136.4042877991002,1206800
2024-02-28,136.610595703125,138.53284248328063,136.15112737175568,136.15112737175568,1178400
2024-02-29,138.02645874023438,139.47986523959668,136.8356014308121,138.72971856497182,2726000
2024-03-01,138.59844970703125,138.92664336197015,136.22612094468062,138.2702703599507,1750200
2024-03-04,144.15892028808594,146.64376642596508,140.97079988167928,141.580300432307,5796800
2024-03-05,145.45289611816406,147.50641731230633,143.3993749240218,143.76508380701193,2748500
2024-03-06,141.00830078125,143.14620970007542,137.92332605447865,139.53613654522192,7478800
2024-03-07,141.0645751953125,143.69008193974128,140.27692746434207,141.98349754811133,2112700
2024-03-08,140.96142578125,142.292929566677,140.8301511631899,142.15228330013412,1324300
2024-03-11,143.31497192382812,143.46500412019262,139.7142850582268,140.9895301116095,1882600
2024-03-12,141.5709228515625,144.11204195523808,140.95206492353606,143.46504046388822,1840300
2024-03-13,143.2024688720703,143.6806804481988,141.9459812978713,142.07725590550615,1893600
2024-03-14,139.23609924316406,144.8527929187355,138.1015002219211,142.33043159446956,2084500
2024-03-15,139.50799560546875,140.8301275204518,138.04521744755468,138.04521744755468,3969600
2024-03-18,140.2769012451172,140.65196743513434,137.8201704845734,140.05185294639207,1316500
2024-03-19,140.75514221191406,141.53341831138266,139.82683388192746,140.004995367185,2053000
2024-03-20,144.22451782226562,144.90902002295337,139.77992503320095,140.3612818906735,1408200
2024-03-21,147.9752655029297,148.58476603406814,144.98406427661436,144.98406427661436,2656400
2024-03-22,145.818603515625,148.90357855595204,145.80923186697783,148.34096486418926,1595500
2024-03-25,145.37786865234375,147.38450283485588,144.86215621304405,146.42807974869928,1136600
2024-03-26,145.36851501464844,146.62500265767252,145.09659413674558,145.47166037685847,1179200
2024-03-27,150.00064086914062,150.12254382337696,145.8185826066183,146.24992161616788,1712900
2024-03-28,151.529052734375,152.12916719972895,149.91624242601299,150.01000181593417,1725300
2024-04-01,149.9725341796875,151.472813521848,149.71935658582603,151.3415389005607,1397000
2024-04-02,147.72206115722656,149.43801681246077,147.64705936832513,149.0910798843261,1509200
2024-04-03,147.34701538085938,149.58806971581294,146.5499817618253,147.8064836716726,1388700
2024-04-04,147.10324096679688,149.36303886191828,146.39059501951147,149.01610184517847,1548200
2024-04-05,147.5626678466797,147.88148985761958,146.1092755803208,146.98131094013613,1874000
2024-04-08,150.92897033691406,151.416553606959,147.75023589369334,148.33159288144105,1950000
2024-04-09,151.34152221679688,152.0354104573136,149.41928996867966,151.21024760998117,1306800
2024-04-10,145.36851501464844,148.99733168064338,144.52460882046446,148.99733168064338,1827100
2024-04-11,144.4777374267578,145.74359685351712,142.34919980125963,145.74359685351712,1361800
2024-04-12,142.67800903320312,143.97567994450392,141.7876308052363,142.24228680025533,1487400
2024-04-15,141.66448974609375,146.26792327023128,141.42768763981766,144.3166762270368,2159800
2024-04-16,138.80393981933594,140.18687071419237,135.94338029624203,139.41015273618598,3350300
2024-04-17,139.4764404296875,141.56977740609432,138.08404289019026,141.1908853645539,1897100
2024-04-18,140.0826416015625,141.24770381931492,139.13543325630798,139.58062233483778,1352900
2024-04-19,144.25987243652344,144.63875009460605,140.8120337162494,141.12461428813285,2370100
2024-04-22,147.69822692871094,147.83085000502484,144.20303940955654,144.6955774647685,2212300
2024-04-23,149.28953552246094,149.9999419129707,147.63192061127143,148.23813348637623,2137000
2024-04-24,149.7157745361328,149.97152488033086,147.575088510164,147.92555103325608,1320900
2024-04-25,148.04867553710938,149.65892692348356,146.2963342190458,149.06218100754512,1220300
2024-04-26,147.8686981201172,149.3463408538174,147.15829184789575,147.83081614502987,979200
2024-04-29,147.55612182617188,148.85379269532743,147.27195641854394,147.88765054394665,1388100
2024-04-30,145.16915893554688,147.30985923974316,144.86605975331113,146.58050470094375,1632900
2024-05-01,145.85116577148438,148.44652235342235,144.82817882210566,145.15024070759438,1436600
2024-05-02,147.46141052246094,147.84976947144892,145.80379566791933,147.58455225098263,1172900
2024-05-03,147.972900390625,149.89573232517102,147.87817376741197,149.05271741028756,1141500
2024-05-06,148.17181396484375,149.8483770029795,147.76452126046988,149.65893819970668,1189200
2024-05-07,147.90660095214844,149.06219647417768,147.38564784165965,148.74961593593162,1092300
2024-05-08,148.91065979003906,149.56422153688894,146.86468589055931,147.0920066883314,1254400
2024-05-09,148.8253936767578,149.4316065336655,147.15831193357528,147.66979815995649,1558800
2024-05-10,149.26113891601562,150.16098423149793,148.9296101114005,149.5074079587324,985000
2024-05-13,149.70631408691406,150.4167204987913,149.30848823065347,150.14202192570906,1359500
2024-05-14,150.9850311279297,151.3733900868789,149.8578651386639,150.60615350418965,1127900
2024-05-15,152.82261657714844,153.3341172631665,151.7617476776366,152.41532385796256,1313300
2024-05-16,152.39639282226562,152.96472377008092,151.59125972173666,152.8037000406264,1521900
2024-05-17,151.8848876953125,153.51408746019214,151.81857616321346,153.51408746019214,1075100
2024-05-20,148.84434509277344,152.15010800494008,148.62649118178544,151.856475678553,1428100
2024-05-21,150.17991638183594,150.28410989900135,148.71174025932532,148.98642437553124,1168000
2024-05-22,148.23812866210938,150.17990895696045,147.54667051142744,149.28953066397722,1141400
2024-05-23,144.7050323486328,148.22864877806455,144.60083884575837,148.15287037113282,1704500
2024-05-24,146.1163787841797,146.1637421000826,144.47771211737316,145.19758537803125,1486400
2024-05-28,144.29774475097656,146.56157257146273,144.23144766922027,146.18269493877045,1224000
2024-05-29,143.18002319335938,144.25984017599944,141.25719132473938,142.18545149673625,1832900
2024-05-30,145.79432678222656,146.61839353068737,143.63469261482598,144.4587593632868,2865700
2024-05-31,149.08114624023438,149.2990001497893,145.55752944025892,146.15427542431672,2894500
2024-06-03,146.82679748535156,149.9904851421677,145.19759756369362,149.65895635627862,1450700
2024-06-04,146.02166748046875,147.18672990173576,144.96078412025562,145.23548268218545,2098900
2024-06-05,146.4384307861328,147.02569539461678,145.39649571954465,146.72258175588067,1219100
2024-06-06,146.78892517089844,147.56562874568687,146.05957046585092,146.40056615687575,1290600
2024-06-07,147.65084838867188,148.42755175241436,145.63328989388154,145.63328989388154,698800
2024-06-10,144.62928771972656,146.34373302386044,143.00955460643732,146.01220422276262,1783400
2024-06-11,142.31808471679688,143.40736876860163,140.26264389654227,143.40736876860163,2732300
2024-06-12,144.58189392089844,146.14478204632783,143.9946293203801,145.0554981350593,1669500
2024-06-13,143.73887634277344,144.60083946540547,142.43172411079314,144.28825895544264,918300
2024-06-14,143.11373901367188,143.464216011907,141.1814398951495,142.14759668103855,887900
2024-06-17,144.71450805664062,144.79975334966852,142.10021789767305,142.71589761832445,974000
2024-06-18,146.3247833251953,146.70367544451355,143.97570999844825,144.5345596145291,1420200
2024-06-20,145.0933837890625,145.832219678867,144.32614725520264,144.9323600865583,1299900
2024-06-21,145.11231994628906,145.26387675484722,143.15160612860933,145.10285306572396,2598300
2024-06-24,146.72259521484375,148.56966340716048,144.87554147578217,145.91747663794774,1445500
2024-06-25,143.8809814453125,147.23410800379844,143.8241512414833,146.07851234841698,1419600
2024-06-26,143.7957305908203,144.5345521186031,142.34650263607284,143.00954574392205,1842300
2024-06-27,143.90939331054688,144.34511561886472,142.64961861198316,143.1516380055252,1008800
2024-06-28,147.27195739746094,147.62243433227468,144.77132780956882,144.99866302783286,2706200
2024-07-01,147.89712524414062,149.39371631373788,147.25303044249952,147.70768644679052,1583400
2024-07-02,150.45460510253906,150.51143530395845,147.24356864304164,147.3098801802014,1326000
2024-07-03,149.4600372314453,150.71982639200922,149.25166463839722,150.71982639200922,914100
2024-07-05,148.2476043701172,149.95258264401483,147.66980657877562,149.75367694312575,975100
2024-07-08,150.38829040527344,151.49652256292353,149.2516431502416,150.48300257879458,1261500
2024-07-09,152.98361206054688,153.51406086568133,149.39369885196658,149.6967980016485,1878900
2024-07-10,155.62635803222656,155.7779148596361,152.68053904575615,152.7373692427211,2218900
2024-07-11,159.41519165039062,160.18242821425366,156.6303963791436,157.05663730870592,3299000
2024-07-12,159.66146850585938,160.7223374410727,158.34484921903024,158.6574297702817,2435900
2024-07-15,161.63140869140625,163.43878803144185,160.4169217998365,161.37320747375506,2719200
2024-07-16,169.24343872070312,170.05628740058467,161.37321151304891,161.37321151304891,5412700
2024-07-17,171.8541259765625,172.95384879986287,168.84181697888044,169.64509354155706,2562500
2024-07-18,168.3732452392578,173.05903975100793,167.3308826434329,170.65876768269104,2183800
2024-07-19,167.83770751953125,170.15191729441347,166.58497551581624,168.94700249677607,1601100
2024-07-22,169.406005859375,169.4825104663598,165.44698364642244,167.5316940594135,1995200
2024-07-23,170.81175231933594,171.74892284023468,168.0289719364679,168.79398884659278,1401200
2024-07-24,169.64508056640625,172.75300915045423,168.7461842484079,171.6437288071178,2710400
2024-07-25,172.13143920898438,174.5317112471417,169.788541982548,170.41969409500405,1843300
2024-07-26,173.28854370117188,174.44564126406988,172.17924875140474,172.59044461160886,1824100
2024-07-29,173.0877227783203,173.88144171113296,172.32269125100282,173.43198623602504,1782400
2024-07-30,174.02487182617188,174.84727813181294,172.89646167681622,174.0440016263297,1639800
2024-07-31,173.183349609375,174.79946021798128,172.48525052818732,173.5658580604066,1863300
2024-08-01,168.29672241210938,173.91011469554851,167.61775315757927,173.40328445147793,2237900
2024-08-02,162.56857299804688,166.22159146593117,161.69834948762266,166.22159146593117,2917000
2024-08-05,158.57130432128906,159.51801784074536,155.06172290525032,158.87730816248077,3319100
2024-08-06,161.6983642578125,162.70246727757763,157.93059582830656,158.6860697902806,2114900
2024-08-07,159.46063232421875,165.17921643222178,159.3458827154479,164.1942433789093,1729100
2024-08-08,162.83633422851562,163.1327804724848,160.9620223542373,161.02895476815178,1497300
2024-08-09,162.49208068847656,163.06585800272242,161.99480798891437,162.67377732437987,710500
2024-08-12,159.71884155273438,164.42376544139393,159.508457531587,163.17103351022845,1772300
2024-08-13,160.85684204101562,161.00983668041937,159.14508227483026,161.00983668041937,1567000
2024-08-14,161.0098419189453,161.8035609157151,159.6997349898897,160.95246710333177,1764400
2024-08-15,164.30902099609375,165.5617529666707,163.76393112640088,164.3855110136794,1838100
2024-08-16,165.4374237060547,166.39370939221686,164.2898838010124,164.2898838010124,1365500
2024-08-19,166.8718719482422,167.16831821129045,165.58088028271092,165.88689874247902,971500
2024-08-20,166.0016326904297,166.82403898367738,165.57130703981724,166.09726709801552,1323800
2024-08-21,165.791259765625,166.72843032906457,164.6628495577355,166.48935888585788,1082900
2024-08-22,167.2734832763672,168.04807231415387,165.63824299476443,165.9729342154658,1531400
2024-08-23,170.31448364257812,172.3131171906075,168.06720648165236,168.4497149129004,1753000
2024-08-26,170.3240509033203,172.09318532961225,169.93197025441594,171.4524610537138,1009700
2024-08-27,171.31858825683594,171.43335247056154,169.6068431649177,170.23799526923904,1335700
2024-08-28,173.8336181640625,175.24891695333045,170.77350675817414,170.77350675817414,1577600
2024-08-29,175.03854370117188,176.49210218035742,172.24619095942273,174.72298223281,1034000
2024-08-30,176.9989013671875,177.4579289694635,175.16283473336497,175.16283473336497,1978300
2024-09-03,176.43472290039062,177.71614231807774,175.43061993301149,176.13827664916957,1572300
2024-09-04,174.38827514648438,177.13281066134525,173.16423051737664,176.4347261287517,1621600
2024-09-05,173.03990173339844,176.21477739422147,171.8636743589004,175.7653219290837,1231000
2024-09-06,168.97567749023438,174.149186544099,167.8950845894194,172.81039242284083,1679500
2024-09-09,174.62734985351562,175.35412180570006,169.80767586033238,170.6778848452627,2900700
2024-09-10,170.9647674560547,175.5453844299145,168.25847699711045,175.335000394819,2628500
2024-09-11,169.37733459472656,169.74072786458962,165.33224978539369,169.23389756281387,1886300
2024-09-12,169.83633422851562,170.8021774646469,167.5316823513564,169.7598296268774,1939000
2024-09-13,169.49209594726562,172.13143943219123,168.52623797616783,170.31450229711217,1745200
2024-09-16,173.01121520996094,173.10684962115243,170.43880422159214,170.43880422159214,1187600
2024-09-17,173.55630493164062,174.88554153213047,172.82951842747246,173.58499233661962,2024600
2024-09-18,174.58908081054688,177.39099080410813,172.7529994935496,173.9005539646132,1458100
2024-09-19,179.0166778564453,179.57132530643847,175.7844421537427,176.9989144713068,2140300
2024-09-20,178.2134246826172,178.97845625131953,177.43883550882035,177.80221419533723,2651600
2024-09-23,176.9989013671875,179.56175440873344,176.76940215781,178.4429019877366,1545500
2024-09-24,176.54945373535156,178.18470863298822,175.31585165533602,177.7543830046926,1404200
2024-09-25,173.82406616210938,176.40603478805087,173.46067290502987,176.40603478805087,1209700
2024-09-26,175.30630493164062,176.25301845429365,174.13006299173526,175.69837098651368,1445500
2024-09-27,175.06724548339844,176.6451111903155,174.36914635499917,175.70795520767592,925700
2024-09-30,176.76943969726562,177.21889520009205,173.72844320137122,174.76123363817894,1493300
2024-10-01,172.02622985839844,175.67924814872276,170.5918013428439,175.46886413243385,1664900
2024-10-02,171.5576629638672,174.11095883526258,170.93608304404856,171.70111458581508,1394000
2024-10-03,170.59181213378906,171.6054726808858,169.19562853662404,170.57268233334506,1706100
2024-10-04,174.29263305664062,174.904655344243,172.0740577359929,173.4224241262889,1103800
2024-10-07,174.26394653320312,175.2393620749207,172.5330716763129,174.02487509790308,1427600
2024-10-08,172.95384216308594,175.38280155942894,172.55220389715973,175.13417251626393,1449500
2024-10-09,175.25848388671875,175.99481336781017,172.60956841864515,172.8677696426932,1085300
2024-10-10,175.35411071777344,176.36777126311748,174.26394556254806,174.6942712253387,1453900
2024-10-11,179.56178283691406,180.90057707610873,176.6355507199865,176.91286717247584,1386800
2024-10-14,180.27899169921875,181.3978442634408,177.9934693654464,179.07406232870088,2205800
2024-10-15,183.9320068359375,188.04403868458667,181.38828311191693,182.17244447011288,2972500
2024-10-16,183.15090942382812,186.9310076280583,182.8519764645007,185.8799013103995,2920300
2024-10-17,182.0612335205078,186.04381293376383,182.00337743285297,184.1441409610582,2842900
2024-10-18,182.6205596923828,184.65524911301154,181.2994484071654,183.76808797563208,1852600
2024-10-21,179.01402282714844,183.0351828673287,178.7247276680655,181.76230476719195,1681200
2024-10-22,179.63119506835938,180.14227685241428,177.29757274712495,179.1683316008343,1870900
2024-10-23,181.4923095703125,181.80088029943053,179.168325110899,179.21654342568223,2014400
2024-10-24,182.1962432861328,182.91947383921263,180.28691874596782,182.18659079502726,1223000
2024-10-25,179.1876220703125,183.83557644852522,179.00440129579312,183.4787873913018,1319000
2024-10-28,183.0544891357422,183.33413182832922,179.6215568904333,180.80765096076996,1189100
2024-10-29,181.1451416015625,183.2183965186081,180.73048178965593,182.73624284355913,1005800
2024-10-30,183.43055725097656,185.02165859652686,180.10369961944923,180.57620083468507,1634800
2024-10-31,181.55015563964844,184.9927253554971,181.46335679216492,183.15089471726952,1802300
2024-11-01,180.4701385498047,184.53951728246915,180.32549831382832,182.73626700786346,1971500
2024-11-04,179.31295776367188,181.57908603524888,178.91758819898598,180.57619810112678,1429400
2024-11-05,182.0612335205078,182.11908960816265,179.07187480226438,179.5636809756559,1524100
2024-11-06,197.6540985107422,197.7408826495386,191.36680983881683,192.94827346270634,3940700
2024-11-07,195.95692443847656,196.56442812959946,193.71008630224054,195.63870121257216,3634200
2024-11-08,196.68978881835938,197.87588284419294,194.4622409963681,196.52585832000545,1888900
2024-11-11,202.22491455078125,202.91920235281492,198.9173324647085,198.9173324647085,2578700
2024-11-12,203.50743103027344,203.85458228933666,201.3570296079958,201.65596255332403,2207100
2024-11-13,201.82952880859375,206.54499110336968,201.24130074378206,204.53923007440798,1653200
2024-11-14,200.53738403320312,202.89028185432042,199.7755729067951,201.82955248645956,1482900
2024-11-15,200.26734924316406,202.54311524429832,199.03303697619253,200.69164684384106,2511500
2024-11-18,199.44769287109375,200.971300264345,199.04268554592508,200.21914170129423,1652500
2024-11-19,197.54803466796875,199.51521549004588,197.06588091887326,197.20088338005343,1841900
2024-11-20,196.6704864501953,198.28087800288927,196.2076230295448,197.8855231613768,1606200
2024-11-21,198.40626525878906,200.48917296009856,196.67050884103116,196.67050884103116,3183100
2024-11-22,202.5720672607422,203.18922342243357,198.3773240881674,198.6280387208608,1675400
2024-11-25,204.88641357421875,206.97895906178616,204.19211100429646,204.4042598292263,2315000
2024-11-26,206.5546417236328,207.14286982502168,202.93848898087256,204.2788756756225,1897500
2024-11-27,207.32608032226562,208.46395593286425,206.40033879171148,206.55463149916423,1565700
2024-11-29,207.05609130859375,208.54111826768167,206.00499974757827,208.30004141162325,1112900
2024-12-02,203.81602478027344,208.41577547193904,203.66173205569336,207.99147783642587,1774200
2024-12-03,201.54989624023438,205.04069923933588,200.8555936942343,204.7224760129055,1447100
2024-12-04,200.49879455566406,202.47562768538975,199.2644822502493,201.66561299386694,1458300
2024-12-05,201.37631225585938,203.30492701896966,200.31556825048355,200.85557802988836,1727000
2024-12-06,201.18345642089844,202.36955039615498,199.73699532916405,201.77168452010363,1485900
2024-12-09,197.20086669921875,201.69454279207696,197.10443007189116,200.5759426573961,1598800
2024-12-10,197.14300537109375,199.0041115729329,196.05333331072723,198.53161036840538,2146200
2024-12-11,196.120849609375,199.10055603344628,195.90870079787183,198.82089863911773,1697500
2024-12-12,195.0890350341797,197.82766462117883,194.92510453574985,196.9983596376043,1618700
2024-12-13,194.30795288085938,195.81227016179977,192.89041973978152,195.81227016179977,1590500
2024-12-16,193.37257385253906,194.6936703647249,192.2346981120914,194.6936703647249,2480000
2024-12-17,191.22216796875,192.3504059059264,190.0842775401252,192.09003877760452,2400600
2024-12-18,185.1084442138672,193.20862001716318,184.4623453449753,191.8393053544907,3539000
2024-12-19,183.24734497070312,188.599254302635,182.9098314749141,187.35528944253412,1886500
2024-12-20,185.87989807128906,186.5163445173135,182.25410736991773,182.53375005514212,3961400
2024-12-23,186.22703552246094,186.40061850129857,183.5655524649741,184.42378544002392,1493600
2024-12-24,187.15280151367188,187.31673202310174,185.08918405060686,186.64171971540097,724300
2024-12-26,187.81814575195312,187.94349570120363,185.32057854502352,186.5741810366653,746600
2024-12-27,186.38133239746094,188.55102403934234,185.34953113468663,186.70919338083496,886400
2024-12-30,185.65811157226562,186.41992269523917,183.3244893164957,184.9541712560031,1026900
2024-12-31,185.96669006347656,187.21064014921032,185.30131559574042,186.4391912777168,1011500
2025-01-02,184.5587921142578,187.46135208198743,182.8133980800391,185.92810685223142,1750500
2025-01-03,188.6474609375,188.70531702710107,183.70055927832317,185.29166059900558,1358100
2025-01-06,188.60888671875,192.11896517568957,187.51922932838625,190.64357598479398,2634100
2025-01-07,187.81814575195312,190.32533602107426,186.6513273899838,188.92709331331176,2727100
2025-01-08,187.7313690185547,188.43532405768497,184.42380149763122,187.71209346357662,1659700
2025-01-10,182.27340698242188,186.60313822164906,181.8780373777306,185.99563450490592,2253200
2025-01-13,185.56167602539062,185.83169564912677,182.54340370463837,182.56269397365466,1855600
2025-01-14,188.724609375,189.46711548528145,185.95703710721983,187.24920550309582,1733400
2025-01-15,194.8789825439453,195.05398149173203,192.26361169762325,193.858110842178,3431200
2025-01-16,191.08718872070312,191.5247157913712,178.35064395476633,180.35348895166277,5065800
2025-01-17,193.0316925048828,196.59015289252295,191.33024456841238,192.50668081208363,4465700
2025-01-21,193.0511474609375,195.0637244860508,191.72887871796743,193.84840449565363,3111100
2025-01-22,190.85385131835938,192.30250322990435,189.94964554500245,191.9913890315899,2879900
2025-01-23,192.16639709472656,193.16781961201292,188.6857335860796,190.28023287106996,2716400
2025-01-24,193.99423217773438,195.80262887228048,190.72745153066558,190.72745153066558,2083100
2025-01-27,197.26100158691406,197.29988529583537,194.3831175569572,194.66508007956622,1841800
2025-01-28,196.1234893798828,197.93188620589584,193.73173299627214,197.0276803751644,1922400
2025-01-29,196.57070922851562,199.7597225290551,196.03598030158236,196.12347978030428,2096700
2025-01-30,196.46377563476562,199.0596973559306,194.82066063285487,198.55412008562365,1705400
2025-01-31,195.3748321533203,197.42629282190157,193.87756450283644,196.5026526271879,2739800
2025-02-03,192.15667724609375,193.24559923008093,188.90934573281103,191.719165008631,1474500
2025-02-04,193.45948791503906,194.72342363763013,192.31223299644554,192.56501420678427,1536300
2025-02-05,193.3719940185547,195.00539180261524,192.0108415613785,194.6261977229921,2057700
2025-02-06,196.8137664794922,196.89154873639492,193.58588441299534,195.81234402947325,1593700
2025-02-07,195.15121459960938,197.12489298246228,194.39285614883084,196.98877774348787,1270900
2025-02-10,191.80665588378906,195.37483350058102,191.10663040107497,195.15121878221223,1453200
2025-02-11,193.69284057617188,193.9747882872195,190.38717612623478,191.446931600635,1422000
2025-02-12,190.16355895996094,192.15668684737898,189.11352063631458,191.81639129265514,1774500
2025-02-13,190.0079803466797,190.98023633331272,188.73432737786223,190.28994289065471,1883500
2025-02-14,188.53016662597656,192.59418963034716,188.13153810101693,190.698293376264,2362000
2025-02-18,191.0677490234375,191.39831249557596,187.78151906919913,188.61765980401634,2261700
2025-02-19,188.8218536376953,189.94965937860067,187.3148537959817,189.00656982506476,1615600
2025-02-20,186.56619262695312,189.61907569976046,185.2439239488007,188.9871152699123,1770600
2025-02-21,182.83273315429688,187.18843562753798,182.2785401454502,187.11065337179906,1991900
2025-02-24,181.7729949951172,183.95083902079327,181.034070913163,183.58139181526593,2738800
2025-02-25,181.29656982421875,184.06750524097737,179.9645839080067,183.09524928217766,1720600
2025-02-26,181.83131408691406,183.64942798770807,181.23823735693787,181.91881356294778,1324900
2025-02-27,183.32859802246094,185.54534062488662,182.2882917656186,182.57023949191793,1337900
2025-02-28,186.59536743164062,186.8967644142406,183.4452526898445,184.9036366718049,2358000
2025-03-03,184.23280334472656,188.88018605392176,182.6771877382349,187.01345622740172,1338000
2025-03-04,175.44358825683594,182.6966243800582,173.84908904639002,181.86048364558968,2832900
2025-03-05,175.46304321289062,177.05754247497623,173.35324945263068,175.77415742148204,2320200
2025-03-06,174.01437377929688,174.9671953356362,171.58373379252149,173.32408033090417,2016600
2025-03-07,174.78245544433594,175.59914687789822,170.79620013433924,173.8685324820622,1853500
2025-03-10,169.76560974121094,173.0518395553864,167.48080235524014,171.11704490012926,2931700
2025-03-11,165.3418426513672,171.34066001614744,165.11822793927038,169.11420044291359,2453500
2025-03-12,166.26548767089844,168.27806464475364,164.40849004780853,167.30580867719817,2389100
2025-03-13,164.1556854248047,168.09332485476156,163.76678899228094,167.38358218945413,2054300
2025-03-14,168.19056701660156,168.34611669817892,165.34184928592322,166.40160474169772,2312000
2025-03-17,169.17254638671875,169.73645665492842,166.79052212020252,167.83082834044578,2572900
2025-03-18,168.5405731201172,169.85310973774648,166.94607397205868,169.44476402323193,4219500
2025-03-19,169.00726318359375,170.84482644021497,167.60721216227296,168.58918538687607,3026200
2025-03-20,168.5989227294922,170.3198052313436,167.22803815849886,167.52943515592654,2994500
2025-03-21,168.79336547851562,168.86141568437435,166.10994424774998,167.22803271837333,5500400
2025-03-24,171.64205932617188,172.13791935663224,169.92117697177562,170.1642409598998,2924400
2025-03-25,171.97264099121094,173.05184571302493,171.40873074747086,171.80735925630503,2035900
2025-03-26,172.0115203857422,174.69494145905574,171.30177769826383,172.83794387498088,1847000
2025-03-27,170.11561584472656,172.2740251274675,169.67810365724074,172.15735916692398,2324400
2025-03-28,167.11135864257812,171.16566420316167,166.11965341247648,169.93089498380118,1947400
2025-03-31,170.89344787597656,171.5837413547928,166.4016148943401,167.88916544497204,3595700
2025-04-01,169.79476928710938,171.26287035106418,167.68497577051963,169.32809061039652,2165700
2025-04-02,172.09902954101562,172.49765806226875,168.4628015889044,168.66696704143456,2117600
2025-04-03,156.81515502929688,165.76963882107046,156.35820838321203,163.82512692874118,3408300
2025-04-04,148.85238647460938,151.61358971184728,144.86613129016393,150.96218002925264,4147400
2025-04-07,148.5704345703125,153.92757453788352,142.8243981432453,146.4509236457951,5195200
2025-04-08,145.6050567626953,154.68593929862985,142.9605191915017,153.51922020187712,5210900
2025-04-09,155.78457641601562,157.6999219436291,141.09378750323287,142.75635180886593,5593800
2025-04-10,147.9384765625,153.3539347696036,143.5827589997402,152.48862752277594,4240100
2025-04-11,147.77320861816406,149.68855430435192,144.09808178086314,146.45093974092956,3850200
2025-04-14,151.01080322265625,152.20667390265425,148.99822625918407,149.8149177072096,3488800
2025-04-15,151.07884216308594,155.15259671611113,148.27874045236845,148.27874045236845,3621100
2025-04-16,148.8685302734375,152.19876815864,147.11009235927733,149.39901913432735,2875400
2025-04-17,149.6446075439453,151.1083460365776,148.9962389507153,149.6249559226912,3564400
2025-04-21,147.48338317871094,149.30076078316043,145.66599058446755,147.84685570164206,2860500
2025-04-22,151.7272186279297,151.99246303121632,148.43628432334876,148.93728820529554,2124200
2025-04-23,154.63504028320312,159.2030599564826,154.20279459570784,154.91992131007396,3145600
2025-04-24,156.9337921142578,157.27762801465119,153.39724995801882,154.3698027984331,1382400
2025-04-25,155.6665496826172,156.79627058654876,154.56628372622464,155.65671637697568,1125100
2025-04-28,156.83555603027344,157.91617034582066,155.3325292939727,156.0791409991853,1917500
2025-04-29,157.76881408691406,158.52522908647927,155.57811561030874,155.89248157620153,1643000
2025-04-30,157.8572235107422,158.24034766212327,153.93755720061716,155.10658127502958,2113600
2025-05-01,158.15194702148438,159.71391365304095,156.11843141490326,157.11062094398488,1996700
2025-05-02,162.62171936035156,162.9753735865237,160.2345645760357,160.2836861332419,1764800
2025-05-05,162.77890014648438,164.4096398889945,160.44086695098835,160.48997351773588,2761200
2025-05-06,160.64715576171875,162.71995952395653,160.56856426957296,161.39375245241217,1880000
2025-05-07,161.08921813964844,162.86730753558302,160.431031263185,162.07158929672119,2094400
2025-05-08,163.79074096679688,165.2741310268733,162.4056090094266,162.4056090094266,1409900
2025-05-09,163.505859375,164.53735209793766,163.09326528378384,163.8496802894496,1671300
2025-05-12,171.91494750976562,173.13309310558918,169.64567260100375,170.33332939308403,3439900
2025-05-13,174.4003448486328,175.03888008479484,171.46304978474117,172.5534823344995,2515400
2025-05-14,174.7147216796875,175.35325695559672,173.21169496210882,173.91898842644463,1990200
2025-05-15,176.2963409423828,176.89558796987828,174.1744155673371,174.6459495429712,2728900
2025-05-16,176.25701904296875,177.1607986463472,175.51042241142827,175.98195633714892,2215700
2025-05-19,175.49078369140625,176.54192802931635,173.96810539311684,174.54770078085332,1530200
2025-05-20,174.35122680664062,175.47112931356403,173.76181311287752,174.7834725092767,1084300
2025-05-21,169.2330780029297,173.1723808202291,169.17413813376115,172.54366389944178,1759400
2025-05-22,169.94039916992188,170.97187693739153,168.46684237091387,168.88925479152795,1837100
2025-05-23,168.791015625,169.5867338460499,166.3350877872934,166.75750018027784,1641600
2025-05-27,173.13308715820312,173.15272378744956,169.66531839245567,171.0602835484119,1755900
2025-05-28,170.9031219482422,173.80111404259634,170.7754088932024,173.08398725079368,1591500
2025-05-29,172.01319885253906,172.1114269762275,170.51017215297546,172.00336554731402,1457500
2025-05-30,170.7459259033203,172.18019436707928,169.90108612106098,171.8363584712388,4161400
2025-06-02,170.87364196777344,171.15852300866229,167.484464463752,170.09756035709313,2227600
2025-06-03,173.2018585205078,173.7912872182084,169.80286266784526,170.33333650394022,1976200
2025-06-04,171.7774200439453,174.51822895941464,171.75776842378517,173.1625669642486,1306200
2025-06-05,171.6202392578125,172.3177293793758,170.11721257690832,171.6202392578125,1552200
2025-06-06,175.48095703125,175.64795832198865,172.89731620262455,174.49858591646236,1326800
2025-06-09,175.58901977539062,177.23939606555777,175.32377537525886,176.18826675951425,1227300
2025-06-10,176.24720764160156,177.49480818129462,175.18624502476948,175.34342800277287,1252700
2025-06-11,174.60665893554688,176.93487383549288,174.03688185235188,176.64999278879267,2552900
2025-06-12,174.60665893554688,175.24519420665104,172.04266955606667,174.14494328174737,1647400
2025-06-13,170.3136749267578,173.12325690726428,169.68495801453648,172.48472168024657,1727600
2025-06-16,172.05247497558594,173.447440147901,171.05045224991412,172.12124814813492,1260100
2025-06-17,170.1466827392578,171.90513551847118,169.83233176122624,170.4806853377271,1422200
2025-06-18,172.18020629882812,173.73235461053022,169.84215802059651,170.09756913905568,1858900
2025-06-20,174.2628173828125,175.43184144755907,173.14291487343567,173.74216187344047,5431300
2025-06-23,177.56358337402344,177.71093304895564,173.0643217586339,173.49656745816037,1853000
2025-06-24,178.8112030029297,181.0608263671238,177.81899853640425,179.24344871233154,1683400
2025-06-25,179.2925567626953,179.4202698114742,177.2688745517392,178.32983721365488,2403300
2025-06-26,182.2396697998047,182.59332401952804,179.75427194639695,180.20616927874127,2843400
2025-06-27,182.47544860839844,184.11600669751553,181.59132053299706,182.23967412638717,2772400
2025-06-30,183.1336212158203,184.4205249763908,182.51472261745994,183.546215284796,2306800
2025-07-01,189.1260986328125,189.8137554421722,182.7308528312816,182.7603227666974,3601900
2025-07-02,192.25987243652344,192.69210316924912,189.15557587459884,190.33441830614893,2769100
2025-07-03,193.10470581054688,193.8611208098973,191.52308764585936,192.08303141147974,1863500
2025-07-07,192.79034423828125,193.85130691235517,191.26766591003272,192.65281287255655,3796000
2025-07-08,194.5094757080078,195.08907105322373,192.79032630149763,193.88075881036153,4452100
2025-07-09,192.68228149414062,197.40748444333573,192.57422006539463,196.47423482587175,3730500
2025-07-10,194.4603729248047,195.51151728705622,192.534933797955,193.13418081994075,3802800
2025-07-11,193.54678344726562,194.6273828036835,191.69992074275407,193.5271318255721,2642900
2025-07-14,193.91024780273438,194.5782680039,192.52510083293947,194.1165523473017,2142100
2025-07-15,190.3925323486328,194.52460538806594,190.2240802721108,193.68234500545574,3458200
2025-07-16,192.16624450683594,195.2777014525157,189.76825565826667,195.0993306482346,3764000
2025-07-17,194.20751953125,194.88132782331365,191.29425576494413,191.29425576494413,3097000
2025-07-18,194.73269653320312,195.00023005408465,192.17615927135103,194.55432573260182,2548200
2025-07-21,194.2471466064453,196.74423196281825,194.177791104331,195.26777776051574,1825200
2025-07-22,194.99032592773438,197.19013670256,193.80124270026437,194.108420896026,2106900
2025-07-23,195.96141052246094,196.28841105889268,193.58324404661124,195.75332889383128,2059000
2025-07-24,194.36605834960938,196.8730474174794,194.36605834960938,195.97133513299895,2139300
2025-07-25,194.2669677734375,194.91105010639174,191.92843089315284,194.54442002024982,1817300
2025-07-28,192.2058868408203,194.71287583922552,191.30415946131117,194.24714917596316,1484000
2025-07-29,191.61134338378906,193.7318800143171,191.11589075871228,193.45442775387525,1236600
2025-07-30,190.79879760742188,193.48414220861778,189.6790699028568,193.24633463951602,1546200
2025-07-31,188.53953552246094,191.11587995521472,188.09363120910098,190.34297511338727,1669300
2025-08-01,184.18946838378906,186.26045667886058,182.1680132540432,185.74518172735483,2639400
2025-08-04,187.3504638671875,187.54864189423407,184.863281999708,184.90292667712586,1588500
2025-08-05,187.27117919921875,188.76744060807795,184.96236826871834,188.00443937044153,1497500
2025-08-06,186.8450927734375,188.4404508414336,186.82527043470066,187.53872342908488,1335800
2025-08-07,185.41818237304688,188.39089807224713,184.7840036286847,188.38099446312148,1280700
2025-08-08,188.0143585205078,188.26208482107347,185.3785470536861,186.62708216533213,1020100
2025-08-11,186.8153533935547,188.7476154810789,186.15144873373936,188.37108179223648,1571700
2025-08-12,189.4907989501953,190.13489640828027,188.0936340962236,188.1431672606802,1679200
2025-08-13,191.6410675048828,191.91851976267986,189.01517466501275,190.2538062158975,1506100
2025-08-14,192.80043029785156,192.96888236594387,189.42143996725858,190.79879757814362,1086600
2025-08-15,189.5304412841797,194.06878890132944,189.38179643260565,194.06878890132944,1300400
2025-08-18,190.26370239257812,190.4420731913449,188.64853719492928,189.26289358176422,1349100
2025-08-19,191.23480224609375,192.314885298026,189.8177999309786,190.134896856324,1701200
2025-08-20,193.2265167236328,193.77151761531758,190.98707638327153,191.80952952526604,2008800
2025-08-21,192.23561096191406,193.38506463564426,191.31407637315678,192.5229668203398,1405500
2025-08-22,199.85568237304688,200.23223120660467,192.94907156813463,193.24634616725848,1835600
2025-08-25,198.8746795654297,199.63768083736878,198.3395973861567,199.46922876019,1275000
2025-08-26,201.60958862304688,201.88704088317772,198.190953417838,198.41887251152804,1730700
2025-08-27,204.16610717773438,204.7309304171087,200.26195326773103,201.1933914842204,1762600
2025-08-28,203.7499237060547,205.27592619115188,202.887841014872,205.27592619115188,1924800
2025-08-29,205.55337524414062,206.44518386805223,203.73011332146925,203.73011332146925,2045600
2025-09-02,203.55174255371094,203.83911352635482,200.85647922415433,203.83911352635482,1647400
2025-09-03,203.1355743408203,203.8688496621337,201.0843932349916,202.54102514840253,1827800
2025-09-04,205.47410583496094,205.573202404393,203.32384333440575,204.36429683338758,1203300
2025-09-05,202.541015625,206.90100755102574,201.88702968810748,205.87045768195952,1273000
2025-09-08,201.91676330566406,203.76975125061708,199.3007740986658,202.35276402683274,1772800
2025-09-09,198.5873260498047,203.08602926073448,197.03159753976047,201.91676831587247,1856100
2025-09-10,200.05384826660156,200.71775292970673,198.59721642724688,199.14221730591925,1290600
2025-09-11,200.90603637695312,201.67894125057776,199.32058195309983,199.77640501396218,1271000
2025-09-12,200.14303588867188,201.19339302254227,199.7565834503608,200.90603715611158,1015300
2025-09-15,200.61868286132812,203.26439805510955,200.05385961321034,200.4105861067547,1464300
2025-09-16,199.1125030517578,201.29249157444366,196.87304751335037,200.74749066376864,1187400
2025-09-17,201.91676330566406,203.9679292729627,199.2710481513147,199.62777463954234,1387600
2025-09-18,204.39402770996094,204.6516576286789,201.550119394817,202.06539435226688,1125200
2025-09-19,203.65084838867188,204.8300280390172,202.1446681959608,204.8300280390172,3001300
2025-09-22,201.2726593017578,203.5814702311977,200.70785120040006,202.26356450134506,1216700
2025-09-23,202.06539916992188,204.9092924328561,201.26276832707384,202.14467340526684,1310700
2025-09-24,202.22393798828125,204.09674823887386,200.74748377548067,202.1347601477801,1782700
2025-09-25,200.89613342285156,202.36266894168858,200.3114878411408,201.2726671317336,1043000
2025-09-26,201.47085571289062,203.77965155984995,200.77720996589258,202.2437605715323,1008200
2025-09-29,200.01422119140625,202.1942096131082,198.3792185351197,202.06538709836678,1635900
2025-09-30,199.1025848388672,200.9456692106485,195.60469051220915,200.35113513201807,1516700
2025-10-01,196.63523864746094,198.55759723619968,196.10014134955733,197.80449957544855,1378300
2025-10-02,196.3577880859375,197.79459767529178,194.83178553281925,195.64433509591078,1122300
2025-10-03,196.65505981445312,198.6963221816713,195.66415457832673,197.1207713650197,1137900
2025-10-06,193.84088134765625,200.16286171958023,192.90942798777868,198.10177697262046,2208700
2025-10-07,192.04733276367188,197.12076250623,190.90779784134386,194.3759660119236,1599300
2025-10-08,188.4305419921875,192.1067919248964,188.38099370673032,192.1067919248964,1630100
2025-10-09,188.93589782714844,190.5015299002885,186.9144578167733,189.42144683160774,1899500
2025-10-10,182.27700805664062,190.29342747563518,181.9500075270631,189.53044135996765,2208800
2025-10-13,185.22000122070312,186.0127284177643,183.03010915983685,184.7542745594302,1818100
2025-10-14,189.72999572753906,190.39999389648438,184.5,184.6300048828125,3264300
2025-10-15,182.33999633789062,186.89999389648438,179.2100067138672,183.83999633789062,6663200
2025-10-16,178.3699951171875,184.77000427246094,177.55999755859375,183.27000427246094,3568300
2025-10-17,179.39999389648438,180.5399932861328,176.8800048828125,179.9499969482422,3369700
2025-10-20,182.1699981689453,182.4199981689453,179.72000122070312,180.22000122070312,2506200
2025-10-21,181.91000366210938,183.32000732421875,181.25,182.30999755859375,3395600
2025-10-22,181.1999969482422,182.50999450683594,180.13999938964844,182.50999450683594,1922100
2025-10-23,181.9499969482422,182.99000549316406,180.69000244140625,182.0800018310547,2079900
2025-10-24,186.44000244140625,187.3300018310547,182.1300048828125,183.52999877929688,2243100
2025-10-27,184.86000061035156,186.85000610351562,183.22000122070312,186.77999877929688,2406900
2025-10-28,182.83999633789062,185.02999877929688,181.92999267578125,185.02999877929688,1798400
2025-10-29,181.02000427246094,183.58999633789062,180.02999877929688,181.32000732421875,2592800
2025-10-30,182.32000732421875,185.08999633789062,180.3699951171875,181.3300018310547,1959600
2025-10-31,182.5500030517578,183.2100067138672,180.39999389648438,181.00999450683594,1554500
2025-11-03,182.74000549316406,182.7899932861328,179.82000732421875,181.88999938964844,2035700
2025-11-04,182.9499969482422,184.77999877929688,180.66000366210938,181.6300048828125,1658700
2025-11-05,184.14999389648438,185.2899932861328,181.50999450683594,183.05999755859375,1800800
2025-11-06,182.9199981689453,185.0,182.17999267578125,183.22000122070312,1301500
2025-11-07,184.1999969482422,184.22999572753906,180.47999572753906,181.99000549316406,1390100
2025-11-10,185.08999633789062,186.02999877929688,183.0,184.27000427246094,1399500
2025-11-11,184.82000732421875,186.36000061035156,184.42999267578125,185.99000549316406,1140000
2025-11-12,186.91000366210938,188.0800018310547,184.9499969482422,185.24000549316406,1989700
2025-11-13,183.99000549316406,187.0800018310547,183.58999633789062,186.60000610351562,1098000
2025-11-14,183.99000549316406,184.85000610351562,181.72000122070312,183.83999633789062,1958000
2025-11-17,179.0399932861328,183.82000732421875,178.3699951171875,183.3800048828125,2313200
2025-11-18,180.0800018310547,181.72999572753906,177.0800018310547,178.47999572753906,1929000
2025-11-19,182.97000122070312,183.39999389648438,180.0,180.36000061035156,2181800
2025-11-20,183.5399932861328,187.22000122070312,182.9199981689453,184.60000610351562,2710200
2025-11-21,186.99000549316406,189.33999633789062,183.89999389648438,184.0500030517578,2391000
2025-11-24,188.52000427246094,189.4499969482422,185.47000122070312,186.63999938964844,3428900
2025-11-25,192.58999633789062,193.8300018310547,188.5,190.0,1889600
2025-11-26,191.8800048828125,194.08999633789062,191.82000732421875,192.33999633789062,1516900
2025-11-28,190.72000122070312,192.60000610351562,190.66000366210938,191.72999572753906,887300
2025-12-01,192.39999389648438,193.85000610351562,190.00999450683594,190.3800048828125,1393800
2025-12-02,192.0500030517578,193.4499969482422,191.3699951171875,192.49000549316406,1306000
2025-12-03,198.0,198.16000366210938,192.0,192.6199951171875,1843400
2025-12-04,198.27000427246094,199.55999755859375,197.77000427246094,198.0,1939300
2025-12-05,197.86000061035156,199.05999755859375,196.44000244140625,197.33999633789062,1367300
