Date,Close,High,Low,Open,Volume
2015-01-02,56.50349426269531,57.29145160950892,55.79968826714803,57.10019959963967,811100
2015-01-05,56.15926742553711,56.778922339552295,56.05981260172185,56.14396398961906,1288400
2015-01-06,55.89149475097656,56.88600770158682,55.386592396325334,56.541756361440484,1358800
2015-01-07,57.68162536621094,57.78872605827694,56.56471397998692,56.610612609000924,1507700
2015-01-08,59.46408462524414,59.70888699384435,58.92857543130384,58.93622714685196,1810700
2015-01-09,59.349334716796875,60.29029148930271,59.24987992016437,59.685934339836386,1192800
2015-01-12,58.87504196166992,59.57120236225875,58.43898743529083,59.2116475036294,796800
2015-01-13,58.27068328857422,59.95370512208594,57.635724971796385,59.402898188811214,1234900
2015-01-14,57.36030578613281,57.67395604959936,56.91659971923068,57.199648960509336,1661500
2015-01-15,57.03900146484375,57.64335855783561,56.633548109981135,56.901299774838655,1679500
2015-01-16,57.41387176513672,57.49802313995353,56.49585835892144,56.76361008036139,1365500
2015-01-20,57.55156707763672,58.11767148802706,56.91660889708385,57.85756567576178,1060900
2015-01-21,58.64554977416992,58.767948089484456,57.161431533829486,57.36798124441391,902800
2015-01-22,59.73948669433594,59.84659321045153,58.33952614384807,58.81382748577046,1067900
2015-01-23,59.73948669433594,60.06079456958413,59.46408911584352,59.7471384104619,998900
2015-01-26,59.80832290649414,60.16022586982798,59.272819665887766,59.38756619134086,1012900
2015-01-27,59.32639694213867,59.555895933854636,58.47723724872406,59.11218971203344,1263700
2015-01-28,59.0662727355957,60.37443584268986,58.98212138047136,59.532928127994886,1031000
2015-01-29,59.69358825683594,59.731841001035754,58.13297084558247,59.08923108508465,1353900
2015-01-30,58.087066650390625,59.28812916254408,57.99526357504591,59.0739278232885,1242800
2015-02-02,58.31659698486328,58.53844430023776,57.47508301667879,58.438995302430186,1161700
2015-02-03,59.54823303222656,59.578834059351294,58.48487214497602,58.706725214218466,1553300
2015-02-04,59.41819763183594,60.137307354439436,59.23459726056184,59.27285001299629,949900
2015-02-05,59.831298828125,59.86955157799153,59.11218915379552,59.563547088709825,1509600
2015-02-06,59.02802658081055,59.93073051711663,58.95152110314865,59.82362985224816,925500
2015-02-09,58.40072250366211,58.875029683274505,58.148274236391146,58.875029683274505,1998300
2015-02-10,56.00625991821289,59.94605403984322,54.965848108012054,59.02039464804918,7330700
2015-02-11,55.84560775756836,56.495863666887516,55.577856010972276,55.78440569076059,2523700
2015-02-12,56.44230651855469,56.465255831705555,55.66964656869424,55.84560103043361,1443700
2015-02-13,55.7078971862793,56.43465264551773,55.2641910271519,56.29695093532473,1794600
2015-02-17,58.06410217285156,58.17885452791899,55.692578793162575,55.82262873851696,2289200
2015-02-18,58.33952331542969,58.48487089548046,57.3679596937611,57.872867875708366,1305200
2015-02-19,57.74280548095703,58.48485832634236,57.69690103284154,58.19415739216711,1421400
2015-02-20,58.62257385253906,58.79852829938031,57.084911636129,57.406213666135656,1393700
2015-02-23,58.75262451171875,58.997426870661386,58.5384173406639,58.72966936597998,703000
2015-02-24,58.5766716003418,58.95917566089948,58.293616494371555,58.79852465585111,995500
2015-02-25,58.20748519897461,58.622814152082995,58.022896509138214,58.40745970261242,858900
2015-02-26,59.407318115234375,59.52268824226851,58.09980565676339,58.10749856335724,1256500
2015-02-27,58.36901092529297,59.60730508751636,58.23826082567177,59.307346215223205,1994600
2015-03-02,58.3844108581543,58.60745243827394,58.153670499999485,58.369025038026074,762400
2015-03-03,57.47682571411133,58.36900939946407,57.41529418602645,58.30747787137919,1296100
2015-03-04,57.146095275878906,57.661408568269245,57.130709461437135,57.130709461437135,1400400
2015-03-05,57.253787994384766,57.71526279701287,57.06150633762552,57.19225645590889,1354200
2015-03-06,57.0922737121582,57.31531527645629,56.43851136641817,56.915372001058635,1403000
2015-03-09,57.53835678100586,57.73063842336234,57.038429205255014,57.15379349629288,981100
2015-03-10,56.469268798828125,57.15379094563074,56.430815992854924,56.91536359749965,1032600
2015-03-11,56.66925048828125,56.78462065669124,56.315452941669,56.53850036913617,1406000
2015-03-12,58.199790954589844,58.230556713517,56.60000669818916,56.70768978841845,1268600
2015-03-13,57.730628967285156,58.22286942165289,57.299920036705664,58.16903080533045,2165500
2015-03-16,57.94599533081055,58.361324399708366,57.67680219392408,57.88446966235813,1570800
2015-03-17,56.76923751831055,57.722958812090006,56.62310744153094,57.56912995762358,1424100
2015-03-18,57.023040771484375,57.70756291742878,55.60015785692476,56.73846184138454,1866100
2015-03-19,56.2616081237793,57.02304176278031,55.96933628022566,56.93843737311688,1158700
2015-03-20,57.353763580322266,57.70756107054595,56.28467820152453,56.492339777188796,1379800
2015-03-23,56.71540069580078,57.58451761434644,56.692327833887354,57.5691317944235,1194300
2015-03-24,56.177001953125,56.89998276261176,56.14623618804368,56.76922679402373,1264100
2015-03-25,55.37712097167969,56.27699777915647,55.2848236575907,56.27699777915647,2659500
2015-03-26,55.52325439453125,55.68477028586617,54.984862222110884,55.407884224157556,1204100
2015-03-27,56.3462028503418,56.57693725424234,55.32326330927302,55.41556059161455,2263900
2015-03-30,57.47682571411133,57.68448728643592,56.19238000420987,56.55387039674666,1185400
2015-03-31,57.26146697998047,57.71525467743657,56.68462209085521,57.223014174820584,1723100
2015-04-01,57.30763244628906,57.338398218652955,56.48466710646107,56.930756135809744,1562600
2015-04-02,57.99214553833008,58.06136411418221,57.15379451142112,57.3614619749178,1199600
2015-04-06,58.576690673828125,58.9920139165643,57.59220359587205,57.638355186820085,1808600
2015-04-07,60.17646408081055,60.26876138610785,58.568992289015675,58.568992289015675,2918500
2015-04-08,60.50717544555664,60.61485267739714,59.45347598140765,60.11492518726728,2750600
2015-04-09,59.93035888671875,60.899460298382024,59.69193145631444,60.49951694402914,2606600
2015-04-10,59.91496658325195,60.16108687396432,59.507330401881816,59.99957098330657,2123100
2015-04-13,58.93815231323242,60.01493041747969,58.93815231323242,59.98416465816193,1968000
2015-04-14,59.19198989868164,59.26890139478967,58.72282214406034,58.98432827239286,1692400
2015-04-15,59.130435943603516,59.591916481288166,59.01507167715114,59.430394772317264,1004500
2015-04-16,59.15352249145508,59.43809554364779,58.99200076111326,59.02276652556077,1584700
2015-04-17,59.199676513671875,59.422723936247074,58.745888759337404,58.784347437287416,1820400
2015-04-20,58.438236236572266,59.67652454933271,58.269027461371415,59.43040429485049,1968800
2015-04-21,58.399776458740234,58.89201695839754,58.23056768673874,58.453615080016206,1117400
2015-04-22,58.092132568359375,58.6151389037656,57.81524651620488,58.39978438941664,1068400
2015-04-23,57.77678680419922,58.21518868974516,57.70756236544475,58.0229070580501,872200
2015-04-24,57.78447723388672,58.076749086707075,57.3306953730952,58.05367622842548,966800
2015-04-27,57.37684631347656,58.00752992513036,57.346080543643374,57.99984288365001,1188000
2015-04-28,57.45376205444336,57.89985694807028,56.87691703033059,57.09996447714405,1223800
2015-04-29,56.969207763671875,57.446068374305135,56.63848308667808,57.03843220991122,1288600
2015-04-30,56.53851318359375,57.28456712470493,56.40007012371774,56.95384236322178,991000
2015-05-01,56.94612503051758,57.02303650458222,56.27698288341958,56.60001459527268,1053600
2015-05-04,56.646148681640625,57.11531615691521,56.507705723888,56.99225314203843,906900
2015-05-05,56.0847053527832,56.669243160631424,55.938575301798465,56.530800150035,1753900
2015-05-06,56.54617691040039,56.91536020716423,56.07701515046781,56.53079696252122,1715900
2015-05-07,56.93074417114258,57.746022297517605,54.99254786332107,56.27698778272504,4365900
2015-05-08,57.33839416503906,57.684498810715084,56.500043064311924,57.384539886337016,1987500
2015-05-11,57.63063430786133,58.06134316120671,56.999950972047856,57.1845396423433,2533800
2015-05-12,56.89997482299805,57.3383766452869,56.538484468695714,57.29991797730921,1216000
2015-05-13,57.39221954345703,57.622953964638675,56.73845734685242,56.892286162276164,2083000
2015-05-14,57.72296142578125,58.11521181949741,57.48452815755475,57.83063869479797,1872000
2015-05-15,57.68451690673828,57.83065289398655,57.507615139649715,57.73066264251247,1175100
2015-05-18,58.1536750793457,58.27673231020637,57.392241226228954,57.55375714246756,1213900
2015-05-19,58.215187072753906,58.68435471049577,58.01521253831404,58.36131711856381,1928600
2015-05-20,58.10751724243164,58.599757799240955,58.06905856506798,58.32287175253943,1463900
2015-05-21,57.73834228515625,58.23827582371543,57.630665014447644,57.96138973675869,1159100
2015-05-22,57.09996032714844,57.861399928575395,56.953830255214164,57.599893818638805,1299900
2015-05-26,56.646148681640625,57.16146185351025,56.553851420483035,56.97687319916259,1275100
2015-05-27,56.43735122680664,56.90140938842159,56.414149203848844,56.68484930638926,1534400
2015-05-28,57.65162658691406,57.82951265664585,57.110220603235895,57.20303457493401,1755000
2015-05-29,56.75444793701172,57.54335201910089,56.66163985734398,57.38093197886345,1377700
2015-06-01,56.522422790527344,57.117962948111085,56.329064753532506,56.70804485381307,1455100
2015-06-02,57.24945068359375,57.45054471427214,56.205318360272955,56.313598399679876,1715900
2015-06-03,57.821800231933594,57.88367033113019,57.15664798380397,57.350006058241185,1305300
2015-06-04,57.89912796020508,58.09248598681522,57.38865993756135,57.48147391462894,2078600
2015-06-05,56.158912658691406,58.1002291379203,55.39321643094894,57.78311910271034,5433600
2015-06-08,56.33679962158203,57.2030458253451,55.86501139991142,56.18211553914768,1812500
2015-06-09,56.04290008544922,56.55336820246514,55.67938598408693,56.42188023543937,1424000
2015-06-10,56.18983840942383,56.561082481015845,56.073822424244526,56.31358446634846,1118700
2015-06-11,56.243988037109375,56.33679612047453,56.01969200094502,56.31359409963324,912300
2015-06-12,56.28267288208008,56.329082838416035,55.957832691832884,56.07384873144142,909500
2015-06-15,55.22305679321289,56.18984698251697,55.130242810744846,56.00422491839991,2043400
2015-06-16,56.08156967163086,56.243989723208095,54.83634337538608,55.26946351292537,1440100
2015-06-17,56.43735122680664,56.545631267822806,55.87274309794834,56.07383713161536,1177400
2015-06-18,57.01742172241211,57.326795777119,56.46828557819654,56.77765963290343,1168800
2015-06-19,56.59977340698242,56.97102349066287,56.47602141214897,56.793131473294764,1394300
2015-06-22,57.11796569824219,57.349997714135526,56.932343626019076,57.056089707228054,1125500
2015-06-23,55.86500549316406,56.91686776397671,55.85726951961444,56.23624961208173,2154500
2015-06-24,56.12798309326172,57.14891351720781,55.78767098500626,55.78767098500626,2284700
2015-06-25,55.818599700927734,56.30586575684504,55.74899363626487,56.09703576121782,1497900
2015-06-26,55.91141891479492,56.51469513488042,55.849542917652855,56.1511810276956,992300
2015-06-29,54.596588134765625,55.49377251584783,54.565656032705476,55.34681847736903,1254300
2015-06-30,53.9932975769043,55.27719780382801,53.90048949358296,55.107041783313385,1575900
2015-07-01,54.333621978759766,54.882758233008914,54.24080797350423,54.41870000837221,1181400
2015-07-02,54.186649322509766,54.426417278476805,53.76126522146609,54.17118327735953,1053900
2015-07-06,53.69167709350586,53.80769313648274,53.36683689382744,53.6762110414921,1705700
2015-07-07,54.263999938964844,54.4109480280365,52.98009979760792,53.66845390685441,1320000
2015-07-08,54.20985794067383,55.045166100127844,53.97783183026049,54.37228388902808,1869600
2015-07-09,55.06063461303711,55.4628167198217,54.65071653280893,55.045162666149935,1999100
2015-07-10,54.98329544067383,55.91141767476084,54.76673535629944,55.71032363891903,912900
2015-07-13,55.818599700927734,55.98101975262706,55.01422951573631,55.22305951136353,1679500
2015-07-14,55.4086799621582,55.85727203513662,55.22305789433991,55.85727203513662,1111800
2015-07-15,55.43961715698242,55.74899119942832,55.05290107912981,55.50922321860274,1075000
2015-07-16,55.82632827758789,55.98101233466573,55.625234282731874,55.84179432296826,784200
2015-07-17,55.416412353515625,55.82633043132289,55.17664438473083,55.53242835120908,1913200
2015-07-20,55.47056579589844,55.72579987245617,55.25400569487497,55.377751795108296,828900
2015-07-21,55.161197662353516,55.95009610155536,54.95237351400682,55.4860378490354,686400
2015-07-22,55.19211196899414,55.64070397751423,55.045157990143494,55.12250001555288,739700
2015-07-23,54.77445602416992,55.1147680049831,54.68164205645231,55.1147680049831,1164800
2015-07-24,54.1402587890625,54.921427032391406,53.892760699202434,54.80541101196514,715800
2015-07-27,53.784454345703125,53.91593635082416,53.034224468174685,53.76898240344357,1404100
2015-07-28,53.60658264160156,53.91595669453912,53.08064852185349,53.86181667783649,1337100
2015-07-29,54.49354934692383,54.618031808232956,53.762194852957165,54.14343018162908,2291600
2015-07-30,54.51688766479492,54.59468994257505,53.738853015126985,54.12787033996095,1197600
2015-07-31,55.349388122558594,55.403850314160046,54.369062737798735,54.618033604538766,1478000
2015-08-03,54.60246658325195,55.512765609249406,54.20566728886869,55.326038973747224,1653500
2015-08-04,54.14342498779297,54.656930673259296,54.05006463475031,54.6258085769341,1699600
2015-08-05,54.78141784667969,55.00704265216344,54.27569418046557,54.37683653933528,3451100
2015-08-06,57.387840270996094,57.652369215769625,55.878451076197265,56.251910338391575,3842000
2015-08-07,56.78874969482422,57.17776703526048,56.321930073487415,57.17776703526048,1695800
2015-08-10,56.60200881958008,57.294459036793846,56.39971819129105,57.13107250715227,1243800
2015-08-11,56.42306900024414,56.70316194313231,55.88622913965281,56.142981993289155,1555600
2015-08-12,56.19744873046875,56.345271286343774,55.77730928211801,55.98737603832655,1114900
2015-08-13,55.72283935546875,56.337487392587185,55.613914987972606,56.150754817508506,834300
2015-08-14,55.73062515258789,55.87845364967167,55.12375901751491,55.64504085805874,681300
2015-08-17,56.9754753112793,56.9988153990964,55.28713574933746,55.45052229998999,1830900
2015-08-18,57.006595611572266,57.83131636858536,56.88989516401058,56.92101726200478,1557800
2015-08-19,57.10773468017578,57.38004557367797,56.368598328175814,56.76539759352602,1709500
2015-08-20,56.01070785522461,56.67203606225521,56.002931783281895,56.61757387899228,1617300
2015-08-21,54.446861267089844,55.73839555347953,54.446861267089844,55.57500900775187,2143900
2015-08-24,51.72373962402344,52.90634953114458,49.72418809503797,51.75485578247993,5034500
2015-08-25,50.72008514404297,53.04640728779815,50.681181033786224,52.92970089296172,2716100
2015-08-26,51.87934494018555,51.972711224756715,50.27659563860929,51.73929848129511,2206200
2015-08-27,52.20612335205078,52.945259824374894,51.459210807169505,52.15166116448444,1596900
2015-08-28,52.23725128173828,52.431759964180245,51.85601592621354,51.996062415009106,1147300
2015-08-31,52.97637939453125,53.51322523217376,52.15166451949034,52.16722853747241,1813700
2015-09-01,51.58369827270508,52.37729098240729,51.3580675180022,51.99605567629085,1823300
2015-09-02,51.97272491455078,52.260593979922135,51.171344116743555,52.09720739083548,1347200
2015-09-03,52.09719467163086,52.85188916263495,51.91046803482485,52.02717440880339,1606300
2015-09-04,52.33839416503906,52.86745802382707,51.396972845241905,51.70818792734084,1596200
2015-09-08,53.91001892089844,54.00338521117579,52.92191164057874,53.100862212960415,2054600
2015-09-09,53.248687744140625,54.39239950908016,53.11641735624516,54.306815231708306,1461900
2015-09-10,53.88668441772461,54.26791975465648,52.94526315293078,53.28759438089804,1544900
2015-09-11,53.95669174194336,53.980031827347396,53.12419505891678,53.66104076693851,1507400
2015-09-14,53.754417419433594,54.11231862400201,53.56769074360998,53.956708114204,1346900
2015-09-15,56.51642990112305,56.57089208282561,53.55212013029451,54.011157670940015,3844100
2015-09-16,64.5613021850586,64.81027297513927,62.476169592158485,62.78737862781043,20381700
2015-09-17,64.26564025878906,65.16038100605853,63.56540811153768,64.42125070036236,7079700
2015-09-18,65.65055847167969,65.75948284256478,63.42537900485623,63.42537900485623,7130500
2015-09-21,65.09815216064453,66.74758761419045,64.88030342706791,66.72424752644051,3932100
2015-09-22,64.49128723144531,64.89586854576301,63.254215072211394,64.42904303909907,3324000
2015-09-23,64.41346740722656,64.93474902023553,64.27342098057461,64.53794982206647,3151000
2015-09-24,63.10639953613281,64.30457377272474,62.86521066126371,63.98557667350576,3224600
2015-09-25,64.0322494506836,64.44460683569065,63.51096176147512,63.565423945609396,2112600
2015-09-28,64.10226440429688,65.79837991587658,63.80661342005174,64.187848677408,4958100
2015-09-29,63.7988395690918,64.84918513090851,62.367258701179594,64.25010107847274,5460000
2015-09-30,64.59239959716797,65.25373344585945,63.63542081195324,64.60796360599349,2535200
2015-10-01,64.76361846923828,65.21488010140892,64.23455454019488,64.59244985455736,2271100
2015-10-02,65.23041534423828,65.24597935972353,63.79105258035195,64.15672977713051,2256900
2015-10-05,65.55718994140625,66.17183792099421,65.23819294078763,65.66611429870717,2669200
2015-10-06,63.01300811767578,64.45237065554824,62.981886027524865,63.977775104559036,4301800
2015-10-07,63.96220779418945,64.00888795904355,61.822613178049345,63.40980407833415,4049200
2015-10-08,63.7988395690918,64.32790335417525,62.34391267612901,63.78328148832455,3751700
2015-10-09,63.49539566040039,64.12560170233424,63.308669043518535,63.736584454536626,3787600
2015-10-12,61.270225524902344,64.47573025437914,60.81896402657121,64.18785531180247,5811500
2015-10-13,67.36222839355469,69.24507045778304,66.69311824908804,67.48671082679407,14511800
2015-10-14,66.9109878540039,67.67346451345352,66.45972627873647,67.53341802236825,3207800
2015-10-15,68.28031921386719,68.42814175371855,66.93431672324371,67.22997367481247,3588500
2015-10-16,68.70045471191406,68.78603898924767,67.93019621591155,68.4903820544833,2705500
2015-10-19,68.56818389892578,69.08947156743449,68.3658991864212,68.68489027056005,2058800
2015-10-20,68.8560562133789,69.00388467423934,68.14026586719694,68.56818129905398,1694900
2015-10-21,68.39701843261719,69.15948894846436,68.19472779260508,68.933858222284,1414500
2015-10-22,68.52151489257812,69.06613680105936,68.31144813814497,68.49817480163374,1704100
2015-10-23,68.84049987792969,69.00388642178736,68.10136349084107,69.00388642178736,1803600
2015-10-26,68.65377807617188,68.99611523275154,68.12471425960943,68.68490017549125,1007500
2015-10-27,67.46336364746094,68.52149093042323,67.12880861040769,68.38144449779789,1659500
2015-10-28,68.4437255859375,68.7160365918012,67.5645424208043,67.5645424208043,1928900
2015-10-29,68.07024383544922,68.84827841651575,67.79015091139065,68.44370304617158,1118700
2015-10-30,68.54485321044922,68.96499264438124,67.7823825582986,68.42814682281252,1328800
2015-11-02,69.01946258544922,69.11282889323131,68.21030572580682,68.52152081581299,1317700
2015-11-03,68.38924407958984,68.96498803459774,68.04690694832041,68.66155500858459,2545500
2015-11-04,68.01578521728516,68.62265127257692,67.42448317855288,68.38924444758251,1889600
2015-11-05,68.3270263671875,68.8405322631121,67.00436937891234,67.9068867985043,1243700
2015-11-06,68.13250732421875,68.39704224339255,66.9109929234033,67.94578063393601,1423600
2015-11-09,67.9691162109375,68.23364517659599,67.30778786085722,68.00802032279742,1897600
2015-11-10,68.70821380615234,70.48213123267878,67.4244618352243,67.93796143640928,5595400
2015-11-11,71.72700500488281,72.62952197028872,67.84460843796596,68.5837448008066,10523400
2015-11-12,71.67253875732422,73.6254010370482,71.15125114206819,71.47024812955222,5049200
2015-11-13,72.98743438720703,73.33755356894657,71.19795811229545,71.27576039625966,3859000
2015-11-16,73.0418930053711,74.03778237355515,72.2872043583209,73.38423016118229,2882600
2015-11-17,74.01444244384766,74.29453542423148,73.041899021941,73.40757629832734,2437100
2015-11-18,73.20526885986328,74.48902707032575,72.60618486081154,74.19337607462825,1968500
2015-11-19,73.0418930053711,73.45425636847708,72.45836700029301,73.45425636847708,2248900
2015-11-20,71.96820068359375,73.53205189564441,71.88261640250079,73.41534551816011,2214700
2015-11-23,71.77369689941406,72.67621994815606,71.57140622712132,72.47392927586331,2020500
2015-11-24,71.66478729248047,72.0927088151518,71.28355189514983,71.7425895868022,1818200
2015-11-25,72.28997039794922,72.65728255288575,71.92265824301269,72.08677529814916,2367700
2015-11-27,72.96989440917969,73.24342285459815,72.12585866691164,72.50098168849327,659200
2015-11-30,71.92267608642578,73.57948661415833,71.86015358444178,72.97771796689165,1644500
2015-12-01,72.81359100341797,73.10275306405161,72.11022785760177,72.16493354880564,1193200
2015-12-02,72.48535919189453,72.9386383407458,72.18838628185749,72.68073751855732,1235300
2015-12-03,71.86797332763672,72.82923745692196,71.43814452448049,72.44629158846058,2261700
2015-12-04,74.35316467285156,74.64232670062654,71.89139692347221,71.89921372489113,2537900
2015-12-07,74.04835510253906,74.43129479452736,73.6497818119148,74.4156671583623,1278400
2015-12-08,73.92332458496094,74.09525842867343,72.48534327840557,73.68105742107808,2175800
2015-12-09,73.24341583251953,74.34534631055203,72.86828688442978,73.62635561939172,1132800
2015-12-10,72.98554229736328,73.60293865256197,72.68075252185027,73.14965941014148,1096600
2015-12-11,72.4306411743164,73.40753264140501,71.90702877895028,72.07114582992448,2142100
2015-12-14,71.82888793945312,72.79796273058581,71.06300230676122,72.32905595826182,1948800
2015-12-15,73.24341583251953,73.76702822961633,72.0477016268465,72.48534709755758,1955900
2015-12-16,73.5873031616211,73.89209290464078,72.33687697618512,73.47788580229259,1922000
2015-12-17,73.24341583251953,74.34534631055203,72.88392048693937,73.59509437684488,1042900
2015-12-18,72.32905578613281,73.16527474957039,72.28997773750167,72.89955713631952,1866800
2015-12-21,72.4697265625,73.00115581295329,72.12585882324407,72.98552220891095,1240800
2015-12-22,72.79014587402344,73.0793079319361,72.04771064860394,72.73544018333435,1247100
2015-12-23,73.43099212646484,73.44662573212564,72.61040670348007,73.00897421072686,903200
2015-12-24,73.44664764404297,73.78269871632405,73.2747137053212,73.50135335522941,454800
2015-12-28,73.02461242675781,73.10276257257506,72.5088107319109,73.10276257257506,686900
2015-12-29,74.15779876708984,74.27502695807345,73.28250169854883,73.45443558366166,912400
2015-12-30,73.8842544555664,74.26719423236818,73.61072604356514,74.25937743131895,808100
2015-12-31,73.39974212646484,73.96243276701708,73.34503642321529,73.61856493946306,758800
2016-01-04,72.1258773803711,72.65730676755481,71.45377533297773,72.65730676755481,2293700
2016-01-05,72.39940643310547,72.75890190908788,71.57100407377531,72.3212562796266,1824300
2016-01-06,70.9614028930664,71.76636055716901,70.61753516763513,71.60224349616027,2187700
2016-01-07,70.60973358154297,71.52410281668783,70.17990479460322,70.27368258540332,2491300
2016-01-08,69.72662353515625,71.01612178278343,69.53124519346952,70.69569844042977,1675800
2016-01-11,69.14048767089844,70.42998590287425,68.66376404597118,69.88292297530714,1810400
2016-01-12,70.00794219970703,70.10171995206913,69.17953429152202,69.61718566494082,2248900
2016-01-13,68.45272827148438,70.29709962957574,68.31206164011951,70.07827691971264,2380200
2016-01-14,67.78846740722656,69.1561157918733,66.225440681916,68.49964742923028,4253600
2016-01-15,67.23358917236328,67.4367843026585,65.51426227363777,66.54585960536775,3435200
2016-01-19,68.14794921875,68.51526137978412,67.2335801981795,68.01509340464439,2154100
2016-01-20,67.42113494873047,67.98382535505006,66.67088306112835,67.5305522721566,3143800
2016-01-21,67.65560150146484,68.4840036346467,67.24140043487392,68.35114781375393,2463300
2016-01-22,69.47652435302734,70.41433780372607,68.66374991326794,68.70282795807726,1701900
2016-01-25,68.4605712890625,69.39839092793805,68.37460433977039,69.179562171802,1396200
2016-01-26,68.58562469482422,69.35150456646767,67.93696707523613,68.59343553664479,2159200
2016-01-27,68.57778930664062,69.89073183613849,65.9597210498219,66.55367280333768,3755200
2016-01-28,69.12486267089844,69.9923430824587,68.6168836954136,68.88259540797647,2743900
2016-01-29,70.71131896972656,71.09425877912078,68.81224160123915,69.14047572357705,20928900
2016-02-01,71.82888793945312,72.21964457680198,70.39871721576279,70.72695136014228,4963900
2016-02-02,71.54754638671875,71.61787972309476,70.7972883572008,71.47720708786932,2676700
2016-02-03,70.31275177001953,71.82107266067948,69.50779403400186,71.77417780872116,2231600
2016-02-04,68.4840316772461,70.30495971795497,67.9057133076023,70.30495971795497,3074000
2016-02-05,67.95256805419922,68.56215333803614,67.27265540920286,68.2495468761262,2917100
2016-02-08,65.5689697265625,67.35081916896333,65.49081958588192,67.21014653074887,5427800
2016-02-09,65.54554748535156,66.6631121668525,64.88907296380022,65.357979929208,3343800
2016-02-10,65.78780364990234,66.61620601390013,65.70965349598313,66.06133216985684,1869500
2016-02-11,65.35795593261719,65.80341828057158,63.13064419284525,64.6858540093915,2993200
2016-02-12,65.75651550292969,66.14727207518978,65.10004732351935,65.25634756743455,2057000
2016-02-16,66.16290283203125,66.6552539454177,65.22508352145041,66.64743714481642,2386900
2016-02-17,67.39769744873047,67.61652019317064,66.21761679657487,66.6474454838759,1963300
2016-02-18,66.21762084960938,67.28829019507819,66.16291516015092,67.21014006191939,2149300
2016-02-19,66.85845947265625,66.89753155682521,65.83467308287558,66.21761886005186,1383600
2016-02-22,67.85881042480469,67.98384946918755,66.85847421984536,66.85847421984536,1506500
2016-02-23,66.89752197265625,68.3198756145379,66.60836593383564,67.54617929415272,1700000
2016-02-24,67.31954956054688,67.41333329520175,66.1472797084884,66.53803632584122,1207100
2016-02-25,67.70248413085938,67.71811773332706,66.57710921455235,67.05383272778681,1068300
2016-02-26,66.57711029052734,67.89786352171913,66.45206531865438,67.68685758477403,1225500
2016-02-29,66.63965606689453,67.55403142830109,66.38176113352478,66.54587825929646,2843000
2016-03-01,67.63216400146484,67.96821497041174,66.88972276368874,67.28047942700033,1302800
2016-03-02,67.70248413085938,67.72593453456089,66.76467070685813,67.32736114624781,1487300
2016-03-03,69.52421569824219,69.52421569824219,67.62396188135298,67.84382516716492,1812900
2016-03-04,70.84342956542969,70.9455072770414,69.73625273355084,69.877594329305,2076600
2016-03-07,70.14456176757812,71.18106460233564,69.89328853463165,70.63140028657206,1516100
2016-03-08,69.41432189941406,70.01109827970745,69.12378469000696,69.72841504645419,969100
2016-03-09,70.96906280517578,71.08684846610166,69.28867161572757,69.57135480561863,1395100
2016-03-10,72.09192657470703,72.1783023086741,70.92979013904781,71.28314105740301,1685600
2016-03-11,72.60232543945312,72.83789670716048,71.55012068956634,72.2332665824305,1975900
2016-03-14,72.63373565673828,72.79077917534129,70.92978891750823,72.37460845929974,1330600
2016-03-15,72.86930084228516,72.98708047599196,72.24896881118451,72.51594396868757,1090500
2016-03-16,73.1755142211914,73.3247037018662,72.16256779060328,72.43739682429224,1255700
2016-03-17,74.14920806884766,74.2905495920691,73.31686687144611,73.31686687144611,1163700
2016-03-18,73.3875503540039,74.19633580254528,73.1205751923139,74.14922394832371,2440900
2016-03-21,73.4346694946289,73.62312891186633,72.72011367445616,73.58386503556859,1128000
2016-03-22,74.46333312988281,74.53400092656553,73.08918116888789,73.46608806618332,1414700
2016-03-23,75.00513458251953,75.15433013517365,74.06286138565325,74.46333019019352,1690500
2016-03-24,74.84025573730469,74.84810971330492,74.25133334468296,74.30629919502785,1228500
2016-03-28,74.91090393066406,75.53908400688104,74.54969903890337,74.83238216999023,1005000
2016-03-29,75.46842193603516,75.47627590994536,74.50258683319149,74.63608042635771,1210100
2016-03-30,75.43701171875,76.16727552787715,75.31137809084115,75.97096811672283,908500
2016-03-31,75.52338409423828,76.12016027499159,75.06794948285216,75.30352076207298,1530100
2016-04-01,76.12800598144531,76.19082578613607,74.82452798365686,74.95801557550499,1339600
2016-04-04,75.38987731933594,76.36356011014745,75.13075017627986,75.93953550991704,1400300
2016-04-05,73.79590606689453,74.79314536918581,73.45825698202518,74.69106764244056,1494500
2016-04-06,73.80372619628906,74.04715143869494,73.02635059321203,73.86654600018905,1651400
2016-04-07,72.47669219970703,73.22265789994434,72.1468912250386,72.9556827199272,1400600
2016-04-08,73.12057495117188,73.2147986593043,71.58937379493644,71.80138911988595,1827700
2016-04-11,72.90857696533203,73.73307055252639,72.83005519293906,73.34045569973426,972400
2016-04-12,72.92428588867188,73.31690074670985,72.51596308144909,72.81435420768743,1324200
2016-04-13,72.96353149414062,73.37185423260868,72.6494384624328,73.28547849911838,1001200
2016-04-14,75.1700210571289,75.70397734529837,72.6023172923929,72.9007023392896,2900600
2016-04-15,76.07305908203125,76.10446899219347,74.79313669476633,75.38205903094558,1807900
2016-04-18,75.91602325439453,76.1123307197823,75.38206670890665,75.75897967841567,941300
2016-04-19,76.75619506835938,77.16451183327085,75.93170157410776,76.28505849628411,1466200
2016-04-20,75.99451446533203,76.67766632670765,75.81391502470493,76.5049148681419,867800
2016-04-21,75.00513458251953,75.8531840541953,74.69104751078203,75.64902266490442,1218400
2016-04-22,75.09149169921875,75.18572139186392,73.89009157441346,74.67532104064702,1012200
2016-04-25,75.72755432128906,75.77466618630912,74.54185579472453,75.09151418938242,985600
2016-04-26,75.38203430175781,76.04162422630179,75.20142887527982,76.04162422630179,979900
2016-04-27,75.23284912109375,75.88459115341956,74.59681503627009,75.4762743807637,1176300
2016-04-28,75.12293243408203,75.35850376698227,74.54971804329419,74.61253187335012,1170600
2016-04-29,75.09149169921875,75.85316523999737,74.61250124555023,74.98156005321208,1375300
2016-05-02,75.98667907714844,76.27721623677958,74.87165428747343,75.0365518134822,2070100
2016-05-03,77.19590759277344,78.09106871295013,75.42129329674621,75.98665348515351,2772100
2016-05-04,77.08599090576172,77.643503221027,76.01023015284096,76.77189785736289,1595600
2016-05-05,77.32156372070312,77.51001715714308,76.86612909104872,77.25874391161423,1024300
2016-05-06,77.18805694580078,77.3686563635366,76.43423140563966,77.27443266413539,683100
2016-05-09,77.83981323242188,78.12249638635848,77.16451525255407,77.25089099352508,993000
2016-05-10,78.47582244873047,78.74279754972835,77.61991934971631,78.00468005031745,1029000
2016-05-11,78.12251281738281,78.87633272281776,77.93405933873109,78.53868366186822,688300
2016-05-12,78.31095886230469,78.60149001066557,77.64350883959804,78.60149001066557,901600
2016-05-13,77.54927062988281,78.40516794827353,77.26658751774025,78.26382639220225,936600
2016-05-16,78.37378692626953,78.70358800584135,77.57285514063085,77.71419674878217,752200
2016-05-17,77.12527465820312,78.55439270540975,76.83473746516944,78.256007527493,1344300
2016-05-18,75.93954467773438,76.99175532922149,75.71182740248099,76.88967165948596,1862200
2016-05-19,76.55204010009766,76.61485991252125,75.38204955013649,75.93956190603512,859000
2016-05-20,75.94740295410156,76.84256416088748,75.69612973800072,76.84256416088748,1258400
2016-05-23,76.34003448486328,76.52848794059682,75.51554088093465,75.8845998085822,679900
2016-05-24,77.8712158203125,78.0596752324464,76.52847396069627,76.7876011592607,1022500
2016-05-25,78.07538604736328,78.6486063403687,76.88183958921319,77.88693260467157,878300
2016-05-26,78.02040100097656,78.60932310636387,77.5492645148318,77.98899110312352,712300
2016-05-27,78.68002319335938,79.0098242608364,77.7691597448769,78.06754491077449,1006700
2016-05-31,77.87908935546875,78.89989045971059,77.55714227199189,78.76639684487778,1529500
2016-06-01,80.2269058227539,80.2347597960902,77.87907102461465,77.87907102461465,2411200
2016-06-02,80.36882781982422,80.3924786602242,79.5804343933475,80.27421844325978,902400
2016-06-03,80.78665161132812,80.88914056123735,79.95883635103074,79.95883635103074,829700
2016-06-06,81.17301177978516,81.25973556493715,80.51864358817154,81.02321505725601,631700
2016-06-07,80.18748474121094,81.25970014945247,79.95884995408964,81.22816369450845,1575900
2016-06-08,81.67755889892578,81.79581911751028,80.17173056150789,80.17173056150789,1551000
2016-06-09,81.50408935546875,81.70907327795807,80.79454026563248,81.08624190902114,1438700
2016-06-10,81.74850463867188,82.11116484125068,80.93646048779283,81.12567319892881,2208200
2016-06-13,80.08500671386719,82.08752676413803,80.0219337953631,81.37797146837835,2111200
2016-06-14,79.27295684814453,80.03769337497688,78.2086209720567,79.86425188376481,1964200
2016-06-15,78.98126220703125,79.81695740426694,78.84723675369442,79.5489064975933,1386400
2016-06-16,79.50160217285156,79.58044633930626,78.38997040243197,78.69744340371604,996700
2016-06-17,79.08373260498047,79.7617513465265,78.72895801427175,79.69079883437024,1474900
2016-06-20,79.66718292236328,80.51864351632963,79.66718292236328,80.18751961784459,1068200
2016-06-21,80.47132110595703,80.60534655203838,79.70657847895838,79.74600055837752,926200
2016-06-22,80.0298080444336,80.96799201029896,79.95096991498595,80.72359200452212,764100
2016-06-23,80.37669372558594,80.97587431178644,80.14806496403916,80.69205224542638,773800
2016-06-24,77.32563018798828,78.46091265360283,76.71068426599611,77.68829044929227,3631900
2016-06-27,75.82768249511719,77.30986002029441,75.34676200793898,76.84471077054498,2195700
2016-06-28,76.19036102294922,77.71984661203933,75.44926907525135,76.75011978654177,2374100
2016-06-29,77.60946655273438,78.08250150147597,76.31650155252336,76.931447587384,2764100
2016-06-30,79.73023986816406,80.66054452485675,77.70406862625278,78.2086400317506,2938300
2016-07-01,79.42273712158203,80.54226014743301,79.32024816085459,80.20325079737962,1066600
2016-07-05,79.18624877929688,79.69869976636313,79.05221730663621,79.60409639150306,997500
2016-07-06,79.84058380126953,80.04556773564629,78.12977184906886,78.68165074701196,1416200
2016-07-07,78.7210693359375,80.02980509337159,78.53974224639063,79.69867533795977,1153200
2016-07-08,80.85762023925781,80.9364643864123,79.16257934478688,79.80117603498357,1566200
2016-07-11,80.11651611328125,80.84183638620337,80.00614155066104,80.77876348900251,1186700
2016-07-12,79.94308471679688,80.47130680332637,79.58042450746481,80.11653221146955,1417200
2016-07-13,79.78540802001953,80.5343853434714,79.74599195981523,80.42401075095667,1486000
2016-07-14,77.86173248291016,80.19537618359533,77.73558665397162,79.89578284734841,2854000
2016-07-15,77.6803970336914,78.36630142435597,76.84470199434865,78.01940642011678,3047900
2016-07-18,78.13768005371094,78.21651820050354,76.87625166013426,77.74348330478291,1828900
2016-07-19,77.28621673583984,78.08249588483903,77.2310294293725,77.893283121946,1864700
2016-07-20,79.47006225585938,79.85637336260615,76.56877411597969,77.53849469219614,4759900
2016-07-21,78.94180297851562,79.44637410714684,78.52395557652062,79.13102166297406,1632800
2016-07-22,80.15593719482422,80.60532108940714,79.13890921972332,79.17833128668931,1647300
2016-07-25,79.76174926757812,80.35304424665668,79.5015780331923,80.31362819036292,1397900
2016-07-26,77.3492660522461,79.34390011069338,77.28619314554525,79.23352553144863,3368800
2016-07-27,73.42308044433594,76.96297139507894,70.48237621973576,76.95508577632319,16847700
2016-07-28,77.0654525756836,77.83019511350919,73.57286967615634,73.57286967615634,8861900
2016-07-29,80.54226684570312,81.8667618881968,78.24015371169472,78.28746140247226,10798700
2016-08-01,79.50948333740234,80.54228291342805,79.15470866809657,80.54228291342805,2623900
2016-08-02,79.46217346191406,80.5107381532916,78.51609774966978,79.58831328123463,2675900
2016-08-03,78.56340026855469,79.33602240026765,78.08247983321816,79.17834613276494,1423000
2016-08-04,78.760498046875,79.44639642206458,78.45302511696987,78.84722179787019,1320700
2016-08-05,78.10614776611328,79.34392538329743,77.893284156901,78.76051584789586,1394500
2016-08-08,78.04305267333984,78.31110952858393,77.45964330363967,78.31110952858393,964700
2016-08-09,78.35840606689453,78.84721205620541,77.79864757097059,78.22438065553878,1341700
2016-08-10,78.5160903930664,78.7920328759692,78.05094120639279,78.68953789147484,989800
2016-08-11,78.50032043457031,78.90240270070582,78.3899458540568,78.79202812019231,1116300
2016-08-12,78.67377471923828,78.98913326864833,77.94845426606999,78.31899409554046,791000
2016-08-15,78.01154327392578,78.97338441549658,77.99577804872094,78.72898432754411,1633300
2016-08-16,77.98787689208984,78.38207360830336,77.50695641711219,77.86173707068308,1101600
2016-08-17,78.14555358886719,78.48456298112129,77.45176356846022,78.07459505725097,1570800
2016-08-18,78.05093383789062,78.46089569227347,77.6094355308686,78.27956860830227,1500900
2016-08-19,78.31901550292969,78.46881220821118,77.61734569655698,77.79867886689591,1743300
2016-08-22,78.6422348022461,78.89452042767981,77.85384147089525,78.27957459162036,1554700
2016-08-23,78.94180297851562,79.17832332660751,78.41358101806769,78.72893947720277,1218600
2016-08-24,79.35181427001953,79.73023981641448,78.95761748379486,78.95761748379486,1228000
2016-08-25,79.63563537597656,79.93522276412702,79.11529273791122,79.35181321248011,1313300
2016-08-26,80.32152557373047,81.10991905369825,79.88791276872713,79.99040175573558,1426900
2016-08-29,81.7938461303711,81.85717388942925,80.28984506871136,80.28984506871136,1655300
2016-08-30,81.61968994140625,81.85716599533899,81.00225944830144,81.85716599533899,1411700
2016-08-31,80.99436950683594,81.80969497566684,80.56691608798626,81.72262079557142,1246600
2016-09-01,81.11312103271484,81.27935193885978,80.37695214020444,80.81231707364975,1189300
2016-09-02,82.49042510986328,82.68040232876488,81.3109744019182,81.32680332046546,1439200
2016-09-06,84.39022827148438,84.42189215266902,82.41919847206596,82.43502739302437,2023900
2016-09-07,83.85196685791016,85.13432706016424,83.73322879560111,84.08944298252827,1651600
2016-09-08,82.5775146484375,83.90736750710191,82.50627544279898,83.82029334069838,2108000
2016-09-09,80.21859741210938,82.25296084547959,80.21068597191619,81.82550754362208,1991500
2016-09-12,82.11050415039062,82.23715366820731,79.98907188335431,80.3611089939385,2081700
2016-09-13,80.37691497802734,81.96799011445414,80.17902027088407,81.69885017232033,1822300
2016-09-14,81.0260238647461,81.65928945655034,80.51149632631366,80.51149632631366,1852500
2016-09-15,82.05509185791016,82.5696134380652,80.78856047493683,80.78856047493683,2178300
2016-09-16,81.37431335449219,81.75426784458996,80.87561478224572,81.45347003665691,1443600
2016-09-19,81.20018768310547,81.8017834668026,80.93104764154039,81.4772391676067,1131900
2016-09-20,80.89936828613281,81.50888747478074,80.78854771351833,81.20017215974492,1451700
2016-09-21,83.23452758789062,83.40075844225413,81.46930387661853,81.7067799767196,2078800
2016-09-22,84.5248031616211,84.88892877048106,83.51158302579019,83.51158302579019,1780000
2016-09-23,83.88363647460938,84.738543334518,83.66199529743362,84.55647748796983,1373900
2016-09-26,82.53002166748047,83.70155511231945,82.13423219895714,83.40867477074372,2080500
2016-09-27,85.11848449707031,85.79924288496842,82.68041985386627,82.94164235976703,3524500
2016-09-28,86.76498413085938,88.05525586736731,85.8863308619413,87.55656321714454,5446800
2016-09-29,85.83882904052734,86.71748221723058,85.76758378981893,86.69372977414876,2321600
2016-09-30,86.91536712646484,87.3903132667575,85.23721765554512,86.03671404925292,3028300
2016-10-03,86.02879333496094,86.97868557983604,85.5063483727923,86.47207557733364,1929500
2016-10-04,85.34803009033203,86.81244973310017,85.18971673840417,86.25042948270882,1680100
2016-10-05,85.3163833618164,85.79132955233774,85.0947422088577,85.46678530386775,1541000
2016-10-06,85.27680206298828,85.59342880831461,84.77810346449,84.93642287642122,1074300
2016-10-07,85.2134780883789,85.73591707281908,84.26357969234573,85.4905295224963,1207600
2016-10-10,86.93911743164062,87.59612940883734,85.98130762791355,85.98130762791355,1801300
2016-10-11,86.9470443725586,87.2320133281847,85.9892343980866,87.12119273869335,2079100
2016-10-12,87.27159118652344,87.46156846953961,86.68582437431668,86.94704087373806,1265900
2016-10-13,87.58822631835938,87.93651700649256,86.91538530891604,87.44574184253744,1515300
2016-10-14,88.06316375732422,88.80724994995202,87.88109793003095,88.0789926800474,1687400
2016-10-17,87.38241577148438,88.64102967234331,87.3190879944905,88.26106904964932,1133800
2016-10-18,87.1607437133789,87.94440504843021,87.09741595881977,87.94440504843021,1150500
2016-10-19,86.35335540771484,87.4615672822584,86.31378007889438,87.07369523991225,1679000
2016-10-20,85.91007232666016,87.12910477413232,85.6251033888475,86.82038943138008,1924600
2016-10-21,85.98921203613281,86.04462231646876,85.18180423134231,85.80715227471514,1763000
2016-10-24,85.7280044555664,86.2821073162017,85.42720058327734,86.10795897735397,1221500
2016-10-25,85.5697021484375,86.03673697230083,85.31639707017466,85.69635770720363,2047300
2016-10-26,83.99443054199219,85.49051405480998,83.97859558332573,85.49051405480998,1440000
2016-10-27,83.00495147705078,84.55644516343988,82.93370624632638,84.39813182291181,1901400
2016-10-28,82.71207427978516,83.45616034875168,81.78592845305074,82.34003124530189,1942900
2016-10-31,82.17382049560547,83.28994987190107,81.93635040056121,82.712094499349,2236500
2016-11-01,83.3611831665039,86.57499803668789,80.59065664626134,81.29516147826725,6877600
2016-11-02,82.04717254638672,83.26620504979019,81.96801584653332,83.02081142919484,2461900
2016-11-03,81.54847717285156,82.49837572745719,80.66191243567616,82.30839843224379,1918500
2016-11-04,81.3822021484375,82.32418271008923,81.23180630595652,81.81757283809151,1448500
2016-11-07,83.11578369140625,83.21077533261851,82.21338423732668,82.26879451821691,1789900
2016-11-08,83.8124008178711,84.18444399615127,82.71210624851086,82.7279412139912,1819000
2016-11-09,81.6038818359375,82.81500286240309,81.29516648779986,81.61971679901933,2326000
2016-11-10,78.88876342773438,81.24766538766745,77.74097029216372,80.84395842003445,4565600
2016-11-11,78.4059066772461,79.02333736491563,77.74889462169259,78.71462202108086,1674800
2016-11-14,76.64067840576172,78.21591892203975,76.06282307948388,78.20800748032676,2878600
2016-11-15,77.35309600830078,77.6934751985828,76.83856848262776,76.87814984585958,1783100
2016-11-16,77.1868667602539,77.51141099629218,76.30821362377559,77.1472853961981,1218700
2016-11-17,77.5272445678711,77.57473737247211,76.98105315788686,77.06020984531126,1098000
2016-11-18,76.6485824584961,77.43224383885288,76.42694134399255,77.01270800936155,1480500
2016-11-21,78.01010131835938,78.33464551989951,76.64858467361321,76.64858467361321,1408900
2016-11-22,79.14208221435547,79.42704513832916,77.9388785830472,78.23967647123959,1882000
2016-11-23,78.27923583984375,79.42702281303676,77.96260307643158,79.18163529004447,1222200
2016-11-25,78.95207977294922,79.76740509409228,77.89928439941757,78.2317460963223,716900
2016-11-28,79.34952545166016,79.65156493056028,78.52288438582062,78.96004631073941,1526200
2016-11-29,79.52438354492188,79.89001215569755,79.10310986535748,79.20644377688316,1233100
2016-11-30,77.91881561279297,79.6833761343695,77.91881561279297,79.19851919594717,1819400
2016-12-01,75.24015045166016,78.09364563583497,74.79503241903943,77.68032824575404,3214500
2016-12-02,76.01115417480469,76.18602134186311,75.30374140930205,75.47860857636049,1795800
2016-12-05,75.93167877197266,76.87754796775772,75.69322848059792,76.0111622024309,1732800
2016-12-06,75.89192199707031,76.06678307671474,75.3911649825838,75.92371051031796,1485200
2016-12-07,77.20342254638672,77.41008429202635,75.73295803545814,76.0191032019757,2130700
2016-12-08,77.98238372802734,78.22084008269266,76.55165772842942,77.02062027548536,1602000
2016-12-09,78.72157287597656,78.76131154973115,78.06184903685529,78.23671618112316,1135700
2016-12-12,79.00772857666016,79.333612427495,78.45133249191822,78.47518297639567,1757600
2016-12-13,79.34952545166016,79.82643212620675,79.11106908228817,79.5959259195998,1676500
2016-12-14,78.53082275390625,79.68334754964395,78.0618602483616,79.44489121608613,1648500
2016-12-15,77.48162078857422,78.40363935266846,77.40213130640045,77.71212088145072,1857200
2016-12-16,77.77571105957031,78.2844122183216,77.10804306278278,77.6962276405522,2058900
2016-12-19,77.56905364990234,78.30826101001776,77.10009720657358,78.04596631903216,1144400
2016-12-20,76.31319427490234,77.56904680882297,75.88397654905758,77.37033523560945,1529700
2016-12-21,77.34651184082031,77.51342887998626,76.48808221999512,76.59141008304138,1121900
2016-12-22,76.9729232788086,77.38624680712772,76.3767884725073,77.0444626089471,684200
2016-12-23,77.68827056884766,77.8074987188673,76.76625207470008,77.2193141934182,611600
2016-12-27,77.48957061767578,77.92673854518645,77.36239835234319,77.64059336794247,600900
2016-12-28,77.06829833984375,77.56110524058926,76.83779217969808,77.37828791902677,569200
2016-12-29,77.91082763671875,77.97441679284391,77.26700410748968,77.33059326361484,624600
2016-12-30,77.34651184082031,78.19699736277876,77.09216120053922,78.14135834972345,999300
2017-01-03,77.79955291748047,78.36389305738443,77.27495751787514,77.80750307837938,1104900
2017-01-04,79.01566314697266,79.10309064935333,78.06979423448543,78.23671120771343,1213400
2017-01-05,79.23026275634766,79.7071692231663,78.69771730280343,79.07129595547303,2072700
2017-01-06,79.31773376464844,79.65156784261626,78.94415493559974,79.22235000057294,879500
2017-01-09,78.11748504638672,79.23027096031778,77.83929008395279,79.23027096031778,1347700
2017-01-10,76.63114929199219,78.45929249173453,76.2098755788152,78.1572530233068,2558100
2017-01-11,76.04295349121094,77.06035591104786,75.99526464784257,76.69472729543126,1590700
2017-01-12,75.85218811035156,76.08269428164371,75.39117576776728,75.82039352835992,2101400
2017-01-13,77.59288024902344,77.72800263372332,76.20189954204385,76.40061107161236,1608400
2017-01-17,77.82339477539062,78.56259592377701,77.52134933666558,77.52134933666558,1339400
2017-01-18,78.05389404296875,78.86464055906085,77.83928823823568,77.89492722940317,1138500
2017-01-19,77.529296875,78.26850406258508,77.43391315059722,77.88697522916904,993600
2017-01-20,77.59288024902344,78.0061975622803,77.21135144400625,77.86312501842319,908200
2017-01-23,76.45626068115234,77.60083512685672,76.17805964974386,77.14777301905394,1698100
2017-01-24,77.00471496582031,77.31470456829898,75.11298276810474,76.45627508831006,2209300
2017-01-25,77.09215545654297,77.77572388840403,76.85370516015709,77.33856197959801,2238900
2017-01-26,76.33702087402344,77.44980663710025,76.24958731708347,77.17160564818514,1305000
2017-01-27,75.78858184814453,76.6708615907284,75.65345945331153,76.29728291685296,1017400
2017-01-30,75.88397979736328,75.93961879767693,75.04938872846236,75.91577437814198,1179300
2017-01-31,76.71855926513672,76.8536877397427,75.43886235028111,75.70115701043156,1299300
2017-02-01,76.6390609741211,77.08417892229672,76.03498229277389,76.58342198862347,1300400
2017-02-02,76.26551818847656,77.26702646252102,76.21782933968312,77.00472566576218,1094600
2017-02-03,77.10009765625,77.63264326712827,76.40857913333578,76.79805821967648,1519500
2017-02-06,76.68678283691406,77.20342814216565,76.47217091437247,77.20342814216565,1904300
2017-02-07,75.42298126220703,76.79806832736504,75.12094178588093,76.62320113320881,3250800
2017-02-08,76.00321197509766,76.87754176802268,75.23221002701584,75.43887178089881,2693900
2017-02-09,76.8377914428711,77.0444531817434,75.78064439364267,76.00320645468769,1655200
2017-02-10,76.26551818847656,77.05242057875307,76.20193507815112,76.83780863078768,1562100
2017-02-13,76.47216033935547,76.75035532621976,76.04294261782375,76.61523291319938,1653200
2017-02-14,79.08718872070312,79.5640951785418,74.81091879007064,77.23519581083171,4140200
2017-02-15,78.7136459350586,78.96799656606139,78.14930566202732,78.68980151093292,2634800
2017-02-16,79.32566833496094,79.74693593114162,78.30825991073654,78.53876608046107,1864900
2017-02-17,80.74842071533203,81.18558854109256,79.19052292637784,79.42102904685203,2856500
2017-02-21,79.9059066772461,81.00279857736685,79.71514524147598,80.39076346065086,2355700
2017-02-22,79.6595230102539,80.12847956864253,79.29389432129042,79.60388399376377,1062500
2017-02-23,79.52438354492188,80.42255778024929,79.37336079065923,79.48463879984328,1036300
2017-02-24,80.62577056884766,80.74548932763184,78.94972621331621,79.65207301730392,1729500
2017-02-27,79.42860412597656,80.49010123699989,79.26898315567743,80.3703824647007,1634000
2017-02-28,80.12295532226562,80.37036961341244,79.05348159614185,79.64408639879008,1657100
2017-03-01,79.54032897949219,80.52200930476619,79.50042070093865,80.1868016858506,1325300
2017-03-02,78.60655212402344,79.45256039764111,78.54270738324969,78.98965101441733,1430700
2017-03-03,79.69195556640625,79.69993843879712,78.42295286789576,78.49478045197105,1912100
2017-03-06,78.39901733398438,79.53234174869348,78.3351665274562,79.41262300874014,986800
2017-03-07,77.40935516357422,78.51076036466665,77.24973422183695,78.39902448762084,1546000
2017-03-08,77.2337646484375,77.56099547868287,76.81874656698915,77.2257878641498,1952600
2017-03-09,77.24974060058594,77.52109744177578,76.79481418100657,77.12203896533251,1298900
2017-03-10,77.49715423583984,77.81640223205758,76.99434275197252,77.71264922117517,854400
2017-03-13,77.80841827392578,77.85630943063832,77.13800297144019,77.27368138896956,1494300
2017-03-14,77.505126953125,78.31122666787596,77.41733361344181,77.85630031185775,735800
2017-03-15,78.13565063476562,78.47884116688401,77.41734416182608,77.52908004771122,981500
2017-03-16,78.39901733398438,78.6065233214789,77.92014237417102,78.19948813044483,980300
2017-03-17,78.51876831054688,79.30890872642513,77.43332842634636,78.81407386802016,1612300
2017-03-20,78.72624969482422,78.90981925910488,78.1994957127621,78.6943242884646,1303700
2017-03-21,78.2394027709961,79.53235440782422,78.1995005774258,78.8140479429197,1820700
2017-03-22,77.82440948486328,78.57463550846077,77.70469068763626,78.41501450492538,887100
2017-03-23,77.61686706542969,78.15160391697837,77.46522290875373,77.4891654410397,872900
2017-03-24,77.43330383300781,77.99997222612905,77.20983206120462,77.64879881949597,586700
2017-03-27,76.98638153076172,77.40140586931936,76.73098427978424,77.09013457082574,1032100
2017-03-28,76.8586654663086,77.07415436567356,76.21218658991535,76.81875718276179,1392500
2017-03-29,77.14599609375,77.20984082926614,76.41970666376203,76.7549143595335,1115700
2017-03-30,76.27603149414062,77.06616551608418,76.2201635549961,76.78682582036159,1307600
2017-03-31,76.38777923583984,76.76289520941705,75.98073785077206,76.10045662157431,1453700
2017-04-03,76.1882553100586,76.83472819280036,75.96478350314293,76.6032795993163,1328300
2017-04-04,76.29200744628906,76.4197090996915,75.5018732555989,76.0445931042593,1538100
2017-04-05,76.1882553100586,76.81078565479511,75.90891555141401,76.1882553100586,1446500
2017-04-06,76.61923217773438,77.41734917958578,76.29998415916393,76.31594990912467,1449600
2017-04-07,76.11642456054688,76.80280570445636,75.96478037389369,76.50750020653955,995700
2017-04-10,76.53143310546875,76.6990369326439,75.86899458200334,76.02862162394328,827400
2017-04-11,76.28402709960938,76.43566519451029,75.5896630922273,76.43566519451029,1092200
2017-04-12,76.26805114746094,76.39575277782208,75.95678603489176,76.24410861405545,834600
2017-04-13,75.46993255615234,76.30795774170518,75.46993255615234,76.22016439506065,855900
2017-04-17,75.92487335205078,75.96478164051436,75.3981192614011,75.6455336002555,676100
2017-04-18,76.87460327148438,77.09807498185756,75.59761771996087,75.805129774942,1176100
2017-04-19,76.7469253540039,77.11405840365502,76.42767737065329,76.87462089385485,1473500
2017-04-20,75.86103057861328,76.29200844159409,75.50187424059584,76.20422116517213,1607300
2017-04-21,75.7093734741211,75.98073031113957,75.485901705012,75.80514969908886,1807600
2017-04-24,76.65116119384766,76.94646669051639,76.21219438652248,76.31595349869922,1185000
2017-04-25,77.03424835205078,77.39340464710767,76.87462739145839,76.89058705185789,1215900
2017-04-26,76.4835433959961,77.23376913556413,76.45161798954553,76.9624123144573,972000
2017-04-27,76.44364166259766,77.13800561178125,76.26805495665587,76.77884932531421,1319300
2017-04-28,76.53143310546875,76.6591347390207,75.95678793278304,76.42768009506956,958500
2017-05-01,76.02861785888672,76.9783728325126,76.00467532606866,76.57133759630811,926000
2017-05-02,76.10844421386719,76.37980109463108,75.40610338499299,75.9967083112997,1962400
2017-05-03,72.54087829589844,74.25683164689538,71.2479261243946,73.44274862030542,8211200
2017-05-04,73.21126556396484,74.50421103868858,72.14178575675338,72.41314866780503,3582400
2017-05-05,74.32066345214844,74.40047394099805,73.55447179872216,73.67418448742158,1983100
2017-05-08,74.96711730957031,75.02298524650709,74.30467885078532,74.56805887740803,2386800
2017-05-09,74.06526947021484,74.93521418823808,73.89765952041287,74.76761032758635,1274400
2017-05-10,74.08120727539062,74.12111555435908,73.6182980316098,73.96148852763373,933300
2017-05-11,74.6159439086914,74.63190965589416,73.82580991831104,73.8896607288252,1116400
2017-05-12,74.81547546386719,75.01500468610111,74.2488132034207,74.59200370922898,1307400
2017-05-15,75.08684539794922,75.2464663550118,74.62393609765884,74.62393609765884,959600
2017-05-16,75.078857421875,75.50185840958295,74.99106407471122,75.06289776291284,967500
2017-05-17,74.24880981445312,75.422042561902,74.07322313263786,75.07885207175809,1443100
2017-05-18,73.8417739868164,74.11313690313546,73.66619338113796,74.10515402905727,1656200
2017-05-19,75.12674713134766,75.19858082398919,73.8577440897892,74.12112414755953,1968400
2017-05-22,75.95679473876953,76.2201748147084,75.2544539587488,75.50985115958812,2202400
2017-05-23,75.70140838623047,76.23614540068803,75.27042440633693,76.06854153447672,2302400
2017-05-24,75.37418365478516,75.7492996798957,75.03099304555109,75.5737129371503,1376900
2017-05-25,75.54975128173828,75.9727522790595,75.38214136850824,75.78918270650462,1543500
2017-05-26,76.77618408203125,76.99261651040456,75.19705296603438,75.41348539440769,1733500
2017-05-30,76.37539672851562,76.79222642119565,75.97460224012868,76.4796072095049,1609000
2017-05-31,75.98260498046875,77.18498821044963,75.78220777547193,76.55173230878322,2960900
2017-06-01,77.42546844482422,77.42546844482422,76.15896263840817,76.15896263840817,1786600
2017-06-02,77.64188385009766,78.05870729330428,77.28918285655902,77.6579129336055,1003400
2017-06-05,77.15292358398438,77.4014141600821,76.64792483124592,77.25712792849434,1816800
2017-06-06,76.96854400634766,77.4254493190792,76.80822871317872,77.06473685163087,1019700
2017-06-07,71.96664428710938,78.15491104251625,70.79632532742613,76.94451019501776,9451700
2017-06-08,69.8664779663086,72.10290518362969,68.9606787702358,71.96663656470014,8588600
2017-06-09,70.05885314941406,70.07488223243023,69.05686728090309,69.57790115565608,3918300
2017-06-12,70.74823760986328,70.74823760986328,69.64204102036749,69.89854922223182,3622100
2017-06-13,71.32536315917969,71.52576032839832,70.53980356496264,70.90051602330169,2734600
2017-06-14,70.63602447509766,71.95864142497459,70.32340525614796,71.6059464256388,2065900
2017-06-15,70.2512435913086,70.52378696983561,69.93060684065689,70.37950073782422,2087300
2017-06-16,69.61799621582031,70.41156753124312,68.92862925797404,70.26728739720089,3149200
2017-06-19,69.40158081054688,69.78634012642819,68.86451761949138,69.78634012642819,3072500
2017-06-20,69.46568298339844,69.90655311999772,69.25726819910172,69.31337916614659,1595600
2017-06-21,68.75225830078125,69.62599314094372,68.60797209394875,69.33742072727871,1376500
2017-06-22,68.89656066894531,69.17712166489144,68.50378383651355,68.7041810532535,1684900
2017-06-23,69.3374252319336,69.50575813156824,68.74425128336816,68.92060178269112,1770600
2017-06-26,69.2171859741211,69.87448849153087,69.2171859741211,69.69012650742388,1161800
2017-06-27,69.24124145507812,69.40957437676899,68.75227177584576,69.25727665655582,1257800
2017-06-28,70.07489776611328,70.39553453824045,69.33743747116723,69.56188137696492,1497500
2017-06-29,69.30537414550781,70.0668872543471,68.85648632767436,70.0668872543471,1311200
2017-06-30,69.20919799804688,69.70618542759924,69.17713981671773,69.6260277429977,1015600
2017-07-03,69.26529693603516,69.72220234561982,69.08894640678533,69.48172323925411,516300
2017-07-05,69.28936004638672,69.48975731064337,68.87253031197493,69.0568984859723,1719500
2017-07-06,69.09695434570312,69.62600590629832,68.96870331369173,69.19314720643973,1011400
2017-07-07,69.04084777832031,69.51378839590896,68.80838627010051,69.09695875508801,1330500
2017-07-10,68.6240234375,69.52180517075017,68.57593006245297,69.37751892997136,837000
2017-07-11,68.87250518798828,69.15306003247622,68.40758223675857,68.58393274347584,988500
2017-07-12,69.53785705566406,70.18714229422231,69.1450800941841,69.50579275657431,2656700
2017-07-13,69.73021697998047,70.00276038721192,69.27331154976238,69.77029887139739,1921500
2017-07-14,70.45162963867188,70.56385156628193,69.82639143751982,69.96266004738396,983400
2017-07-17,70.14704895019531,70.71617635640386,70.11498465913084,70.57189010443281,974400
2017-07-18,70.23522186279297,70.37950810991802,69.91458507855529,70.2993443271301,665000
2017-07-19,70.96466064453125,71.01275401902367,69.99473885989573,70.33942231357923,1312400
2017-07-20,70.17110443115234,71.26928360405572,70.13102253339044,71.03682205144234,1253200
2017-07-21,70.52379608154297,70.63601804142459,69.97069776809914,70.14704830952402,1869000
2017-07-24,70.50775146484375,70.83640581464566,70.33140094696344,70.49172237941706,1334700
2017-07-25,71.00474548339844,71.23720699583151,70.3795071264726,70.51577577028712,1268200
2017-07-26,71.37347412109375,71.62998231631448,70.82839344179497,71.16505930134011,2105800
2017-07-27,71.79830169677734,72.54377945402427,71.42957161795925,71.82234837997295,1323200
2017-07-28,71.42958068847656,71.98267893475744,70.98069290345869,71.97466133412858,718000
2017-07-31,71.32536315917969,71.62996465476297,71.0768665107159,71.54980701020276,872300
2017-08-01,71.49371337890625,71.75022157306321,71.18109420839113,71.42156720036705,1498600
2017-08-02,73.60991668701172,75.36539237516153,72.7522167325236,75.03674407712852,2702100
2017-08-03,72.84039306640625,74.17904519988747,72.78428208223754,73.50570727422428,1566100
2017-08-04,72.55181884765625,73.21713303992438,72.23919964093166,72.9285666392573,1209000
2017-08-07,72.02273559570312,72.5517870153533,72.0147179972017,72.48765845861344,1288800
2017-08-08,72.67204284667969,73.05680204223353,72.0708512524443,72.08688033741024,1778200
2017-08-09,72.54380798339844,72.72015855036861,72.15103106691697,72.63198326688352,1131900
2017-08-10,72.30331420898438,72.71212624834934,71.71815775393749,72.14299887995071,1150100
2017-08-11,72.46361541748047,73.02472502804072,71.91051729018817,72.39948685752042,688600
2017-08-14,72.84039306640625,73.22515235338071,72.5758672343372,72.62396061629936,783500
2017-08-15,73.00070190429688,73.15300575444144,72.59990744866427,72.7682403861534,719800
2017-08-16,73.21713256835938,73.53776937503804,72.91253096561577,73.0087238423109,803800
2017-08-17,72.11092376708984,73.36140026964037,72.09489468284758,73.06481634388189,953300
2017-08-18,71.93458557128906,72.22315806212379,71.60593730517269,71.9906965491937,1091500
2017-08-21,71.92656707763672,72.24719771120178,71.75021655979354,71.97466044954402,470100
2017-08-22,71.3574447631836,72.27927326750844,70.78030586339628,71.96665407009263,1973800
2017-08-23,71.6540298461914,71.95863142045917,70.81235907179872,71.22117111498699,1441200
2017-08-24,71.99069213867188,72.03879162795612,70.7562445847604,71.4135471923613,3484300
2017-08-25,72.944580078125,73.23315253252021,71.99068745856101,72.29529511355437,2468000
2017-08-28,71.73420715332031,73.04080130591592,71.4296054956482,72.97667270988826,3669600
2017-08-29,71.98381042480469,72.1046033711748,71.15437494686606,71.1785323073832,1102700
2017-08-30,72.17707824707031,72.45893051410735,72.0160250748646,72.0160250748646,711800
2017-08-31,72.27371978759766,72.79715185604203,72.14487232419619,72.37035538514877,1241800
2017-09-01,72.49918365478516,72.97430091082465,72.20928305809966,72.46697179473298,942500
2017-09-05,71.57310485839844,72.56359947993832,71.30736779350246,72.24148705824662,1289900
2017-09-06,71.44429779052734,71.94356644665402,71.15439708655028,71.68587761465066,1987800
2017-09-07,70.81617736816406,71.80666626042361,70.72759626153454,71.56508645089528,1547400
2017-09-08,71.0657958984375,71.20269170781286,70.57457574123448,70.92890008906214,1786700
2017-09-11,71.99993133544922,72.11266979903083,71.18659858208005,71.30739154842762,1194300
2017-09-12,72.23343658447266,72.67634195695932,71.8630094292037,72.12069815216401,679300
2017-09-13,71.33155059814453,71.96772116840482,71.08996465974192,71.58118489571777,1717900
2017-09-14,70.67928314208984,71.77446226808844,70.60681103441289,71.19466697531273,1139000
2017-09-15,70.26054382324219,70.76786702819686,69.78543249311134,70.44576056753246,1724300
2017-09-18,69.3586196899414,70.26053362270645,69.1653546128439,70.26053362270645,1407300
2017-09-19,68.82715606689453,69.59216820315153,68.61778193149642,69.36669120062473,1094900
2017-09-20,67.22464752197266,68.91573103350376,66.98306153013094,68.64998767123525,1777800
2017-09-21,66.68506622314453,67.28097633994196,66.14553146185088,67.28097633994196,1537500
2017-09-22,66.68506622314453,66.99912413755625,66.44348652024959,66.68506622314453,1475900
2017-09-25,66.2099838256836,66.8380999263228,65.96034951486185,66.70120408772932,2207300
2017-09-26,66.3146743774414,66.73342258195973,65.98451343136595,66.18583302944185,1231200
2017-09-27,65.92007446289062,66.31465906373975,65.68654304579641,66.20997510867758,1460400
2017-09-28,65.5093994140625,66.02477712061001,65.16312944149588,65.78319727654599,1677800
2017-09-29,65.742919921875,66.27440654890336,65.5577093533912,65.67849618336504,1614100
2017-10-02,66.04891967773438,66.20997901477622,65.56575395417984,65.84760011427119,2365300
2017-10-03,65.9683837890625,66.54818503317365,65.79122161516358,66.21802419036764,999200
2017-10-04,66.98303985595703,67.41789081429215,65.97644212197342,65.97644212197342,1192700
2017-10-05,66.92669677734375,67.77224166176441,66.80590377331403,67.3937597829054,1469500
2017-10-06,66.98303985595703,67.03940908330871,66.58040076236358,66.67703635658862,867300
2017-10-09,66.24217987060547,67.15214193443131,66.09722956325595,66.95887690589346,1034400
2017-10-10,67.6192398071289,67.71586929964802,66.32274086967094,66.32274086967094,1670800
2017-10-11,67.75609588623047,67.86883432380883,67.39372321455488,67.60309108789524,1790100
2017-10-12,67.92521667480469,67.957428540881,67.46620833484145,67.57894679421591,806900
2017-10-13,67.31320190429688,68.37617502815154,67.20046344760655,68.2231702038782,1236300
2017-10-16,66.63677215576172,67.53868596649059,66.44350710481453,67.17630708420626,1339100
2017-10-17,66.59648895263672,66.84612931344644,66.22606180538448,66.57233159534822,1354200
2017-10-18,66.51598358154297,66.88641084686422,66.40324511574022,66.83004161396285,1789300
2017-10-19,67.30516052246094,67.53869196232239,66.41130113477206,66.43545850031191,1640200
2017-10-20,67.03942108154297,67.53064135514485,66.8300469951423,67.53064135514485,1136000
2017-10-23,67.32931518554688,67.3937389202578,66.95083342385203,67.24073408626572,1301500
2017-10-24,67.29708099365234,67.37760756343508,66.71727986116308,67.16823971075665,846900
2017-10-25,66.24217987060547,67.1924082979446,65.39663538710258,67.1924082979446,2454300
2017-10-26,64.72020721435547,66.03280838885932,64.70409821081435,66.03280838885932,2009000
2017-10-27,63.15796661376953,64.63967548570339,62.89222334528634,64.54304603809845,2285300
2017-10-30,63.576717376708984,63.84246068206357,62.95665580800062,62.972758670240744,1497300
2017-10-31,65.12284851074219,65.19532059779452,63.71361169828745,63.81024114769056,2011900
2017-11-01,65.2597427368164,67.09577595616773,64.62357225400875,65.7026420379562,2501700
2017-11-02,63.681427001953125,65.11482178828008,63.21436398462776,65.02624065934639,2511300
2017-11-03,64.22899627685547,64.67189563730085,63.73777604263041,63.73777604263041,1290300
2017-11-06,63.52840042114258,64.30146680109127,63.319026356640194,64.12430460372659,1233900
2017-11-07,63.52035140991211,63.98741430810953,63.32708633416303,63.32708633416303,1197300
2017-11-08,64.12428283691406,64.26923311793806,63.302902006967024,63.77801306245583,1230200
2017-11-09,64.84906768798828,65.05038728525325,63.96326268877969,63.96326268877969,946600
2017-11-10,64.69605255126953,65.05843145505554,64.50278748885499,64.88126925459824,1292100
2017-11-13,65.09868621826172,65.41275036603182,64.5511029446755,64.5511029446755,982700
2017-11-14,64.84100341796875,65.42885925671008,64.51889702588728,64.82490055587893,861900
2017-11-15,63.4478759765625,66.03281850010501,63.375397737098716,64.82490108851772,1435500
2017-11-16,64.01156616210938,64.56721011879672,63.29486901346492,63.447873846474,1207000
2017-11-17,64.1645736694336,64.3981051081546,63.52034858718354,63.810249259817496,748800
2017-11-20,63.77804183959961,64.15652364103524,63.65725500406581,64.0035249347637,1184500
2017-11-21,63.874671936035156,64.50278800171571,63.778036332166764,63.94715017488286,872700
2017-11-22,64.05184173583984,64.29342155848903,63.8344131372906,64.1082109755033,1473200
2017-11-24,64.15652465820312,64.3658987494248,64.0115743094783,64.3658987494248,294000
2017-11-27,63.922996520996094,64.20484887311864,63.55256919807072,64.09210424599769,951500
2017-11-28,63.278770446777344,64.1565208469555,63.10966274060869,63.906886539342615,1401900
2017-11-29,61.94308853149414,63.35971699053285,61.72452571525826,63.23019988580306,1999800
2017-11-30,63.222103118896484,63.31924557942386,61.748809768952775,61.934997940961075,2076800
2017-12-01,64.12065124511719,64.46873734437425,63.20591622893465,63.31924601231974,1485900
2017-12-04,65.1729965209961,65.56965070337596,63.95874373019283,64.40396604788192,1587100
2017-12-05,65.01922607421875,65.61016548507214,64.5092418361491,65.32683473235421,1248800
2017-12-06,65.62631225585938,65.8772558435664,65.05156670517015,65.22156134613383,1341000
2017-12-07,64.71968078613281,65.41585298253534,64.64682857246765,64.71968078613281,816500
2017-12-08,64.87348175048828,64.90586256759872,63.96683739942442,64.71158384094552,980200
2017-12-11,65.399658203125,65.58584017860191,64.50920736247336,64.76015097116365,979200
2017-12-12,64.88157653808594,65.6101294610307,64.83300222588349,65.37537317608133,952700
2017-12-13,64.35541534423828,64.94635457993827,64.12065899997448,64.8492121069982,931500
2017-12-14,64.25016784667969,65.02728892738524,64.17730946435857,64.35540087002202,1062600
2017-12-15,64.59825134277344,65.20537774194985,64.30683017708803,64.42015994418689,2356600
2017-12-18,65.44823455810547,65.91774719384347,65.22157498940715,65.22157498940715,1516000
2017-12-19,65.32678985595703,65.95010967253035,65.27012497954203,65.70725667303273,1522800
2017-12-20,65.23776245117188,65.44823469798877,64.38778906673647,65.30252409265555,1105300
2017-12-21,65.71537017822266,66.0229787034899,65.22967023137599,65.32680651513938,1503600
2017-12-22,65.65059661865234,66.01487614465508,65.47250522940773,65.8529720744287,803100
2017-12-26,66.23344421386719,66.32248991560742,65.69107943127432,65.72346024790797,558900
2017-12-27,66.12010955810547,66.67057104818603,66.08772874386439,66.39533721514134,672200
2017-12-28,66.40345001220703,66.50059247840926,65.91775003321646,66.25773940090883,660000
2017-12-29,66.43583679199219,66.82440051563577,66.38726864254082,66.54916659138597,798700
2018-01-02,66.57345581054688,66.8729738326675,66.08775575046829,66.57345581054688,1136000
2018-01-03,65.93394470214844,66.62202643972421,65.77204674978414,66.30632110940613,1330900
2018-01-04,66.37915802001953,66.74343141679874,66.039168692891,66.23344742610594,966000
2018-01-05,67.13199615478516,67.24532593234413,66.4196366706988,66.7272451846432,1206500
2018-01-08,67.8524398803711,68.18433857919352,66.83246589434164,67.07531890206579,1592000
2018-01-09,67.69863891601562,68.18434497703848,66.83247216533823,67.9010143827721,1442600
2018-01-10,68.9776611328125,69.42288968032784,67.74722087351255,67.82816983414902,1795000
2018-01-11,68.39481353759766,69.50383335967834,68.29767726261876,69.16384404523352,904100
2018-01-12,68.71052551269531,68.94528182690154,68.40291698511989,68.71862226173965,1191300
2018-01-16,68.58102416992188,68.87244544239553,68.31388697415245,68.84006461478609,1832600
2018-01-17,68.54861450195312,69.1071727351948,68.4029039270209,68.80765483783166,1090900
2018-01-18,67.39103698730469,68.53243769535811,67.26961046023372,68.53243769535811,1719600
2018-01-19,67.81196594238281,67.97387001484937,67.39102770598751,67.6014999121896,1225600
2018-01-22,68.04673767089844,68.09531199167552,67.48008872858478,67.7634131997416,1328700
2018-01-23,67.39915466308594,68.07103679294255,67.34248975632666,68.06294621769955,1047600
2018-01-24,67.90911102294922,68.07910567363378,67.31817811952324,67.65816742089235,884000
2018-01-25,67.82816314697266,68.13577163746808,67.43150895575317,67.91720884769671,905200
2018-01-26,68.31387329101562,68.35435086142269,67.39104150502759,67.73103086281051,978100
2018-01-29,67.57723999023438,68.50816249149197,67.56914323971591,68.10341142972395,805800
2018-01-30,67.57723999023438,68.17626983236795,67.53676241365314,67.55294973867899,979800
2018-01-31,68.01434326171875,68.14386652323553,67.33436466678275,67.7472123428562,1053700
2018-02-01,67.6338882446289,67.92530943145319,67.27770542161933,67.87673511630945,759700
2018-02-02,65.61823272705078,67.26152086358502,65.40776664549207,67.15628782280567,1242600
2018-02-05,62.88210678100586,66.03916537308805,62.614969676258376,65.11633371669609,1763500
2018-02-06,63.12495422363281,63.529705130956415,62.13736102160183,62.315452408985614,2208700
2018-02-07,61.651668548583984,63.31114376166796,61.352150617944886,62.82544384993629,2525100
2018-02-08,60.315975189208984,62.2425870691158,60.30787844268611,62.16163813191111,2568800
2018-02-09,60.07313919067383,60.93120928452591,58.8588862611806,60.58312319769746,2405100
2018-02-12,61.33597183227539,62.07262171295762,60.84218122972176,61.14169305618782,1989500
2018-02-13,61.27928924560547,61.594994481633634,59.99218423349205,61.2145337896065,1669300
2018-02-14,65.12443542480469,65.31872035748427,62.33165590964672,62.53403141584687,3886400
2018-02-15,66.1686782836914,66.26582072728408,64.07207149488961,65.15680098963443,2086000
2018-02-16,65.95011901855469,66.61391031177358,65.4806064468608,66.1443977400797,1706600
2018-02-20,64.55776977539062,65.78820981730219,64.52538896165495,65.6182151771965,1688100
2018-02-21,63.74826431274414,65.05156265499647,63.72398024783396,64.46872039311862,1814900
2018-02-22,63.50542068481445,64.54967886213993,63.14114730537944,63.910171629079706,2067600
2018-02-23,63.6754264831543,63.92637011185008,62.704020435539746,63.65923298555535,1387600
2018-02-26,63.084495544433594,64.33922620309599,62.11309554650891,63.772571057631126,1637300
2018-02-27,61.991668701171875,63.27877400096075,61.983571951358904,62.963068694370634,1301800
2018-02-28,61.72452926635742,62.388320678312596,61.49786968803278,62.347843106750204,1939100
2018-03-01,62.202125549316406,62.75258711063822,61.40881711377033,61.9673754237025,2203100
2018-03-02,63.75656509399414,63.80539997850768,62.104462013024616,62.35675799044849,1982400
2018-03-05,63.50428009033203,63.935616646202035,62.56835775089583,63.55310876936931,2339400
2018-03-06,64.122802734375,64.22046630027485,63.33337265182005,63.756569019105704,1931200
2018-03-07,63.691463470458984,63.854229864216514,63.26826091206555,63.48800237369212,1151100
2018-03-08,65.55516052246094,65.66909822716285,63.91933174904163,64.04140963526204,2372300
2018-03-09,65.99464416503906,66.03533887162374,65.35984648081707,65.72608021265776,1812600
2018-03-12,65.88886260986328,66.70270726592751,65.57146369072959,66.12487830521894,1534800
2018-03-13,65.4819107055664,66.25506650510074,65.33541848527543,66.25506650510074,1476000
2018-03-14,66.0027847290039,66.10044829988634,65.3598468579273,65.76676908956004,1546500
2018-03-15,66.25508880615234,66.32833183638141,65.8400263407639,65.8400263407639,1885000
2018-03-16,65.2621841430664,66.5561937531302,64.39950486055055,66.47481055530719,3339500
2018-03-19,64.67621612548828,65.32728792668878,64.38323164174903,65.0912785123089,1516600
2018-03-20,62.568363189697266,64.96920820034973,62.503260348368535,64.77388104894112,2532400
2018-03-21,61.89287185668945,62.71485026667076,61.68941074763938,62.552083863086814,2010000
2018-03-22,60.541893005371094,61.925426197928935,60.362846218516125,61.494089598218814,2966600
2018-03-23,58.72700881958008,60.69651057399372,58.6537596023918,60.69651057399372,3167800
2018-03-26,60.15126037597656,60.42796457343315,59.028150797932675,59.4106587725336,2584900
2018-03-27,60.411678314208984,61.079030537585155,59.69549119995317,60.24890569317784,1853400
2018-03-28,61.372005462646484,62.2835071615213,60.550020929934334,60.73720165346485,2369600
2018-03-29,61.30689239501953,62.2183940339861,61.290612031958425,61.93354977180905,1385200
2018-04-02,59.4838981628418,61.412712078382484,59.3455460725959,61.29063414793079,1613000
2018-04-03,59.93150329589844,60.305870988398155,59.10951868348588,59.55713560339872,2390900
2018-04-04,60.30588150024414,60.501202458824885,58.84096499717657,59.25602125801799,3532200
2018-04-05,60.126834869384766,60.81046754004308,60.004763150643406,60.68838961216038,2112100
2018-04-06,59.54084014892578,60.655802644745286,59.223435222525765,59.81754417561038,2270700
2018-04-09,59.55713653564453,60.411675683712296,59.23159751689775,59.67107426083486,1416000
2018-04-10,60.21635437011719,60.322158131697186,59.54900211126408,59.89081531988961,1142700
2018-04-11,60.13496398925781,60.32215093878901,59.83383931710422,59.907088544013014,998600
2018-04-12,59.9070930480957,60.42795302185586,59.736186451312584,60.18379719265675,1358200
2018-04-13,59.394371032714844,60.22448964444075,59.2478787825114,60.07799739423731,2063300
2018-04-16,59.858245849609375,60.16750442300824,59.47573806645311,59.858245849609375,1278600
2018-04-17,59.988468170166016,60.04543702808272,58.87349914049351,59.483882422089586,1496600
2018-04-18,59.597816467285156,60.1186762845042,59.54898159063795,59.8175516802118,1131100
2018-04-19,59.459468841552734,59.7443193439039,58.85722573460036,59.47574920638761,1960700
2018-04-20,57.27836990356445,59.500167974305654,57.00980595519339,59.296706862701306,4500800
2018-04-23,58.53168869018555,58.55610302911205,57.156295854491475,57.253953210197494,2473600
2018-04-24,58.34449768066406,58.9955693709289,57.87246651405322,58.90604600453239,1506200
2018-04-25,58.523563385009766,58.588666228743286,57.88062545844084,58.14918943555158,1500700
2018-04-26,58.99557876586914,59.516438684682626,58.75142917156658,59.01999310438539,1995400
2018-04-27,58.8409538269043,59.312978869770845,58.482860296535065,59.16648662635981,1797600
2018-04-30,57.9782829284668,59.247884625143136,57.970148953699244,59.20718991474119,3297100
2018-05-01,58.33636474609375,58.401473785949946,57.2702306072927,57.9701372628973,3497500
2018-05-02,49.35152816772461,55.58557978877388,48.98529753528342,55.37397848799885,12433400
2018-05-03,48.34235763549805,51.50821179148363,48.27724859460593,49.34338585493979,5619600
2018-05-04,49.2213134765625,49.32711412759457,47.81336290732916,48.56209833415232,4126100
2018-05-07,48.529541015625,49.68519853948159,48.122618827579174,49.22130749347494,4131400
2018-05-08,49.14806365966797,49.498017006017534,48.28539056784164,48.70858693105641,2400100
2018-05-09,49.70148849487305,49.71776575910099,48.82253795855884,49.15621411380499,1660600
2018-05-10,49.97004318237305,50.1328095649731,49.14805866922196,49.60381261238344,2474800
2018-05-11,49.4166374206543,50.0188805924395,49.11551273019141,49.91308304618309,1377100
2018-05-14,49.172481536865234,50.03515779533613,49.09923851472978,49.66892716180744,2085600
2018-05-15,48.8713493347168,49.22944281174089,48.480704445338375,48.71672003618251,2414100
2018-05-16,48.92018127441406,49.245717131038006,48.76554887079079,48.87948968040727,1914100
2018-05-17,49.04226303100586,49.23758705641403,48.676035528291884,48.78183306684167,2253300
2018-05-18,49.02598571777344,49.23758388581745,48.69230965363912,49.17247484668399,1538600
2018-05-21,49.15620040893555,49.51429080840179,49.017845253857104,49.237583602814745,1386300
2018-05-22,49.66893005371094,49.89680863038019,49.24573053083428,49.384085713587446,2470000
2018-05-23,50.222347259521484,50.40139405692212,49.5061662790602,49.73404176333692,1789600
2018-05-24,50.07585144042969,50.29558982950911,49.48174532383884,50.22234369981597,1865400
2018-05-25,49.99446487426758,50.45021888448171,49.66892585203317,49.8805271478566,2105300
2018-05-29,50.10025405883789,50.311852201675755,49.668914487385734,49.668914487385734,2200000
2018-05-30,50.743186950683594,51.003616858237905,50.10025236272916,50.41765111852539,1664400
2018-05-31,50.17351150512695,51.27220026906455,49.75844909772284,51.19895414449736,2619300
2018-06-01,50.47665023803711,50.796174058671916,50.23905448025806,50.501228031822784,1340300
2018-06-04,50.2882080078125,51.05834234545354,50.05880382983149,50.94364181914051,1327300
2018-06-05,50.05880355834961,50.44387228775928,49.83759718757696,50.2882077350865,2089600
2018-06-06,50.62411880493164,51.38606159891549,49.60819403783485,49.9113315942016,2884100
2018-06-07,51.304134368896484,51.54173012410405,50.34556291736666,50.370140710886325,2428200
2018-06-08,52.07426834106445,52.08245989655896,51.43521762506737,51.45979854226092,1460800
2018-06-11,52.983680725097656,53.180315560139,52.041495580687055,52.22174105411995,3055500
2018-06-12,54.14707565307617,54.21262059843153,52.85259736121302,53.11477089192442,2345400
2018-06-13,54.155269622802734,54.94998488534835,53.76201245725456,54.22900924803674,2060500
2018-06-14,54.663238525390625,54.728783475831264,53.78659512805624,54.17985232927905,2069200
2018-06-15,55.6218147277832,55.69555436599366,54.46661456864854,54.671437868206056,3388000
2018-06-18,54.900821685791016,55.105644920888736,54.40105249209586,54.98274972968829,2586000
2018-06-19,55.400596618652344,55.539874932777,54.48298618010041,54.638653855127814,1715400
2018-06-20,55.80206298828125,55.86760794754841,54.86806919621401,55.40061105151479,2782700
2018-06-21,55.27770233154297,55.91674990173494,55.03191191960306,55.892172110682914,1467500
2018-06-22,56.5475959777832,56.736036104326175,55.490713585633465,55.7692701849389,2537300
2018-06-25,57.178466796875,58.1370382337262,56.52302980973841,56.53122449102297,2224100
2018-06-26,56.21169662475586,56.97363941079898,55.81843321069397,56.916289147363905,2009400
2018-06-27,55.539894104003906,56.572205422368704,55.35964857611508,55.90038515978156,1892000
2018-06-28,55.58085250854492,56.228094942769765,55.16301744081535,55.67097526841874,1643700
2018-06-29,55.74470138549805,56.252665340544326,55.195776527265664,55.67096175862693,1831600
2018-07-02,55.400596618652344,55.82662624147769,55.05648879750179,55.474329990585495,1101500
2018-07-03,55.457950592041016,55.851207770090234,55.11384274786027,55.51530085761945,846500
2018-07-05,57.1047248840332,57.17026983026884,55.78566253191397,55.97410268966391,2142500
2018-07-06,57.858482360839844,58.030533165883774,57.15388977787304,57.40786864474115,1398500
2018-07-09,57.203033447265625,58.12883222934981,57.08013825477785,57.89124277477169,1494200
2018-07-10,56.031436920166016,57.0883254355981,55.92493110104495,56.93265779551412,1991100
2018-07-11,56.21169662475586,56.44929235918973,55.25312525703675,56.14615168062723,3917600
2018-07-12,55.47433090209961,56.39194135572905,55.335052585686434,56.36736356468082,1407200
2018-07-13,55.79386520385742,55.97411070646575,55.343257698047616,55.50711383639463,1480800
2018-07-16,54.810707092285156,55.867595892241276,54.728779036235615,55.80205094711764,1858700
2018-07-17,54.892635345458984,55.61361099227806,54.4420216595033,54.523955966557075,4919000
2018-07-18,52.72151184082031,54.92541236808248,52.23812876749736,54.79432246650515,3399100
2018-07-19,52.3282470703125,52.80343542177326,52.03330106751031,52.42656448814991,4053000
2018-07-20,51.49256896972656,52.58223026929915,51.32051817253775,52.58223026929915,4208600
2018-07-23,51.81209945678711,52.15620107480577,51.205821159106954,51.21401271533608,2160600
2018-07-24,52.77068328857422,53.14755744817034,51.41065344025146,51.41065344025146,4355400
2018-07-25,53.5899658203125,53.73743258079231,53.00826220621568,53.1393521053672,3931700
2018-07-26,53.49984359741211,54.23720240982098,52.90175686546238,53.2868256345753,3984500
2018-07-27,52.664154052734375,53.884898896013325,52.13980702270678,53.49983642920373,1977700
2018-07-30,54.70419692993164,55.154810630217746,52.51668587736506,52.51668587736506,3976800
2018-07-31,54.892635345458984,55.78566178581295,54.425638548518556,54.94179092912323,4246000
2018-08-01,56.80158615112305,58.20257645473945,52.803432243029334,53.45886915440164,7643300
2018-08-02,56.39193344116211,57.317732194732564,55.56444583798668,57.17845389786699,4760100
2018-08-03,56.695091247558594,57.219438435342994,56.29363929925431,56.57220225879001,2201800
2018-08-06,56.58037185668945,57.29315900783564,56.49024912778444,56.80158446425975,2135400
2018-08-07,56.367366790771484,56.77701333358026,55.875785938832806,56.71146838656041,1586600
2018-08-08,54.54853820800781,56.50664829268709,54.50757105113916,56.408330866628646,2555400
2018-08-09,54.51576232910156,55.081076554900214,54.17984916574,54.343711532273744,1912600
2018-08-10,53.63093566894531,54.40926801084912,53.41791767265768,54.073354776291254,2316200
2018-08-13,53.614532470703125,53.843933495830086,52.909940035979375,53.35235897759958,2433100
2018-08-14,55.21216583251953,55.45795628205111,53.917681132980036,53.983226086283224,1621600
2018-08-15,55.04011535644531,55.11384874133153,54.31913961781096,54.84348674603791,1674000
2018-08-16,55.6218147277832,55.892182983369786,55.06469510295831,55.228557493030955,1325600
2018-08-17,56.170738220214844,56.57219637749472,55.56446301937644,55.85940906318126,1476800
2018-08-20,56.26905822753906,56.498459327508314,55.802061345255616,56.12977988123076,1648500
2018-08-21,55.916751861572266,56.506643870335424,55.89217406965881,56.44929360563401,1267500
2018-08-22,55.875770568847656,56.00686042682791,55.53166906771219,55.99866574802703,920700
2018-08-23,55.79386520385742,56.15435620907407,55.56446410988719,55.74470961249552,1310700
2018-08-24,55.73651123046875,56.63773243297459,55.711933436419315,56.20350806953972,989100
2018-08-27,55.7037353515625,56.08880410337238,54.83528667775142,55.80205277246402,1035500
2018-08-28,54.900821685791016,56.064216160975874,54.72057623879157,55.605414114583894,1188600
2018-08-29,55.25313186645508,55.36783240704579,54.45841651328323,55.06469169222138,1779800
2018-08-30,55.17069625854492,55.574603672053094,54.87394615790192,55.17894106382494,915500
2018-08-31,55.014076232910156,55.483929509318756,54.74206054894794,54.956375174015896,906100
2018-09-04,53.48912048339844,55.01408260710208,53.16764221960476,54.7255772792032,2411500
2018-09-05,54.115577697753906,54.32165376949787,53.060469216655626,53.07695253526039,1329000
2018-09-06,54.742061614990234,54.92340331151523,53.89302274766383,54.28869165131807,1368500
2018-09-07,52.57414627075195,54.008434510818674,52.178480440924154,53.991951185989286,2551400
2018-09-10,53.35722732543945,53.711678473954876,52.49170517775605,52.65656668895631,1929100
2018-09-11,51.79104995727539,53.15115355374127,51.67564469324334,52.79670238967979,2263400
2018-09-12,51.99712371826172,52.27738419910957,51.60145483412783,51.708615287933746,1589000
2018-09-13,52.32685089111328,52.54941349029118,51.84875590154285,52.31860922942768,929800
2018-09-14,52.04657745361328,52.17022436698491,51.626183608198666,52.15373790223725,1520500
2018-09-17,52.7884635925293,52.969811597891095,51.931186114692764,52.178476848249225,1592200
2018-09-18,52.64832305908203,53.167635730389115,52.33508963972893,52.97804294437032,1291900
2018-09-19,52.98628616333008,53.777617637698214,52.38454432483316,52.38454432483316,1721800
2018-09-20,53.51384735107422,54.37936960330386,53.03574922529128,53.39844522263618,2184000
2018-09-21,53.39844512939453,53.769385932107085,53.043993938683954,53.59627645080797,2948100
2018-09-24,51.50254440307617,53.16763985814064,51.29646827959501,52.903862671642514,3092700
2018-09-25,50.97499084472656,51.749835949388824,50.54635212369888,51.749835949388824,2105700
2018-09-26,51.32943344116211,51.848746074146845,50.89255313177029,51.279974047006355,1513500
2018-09-27,50.892547607421875,51.502531013438144,50.63701214872943,51.15632472534317,921100
2018-09-28,50.69472122192383,51.06565883536885,50.472158653856816,50.70296288245737,1593400
2018-10-01,50.45567321777344,50.90079836298943,50.364999227695535,50.76066811975764,1649900
2018-10-02,51.156341552734375,51.21404261973042,50.37325160060936,50.37325160060936,1783900
2018-10-03,50.57107925415039,51.83226726334931,50.26608747299838,51.59321820633758,2280800
2018-10-04,50.58756637573242,50.90904462819635,50.10947139999615,50.373248588913846,2126900
2018-10-05,51.016197204589844,51.42010773142406,50.57931689259353,50.81836591573068,1779600
2018-10-08,51.725101470947266,52.00536509473605,51.02444398371119,51.172819028333,1144700
2018-10-09,50.88431167602539,51.42835246965716,50.74418143340247,51.411866003853554,1225700
2018-10-10,50.538108825683594,51.56024462048232,50.52162235873884,50.72769847884026,1339400
2018-10-11,49.12030029296875,50.876069580135315,49.06259923538565,50.5710746820854,2400800
2018-10-12,48.90597915649414,49.6148782642792,48.46909570773621,49.458261567990334,1195800
2018-10-15,49.18624496459961,49.61488365543468,48.96368553049533,48.98841365773538,1326100
2018-10-16,49.64785385131836,49.9116310089117,48.996652617803406,49.45826421582763,1226000
2018-10-17,49.10382080078125,49.72204920080231,48.477350738994375,49.145035398554874,1468600
2018-10-18,48.60921859741211,49.77148736774258,48.4278706712211,49.25217485285891,1086600
2018-10-19,49.375831604003906,49.82095356123319,48.79881793266635,48.79881793266635,800400
2018-10-22,48.543296813964844,49.73853909865432,48.518568682489935,49.52422128876932,1274300
2018-10-23,48.05694580078125,48.62571784817414,47.001837176995316,48.31248129631079,1835600
2018-10-24,48.91423034667969,49.697320269639775,48.271273827256884,48.271273827256884,2062300
2018-10-25,46.84521484375,48.08991295226337,46.69683981830187,47.98275251289053,4105800
2018-10-26,45.913761138916016,46.886440697508355,45.765386077810604,46.721579169116545,3617100
2018-10-29,46.647396087646484,46.993602500264466,46.210515668541206,46.408347005902215,3302200
2018-10-30,47.98276138305664,48.17235102962789,46.57320152519738,46.82873703725704,4770800
2018-10-31,52.7554817199707,53.505601744369415,50.54634567138919,51.189302098620374,6224300
2018-11-01,54.395835876464844,55.73945583333084,52.961548237626,53.373700363988846,3939500
2018-11-02,52.03009796142578,54.75030211989191,51.428356067619035,54.47828013180927,2621800
2018-11-05,52.00537109375,52.73900159652278,51.53551777973884,52.14550134957306,2125300
2018-11-06,51.64267349243164,52.30211640364444,50.422700176098154,51.44483904683188,2270200
2018-11-07,52.4422492980957,52.738999409263364,51.32119472011654,52.03834187026238,2008400
2018-11-08,52.73075485229492,53.34073836333204,52.18671405985585,52.32684430217157,1847900
2018-11-09,53.167633056640625,53.381953958548294,52.434002654013305,52.796698597404216,2148100
2018-11-12,53.99193572998047,54.45354416040092,52.47521557758841,52.796696920237565,2376900
2018-11-13,53.159393310546875,54.4947688109716,52.89561613269133,54.17329057198965,1528100
2018-11-14,53.373714447021484,53.56330724230843,52.722513160871024,53.48911656973736,1196400
2018-11-15,53.32425308227539,53.4396551939346,52.697779984022986,53.35722601259851,1287100
2018-11-16,53.365455627441406,53.522075448117135,52.81317328676917,53.208842095708036,1626900
2018-11-19,54.72557830810547,54.989355511278674,53.49736629541876,53.53033923193349,2167800
2018-11-20,53.48086929321289,55.211913631861535,53.22533693171154,54.156798676009814,1976000
2018-11-21,52.86264419555664,53.818840413892865,52.5823836902165,53.43966110663874,1487600
2018-11-23,52.83790588378906,53.2088466027665,52.483454773091275,52.90385173902188,703400
2018-11-26,53.56330871582031,53.8600525474359,53.0027814090901,53.35723259259515,1929100
2018-11-27,53.719913482666016,53.85180519859246,52.59886219753547,53.15938626786495,1299100
2018-11-28,54.32991409301758,54.494772481928734,53.316016763275165,53.637495023913004,2620500
2018-11-29,53.34284591674805,54.313323935592315,52.8700546935935,54.12254436639602,1823800
2018-11-30,54.55385208129883,54.62850714239989,53.50043543927602,53.51702193712681,2655600
2018-12-03,54.860755920410156,54.88563883126748,53.25159351634086,54.63680339438527,2014400
2018-12-04,53.807342529296875,55.00176662070648,53.68292163919126,54.64509677750203,2024400
2018-12-06,53.46725845336914,53.50873419227333,52.32260020233898,53.26818882890939,1972100
2018-12-07,52.563148498535156,54.23037024442976,52.28113052770937,53.210132763461935,1965800
2018-12-10,52.04057312011719,52.87833037381174,51.177929794621946,52.86174071399598,1415600
2018-12-11,51.87469482421875,52.828576810832,51.584380438954284,52.256247618864045,1225100
2018-12-12,52.314300537109375,53.72438697587321,52.264531552010695,52.32259695003637,2734100
2018-12-13,52.42212677001953,53.24329754319381,52.040574079683815,52.637786023292804,1723100
2018-12-14,51.42678451538086,52.24795553132243,51.294070359326724,51.982524055059095,1600000
2018-12-17,50.240638732910156,51.667317953397166,50.00009339193887,51.30235173560504,2250600
2018-12-18,49.18722152709961,51.459954600916284,48.79737554356164,50.44800736519772,2246900
2018-12-19,47.91814041137695,49.93373838438084,47.71077439081404,49.27016775141038,2073900
2018-12-20,47.47852325439453,48.48217398789098,46.99743259024662,47.81860338575094,2179300
2018-12-21,46.0352668762207,48.62319450654213,45.98549788104248,47.47853609483856,2904800
2018-12-24,45.74494552612305,46.33386426672468,44.932067938852114,45.98548770587223,1086200
2018-12-26,46.582706451416016,46.59099970067267,45.28874124070974,45.87766319087977,3758900
2018-12-27,46.89790725708008,46.9144969210014,45.379986231905136,46.192860779120764,2304300
2018-12-28,46.40022659301758,47.37070136041193,46.20115695529633,47.030621162162845,2400700
2018-12-31,46.582706451416016,46.690537676680194,45.57075917775516,46.34216108896309,1951800
2019-01-02,47.35411071777344,47.77713606230336,45.86936905877459,46.35045980760742,1646300
2019-01-03,48.00109100341797,48.191867384295826,46.98914685981171,47.279458055896555,2000900
2019-01-04,49.52729797363281,49.83420195222953,48.274808642583594,48.274808642583594,1601000
2019-01-07,49.41946792602539,50.091331758466865,48.84713572605923,49.212101920624114,2408000
2019-01-08,50.73832702636719,50.978872420031145,49.278471327873085,49.7678553655337,1945800
2019-01-09,50.597312927246094,50.8378582890842,49.75125911827227,50.190874103307394,1310500
2019-01-10,52.14011764526367,52.43042883583231,50.7217346899346,50.89592140427579,2668600
2019-01-11,52.53825759887695,52.82856877583133,52.023990729348704,52.4884886124757,1544100
2019-01-14,51.72538375854492,52.571437552568774,51.592669624040475,52.2977128703164,2608000
2019-01-15,51.783447265625,52.02399262911667,51.20282172635895,51.83321625384368,1139300
2019-01-16,50.81297302246094,51.89957221058115,50.75491078442406,51.50972304305812,1253400
2019-01-17,51.24429702758789,51.501432067500005,50.67196787131811,50.71344044829625,1792500
2019-01-18,52.7705192565918,52.886643755356154,51.592681438661586,51.592681438661586,1630700
2019-01-22,53.16864776611328,53.21012350260983,52.12352438798185,52.712443142041266,2016500
2019-01-23,53.434078216552734,53.63315416592637,52.961283911331364,53.40089889165713,1172200
2019-01-24,52.57973098754883,53.25989132480812,52.256240481310215,53.168649763734756,1486600
2019-01-25,53.41749572753906,54.05618037686614,52.93640497290797,52.96958430029387,1452900
2019-01-28,53.21012878417969,53.38431550379874,52.59632389446596,53.235011697223904,918000
2019-01-29,53.70780563354492,53.815633698710435,52.89493111716822,53.37601869601557,957300
2019-01-30,54.18889617919922,54.65339409306299,53.36772208793502,53.906875068418024,1028400
2019-01-31,55.2506103515625,55.300376178038015,54.081062802911454,54.338201005757256,1272700
2019-02-01,54.7446403503418,55.55751809757599,54.66999160563467,55.30867629193226,1375900
2019-02-04,54.620201110839844,54.87733924456323,54.22206194944213,54.6782633355565,1160200
2019-02-05,55.16766357421875,55.7731688728805,54.66998633918335,54.95200111865664,1817300
2019-02-06,54.47091293334961,55.31696996800838,53.989822174685585,54.92712077834303,1441700
2019-02-07,54.38796615600586,54.84417398739105,54.081062130500406,54.454324809354524,1190200
2019-02-08,53.86540603637695,54.5289735853884,53.46726044432249,54.26354530012192,1683500
2019-02-11,54.213775634765625,54.238658545948766,53.583381128786755,54.01470601699142,2507400
2019-02-12,49.095977783203125,51.42677298838519,48.94667399558837,49.942031524968634,7651100
2019-02-13,49.50242233276367,49.56877782155822,48.45729569789575,49.029628005041666,4930500
2019-02-14,49.63513946533203,50.058164828831984,49.203817687636146,49.24529026615105,2387600
2019-02-15,50.52265548706055,50.72172825258132,49.85078846310148,50.09963021104102,1617400
2019-02-19,50.68856430053711,50.887633962264665,49.92545549283422,50.315304729603916,1634900
2019-02-20,50.92080307006836,52.38895497819352,50.564133236583764,50.564133236583764,3103200
2019-02-21,51.493133544921875,51.99910399489194,50.66366943367626,51.09498798706804,1425300
2019-02-22,51.368709564208984,51.4765407781302,50.18257570353846,51.02033301313824,1228200
2019-02-25,50.63048553466797,51.62584301104935,50.63048553466797,51.62584301104935,2404100
2019-02-26,50.63048553466797,50.89591377314911,50.497771415427394,50.74660999348419,1131300
2019-02-27,50.68856430053711,50.87934071142403,50.331894395440415,50.448018892140695,2507600
2019-02-28,51.1447639465332,51.66732729383379,50.73003183436081,50.90421856207604,1682000
2019-03-01,51.278358459472656,51.896272014648005,51.19485809122444,51.386911486463234,2098300
2019-03-04,51.14476776123047,51.50382516115657,50.602005686364805,51.22826814874722,1590100
2019-03-05,51.01116180419922,51.2783668487106,50.50180119268209,50.93601018634693,1711000
2019-03-06,50.23460388183594,51.29507545908533,49.97574756153012,51.077969336161516,1622700
2019-03-07,50.13439178466797,50.31809324995985,49.89223623344778,50.267994298214425,1552800
2019-03-08,49.6417350769043,50.24294483344449,49.533182032324454,50.16779640104543,996700
2019-03-11,50.18449020385742,50.31809271598609,49.49142816760719,49.708531055315596,1140500
2019-03-12,50.276344299316406,50.53520056926874,50.06759016767799,50.26799553559839,1091700
2019-03-13,50.593650817871094,51.086310689588345,50.23459346126351,50.31809383870634,2108400
2019-03-14,50.510154724121094,50.81910996926389,50.35149953405509,50.5769543946735,2108700
2019-03-15,50.785709381103516,51.386922352694185,50.460053416603756,50.510155559348156,2439400
2019-03-18,50.894256591796875,51.1614616184387,50.65210104098548,50.9193060676273,1098000
2019-03-19,50.7356071472168,51.30341868929117,50.49345475439271,51.03621363247211,1602400
2019-03-20,49.908931732177734,50.627046361974294,49.441321390945475,50.53519404625592,2212800
2019-03-21,50.77735900878906,50.77735900878906,49.64173595855962,49.66678543647086,1281300
2019-03-22,49.6417350769043,50.384899304869734,49.633383127525256,50.384899304869734,1225200
2019-03-25,49.05723190307617,49.700195154514255,49.05723190307617,49.56659260780867,1238800
2019-03-26,49.666786193847656,49.666786193847656,49.165777515970206,49.341130234693765,1295600
2019-03-27,49.50812911987305,49.90893665820271,49.082268920479855,49.516477883337444,1397100
2019-03-28,49.49143981933594,49.85049725246466,49.3828867572576,49.59164093068891,1374300
2019-03-29,49.80873489379883,50.293042801538654,49.63337901007524,49.84213313253821,1846400
2019-04-01,50.409942626953125,50.6520981640104,49.967384923964666,50.06758600693026,1333300
2019-04-02,50.22624206542969,50.501795844818176,49.96738581238651,50.45169370977706,1106900
2019-04-03,49.96739196777344,50.435002396422696,49.5749331582761,50.18449487569264,1493000
2019-04-04,50.7356071472168,50.86086091118502,49.959044640754605,50.142746126483,1349300
2019-04-05,50.62705612182617,50.936011364437846,50.21789659620357,50.73560598375147,1068800
2019-04-08,50.76065444946289,50.944355915787256,50.39324514614377,50.39324514614377,1171600
2019-04-09,49.7252311706543,50.52684623380464,49.45802614960418,50.33479282400831,1428600
2019-04-10,49.599979400634766,49.82543104356949,49.06556618621663,49.68347977317836,1680700
2019-04-11,50.159446716308594,50.70220877837752,49.87554094597548,49.950692567102934,1464000
2019-04-12,50.08428192138672,50.885896879005124,50.00078155780198,50.30973672546715,729200
2019-04-15,50.47674560546875,50.610348111553186,50.10098756168908,50.309741676529455,990400
2019-04-16,49.708534240722656,50.74395616507278,49.62503385979207,50.476751123692495,1771300
2019-04-17,49.61668014526367,50.21789305964738,49.44967938934396,49.75863461019771,1143400
2019-04-18,51.27001953125,51.378569393727425,49.83378998747621,49.85049070139631,1917900
2019-04-22,51.069610595703125,52.04658158736272,50.96940950449082,51.345167578206045,1892100
2019-04-23,51.16981506347656,51.16981506347656,50.36819991021111,51.06126520139,1583800
2019-04-24,52.196876525878906,52.21357723700325,51.13640844482982,51.26165900026001,1661000
2019-04-25,52.43904495239258,52.606048919362465,51.52887667700923,51.737630839387656,1359300
2019-04-26,53.29911422729492,53.54126981995216,52.6143976447003,52.6143976447003,1339700
2019-04-29,53.340858459472656,53.51620798631915,53.08200218053606,53.20725593800046,2163300
2019-04-30,53.599700927734375,53.70825075854316,52.83148423820897,53.207242228447775,2388700
2019-05-01,49.558231353759766,52.597694295078114,49.42462883213421,52.597694295078114,4781100
2019-05-02,50.034183502197266,50.09263758344273,48.85681045047293,49.43297383206958,1902000
2019-05-03,51.244964599609375,51.30341550307496,50.35149714910936,50.485099669221455,1708000
2019-05-06,50.91930389404297,51.34516407699269,50.61869745556906,50.72725048842576,1166600
2019-05-07,50.167789459228516,50.71890018457771,49.75028123743867,50.59364644390678,1692800
2019-05-08,49.41627502441406,49.9757345312022,48.86516428079118,49.96738576803695,1955400
2019-05-09,48.72321701049805,49.240929592482416,48.03850365789732,49.09062635065928,1392200
2019-05-10,48.96536636352539,48.982067075531354,47.896546277824626,48.6146609674055,1285600
2019-05-13,48.32240676879883,48.50611142877233,47.91325044383011,48.44766052520537,1074300
2019-05-14,48.78166580200195,49.16577583963608,48.33910804545494,48.51446075819975,1175000
2019-05-15,48.68145751953125,49.182469291692044,48.48940412173683,48.71485894140895,1239900
2019-05-16,48.88187026977539,49.46638249983369,48.64806346655083,48.73991579796026,1367000
2019-05-17,48.982059478759766,49.25761640611856,48.59795271820019,48.689805027319785,836800
2019-05-20,48.48106002807617,49.05722027694859,48.330756800485936,48.70651486946152,854000
2019-05-21,49.07391357421875,49.115663756610694,48.481052702382854,48.56455306716674,772800
2019-05-22,49.474727630615234,49.62503085545911,48.748264167426626,48.86516596778627,1021200
2019-05-23,49.61668014526367,49.63338085792269,48.739913435344256,49.09062203051317,1235000
2019-05-24,49.032169342041016,50.30139478985608,48.89856683097286,49.65007976123058,1081100
2019-05-28,47.79634475708008,49.23257093786417,47.70449243454895,49.04051752954231,1727200
2019-05-29,46.31000900268555,47.66273787064533,45.96765240444914,47.646037160324674,2175600
2019-05-30,45.7171516418457,46.527118635446804,45.3413935940238,46.16806129923199,2062100
2019-05-31,46.25559616088867,46.32290304375895,44.93472907356324,45.187123465589146,2538700
2019-06-03,47.02961730957031,47.19787812678259,45.97797115514673,46.12940845813328,1771200
2019-06-04,48.77954864501953,48.81320208793462,47.41661630064814,47.467093255651804,1785800
2019-06-05,48.308414459228516,49.149731352292356,48.1653921279049,49.149731352292356,1569900
2019-06-06,48.55239486694336,48.73748560179422,48.358892375676135,48.45143774310157,1322700
2019-06-07,47.9298210144043,49.26751490756712,46.903413450902164,48.95622536853741,2768800
2019-06-10,46.05368423461914,47.59329234954649,45.85176678527722,47.56805387189212,2508200
2019-06-11,45.961143493652344,46.25560312713435,45.29650236737089,46.04527390054169,2552500
2019-06-12,46.1462287902832,46.65943259175234,46.03685990851077,46.196708957587575,1405400
2019-06-13,46.36497497558594,46.50799730840668,45.910663078327204,46.27242960288109,1375100
2019-06-14,45.43110656738281,46.60053638959976,45.27125753298147,46.25559663477772,1954100
2019-06-17,45.14506149291992,45.431109346811645,44.800121716994816,45.32173725902006,1814700
2019-06-18,45.523651123046875,45.86017590679206,45.363798882101776,45.6666734340306,1328500
2019-06-19,45.98638153076172,46.36497477685459,45.313328654023984,45.59937652780868,1351100
2019-06-20,46.25559616088867,46.65101607432951,45.96954832742763,46.07050544236423,1420300
2019-06-21,46.62577438354492,46.72673470783946,45.74239240686502,46.27242287662049,2205400
2019-06-24,46.659427642822266,46.953890440145216,46.23035749903639,46.64260092217219,1073100
2019-06-25,46.60894775390625,46.84451540942896,45.87699989390024,46.68466638737692,1385400
2019-06-26,46.23876190185547,46.60894327855361,45.98636755097747,46.46591778045616,1580100
2019-06-27,46.550052642822266,46.735140126862596,46.053675681800286,46.247178129741954,1254700
2019-06-28,47.113746643066406,47.475513168682355,46.69308819089617,46.90341741698129,1959800
2019-07-01,47.374549865722656,47.5259871455207,46.91182306113481,47.35772314470411,1239700
2019-07-02,47.223114013671875,47.736317787462724,47.054850007767975,47.61011898069256,772100
2019-07-03,47.8372688293457,48.00553281387101,47.467087421516325,47.55122101846326,789200
2019-07-05,47.828861236572266,47.89616812450346,47.07167800356067,47.76155755801013,614700
2019-07-08,47.492332458496094,47.921402600430106,47.34930693827222,47.879337403670895,758900
2019-07-09,46.72673416137695,47.29041485660295,46.35655272869716,47.24834965998991,1017100
2019-07-10,47.00436782836914,47.37454926736388,46.844518794765214,47.012782793456566,1120200
2019-07-11,46.078922271728516,47.04643468186751,45.67509058627456,46.953892528229915,1116100
2019-07-12,45.75080490112305,46.255593657859215,45.63302107184251,46.10415638896464,2308100
2019-07-15,45.178714752197266,45.26284515208154,44.05135006315521,44.83377497768129,1956600
2019-07-16,45.84335708618164,45.910660766069554,44.917906615112095,45.12823582998666,1603800
2019-07-17,45.67508316040039,46.12939493618725,45.52364590180477,45.98636943223876,1266600
2019-07-18,45.759220123291016,45.97796428798686,44.993621965593356,45.43110708561615,1091700
2019-07-19,45.927486419677734,46.35655659591521,45.76763737546555,46.289252917593416,1545800
2019-07-22,45.62459945678711,46.31447882147168,45.456335492612496,46.08732295124118,1316200
2019-07-23,47.36613464355469,47.74472784099583,45.733981226037045,45.851765063158986,2525900
2019-07-24,47.66060256958008,47.75314473057564,47.17263723833648,47.33248629027703,1239000
2019-07-25,47.67741775512695,48.55238792836552,47.23152091329342,47.78678982912393,1696700
2019-07-26,47.61011505126953,47.938228070548924,47.43343930386812,47.72789888287047,1586700
2019-07-29,47.54281234741211,47.93823228198374,47.32407138513208,47.70266459808693,1236700
2019-07-30,47.88775634765625,47.955063240069386,47.18946499040094,47.44185941821166,1510700
2019-07-31,45.42269515991211,45.65826283544011,43.580209325444464,44.64868203988329,6778900
2019-08-01,44.16072082519531,45.641437000556465,44.13547913849233,44.59820274270713,3219800
2019-08-02,43.95038986206055,44.5645507244182,43.76529914404058,44.30374136805996,1980600
2019-08-05,42.56222152709961,43.807370137233505,41.99853754280666,43.66434780665379,3156100
2019-08-06,43.0670166015625,43.378306206117365,42.63794633843537,42.93240600829029,2697800
2019-08-07,43.86625289916992,43.99245168985828,42.52855919722127,42.83984548238571,1804200
2019-08-08,44.35422134399414,44.404698296428684,43.655926881207535,44.09341198873008,1368600
2019-08-09,44.29533004760742,44.37946044242372,43.85784493395121,44.14389276944301,1536300
2019-08-12,43.75687789916992,44.08499409112478,43.71481270821212,44.0092754636534,1835100
2019-08-13,43.479248046875,44.54772065903985,43.42876788865,43.92514487840582,1912100
2019-08-14,42.351890563964844,43.26051109752512,42.30982536313347,43.11748877282462,2103100
2019-08-15,42.789363861083984,42.86508248535495,42.192029830373144,42.46125089236587,1443400
2019-08-16,43.647518157958984,43.790540478951584,42.64634907353472,42.890331725148116,1504200
2019-08-19,44.16913604736328,44.45518391394955,43.70641240683617,44.118655879364816,1479300
2019-08-20,43.88308334350586,44.396287095460536,43.7400610306628,44.18595789937215,935300
2019-08-21,43.56338119506836,44.10182341278068,43.34464024763602,43.841017268846215,1707300
2019-08-22,43.487667083740234,44.00087087883842,43.310991314421905,43.63910437440426,1287900
2019-08-23,42.124732971191406,43.46242684497112,42.02377585129359,43.37829644661777,1643200
2019-08-26,42.5453987121582,42.57063719413893,42.1415669536188,42.34348443757327,1461700
2019-08-27,42.208866119384766,42.730484893138886,42.099497236274,42.59587432138248,1643700
2019-08-28,43.03335189819336,43.12589404235478,41.99852949905614,42.2425121202956,923900
2019-08-29,43.433223724365234,43.78205066590763,43.29709621658127,43.48427275686014,768600
2019-08-30,43.696983337402344,43.90117302839771,43.45025115237438,43.56085579489323,1390300
2019-09-03,44.573299407958984,44.76047597590631,43.20351433278725,43.46726283802791,2111300
2019-09-04,45.2028923034668,45.35603618161242,44.81152281179669,44.93063724132711,927100
2019-09-05,45.24542999267578,45.67933546881146,45.20289074921718,45.40708041603295,1659000
2019-09-06,45.449623107910156,45.50918194791461,45.20289417891563,45.41559365788309,1464400
2019-09-09,47.5340690612793,47.585118094325885,45.44110738940653,45.44110738940653,2019400
2019-09-10,48.155147552490234,48.32530773817228,47.151206027055316,47.47451005529764,2342000
2019-09-11,47.96798324584961,48.197699052678566,47.219280236059255,47.959473449928424,1694500
2019-09-12,47.85737609863281,48.48696789667735,47.64467664930556,48.4103959650981,1183200
2019-09-13,48.64011001586914,48.69966884941256,47.91693316404568,48.0105214439246,1395300
2019-09-16,48.963417053222656,49.005956297861985,48.22322381078209,48.48697232040405,1476900
2019-09-17,47.37241744995117,49.03147365798615,47.27032263199793,48.94639193841199,2197700
2019-09-18,46.827919006347656,47.27033432092574,46.30893174798613,47.13420678148145,2007300
2019-09-19,46.827919006347656,47.057634837698004,46.53864757933647,46.83642555764069,1239200
2019-09-20,47.86589050292969,48.03605073942045,47.10017430702608,47.23630184711138,2106000
2019-09-23,47.82334518432617,48.08709367968252,47.44048551220765,47.83185498011556,1377300
2019-09-24,47.517051696777344,47.993499591709075,47.1767345537139,47.81483284818558,1122600
2019-09-25,47.7637939453125,47.831859335681,47.24480670313025,47.68722200391616,1195800
2019-09-26,48.572044372558594,48.75071112368734,47.746769504674525,47.91692970621729,1398600
2019-09-27,48.895355224609375,49.099544898402726,48.444430141037735,48.78475059140845,1687800
2019-09-30,48.92087936401367,49.456882951013064,48.81878452452593,49.03999055100544,1575900
2019-10-01,49.439857482910156,49.65255691916736,49.00594881544539,49.09103053726977,1127900
2019-10-02,48.25725555419922,49.30373653028885,47.95096780597079,49.005955332606206,1341600
2019-10-03,48.172176361083984,48.36785948931763,46.94702854910689,47.83185914719189,1390300
2019-10-04,48.18067932128906,48.39337876686799,47.34689788408398,48.163662976178436,1254700
2019-10-07,47.789310455322266,48.59756900744746,47.75528101022362,48.26575838759952,1192400
2019-10-08,47.083152770996094,47.644679217668596,46.85343696387513,47.644679217668596,1328200
2019-10-09,47.227779388427734,47.54257687747594,46.93000148855586,47.39793957929839,1311000
2019-10-10,47.40645217895508,47.71273989153835,46.98105329937518,47.23629197801594,976000
2019-10-11,47.69572448730469,48.104107030289136,47.2362929093712,47.2362929093712,1024800
2019-10-14,47.84886932373047,47.92544125494972,47.278833114534756,47.49153256286199,805500
2019-10-15,48.22322082519531,48.35084179674838,47.61915515032119,47.857377501981716,1875200
2019-10-16,47.916934967041016,48.452938524811245,47.8233466836406,48.452938524811245,1260100
2019-10-17,48.49546813964844,49.01445524779704,47.959464688302354,48.13813466910812,1474300
2019-10-18,48.47846221923828,48.62309954474586,48.27427254803927,48.62309954474586,1572300
2019-10-21,48.6316032409668,48.75922421212768,48.46995282362765,48.64861958682399,1352500
2019-10-22,50.45231628417969,50.46933263213759,48.59757654874308,48.80176947870139,2654000
2019-10-23,50.59694290161133,50.67351482843417,49.86525632208994,50.11198844691196,1502100
2019-10-24,50.111995697021484,50.80964968877114,49.79719814924115,50.66501236360844,1582000
2019-10-25,48.359352111816406,49.25268924562776,47.695730797362785,48.84430664861503,3497200
2019-10-28,46.42802810668945,48.60607128750318,46.411011764003156,48.274260718959106,3442700
2019-10-29,46.53013229370117,46.78537423989474,46.00263854627104,46.50460939729628,3482500
2019-10-30,45.092281341552734,46.674765696598634,44.156405102489586,45.06675844728938,4119100
2019-10-31,44.854061126708984,45.27095023187927,44.53075705343893,45.049744231559366,1963800
2019-11-01,44.8370475769043,45.37305113393741,44.73495274312436,44.91361951362332,1455300
2019-11-04,45.61126708984375,46.002633268991204,44.9391361003063,45.202884566533044,1275600
2019-11-05,46.26638412475586,46.84492687404353,45.64530213563091,45.81545909498002,2068000
2019-11-06,46.351463317871094,46.72581317795147,46.04517559347078,46.555656215983305,1394200
2019-11-07,45.526180267333984,46.844919205153154,45.43259525322698,46.54713808396945,1308500
2019-11-08,45.7644157409668,45.806954983068,45.25393509914385,45.56022283513039,1061900
2019-11-11,45.35603332519531,45.76441589268587,45.134824072677844,45.721876650443626,1035200
2019-11-12,44.811527252197266,45.54321402127708,44.76898800306076,45.51769112090251,1481300
2019-11-13,44.19894790649414,44.9391411096579,44.003264795107675,44.9391411096579,1489500
2019-11-14,43.64592361450195,44.42865922659618,43.64592361450195,44.33507095547815,1502200
2019-11-15,44.68389892578125,44.85405912757813,43.620401721470586,43.70548019960108,1827200
2019-11-18,44.20745086669922,44.95615380485944,44.09684949459492,44.700915125758605,1169300
2019-11-19,44.59031295776367,44.607329303376666,43.96072115222707,44.21596309088596,1071200
2019-11-20,44.573299407958984,45.373051474252996,44.49672747066565,44.63285499857199,2192900
2019-11-21,44.709434509277344,44.879594759368096,44.420163057784116,44.57330695831211,1364700
2019-11-22,44.47970962524414,45.117807999342496,44.30955265524685,44.93063468323824,802000
2019-11-25,44.59881591796875,44.75195977062285,43.94370451504778,44.01176664648526,1093800
2019-11-26,43.441741943359375,44.326569292771374,43.06738879020774,43.82459840193875,2205400
2019-11-27,43.160972595214844,43.77354805816977,43.06738431664828,43.56935515533944,2356000
2019-11-29,43.43632888793945,43.62563248272681,43.212609143350726,43.62563248272681,696700
2019-12-02,43.59981155395508,43.78911512827759,43.28144004639052,43.38469504946763,1759200
2019-12-03,43.109344482421875,43.6686486849497,42.86841505729222,43.505161329671324,1635300
2019-12-04,43.99562454223633,44.44306722605485,43.109342389757465,43.135158600066184,1881700
2019-12-05,43.324459075927734,44.18492502208254,43.04911023575156,43.94399560753266,1508300
2019-12-06,43.935394287109375,44.05585899957952,43.479345083935954,43.61701950996144,1062200
2019-12-09,44.339813232421875,44.42586180440054,43.875164073406665,43.93539643258303,1616000
2019-12-10,44.06446075439453,44.2623675300944,43.68585691597961,44.1935319605722,1694100
2019-12-11,44.03004837036133,44.36563290361149,43.754699483400415,44.29679404066244,1124500
2019-12-12,44.19353485107422,44.59795492662626,43.952605418362715,44.02144099238714,1326500
2019-12-13,43.72027587890625,44.66678710612756,43.599807889288314,44.36562533812544,1593500
2019-12-16,44.72701644897461,44.91631999464293,43.88376027291451,44.055854106938725,2896800
2019-12-17,45.13144302368164,45.27772067028383,44.572138802446275,44.572138802446275,1280000
2019-12-18,45.56166458129883,45.578874291118865,45.02817670654381,45.208873736029396,2549400
2019-12-19,45.819820404052734,45.99191428271112,45.12284167257423,45.45842621304606,2803600
2019-12-20,46.34469223022461,47.265390447475134,46.198411325635675,46.43073750415919,6347500
2019-12-23,45.64772033691406,46.68028018646212,45.48423297968239,46.499583115455955,2770900
2019-12-24,45.845619201660156,46.13817772045103,45.44980570047742,45.57887689027978,747700
2019-12-26,46.12957763671875,46.12957763671875,45.785389962166214,45.84562231285037,795000
2019-12-27,46.31888961791992,46.4393543412178,46.060747173804444,46.29307340405786,1084800
2019-12-30,46.27585220336914,46.439342815053195,46.00050339491009,46.33608455006852,1395400
2019-12-31,46.37910842895508,46.49957311705671,45.8456172639099,46.25864045843688,1644600
2020-01-02,46.06934356689453,46.82655117078679,45.682133268076434,46.68027354813152,1771400
2020-01-03,45.93167495727539,46.009117026815574,45.33795132999489,45.707951964196084,1955300
2020-01-06,47.00725173950195,47.30841348322841,46.077947017574324,46.215621426480254,2429900
2020-01-07,46.88679122924805,47.153533573965305,46.57702296094157,46.80074266448674,2385800
2020-01-08,47.342838287353516,47.730048632169535,46.53400145339565,46.99865058475768,1979000
2020-01-09,47.29121017456055,47.489116959006324,46.73190924871394,47.42888460210619,1341100
2020-01-10,47.385860443115234,47.695628715788,47.325628088141876,47.34283780133672,1044500
2020-01-13,47.66120529174805,47.66120529174805,47.11911086003963,47.47190174490009,1778800
2020-01-14,48.143070220947266,48.143070220947266,47.377256056011156,47.54074340369308,2209500
2020-01-15,48.117252349853516,48.693766219264475,47.755858241424505,47.86771972935504,1251200
2020-01-16,48.67656326293945,48.788424766395316,47.962378161838366,48.13446874264133,1139000
2020-01-17,48.67656326293945,49.09819306370853,48.56470175948358,48.8056344809591,1020000
2020-01-21,48.616329193115234,48.8658651218866,48.091444405843504,48.461445049906615,1495600
2020-01-22,48.59912109375,48.754005242104284,48.203307506807896,48.573308163163425,941100
2020-01-23,48.822845458984375,49.08958783558231,48.15167970329785,48.36679621728587,1267500
2020-01-24,48.289344787597656,48.977716842542286,47.80748599034485,48.951903916237136,1415200
2020-01-27,48.13447189331055,48.53028878935109,47.55796118856645,47.58377412089301,1294000
2020-01-28,48.26353073120117,48.676553954497,48.09143690089037,48.21190159738289,1274300
2020-01-29,48.444236755371094,48.91749241463397,48.289352607624345,48.461446469833774,1043400
2020-01-30,48.409812927246094,48.50446470698075,47.95376702388867,48.27213850647307,1136400
2020-01-31,47.824710845947266,48.33238273026198,47.6612201744662,48.25494392682516,3851300
2020-02-03,48.452842712402344,48.80563364890178,47.96237734415721,47.97098056008372,1656800
2020-02-04,48.9691162109375,49.31330389777348,48.89167414552026,48.93469678577049,1382800
2020-02-05,49.92423629760742,49.975865437813,49.072373537509996,49.072373537509996,1489100
2020-02-06,49.476802825927734,50.23401394477545,49.476802825927734,50.13936214461726,1257200
2020-02-07,49.71772384643555,49.82958534420025,49.06377113837004,49.13260671070561,979300
2020-02-10,49.769351959228516,49.95004902559545,49.399351328619744,49.545632250738585,1316000
2020-02-11,49.950050354003906,50.50074806562527,49.80377271041204,50.139353923280225,1890600
2020-02-12,47.755863189697266,53.29726307003875,47.7472599739267,52.5658682801004,6471100
2020-02-13,47.635398864746094,47.95377036954274,46.86958464061553,47.56656000834826,2232900
2020-02-14,47.54075241088867,48.0054048964405,47.2223808703814,47.73865922160496,2123400
2020-02-18,46.852386474609375,47.712852697164486,46.447966299634665,47.45471348688158,2385900
2020-02-19,47.22237014770508,47.40306720136109,46.396320377931836,46.79213719190489,1688600
2020-02-20,47.67842102050781,47.69563073443103,46.96423594598965,47.09330387678779,1113000
2020-02-21,47.57515335083008,47.7386406659404,47.21375601951195,47.351430411819706,1636700
2020-02-24,46.63725662231445,46.98144104375587,46.00911685282709,46.75772133393981,1706800
2020-02-25,44.24515914916992,46.61144059594176,44.22795271808419,46.61144059594176,2277800
2020-02-26,44.520511627197266,45.71655882435836,44.2451594914372,44.34841777325369,3070100
2020-02-27,43.03189468383789,44.546316381728424,42.16282564041111,43.71166347684084,3142100
2020-02-28,42.68771743774414,42.696320653208964,40.97538870753038,41.9132967492219,3088400
2020-03-02,44.296783447265625,44.296783447265625,42.46399018977279,42.68771315843712,2477300
2020-03-03,43.39330291748047,44.95074764079949,42.77376631462783,44.22795603161056,1652700
2020-03-04,45.157257080078125,45.16586357857372,43.513767086083675,43.74609330920341,2162600
2020-03-05,43.12655258178711,44.28818358607709,42.515622543836706,43.806321471436384,2352100
2020-03-06,41.812294006347656,43.02209962751781,41.046372634892364,41.916736773308386,3069500
2020-03-09,37.43437576293945,40.03676708429665,37.138451699509304,39.54065958386627,3171200
2020-03-10,38.20029830932617,39.3317715230014,36.29420120290814,38.400481750807565,2905700
2020-03-11,35.63272476196289,37.61715826498095,35.180134781280785,36.981792519074546,2655300
2020-03-12,33.421993255615234,34.153099461837336,31.611633765855135,33.552545919476245,3960000
2020-03-13,37.0427131652832,37.06012085316404,32.94329397421393,35.206243596067544,4338300
2020-03-16,36.424739837646484,38.487505347952066,32.58643391213067,32.63865695852763,3976300
2020-03-17,38.287330627441406,38.62677220521428,35.79808796353817,36.877337937986454,4529600
2020-03-18,35.20624542236328,39.505844946657966,33.517736132279175,36.198460441802276,4106800
2020-03-19,33.51773452758789,36.6249387631121,32.49940968381491,34.8058768745041,2754200
2020-03-20,32.1512565612793,35.859010397916244,31.829222694774895,33.7092094800548,4171300
2020-03-23,30.079790115356445,32.438476470523774,29.60108711471171,31.898851557277915,3005600
2020-03-24,32.61255645751953,33.98773053898593,31.333119675000425,31.62034153237281,3067600
2020-03-25,32.6734733581543,34.18790522972103,32.159958339594084,32.316624163573536,3072100
2020-03-26,33.61347198486328,33.85717627303561,32.508108805462506,32.90847895025395,2907600
2020-03-27,33.12606430053711,33.80494734796288,30.81959772735434,32.403660384798535,3070400
2020-03-30,35.07568359375,35.44994054003032,32.26440706530651,33.2131043653837,2211200
2020-03-31,33.95291519165039,35.42383321358414,33.639586783600464,34.727542328734025,2228900
2020-04-01,32.94329071044922,33.39588058998086,31.959781343947935,32.229592178927646,1565200
2020-04-02,34.81458282470703,35.006064092699674,32.24700667734942,32.612561523501064,2559400
2020-04-03,35.693641662597656,36.15493704042119,34.623093876627856,34.64050156260012,1847000
2020-04-06,37.338623046875,37.62584148745135,35.80678029654871,36.91214315610924,2000100
2020-04-07,37.886959075927734,39.366579134294604,37.817331654450975,38.87917390325125,2121200
2020-04-08,39.70602035522461,40.088982790644884,37.91307193548958,38.06973778267488,1708700
2020-04-09,41.255271911621094,41.986378105402466,39.784354021176455,39.923612185697834,2077600
2020-04-13,39.18381118774414,41.34231480437221,38.35696422762126,41.11602148947886,1689600
2020-04-14,40.53286361694336,41.15082144918881,39.54064888456589,39.740832267398524,1816400
2020-04-15,38.81824493408203,39.82786734979734,37.81732802032507,39.61027628330545,1579800
2020-04-16,37.57362747192383,39.00972998040338,36.912152025461616,39.00972998040338,2695700
2020-04-17,38.62677001953125,38.95750607547008,37.86955065946394,38.417881118780436,2335200
2020-04-20,37.85215377807617,38.8095534053725,37.617154963337526,37.860855962247044,1630800
2020-04-21,36.642330169677734,37.23417806993476,36.3202963569477,36.99917934599366,1830600
2020-04-22,36.642330169677734,37.338624160692454,36.424739127529584,37.338624160692454,1453900
2020-04-23,36.44215393066406,37.65195983019379,36.38122869257094,36.73807793862055,1500700
2020-04-24,37.4517707824707,37.61714210679155,36.45085393605278,36.61622194019767,1354800
2020-04-27,38.809547424316406,39.0271385170026,37.39955807335932,37.60844366303918,1647400
2020-04-28,39.54936218261719,40.271766320396424,39.11417992713874,40.1499158200908,2673600
2020-04-29,40.184730529785156,41.116023672546554,39.96713938768276,40.245659104136976,3032700
2020-04-30,35.693641662597656,37.26900238123335,35.29327484576536,36.44215555852206,5459100
2020-05-01,33.874576568603516,35.22364387406485,33.79624696988318,35.08438572049045,2659900
2020-05-04,33.23921585083008,33.770138675803246,32.447184365099695,33.50903001504603,2930700
2020-05-05,32.58644104003906,33.59606358332577,32.58644104003906,33.44810323310025,1993000
2020-05-06,32.79533386230469,33.32625672617582,32.334041750497896,32.96940742228855,2020500
2020-05-07,32.725704193115234,33.62218189463412,32.33404282041294,33.19570182457052,2050200
2020-05-08,33.848472595214844,33.99643627674654,33.0390333990892,33.39588268726031,1593400
2020-05-11,33.54384231567383,33.96161679864962,33.25662049102872,33.59606205093552,1883500
2020-05-12,32.80403137207031,33.75272865261932,32.80403137207031,33.587360620294824,2103300
2020-05-13,31.524606704711914,32.56904156294617,31.115534282457787,32.49941412181336,2382900
2020-05-14,31.585525512695312,31.768301243555534,30.14072071223383,30.950159886245412,2442500
2020-05-15,31.637737274169922,32.168659966260975,31.289593587021116,31.60292522957819,1955300
2020-05-18,33.552547454833984,33.78754624474922,32.54292486862968,32.54292486862968,1873600
2020-05-19,32.92588424682617,33.63087723026759,32.65607010885915,33.50902675511359,1478800
2020-05-20,32.97810745239258,33.56995552557764,32.8301470941847,33.317549046094676,1692100
2020-05-21,32.02069854736328,32.969395623580695,31.942365639412273,32.7605067623194,5581700
2020-05-22,32.05552673339844,32.31663542428873,31.43756540340629,31.8031202267944,2851300
2020-05-26,31.968481063842773,32.847550886029836,31.65514937752566,32.499403830082734,5742300
2020-05-27,34.588279724121094,34.64049945868968,32.47329414950644,32.75181046779363,4859500
2020-05-28,33.378475189208984,35.20624251863681,33.30884775999346,35.11920408189632,2894800
2020-05-29,33.039039611816406,33.10867037390762,32.29923102557338,32.725707822760896,3545200
2020-06-01,33.04773712158203,33.421994076830714,32.838848206024544,33.20440297820598,1907800
2020-06-02,34.22271728515625,34.2923480091575,33.33494547519433,33.613461730847995,2103000
2020-06-03,35.28457260131836,36.19845453212023,34.727539931883946,34.814575041416845,4122000
2020-06-04,36.82511520385742,36.82511520385742,35.17142168442955,35.336789708301794,7418200
2020-06-05,36.903446197509766,38.54843412862215,36.80770559704482,38.04362126078016,2951300
2020-06-08,37.74770736694336,38.017521556718144,37.094933993126325,37.64326455678221,2808500
2020-06-09,36.33770751953125,37.016590573607445,36.224559237126506,36.78159182715581,2709100
2020-06-10,34.379398345947266,36.320310816170625,34.35328847295133,36.31160863189769,2091100
2020-06-11,31.811819076538086,33.50903036968749,31.66385871794121,33.07384815709415,3151300
2020-06-12,33.11736297607422,33.16088052970003,31.9858899809205,32.7692192268912,3262200
2020-06-15,33.30014419555664,33.648291322440166,31.77700632575109,32.06422820345656,2470200
2020-06-16,34.6405029296875,34.79716878944411,33.19569813873628,34.59698537312772,4256800
2020-06-17,33.7440299987793,34.8319855572123,33.54384657444885,34.75365262419805,2004100
2020-06-18,34.01384353637695,34.205321453359694,33.12607141887831,33.30014164883047,1357100
2020-06-19,33.099952697753906,34.727536301312455,33.00421209517091,34.396796943346516,3881400
2020-06-22,33.03032684326172,33.1434751353169,32.43847883583275,32.90847636882218,1757300
2020-06-23,33.04773712158203,33.535139057588374,32.769220780956495,33.482919318831506,1891200
2020-06-24,31.76829719543457,32.569030763936226,31.394040277929044,32.53421871500127,3022200
2020-06-25,30.96756362915039,31.454965516038005,30.480158422086436,31.454965516038005,3318100
2020-06-26,29.966646194458008,30.82830508071689,29.775164966321963,30.76737983906936,3603500
2020-06-29,30.82830047607422,31.072004726440323,30.29738106675701,30.454046899072303,2799900
2020-06-30,29.90572166442871,30.854419004313442,29.20072529693306,30.837011317688976,6523600
2020-07-01,30.514976501464844,30.950158693509927,29.60109124202886,30.053681120176943,2926200
2020-07-02,30.75867462158203,31.4549654004166,30.602008781322212,31.089413986594575,1441200
2020-07-06,31.037195205688477,31.585525722080884,30.59331081063152,31.33311924245204,1564500
2020-07-07,30.166826248168945,30.767376414788732,30.158124066120667,30.602008394461155,2008800
2020-07-08,30.2364559173584,30.5671919463325,29.940531935524195,30.288675648156325,2131200
2020-07-09,28.939611434936523,30.140715034667416,28.878686202792853,30.044974435534183,2151200
2020-07-10,30.166826248168945,30.201641616714628,28.913502862110843,29.035353331844455,1506700
2020-07-13,29.870908737182617,30.23646354587672,29.305170496180057,30.13201741757726,2087000
2020-07-14,30.532386779785156,30.654237272674695,29.339985081818856,29.64461463421962,1805600
2020-07-15,31.1329288482666,31.837925068533465,30.967560840134098,31.18515189723394,2148700
2020-07-16,31.3940486907959,31.72478814563088,30.880533479411543,31.045901546740417,1213200
2020-07-17,31.402748107910156,31.68126444109182,31.045895528333524,31.341819547361116,1492100
2020-07-20,30.462753295898438,31.263486931705845,30.279977572965436,31.263486931705845,1856900
2020-07-21,31.202571868896484,31.542016876724897,30.73257747378349,30.73257747378349,1816000
2020-07-22,31.159038543701172,31.324409871112987,30.69774656760721,30.98496503493001,1422900
2020-07-23,31.811819076538086,32.003300312535735,31.0458974527243,31.106826017050018,1922600
2020-07-24,31.75960350036621,31.985896819709303,31.542012365538255,31.68127055902106,1574500
2020-07-27,31.463672637939453,31.759596650286085,31.159043122778108,31.62033848683923,1613800
2020-07-28,31.61163330078125,32.064223166562726,31.333116971096736,31.333116971096736,2112900
2020-07-29,31.968481063842773,32.14255459181633,31.350523193704237,31.776999851054228,2572800
2020-07-30,32.58644104003906,33.96161834771363,32.316630208409784,33.439397730041925,4293000
2020-07-31,32.65607452392578,33.3436632354577,32.18607692463737,32.66477670753769,4405800
2020-08-03,32.038116455078125,32.69088978963017,31.92496814743958,32.67348210228756,1759200
2020-08-04,31.985885620117188,32.41236555592955,31.855329656862608,32.01199548469768,1562900
2020-08-05,31.794410705566406,32.44718401041221,31.62034048041557,32.27311378526137,1630200
2020-08-06,31.829219818115234,31.994587827552657,31.42885306673448,31.48107279593784,1580200
2020-08-07,32.43848419189453,32.48200175135454,31.559414217988294,31.559414217988294,1428200
2020-08-10,32.98680877685547,33.03032632845184,32.55162662053905,32.569030985036505,1744500
2020-08-11,33.25662612915039,34.15310380518462,33.16959100884121,33.700513875187454,1841600
2020-08-12,33.44810104370117,34.02254136141551,33.21310227915761,33.709209675357435,1703100
2020-08-13,32.908470153808594,33.439389503573246,32.72569115649207,33.18698641997804,1071200
2020-08-14,32.79533386230469,33.13477547817587,32.5168174944013,32.603852614304735,900400
2020-08-17,32.84755325317383,33.14347727600158,32.42977542785978,32.76051482282647,1625500
2020-08-18,32.864959716796875,33.082550826288895,32.5429258043982,32.90848059483675,1051000
2020-08-19,32.94329071044922,33.334955348522435,32.76922048924036,32.96940389977186,1140300
2020-08-20,32.342750549316406,32.83885813862174,32.316640672040656,32.63867466575974,987500
2020-08-21,32.02941131591797,32.22089255868952,31.524601657943304,32.17737499992605,1812800
2020-08-24,33.091251373291016,33.10865905786414,31.92496306830286,32.18607169654694,1050200
2020-08-25,32.74311065673828,33.43940157348731,32.73440847285635,33.29144120625558,929100
2020-08-26,32.63866424560547,33.06514425262576,32.3949632816948,32.743107041541954,856700
2020-08-27,32.69959259033203,33.31755056186118,32.586444280558105,32.67348271891379,868100
2020-08-28,32.97810745239258,33.06514588678849,32.57774061470174,32.87366465129427,1274100
2020-08-31,32.76051712036133,33.01292360580529,32.62125894221584,32.80403467849863,1905400
2020-09-01,32.21218490600586,32.61255505238166,31.93366856428677,32.59514736600213,1865800
2020-09-02,33.00421905517578,33.09995967794879,32.238300713345666,32.35144570373471,1582900
2020-09-03,33.07383728027344,33.69179502208901,32.743097977821506,33.334945857924666,2338900
2020-09-04,33.35236740112305,33.58736621473268,32.71700171403495,33.25662677481796,1639600
2020-09-08,32.864959716796875,33.46551330390803,32.664776294485435,33.27403206509846,1820700
2020-09-09,32.65607452392578,33.42199616867243,32.629964652913166,33.073849061012076,2424900
2020-09-10,30.984960556030273,32.873652374895094,30.86311011355684,32.873652374895094,3361400
2020-09-11,30.541088104248047,31.011085695179347,30.1059058874991,30.984972504454166,2807000
2020-09-14,30.471446990966797,30.90662905968779,30.37570972479576,30.749966569509873,1690200
2020-09-15,29.84479331970215,30.41052813540789,29.522756130882406,30.245160109926466,3739000
2020-09-16,30.079790115356445,30.6803402613796,30.027567064328974,30.192935078985045,2471700
2020-09-17,30.514976501464844,30.54978855349421,29.55757368685968,30.00146138204458,2122300
2020-09-18,29.862201690673828,30.671640792217165,29.670720473481413,30.454049707289958,4989300
2020-09-21,29.235546112060547,29.574987763979205,28.791661641130926,29.47924712981192,3717000
2020-09-22,29.357385635375977,29.566274515408857,29.165904438693847,29.183312122044597,2191500
2020-09-23,28.791654586791992,29.74034855064642,28.791654586791992,29.479239907005425,2822100
2020-09-24,28.765539169311523,28.965722557930302,27.947397930585698,28.695911752484953,3589200
2020-09-25,28.417396545410156,28.896096260227452,28.017026432490287,28.60887443923123,2355100
2020-09-28,29.226835250854492,29.296462669466223,28.59146638003038,28.93961343361814,1834800
2020-09-29,29.18331527709961,30.680343005349,29.183315277099613,30.24516083506036,3774700
2020-09-30,29.20943260192871,29.479243460807666,28.861285488319613,29.28776553648191,2426900
2020-10-01,28.53053855895996,29.252942467646776,28.39998591582422,29.157201870574927,3057500
2020-10-02,29.627199172973633,29.809974864350757,28.156281500009786,28.278135281103918,2840400
2020-10-05,30.419231414794922,30.44534128002161,29.435718875750506,29.809975771488396,2623900
2020-10-06,30.393117904663086,31.30700301994673,30.358305858124826,30.74997043322123,2290400
2020-10-07,31.054595947265625,31.803109715215214,30.90663230188729,31.011078399863543,2948800
2020-10-08,32.02941131591797,32.12515193730374,30.967568937346336,31.167752363799814,2278800
2020-10-09,31.42885971069336,32.25570657302536,31.341821276661335,32.029409964718866,1649100
2020-10-12,31.02849006652832,31.542005160224303,30.593307896283473,31.34181844015638,5442300
2020-10-13,30.75867462158203,31.045893115274147,30.68034170145212,30.897932777348945,1904400
2020-10-14,30.810903549194336,30.98497378695742,30.60201461563089,30.63682999125429,1468800
2020-10-15,30.95885467529297,31.002372221745414,30.149415694608788,30.47144952256805,1897200
2020-10-16,30.810903549194336,31.193862720520865,30.662939862883363,30.897938668075877,1547600
2020-10-19,30.219051361083984,31.04589483926582,30.07108769476597,30.863119122205195,1475800
2020-10-20,30.201648712158203,30.689050705600753,29.931834522804603,30.514980462329596,1434200
2020-10-21,30.10590362548828,30.436643015016845,29.68812912722005,29.949237773615625,1863900
2020-10-22,30.723867416381836,30.793498172855376,29.801283134347877,30.097207209006008,1481700
2020-10-23,31.054595947265625,31.507185744634587,30.767374158095,31.298296868858127,1246300
2020-10-26,30.358306884765625,30.863116438490948,29.957936794363075,30.863116438490948,1528100
2020-10-27,29.427019119262695,30.23645820976055,29.38349824672996,30.053679177581753,1961700
2020-10-28,28.64369010925293,29.157205199301416,28.391283655461407,28.922206430617216,3257500
2020-10-29,29.052764892578125,30.001462230885263,28.321658656449905,28.852581476994732,5140000
2020-10-30,30.68904685974121,30.72386223210331,29.07887407002557,29.07887407002557,5588200
2020-11-02,32.68218231201172,32.69088781524569,30.47145595567106,30.897935969365392,4932300
2020-11-03,33.66569137573242,33.93550550388464,32.90847536469402,33.05643570194838,4030000
2020-11-04,32.45587921142578,33.169577532563096,31.785698432762562,33.126059990089004,5643400
2020-11-05,33.29143524169922,33.63087679528832,32.699587238454896,33.221804502411,2899000
2020-11-06,33.35236740112305,33.64829146416736,33.14348178025475,33.33495971268784,2122600
2020-11-09,35.824195861816406,36.98178201995322,35.17142261118551,35.859011232025736,4294900
2020-11-10,37.25159454345703,37.53881638056405,35.54568116724603,36.15493689308613,3365900
2020-11-11,36.87733459472656,37.338629933114845,36.555300732211215,37.30381456414661,2119500
2020-11-12,36.72937774658203,37.05141163969424,36.076604457200276,36.44215590556927,1907100
2020-11-13,38.417877197265625,38.73991103788235,36.8077046740059,36.90344527206992,2884900
2020-11-16,39.096771240234375,39.5232513005918,37.96529806891593,39.39269529921093,3913400
2020-11-17,39.279537200927734,39.471015066843854,38.08713585866937,38.39176532019543,2400700
2020-11-18,37.91307067871094,39.58416856639035,37.88695749159469,39.427502724398366,3211400
2020-11-19,38.33085632324219,38.6180749038279,37.64326751854641,37.782525716443764,1625700
2020-11-20,37.91307067871094,38.55713841118791,37.66066423103758,38.121956254582685,1740500
2020-11-23,38.409183502197266,38.49621861775343,37.76511235848045,38.20900008027663,1853800
2020-11-24,40.94194412231445,41.16823741621178,38.983624129068026,38.983624129068026,3371100
2020-11-25,40.4719352722168,40.88970968950889,39.827864303781524,40.750451550411526,3480400
2020-11-27,40.73305130004883,41.07249286852128,40.184720824729034,40.358794360405724,2205300
2020-11-30,40.03676223754883,40.58509273697342,39.784355765730574,40.32398408206822,5411700
2020-12-01,40.25434875488281,41.06378781708158,40.04545986262855,40.47193982923353,3326200
2020-12-02,39.418800354003906,40.22823942704041,38.99232038168871,40.09768345261142,3255300
2020-12-03,40.61989212036133,40.680820663673366,39.53193696410341,39.61897536870943,1832300
2020-12-04,41.37712097167969,41.39452865666999,40.489348958232554,40.88971575248035,1751400
2020-12-07,41.4815673828125,41.751381543452574,40.82009189631571,41.22045872551578,2093600
2020-12-08,41.71656799316406,42.31711826320416,41.063794661312144,41.063794661312144,2275700
2020-12-09,41.84712219238281,42.03860010379147,41.420642172990874,42.03860010379147,1894700
2020-12-10,41.960262298583984,42.24748411258579,41.6295262535942,41.80359645825142,1781400
2020-12-11,41.16823959350586,42.05601176915104,40.97676166398186,41.43805377988667,1671600
2020-12-14,39.96712112426758,42.012478917487776,39.94971676260856,41.681739602977444,2308400
2020-12-15,40.062870025634766,40.37620172331343,39.77565151621367,40.32398198715133,1518100
2020-12-16,40.271766662597656,40.74176429935059,39.7669536482681,39.7669536482681,3328500
2020-12-17,40.010650634765625,40.84619962233519,39.63639369488366,40.741756828933134,1777700
2020-12-18,39.61028289794922,39.880097060719685,39.00103046617193,39.84528168742477,2921900
2020-12-21,38.800846099853516,39.00973169415442,38.26121778752675,38.705105485725326,1387300
2020-12-22,38.66157913208008,39.19250186598086,38.217694816952644,38.77472741639734,2782400
2020-12-23,39.505836486816406,39.653800149705326,38.809545685453244,38.89658079055747,1126700
2020-12-24,39.575469970703125,39.688614951147386,39.07065702960722,39.688614951147386,502900
2020-12-28,39.584171295166016,39.9758359271458,39.131581422675666,39.888800817895444,2206800
2020-12-29,39.63639831542969,40.23694859772034,39.44491707172386,39.95843223606292,2109500
2020-12-30,39.37528610229492,39.732135366105474,39.166397189738596,39.43621134342038,1202000
2020-12-31,39.331764221191406,39.410097146374675,39.00973033773864,39.27083898162403,1030600
2021-01-04,39.73213195800781,40.48934797574169,39.001025807037614,40.48934797574169,1857100
2021-01-05,40.907127380371094,41.16823604004024,39.7234312483491,39.95843003810435,2619200
2021-01-06,42.865447998046875,43.561738875096545,41.655641976639934,41.67304966358827,3360900
2021-01-07,42.77840042114258,43.318025278628745,42.36932819747077,42.987285963315884,1918600
2021-01-08,43.083030700683594,43.12654824947734,42.4998882424599,42.80451440419226,1134400
2021-01-11,43.23969650268555,43.57043584960715,42.49118271131482,42.57821780884233,2197600
2021-01-12,45.128387451171875,45.53745973303512,43.5182148305134,43.5182148305134,2902600
2021-01-13,45.51134490966797,46.329486064109275,44.52783243196949,44.78023884733762,2611200
2021-01-14,46.56448745727539,46.755968655070085,45.33727399541406,45.80727148808677,1902900
2021-01-15,45.728939056396484,46.40782211732139,45.52005017294012,46.33819470295337,1855100
2021-01-19,45.2850456237793,46.294667904119166,45.058752405847834,46.077076866803026,1783800
2021-01-20,44.51043701171875,45.36339376605639,43.97081198758205,45.24154327546199,2002300
2021-01-21,44.083961486816406,44.72802933171222,43.51822325641227,44.48432834393293,1560800
2021-01-22,43.97080612182617,44.14487965095807,43.47469872191493,43.64877225104683,1283900
2021-01-25,44.954322814941406,45.64190817107715,43.474702663438876,43.51822021962315,1825300
2021-01-26,46.416534423828125,46.44264429302178,45.18931744889991,45.43302173535508,2545200
2021-01-27,47.8613395690918,48.82744125914171,45.74635382242729,45.96394492130079,3783500
2021-01-28,45.24153518676758,48.139849852762275,45.145794584081685,47.678554523473544,2110700
2021-01-29,43.65747833251953,45.70283335200701,43.35285211946453,45.30246652336995,2513300
2021-02-01,43.091732025146484,44.34505865460118,42.68266309041154,43.98820944930946,2496000
2021-02-02,42.55210876464844,43.38765766966832,42.308407830728356,43.15266223777465,1889400
2021-02-03,42.969886779785156,43.30932834308152,42.41285413025508,42.83062861740264,1856100
2021-02-04,42.7000732421875,43.37895632560555,42.282298781608986,43.0830323343404,1767400
2021-02-05,42.63044357299805,43.42247496354729,42.31711188967283,42.84803465084318,2088400
2021-02-08,42.404151916503906,42.84803627121666,42.00378179479413,42.58692763196348,1823300
2021-02-09,42.351924896240234,42.80451471133019,41.90804058307718,42.53470059459113,1901700
2021-02-10,42.63044357299805,42.89155220237694,41.82100449780003,42.430260179801685,3011000
2021-02-11,38.7312126159668,40.46323909045732,37.79992305014081,40.02805692623297,8179700
2021-02-12,38.30473327636719,39.03583945732889,37.91307197813982,38.71380558005304,4751500
2021-02-16,38.7312126159668,39.28824525494573,37.96529107728255,38.896580643108535,3576900
2021-02-17,39.49713897705078,39.610283963036515,38.4527009913565,38.64418222945055,2974600
2021-02-18,38.76602554321289,39.69731505035624,38.713802491533144,39.331760328950466,2183800
2021-02-19,38.6441764831543,39.85398233628569,38.583251247397776,39.035837764395836,3055000
2021-02-22,39.27083969116211,39.523246156888256,38.661583964303915,38.81824981750107,2215500
2021-02-23,40.889713287353516,41.072488988468066,39.009726584033,39.497131773848025,3445100
2021-02-24,40.91583251953125,41.27268182156714,40.419725034266165,41.05509070276045,3039800
2021-02-25,39.8887939453125,41.22045014443136,39.86268076089525,40.67211975413347,2921900
2021-02-26,38.68769454956055,40.09768381326439,38.60936162823387,39.86268504928435,2636800
2021-03-01,39.03583526611328,40.15860594492873,38.97491003425596,39.444907525877696,1384300
2021-03-02,39.140281677246094,39.479723206052775,38.61806113124061,38.77472696302464,1795500
2021-03-03,39.12287521362305,40.05416473150303,38.8530610904314,39.47972443710812,2711600
2021-03-04,39.505836486816406,40.393608503620605,38.73991494522871,39.392688194039756,2684000
2021-03-05,40.17601776123047,40.64601530120064,39.60157743021463,39.906203620838006,3986800
2021-03-08,41.49026870727539,41.89934103135246,40.35879566895603,40.45453628269122,2894600
2021-03-09,40.367496490478516,41.86452080379416,40.358790988324955,41.86452080379416,2479800
2021-03-10,40.776573181152344,41.655643135527505,40.53287219744924,40.7330556226592,2327900
2021-03-11,40.019344329833984,40.81137559552004,39.77564342352315,40.245640874416196,2876700
2021-03-12,40.58509826660156,40.86361464580456,40.11510063163007,40.306581887398565,2350700
2021-03-15,41.46415328979492,41.89063324295417,40.48064073508773,40.56767915418972,2911800
2021-03-16,42.134334564208984,42.386741001665506,40.68952999556909,41.116009952656874,3362900
2021-03-17,42.351924896240234,42.75229166029729,41.79489229926065,42.351924896240234,4040800
2021-03-18,42.77840042114258,43.75320736502826,42.66525214902948,42.66525214902948,3318000
2021-03-19,42.821929931640625,43.01340784544224,41.220459273378395,42.29970928992962,4444600
2021-03-22,43.38766860961914,43.38766860961914,42.308418498552484,42.821933681775555,2466300
2021-03-23,42.4650764465332,43.431181383810966,42.056004149082796,43.431181383810966,2912100
2021-03-24,42.090816497802734,42.70877433074266,42.012483580938785,42.49118326391794,2271700
2021-03-25,43.60525131225586,43.875065448008414,41.803597426862474,42.15174448459632,2086800
2021-03-26,44.710609436035156,44.736722620579286,43.78802547981826,43.87506057449592,1791300
2021-03-29,46.05098342895508,46.32079760672012,44.37988526005102,44.388587443769985,3217000
2021-03-30,45.554866790771484,46.35560033895405,45.06746159611063,45.94653138289394,2152000
2021-03-31,44.51913833618164,45.615795968758896,44.493025147665044,45.17191160609529,2228800
2021-04-01,45.17190933227539,45.24153675106954,43.65747396143023,44.536540459786664,1909000
2021-04-05,45.91172409057617,46.34690630944419,45.32858151097791,45.56357698741102,1803400
2021-04-06,45.61579895019531,46.45134799345368,45.36339247248911,45.69413188051183,1977200
2021-04-07,45.0152587890625,46.12932442981636,44.884702769209,45.87691789552759,1886500
2021-04-08,44.893394470214844,45.2067228451974,44.14488060292969,44.519137536572266,2915100
2021-04-09,43.518211364746094,45.09357181141328,43.448580632878006,45.067458626874725,2166900
2021-04-12,44.05784225463867,44.24062129059036,43.70099300566861,43.761918244260336,1532300
2021-04-13,45.03265380859375,45.41561293480284,43.370258000462705,43.43118324053741,3599500
2021-04-14,44.51913833618164,45.31116977086981,44.18839894977596,45.145798417578696,2066900
2021-04-15,46.07709503173828,46.120615912499304,44.58007036255192,44.58007036255192,2123100
2021-04-16,46.538387298583984,46.64283010090259,45.99875895955473,46.303388503234494,1601000
2021-04-19,47.00838088989258,47.130234697709945,46.05968353874928,46.564496496319464,1660600
2021-04-20,45.63319778442383,47.39133396365739,45.46782977258111,46.93874415631424,1970000
2021-04-21,46.27727127075195,46.642826027205444,45.659313374087645,45.90301765178215,2161400
2021-04-22,45.50265121459961,46.320795901495025,45.459133657252934,46.19894541285362,1587900
2021-04-23,45.49394989013672,45.9465397994761,45.276358779118375,45.476542202834025,1486100
2021-04-26,46.07709503173828,46.120615912499304,45.18062066703566,45.46784254320857,1440100
2021-04-27,45.31117248535156,46.13801602063513,45.22413405204289,45.93783260429029,1448600
2021-04-28,45.14579772949219,46.033569761465024,44.92820664283737,45.72023806545384,2266600
2021-04-29,48.30522155761719,48.48799727477662,45.56357251951966,46.17282823022761,4584900
2021-04-30,47.8265266418457,48.31392860333058,47.34782686388297,48.209485800180516,2946000
2021-05-03,49.73262023925781,49.924101465688906,47.887448679697776,48.07892990612887,2755900
2021-05-04,49.10595703125,49.96761923368542,48.67948034169713,49.68910289596777,2597400
2021-05-05,49.5672492980957,49.63687671806093,48.740402519883816,48.984103470026774,1449300
2021-05-06,51.74314880371094,52.27407146051016,50.01112270367543,50.0894556091077,3294300
2021-05-07,51.795387268066406,51.90853557689192,50.87280307046777,51.07298649674251,2080800
2021-05-10,51.838905334472656,53.187969502804236,51.69964716200314,52.39593802435073,1706200
2021-05-11,50.30705261230469,51.59519129431579,49.81094525910366,51.30797282044071,2626700
2021-05-12,49.94150924682617,50.846685682185964,49.92410156073778,50.74224288583226,1400500
2021-05-13,50.69002151489258,50.8902049181957,49.662991309997246,49.97631968896526,1090300
2021-05-14,50.63779830932617,51.403719869406444,50.42020722113559,50.80316634108747,1063700
2021-05-17,50.42021179199219,51.26446635316423,50.402804104937665,50.89020938193396,1362000
2021-05-18,48.28781509399414,50.51594908775417,48.23559203626581,50.4115029722975,2931100
2021-05-19,48.366153717041016,48.47059652462231,46.73857307484308,47.948379166538835,2760000
2021-05-20,49.166893005371094,49.732627949075045,48.47059873592447,48.984113933543924,2046000
2021-05-21,49.741329193115234,49.82836430925279,48.98410973797567,49.253923910285074,2008300
2021-05-24,50.26353454589844,50.76834739562833,49.43668785903026,49.74131733323225,2115700
2021-05-25,50.533355712890625,51.08168286673323,50.33317230939906,51.00334994187335,1940400
2021-05-26,49.93280792236328,50.45502858818754,49.662997065855485,50.16780672395766,2435900
2021-05-27,49.94150924682617,50.64650227243444,49.7848433922073,50.26354313901978,2916700
2021-05-28,50.7596435546875,51.29056628636809,49.92409465901453,49.97631438988398,1911800
2021-06-01,50.65521240234375,51.29057806180852,50.51595422109362,51.16872756823677,1459900
2021-06-02,52.308902740478516,52.57001473473262,50.507248573116016,50.916320931948974,2776000
2021-06-03,52.047786712646484,52.143527320989016,51.49075406793698,51.830195628295805,1513400
2021-06-04,52.317596435546875,52.439446901267694,51.673525419367486,52.05648782040568,1530100
2021-06-07,52.796302795410156,52.805004978272684,52.239270127263886,52.604821570668655,1266000
2021-06-08,52.85723114013672,53.25759797885721,52.55260491940955,52.70056527799795,1799500
2021-06-09,52.86592483520508,53.18795867092459,52.46555476573709,52.65703595895325,1027700
2021-06-10,52.84851837158203,53.50999374131941,52.8137030047074,53.08351711772161,1047800
2021-06-11,52.18705368041992,52.874642419841415,51.638726445852726,52.874642419841415,1322800
2021-06-14,52.012977600097656,52.35242252147226,51.56909319549526,52.134831410942745,1442400
2021-06-15,50.602989196777344,52.20445993673149,50.402805769305196,52.17835006537592,3379000
2021-06-16,50.29835510253906,51.10779418982298,49.9415058623519,50.472428631449574,1931100
2021-06-17,48.86225128173828,50.28964820283043,48.48799436704018,50.159095549906915,1609700
2021-06-18,47.199859619140625,48.85355325835579,47.1824519332337,48.73170277718392,3154800
2021-06-21,48.487998962402344,48.62725713082449,47.530599469522194,47.530599469522194,1925000
2021-06-22,47.80040740966797,48.35744336981329,47.68726243729559,48.2529972596868,2909600
2021-06-23,47.626338958740234,48.00059590007442,47.18245127475012,47.81781686069091,1512200
2021-06-24,47.83522415161133,48.026705372158425,47.33911673489978,47.626338565720424,1206800
2021-06-25,47.93967819213867,48.0615286907539,47.504495942697375,47.69597387473113,1491500
2021-06-28,47.722084045410156,48.04411795995429,46.95616240524598,48.018004768921024,1082100
2021-06-29,47.373931884765625,48.052815016006335,47.28689677774685,47.89614916723132,1143300
2021-06-30,46.72986602783203,47.765601846086334,46.39912992804878,47.469677800896086,2161200
2021-07-01,46.98227310180664,47.2520872793799,46.799497362245845,46.92134785528637,1378900
2021-07-02,46.83430480957031,47.19985622681316,46.433934702839494,46.99967283353593,1143200
2021-07-06,45.27635955810547,46.68634905211391,44.84987951229403,46.59931393427987,2440000
2021-07-07,46.0335693359375,46.233752735388286,44.75413269577762,45.28505547353584,1995100
2021-07-08,45.894309997558594,46.42523276170067,45.19801920859209,45.26764662740055,1617800
2021-07-09,46.28597640991211,46.77338164129462,46.068385322359,46.29467859253657,1271700
2021-07-12,45.99876022338867,46.02487341481841,45.485245060962654,45.83339217182592,1187600
2021-07-13,44.98912811279297,46.277266839462236,44.87598314773758,46.07708345493014,1605600
2021-07-14,44.858577728271484,45.41561036033614,44.78024480687637,45.145796226602656,1336300
2021-07-15,44.423397064208984,45.050057136279406,44.08395550013407,44.82376386695496,1322900
2021-07-16,43.94469451904297,45.502644076796656,43.831546231549254,44.684502838416314,1760900
2021-07-19,43.83155059814453,44.03173400662149,43.039519147137185,43.518218890901785,2703800
2021-07-20,44.32766342163086,44.78895553554745,43.46600112186712,43.831555931522864,1704100
2021-07-21,44.031734466552734,44.92820872261287,43.94469935593246,44.658397887584016,1420900
2021-07-22,43.909873962402344,43.98820687215394,43.12654486488639,43.95339150778081,1784700
2021-07-23,43.25710678100586,43.89247232756233,42.82192462691159,43.85765695839247,3023600
2021-07-26,43.94469451904297,44.031729620083496,43.091734591999625,43.28321579850033,1832400
2021-07-27,43.526912689208984,44.0056156609376,43.335434820693514,43.779319106997534,1413700
2021-07-28,43.109153747558594,43.422485506963916,42.752304426053016,43.248411938385715,2032900
2021-07-29,43.004703521728516,43.944698637916794,42.143041331889265,43.51821863442176,3191800
2021-07-30,42.55210876464844,43.64876960764121,42.47377584729181,43.257105020858084,1704500
2021-08-02,42.865447998046875,44.01432877522303,42.55211627333033,42.55211627333033,1934500
2021-08-03,42.76100158691406,43.0395179142233,42.12563600772883,43.0395179142233,2020500
2021-08-04,41.794891357421875,42.82192143002515,41.77748367413652,42.421554674990276,1531100
2021-08-05,42.03860092163086,42.29970958421455,41.89064056356492,42.02989873828801,1220100
2021-08-06,42.734886169433594,43.15266395878149,42.169151361674274,42.3432248872065,1351800
2021-08-09,42.943782806396484,43.21359698562477,42.55211813338024,42.64785875569276,1045700
2021-08-10,44.56265640258789,44.70191456896381,43.004703383635956,43.0134055664572,2366000
2021-08-11,45.30246353149414,45.389501958173575,44.51913761243814,44.762838566787586,2334800
2021-08-12,43.84025955200195,45.39821282575843,43.82285186333585,45.39821282575843,1300100
2021-08-13,43.988216400146484,44.55395125295836,43.81414286075183,43.996918583036745,1110500
2021-08-16,43.84896469116211,44.405997443128854,43.40507693431686,44.00563056767489,945500
2021-08-17,43.222293853759766,43.99691760058316,42.987295078851005,43.57914310747088,1065300
2021-08-18,42.54341506958008,43.352854270344295,42.51730187846786,43.2484081462492,1097700
2021-08-19,41.82101058959961,42.71748821862567,41.664344725116486,42.508599292589224,1309700
2021-08-20,41.59471130371094,41.89063530285688,41.438045461799774,41.69915409159293,1531600
2021-08-23,41.8036003112793,42.291005561702,41.4554565497002,41.77749044220944,1252500
2021-08-24,42.169151306152344,42.34322483145538,41.81230207336047,41.93415254501969,1019000
2021-08-25,41.699153900146484,42.09952068533628,41.542488058954596,42.09952068533628,1078400
2021-08-26,41.055076599121094,41.612112460856494,40.78526582940209,41.3945214167988,1757500
2021-08-27,41.65122985839844,41.91423757274143,41.00248596853349,41.186588693147975,940800
2021-08-30,40.97618865966797,41.80903531733539,40.941120516699485,41.64246665465834,1230100
2021-08-31,41.66876983642578,41.91424351499499,40.80962032213976,40.993723072854806,2218400
2021-09-01,41.44082260131836,41.931766484168186,41.22165176251994,41.84409614207986,981700
2021-09-02,41.283016204833984,41.782725411925284,41.04631131553579,41.50218702704179,781500
2021-09-03,41.186588287353516,41.4057591509586,40.92358391988381,41.31809214322936,842600
2021-09-07,40.16963195800781,41.07261476370666,40.12579845813264,40.99371312621869,1730700
2021-09-08,40.572914123535156,40.74825150455112,39.81896572616418,40.18717456072594,1348000
2021-09-09,40.37126922607422,40.520307140608594,39.46828640934364,40.01182917185587,2282900
2021-09-10,39.950469970703125,41.02879035922997,39.924170533804215,40.818388175473835,1530900
2021-09-13,41.15152359008789,41.7213692208583,40.17840768344833,40.30990820604609,1531300
2021-09-14,40.83591842651367,41.11645687478911,40.47647498636104,41.07262002501687,1485800
2021-09-15,40.82715606689453,40.96742531284214,40.283613156882865,40.78332255458889,1391500
2021-09-16,40.66057586669922,40.9849477790328,40.51153795393081,40.73947750421622,1360600
2021-09-17,40.15210723876953,40.64305124682192,39.818966542438176,40.50278200799016,3053100
2021-09-20,39.538421630859375,39.80142933711797,39.00364754402892,39.48582276503318,1821100
2021-09-21,39.27541732788086,40.12580133235543,39.11761404160141,39.69622497653207,1586500
2021-09-22,40.00305938720703,40.38879883017251,39.44198261770039,39.63485066704246,1668200
2021-09-23,40.64305114746094,40.82715389592459,40.117038994915944,40.143341776326785,1509000
2021-09-24,40.7745475769043,40.97618772221891,40.537845977987686,40.67811520237039,1073500
2021-09-27,42.78215408325195,43.404598564927454,41.116457441685874,41.204124453874876,2615600
2021-09-28,41.633705139160156,42.88735959547515,41.58986828425672,42.67695740678162,1970000
2021-09-29,41.48466110229492,41.923002832745446,41.30055837813338,41.50219517282678,1362000
2021-09-30,40.66057586669922,41.66875974132567,40.50277259166522,41.58109274154309,1826000
2021-10-01,41.318092346191406,41.37945992075972,40.51154182513615,40.8972846873164,1192500
2021-10-04,41.73889923095703,42.27367666594724,41.25672400645636,41.39699322347986,1523000
2021-10-05,42.29998016357422,42.45778346592392,41.50219828804286,41.80903618467713,1141200
2021-10-06,41.48466110229492,42.045737982186466,40.572909500330155,41.80026768330442,2261200
2021-10-07,41.37070083618164,42.32628616223383,41.22166621878806,41.84411081663673,1535100
2021-10-08,41.00248718261719,41.43206021943731,40.888517392646044,41.43206021943731,1415400
2021-10-11,40.19593048095703,41.1515154714862,40.125797551597564,40.80960949818999,1574100
2021-10-12,40.12580871582031,40.8534543637508,40.07320649595397,40.21347573798169,1073700
2021-10-13,40.14333724975586,40.35373941162291,39.4945900047213,40.11703447131092,1080200
2021-10-14,40.61675262451172,40.844688888080434,40.274843212734865,40.43264652762187,977700
2021-10-15,39.994300842285156,40.862218989808284,39.71376238625958,40.59044589741005,1823100
2021-10-18,39.42445373535156,39.722526226386826,38.73187304378701,39.32801802585754,1687000
2021-10-19,39.41569519042969,39.494596850877485,38.80201598075598,39.41569519042969,1608900
2021-10-20,39.74882125854492,40.178397550300886,39.62608613069505,39.65238555972533,1302000
2021-10-21,38.96858596801758,39.72253438515628,38.59161175944823,39.5296629265536,1634900
2021-10-22,38.95980453491211,39.06500893848918,38.54776565922009,38.810769979599996,1216700
2021-10-25,38.36366653442383,39.23158462669969,38.153264377938875,38.90721268462091,1915200
2021-10-26,38.179561614990234,38.617903317445425,37.80258748333623,38.363664327393785,1576700
2021-10-27,38.24092483520508,38.4951637963325,37.592181062175364,38.328595172291124,3033300
2021-10-28,38.45134735107422,38.62668475871779,37.22398884185206,38.55654845794721,3524800
2021-10-29,38.65298080444336,39.450762762083066,38.30230601995625,38.30230601995625,3058800
2021-11-01,39.608558654785156,39.74006251038388,38.45133676493152,38.67050762807474,1574900
2021-11-02,39.98553466796875,40.13456925658727,39.17021875158641,39.49459070773657,1605300
2021-11-03,41.07262420654297,41.88794019993739,39.661166458082754,39.985538444872034,2855200
2021-11-04,40.511539459228516,41.125218513354284,39.74006046848701,40.90604766147235,1646200
2021-11-05,40.86220932006836,41.247948769750586,40.48523523193922,40.86220932006836,1360400
2021-11-08,40.40633773803711,41.08138435231001,40.15209875130801,40.91481236721356,1209600
2021-11-09,40.0556640625,40.555373341945234,39.78389434395228,40.30990305570037,774400
2021-11-10,40.36251449584961,40.70442057111097,39.95047212603074,40.2923782012921,1106000
2021-11-11,41.502197265625,41.66000056408717,40.22224015079378,40.32744123500783,1166400
2021-11-12,41.73013687133789,41.99314461950996,41.00249124243383,41.50220061310886,1249800
2021-11-15,43.1416015625,43.25557137326345,41.77397721046948,41.97561404841545,1714400
2021-11-16,42.282440185546875,43.527332358604966,42.27367482298838,43.395828510255114,1379300
2021-11-17,41.83534240722656,42.16847976690562,41.554803923137605,42.07204738022959,1032200
2021-11-18,40.7833137512207,41.712599395207356,40.713177471245004,41.668762548081595,1565700
2021-11-19,40.248538970947266,40.73948293025024,39.93293237884408,40.58167963419864,1069200
2021-11-22,41.61616897583008,41.66000248424943,39.932934829411934,40.40634474661851,1764700
2021-11-23,41.8441047668457,42.221078954822154,41.39699763502462,42.04574157878715,1371200
2021-11-24,41.432064056396484,41.993144350524815,41.239195945063464,41.721371239819646,658000
2021-11-26,39.97675704956055,40.40633333704795,39.45951376998905,40.274829504640415,913000
2021-11-29,39.74006271362305,40.41510603258834,39.20528526973351,40.23100330923417,1394400
2021-11-30,38.95980453491211,39.494581881444034,38.64420135702505,39.16144129201275,3047500
2021-12-01,38.5565299987793,40.28359711915812,38.54776463752089,39.71375165320412,1541300
2021-12-02,40.09385681152344,40.3147352594511,38.56537835630454,39.14849732402006,2111600
2021-12-03,40.420753479003906,40.55328188772578,40.03200864793715,40.19987504469241,1509100
2021-12-06,41.38378143310547,42.55001923593249,40.933190933514815,40.98619959797415,1747500
2021-12-07,41.251251220703125,41.71067872443021,40.853672773359385,41.268921898193064,1177100
2021-12-08,40.73881912231445,41.498641478558945,40.59745705861809,41.074555287469856,1234300
2021-12-09,40.261722564697266,40.729983788190374,40.03201046553204,40.56211738381339,1293700
2021-12-10,40.84484100341797,41.030378085422754,40.57978754764863,40.641633241650226,1217400
2021-12-13,40.6593017578125,41.12756295043203,39.94365443201318,40.7829931392337,1192100
2021-12-14,40.52677536010742,41.321939094844176,40.44725898663375,40.84484085400212,1158700
2021-12-15,39.687435150146484,40.50026953465595,39.14849460570844,40.420753164109776,1735200
2021-12-16,39.75812530517578,40.6681435392083,39.69627960210588,39.9966744614474,2716800
2021-12-17,39.52841567993164,40.02318133584119,39.16617509456719,39.47540362951065,4029500
2021-12-20,38.32683181762695,39.14849996906028,37.6376887217016,39.113158606123,2467200
2021-12-21,39.35170364379883,39.3958786576915,38.53886923275623,38.6360562855226,2167200
2021-12-22,39.457725524902344,40.04968151375219,39.351704814338795,39.351704814338795,2069800
2021-12-23,40.279388427734375,40.33240046135791,39.66092818347513,39.66092818347513,2374300
2021-12-27,40.35890579223633,40.43842215947177,39.94365327774709,40.235214414389475,984200
2021-12-28,40.43842315673828,40.73881795477619,40.1291913341578,40.1291913341578,815400
2021-12-29,40.59746170043945,40.659307399731816,40.27056252270298,40.27939617817139,1082100
2021-12-30,40.553279876708984,40.96852902079314,40.500267841781586,40.81833331067143,942800
2021-12-31,40.95085906982422,41.092221128470776,40.32356514522619,40.44725652524976,1070000
2022-01-03,41.834373474121094,41.86088117766472,41.05688382381395,41.11872951485344,1262500
2022-01-04,43.203826904296875,43.442372668464365,42.055256248455926,42.231959685534356,1882300
2022-01-05,43.65441131591797,44.211025884667265,43.301004491557755,43.36285355060747,2497600
2022-01-06,43.98131561279297,44.652787984018715,43.56606642119728,44.24637244741967,2975800
2022-01-07,44.74113464355469,45.04152944586729,44.04315798960225,44.06082866860151,2939500
2022-01-10,43.548397064208984,45.35076606868488,43.345189289734414,44.794151417527196,2177100
2022-01-11,43.51305389404297,43.7162616600721,42.70022282992646,43.45120819874444,1445100
2022-01-12,42.921104431152344,43.51305709261972,42.65604758000315,43.48655275563994,1814700
2022-01-13,44.42306900024414,44.58210174032013,43.203822486778115,43.424700917957274,1369100
2022-01-14,45.668827056884766,45.86320117117238,44.06083221233543,44.21986496578208,1736600
2022-01-18,45.633487701416016,46.07524458770141,45.3242558588137,45.58930931651742,1929800
2022-01-19,44.387733459472656,45.845529163409935,44.352392099654914,45.73950845429429,1222700
2022-01-20,43.61906433105469,44.573260611500764,43.47770229361862,44.12266680006673,2057500
2022-01-21,42.95643615722656,44.10500332008211,42.770899084758426,43.92830327221,1682600
2022-01-24,44.0519905090332,44.202186209660155,42.36447959606734,42.52351232045885,1814300
2022-01-25,44.37006378173828,44.529096534172574,42.95643969013768,43.795778467910274,1338300
2022-01-26,42.74439239501953,44.67045246960493,42.25846054948737,44.255199965257376,2051600
2022-01-27,42.550018310546875,43.91063017436665,42.28496488300285,42.8150717380909,1073000
2022-01-28,42.59420394897461,42.656049651823196,41.71069005646568,42.10827198216231,894300
2022-01-31,42.1082649230957,42.49700975730842,41.74602442270688,42.01107787195816,1421000
2022-02-01,42.62069320678711,42.87690956323996,41.82552969962563,42.03757442498088,1089400
2022-02-02,42.859249114990234,42.929931830419356,42.196613824360384,42.57652499394849,1183100
2022-02-03,43.133140563964844,43.53955607592474,42.620704346784414,42.91226212872523,1361300
2022-02-04,42.15243911743164,43.00061148669487,41.8255399820497,42.859249425151,1660700
2022-02-07,41.91389465332031,42.497013643127026,41.83437827424041,42.355651565911394,1173100
2022-02-08,42.7620735168457,43.23916845479178,42.2142924797767,42.33798388481228,1598200
2022-02-09,43.380531311035156,43.654421834424944,42.94761138573622,42.982952750755175,1148900
2022-02-10,43.49537658691406,43.91062908093964,43.00944475346077,43.22148614208103,1358300
2022-02-11,43.99015808105469,44.17569519197986,43.34519333569235,43.45121406045844,1332200
2022-02-14,43.65441131591797,44.28170522733696,43.01828038020449,44.237530216876245,1168400
2022-02-15,43.75159454345703,44.325876370010114,43.53954979327605,43.68091183661772,974100
2022-02-16,43.6809196472168,44.50258772429325,43.42470321495255,43.68975667232034,926500
2022-02-17,43.07129669189453,43.61024063590866,42.80624323247347,43.41586652617567,1059600
2022-02-18,43.292179107666016,43.7427696929808,42.82391784072388,42.82391784072388,1003400
2022-02-22,42.929927825927734,43.44236398363948,42.88575281807385,43.13313555832524,2444800
2022-02-23,44.89133834838867,45.27124956011526,42.66488312048093,43.51305557768262,4391400
2022-02-24,43.663246154785156,44.99735375112887,42.09059282141262,44.99735375112887,3603300
2022-02-25,46.75554275512695,46.782050457598515,44.12267236910618,44.25520077045222,3655000
2022-02-28,46.101749420166016,46.207770130324775,45.18289427788981,45.33309337342419,1955500
2022-03-01,44.52909469604492,45.99572739769036,43.3981947953796,45.73067057434945,2819900
2022-03-02,45.24473190307617,45.46561030920758,44.41423030934342,44.70578805286163,2229900
2022-03-03,45.16522216796875,45.81018680405083,44.82065234310795,45.598145390446106,1208300
2022-03-04,45.28093719482422,45.31654322945682,44.19498030315669,44.41751292624292,1925100
2022-03-07,45.8951301574707,46.669542747699914,44.737957782055666,44.85367569871285,3404500
2022-03-08,46.242279052734375,47.05229765261852,45.289839712065486,46.38469979351911,3394300
2022-03-09,46.714054107666016,47.897929451437335,46.153270871375454,47.09681054245082,2784700
2022-03-10,44.80916976928711,46.37579796444391,44.53322809025644,46.215574201855574,1971900
2022-03-11,45.23643112182617,45.91293219413003,45.17412225932165,45.17412225932165,1435000
2022-03-14,45.227535247802734,45.87733015303824,44.75576373917417,45.84172411548539,1330400
2022-03-15,45.26313018798828,45.73490161634216,44.82696818670673,45.52126882295462,1222700
2022-03-16,46.402503967285156,46.45590962417429,45.2898408410497,45.521273277252185,1404900
2022-03-17,46.633934020996094,46.89207266803343,45.69039791132313,46.268980670059186,1203400
2022-03-18,47.14131164550781,47.27483258208261,46.02864849264606,46.55382563661995,2600500
2022-03-21,46.86537170410156,47.99583443943526,46.72295096138074,47.319336760405946,1429900
2022-03-22,47.070106506347656,47.30153896547857,46.42921139555631,47.17692122628664,876300
2022-03-23,46.73185729980469,47.524073004070665,46.72295748770703,47.21252864697016,937400
2022-03-24,47.10570526123047,47.11460846791145,46.58053151671983,46.84756999231564,728500
2022-03-25,48.03144073486328,48.05814695872859,47.123507221745285,47.185816084800386,727600
2022-03-28,47.488460540771484,48.031440685908294,46.972186619472765,48.031440685908294,848700
2022-03-29,48.12936019897461,48.654537377107104,47.3549475449754,47.951333403821806,906300
2022-03-30,48.33409118652344,48.34299439410016,47.95133475461517,48.02254683291382,860600
2022-03-31,47.515167236328125,48.51211244966947,47.49736421878545,48.013638145209605,1161200
2022-04-01,46.660640716552734,47.66648916543502,45.859525277520824,47.524068416568554,1189700
2022-04-04,46.349098205566406,46.62503990287266,45.174126132485966,46.50932197876634,1368100
2022-04-05,45.74380874633789,46.6428425097519,45.65479704893666,46.01084723412019,1292700
2022-04-06,45.183021545410156,45.98414033341922,44.969392132326604,45.663692818215594,1370300
2022-04-07,44.94268798828125,45.28983832105823,44.30179297664486,45.09400853515195,1517600
2022-04-08,45.8951301574707,46.05535392035653,45.03170247920581,45.334346987370324,1137400
2022-04-11,47.03449630737305,47.74660003660785,46.10875976157858,46.117662968206886,1219800
2022-04-12,47.77330017089844,47.83561242704681,46.86537008956827,47.07009968795278,1300700
2022-04-13,48.3251838684082,48.565519501967785,47.746597706626424,47.80890656767021,1263800
2022-04-14,49.500152587890625,49.67817934880662,48.51210729060598,48.51210729060598,2333200
2022-04-18,49.51796340942383,50.20336433986952,49.25982473518222,49.58917208766856,1502000
2022-04-19,49.731590270996094,50.11434665907974,49.589169526284394,49.678184613965705,996100
2022-04-20,50.54161071777344,50.88876108331673,49.81170395032895,49.91852205940267,1204700
2022-04-21,49.731590270996094,51.13799809615523,49.66928140740838,50.69293284448387,1407400
2022-04-22,47.8623161315918,49.571365016691246,47.817810286879926,49.41114125926588,1147100
2022-04-25,48.45870590209961,48.494311939025614,46.75855668803645,47.8445170452296,1343400
2022-04-26,48.2183723449707,48.71684669689566,48.01364271710297,48.34299347963598,1039500
2022-04-27,48.27177810668945,48.98388184968932,47.47066266915654,48.21836905262253,1119400
2022-04-28,49.04618453979492,49.144099428800345,47.84450983700373,48.24506920312681,1384800
2022-04-29,48.1916618347168,49.402239785362326,48.040341288675194,49.153004346904076,1682200
2022-05-02,48.35188674926758,48.93937272231417,47.532968348599475,48.52991352198011,2101600
2022-05-03,46.90097427368164,50.24786681603485,46.33129130364152,48.91267108166144,3259000
2022-05-04,47.39055252075195,47.550772897661204,45.601388193163665,46.892078184614306,2340700
2022-05-05,46.856475830078125,47.53297701054914,46.607240340209266,46.96329055493922,1395100
2022-05-06,47.301536560058594,47.61308428777406,46.67844450020623,46.90988034314669,1008800
2022-05-09,47.77330017089844,48.164959746571604,46.61613125170947,47.07009968795278,1764100
2022-05-10,48.814762115478516,48.83256513490262,47.76440773850776,47.90682849832182,1849400
2022-05-11,49.68708038330078,50.70182853127735,49.14410027713623,49.14410027713623,2068800
2022-05-12,49.46455001831055,50.10544504422921,48.66343123591222,49.731588480583895,2067200
2022-05-13,49.78500747680664,50.26567884226922,49.44675687937976,49.90962522439051,1312900
2022-05-16,50.5238037109375,50.68402746632052,49.5802675909911,49.74939115697173,939800
2022-05-17,49.71378707885742,50.238964209808266,48.58332433169151,50.06984063717536,1771900
2022-05-18,46.67844009399414,49.357734679773685,46.580528595692435,49.25091997534932,1859600
2022-05-19,45.20082473754883,46.26898199383977,44.791365531237105,46.08205540777289,2150000
2022-05-20,45.601383209228516,46.28678407316594,44.542129180731536,45.574680381925184,1624700
2022-05-23,46.39359664916992,46.73184716033037,45.77940788032798,46.2511759174568,1203200
2022-05-24,47.82670974731445,47.88901860857039,46.144363702247745,46.375796130401454,1292600
2022-05-25,48.36079406738281,48.54772066661433,47.59528125653541,47.9157287955486,1220100
2022-05-26,48.538814544677734,48.95717696166246,48.25397305945614,48.73464433910945,1328900
2022-05-27,49.0906982421875,49.411142368654595,48.40529735238543,48.5388148895188,1662100
2022-05-31,49.70488357543945,49.85620411935734,48.30737906556354,48.912668032391366,2716700
2022-06-01,48.70794677734375,49.96303076842063,47.44395957887825,49.829509822221056,1598900
2022-06-02,48.385250091552734,48.79757263569577,47.33651621805977,48.79757263569577,1169200
2022-06-03,48.008785247802734,48.47489035731426,47.892258115593926,48.17909150308969,985000
2022-06-06,48.456966400146484,48.627272667934704,47.937078710070956,48.376294290283866,969800
2022-06-07,48.985816955566406,49.102340678948984,48.044641185025256,48.161168327731836,959300
2022-06-08,48.34043884277344,49.2188665763048,48.28665629688722,48.75276143659601,706400
2022-06-09,46.97797775268555,48.61830947481788,46.97797775268555,48.3673276837542,788400
2022-06-10,46.91523742675781,47.38134260189888,45.78583123188366,46.18022634039187,907800
2022-06-13,45.3824577331543,46.74491783731331,45.095624386944316,46.33259191022866,1568700
2022-06-14,46.036800384521484,46.251923702585515,45.18526232048626,45.40038905787378,1580400
2022-06-15,46.449127197265625,46.87937729227269,45.92027748102955,46.458092664281246,1386100
2022-06-16,45.230079650878906,45.794784347826855,45.0866629649122,45.723074295181746,1628900
2022-06-17,45.1494140625,45.615519213941646,44.333730902308126,45.507957538785575,3788500
2022-06-21,46.7987060546875,46.942122755686086,44.692272617647575,44.7191621805461,1753600
2022-06-22,47.25584411621094,47.46200538827198,46.16228975027337,46.28777892289109,1291400
2022-06-23,48.223907470703125,48.295617525591204,47.15724604917012,47.25584566497941,1513200
2022-06-24,49.98972702026367,50.312415420674064,48.33146794467102,48.60037722456204,1661600
2022-06-27,49.6401481628418,50.186925340401466,49.4967314785084,49.96283655742281,1198900
2022-06-28,49.98075866699219,51.76450681319592,49.80149038318437,50.73369708468434,1586300
2022-06-29,49.622222900390625,50.411016409660036,49.10233525902653,49.96283882337663,1343400
2022-06-30,48.86031723022461,49.35331529322148,48.52866678547322,49.14715402111529,1418900
2022-07-01,49.85527038574219,49.98075955436496,48.58244776762733,48.83342610487287,1182400
2022-07-05,49.60430145263672,49.77460772529434,48.6631290902121,49.39814014805411,1779300
2022-07-06,49.505699157714844,49.91802174466892,48.663126468809914,49.6222262955319,1396400
2022-07-07,48.96788024902344,49.71185320668898,48.80653605688906,49.514657409109574,1196700
2022-07-08,49.74770736694336,50.061430279906475,48.91409686184331,49.174040657911775,1546100
2022-07-11,50.249671936035156,50.60821195154823,49.47880594466283,49.47880594466283,1488400
2022-07-12,51.45079040527344,52.365069710176094,50.222781306053086,50.23174677297153,2294400
2022-07-13,52.21269226074219,52.5801977690663,51.51353627400944,51.54042583678413,1887400
2022-07-14,52.14994812011719,52.23062022846442,51.03846611836909,51.36115455175801,1654400
2022-07-15,52.562259674072266,52.8311655056638,51.96170343082863,52.54433216272308,1703800
2022-07-18,52.08719253540039,53.22556385993621,51.9168828874263,52.705676289333624,1820000
2022-07-19,52.49951934814453,52.88495232507656,52.1768309563574,52.54433642048754,1411000
2022-07-20,51.8900032043457,52.651907193903746,51.639024836611846,52.329218767203756,1343200
2022-07-21,51.25358963012695,51.656950146283776,50.93986668385146,51.62109511833124,1546700
2022-07-22,51.907928466796875,52.14097930967709,50.92193913406136,51.056390359803295,1833900
2022-07-25,52.18579864501953,52.463666556974644,51.53145978683767,52.08719903007149,1471900
2022-07-26,52.096168518066406,52.46367405033931,51.782445534171515,51.961717276107485,1176700
2022-07-27,52.81324005126953,52.95666014764893,51.46870742162226,52.06030506121742,1214200
2022-07-28,52.920806884765625,53.046296053950606,51.845180061386145,52.535373911226955,1845500
2022-07-29,53.55721664428711,53.64685078558588,52.463662339960884,52.920805350825226,1591100
2022-08-01,53.49447250366211,53.888867515689135,53.180749587200076,53.32416626605748,1892600
2022-08-02,47.90121841430664,51.21773318289204,47.63231255076157,51.1012060549372,6237500
2022-08-03,48.573486328125,49.58636864633581,47.91018540490012,47.91018540490012,2788200
2022-08-04,47.42615509033203,48.707943342988884,47.36341049776762,48.33147236827853,2075900
2022-08-05,48.4659309387207,48.48385845509185,47.139325501172856,47.45304848935764,1247800
2022-08-08,48.97684097290039,49.51465607193204,48.49280840956889,48.510735921468935,1375900
2022-08-09,49.41605758666992,49.47880217008121,49.003731642265706,49.29953046633895,1218900
2022-08-10,49.944915771484375,50.42894500922572,49.442955599047345,49.6939339756039,1141100
2022-08-11,50.823333740234375,51.62108921466239,49.935940706176474,50.18692245381689,1275200
2022-08-12,50.83230209350586,51.146028462150866,50.29449034629113,50.957791273234385,1078300
2022-08-15,50.608211517333984,50.877117381492496,50.23174399137678,50.563394443194824,987400
2022-08-16,50.62614059448242,50.886084419571105,50.33930720794446,50.59028556633425,1190400
2022-08-17,49.9090576171875,50.50961395759746,49.45191455212812,50.2317460350356,1357600
2022-08-18,50.30345916748047,50.437913832051436,49.5057034866473,49.84631946272268,1018400
2022-08-19,50.27655792236328,50.455829627035904,49.70289120286957,50.04350709981522,936800
2022-08-22,49.595333099365234,50.052472730659446,49.50569553094821,49.971800628745925,825400
2022-08-23,50.08832550048828,50.19588715841718,49.73874754772677,49.81045417990488,779400
2022-08-24,50.751625061035156,50.8412626230821,49.855269956505914,50.168996294685165,884400
2022-08-25,49.90009307861328,50.97572001834056,49.747714333641504,50.76059668198937,1182100
2022-08-26,48.28664779663086,50.10625095657124,48.25079619167519,49.92697925449963,1020300
2022-08-29,47.695064544677734,48.17909722581675,47.59646491489118,48.017752998770405,1020000
2022-08-30,46.834556579589844,48.008783056847996,46.78077403964245,47.86536636964516,1389500
2022-08-31,46.31466293334961,47.15723885309141,46.07265008334196,46.91522258376067,1873400
2022-09-01,46.386905670166016,46.55847712256763,45.556150965728925,46.016677431074434,1358300
2022-09-02,46.684898376464844,47.488564342571316,46.486238135078814,46.90161550828897,1160900
2022-09-06,46.63975524902344,47.362151522278424,46.368853632477816,47.19961193021391,1016900
2022-09-07,47.16347885131836,47.23572018197285,46.3507845493928,46.486231877385606,944300
2022-09-08,46.79326248168945,47.009983083825325,46.088926552897824,46.973862409359825,1071100
2022-09-09,47.10930633544922,47.596925071194995,46.80229095885765,47.10930633544922,903500
2022-09-12,48.111637115478516,48.24708792526078,47.43438995588154,47.506631306340665,1480300
2022-09-13,46.260494232177734,47.88588667933778,46.10698653387116,47.54275060853824,1171700
2022-09-14,45.73675537109375,46.57654204772661,45.393615877124326,46.28758011698713,948400
2022-09-15,45.998626708984375,46.39594725470335,45.53810014740504,45.76384920487,1125000
2022-09-16,45.547122955322266,46.12504336439814,45.185926574888775,45.935411561664466,2203100
2022-09-19,46.152137756347656,46.30564546164598,45.14981139229358,45.14981139229358,886100
2022-09-20,45.07756423950195,45.88123367237092,44.752488532824216,45.88123367237092,1488700
2022-09-21,44.50868606567383,45.64645982697905,44.50868606567383,45.222053931116996,974700
2022-09-22,44.38226318359375,44.81570093232546,44.33711061931703,44.734431139147205,1379800
2022-09-23,43.05486297607422,43.741138634342335,42.305374409018334,43.57859902810509,1616700
2022-09-26,42.88329315185547,43.1270991064862,42.43179502976444,42.72075355233011,1459300
2022-09-27,42.973594665527344,43.569572094211075,42.73881713983999,43.289641997156004,1253400
2022-09-28,43.63277053833008,43.77724977409978,42.80201579381847,43.17224405076937,1095100
2022-09-29,43.4973258972168,43.75919562552657,42.79298995384571,43.750167179051864,1533800
2022-09-30,43.334774017333984,44.13843980347806,43.29865335523279,43.65984964227699,1416800
2022-10-03,43.86754608154297,44.12941229613099,43.36186709589774,43.60567642229868,1092800
2022-10-04,44.47256088256836,44.92405896259444,44.246811842555324,44.27390062506665,971900
2022-10-05,43.759185791015625,44.17456312864306,43.352836897833825,43.94881412628166,1146000
2022-10-06,43.10000991821289,43.76822864830506,42.91940998213469,43.56956837415331,903400
2022-10-07,42.45888137817383,43.090979401757956,42.16089098125928,42.910379474354336,1032500
2022-10-10,42.72075271606445,42.838139745357,42.359552847599254,42.57627345760982,840200
2022-10-11,43.118064880371094,43.43411214561055,42.27827821026985,42.74783660766622,989600
2022-10-12,44.03009033203125,44.62606764747445,43.12709419077448,43.36187511650911,1413900
2022-10-13,44.653160095214844,44.851816904908446,43.36187533125027,43.59665281349068,1206400
2022-10-14,44.066219329833984,45.11369491380522,43.921740057722694,44.806676029986534,906800
2022-10-17,44.35517120361328,44.842789965403924,44.17457127946967,44.66219004126031,1013200
2022-10-18,44.44546890258789,45.08659530338371,44.08426908668945,44.86084627961137,1023800
2022-10-19,43.62374496459961,44.4906204362786,43.578592401665915,44.33710930054926,921100
2022-10-20,43.56053161621094,43.930759864436915,43.34381104533535,43.73209962818901,910600
2022-10-21,44.39128875732422,44.55382833316364,43.52441331595182,43.72307011835583,954300
2022-10-24,44.96920394897461,45.40264165260768,44.48158524064116,44.689277369664296,811500
2022-10-25,45.664520263671875,45.82705986487357,44.69831454800477,44.90600327294975,1003900
2022-10-26,45.203983306884766,46.143096576869894,45.14077385923163,45.69159855382946,1145700
2022-10-27,45.032413482666016,45.95346989634792,44.94211525265387,45.43876240703401,1315200
2022-10-28,46.143096923828125,46.17018914778071,45.24913276049385,45.25816120537367,892000
2022-10-31,45.5380973815918,46.567512469964065,45.41167846823479,46.19728417599409,1739900
2022-11-01,44.07523727416992,45.46584853642982,42.35051500209921,45.46584853642982,3553400
2022-11-02,44.553829193115234,45.85414238027171,44.3461404965688,44.36420083252808,2798200
2022-11-03,44.68024444580078,44.89696501492984,43.89463884143905,44.11135596591152,1404500
2022-11-04,46.233402252197266,46.26049103363555,45.06853642515515,45.28525701063197,1253100
2022-11-07,46.03474044799805,46.847438310270725,45.32137270718722,46.513327275415996,1120000
2022-11-08,46.31467056274414,46.58556870245011,45.82705184447936,46.05280086834379,1006000
2022-11-09,44.933082580566406,46.088919883607254,44.88793346634639,46.088919883607254,1072300
2022-11-10,46.45915222167969,47.05512953795782,45.908324023596265,45.96250503222406,1074400
2022-11-11,46.86550521850586,47.08222238240253,45.71869960519292,46.46818467693328,1440200
2022-11-14,46.91065216064453,47.533718283714904,46.73005223601836,46.86550304065225,806100
2022-11-15,47.028038024902344,47.461475734782866,46.84743811795461,47.09124747563554,1249300
2022-11-16,47.05513000488281,47.29893937914184,46.63072071139595,47.19960925133368,649900
2022-11-17,47.867828369140625,47.92200938271444,46.61266416760029,46.61266416760029,949100
2022-11-18,48.3102912902832,48.527011869664285,48.0303612595528,48.373500741632526,1030800
2022-11-21,49.05978012084961,49.32164637380223,47.94006343311165,47.94006343311165,1152200
2022-11-22,49.484188079833984,49.80023879752354,48.96045210671464,49.348740724815826,952700
2022-11-23,49.90860366821289,49.944724345305076,49.47516587707874,49.56546412515184,734700
2022-11-25,50.18852615356445,50.25173560658149,49.79120565499241,49.90859611544841,378200
2022-11-28,49.6015739440918,50.29688132495031,49.592542054467216,49.818291069889206,979300
2022-11-29,49.5925407409668,49.98986120216635,49.26746506088059,49.5564235173949,860600
2022-11-30,49.76411437988281,50.089193518912936,48.79790885257475,49.78217471479078,2272900
2022-12-01,49.98234176635742,50.4551603950901,49.84595050993644,49.84595050993644,1067300
2022-12-02,50.52790069580078,50.64610622209461,49.77321187847971,49.79139414230295,1111800
2022-12-05,49.554988861083984,50.21875251583843,49.509526262265666,50.091455851717576,1065000
2022-12-06,48.427494049072266,49.31857756825414,47.70917671702374,48.873035808663204,1664300
2022-12-07,48.236549377441406,48.818478927003824,48.00923293035773,48.527514152222615,1211700
2022-12-08,47.88193893432617,48.34566298595968,47.62734560939593,48.28201465472712,1065900
2022-12-09,47.70008087158203,48.04560283110775,47.24544799220689,47.7819149286125,1157700
2022-12-12,48.15471267700195,48.16380727678784,47.336375593521566,47.65461721455724,956400
2022-12-13,47.83647155761719,48.88212508668104,47.700080307986724,48.80029103061747,1597700
2022-12-14,48.091068267822266,48.509329709111675,47.53641556722928,47.709178291490325,1288300
2022-12-15,47.04541015625,47.80919350429455,46.818093724910234,47.6000593351173,1177700
2022-12-16,46.53622055053711,46.808999577063034,46.03612509047733,46.54531168170612,2244000
2022-12-19,46.99994659423828,47.40002575455659,46.46347964900809,46.58168517079065,1171600
2022-12-20,46.163429260253906,47.09997200907218,46.11796665985406,47.07269514254709,1026300
2022-12-21,46.78171920776367,46.890830116479314,46.27252918613527,46.38164009485091,791700
2022-12-22,46.77263259887695,46.890838126846354,46.16342616352281,46.6817074041767,763200
2022-12-23,47.218170166015625,47.218170166015625,46.62714604745692,46.799908757981775,536200
2022-12-27,47.58188247680664,47.77282746835994,47.26363735564394,47.28182308844528,640000
2022-12-28,46.71807861328125,47.71826962379428,46.66352141561599,47.50913890227151,921200
2022-12-29,46.918113708496094,46.9908566371261,46.69989185975355,46.708982991545426,745000
2022-12-30,46.845375061035156,46.94539485534953,46.472576216774016,46.72716953424783,993200
2023-01-03,44.954097747802734,46.07249421194772,44.24487156775313,45.96338329238015,2770400
2023-01-04,46.699893951416016,46.899933545534466,45.154141334532326,45.26325226379062,1672100
2023-01-05,45.08140182495117,46.15433232060869,44.74497096817471,45.88155326345596,1849800
2023-01-06,46.26344299316406,46.545313159810135,45.87245843758375,46.24525726167502,2145000
2023-01-09,45.65424346923828,46.536232569077434,45.60878086450495,46.12706218932863,1466700
2023-01-10,46.24526596069336,46.3634715033205,45.681522052783905,45.763356125591265,1225600
2023-01-11,46.29981231689453,46.636243156240695,46.10886733363777,46.31799804890571,1641400
2023-01-12,45.76335144042969,46.33618642286123,45.60877444380806,46.245261226194806,1143000
2023-01-13,46.15433120727539,46.281631334878234,45.426919249556775,45.563310509130055,1126100
2023-01-17,45.80881118774414,46.48166592577642,45.7906254558279,46.20888688418026,1691600
2023-01-18,44.58130645751953,46.0270393931678,44.52675272280681,45.75426031388163,1483700
2023-01-19,45.09049606323242,45.208701601285036,44.090304961915585,44.463103841705404,1356200
2023-01-20,45.44510269165039,45.45419729173628,44.7813390968998,45.19050938642376,906300
2023-01-23,45.54513168334961,45.77244817139416,45.15414704642703,45.59968888916706,1069900
2023-01-24,46.79991149902344,47.29091239137258,45.70879185316383,45.70879185316383,1322800
2023-01-25,48.11834716796875,48.40022083045345,46.599874861778495,46.863562791015084,1899400
2023-01-26,47.98196029663086,48.718466898797246,47.7455492284211,48.018331763828364,2600300
2023-01-27,46.64533233642578,47.70917506884163,46.31799611106706,47.5636926874126,2211800
2023-01-30,46.581687927246094,47.32728562832059,46.42711440148439,46.590782527922585,1187200
2023-01-31,47.80919647216797,47.81828760381359,46.263443949386485,46.86355922663416,1387300
2023-02-01,48.47296142578125,48.61844381617608,47.618249347209556,47.645529680053066,2016500
2023-02-02,49.26402282714844,49.309485424823166,47.95468128381742,48.20927460565499,1999600
2023-02-03,48.75484085083008,49.37314199439177,48.11835397144899,49.26403104804984,1850500
2023-02-06,48.71845626831055,48.83665830804943,48.20926624437405,48.45476839152701,1939800
2023-02-07,47.554603576660156,48.20927610294551,47.354567446963834,48.20927610294551,1991100
2023-02-08,46.74535369873047,47.75463927139523,46.55440871703003,47.30000638054254,1979100
2023-02-09,46.57259750366211,47.036321556575814,46.41802050697493,46.92721062681505,1087200
2023-02-10,46.77263259887695,46.7999129321461,46.34528002149716,46.57259647682163,901200
2023-02-13,47.254547119140625,47.29091511685872,46.55441200160173,46.83628219393014,1232000
2023-02-14,46.96358108520508,47.38184253079143,46.772632626503615,47.172711807998255,1207700
2023-02-15,47.56369400024414,47.58187973199642,46.654428224072134,46.963578726713564,920800
2023-02-16,46.73626708984375,47.099971356578045,46.65443302282808,46.727172488745325,1028800
2023-02-17,47.30001449584961,47.39093970219079,46.599879307584786,46.69989911570466,1919200
2023-02-21,48.782108306884766,51.17347470416546,48.36384343063935,51.17347470416546,3407000
2023-02-22,48.163822174072266,48.70938039846944,47.67281769097005,48.28202425926107,2474900
2023-02-23,48.64572525024414,48.791207654305644,48.08198136807758,48.482057112103185,1827800
2023-02-24,48.90031433105469,49.000334125493026,48.1547166416083,48.34566162995032,1334300
2023-02-27,48.87303924560547,49.30039530337117,48.609351317683064,49.22765237074129,1440300
2023-02-28,48.36384963989258,49.227652896949174,48.34566390654072,48.78211456983746,1841200
2023-03-01,48.236549377441406,48.327478037419105,47.64552869616808,48.08197585833989,2054600
2023-03-02,48.82300567626953,48.84133305024281,48.03494607336457,48.163237691177486,1323900
2023-03-03,48.98795700073242,49.070428450050414,48.36484016046088,48.813852161323226,1172900
2023-03-06,48.64890670776367,49.17122469415015,48.52978051042952,48.80468416185562,1664400
2023-03-07,48.41982650756836,48.89632786782697,48.11743000187749,48.59393136213609,1377400
2023-03-08,49.80350112915039,51.022245371180944,48.87799139669161,48.87799139669161,4905300
2023-03-09,48.62141799926758,50.0692457791967,48.071607193950875,50.0692457791967,2562900
2023-03-10,47.93416213989258,49.03377687463405,47.72340253254746,48.79552794759739,1559300
2023-03-13,47.72339630126953,48.21822146905752,47.136930758235316,47.466816533820335,1667900
2023-03-14,47.512638092041016,48.419824067812705,46.97199268125766,48.117427577358846,1456700
2023-03-15,47.70506286621094,47.74171411782892,46.2022496910227,46.669588978940176,1529800
2023-03-16,47.173587799072266,47.686743863280675,46.889518701737124,47.62259979220334,1414000
2023-03-17,45.73492431640625,46.871197269527414,45.414203944261914,46.71541630620739,5250100
2023-03-20,46.6054573059082,46.843706234897745,46.06481187547308,46.09230119538994,1484400
2023-03-21,46.651268005371094,47.05445979319506,46.458835799518035,47.05445979319506,1517200
2023-03-22,45.8082275390625,46.88951471482226,45.79906210363665,46.724575328640476,996900
2023-03-23,45.41420364379883,46.183936027442535,45.2492607404759,45.808233524449165,1087700
2023-03-24,46.458839416503906,46.49549417159331,45.194278330638305,45.423365306562296,1083700
2023-03-27,46.807044982910156,47.15525461283432,46.715408110096476,46.78871760834742,1125000
2023-03-28,47.10028076171875,47.53096187306093,46.80704973015357,46.81621167056952,857000
2023-03-29,47.60426712036133,47.6775731239003,47.2468920510842,47.503468306854586,1036400
2023-03-30,47.36601638793945,48.163241488480736,47.10944012326287,48.0257879206386,1269900
2023-03-31,47.35685729980469,47.6042716394659,47.13693227713151,47.595106203410126,1480600
2023-04-03,47.760047912597656,48.27320395572139,47.47598232252397,47.47598232252397,1263900
2023-04-04,47.59510803222656,48.154080803059045,47.14609952475082,48.01663071724781,1582700
2023-04-05,48.10826873779297,48.10826873779297,47.58595067114414,47.66842212880396,1714800
2023-04-06,47.78754425048828,48.52062186933392,47.63176329021431,48.32818964981003,1068700
2023-04-10,48.703895568847656,48.71305751040621,47.55846061657551,47.66842139322842,1487600
2023-04-11,49.52859878540039,49.73019642363,48.77719385547669,48.77719385547669,1487700
2023-04-12,49.73019790649414,49.86764798572142,49.25369660820908,49.57441695532902,2315800
2023-04-13,51.5262451171875,52.19517870521733,49.63856707048563,49.63856707048563,4250700
2023-04-14,51.3704719543457,51.92027937554517,51.1872016487491,51.288000491606745,1905000
2023-04-17,52.213504791259766,52.24099411065487,51.31548423659023,51.462099766014035,1984300
2023-04-18,52.525054931640625,52.90075738491942,51.993575032275466,51.993575032275466,2584500
2023-04-19,52.625858306884766,52.82745595631088,52.25931776167178,52.25931776167178,1888100
2023-04-20,52.873268127441406,53.0290455736974,52.23182397598684,52.23182397598684,2190500
2023-04-21,53.44140625,53.633838459261945,52.73581798711655,52.73581798711655,1888800
2023-04-24,53.41391372680664,54.30276870957988,53.38642091599839,53.61550786439376,1860600
2023-04-25,53.79877853393555,53.85376066038339,53.21231650084966,53.21231650084966,1660200
2023-04-26,54.18365478515625,54.31194293773222,53.78962489047864,53.798786831838356,1307500
2023-04-27,54.14699935913086,54.56851856826646,54.02787314938734,54.211143434625846,1736100
2023-04-28,54.504371643066406,54.623497846581536,53.533041629000266,54.03703576095283,1906300
2023-05-01,55.393226623535156,55.649802895497984,54.495206176075726,54.495206176075726,2595200
2023-05-02,59.63591766357422,61.09290733819011,57.55580769758351,57.55580769758351,8686400
2023-05-03,59.525962829589844,60.414821472169976,59.13193292590525,60.2315546760665,4657600
2023-05-04,59.57177734375,60.00246196382346,59.06778321575351,59.6725761693493,2488600
2023-05-05,59.461814880371094,60.01162222406457,59.18690771293452,59.361016051723,1586400
2023-05-08,59.07694625854492,59.49846542525535,58.96698200111556,59.07694625854492,1835700
2023-05-09,59.12276077270508,59.42515724398725,58.554629574613,58.83869517365904,1560900
2023-05-10,59.04945755004883,59.51678991878282,58.84785990494196,59.086112302902734,2789200
2023-05-11,58.646263122558594,59.06778229981046,58.4171761572361,58.78371669998796,2404100
2023-05-12,58.87534713745117,59.01280070799231,58.60044349195841,58.66458406379756,1709200
2023-05-15,58.37135696411133,59.51678824609231,58.2705581443908,59.177744026286035,2135900
2023-05-16,57.90401840209961,58.53630064506509,57.36337303993543,57.86736714536867,2926000
2023-05-17,56.93269348144531,57.82154852803358,56.33706597461871,57.82154852803358,3795500
2023-05-18,56.70361328125,56.85022881641666,56.19045716037164,56.575325124927936,2350500
2023-05-19,57.37254333496094,57.72075652031855,56.7127717196707,56.86855268243195,2106200
2023-05-22,57.225921630859375,57.72991222897859,57.18010493931936,57.619951470164644,2187700
2023-05-23,56.465354919433594,57.17094320066374,56.437865601849865,57.161781259999074,1639600
2023-05-24,55.81475067138672,56.4928496581459,55.56733631793093,56.46535684403536,2287700
2023-05-25,55.64980697631836,55.998020153509316,55.01752819022065,55.48486407636421,1964000
2023-05-26,55.56733322143555,55.7597654315368,54.88923776805315,55.631477291469295,1739500
2023-05-30,55.347412109375,55.567333638114214,54.52269763762878,54.577679767608416,2440100
2023-05-31,56.676116943359375,56.88688003918043,55.68646301637859,55.83307854243463,4271800
2023-06-01,57.49711227416992,57.59858023379997,56.49162760689717,56.74068948470869,2688800
2023-06-02,58.917694091796875,59.3235764297142,57.69082048007172,57.819964700367414,2647500
2023-06-05,58.86235427856445,59.41583408631068,58.438018703617416,58.79778216216486,1876600
2023-06-06,60.0892333984375,60.7718539812903,59.20366984931762,60.58736421441121,4092900
2023-06-07,61.02092361450195,61.353010828994954,59.72947411789958,59.960089848084515,3094500
2023-06-08,61.25151824951172,61.49136049689519,60.73493440608339,61.4267813583644,2374500
2023-06-09,61.306880950927734,61.9064832186667,61.10393799527765,61.34378030993985,2207100
2023-06-12,61.89725875854492,62.10942832073863,61.50059943274801,61.62052411314012,2799000
2023-06-13,62.49684524536133,62.847378522712255,61.75887230187019,61.78655209346216,3083200
2023-06-14,62.22011947631836,62.6167788028328,62.072529072735485,62.38616307899495,1559600
2023-06-15,61.43601608276367,62.506076222015906,61.297645266435254,62.26623394290212,2032400
2023-06-16,61.140838623046875,61.76811366360348,60.92867610161593,61.65741558426999,2523100
2023-06-20,61.43601608276367,61.69430451973295,61.06702958516525,61.16850104795061,1414200
2023-06-21,61.380672454833984,61.71275960907947,61.11315741181221,61.62051474130734,2128600
2023-06-22,61.31610870361328,61.685095262842694,61.05782022350266,61.66664206407294,1049500
2023-06-23,61.048580169677734,61.804999282366566,60.956335309658456,61.44523940180918,1701200
2023-06-26,60.578125,61.26075247853674,60.246037858504295,61.1592810165335,2290100
2023-06-27,60.707271575927734,60.84564239656523,60.236820638725455,60.49510908373823,2037000
2023-06-28,60.5596809387207,60.71649791712453,60.33829184933693,60.43053671676081,1698100
2023-06-29,60.532012939453125,60.85487351972627,60.338296591289236,60.51355974181876,1820300
2023-06-30,60.73494338989258,60.81796869611945,60.31061137426683,60.421309436625265,2408700
2023-07-03,61.44525146484375,61.63896782026447,60.54123476838064,60.550461367543456,1944000
2023-07-05,61.47291564941406,61.63895922201738,61.11315574841224,61.214627211549384,2093300
2023-07-06,60.9655647277832,61.353004463046915,60.83642049530624,61.353004463046915,2051100
2023-07-07,60.808746337890625,61.21463222367225,60.67960210838423,60.88254505127504,1898700
2023-07-10,60.4489860534668,60.83641873971733,60.22759695244259,60.6888283516454,1444900
2023-07-11,59.443504333496094,60.63348217500981,58.79777967786658,60.550456864385225,2717300
2023-07-12,60.87331771850586,60.90099047623311,59.50807672652244,59.60954819674409,3135100
2023-07-13,61.52827453613281,61.66664538302023,60.80875457771862,60.80875457771862,3084400
2023-07-14,62.06328582763672,62.127857931479554,61.343766088293236,61.50980964643646,1539900
2023-07-17,62.718238830566406,62.72746542842828,61.629732531324514,62.054064541153444,2704400
2023-07-18,62.63521957397461,63.696053100706976,62.32157859211378,63.10567752784986,1784700
2023-07-19,63.81597900390625,63.91745047846025,62.78281809837141,62.967314887484534,1826800
2023-07-20,64.62774658203125,64.77534401976101,63.93589942779769,63.991251985862945,1355000
2023-07-21,64.52627563476562,65.03363303385096,64.44325735373344,64.75689135474383,1142100
2023-07-24,64.43402862548828,65.22734723902927,64.36945650754113,64.52627350286521,1052100
2023-07-25,65.1904525756836,65.25502469828137,63.94512904682139,64.37868774333519,1714500
2023-07-26,65.0244140625,65.40262726579255,64.6277546960919,65.19045768187628,1310600
2023-07-27,63.8897819519043,65.23657693140001,63.37319794599953,65.19967757113301,1948700
2023-07-28,65.07974243164062,65.39337635283819,64.21262529307789,64.48936690176048,3815400
2023-07-31,64.36023712158203,64.95061988619373,63.83443351998817,64.6738781852143,3285100
2023-08-01,61.36222839355469,62.257018523599235,59.0837509652746,60.098458737491775,6080800
2023-08-02,62.10942459106445,63.31784865711624,60.88254732706045,61.15928899368026,3788700
2023-08-03,60.07078552246094,61.943384050390215,59.978533603820786,61.85113916958334,2566500
2023-08-04,60.24604415893555,61.35300375896257,60.135353125415776,60.26449735641068,2018700
2023-08-07,59.97852325439453,60.596578628603645,59.6187633548418,60.421308458830545,1494500
2023-08-08,59.82170486450195,60.22759070580955,58.899242161771525,60.116892647862414,1740900
2023-08-09,59.600318908691406,60.14456855365438,58.95459427916967,60.03387752774043,1460000
2023-08-10,59.33281326293945,59.886289593660585,59.0560715786622,59.49885686593913,1300400
2023-08-11,59.240562438964844,59.30513455377517,58.825453473101064,59.194436483600605,1375200
2023-08-14,59.48040771484375,59.76636894647851,59.24979200214912,59.37893623823147,1154000
2023-08-15,58.71476364135742,59.36971144074503,58.585615882439484,59.24056720074371,1389400
2023-08-16,57.6077995300293,58.788550725795105,57.50632806434639,58.6778561809211,1523800
2023-08-17,57.34950637817383,57.847637098157094,57.33106022017391,57.561675903249565,1285800
2023-08-18,58.14283752441406,58.18896348618441,57.16502906781869,57.19270182974745,1748400
2023-08-21,57.912208557128906,58.26274537676131,57.50632622628655,58.12437456090441,986200
2023-08-22,57.617027282714844,58.013686579513454,57.22959458477188,57.84764298927606,1155000
2023-08-23,57.93988037109375,58.27196396953571,57.51554487729459,57.87530826704261,1298000
2023-08-24,57.69082260131836,58.511813905313396,57.61702389048383,57.94911105140681,1206600
2023-08-25,57.97678756713867,58.069035961662294,57.44176095456744,57.8107439759126,1046200
2023-08-28,58.01368713378906,58.65018874208581,57.76462174605335,58.152057966614386,1706600
2023-08-29,58.37344741821289,58.41957337536904,57.6816002878684,58.170507986175046,1119500
2023-08-30,58.188961029052734,58.5118216343109,58.0782629481785,58.355001112530736,1163700
2023-08-31,58.9503288269043,59.31244241415066,58.31895001870207,58.32823343855586,1736900
2023-09-01,58.41179656982422,59.423859315468306,58.28180744428171,59.02460497733746,1378100
2023-09-05,57.826839447021484,58.17966958809883,57.585431587508275,58.17966958809883,1339800
2023-09-06,57.5947151184082,57.90112108039722,57.42758523767563,57.85469690062436,2159600
2023-09-07,58.56035232543945,58.69962840356417,57.78041408020419,57.78041408020419,1711200
2023-09-08,59.089595794677734,59.11744959354616,58.597493124333916,58.63463388411702,876200
2023-09-11,60.148075103759766,60.53804240671128,59.40527771103974,59.433135048348674,1605900
2023-09-12,59.50741195678711,60.27806671896032,59.35885601398415,60.27806671896032,1352900
2023-09-13,58.70891189575195,59.841676734290346,58.6996284767697,59.70240773986754,1211500
2023-09-14,59.22886657714844,59.48884478850949,58.72747699071998,58.876036474631654,1463900
2023-09-15,59.043174743652344,59.544560859533306,58.99675056243311,59.03389132418369,2064900
2023-09-18,59.813819885253906,59.90666823809293,59.0895928156842,59.28457648180871,1059800
2023-09-19,59.284584045410156,60.15737425797416,59.19173568072543,59.86954220228865,1050100
2023-09-20,60.138797760009766,60.64018740849287,59.4702853125748,59.73026355611215,1338500
2023-09-21,59.581703186035156,60.222368946275154,59.516708622233715,60.11094665809719,1301600
2023-09-22,58.866764068603516,59.897397230637424,58.84819368689843,59.70241353564132,1252700
2023-09-25,58.43964767456055,58.783194395575215,58.14252867504473,58.63463489581731,755500
2023-09-26,58.532501220703125,58.876044409435366,57.96611700510204,58.04968194743561,1215600
2023-09-27,57.94753646850586,58.57891513505143,57.49257107510727,58.458209452404894,1442900
2023-09-28,58.133243560791016,58.383938373435775,57.743272671586574,58.133243560791016,946200
2023-09-29,59.043174743652344,59.28458261115518,58.198241894485434,58.281806837455264,1883300
2023-10-02,58.133243560791016,59.275295345991985,57.798983810597996,58.978176355139915,1565000
2023-10-03,57.58543395996094,58.42107985449235,56.916914410785395,57.97540133568799,814400
2023-10-04,58.52322006225586,59.27530461783117,57.62257952995516,59.15459890206118,2665400
2023-10-05,54.83707809448242,58.43964679486649,54.59566669729863,58.281803878347546,3523000
2023-10-06,54.96706771850586,55.208475575976024,53.36076702989812,54.57709682020747,2694200
2023-10-09,54.902069091796875,55.310606797995206,54.05713634033977,54.642087331545596,1649500
2023-10-10,55.858421325683594,56.24839220034175,55.12490729478054,55.52416158795878,1914500
2023-10-11,55.75628662109375,56.36909496630147,55.43131384027817,55.80271079807631,1126200
2023-10-12,53.90858459472656,55.82128783319854,53.240065032265164,55.793434032075346,2198800
2023-10-13,54.45639419555664,54.7999373696819,53.85286924414881,53.917863802985,1270600
2023-10-16,55.02277374267578,55.254898174422024,54.54924146036606,54.74422513296785,1146900
2023-10-17,54.91135787963867,55.18990650391772,54.40068481147077,54.72565761614,1400100
2023-10-18,55.04134750366211,55.74700780300739,54.52139101144765,54.73494507674115,1391900
2023-10-19,54.16856002807617,55.13419855866672,53.982859765741395,55.097057797812184,1497900
2023-10-20,54.47496032714844,54.846360837342864,54.35425817198235,54.43782310967921,1196500
2023-10-23,53.50004196166992,54.28926721266404,53.37005283706661,54.28926721266404,1376800
2023-10-24,54.14070510864258,54.465677904553786,53.27720191729241,53.60217471320362,996300
2023-10-25,53.55575180053711,54.25212512990407,53.40719229861634,54.131419427737846,1521500
2023-10-26,53.852874755859375,54.40068862350168,53.713598662991366,53.97358046688244,1252700
2023-10-27,52.69224548339844,54.09427547877724,52.46012105395616,53.63931358055548,1255800
2023-10-30,52.961509704589844,53.444328934046496,52.81295021413684,53.11935261359844,1928900
2023-10-31,53.639320373535156,53.92715597759318,53.15650107411758,53.24934944087789,2256800
2023-11-01,54.038578033447266,54.326410113183485,53.3422046143099,53.76931279464894,2322300
2023-11-02,53.695030212402344,54.790654372883495,51.68947153656671,54.790654372883495,3792400
2023-11-03,54.809226989746094,55.64487647209565,54.33569464437348,54.64209709327618,2254800
2023-11-06,55.152774810791016,55.57988298027544,54.65138511168932,54.65138511168932,1366500
2023-11-07,54.883506774902344,55.31061492256632,54.6328119381592,55.041349704367605,1071800
2023-11-08,54.77208709716797,55.33846778321509,54.558529485027634,55.26418980059335,1758300
2023-11-09,54.02000045776367,55.18062266845482,54.00143007736006,54.874216704702164,1646200
2023-11-10,54.753509521484375,54.81850407596495,53.88071943228075,53.88071943228075,1787900
2023-11-13,54.32640075683594,54.72565506506832,54.0385687266715,54.26140619893186,1341200
2023-11-14,55.46845626831055,55.56130462507052,54.83707752491697,55.00420740063514,1361200
2023-11-15,55.44988250732422,55.68200692700734,55.022770883234735,55.47773630426618,1430200
2023-11-16,54.77208709716797,55.62630337797716,54.64209442918836,55.422032727375814,1461900
2023-11-17,55.13420104980469,55.16205485073516,54.493535292899274,54.87421925401403,1295700
2023-11-20,54.7813720703125,55.29204516935999,54.697807123781956,54.85565359697882,908300
2023-11-21,55.347755432128906,55.44060379704369,54.47496521740238,54.78137119710971,1371800
2023-11-22,55.70986557006836,55.802713929243325,55.31061125012784,55.54273569000313,1158600
2023-11-24,55.70058822631836,55.94199611166691,55.598452894923035,55.663447461822194,425100
2023-11-27,55.932708740234375,55.99770330254209,55.4034617383975,55.61701934819487,1675800
2023-11-28,55.969844818115234,56.24839698453652,55.83985569615219,56.062696720901634,1132700
2023-11-29,55.80271911621094,56.03484357766263,55.56131123475399,55.89557102595453,1276200
2023-11-30,57.53223419189453,57.57897724963241,55.96164320128829,56.083178004420134,2645900
2023-12-01,57.8968391418457,58.1959990121086,57.42005064680568,57.597679271582805,1378400
2023-12-04,58.22404098510742,59.102826176939054,57.42939829139309,57.53223515990673,2124200
2023-12-05,57.99968338012695,58.34558635536258,57.8033603590149,58.289492535215956,1601500
2023-12-06,57.868797302246094,58.19600231445504,57.58833178747595,57.76596042233267,1571400
2023-12-07,58.08381652832031,58.111861652459986,57.494843957517794,57.9809796514521,1126300
2023-12-08,58.25209045410156,58.56059749751123,58.04641671431724,58.04641671431724,1166300
2023-12-11,58.77561950683594,58.794317444094595,57.95293166505638,58.308181774170194,1103200
2023-12-12,59.31785202026367,59.44873402149674,58.80367120130502,58.971949078966695,2096500
2023-12-13,60.05640411376953,60.112501497620464,58.88781322738113,59.3739453813707,1378300
2023-12-14,58.94390106201172,60.09379752832733,58.77562318242728,59.92551964874289,2178100
2023-12-15,57.775299072265625,58.551247366953554,57.35460442853522,58.551247366953554,5062800
2023-12-18,57.8968391418457,58.457763007021896,57.75660639241818,58.083814952326755,1829200
2023-12-19,58.27079391479492,58.52320717139089,57.86879714870927,57.999679153245594,1334400
2023-12-20,57.27047348022461,58.03707469688239,57.214383230755665,58.03707469688239,1186800
2023-12-21,57.06480026245117,57.84074505785203,56.672150705653735,57.56028312657783,1046700
2023-12-22,57.36396026611328,58.03707175576668,57.1395885808065,57.35460951416424,757400
2023-12-26,57.176979064941406,57.49483684216665,57.13958319320511,57.22372212147846,1047800
2023-12-27,57.139591217041016,57.401358789687194,56.90587233526911,56.90587233526911,756000
2023-12-28,57.26112747192383,57.354613600473144,56.933922455734,56.980665520008664,741200
2023-12-29,57.22372817993164,57.392006054294434,56.96196418259707,57.083498995473974,776300
2024-01-02,58.02771759033203,58.34557537882957,57.06479703970716,57.10219291276963,1275300
2024-01-03,57.99968338012695,58.34558635536258,57.56029070464697,58.093169514103906,1341600
2024-01-04,57.31721878051758,58.102514351274536,57.27982290422748,57.934236474236116,1198000
2024-01-05,57.504188537597656,57.90618527462888,57.02740361749407,57.3452614196521,1669500
2024-01-08,58.24274826049805,58.24274826049805,57.317223428008816,57.50419569208564,1319600
2024-01-09,58.71017837524414,58.72887631246002,57.831396723699136,58.14925452383531,1908000
2024-01-10,59.42068099975586,59.52351429686645,58.55124660281534,58.635385530463346,1738400
2024-01-11,59.551570892333984,59.6170118929437,58.943900382367154,59.18697001286071,1281400
2024-01-12,59.08413314819336,59.84138359775047,59.01869214756995,59.64505702961318,1041900
2024-01-16,59.065433502197266,59.5609163686676,58.61669369678257,59.37394055817807,1083800
2024-01-17,59.14022445678711,59.27111002664739,58.71953332131401,58.94390145139738,1130600
2024-01-18,58.73823165893555,59.23371455198085,58.36428001789978,59.11217973370416,993200
2024-01-19,58.42036819458008,58.96259409884666,58.00902071589494,58.96259409884666,1220700
2024-01-22,58.644737243652344,58.96259504305968,58.20534463575391,58.233393324646855,1188800
2024-01-23,58.47645950317383,58.7943173032759,58.224042700186864,58.51385537760157,1119300
2024-01-24,57.13024139404297,58.560599743262415,57.01805733452518,58.51385668231891,1651000
2024-01-25,58.78497314453125,58.803671082707844,57.37330912546838,57.50419112643748,1565400
2024-01-26,58.654090881347656,59.36459469754662,58.42037200458566,59.037389696586644,1019500
2024-01-29,59.261756896972656,59.34589583394549,58.26144040533276,58.7475760893684,1190400
2024-01-30,58.77561950683594,59.430033045821354,58.62603957503357,59.25240799126445,1211600
2024-01-31,57.765953063964844,59.24305437326625,57.46679321483376,59.02803345459495,1185300
2024-02-01,58.99999237060547,59.08413130682294,57.71921395597682,57.79400214024405,1342000
2024-02-02,58.02771759033203,59.00933607748814,57.77530079656045,58.90649920969971,1359500
2024-02-05,57.28916931152344,57.69116606051072,57.120891436772155,57.42005131049287,1349700
2024-02-06,57.29851531982422,57.99967188448306,57.18632770176677,57.2704666321765,2314200
2024-02-07,55.840118408203125,56.54127509876258,55.06417352510968,56.18602137699094,4186800
2024-02-08,56.335594177246094,56.382340803696714,55.3446284627902,55.840111320018146,2414600
2024-02-09,56.30754852294922,56.31689927465785,55.50355505681647,56.101874780561715,2134000
2024-02-12,58.06511688232422,58.08381481995641,56.288852036202705,56.326247911467085,4091200
2024-02-13,57.29851531982422,58.65408539141798,55.886851439201735,58.4297137215698,4557400
2024-02-14,57.43874740600586,58.10251169790844,56.73759080578782,57.93423382855476,2109400
2024-02-15,58.02771759033203,58.36427331536081,57.578977812382576,57.66311674363977,1538500
2024-02-16,58.102508544921875,58.22403978131917,57.44809504031068,57.83139381831247,1458800
2024-02-20,58.6353874206543,59.28045017590574,58.10250871712773,58.23339070518455,2008700
2024-02-21,58.401676177978516,59.21501689996145,58.12121066271039,58.86911394840251,1359700
2024-02-22,58.57929992675781,58.75692499165984,57.57898340589468,57.96228222635376,1614100
2024-02-23,58.42036819458008,58.9251982250995,58.149253459313385,58.43906256518685,1389500
2024-02-26,58.654090881347656,59.084132758685634,58.27079206610867,58.28013925202165,1029300
2024-02-27,58.67278289794922,59.14022063270947,58.27078972702095,58.607341900384135,1076800
2024-02-28,58.79431915283203,58.89715602760994,58.373624467952844,58.76627402926241,1289200
2024-02-29,58.76607131958008,59.29329146708491,58.54012239307332,58.897879050001364,2331900
2024-03-01,58.4930534362793,58.926125230358295,57.91876086129062,58.72841901019966,1192900
2024-03-04,58.690757751464844,58.86963428893667,58.14470791382423,58.14470791382423,1253800
2024-03-05,59.321533203125,59.94289812782355,58.86963176619819,58.91670775055184,1495800
2024-03-06,59.095584869384766,59.98055807659645,58.61543711878128,59.75460915157762,1659400
2024-03-07,60.27240753173828,60.347726232417024,59.09558336047609,59.31211923783751,1709900
2024-03-08,60.78080368041992,60.94085773005102,59.980562163413644,60.31948916542833,1642400
2024-03-11,62.08943557739258,62.72022077492866,60.84670563339748,60.94085760927175,2085700
2024-03-12,61.73168182373047,62.48485452586524,61.34568602140713,61.976464029342345,1286700
2024-03-13,62.33422088623047,62.616662462327696,61.97646778158994,62.136514656077466,1764000
2024-03-14,62.07060623168945,62.65431541062962,61.51513977091322,62.04236351352551,2533600
2024-03-15,63.520469665527344,63.6146144695452,61.684613664632465,61.684613664632465,4433000
2024-03-18,63.50162887573242,63.840555876294395,63.0685570823004,63.247437216704576,1647200
2024-03-19,64.0194320678711,64.02884870141433,63.36041137558127,63.624019652497196,1697900
2024-03-20,62.927337646484375,64.11358217380369,62.72963142239573,64.01002074459716,1543600
2024-03-21,63.14387893676758,63.492222588813995,62.3436373833077,62.757883111926404,1163100
2024-03-22,63.22861099243164,63.68992550443316,63.021488138899905,63.30392251688997,1007200
2024-03-25,63.70875549316406,63.8217335609544,63.20978159696858,63.454563819120445,1393700
2024-03-26,62.983829498291016,64.2453855363935,62.983829498291016,63.94411788678788,1576500
2024-03-27,63.39805603027344,63.75581623464649,63.08737898803629,63.26625190743683,1255900
2024-03-28,63.313331604003906,63.81230541015023,63.021480626700146,63.614599214287715,1190000
2024-04-01,63.38865661621094,63.558120112799436,62.94616819829723,63.04972962303393,1185200
2024-04-02,64.19831085205078,64.2547962865582,63.407478855013295,63.407478855013295,1940600
2024-04-03,64.15123748779297,64.33011761475353,63.88762920561129,64.16065412152432,1429700
2024-04-04,63.435733795166016,64.42427218623936,63.04973794701312,64.42427218623936,1370800
2024-04-05,63.40748977661133,63.633438736346235,63.08739601555254,63.47339185581684,1222200
2024-04-08,62.72962951660156,63.39806687758031,62.68256071198423,63.294512634307296,1502300
2024-04-09,63.38865661621094,65.13036038611175,62.98382755118213,65.13036038611175,2344800
2024-04-10,63.511051177978516,63.84997820878846,62.701392958020094,62.85203038628581,1792500
2024-04-11,63.84056091308594,64.16066185344364,63.143880771537326,63.765249382520466,1439600
2024-04-12,62.45659637451172,63.70874277374357,62.221230834029924,63.5863552784961,1338000
2024-04-15,60.97850799560547,62.955584506505,60.90319647301242,62.955584506505,1927000
2024-04-16,59.55690383911133,61.00676024226181,59.47217208799844,60.84670619147992,2190400
2024-04-17,59.82051467895508,60.583096834221216,59.651051179697355,59.91465947125665,1817100
2024-04-18,60.1406135559082,60.56427231500791,59.764027194176535,60.18768595327624,1507500
2024-04-19,60.47012710571289,60.95026771041139,59.980562683981745,60.26300424904105,1353700
2024-04-22,60.743141174316406,61.42099514316887,60.291243316939386,60.66782965327819,1659500
2024-04-23,60.42304611206055,61.02558136367381,59.92407228020458,60.18768055493703,2034200
2024-04-24,59.97114944458008,60.42305091924274,58.08822483778883,58.775491888300394,2444500
2024-04-25,59.142662048339844,60.15002643309372,58.671930893169105,59.698124955097065,1791600
2024-04-26,58.87905502319336,59.57573513672234,58.85080871112494,59.36861586611864,1404600
2024-04-29,59.83934020996094,60.43246241627083,59.05792484069943,59.06734147411336,2557300
2024-04-30,53.90812683105469,59.25563269601201,53.90812683105469,58.84139059909602,5970600
2024-05-01,53.73866271972656,55.13202630897433,53.43739151938214,53.52212325886175,2840700
2024-05-02,54.41651916503906,55.34856840415336,53.77632452615913,53.79515420276073,2792800
2024-05-03,54.46358871459961,55.273246809187896,54.34120121017554,54.56715013479952,2054700
2024-05-06,53.917545318603516,54.87783727716615,53.67276311411447,54.75544617492163,2342300
2024-05-07,54.859004974365234,55.0096387886114,54.10583590313443,54.29412547739706,2855200
2024-05-08,54.80251693725586,55.51803026139592,54.56715137378227,55.028469458403634,1816000
2024-05-09,55.36739730834961,55.423882745972804,54.85900682137959,54.868419863852274,1457700
2024-05-10,55.59334182739258,55.941681833519624,55.32031692924745,55.37680595377883,1615400
2024-05-13,55.3203239440918,55.90403316408637,55.273251546709965,55.63100823132056,1872300
2024-05-14,54.73661422729492,55.499199936941544,54.42593355466415,55.37680883977502,2258700
2024-05-15,53.588035583496094,54.97198639616144,53.52213350588288,54.91550095328947,2105200
2024-05-16,54.08700942993164,54.26588597262983,53.550376210443446,53.616278283616126,2117900
2024-05-17,53.16437911987305,54.209402884639424,53.013745290174796,54.209402884639424,1484700
2024-05-20,51.97813034057617,53.47505547267589,51.789837170920876,53.47505547267589,2108500
2024-05-21,51.931060791015625,52.29823051669216,51.723937933908374,52.062864939577075,1304300
2024-05-22,51.290863037109375,52.08169147212312,51.27203336110982,51.723934810918614,1276800
2024-05-23,50.57535171508789,51.43208219345219,50.41530126982333,51.140227611730566,1492100
2024-05-24,50.36823272705078,51.09315912436996,50.23642858051886,50.88603627045201,1363200
2024-05-28,49.859840393066406,50.951936470252825,49.83159767453193,50.03872052083412,2627200
2024-05-29,49.91633224487305,50.81072216011917,49.52091620605747,49.56799219480231,2817700
2024-05-30,50.1046257019043,50.29291529234684,49.784528370200746,50.01047731528929,2395100
2024-05-31,51.60154724121094,51.85574247980529,49.87866959898035,50.29291169628589,3823800
2024-06-03,50.3211555480957,51.68627646288016,50.001058254914476,51.39442188658767,3096400
2024-06-04,49.85042953491211,50.21759925752212,49.77511082699536,50.17052686077098,2137200
2024-06-05,49.4267692565918,49.89750039236886,49.219646407603946,49.89750039236886,3294500
2024-06-06,49.76569366455078,50.057544655084335,49.15374178326296,49.26671983578565,4052000
2024-06-07,49.30999755859375,50.25936218821153,49.27202572577842,49.56632644317519,2100600
2024-06-10,49.27202606201172,49.632782016220446,48.98721377395189,49.20557082720807,2216100
2024-06-11,48.37961959838867,49.072655328272596,48.142278446173414,48.97772031600192,3183100
2024-06-12,48.39860534667969,48.9397428618864,48.303670338289834,48.787844675539574,3695700
2024-06-13,47.7530403137207,48.341645372126806,47.278357997239304,48.2751901375425,1881100
2024-06-14,47.02202606201172,47.7055697123042,46.69924196287787,47.420761065195144,2881500
2024-06-17,47.658103942871094,47.69607939627825,46.87962525571725,46.955572540992996,2217300
2024-06-18,47.72455978393555,47.838482524070685,47.29734498150553,47.45873884977403,2347700
2024-06-20,48.06633758544922,48.23722352760875,47.31633857503117,47.46823678789085,1896400
2024-06-21,48.37012481689453,49.148603462518295,47.828987310096025,48.29417391413203,6050000
2024-06-24,48.79734420776367,49.2055712948882,48.322661885203864,48.41759690110034,2036600
2024-06-25,48.48405456542969,48.69291595671167,47.98089243720189,48.332156359462495,2040200
2024-06-26,48.104305267333984,48.35114210537151,47.79101681479559,48.237219360951975,2208900
2024-06-27,48.06633758544922,48.24671558148914,47.525199975790386,48.13279282722914,2104200
2024-06-28,48.25620651245117,48.34164585359164,47.82899169905528,48.22772311053231,2492900
2024-07-01,48.037845611572266,48.664426080539265,47.62961855829424,48.531515620688445,1808100
2024-07-02,47.999874114990234,48.15177230180983,47.620126837172045,48.123288901973474,1396200
2024-07-03,48.06633758544922,48.59797951968859,47.84798413080961,48.541019953328124,1138900
2024-07-05,47.449241638183594,47.98088711082001,47.1169654812474,47.93341960576319,2581400
2024-07-08,47.6201286315918,47.648608410962886,47.24987701361339,47.49671021841947,1949000
2024-07-09,47.41127014160156,48.02835862344658,47.34481490466918,47.43025786951635,1987800
2024-07-10,47.87645721435547,47.91443266764103,47.18342148881752,47.41126696545376,1578300
2024-07-11,48.578983306884766,48.83531217536053,47.98088623531308,48.075821243694435,1669100
2024-07-12,48.645442962646484,48.996706845309554,48.13278521722136,48.57898410983494,1926200
2024-07-15,48.74037551879883,49.16759028514529,48.41759143106354,48.607465062944,2052800
2024-07-16,49.91759490966797,49.94607469020387,48.749873206153694,48.95873458752026,1699700
2024-07-17,51.2467041015625,51.47455321428142,50.03151849116502,50.126453508900276,2158300
2024-07-18,50.382781982421875,51.44606938265148,50.1644285462209,50.3163267462537,2308100
2024-07-19,49.7467041015625,50.36378888902909,49.56632251843329,50.306829333546915,1215700
2024-07-22,49.851131439208984,50.0694884749062,49.13910801939344,49.746704379728286,1339100
2024-07-23,50.211891174316406,50.50619549269807,49.680249336644245,49.71822116680768,1291100
2024-07-24,50.6675910949707,50.73404633171622,50.23088421877481,50.34480696440444,1912600
2024-07-25,51.27518081665039,51.569485148494245,50.6201205417524,50.77201873396955,2154300
2024-07-26,51.578983306884766,52.13910497516326,51.24670350559798,51.39860170513119,1631900
2024-07-29,50.43024826049805,51.25619809821749,50.04100890606447,51.19923491651794,2027100
2024-07-30,50.56315994262695,50.73404587028657,50.16442852578036,50.32581877882624,1758200
2024-07-31,50.173919677734375,50.80999586849654,50.15493557192538,50.48721174666321,1554700
2024-08-01,50.10746765136719,50.743543882859846,49.803671237428254,50.382784283230265,1480900
2024-08-02,50.211891174316406,50.59163844825801,49.07265297402999,50.35429730742911,2169000
2024-08-05,48.541011810302734,50.73404166422531,48.30367066617858,50.31632255432064,3036300
2024-08-06,51.170753479003906,52.385939010258085,50.87644914873017,51.6549278323822,4839600
2024-08-07,49.46189498901367,52.17707836714735,49.46189498901367,51.18973829845536,3684300
2024-08-08,50.183414459228516,50.515690628053925,49.366960305499084,49.366960305499084,2118600
2024-08-09,50.29733657836914,50.38277953808847,49.72771926126595,50.16442611248097,1474600
2024-08-12,49.3764533996582,50.72455307348036,49.28151838414537,50.30683393506972,2298600
2024-08-13,50.30683135986328,51.99669917595053,49.205568577210045,49.32898336675138,1609000
2024-08-14,49.77518844604492,50.45873214685132,49.69923753638257,50.45873214685132,956600
2024-08-15,50.857460021972656,51.06632138748383,50.1454365903174,50.1454365903174,1861700
2024-08-16,50.9144287109375,51.0283514583019,50.48721388139744,50.80050234203425,1070900
2024-08-19,51.30366516113281,51.5030308630463,50.89543808300217,50.914425810070874,1252400
2024-08-20,51.00935745239258,51.37011699977623,50.96188994862751,51.13277585941248,1351600
2024-08-21,50.572654724121094,51.493539582297316,50.37328901921862,51.29417025585615,1620700
2024-08-22,50.819488525390625,51.037841960176145,50.66759032634249,50.75303328965324,1186300
2024-08-23,51.104305267333984,51.23721575038187,50.648607008971155,51.047342079653866,693800
2024-08-26,51.151771545410156,51.66442573600538,51.075820630335926,51.38911272270869,1019100
2024-08-27,50.83847427368164,51.379611813068806,50.74353926104967,51.265689073602715,1209000
2024-08-28,50.75303649902344,51.06632859148679,50.439748028099054,50.734048770249395,1054200
2024-08-29,50.93341064453125,51.18973589155502,50.145436312854315,51.10429655690605,1020500
2024-08-30,51.66089630126953,51.78533162601248,51.00998978920812,51.15356985271588,2402700
2024-09-03,54.465538024902344,55.40360833950125,51.009991096250715,51.11528533641239,7793400
2024-09-04,53.36473846435547,55.059009522837044,52.71383194522744,54.369813525763696,3830100
2024-09-05,53.42217254638672,53.87206113090869,53.16372404813677,53.69019158835603,2208500
2024-09-06,53.38388442993164,53.8912072441643,53.24987490552948,53.43174445272017,1687900
2024-09-09,53.546607971191406,54.178369750919956,53.15414995123103,53.47960321057516,2119100
2024-09-10,52.40752410888672,53.78591246954453,52.16822034583244,53.68062188104858,1670100
2024-09-11,51.53645706176758,52.39795204435543,50.83769053210656,52.37880730568842,1373900
2024-09-12,51.986351013183594,52.0725005142951,50.86640749873403,51.30672554819921,1101700
2024-09-13,52.58939743041992,53.3264535117292,52.08207458479228,52.23522885808473,1091600
2024-09-16,53.12543487548828,53.31687861434572,52.69468737593044,52.933991136630844,1240000
2024-09-17,53.68062210083008,54.04436119309215,53.010570831237615,53.21158511666966,1397400
2024-09-18,52.97228240966797,53.958212768686515,52.93399293030192,53.55618418980018,1597400
2024-09-19,52.9531364440918,53.8242019963323,52.76169270317931,53.24987442508045,2215600
2024-09-20,52.15864944458008,53.422173012730326,51.89062674878551,52.32137424962891,7048200
2024-09-23,52.704261779785156,53.16372456397013,51.88105625547998,51.99592103865482,1658000
2024-09-24,52.27351760864258,52.953139458660765,52.139508077820494,52.83827466816839,1590800
2024-09-25,52.263938903808594,52.56067687608999,51.8140503250739,52.378807335876864,1842100
2024-09-26,52.97228240966797,53.02971662871705,52.47453013236651,52.54153489551423,1321400
2024-09-27,54.39853286743164,54.637836629153966,53.31687884203077,53.43174362524151,2464400
2024-09-30,55.05900955200195,55.36531807275556,53.98692972936433,54.56125729290594,2369800
2024-10-01,54.89628219604492,55.279169680399534,54.65697843119471,54.963286958084126,1795900
2024-10-02,53.919921875,54.915422684589345,53.60403917713603,54.69526367614721,1596400
2024-10-03,53.15414810180664,53.814628792737075,52.69468533721639,53.623185061286435,1417000
2024-10-04,53.67104721069336,53.88163568879278,53.12543492787726,53.12543492787726,997800
2024-10-07,52.685115814208984,53.63275664344093,52.302228343892004,53.63275664344093,1053700
2024-10-08,51.66089630126953,52.21607911950687,51.23971935141476,51.95763062341023,1939400
2024-10-09,51.986351013183594,52.656398631289015,51.73747305375673,51.82362255486824,1199800
2024-10-10,52.062923431396484,52.33094246377383,51.699180707823345,52.33094246377383,1148000
2024-10-11,52.120361328125,52.5415346446837,51.98635180246931,52.0916423929947,823400
2024-10-14,52.50324249267578,52.685115683794635,51.98634915595855,52.196933977774634,1046300
2024-10-15,52.15864944458008,53.0775750120556,51.852337270602625,52.254369488551674,1587000
2024-10-16,53.69976043701172,53.881633625309036,52.168217886265985,52.168217886265985,1729100
2024-10-17,53.65189743041992,54.04435541542017,53.173289953517894,53.65189743041992,1389800
2024-10-18,53.60404586791992,54.08265342031206,53.30730787090189,53.93906969400008,1728800
2024-10-21,53.33602523803711,53.98693178226117,53.32645104243885,53.44131948070361,1339200
2024-10-22,53.4796028137207,53.757196049348394,52.8382704950142,53.364738032300316,1314300
2024-10-23,53.642330169677734,53.728479666850625,52.86698469512172,53.12543318664039,1369100
2024-10-24,53.69976043701172,53.74762410855447,53.18286710831345,53.58489565857716,1327200
2024-10-25,53.38388442993164,53.872062504751746,53.24030071008036,53.699763501524494,1277800
2024-10-28,53.613609313964844,54.03478624125777,53.374305569452176,53.56574929535938,891500
2024-10-29,53.39345169067383,53.7954838906446,53.25944217451206,53.35516586568865,1187600
2024-10-30,53.106292724609375,53.77634401752282,53.00099848053195,53.39345652114777,1631400
2024-10-31,52.139503479003906,53.498747059152066,52.110784545299495,53.16372326164668,1203200
2024-11-01,52.64683151245117,52.828701070413814,52.07250390200061,52.407527732849125,1736300
2024-11-04,53.326446533203125,53.517890262637025,52.646824762623936,52.72340371499166,1617000
2024-11-05,53.584896087646484,53.60404082611979,52.87655902156178,53.163722795690326,1378000
2024-11-06,54.10179901123047,55.51847695040738,53.24030394278496,54.752705584836875,3221000
2024-11-07,54.30280685424805,55.63333512840051,50.26335836030048,50.30164783689843,3006100
2024-11-08,57.01172637939453,57.9689413737676,55.22173171084739,55.470609654216226,3632600
2024-11-11,57.9115104675293,58.88787025573865,56.69584691705743,56.95429541847923,2363900
2024-11-12,59.242034912109375,59.309039669025026,57.44246971562443,57.78706769489659,2303500
2024-11-13,61.14689636230469,61.30005061910035,59.270752152201034,59.34733110634161,2889300
2024-11-14,60.04610061645508,61.53935743306594,59.95038057050602,61.462778475118135,2071400
2024-11-15,59.74936294555664,60.29497889508713,59.23246958263603,60.18011045756191,2245600
2024-11-18,59.22289276123047,60.13224776814734,59.17503274012654,59.778079230195594,1448300
2024-11-19,58.19867706298828,59.08888739372154,58.00723331363426,58.90701784015242,1741800
2024-11-20,57.79664611816406,58.3518289520105,57.06916063058999,58.16038521046545,1573500
2024-11-21,57.88279724121094,58.2465363437046,57.73921351815739,57.82536302169237,1331500
2024-11-22,57.77750015258789,58.31353823575435,57.58605641510605,57.87322019558602,1488300
2024-11-25,58.07423782348633,59.55792413585856,58.0550967349721,58.23696628774359,2848800
2024-11-26,58.7825813293457,58.916590864087865,57.77750616729352,58.10295945944704,2132700
2024-11-27,58.62942123413086,59.41433727526895,58.533701190669376,59.021879254699904,1438000
2024-11-29,59.40476989746094,59.758938458926366,58.39969113012225,58.629424358753155,988200
2024-12-02,59.16546630859375,59.90252236957459,58.78257881017993,59.53877961123004,1874700
2024-12-03,58.849578857421875,59.634494879915785,58.17952761465047,59.28989688926275,2099400
2024-12-04,59.11759567260742,59.82593636583245,58.77300134638794,58.89743666495941,1795200
2024-12-05,58.773006439208984,59.47177299833345,58.638993262889244,59.3377634734994,1524900
2024-12-06,58.93690872192383,62.205285235544316,58.686234390126494,61.54968421492754,2207000
2024-12-09,59.36111831665039,59.862463271190265,58.8115678944866,58.91762212996407,1811600
2024-12-10,59.38040542602539,59.65035900602619,58.94654883113719,59.39004504909327,1591100
2024-12-11,59.18757629394531,59.901029726708934,59.177936671458895,59.7082041764073,1583100
2024-12-12,58.753719329833984,59.73712631969701,58.55125415840845,59.60214953874665,1793000
2024-12-13,58.879058837890625,59.52502390115454,58.50305102514131,58.65731073493184,1326500
2024-12-16,57.4617919921875,58.80192751301756,57.42322982529103,58.66694705643507,1781800
2024-12-17,57.124351501464844,57.86672748130587,56.67121200884775,57.13399112397434,1688000
2024-12-18,56.22771072387695,57.452148630804174,56.18914488164905,56.84474948815877,1731300
2024-12-19,56.54587936401367,56.806189631879306,56.00596854945344,56.343410509902625,1437300
2024-12-20,57.21112060546875,57.30753153820541,56.179508178252846,56.488027576419775,4913500
2024-12-23,56.468746185302734,56.96045151797846,55.842064071999616,56.902602750063245,1532800
2024-12-24,56.49766540527344,56.79654517181653,56.14094055206093,56.324122789582766,737800
2024-12-26,56.22771072387695,56.52659048438146,56.092733953920444,56.304842408332746,1131400
2024-12-27,55.74565124511719,56.40125588121157,55.437131849054104,55.82278293305361,966900
2024-12-30,54.83938217163086,55.69745206869364,54.73332792766279,55.6106807488872,1362100
2024-12-31,55.26359176635742,55.562471554071585,54.906866887876404,54.906866887876404,928500
2025-01-02,55.14789962768555,55.880632330379456,54.98399661710197,55.65888422722418,954700
2025-01-03,53.287139892578125,54.54050049745866,52.544763888048195,54.222341454283885,3210100
2025-01-06,53.9523811340332,54.65619125152358,53.26785393894767,53.383547795535314,1805700
2025-01-07,53.21000671386719,54.65619283557103,53.18108416834239,54.08735948058719,1410000
2025-01-08,53.59566116333008,53.69207210632581,52.785796737504015,52.882207680499754,1505300
2025-01-10,50.55866622924805,53.52817020788573,50.32727850598682,52.930414298645736,2681600
2025-01-13,51.879520416259766,52.1205514471659,50.04768311023646,50.53938479503466,2067100
2025-01-14,52.245880126953125,52.46762821363808,51.58063586689825,51.92772110791516,1676000
2025-01-15,52.515838623046875,53.13287743179306,52.371218543191375,52.94005188459953,1556300
2025-01-16,53.007545471191406,53.08467716876722,52.08198716733231,52.16875848818421,1484700
2025-01-17,53.248573303222656,53.52817017333761,52.76651125592442,53.007542279573535,1944800
2025-01-21,53.74028015136719,53.7981252448393,53.2485747898044,53.44140034967526,1620800
2025-01-22,52.911128997802734,53.7402762708872,52.86292353077625,53.61493911434524,1350500
2025-01-23,52.10126495361328,53.00754024370354,51.937361951349324,52.911129309083385,1532200
2025-01-24,53.18108367919922,53.42211469726626,52.2073199844586,52.2073199844586,1707100
2025-01-27,54.62726974487305,55.10933178063008,53.692068218595146,53.692068218595146,1991700
2025-01-28,52.930416107177734,54.46337361806746,52.8147185637524,54.39588154548184,1498400
2025-01-29,52.97861862182617,53.547451972814116,52.82435891704172,53.0075411671478,1233700
2025-01-30,53.248573303222656,53.76920119698673,52.650817394368474,53.42211593447735,1063000
2025-01-31,52.78579330444336,53.614940600511176,52.708661612789854,52.940053009908894,1497600
2025-02-03,51.474586486816406,52.32301674729644,50.79969886320369,51.667412047540275,1487200
2025-02-04,51.05036926269531,51.49386544370514,50.867183339091106,51.23355150845814,1248900
2025-02-05,51.368526458740234,51.64812330640596,50.838258984856395,51.32996429321216,1291800
2025-02-06,52.400142669677734,52.612251145777066,51.56135574358544,52.564045676983994,1844400
2025-02-07,52.31337356567383,53.026827038625676,51.96629196898983,52.940055719994255,1721700
2025-02-10,51.725257873535156,52.35193631289849,51.436017709999746,52.35193631289849,2012000
2025-02-11,52.06270217895508,52.26516736030236,51.09857806452998,51.8602369976078,1931900
2025-02-12,51.53242874145508,52.525475288513405,50.847901581402084,52.525475288513405,4274700
2025-02-13,56.43982696533203,56.80619148352122,53.80776855450981,55.17682304191936,6160800
2025-02-14,58.19453048706055,58.32950727080281,56.83511567133401,57.19184055377305,3271600
2025-02-18,58.4548454284668,58.5416167449006,57.124353135762256,57.99206630010034,2888800
2025-02-19,57.982421875,58.37771260267876,57.18220079704414,58.37771260267876,2664500
2025-02-20,58.233097076416016,58.37771348462485,57.36538391579675,57.992066051559725,1730200
2025-02-21,58.16560745239258,58.74408042866552,57.73175088126713,58.51268903145145,2169300
2025-02-24,59.00439453125,59.34183648868348,57.529282185425735,58.07883629556832,2345900
2025-02-25,58.638031005859375,59.53466676718768,58.136686002268355,59.36112412448918,2827900
2025-02-26,59.83354568481445,59.90103408064923,58.65731305253665,58.87906116425691,3106000
2025-02-27,59.784969329833984,60.26099316508476,59.221508309928424,60.008409618652784,2175300
2025-02-28,59.54209518432617,60.46500324448568,58.78433718135877,60.19298593571723,3533600
2025-03-03,59.54209518432617,60.066696023478826,59.143787963319326,59.5518083676109,1708000
2025-03-04,57.880863189697266,59.619812067155976,57.78371282682609,59.38665860807999,2474000
2025-03-05,57.608848571777344,58.30831639350808,56.899667566259275,57.968295666430045,2449900
2025-03-06,57.705997467041016,58.007154333564095,56.97738640662841,57.705997467041016,1500100
2025-03-07,60.09584045410156,60.8050214367875,57.47283991296659,57.47283991296659,3101300
2025-03-10,61.11589813232422,62.81599438299392,60.36785696792,60.36785696792,3412100
2025-03-11,58.6774787902832,61.43648614968661,58.36660503479331,61.203328980115444,3142200
2025-03-12,57.68656539916992,58.551183234681275,57.385404837153914,58.24030948946163,1689900
2025-03-13,57.08424758911133,58.14316250333614,57.045391148133625,57.822575556301466,1917200
2025-03-14,57.91971969604492,58.21116337318128,57.11339206577075,57.11339206577075,1666700
2025-03-17,57.67685317993164,58.609478197009004,57.404839557317395,58.114020577638584,2242300
2025-03-18,57.25911331176758,57.80314423872938,57.093963249921096,57.56027388478514,1921900
2025-03-19,56.627655029296875,57.064822426216026,56.07391089516851,57.064822426216026,2245800
2025-03-20,57.30768966674805,57.98772368499045,56.58879179701077,56.58879179701077,3165400
2025-03-21,57.210540771484375,58.32774589740477,56.76366020347923,57.463128018379486,8355700
2025-03-24,57.5797004699707,57.77399748253823,56.7927992367305,57.696277195148305,1929700
2025-03-25,57.08424758911133,57.637995417457724,56.65679709109591,57.511701793034334,1295300
2025-03-26,58.83292007446289,58.98835696384966,57.15225754987226,57.23968732586379,1969700
2025-03-27,59.22150421142578,59.29922450089235,58.609473608459744,58.92034735451127,1548200
2025-03-28,58.803768157958984,59.58095624535271,58.53175455091566,59.38665922350428,1594300
2025-03-31,59.13407516479492,59.9209764779587,58.590047921439115,58.590047921439115,1984300
2025-04-01,59.49352264404297,59.61009937454063,58.434607768428265,59.33808576807693,1794600
2025-04-02,60.18327713012695,60.46500764267303,59.06607196984157,60.19299031411821,1622300
2025-04-03,60.67873001098633,61.68907160063503,59.6975353846307,60.15412914260248,4413200
2025-04-04,59.40609359741211,61.28105313807188,59.202079671451095,60.0861276642564,3780100
2025-04-07,58.63861846923828,60.38728426512318,57.47284003667919,57.880864155733235,3220900
2025-04-08,56.84137725830078,60.36785591288718,56.180773290459186,59.72667831259034,3171600
2025-04-09,58.85234451293945,59.85296916092374,56.103050394428855,56.122480466979965,3625700
2025-04-10,58.24031448364258,59.44494942319085,57.08424917018478,58.376321295600505,1876300
2025-04-11,58.95920944213867,59.19236662696947,57.08424989705521,58.07516144724759,2583000
2025-04-14,58.93006134033203,59.658672387421156,58.49289397089707,59.29922530851127,1563100
2025-04-15,57.8128547668457,59.17293016882589,57.463124586191995,59.04663655292167,3556300
2025-04-16,57.03567123413086,59.10492762220493,56.94823776122893,58.318026366087565,1893100
2025-04-17,57.07453536987305,57.99744349150359,57.006531964628365,57.58941935412784,1549300
2025-04-21,56.27791976928711,57.0259609181919,55.10242812353998,57.0259609181919,1915000
2025-04-22,57.317405700683594,57.66713961654824,56.56936453750813,56.74423149544045,1714700
2025-04-23,57.025962829589844,57.842007409755674,56.2779216556122,57.61856711715056,2052300
2025-04-24,56.68593978881836,56.97738718167386,56.2973494415236,56.76366008182184,1296400
2025-04-25,55.18014907836914,56.734521719365986,54.70412521333283,56.68594467909432,2273100
2025-04-28,55.0829963684082,55.869893934159236,54.830409127966355,55.335579902942584,1520000
2025-04-29,55.43273162841797,55.46187488537418,54.47096338387984,54.76240707116464,1734600
2025-04-30,55.88932418823242,56.08362121091617,54.84983937866797,55.75331738412604,2425500
2025-05-01,55.617313385009766,56.17105751874598,55.34529976307834,55.90875708078025,1701300
2025-05-02,55.91847229003906,56.355635967602126,55.7338884470695,56.28763256416309,1859800
2025-05-05,55.8018913269043,56.151625230399134,55.36472765344325,55.821321399977066,1785200
2025-05-06,55.27729415893555,55.607597989246266,54.8789869258468,55.403584075004716,2051200
2025-05-07,55.2190055847168,55.82132304408268,54.91784500208004,55.82132304408268,3406400
2025-05-08,52.712581634521484,53.5480562711085,49.64270041309723,50.85705222071613,6871000
2025-05-09,53.0720329284668,53.849217351346226,52.45999857411465,52.45999857411465,3314500
2025-05-12,53.382904052734375,54.043511705928644,52.673723070374415,53.64520447731805,4661300
2025-05-13,53.606346130371094,53.99494018855072,53.130318594396435,53.38290584398547,3421500
2025-05-14,53.90750503540039,54.15037538773775,53.363474112038006,53.45090758711576,3284500
2025-05-15,54.665260314941406,54.927560744810485,53.888075914907596,54.13094627153738,3117000
2025-05-16,55.22871780395508,55.257864766867364,54.59725709810459,54.96642107909733,2228700
2025-05-19,54.99556350708008,55.325867336482354,54.37381599430109,55.03442365310564,2668000
2025-05-20,55.32586669921875,55.92818413204724,54.84012599721667,54.87898614279462,2616800
2025-05-21,54.053226470947266,55.199574861154474,53.82978618552146,55.05385116348619,3272100
2025-05-22,52.76115798950195,54.101799699529074,52.654294438867716,53.8977894879042,3318800
2025-05-23,52.46971130371094,53.0234591377443,52.2365578318199,52.48914137735313,2179200
2025-05-27,52.64457321166992,52.926303693600694,52.314269403245945,52.897160438886225,2520900
2025-05-28,51.44965744018555,52.634866012067626,51.40108410817071,52.41142572007321,2981400
2025-05-29,52.168556213378906,52.27541976911636,50.85705399192986,51.546808659169464,2623400
2025-05-30,52.06169128417969,52.33370490549328,51.68281410994787,52.139407873451724,3500600
2025-06-02,51.362220764160156,51.809105026249114,50.75990333165868,51.634238077150705,2116000
2025-06-03,51.26507568359375,51.46908589518343,50.19644388334325,51.22621553684117,2401900
2025-06-04,51.26507568359375,51.750816400278275,50.89591170125939,51.22621553684117,1907600
2025-06-05,50.38102722167969,51.20678494939042,50.08958353577634,51.19707176575357,2937600
2025-06-06,50.97904968261719,51.06728280281375,50.47906449470387,51.06728280281375,1918900
2025-06-09,51.07708740234375,51.25355365165619,50.72415864351986,51.06728538396016,2395500
2025-06-10,51.18492889404297,51.50845160144829,50.782978819261245,51.08689374987222,1611500
2025-06-11,50.7437629699707,51.273161720930226,50.52808490609168,51.21434213069095,2004200
2025-06-12,50.50847625732422,50.71435229920901,50.16534578104863,50.53788605193606,1815600
2025-06-13,49.596736907958984,50.479068174239764,49.410468636100184,50.21436879435553,1993800
2025-06-16,48.64577865600586,49.99868530553519,48.390885043097896,49.99868530553519,2836300
2025-06-17,48.371280670166016,49.06733995035202,48.32226309575032,48.390888447892536,2988500
2025-06-18,47.8516845703125,48.890870544334724,47.792861240918405,48.50852825277553,3016300
2025-06-20,47.10660171508789,48.086968051467665,46.89092366414888,48.00854068925369,4635500
2025-06-23,47.10660171508789,47.390908850190215,46.479167858172964,46.959549008511395,2881200
2025-06-24,47.27326583862305,47.78305678125607,47.00856647957509,47.23405028769725,2846700
2025-06-25,46.3125114440918,47.24385655361946,46.12623943034537,47.185036961742576,2772700
2025-06-26,46.3125114440918,47.204644738968575,46.26349013112625,46.48897395952355,2633500
2025-06-27,46.50857925415039,46.64583368740582,46.01839606906946,46.01839606906946,3322400
2025-06-30,47.145816802978516,47.283067490355336,46.371326507294185,46.381132264850095,3795600
2025-07-01,48.1065788269043,48.86146140176739,47.07719485747316,47.24385534994632,3076600
2025-07-02,48.567352294921875,48.88106924335907,48.067363337236884,48.41049382070327,2909400
2025-07-03,48.46931457519531,49.018321118045826,48.36147741016855,48.69479840356219,1466400
2025-07-07,48.0379524230957,48.51833359283907,47.71442972391735,48.2340264462522,2422100
2025-07-08,48.410491943359375,48.7438166556228,47.537966480617115,47.7634502948246,2429400
2025-07-09,48.577152252197266,48.832049599362456,47.96932615786628,48.39088399065413,2234700
2025-07-10,48.83205032348633,49.390858856203074,48.018344439824546,48.106577562874605,1972200
2025-07-11,49.01831817626953,49.20458643901104,48.07716736483737,48.33206097384158,1782000
2025-07-14,48.49872589111328,48.86146040363992,47.94971937339115,48.81244283272566,1656500
2025-07-15,48.08696746826172,48.63597395630424,47.95951879893385,48.4987232692438,2043800
2025-07-16,48.7046012878418,48.832049962371826,47.95952075652875,48.037951860793655,1749900
2025-07-17,49.35164260864258,49.4202679545148,48.586958046180214,48.66538541011953,2108500
2025-07-18,49.07714080810547,49.841825364069685,48.96929991127958,49.63594932820253,1903400
2025-07-21,48.979103088378906,49.479092032804026,48.8712621890009,49.25360821583226,1918200
2025-07-22,50.626121520996094,50.626121520996094,49.096752293512026,49.096752293512026,2435100
2025-07-23,51.0574836730957,51.126109021597095,50.606512288913834,50.92022923629192,2622400
2025-07-24,49.871238708496094,51.037877141072634,49.841828912649994,50.84180310922942,2377300
2025-07-25,50.18495559692383,50.26338670547747,49.77320349642051,50.06731267389446,1976500
2025-07-28,48.93988800048828,49.89084458788414,48.65558459192126,49.65555875046309,1996400
2025-07-29,49.62614440917969,49.66535996137933,48.77322671774231,48.998710533188934,2118100
2025-07-30,48.35166931152344,49.75359352683306,48.165401046618314,49.537911727615906,2244000
2025-07-31,47.763450622558594,48.292845618773455,47.086995435493705,47.528161048840175,4733200
2025-08-01,47.26346206665039,48.42029468895745,47.1458191487313,48.3418673236117,3089500
2025-08-04,47.65561294555664,48.13599040383171,47.165429728654885,47.33209022729693,3763000
2025-08-05,48.25363540649414,50.08691952741664,47.008569629672664,48.07716915530363,5773800
2025-08-06,49.22419357299805,49.410465573110784,47.72423425310532,48.243827222260144,3744800
2025-08-07,48.52813720703125,49.498701596684334,48.36147671273787,49.469288061372936,3500600
2025-08-08,49.69477081298828,50.03790129233466,48.77322775549423,48.80263755036927,2560900
2025-08-11,49.322235107421875,50.07711768690844,48.724211002906486,49.675163871256224,3348100
2025-08-12,50.037899017333984,50.63592308461016,49.36144384755564,49.557517864010244,2667500
2025-08-13,50.69474411010742,50.93003368448926,49.66536016926384,49.77320106836381,2565100
2025-08-14,50.22417068481445,50.606512985960244,49.567326985882154,50.39083491904273,1661000
2025-08-15,50.410438537597656,50.724159226492795,50.17515269567759,50.40063651910141,1514100
2025-08-18,50.11632537841797,50.596706522140884,49.98888044910026,50.3025973732374,2091900
2025-08-19,50.53788757324219,51.12610966179249,50.13593749564329,50.14574325400971,1942700
2025-08-20,50.31240463256836,51.10650278315864,50.24377928200142,50.75357027178518,2510300
2025-08-21,50.724159240722656,50.81239236641769,49.61634416028522,49.98888443986437,2213800
2025-08-22,51.77315139770508,51.90059633819884,50.792784988854926,50.93003568772578,1717400
2025-08-25,50.596710205078125,51.77315062612594,50.430045973360855,51.547666804226935,1440600
2025-08-26,49.34184265136719,50.4202441942286,49.26341154435129,50.273187738474306,2653000
2025-08-27,50.12613296508789,50.28299143288039,49.28301729827791,49.28301729827791,2029800
2025-08-28,49.23400115966797,50.381028037535025,48.812443314007176,50.381028037535025,2054200
2025-08-29,49.49870300292969,49.939864907322416,49.15557250642281,49.41046987409091,1714600
2025-09-02,49.26340866088867,49.410465108035524,48.4497028023308,48.57715147387135,2358200
2025-09-03,48.83205032348633,49.23400038631418,48.6555840773862,49.096749692636514,2477500
2025-09-04,48.930084228515625,49.077140676483964,48.5281341758431,48.988907555663125,1866000
2025-09-05,49.87028503417969,50.13750075061407,48.910288250176855,48.969670778946636,1787900
2025-09-08,49.36554718017578,49.6723474764228,48.94987702589969,49.57338036963727,1983400
2025-09-09,48.93998336791992,49.79111410437382,48.791528927709315,49.52389837720667,2060300
2025-09-10,48.544105529785156,48.742043517413805,48.02946827209192,48.71235414064309,2613900
2025-09-11,48.62328338623047,48.91028951096669,48.34616868684789,48.81132240248567,1953700
2025-09-12,47.92060470581055,48.28679132352078,47.56432083979892,48.158131058504935,2467300
2025-09-15,47.3267936706543,48.098747696725546,47.11896047522792,47.96019223310796,2454000
2025-09-16,46.94081497192383,47.64349124095243,46.4855602434281,47.336690946917656,2758800
2025-09-17,46.37669372558594,47.5049353357536,46.28762182081728,47.05957581191029,2404000
2025-09-18,46.416282653808594,46.752776100960176,45.941229972244976,46.267828218900824,2142100
2025-09-19,46.08968734741211,46.73298490591369,45.871955169084806,46.663707171964695,5386100
2025-09-22,44.62495040893555,45.83236876751795,44.61505520820186,45.62453179857856,3558300
2025-09-23,43.6352653503418,44.94165085151409,43.536298239028525,44.94165085151409,3732100
2025-09-24,44.842681884765625,45.001031521526876,43.34825364843778,43.447224531009276,3645700
2025-09-25,43.95196533203125,45.139589563338234,43.843099242653054,44.96144573987452,3217800
2025-09-26,44.36763381958008,44.62495056846095,44.01134618624255,44.20928040444943,2154400
2025-09-29,45.28804016113281,45.41670042795416,44.258769352622075,44.42701419932023,2587200
2025-09-30,44.78329849243164,45.00103065454097,44.09051742919081,44.83278204508747,2763400
2025-10-01,45.55525588989258,45.74329868953434,44.97134086406151,45.41670042195865,2804000
2025-10-02,45.70370864868164,46.218345921565074,45.347421015504395,45.347421015504395,2467900
2025-10-03,45.91154098510742,46.00061289173751,45.52556398149473,45.634430064637414,1684200
2025-10-06,45.179176330566406,45.81257489157171,45.16927735441451,45.77298653767057,2297300
2025-10-07,45.70370864868164,45.99071855044699,45.24845390644548,45.52556483209302,2171200
2025-10-08,45.12968826293945,45.81257414283709,45.09999888567544,45.70370805906482,2035900
2025-10-09,45.53546142578125,45.62453333680026,44.87237346902567,45.248455290589625,2343800
2025-10-10,45.49587631225586,46.099585504816346,45.22866058233466,45.84226497584633,2168700
2025-10-13,45.55525588989258,45.91154353621029,45.19896824357486,45.32762851037923,2061100
2025-10-14,46.2480354309082,46.33710733945615,45.33752594384311,45.51566976093902,2144500
2025-10-15,45.891746520996094,46.56473341679412,45.09010314170221,46.10947868591696,2663300
2025-10-16,46.554840087890625,46.71318973001189,45.93133672032109,46.06989218525804,1840100
2025-10-17,46.84185028076172,47.029889302133846,46.2183469093756,46.70329103962335,1872600
2025-10-20,46.1193733215332,46.871536913672394,46.09958292074018,46.8517427375263,1610800
2025-10-21,46.05999755859375,46.277725959629215,45.72350409297169,46.05009858220154,2106700
2025-10-22,46.10947799682617,46.75277550610407,45.693807849585035,45.8125729061414,1452000
2025-10-23,45.14948272705078,46.079790157680605,44.89216597996684,46.02040762742131,1846400
2025-10-24,44.97134017944336,45.48597746347292,44.684334046815174,45.228660709134786,2429200
2025-10-27,44.80309295654297,45.14948160271331,44.69422687478855,44.96144259127128,2184900
2025-10-28,44.76350784301758,45.10000131308235,44.387426017567925,44.58536401913897,1994000
2025-10-29,43.06124496459961,44.46660133386402,43.02166038580946,44.367634223858786,2637400
2025-10-30,43.19980239868164,43.664952326690425,42.972171259547,43.061243164970485,2416300
2025-10-31,43.269081115722656,43.4274307539404,42.49712332597711,42.88310410852647,2191300
2025-11-03,42.77423858642578,43.180009775650156,42.52681703749986,43.10083306782431,3383300
2025-11-04,43.2195930480957,44.61505416620556,42.497122600107765,42.754443117412194,5524400
2025-11-05,44.71402359008789,45.05051705491212,42.97217373381423,43.011762088582564,4004600
2025-11-06,43.6352653503418,45.36721622579708,43.56598761735185,44.367634810261194,4487900
2025-11-07,45.8521614074707,45.88185078402984,43.84309594408424,44.16969418764697,4323900
2025-11-10,46.356903076171875,46.59442943207623,45.79278222817154,45.91154351844704,2972500
2025-11-11,46.67359924316406,47.26740943014977,45.74329561012562,46.54493898502102,2889000
2025-11-12,45.49587631225586,47.37627784730213,45.466183158695756,47.05957856191848,4112800
2025-11-13,46.396488189697266,46.812154564295945,45.347419502060035,45.52556331270321,4230400
2025-11-14,45.96102523803711,46.7626724099055,45.37711023576701,46.465767308405304,2776700
2025-11-17,45.14948272705078,46.21834561959913,45.13958752635082,45.86205798874968,3771200
2025-11-18,45.970924377441406,46.22824112622822,45.03072173988955,45.456287104514566,2987600
2025-11-19,44.80309295654297,45.832367469953546,44.72391625150227,45.297936036988084,2982300
2025-11-20,45.001033782958984,45.51567107213334,44.615056759916556,44.67443551709026,2456200
2025-11-21,45.634429931640625,46.11937404104982,45.05051493995691,45.30783168316441,4134100
2025-11-24,45.75319290161133,46.21834662706565,44.87237278134075,45.39690526299553,18871200
2025-11-25,45.91154098510742,46.79236107547549,45.7432961477801,46.19855088151029,3789100
2025-11-26,46.1292724609375,46.61421656450145,45.72350128688573,45.81257319218261,2860000
2025-11-28,46.030303955078125,46.347007015528376,45.91154266700508,46.04020293137363,1517300
2025-12-01,46.426177978515625,46.79236080348723,45.82246881212672,45.97092324743167,3004800
2025-12-02,46.020408630371094,46.28762435933177,45.387010061880574,46.19855244967821,5180400
2025-12-03,45.763092041015625,46.643912164426126,45.72350368650535,45.86205915193802,4535000
2025-12-04,45.099998474121094,46.15896237421002,44.9515440384494,45.62453093621566,2897100
2025-12-05,45.130001068115234,45.619998931884766,44.959999084472656,45.0,2882800
